# kappa, training_loss
0.000000000000000000e+00,3.382081091403961182e-01
3.459628369156486083e-01,2.636418044567108154e-01
4.392523541701039980e-01,2.443223893642425537e-01
4.954405753566595849e-01,2.287219762802124023e-01
5.357763150463283885e-01,2.169269472360610962e-01
5.672637522769239382e-01,2.063137590885162354e-01
5.930950213984054198e-01,1.972076296806335449e-01
6.149960495598807420e-01,1.889730095863342285e-01
6.340063755275553437e-01,1.815786808729171753e-01
6.508008686183767155e-01,1.748077869415283203e-01
6.658425764193509622e-01,1.685231477022171021e-01
6.794630340823816228e-01,1.626440584659576416e-01
6.919077872874166424e-01,1.572310179471969604e-01
7.033637773663500292e-01,1.521677970886230469e-01
7.139766241685853165e-01,1.473884284496307373e-01
7.238619730255126949e-01,1.428583860397338867e-01
7.331131958061187781e-01,1.385269314050674438e-01
7.418067673437699350e-01,1.344027370214462280e-01
7.500061115554571556e-01,1.304946839809417725e-01
7.577644119105257925e-01,1.267592608928680420e-01
7.651267038617906024e-01,1.232256069779396057e-01
7.721314587172553034e-01,1.198512092232704163e-01
7.788118004265414118e-01,1.166235655546188354e-01
7.851964528680592803e-01,1.135187745094299316e-01
7.913104862367159598e-01,1.105403155088424683e-01
7.971759115863207290e-01,1.076678782701492310e-01
8.028121591516160782e-01,1.048942506313323975e-01
8.082364666896064698e-01,1.022437959909439087e-01
8.134641974181391344e-01,9.970039129257202148e-02
8.185091023333873617e-01,9.724616259336471558e-02
8.233835381891937422e-01,9.488201141357421875e-02
8.280986498380630279e-01,9.259581565856933594e-02
8.326645237049763448e-01,9.038771688938140869e-02
8.370903177102294590e-01,8.825737237930297852e-02
8.413843718492283186e-01,8.620212972164154053e-02
8.455543027853225091e-01,8.421402424573898315e-02
8.496070851514696542e-01,8.229201287031173706e-02
8.535491217406495634e-01,8.043356984853744507e-02
8.573863043588985100e-01,7.863155752420425415e-02
8.611240667929865866e-01,7.688347995281219482e-02
8.647674310879751580e-01,7.517713308334350586e-02
8.683210481237189082e-01,7.352839410305023193e-02
8.717892333128790527e-01,7.193113118410110474e-02
8.751759981078014450e-01,7.038436830043792725e-02
8.784850778932074000e-01,6.888389587402343750e-02
8.817199567510665137e-01,6.742315739393234253e-02
8.848838895093302792e-01,6.600604206323623657e-02
8.879799214243446759e-01,6.462848931550979614e-02
8.910109057952988465e-01,6.328389793634414673e-02
8.939795197660829196e-01,6.198225542902946472e-02
8.968882785338736507e-01,6.071601808071136475e-02
8.997395481534220529e-01,5.948449671268463135e-02
9.025355571003684796e-01,5.829103663563728333e-02
9.052784067351745678e-01,5.713090300559997559e-02
9.079700807907640225e-01,5.600507929921150208e-02
9.106124539911777394e-01,5.490994453430175781e-02
9.132072998950389042e-01,5.384482815861701965e-02
9.157562980460198787e-01,5.280896648764610291e-02
9.182610405025087852e-01,5.179924517869949341e-02
9.207230378100543788e-01,5.081699416041374207e-02
9.231437244726915514e-01,4.986157640814781189e-02
9.255244639727745470e-01,4.893397539854049683e-02
9.278665533832982648e-01,4.803157597780227661e-02
9.301712276117759526e-01,4.715180024504661560e-02
9.324396633104344856e-01,4.629538208246231079e-02
9.346729824837258782e-01,4.546101391315460205e-02
9.368722558208421036e-01,4.464700818061828613e-02
9.390385057780117339e-01,4.385172203183174133e-02
9.411727094327915211e-01,4.307552427053451538e-02
9.432758011302940782e-01,4.231926053762435913e-02
9.453486749392934207e-01,4.158168286085128784e-02
9.473921869343682189e-01,4.086182266473770142e-02
9.494071573186603219e-01,4.016122967004776001e-02
9.513943724004232383e-01,3.947874158620834351e-02
9.533545864352821475e-01,3.881438821554183960e-02
9.552885233450053581e-01,3.816572949290275574e-02
9.571968783225919264e-01,3.753163293004035950e-02
9.590803193325774245e-01,3.691170737147331238e-02
9.609394885146632648e-01,3.630592301487922668e-02
9.627750034980490090e-01,3.571477904915809631e-02
9.645874586331985023e-01,3.513794764876365662e-02
9.663774261471894667e-01,3.457390516996383667e-02
9.681454572282619520e-01,3.402124717831611633e-02
9.698920830447127495e-01,3.347941115498542786e-02
9.716178157028463325e-01,3.295091539621353149e-02
9.733231491483043119e-01,3.243351355195045471e-02
9.750085600147447851e-01,3.192850202322006226e-02
9.766745084235173291e-01,3.143347054719924927e-02
9.783214387376916177e-01,3.094920329749584198e-02
9.799497802735314123e-01,3.047390282154083252e-02
9.815599479722626475e-01,3.000877797603607178e-02
9.831523430347650638e-01,2.955342270433902740e-02
9.847273535216196638e-01,2.910722233355045319e-02
9.862853549207505344e-01,2.866943925619125366e-02
9.878267106847458123e-01,2.824106253683567047e-02
9.893517727397744821e-01,2.782112918794155121e-02
9.908608819678863533e-01,2.741061896085739136e-02
9.923543686643463424e-01,2.700866572558879852e-02
9.938325529715387185e-01,2.661507204174995422e-02
9.952957452908665070e-01,2.622954174876213074e-02
9.967442466739721008e-01,2.585201896727085114e-02
9.981783491945136477e-01,2.548207342624664307e-02
9.995983363016430756e-01,2.511939406394958496e-02
1.001004483156257452e+00,2.476392872631549835e-02
1.002397056951022103e+00,2.441399917006492615e-02
1.003776317215095304e+00,2.407244779169559479e-02
1.005142516104422512e+00,2.373658865690231323e-02
1.006495898678415823e+00,2.340726181864738464e-02
1.007836703163776271e+00,2.308458089828491211e-02
1.009165161206166283e+00,2.276788279414176941e-02
1.010481498110403553e+00,2.245758660137653351e-02
1.011785933069793808e+00,2.215306088328361511e-02
1.013078679385188696e+00,2.185417339205741882e-02
1.014359944674316782e+00,2.155959419906139374e-02
1.015629931071899694e+00,2.127119526267051697e-02
1.016888835421037696e+00,2.098823711276054382e-02
1.018136849456315440e+00,2.070991136133670807e-02
1.019374159979058669e+00,2.043667994439601898e-02
1.020600949025135540e+00,2.016860060393810272e-02
1.021817394025686054e+00,1.990542188286781311e-02
1.023023667961131089e+00,1.964738406240940094e-02
1.024219939508794530e+00,1.939422450959682465e-02
1.025406373184459152e+00,1.914582028985023499e-02
1.026583129478143341e+00,1.890151388943195343e-02
1.027750364984392206e+00,1.866183802485466003e-02
1.028908232527332434e+00,1.842592842876911163e-02
1.030056881280755565e+00,1.819450780749320984e-02
1.031196456883453960e+00,1.796617358922958374e-02
1.032327101550039039e+00,1.774217188358306885e-02
1.033448954177450752e+00,1.752160862088203430e-02
1.034562150447356776e+00,1.730417460203170776e-02
1.035666822924632635e+00,1.709055714309215546e-02
1.036763101152098798e+00,1.687999628484249115e-02
1.037851111741686649e+00,1.667353883385658264e-02
1.038930978462190513e+00,1.647030562162399292e-02
1.040002822323762510e+00,1.627085171639919281e-02
1.041066761659288797e+00,1.607430912554264069e-02
1.042122912202790408e+00,1.588081382215023041e-02
1.043171387164971708e+00,1.569035276770591736e-02
1.044212297306046144e+00,1.550318859517574310e-02
1.045245751005951185e+00,1.531952340155839920e-02
1.046271854332069040e+00,1.513902470469474792e-02
1.047290711104553074e+00,1.496139727532863617e-02
1.048302422959365821e+00,1.478669140487909317e-02
1.049307089409120763e+00,1.461481861770153046e-02
1.050304807901820681e+00,1.444581709802150726e-02
1.051295673877579606e+00,1.427938882261514664e-02
1.052279780823408339e+00,1.411495357751846313e-02
1.053257220326145882e+00,1.395339798182249069e-02
1.054228082123608523e+00,1.379439514130353928e-02
1.055192454154030512e+00,1.363787148147821426e-02
1.056150422603862049e+00,1.348339114338159561e-02
1.057102071953991640e+00,1.333165075629949570e-02
1.058047485024453449e+00,1.318266801536083221e-02
1.058986743017679588e+00,1.303478144109249115e-02
1.059919925560353970e+00,1.288927718997001648e-02
1.060847110743919686e+00,1.274582650512456894e-02
1.061768375163794076e+00,1.260460074990987778e-02
1.062683793957341027e+00,1.246565207839012146e-02
1.063593440840642890e+00,1.232849340885877609e-02
1.064497388144123091e+00,1.219307351857423782e-02
1.065395706847059198e+00,1.206021104007959366e-02
1.066288466611025720e+00,1.192925684154033661e-02
1.067175735812313508e+00,1.180014014244079590e-02
1.068057581573351955e+00,1.167265418916940689e-02
1.068934069793182617e+00,1.154668349772691727e-02
1.069805265177008913e+00,1.142261270433664322e-02
1.070671231264859857e+00,1.130021922290325165e-02
1.071532030459400042e+00,1.117978058755397797e-02
1.072387724052912716e+00,1.106051634997129440e-02
1.073238372253488837e+00,1.094325166195631027e-02
1.074084034210448069e+00,1.082764379680156708e-02
1.074924768039019485e+00,1.071380171924829483e-02
1.075760630844306398e+00,1.060165930539369583e-02
1.076591678744561298e+00,1.049092318862676620e-02
1.077417966893795320e+00,1.038128323853015900e-02
1.078239549503742900e+00,1.027354132384061813e-02
1.079056479865203144e+00,1.016737241297960281e-02
1.079868810368784127e+00,1.006281841546297073e-02
1.080676592525062540e+00,9.959693998098373413e-03
1.081479876984185129e+00,9.857998229563236237e-03
1.082278713554924110e+00,9.758013300597667694e-03
1.083073151223212571e+00,9.659037925302982330e-03
1.083863238170166943e+00,9.561887942254543304e-03
1.084649021789623191e+00,9.465757757425308228e-03
1.085430548705195619e+00,9.371086955070495605e-03
1.086207864786876698e+00,9.277753531932830811e-03
1.086981015167191700e+00,9.185607545077800751e-03
1.087750044256923676e+00,9.094313718378543854e-03
1.088514995760420767e+00,9.004151448607444763e-03
1.089275912690500059e+00,8.915560320019721985e-03
1.090032837382960862e+00,8.827964775264263153e-03
1.090785811510718295e+00,8.741410449147224426e-03
1.091534876097570272e+00,8.655895479023456573e-03
1.092280071531609886e+00,8.571706712245941162e-03
1.093021437578292954e+00,8.488681167364120483e-03
1.093759013393168944e+00,8.406452834606170654e-03
1.094492837534292162e+00,8.325378410518169403e-03
1.095222947974316963e+00,8.245492354035377502e-03
1.095949382112286319e+00,8.166329935193061829e-03
1.096672176785129516e+00,8.087996393442153931e-03
1.097391368278869628e+00,8.010798133909702301e-03
1.098106992339554999e+00,7.934659719467163086e-03
1.098819084183919381e+00,7.859499193727970123e-03
1.099527678509782058e+00,7.785377558320760727e-03
1.100232809506192178e+00,7.712123915553092957e-03
1.100934510863327942e+00,7.639360614120960236e-03
1.101632815782154218e+00,7.568065077066421509e-03
1.102327756983849882e+00,7.497418671846389771e-03
1.103019366719007799e+00,7.427492178976535797e-03
1.103707676776614299e+00,7.358623202890157700e-03
1.104392718492818393e+00,7.290742360055446625e-03
1.105074522759491362e+00,7.223252207040786743e-03
1.105753120032585635e+00,7.156723644584417343e-03
1.106428540340298250e+00,7.090852130204439163e-03
1.107100813291044705e+00,7.025843951851129532e-03
1.107769968081245615e+00,6.961531005799770355e-03
1.108436033502936624e+00,6.897961255162954330e-03
1.109099037951201572e+00,6.834954954683780670e-03
1.109759009431436017e+00,6.773042492568492889e-03
1.110415975566444891e+00,6.711332127451896667e-03
1.111069963603381616e+00,6.650567520409822464e-03
1.111721000420526240e+00,6.590710487216711044e-03
1.112369112533916571e+00,6.531513761729001999e-03
1.113014326103826113e+00,6.473076995462179184e-03
1.113656666941102324e+00,6.415185984224081039e-03
1.114296160513360112e+00,6.358002778142690659e-03
1.114932831951041647e+00,6.301500368863344193e-03
1.115566706053342960e+00,6.245715077966451645e-03
1.116197807294008637e+00,6.190490908920764923e-03
1.116826159827001730e+00,6.135978270322084427e-03
1.117451787492052206e+00,6.082300096750259399e-03
1.118074713820083277e+00,6.028890609741210938e-03
1.118694962038521146e+00,5.976221989840269089e-03
1.119312555076493743e+00,5.924408789724111557e-03
1.119927515569915100e+00,5.872742272913455963e-03
1.120539865866464480e+00,5.821944214403629303e-03
1.121149628030459589e+00,5.771683063358068466e-03
1.121756823847626094e+00,5.721908062696456909e-03
1.122361474829768779e+00,5.672886501997709274e-03
1.122963602219344104e+00,5.624184850603342056e-03
1.123563226993938846e+00,5.576130934059619904e-03
1.124160369870654819e+00,5.528640002012252808e-03
1.124755051310404097e+00,5.481538828462362289e-03
1.125347291522115434e+00,5.434970837086439133e-03
1.125937110466854962e+00,5.388797260820865631e-03
1.126524527861864078e+00,5.343211349099874496e-03
1.127109563184513386e+00,5.298111587762832642e-03
1.127692235676178045e+00,5.253636278212070465e-03
1.128272564346034956e+00,5.209539085626602173e-03
1.128850567974784891e+00,5.165848881006240845e-03
1.129426265118297579e+00,5.122713278979063034e-03
1.129999674111187957e+00,5.080096889287233353e-03
1.130570813070318703e+00,5.037921015173196793e-03
1.131139699898235040e+00,4.996119067072868347e-03
1.131706352286532269e+00,4.954779986292123795e-03
1.132270787719156679e+00,4.913910757750272751e-03
1.132833023475642520e+00,4.873400554060935974e-03
1.133393076634286345e+00,4.833464976400136948e-03
1.133950964075259416e+00,4.793794360011816025e-03
1.134506702483661034e+00,4.754521884024143219e-03
1.135060308352511926e+00,4.715667106211185455e-03
1.135611797985692117e+00,4.677426069974899292e-03
1.136161187500821734e+00,4.639517515897750854e-03
1.136708492832086748e+00,4.601759836077690125e-03
1.137253729733013197e+00,4.564542789012193680e-03
1.137796913779186569e+00,4.527646116912364960e-03
1.138338060370923444e+00,4.491303116083145142e-03
1.138877184735888948e+00,4.455112852156162262e-03
1.139414301931670481e+00,4.419363569468259811e-03
1.139949426848299252e+00,4.383890423923730850e-03
1.140482574210728073e+00,4.348756745457649231e-03
1.141013758581261639e+00,4.314112011343240738e-03
1.141542994361944618e+00,4.279752727597951889e-03
1.142070295796903112e+00,4.245766438543796539e-03
1.142595676974646146e+00,4.212220665067434311e-03
1.143119151830323421e+00,4.178792703896760941e-03
1.143640734147944205e+00,4.145759623497724533e-03
1.144160437562553589e+00,4.113055765628814697e-03
1.144678275562372782e+00,4.080766811966896057e-03
1.145194261490898979e+00,4.048769362270832062e-03
1.145708408548967716e+00,4.017070401459932327e-03
1.146220729796781024e+00,3.985702991485595703e-03
1.146731238155896060e+00,3.954690415412187576e-03
1.147239946411182432e+00,3.923963289707899094e-03
1.147746867212741551e+00,3.893503686413168907e-03
1.148252013077795786e+00,3.863378660753369331e-03
1.148755396392542094e+00,3.833533031865954399e-03
1.149257029413974562e+00,3.803995437920093536e-03
1.149756924271674974e+00,3.774671349674463272e-03
1.150255092969573401e+00,3.745706519111990929e-03
1.150751547387676155e+00,3.716897452250123024e-03
1.151246299283768204e+00,3.688437398523092270e-03
1.151739360295081394e+00,3.660289337858557701e-03
1.152230741939938685e+00,3.632418578490614891e-03
1.152720455619368201e+00,3.604724770411849022e-03
1.153208512618689285e+00,3.577278926968574524e-03
1.153694924109075259e+00,3.550140885636210442e-03
1.154179701149085524e+00,3.523293882608413696e-03
1.154662854686175244e+00,3.496757242828607559e-03
1.155144395558178383e+00,3.470334457233548164e-03
1.155624334494766980e+00,3.444314002990722656e-03
1.156102682118884228e+00,3.418407868593931198e-03
1.156579448948156896e+00,3.392790211364626884e-03
1.157054645396282444e+00,3.367420984432101250e-03
1.157528281774392820e+00,3.342206589877605438e-03
1.158000368292398496e+00,3.317304654046893120e-03
1.158470915060308082e+00,3.292562672868371010e-03
1.158939932089527503e+00,3.268091240897774696e-03
1.159407429294138758e+00,3.243778832256793976e-03
1.159873416492156029e+00,3.219798672944307327e-03
1.160337903406764015e+00,3.196012927219271660e-03
1.160800899667535191e+00,3.172433003783226013e-03
1.161262414811627286e+00,3.149088472127914429e-03
1.161722458284961679e+00,3.125949529930949211e-03
1.162181039443384689e+00,3.103089751675724983e-03
1.162638167553807556e+00,3.080383408814668655e-03
1.163093851795331535e+00,3.057782072573900223e-03
1.163548101260353240e+00,3.035477129742503166e-03
1.164000924955653105e+00,3.013381268829107285e-03
1.164452331803466523e+00,2.991468645632266998e-03
1.164902330642539896e+00,2.969790715724229813e-03
1.165350930229168247e+00,2.948165405541658401e-03
1.165798139238217512e+00,2.926878398284316063e-03
1.166243966264131293e+00,2.905767178162932396e-03
1.166688419821921618e+00,2.884853631258010864e-03
1.167131508348145497e+00,2.864092355594038963e-03
1.167573240201865037e+00,2.843485679477453232e-03
1.168013623665593581e+00,2.823169576004147530e-03
1.168452666946228291e+00,2.803017850965261459e-03
1.168890378175967415e+00,2.783002099022269249e-03
1.169326765413213787e+00,2.763072727248072624e-03
1.169761836643465669e+00,2.743421355262398720e-03
1.170195599780192941e+00,2.723949030041694641e-03
1.170628062665700186e+00,2.704768208786845207e-03
1.171059233071979788e+00,2.685559447854757309e-03
1.171489118701547705e+00,2.666563261300325394e-03
1.171917727188269032e+00,2.647680928930640221e-03
1.172345066098173128e+00,2.628955757245421410e-03
1.172771142930254085e+00,2.610369352623820305e-03
1.173195965117259876e+00,2.592058153823018074e-03
1.173619540026470398e+00,2.573823556303977966e-03
1.174041874960465748e+00,2.555816667154431343e-03
1.174462977157878507e+00,2.537930151447653770e-03
1.174882853794141369e+00,2.520204288884997368e-03
1.175301511982218772e+00,2.502475399523973465e-03
1.175718958773330547e+00,2.484922762960195541e-03
1.176135201157664678e+00,2.467571292072534561e-03
1.176550246065079186e+00,2.450329717248678207e-03
1.176964100365794463e+00,2.433291170746088028e-03
1.177376770871076062e+00,2.416344359517097473e-03
1.177788264333906598e+00,2.399593126028776169e-03
1.178198587449649892e+00,2.382954582571983337e-03
1.178607746856703109e+00,2.366353292018175125e-03
1.179015749137142910e+00,2.350032795220613480e-03
1.179422600817358946e+00,2.333800308406352997e-03
1.179828308368682244e+00,2.317666774615645409e-03
1.180232878208000491e+00,2.301655244082212448e-03
1.180636316698369548e+00,2.285794122144579887e-03
1.181038630149611635e+00,2.270024036988615990e-03
1.181439824818909079e+00,2.254441147670149803e-03
1.181839906911387628e+00,2.238911809399724007e-03
1.182238882580692430e+00,2.223571296781301498e-03
1.182636757929554694e+00,2.208294346928596497e-03
1.183033539010354573e+00,2.193171996623277664e-03
1.183429231825671168e+00,2.178209135308861732e-03
1.183823842328827869e+00,2.163355704396963120e-03
1.184217376424430146e+00,2.148665953427553177e-03
1.184609839968896461e+00,2.134071197360754013e-03
1.185001238770979404e+00,2.119572367519140244e-03
1.185391578592282613e+00,2.105193445459008217e-03
1.185780865147769703e+00,2.090971218422055244e-03
1.186169104106266303e+00,2.076818374916911125e-03
1.186556301090955001e+00,2.062805695459246635e-03
1.186942461679864058e+00,2.048929454758763313e-03
1.187327591406350580e+00,2.035087440162897110e-03
1.187711695759573916e+00,2.021394204348325729e-03
1.188094780184968391e+00,2.007827162742614746e-03
1.188476850084703162e+00,1.994342310354113579e-03
1.188857910818142072e+00,1.980985281988978386e-03
1.189237967702292398e+00,1.967733493074774742e-03
1.189617026012252055e+00,1.954528735950589180e-03
1.189995090981647685e+00,1.941457740031182766e-03
1.190372167803068537e+00,1.928485464304685593e-03
1.190748261628493676e+00,1.915645319968461990e-03
1.191123377569716091e+00,1.902852905914187431e-03
1.191497520698757917e+00,1.890167244710028172e-03
1.191870696048282552e+00,1.877662842161953449e-03
1.192242908612001218e+00,1.865150756202638149e-03
1.192614163345072642e+00,1.852818299084901810e-03
1.192984465164500296e+00,1.840587356127798557e-03
1.193353818949523193e+00,1.828391454182565212e-03
1.193722229541999580e+00,1.816340372897684574e-03
1.194089701746790189e+00,1.804285682737827301e-03
1.194456240332133046e+00,1.792474999092519283e-03
1.194821850030014954e+00,1.780641381628811359e-03
1.195186535536537864e+00,1.768914982676506042e-03
1.195550301512281033e+00,1.757291494868695736e-03
1.195913152582658734e+00,1.745766727253794670e-03
1.196275093338271533e+00,1.734302844852209091e-03
1.196636128335257343e+00,1.722928136587142944e-03
1.196996262095632924e+00,1.711690798401832581e-03
1.197355499107636057e+00,1.700500957667827606e-03
1.197713843826059277e+00,1.689387834630906582e-03
1.198071300672582717e+00,1.678371801972389221e-03
1.198427874036100071e+00,1.667386735789477825e-03
1.198783568273043665e+00,1.656578038819134235e-03
1.199138387707701980e+00,1.645783078856766224e-03
1.199492336632536738e+00,1.635075896047055721e-03
1.199845419308493533e+00,1.624492462724447250e-03
1.200197639965309371e+00,1.613932079635560513e-03
1.200549002801817755e+00,1.603465061634778976e-03
1.200899511986247781e+00,1.593101653270423412e-03
1.201249171656521897e+00,1.582786673679947853e-03
1.201597985920548561e+00,1.572624547407031059e-03
1.201945958856510899e+00,1.562442164868116379e-03
1.202293094513155358e+00,1.552357920445501804e-03
1.202639396910071046e+00,1.542372279800474644e-03
1.202984870037971943e+00,1.532499678432941437e-03
1.203329517858970243e+00,1.522657810710370541e-03
1.203673344306851245e+00,1.512896851636469364e-03
1.204016353287342245e+00,1.503233565017580986e-03
1.204358548678376772e+00,1.493634539656341076e-03
1.204699934330360378e+00,1.484089181758463383e-03
1.205040514066429091e+00,1.474613207392394543e-03
1.205380291682706773e+00,1.465259469114243984e-03
1.205719270948558686e+00,1.455962308682501316e-03
1.206057455606842410e+00,1.446706242859363556e-03
1.206394849374155864e+00,1.437474973499774933e-03
1.206731455941083109e+00,1.428363495506346226e-03
1.207067278972435487e+00,1.419282634742558002e-03
1.207402322107491210e+00,1.410286058671772480e-03
1.207736588960232726e+00,1.401413464918732643e-03
1.208070083119580085e+00,1.392547390423715115e-03
1.208402808149621865e+00,1.383710769005119801e-03
1.208734767589844328e+00,1.375024090521037579e-03
1.209065964955357009e+00,1.366321230307221413e-03
1.209396403737116099e+00,1.357737928628921509e-03
1.209726087402145378e+00,1.349183963611721992e-03
1.210055019393754039e+00,1.340735587291419506e-03
1.210383203131752961e+00,1.332293264567852020e-03
1.210710642012667870e+00,1.323945005424320698e-03
1.211037339409950064e+00,1.315666246227920055e-03
1.211363298674185129e+00,1.307374914176762104e-03
1.211688523133299222e+00,1.299196737818419933e-03
1.212013016092762907e+00,1.291071763262152672e-03
1.212336780835792327e+00,1.282983226701617241e-03
1.212659820623549267e+00,1.274967216886579990e-03
1.212982138695337442e+00,1.266998355276882648e-03
1.213303738268797671e+00,1.259075477719306946e-03
1.213624622540101505e+00,1.251242589205503464e-03
1.213944794684139961e+00,1.243419363163411617e-03
1.214264257854713813e+00,1.235729083418846130e-03
1.214583015184719228e+00,1.227981760166585445e-03
1.214901069786331611e+00,1.220355276018381119e-03
1.215218424751188797e+00,1.212777104228734970e-03
1.215535083150570905e+00,1.205251901410520077e-03
1.215851048035579085e+00,1.197801320813596249e-03
1.216166322437310932e+00,1.190380076877772808e-03
1.216480909367036789e+00,1.183033338747918606e-03
1.216794811816369615e+00,1.175733632408082485e-03
1.217108032757438396e+00,1.168478513136506081e-03
1.217420575143055572e+00,1.161254826001822948e-03
1.217732441906884233e+00,1.154108205810189247e-03
1.218043635963603100e+00,1.146981841884553432e-03
1.218354160209070614e+00,1.139941625297069550e-03
1.218664017520486587e+00,1.132954610511660576e-03
1.218973210756551406e+00,1.126008224673569202e-03
1.219281742757625020e+00,1.119101769290864468e-03
1.219589616345883032e+00,1.112264581024646759e-03
1.219896834325471913e+00,1.105499570257961750e-03
1.220203399482662210e+00,1.098719425499439240e-03
1.220509314585999316e+00,1.092020189389586449e-03
1.220814582386456237e+00,1.085323281586170197e-03
1.221119205617577030e+00,1.078702975064516068e-03
1.221423186995629795e+00,1.072140294127166271e-03
1.221726529219746338e+00,1.065633143298327923e-03
1.222029234972070277e+00,1.059186412021517754e-03
1.222331306917896487e+00,1.052741892635822296e-03
1.222632747705813872e+00,1.046362332999706268e-03
1.222933559967842587e+00,1.040032599121332169e-03
1.223233746319574822e+00,1.033736858516931534e-03
1.223533309360308019e+00,1.027512829750776291e-03
1.223832251673182547e+00,1.021278440020978451e-03
1.224130575825313594e+00,1.015114248730242252e-03
1.224428284367925279e+00,1.008991501294076443e-03
1.224725379836478778e+00,1.002906123176217079e-03
1.225021864750805323e+00,9.968905942514538765e-04
1.225317741615230993e+00,9.908772772178053856e-04
1.225613012918706612e+00,9.849360212683677673e-04
1.225907681134931204e+00,9.790213080123066902e-04
1.226201748722477669e+00,9.731603786349296570e-04
1.226495218124915132e+00,9.673188324086368084e-04
1.226788091770931732e+00,9.615349117666482925e-04
1.227080372074453196e+00,9.557963931001722813e-04
1.227372061434764516e+00,9.500877349637448788e-04
1.227663162236626970e+00,9.444024763070046902e-04
1.227953676850395137e+00,9.387978934682905674e-04
1.228243607632133028e+00,9.331796900369226933e-04
1.228532956923728436e+00,9.276235941797494888e-04
1.228821727053006851e+00,9.221321670338511467e-04
1.229109920333843142e+00,9.166338713839650154e-04
1.229397539066272804e+00,9.111515828408300877e-04
1.229684585536603647e+00,9.057610295712947845e-04
1.229971062017522598e+00,9.004148887470364571e-04
1.230256970768205838e+00,8.950365008786320686e-04
1.230542314034423379e+00,8.897107327356934547e-04
1.230827094048646986e+00,8.844482363201677799e-04
1.231111313030153642e+00,8.792053558863699436e-04
1.231394973185130581e+00,8.740026969462633133e-04
1.231678076706776093e+00,8.688362431712448597e-04
1.231960625775403440e+00,8.637282298877835274e-04
1.232242622558540113e+00,8.586079929955303669e-04
1.232524069211028417e+00,8.535335073247551918e-04
1.232804967875123392e+00,8.485331200063228607e-04
1.233085320680591623e+00,8.435653871856629848e-04
1.233365129744808275e+00,8.385874098166823387e-04
1.233644397172851015e+00,8.336591999977827072e-04
1.233923125057597714e+00,8.287824457511305809e-04
1.234201315479819261e+00,8.239266462624073029e-04
1.234478970508271933e+00,8.191008237190544605e-04
1.234756092199791766e+00,8.142793667502701283e-04
1.235032682599383591e+00,8.095137891359627247e-04
1.235308743740314519e+00,8.047594456002116203e-04
1.235584277644200091e+00,8.000727393664419651e-04
1.235859286321095762e+00,7.953781168907880783e-04
1.236133771769584389e+00,7.907314575277268887e-04
1.236407735976862599e+00,7.861218764446675777e-04
1.236681180918827616e+00,7.815463468432426453e-04
1.236954108560162524e+00,7.770208758302032948e-04
1.237226520854421752e+00,7.724785245954990387e-04
1.237498419744113454e+00,7.679685950279235840e-04
1.237769807160784552e+00,7.635233341716229916e-04
1.238040685025101340e+00,7.590520544908940792e-04
1.238311055246931858e+00,7.546429987996816635e-04
1.238580919725426721e+00,7.502892985939979553e-04
1.238850280349098831e+00,7.459272164851427078e-04
1.239119138995903535e+00,7.415973814204335213e-04
1.239387497533315452e+00,7.372930995188653469e-04
1.239655357818407744e+00,7.330238004215061665e-04
1.239922721697929386e+00,7.288097986020147800e-04
1.240189591008380665e+00,7.245714077726006508e-04
1.240455967576088447e+00,7.203804561868309975e-04
1.240721853217283455e+00,7.162312394939363003e-04
1.240987249738171982e+00,7.120842346921563148e-04
1.241252158935010508e+00,7.079897914081811905e-04
1.241516582594179408e+00,7.039351039566099644e-04
1.241780522492254457e+00,6.998769822530448437e-04
1.242043980396077885e+00,6.958544836379587650e-04
1.242306958062830091e+00,6.918463623151183128e-04
1.242569457240100927e+00,6.878615822643041611e-04
1.242831479665957195e+00,6.839203997515141964e-04
1.243093027069013257e+00,6.799927796237170696e-04
1.243354101168498538e+00,6.761094555258750916e-04
1.243614703674326583e+00,6.722305552102625370e-04
1.243874836287161223e+00,6.683848332613706589e-04
1.244134500698483414e+00,6.645777029916644096e-04
1.244393698590656516e+00,6.607694667764008045e-04
1.244652431636993795e+00,6.570023251697421074e-04
1.244910701501820594e+00,6.532459519803524017e-04
1.245168509840541171e+00,6.495061679743230343e-04
1.245425858299699318e+00,6.457924027927219868e-04
1.245682748517044747e+00,6.420984282158315182e-04
1.245939182121592825e+00,6.384718581102788448e-04
1.246195160733689189e+00,6.348199676722288132e-04
1.246450685965068139e+00,6.312028854154050350e-04
1.246705759418916593e+00,6.276024505496025085e-04
1.246960382689931812e+00,6.240291404537856579e-04
1.247214557364383358e+00,6.204965757206082344e-04
1.247468285020171264e+00,6.169517873786389828e-04
1.247721567226884209e+00,6.134498980827629566e-04
1.247974405545859700e+00,6.099643651396036148e-04
1.248226801530239793e+00,6.064886692911386490e-04
1.248478756725029282e+00,6.030448712408542633e-04
1.248730272667153196e+00,5.996261024847626686e-04
1.248981350885511654e+00,5.962264258414506912e-04
1.249231992901035593e+00,5.928462487645447254e-04
1.249482200226743833e+00,5.894824280403554440e-04
1.249731974367796150e+00,5.861463141627609730e-04
1.249981316821548116e+00,5.828255671076476574e-04
1.250230229077605060e+00,5.795211764052510262e-04
1.250478712617875354e+00,5.762483924627304077e-04
1.250726768916623710e+00,5.729908007197082043e-04
1.250974399440522911e+00,5.697617307305335999e-04
1.251221605648706658e+00,5.665617645718157291e-04
1.251468388992820868e+00,5.633522523567080498e-04
1.251714750917074293e+00,5.601779557764530182e-04
1.251960692858289592e+00,5.570224602706730366e-04
1.252206216245954629e+00,5.538749392144382000e-04
1.252451322502270203e+00,5.507564055733382702e-04
1.252696013042201795e+00,5.476648220792412758e-04
1.252940289273526409e+00,5.446052527986466885e-04
1.253184152596882983e+00,5.415556952357292175e-04
1.253427604405819240e+00,5.384970572777092457e-04
1.253670646086840756e+00,5.354722961783409119e-04
1.253913279019456928e+00,5.324679077602922916e-04
1.254155504576228708e+00,5.294763832353055477e-04
1.254397324122815460e+00,5.265109939500689507e-04
1.254638739018020921e+00,5.235826247371733189e-04
1.254879750613838274e+00,5.206707282923161983e-04
1.255120360255496559e+00,5.177492275834083557e-04
1.255360569281505967e+00,5.148528143763542175e-04
1.255600379023700697e+00,5.119800334796309471e-04
1.255839790807285805e+00,5.091101047582924366e-04
1.256078805950878730e+00,5.062764976173639297e-04
1.256317425766554807e+00,5.034517962485551834e-04
1.256555651559889242e+00,5.006539286114275455e-04
1.256793484630000401e+00,4.978576907888054848e-04
1.257030926269592230e+00,4.950831644237041473e-04
1.257267977764997102e+00,4.923193482682108879e-04
1.257504640396216011e+00,4.895738093182444572e-04
1.257740915436961870e+00,4.868404939770698547e-04
1.257976804154699257e+00,4.841151821892708540e-04
1.258212307810686381e+00,4.814316635020077229e-04
1.258447427660014162e+00,4.787652287632226944e-04
1.258682164951647531e+00,4.761048185173422098e-04
1.258916520928464955e+00,4.734650719910860062e-04
1.259150496827297960e+00,4.708550986833870411e-04
1.259384093878969546e+00,4.682375001721084118e-04
1.259617313308334152e+00,4.656274977605789900e-04
1.259850156334315185e+00,4.630671755876392126e-04
1.260082624169944543e+00,4.604991991072893143e-04
1.260314718022398583e+00,4.579464148264378309e-04
1.260546439093037652e+00,4.553975304588675499e-04
1.260777788577442937e+00,4.528800782281905413e-04
1.261008767665452224e+00,4.503990057855844498e-04
1.261239377541198081e+00,4.479010822251439095e-04
1.261469619383143614e+00,4.454242880456149578e-04
1.261699494364118879e+00,4.429606196936219931e-04
1.261929003651356629e+00,4.405300132930278778e-04
1.262158148406527625e+00,4.381031321827322245e-04
1.262386929785775713e+00,4.356935969553887844e-04
1.262615348939754245e+00,4.332805401645600796e-04
1.262843407013659380e+00,4.308937641326338053e-04
1.263071105147264284e+00,4.285282630007714033e-04
1.263298444474954874e+00,4.261690191924571991e-04
1.263525426125762241e+00,4.238272085785865784e-04
1.263752051223397066e+00,4.214937798678874969e-04
1.263978320886282924e+00,4.191869229543954134e-04
1.264204236227589373e+00,4.168771847616881132e-04
1.264429798355264145e+00,4.145841812714934349e-04
1.264655008372067124e+00,4.123107355553656816e-04
1.264879867375600764e+00,4.100433143321424723e-04
1.265104376458344948e+00,4.077824996784329414e-04
1.265328536707685414e+00,4.055415047332644463e-04
1.265552349205948612e+00,4.033267905469983816e-04
1.265775815030430795e+00,4.011230485048145056e-04
1.265998935253429991e+00,3.989172400906682014e-04
1.266221710942277312e+00,3.967189404647797346e-04
1.266444143159366265e+00,3.945537901017814875e-04
1.266666232962184946e+00,3.924052871298044920e-04
1.266887981403344021e+00,3.902518365066498518e-04
1.267109389530609365e+00,3.881222219206392765e-04
1.267330458386928926e+00,3.860022407025098801e-04
1.267551189010464485e+00,3.838872362393885851e-04
1.267771582434619626e+00,3.817982214968651533e-04
1.267991639688068828e+00,3.796993696596473455e-04
1.268211361794786995e+00,3.776374214794486761e-04
1.268430749774077437e+00,3.755721845664083958e-04
1.268649804640600509e+00,3.735273203346878290e-04
1.268868527404401148e+00,3.714876074809581041e-04
1.269086919070938402e+00,3.694626793731004000e-04
1.269304980641111191e+00,3.674335603136569262e-04
1.269522713111286949e+00,3.654320316854864359e-04
1.269740117473329155e+00,3.634548338595777750e-04
1.269957194714623538e+00,3.614727174863219261e-04
1.270173945818105166e+00,3.595204616431146860e-04
1.270390371762286641e+00,3.575427399482578039e-04
1.270606473521282309e+00,3.555970906745642424e-04
1.270822252064835789e+00,3.536543517839163542e-04
1.271037708358346618e+00,3.517462173476815224e-04
1.271252843362894902e+00,3.498294681776314974e-04
1.271467658035268178e+00,3.479296865407377481e-04
1.271682153327985620e+00,3.460364532656967640e-04
1.271896330189324908e+00,3.441587032284587622e-04
1.272110189563346427e+00,3.422983572818338871e-04
1.272323732389918360e+00,3.404436574783176184e-04
1.272536959604741558e+00,3.386063035577535629e-04
1.272749872139374627e+00,3.367674362380057573e-04
1.272962470921257028e+00,3.349567996338009834e-04
1.273174756873734825e+00,3.331267216708511114e-04
1.273386730916084231e+00,3.313332854304462671e-04
1.273598393963534470e+00,3.295420901849865913e-04
1.273809746927293318e+00,3.277675132267177105e-04
1.274020790714568863e+00,3.259910445194691420e-04
1.274231526228594369e+00,3.242281673010438681e-04
1.274441954368650487e+00,3.224704414606094360e-04
1.274652076030088566e+00,3.207317204214632511e-04
1.274861892104353966e+00,3.190131101291626692e-04
1.275071403479007381e+00,3.172905126120895147e-04
1.275280611037749257e+00,3.155743179377168417e-04
1.275489515660440443e+00,3.138755564577877522e-04
1.275698118223125954e+00,3.121799090877175331e-04
1.275906419598055397e+00,3.105025680270045996e-04
1.276114420653706505e+00,3.088240337092429399e-04
1.276322122254805125e+00,3.071729443036019802e-04
1.276529525262348086e+00,3.055156266782432795e-04
1.276736630533624739e+00,3.038648574147373438e-04
1.276943438922236718e+00,3.022312012035399675e-04
1.277149951278121032e+00,3.006081678904592991e-04
1.277356168447569162e+00,2.989981730934232473e-04
1.277562091273249267e+00,2.973999653477221727e-04
1.277767720594225720e+00,2.958072582259774208e-04
1.277973057245981314e+00,2.942162682302296162e-04
1.278178102060435251e+00,2.926375891547650099e-04
1.278382855865965562e+00,2.910796320065855980e-04
1.278587319487427765e+00,2.895264478866010904e-04
1.278791493746175068e+00,2.879663370549678802e-04
1.278995379460079462e+00,2.864131238311529160e-04
1.279198977443549046e+00,2.848847361747175455e-04
1.279402288507549557e+00,2.833669132087379694e-04
1.279605313459623250e+00,2.818477223627269268e-04
1.279808053103906884e+00,2.803433162625879049e-04
1.280010508241152811e+00,2.788442070595920086e-04
1.280212679668746523e+00,2.773612504824995995e-04
1.280414568180726187e+00,2.758730843197554350e-04
1.280616174567800636e+00,2.744050289038568735e-04
1.280817499617369126e+00,2.729415427893400192e-04
1.281018544113538882e+00,2.714824222493916750e-04
1.281219308837143744e+00,2.700330805964767933e-04
1.281419794565761938e+00,2.685974759515374899e-04
1.281620002073734055e+00,2.671733091119676828e-04
1.281819932132182815e+00,2.657447475939989090e-04
1.282019585509028614e+00,2.643317566253244877e-04
1.282218962969007725e+00,2.629296213854104280e-04
1.282418065273690733e+00,2.615274570416659117e-04
1.282616893181500073e+00,2.601306478027254343e-04
1.282815447447725354e+00,2.587470808066427708e-04
1.283013728824543120e+00,2.573698293417692184e-04
1.283211738061032614e+00,2.560017164796590805e-04
1.283409475903193098e+00,2.546383184380829334e-04
1.283606943093960284e+00,2.532920625526458025e-04
1.283804140373222991e+00,2.519466215744614601e-04
1.284001068477841345e+00,2.506067394278943539e-04
1.284197728141661443e+00,2.492823987267911434e-04
1.284394120095532665e+00,2.479622489772737026e-04
1.284590245067323000e+00,2.466375881340354681e-04
1.284786103781937250e+00,2.453346969559788704e-04
1.284981696961330799e+00,2.440277748974040151e-04
1.285177025324527378e+00,2.427455328870564699e-04
1.285372089587633937e+00,2.414581394987180829e-04
1.285566890463855971e+00,2.401774108875542879e-04
1.285761428663515504e+00,2.389110595686361194e-04
1.285955704894062634e+00,2.376464835833758116e-04
1.286149719860095519e+00,2.363908861298114061e-04
1.286343474263371922e+00,2.351310104131698608e-04
1.286536968802826753e+00,2.338914928259328008e-04
1.286730204174586500e+00,2.326590183656662703e-04
1.286923181071984112e+00,2.314248413313180208e-04
1.287115900185573425e+00,2.301982167409732938e-04
1.287308362203145373e+00,2.289764524903148413e-04
1.287500567809741536e+00,2.277663006680086255e-04
1.287692517687669458e+00,2.265638759126886725e-04
1.287884212516516413e+00,2.253640268463641405e-04
1.288075652973164509e+00,2.241789334220811725e-04
1.288266839731805335e+00,2.229926758445799351e-04
1.288457773463952627e+00,2.218171284766867757e-04
1.288648454838458468e+00,2.206449717050418258e-04
1.288838884521526174e+00,2.194909320678561926e-04
1.289029063176723833e+00,2.183289761887863278e-04
1.289218991464999853e+00,2.171756059397011995e-04
1.289408670044694505e+00,2.160241274395957589e-04
1.289598099571555689e+00,2.148778003174811602e-04
1.289787280698751593e+00,2.137483243132010102e-04
1.289976214076883565e+00,2.126198378391563892e-04
1.290164900354001221e+00,2.115069219144061208e-04
1.290353340175613761e+00,2.103832521243020892e-04
1.290541534184705297e+00,2.092821814585477114e-04
1.290729483021746171e+00,2.081763377645984292e-04
1.290917187324706950e+00,2.070813789032399654e-04
1.291104647729072186e+00,2.059855032712221146e-04
1.291291864867851080e+00,2.049079193966463208e-04
1.291478839371592580e+00,2.038267703028395772e-04
1.291665571868396922e+00,2.027579903369769454e-04
1.291852062983928739e+00,2.016888902289792895e-04
1.292038313341429490e+00,2.006330032600089908e-04
1.292224323561729449e+00,1.995849015656858683e-04
1.292410094263261255e+00,1.985300623346120119e-04
1.292595626062071679e+00,1.974773040274158120e-04
1.292780919571832943e+00,1.964550901902839541e-04
1.292965975403856937e+00,1.954103208845481277e-04
1.293150794167105211e+00,1.943872921401634812e-04
1.293335376468202513e+00,1.933669700520113111e-04
1.293519722911447900e+00,1.923550444189459085e-04
1.293703834098827166e+00,1.913405576488003135e-04
1.293887710630023502e+00,1.903305528685450554e-04
1.294071353102431488e+00,1.893354346975684166e-04
1.294254762111166190e+00,1.883432705653831363e-04
1.294437938249076048e+00,1.873574219644069672e-04
1.294620882106754411e+00,1.863740180851891637e-04
1.294803594272550873e+00,1.853896101238206029e-04
1.294986075332582143e+00,1.844142534537240863e-04
1.295168325870743598e+00,1.834537542890757322e-04
1.295350346468720604e+00,1.824932405725121498e-04
1.295532137706000286e+00,1.815419818740338087e-04
1.295713700159881077e+00,1.805866340873762965e-04
1.295895034405484925e+00,1.796389115042984486e-04
1.296076141015767735e+00,1.786959910532459617e-04
1.296257020561530693e+00,1.777612633304670453e-04
1.296437673611430252e+00,1.768342481227591634e-04
1.296618100731989465e+00,1.759073202265426517e-04
1.296798302487608856e+00,1.749926013872027397e-04
1.296978279440576642e+00,1.740748994052410126e-04
1.297158032151078277e+00,1.731725642457604408e-04
1.297337561177209553e+00,1.722673187032341957e-04
1.297516867074984148e+00,1.713619567453861237e-04
1.297695950398345621e+00,1.704683527350425720e-04
1.297874811699177400e+00,1.695755636319518089e-04
1.298053451527312108e+00,1.686907780822366476e-04
1.298231870430543333e+00,1.678079715929925442e-04
1.298410068954634511e+00,1.669319171924144030e-04
1.298588047643329135e+00,1.660584675846621394e-04
1.298765807038360087e+00,1.651917846174910665e-04
1.298943347679461846e+00,1.643367431825026870e-04
1.299120670104376929e+00,1.634768123039975762e-04
1.299297774848869214e+00,1.626225712243467569e-04
1.299474662446730377e+00,1.617716334294527769e-04
1.299651333429791888e+00,1.609305181773379445e-04
1.299827788327933886e+00,1.600885298103094101e-04
1.300004027669093842e+00,1.592547632753849030e-04
1.300180051979277662e+00,1.584219280630350113e-04
1.300355861782567901e+00,1.575991191202774644e-04
1.300531457601133312e+00,1.567740691825747490e-04
1.300706839955238170e+00,1.559559168526902795e-04
1.300882009363252489e+00,1.551428722450509667e-04
1.301056966341659127e+00,1.543380785733461380e-04
1.301231711405065772e+00,1.535335322842001915e-04
1.301406245066210499e+00,1.527337881270796061e-04
1.301580567835974644e+00,1.519413490314036608e-04
1.301754680223388805e+00,1.511452719569206238e-04
1.301928582735642825e+00,1.503581443103030324e-04
1.302102275878095350e+00,1.495798787800595164e-04
1.302275760154280482e+00,1.488021516706794500e-04
1.302449036065919996e+00,1.480282371630892158e-04
1.302622104112928447e+00,1.472587755415588617e-04
1.302794964793424271e+00,1.464935485273599625e-04
1.302967618603736666e+00,1.457349135307595134e-04
1.303140066038416478e+00,1.449795963708311319e-04
1.303312307590241970e+00,1.442219218006357551e-04
1.303484343750229035e+00,1.434756268281489611e-04
1.303656175007638751e+00,1.427303941454738379e-04
1.303827801849986479e+00,1.419907348463311791e-04
1.303999224763050080e+00,1.412585115758702159e-04
1.304170444230877024e+00,1.405192306265234947e-04
1.304341460735793490e+00,1.397893065586686134e-04
1.304512274758413248e+00,1.390663383062928915e-04
1.304682886777644546e+00,1.383423514198511839e-04
1.304853297270698098e+00,1.376292202621698380e-04
1.305023506713096193e+00,1.369144301861524582e-04
1.305193515578679575e+00,1.362009206786751747e-04
1.305363324339616105e+00,1.354956330033019185e-04
1.305532933466408529e+00,1.347961224382743239e-04
1.305702343427901813e+00,1.340997259831055999e-04
1.305871554691291347e+00,1.334067783318459988e-04
1.306040567722130286e+00,1.327112404396757483e-04
1.306209382984337974e+00,1.320221053902059793e-04
1.306378000940206618e+00,1.313405955443158746e-04
1.306546422050409717e+00,1.306640915572643280e-04
1.306714646774008948e+00,1.299885334447026253e-04
1.306882675568462604e+00,1.293123641517013311e-04
1.307050508889631590e+00,1.286443730350583792e-04
1.307218147191788526e+00,1.279813441215083003e-04
1.307385590927623520e+00,1.273187663173303008e-04
1.307552840548253270e+00,1.266613107873126864e-04
1.307719896503226398e+00,1.260136195924133062e-04
1.307886759240532548e+00,1.253577211173251271e-04
1.308053429206607721e+00,1.247143081855028868e-04
1.308219906846343150e+00,1.240716519532725215e-04
1.308386192603091969e+00,1.234327937709167600e-04
1.308552286918674756e+00,1.227957400260493159e-04
1.308718190233389533e+00,1.221595448441803455e-04
1.308883902986015979e+00,1.215296288137324154e-04
1.309049425613823647e+00,1.209045585710555315e-04
1.309214758552579516e+00,1.202814310090616345e-04
1.309379902236553095e+00,1.196640223497524858e-04
1.309544857098524639e+00,1.190488110296428204e-04
1.309709623569792036e+00,1.184340144391171634e-04
1.309874202080176797e+00,1.178239035652950406e-04
1.310038593058030720e+00,1.172203919850289822e-04
1.310202796930243885e+00,1.166133370134048164e-04
1.310366814122249535e+00,1.160143510787747800e-04
1.310530645058032073e+00,1.154164783656597137e-04
1.310694290160133058e+00,1.148235678556375206e-04
1.310857749849657639e+00,1.142352266469970345e-04
1.311021024546281222e+00,1.136502105509862304e-04
1.311184114668256129e+00,1.130646778619848192e-04
1.311347020632418037e+00,1.124779882957227528e-04
1.311509742854191529e+00,1.119051084970124066e-04
1.311672281747597424e+00,1.113327234634198248e-04
1.311834637725259212e+00,1.107585921999998391e-04
1.311996811198407942e+00,1.101911839214153588e-04
1.312158802576890215e+00,1.096283740480430424e-04
1.312320612269173292e+00,1.090656442102044821e-04
1.312482240682351753e+00,1.085089097614400089e-04
1.312643688222153271e+00,1.079517023754306138e-04
1.312804955292944609e+00,1.074004103429615498e-04
1.312966042297739167e+00,1.068483907147310674e-04
1.313126949638200980e+00,1.063003946910612285e-04
1.313287677714651158e+00,1.057558110915124416e-04
1.313448226926075657e+00,1.052165825967676938e-04
1.313608597670129052e+00,1.046803954523056746e-04
1.313768790343140758e+00,1.041417199303396046e-04
1.313928805340123018e+00,1.036119720083661377e-04
1.314088643054773797e+00,1.030823477776721120e-04
1.314248303879484103e+00,1.025552483042702079e-04
1.314407788205344429e+00,1.020292475004680455e-04
1.314567096422148751e+00,1.015069938148371875e-04
1.314726228918401851e+00,1.009857005556114018e-04
1.314885186081324431e+00,1.004703517537564039e-04
1.315043968296857768e+00,9.995976870413869619e-05
1.315202575949670827e+00,9.944734483724460006e-05
1.315361009423165806e+00,9.893903188640251756e-05
1.315519269099482136e+00,9.842962754191830754e-05
1.315677355359504030e+00,9.792799392016604543e-05
1.315835268582863815e+00,9.742973634274676442e-05
1.315993009147949699e+00,9.693250467535108328e-05
1.316150577431909330e+00,9.643824887461960316e-05
1.316307973810656451e+00,9.594809671398252249e-05
1.316465198658875790e+00,9.545408829580992460e-05
1.316622252350027944e+00,9.497189603280276060e-05
1.316779135256355371e+00,9.448308264836668968e-05
1.316935847748887500e+00,9.400230192113667727e-05
1.317092390197446727e+00,9.352398046758025885e-05
1.317248762970651743e+00,9.304902050644159317e-05
1.317404966435924196e+00,9.257172496290877461e-05
1.317561000959494022e+00,9.210307325702160597e-05
1.317716866906404105e+00,9.163332288153469563e-05
1.317872564640514499e+00,9.116516594076529145e-05
1.318028094524510196e+00,9.069970838027074933e-05
1.318183456919902907e+00,9.023664460983127356e-05
1.318338652187038607e+00,8.977823017630726099e-05
1.318493680685100866e+00,8.932160562835633755e-05
1.318648542772117516e+00,8.886781142791733146e-05
1.318803238804963529e+00,8.841315866447985172e-05
1.318957769139368574e+00,8.796355541562661529e-05
1.319112134129918790e+00,8.751586574362590909e-05
1.319266334130064777e+00,8.707218512427061796e-05
1.319420369492123823e+00,8.662909385748207569e-05
1.319574240567287005e+00,8.618944411864504218e-05
1.319727947705622295e+00,8.575042011216282845e-05
1.319881491256079675e+00,8.531301136827096343e-05
1.320034871566497126e+00,8.487868763040751219e-05
1.320188088983603070e+00,8.444773993687704206e-05
1.320341143853024146e+00,8.402078674407675862e-05
1.320494036519286096e+00,8.359732601093128324e-05
1.320646767325821980e+00,8.317107131006196141e-05
1.320799336614975061e+00,8.274831634480506182e-05
1.320951744728002808e+00,8.232687105191871524e-05
1.321103992005083549e+00,8.190653170458972454e-05
1.321256078785318477e+00,8.149212226271629333e-05
1.321408005406738528e+00,8.107726898742839694e-05
1.321559772206306826e+00,8.066689770203083754e-05
1.321711379519925567e+00,8.025503484532237053e-05
1.321862827682438013e+00,7.984738476807251573e-05
1.322014117027634272e+00,7.944194658193737268e-05
1.322165247888255735e+00,7.904100493760779500e-05
1.322316220595998404e+00,7.863843347877264023e-05
1.322467035481519337e+00,7.823987107258290052e-05
1.322617692874438644e+00,7.784496119711548090e-05
1.322768193103345258e+00,7.744648610241711140e-05
1.322918536495800712e+00,7.705763709964230657e-05
1.323068723378343359e+00,7.666550663998350501e-05
1.323218754076493697e+00,7.627573359059169888e-05
1.323368628914756373e+00,7.588804874103516340e-05
1.323518348216627283e+00,7.550231384811922908e-05
1.323667912304594907e+00,7.512152660638093948e-05
1.323817321500146083e+00,7.473960431525483727e-05
1.323966576123770444e+00,7.436272426275536418e-05
1.324115676494963756e+00,7.398649904644116759e-05
1.324264622932231683e+00,7.361228199442848563e-05
1.324413415753094903e+00,7.323610043385997415e-05
1.324562055274092653e+00,7.286582695087417960e-05
1.324710541810786513e+00,7.249942427733913064e-05
1.324858875677765058e+00,7.213102071546018124e-05
1.325007057188647419e+00,7.176517101470381021e-05
1.325155086656086834e+00,7.140101661207154393e-05
1.325302964391776195e+00,7.104054384399205446e-05
1.325450690706449830e+00,7.068105333019047976e-05
1.325598265909889051e+00,7.032472785795107484e-05
1.325745690310925706e+00,6.996867887210100889e-05
1.325892964217445291e+00,6.961263716220855713e-05
1.326040087936391165e+00,6.926390051376074553e-05
1.326187061773770104e+00,6.891295925015583634e-05
1.326333886034652743e+00,6.856385880382731557e-05
1.326480561023180238e+00,6.821685383329167962e-05
1.326627087042567155e+00,6.787329039070755243e-05
1.326773464395104796e+00,6.752934859832748771e-05
1.326919693382164755e+00,6.718833901686593890e-05
1.327065774304204693e+00,6.684983964078128338e-05
1.327211707460768775e+00,6.651345756836235523e-05
1.327357493150493895e+00,6.617765757255256176e-05
1.327503131671113223e+00,6.584604852832853794e-05
1.327648623319457544e+00,6.551135447807610035e-05
1.327793968391461910e+00,6.518080772366374731e-05
1.327939167182167202e+00,6.485364428954198956e-05
1.328084219985724346e+00,6.452600064221769571e-05
1.328229127095398310e+00,6.420219142455607653e-05
1.328373888803571434e+00,6.387793109752237797e-05
1.328518505401745431e+00,6.355410005198791623e-05
1.328662977180548044e+00,6.323755951598286629e-05
1.328807304429733716e+00,6.291865429375320673e-05
1.328951487438188250e+00,6.260182999540120363e-05
1.329095526493932589e+00,6.228998245205730200e-05
1.329239421884125472e+00,6.197630864335224032e-05
1.329383173895067660e+00,6.166332605062052608e-05
1.329526782812204821e+00,6.135415605967864394e-05
1.329670248920130193e+00,6.104584463173523545e-05
1.329813572502590135e+00,6.074081829865463078e-05
1.329956753842485240e+00,6.043440589564852417e-05
1.330099793221875437e+00,6.013023448758758605e-05
1.330242690921981552e+00,5.982600487186573446e-05
1.330385447223190631e+00,5.952763967798091471e-05
1.330528062405057499e+00,5.922919808654114604e-05
1.330670536746308752e+00,5.893126217415556312e-05
1.330812870524846758e+00,5.863612022949382663e-05
1.330955064017751210e+00,5.834161856910213828e-05
1.331097117501283789e+00,5.804691318189725280e-05
1.331239031250891047e+00,5.775459430878981948e-05
1.331380805541207080e+00,5.746880196966230869e-05
1.331522440646057737e+00,5.717778549296781421e-05
1.331663936838462625e+00,5.688977762474678457e-05
1.331805294390639105e+00,5.660590613842941821e-05
1.331946513574005175e+00,5.632174725178629160e-05
1.332087594659182139e+00,5.603803947451524436e-05
1.332228537915998823e+00,5.575747127295471728e-05
1.332369343613493573e+00,5.547719047171995044e-05
1.332510012019917811e+00,5.519905971596017480e-05
1.332650543402739141e+00,5.492196578416042030e-05
1.332790938028644456e+00,5.464616333483718336e-05
1.332931196163542387e+00,5.437043000711128116e-05
1.333071318072567069e+00,5.409867299022153020e-05
1.333211304020081034e+00,5.382759627536870539e-05
1.333351154269677652e+00,5.355854955269023776e-05
1.333490869084184682e+00,5.328926272341050208e-05
1.333630448725667161e+00,5.302332647261209786e-05
1.333769893455429623e+00,5.275708099361509085e-05
1.333909203534020316e+00,5.249133755569346249e-05
1.334048379221233427e+00,5.222971594776026905e-05
1.334187420776111521e+00,5.196916390559636056e-05
1.334326328456949318e+00,5.170687290956266224e-05
1.334465102521295687e+00,5.144683018443174660e-05
1.334603743225957428e+00,5.119148045196197927e-05
1.334742250827001930e+00,5.093403524369932711e-05
1.334880625579759172e+00,5.067993697593919933e-05
1.335018867738825277e+00,5.042606790084391832e-05
1.335156977558065616e+00,5.017439980292692780e-05
1.335294955290616370e+00,4.992137837689369917e-05
1.335432801188889185e+00,4.967132917954586446e-05
1.335570515504572064e+00,4.942282976116985083e-05
1.335708098488633144e+00,4.917516707791946828e-05
1.335845550391323577e+00,4.892808283329941332e-05
1.335982871462179311e+00,4.868432370130904019e-05
1.336120061950024862e+00,4.844079376198351383e-05
1.336257122102975314e+00,4.819890818907879293e-05
1.336394052168439872e+00,4.795913991983979940e-05
1.336530852393122748e+00,4.771948078996501863e-05
1.336667523023028270e+00,4.748189894598908722e-05
1.336804064303461770e+00,4.724267637357115746e-05
1.336940476479032469e+00,4.700755380326882005e-05
1.337076759793657033e+00,4.677187462220899761e-05
1.337212914490560900e+00,4.653866562875919044e-05
1.337348940812281617e+00,4.630541297956369817e-05
1.337484839000671943e+00,4.607516166288405657e-05
1.337620609296901186e+00,4.584599810186773539e-05
1.337756251941458752e+00,4.561783134704455733e-05
1.337891767174155699e+00,4.538851499091833830e-05
1.338027155234128962e+00,4.516339322435669601e-05
1.338162416359842233e+00,4.493601954891346395e-05
1.338297550789089296e+00,4.471104330150410533e-05
1.338432558758996027e+00,4.448808977031148970e-05
1.338567440506023942e+00,4.426661325851455331e-05
1.338702196265970867e+00,4.404749779496341944e-05
1.338836826273975822e+00,4.382677434477955103e-05
1.338971330764518797e+00,4.360837192507460713e-05
1.339105709971425640e+00,4.339076258474960923e-05
1.339239964127868943e+00,4.317479397286660969e-05
1.339374093466370930e+00,4.295752660254947841e-05
1.339508098218805898e+00,4.274214006727561355e-05
1.339641978616402662e+00,4.253167207934893668e-05
1.339775734889747438e+00,4.231890852679498494e-05
1.339909367268784512e+00,4.210998667986132205e-05
1.340042875982820680e+00,4.189967148704454303e-05
1.340176261260526136e+00,4.168985469732433558e-05
1.340309523329938468e+00,4.148329026065766811e-05
1.340442662418462660e+00,4.127598367631435394e-05
1.340575678752875755e+00,4.107029599254019558e-05
1.340708572559327294e+00,4.086373155587352812e-05
1.340841344063342433e+00,4.066090696142055094e-05
1.340973993489825045e+00,4.045731839141808450e-05
1.341106521063058610e+00,4.025664748041890562e-05
1.341238927006708881e+00,4.005662776762619615e-05
1.341371211543826991e+00,3.985773582826368511e-05
1.341503374896850787e+00,3.965900759794749320e-05
1.341635417287607268e+00,3.946149445255286992e-05
1.341767338937315035e+00,3.926441422663629055e-05
1.341899140066586282e+00,3.906922938767820597e-05
1.342030820895428800e+00,3.887314960593357682e-05
1.342162381643249303e+00,3.868056592182256281e-05
1.342293822528854319e+00,3.848770211334340274e-05
1.342425143770452634e+00,3.829497291008010507e-05
1.342556345585658173e+00,3.810314956353977323e-05
1.342687428191491783e+00,3.791422932408750057e-05
1.342818391804382339e+00,3.772435593418776989e-05
1.342949236640171184e+00,3.753725832211785018e-05
1.343079962914111913e+00,3.735108475666493177e-05
1.343210570840873919e+00,3.716550418175756931e-05
1.343341060634544393e+00,3.698078944580629468e-05
1.343471432508629215e+00,3.679592919070273638e-05
1.343601686676056728e+00,3.661204391391947865e-05
1.343731823349178844e+00,3.642990122898481786e-05
1.343861842739773715e+00,3.624616147135384381e-05
1.343991745059046616e+00,3.606708924053236842e-05
1.344121530517633722e+00,3.588830804801546037e-05
1.344251199325602775e+00,3.571003253455273807e-05
1.344380751692455078e+00,3.553291753632947803e-05
1.344510187827129055e+00,3.535703945090062916e-05
1.344639507938001133e+00,3.517972436384297907e-05
1.344768712232887076e+00,3.500455204630270600e-05
1.344897800919045538e+00,3.482989995973184705e-05
1.345026774203178954e+00,3.465625559329055250e-05
1.345155632291436421e+00,3.448491770541295409e-05
1.345284375389414366e+00,3.431503500905819237e-05
1.345413003702159660e+00,3.414292223169468343e-05
1.345541517434171608e+00,3.397416367079131305e-05
1.345669916789402620e+00,3.380294219823554158e-05
1.345798201971262431e+00,3.363504947628825903e-05
1.345926373182616764e+00,3.346922676428221166e-05
1.346054430625792664e+00,3.330301842652261257e-05
1.346182374502578494e+00,3.313895285828039050e-05
1.346310205014225714e+00,3.297402145108208060e-05
1.346437922361451989e+00,3.281020690337754786e-05
1.346565526744441854e+00,3.264705810579471290e-05
1.346693018362849603e+00,3.248544089728966355e-05
1.346820397415799953e+00,3.232350718462839723e-05
1.346947664101891817e+00,3.216401455574668944e-05
1.347074818619197645e+00,3.200493301847018301e-05
1.347201861165267855e+00,3.184660818078555167e-05
1.347328791937130621e+00,3.168797411490231752e-05
1.347455611131294972e+00,3.153116631438024342e-05
1.347582318943751467e+00,3.137418752885423601e-05
1.347708915569975963e+00,3.121900590485893190e-05
1.347835401204928951e+00,3.106394069618545473e-05
1.347961776043059334e+00,3.090988320764154196e-05
1.348088040278304867e+00,3.075636050198227167e-05
1.348214194104095265e+00,3.060542076127603650e-05
1.348340237713353096e+00,3.045261473744176328e-05
1.348466171298494665e+00,3.030341213161591440e-05
1.348591995051434900e+00,3.015284346474800259e-05
1.348717709163584910e+00,3.000359356519766152e-05
1.348843313825857315e+00,2.985438732139300555e-05
1.348968809228665577e+00,2.970617242681328207e-05
1.349094195561927334e+00,2.956014031951781362e-05
1.349219473015065063e+00,2.941334787465166301e-05
1.349344641777008524e+00,2.926869274233467877e-05
1.349469702036196317e+00,2.912426862167194486e-05
1.349594653980576542e+00,2.898057391576003283e-05
1.349719497797610579e+00,2.883760316763073206e-05
1.349844233674272642e+00,2.869474519684445113e-05
1.349968861797052444e+00,2.855305501725524664e-05
1.350093382351957638e+00,2.841255809471476823e-05
1.350217795524513598e+00,2.827177013386972249e-05
1.350342101499766745e+00,2.813335959217511117e-05
1.350466300462285663e+00,2.799537833197973669e-05
1.350590392596162648e+00,2.785615106404293329e-05
1.350714378085014378e+00,2.771841354842763394e-05
1.350838257111986129e+00,2.758277878456283361e-05
1.350962029859750890e+00,2.744655103015247732e-05
1.351085696510511802e+00,2.731101267272606492e-05
1.351209257246004380e+00,2.717617280723061413e-05
1.351332712247497181e+00,2.704129656194709241e-05
1.351456061695793798e+00,2.690864675969351083e-05
1.351579305771234418e+00,2.677707743714563549e-05
1.351702444653698487e+00,2.664476960489992052e-05
1.351825478522603596e+00,2.651501017680857331e-05
1.351948407556909482e+00,2.638376281538512558e-05
1.352071231935119355e+00,2.625361958052963018e-05
1.352193951835279906e+00,2.612476419017184526e-05
1.352316567434984629e+00,2.599706931505352259e-05
1.352439078911374049e+00,2.586838309071026742e-05
1.352561486441138161e+00,2.574025165813509375e-05
1.352683790200517322e+00,2.561453038651961833e-05
1.352805990365304245e+00,2.548858356021810323e-05
1.352928087110845334e+00,2.536366264394018799e-05
1.353050080612042239e+00,2.523826515243854374e-05
1.353171971043352739e+00,2.511523598514031619e-05
1.353293758578793415e+00,2.499212860129773617e-05
1.353415443391940531e+00,2.486905577825382352e-05
1.353537025655931147e+00,2.474616485415026546e-05
1.353658505543464896e+00,2.462477095832582563e-05
1.353779883226806424e+00,2.450434476486407220e-05
1.353901158877784283e+00,2.438366573187522590e-05
1.354022332667796036e+00,2.426343780825845897e-05
1.354143404767806258e+00,2.414416849205736071e-05
1.354264375348349647e+00,2.402584141236729920e-05
1.354385244579533465e+00,2.390789086348377168e-05
1.354506012631035983e+00,2.379033321631141007e-05
1.354626679672110923e+00,2.367437991779297590e-05
1.354747245871587902e+00,2.355727701797150075e-05
1.354867711397872210e+00,2.344226049899589270e-05
1.354988076418949250e+00,2.332724034204147756e-05
1.355108341102383429e+00,2.321191277587786317e-05
1.355228505615320156e+00,2.309745104867033660e-05
1.355348570124488283e+00,2.298431900271680206e-05
1.355468534796200775e+00,2.287131792400032282e-05
1.355588399796355370e+00,2.275960105180274695e-05
1.355708165290437028e+00,2.264834256493486464e-05
1.355827831443518816e+00,2.253718776046298444e-05
1.355947398420263461e+00,2.242620757897384465e-05
1.356066866384924907e+00,2.231735561508685350e-05
1.356186235501348980e+00,2.220702845079358667e-05
1.356305505932974942e+00,2.209829472121782601e-05
1.356424677842837712e+00,2.199007758463267237e-05
1.356543751393568087e+00,2.188261714763939381e-05
1.356662726747394521e+00,2.177533860958646983e-05
1.356781604066144453e+00,2.166823469451628625e-05
1.356900383511245645e+00,2.156256232410669327e-05
1.357019065243727729e+00,2.145729558833409101e-05
1.357137649424222881e+00,2.135177601303439587e-05
1.357256136212967590e+00,2.124847924278583378e-05
1.357374525769803775e+00,2.114390008500777185e-05
1.357492818254180778e+00,2.104016857629176229e-05
1.357611013825155366e+00,2.093742295983247459e-05
1.357729112641393510e+00,2.083404069708194584e-05
1.357847114861172821e+00,2.073246469080913812e-05
1.357965020642381893e+00,2.063071951852180064e-05
1.358082830142522957e+00,2.053033313131891191e-05
1.358200543518712999e+00,2.042950836766976863e-05
1.358318160927683982e+00,2.033034070336725563e-05
1.358435682525785726e+00,2.023071829171385616e-05
1.358553108468985249e+00,2.013176890613976866e-05
1.358670438912870093e+00,2.003253212023992091e-05
1.358787674012647662e+00,1.993493788177147508e-05
1.358904813923147881e+00,1.983793299586977810e-05
1.359021858798823423e+00,1.974199949472676963e-05
1.359138808793751707e+00,1.964594412129372358e-05
1.359255664061635338e+00,1.954942672455217689e-05
1.359372424755804332e+00,1.945412077475339174e-05
1.359489091029216112e+00,1.935864929691888392e-05
1.359605663034457734e+00,1.926392178575042635e-05
1.359722140923746103e+00,1.916974724736064672e-05
1.359838524848930641e+00,1.907570731418672949e-05
1.359954814961492842e+00,1.898382834042422473e-05
1.360071011412548714e+00,1.889111081254668534e-05
1.360187114352848559e+00,1.879907904367428273e-05
1.360303123932780078e+00,1.870661799330264330e-05
1.360419040302367932e+00,1.861510463641025126e-05
1.360534863611275069e+00,1.852446439443156123e-05
1.360650594008805614e+00,1.843463905970565975e-05
1.360766231643903090e+00,1.834515569498762488e-05
1.360881776665153531e+00,1.825514664233196527e-05
1.360997229220787474e+00,1.816589974623639137e-05
1.361112589458678412e+00,1.807802436815109104e-05
1.361227857526345897e+00,1.798939229047391564e-05
1.361343033570956429e+00,1.790180795069318265e-05
1.361458117739323903e+00,1.781422542990185320e-05
1.361573110177911383e+00,1.772728137439116836e-05
1.361688011032831769e+00,1.764146145433187485e-05
1.361802820449850016e+00,1.755531957314815372e-05
1.361917538574381803e+00,1.747055102896410972e-05
1.362032165551497531e+00,1.738513856253121048e-05
1.362146701525921655e+00,1.730057192617096007e-05
1.362261146642034015e+00,1.721609987725969404e-05
1.362375501043871173e+00,1.713202073005959392e-05
1.362489764875127518e+00,1.704880560282617807e-05
1.362603938279156601e+00,1.696562867437023669e-05
1.362718021398971580e+00,1.688309021119493991e-05
1.362832014377246548e+00,1.680092645983677357e-05
1.362945917356317649e+00,1.671984864515252411e-05
1.363059730478184406e+00,1.663874718360602856e-05
1.363173453884510389e+00,1.655715823289938271e-05
1.363287087716624324e+00,1.647620410949457437e-05
1.363400632115521649e+00,1.639594302105251700e-05
1.363514087221864957e+00,1.631584746064618230e-05
1.363627453175984661e+00,1.623683965590316802e-05
1.363740730117881883e+00,1.615819928701967001e-05
1.363853918187226455e+00,1.607971898920368403e-05
1.363967017523361802e+00,1.600101313670165837e-05
1.364080028265302280e+00,1.592335320310667157e-05
1.364192950551736283e+00,1.584594429004937410e-05
1.364305784521027354e+00,1.576907015987671912e-05
1.364418530311213962e+00,1.569252890476491302e-05
1.364531188060011280e+00,1.561567660246510059e-05
1.364643757904812293e+00,1.554029222461394966e-05
1.364756239982688690e+00,1.546496787341311574e-05
1.364868634430391747e+00,1.538933975098188967e-05
1.364980941384353219e+00,1.531454836367629468e-05
1.365093160980686893e+00,1.524102663097437471e-05
1.365205293355188365e+00,1.516663178335875273e-05
1.365317338643337930e+00,1.509268440713640302e-05
1.365429296980299467e+00,1.501925271440995857e-05
1.365541168500922886e+00,1.494690604886272922e-05
1.365652953339744791e+00,1.487484678364126012e-05
1.365764651630989146e+00,1.480202172388089821e-05
1.365876263508568167e+00,1.472992244089255109e-05
1.365987789106083872e+00,1.465863351768348366e-05
1.366099228556828304e+00,1.458787755836965516e-05
1.366210581993785311e+00,1.451661410101223737e-05
1.366321849549630763e+00,1.444613917556125671e-05
1.366433031356733885e+00,1.437651553715113550e-05
1.366544127547157705e+00,1.430695192539133132e-05
1.366655138252661272e+00,1.423759749741293490e-05
1.366766063604698989e+00,1.416833219991531223e-05
1.366876903734422166e+00,1.409997094015125185e-05
1.366987658772680803e+00,1.403130045218858868e-05
1.367098328850023581e+00,1.396334755554562435e-05
1.367208914096697647e+00,1.389568205922842026e-05
1.367319414642653275e+00,1.382820209983037785e-05
1.367429830617540309e+00,1.376086220261640847e-05
1.367540162150711947e+00,1.369414803775725886e-05
1.367650409371224951e+00,1.362770672130864114e-05
1.367760572407840325e+00,1.356157554255332798e-05
1.367870651389023973e+00,1.349630383629119024e-05
1.367980646442948700e+00,1.343066651315893978e-05
1.368090557697493326e+00,1.336569948762189597e-05
1.368200385280245790e+00,1.330089162365766242e-05
1.368310129318502266e+00,1.323675041930982843e-05
1.368419789939268272e+00,1.317233818554086611e-05
1.368529367269260888e+00,1.310876814386574551e-05
1.368638861434908094e+00,1.304523084399988875e-05
1.368748272562349655e+00,1.298167717322940007e-05
1.368857600777440009e+00,1.291904845857061446e-05
1.368966846205746268e+00,1.285695816477527842e-05
1.369076008972551328e+00,1.279459775105351582e-05
1.369185089202853645e+00,1.273297493753489107e-05
1.369294087021368567e+00,1.267112293135141954e-05
1.369403002552528559e+00,1.260967837879434228e-05
1.369511835920485199e+00,1.254878952750004828e-05
1.369620587249108734e+00,1.248811258847126737e-05
1.369729256661988970e+00,1.242768757947487757e-05
1.369837844282438155e+00,1.236715070263016969e-05
1.369946350233488763e+00,1.230769339599646628e-05
1.370054774637897266e+00,1.224879633809905499e-05
1.370163117618142357e+00,1.218933357449714094e-05
1.370271379296427616e+00,1.213005452882498503e-05
1.370379559794681734e+00,1.207169134431751445e-05
1.370487659234558953e+00,1.201337272505043074e-05
1.370595677737440621e+00,1.195511504192836583e-05
1.370703615424435640e+00,1.189716022054199129e-05
1.370811472416381349e+00,1.183998392662033439e-05
1.370919248833843529e+00,1.178290222014766186e-05
1.371026944797119063e+00,1.172610245703253895e-05
1.371134560426234827e+00,1.166949186881538481e-05
1.371242095840949915e+00,1.161331147159216926e-05
1.371349551160754965e+00,1.155713380285305902e-05
1.371456926504874829e+00,1.150123534898739308e-05
1.371564221992267241e+00,1.144557882071239874e-05
1.371671437741625921e+00,1.139060350396903232e-05
1.371778573871379470e+00,1.133620662585599348e-05
1.371885630499692699e+00,1.128085023083258420e-05
1.371992607744468184e+00,1.122648700402351096e-05
1.372099505723345381e+00,1.117189549404429272e-05
1.372206324553703727e+00,1.111853453039657325e-05
1.372313064352661538e+00,1.106562194763682783e-05
1.372419725237076893e+00,1.101206544262822717e-05
1.372526307323549410e+00,1.095891457225661725e-05
1.372632810728420472e+00,1.090587102225981653e-05
1.372739235567773886e+00,1.085308576875831932e-05
1.372845581957437000e+00,1.080116817320231348e-05
1.372951850012980479e+00,1.074899137165630236e-05
1.373058039849720746e+00,1.069735844794195145e-05
1.373164151582718873e+00,1.064626030711224303e-05
1.373270185326783022e+00,1.059518854162888601e-05
1.373376141196468003e+00,1.054407766787335277e-05
1.373482019306076607e+00,1.049332695401972160e-05
1.373587819769659379e+00,1.044308100972557440e-05
1.373693542701017289e+00,1.039229846355738118e-05
1.373799188213700617e+00,1.034239085129229352e-05
1.373904756421010731e+00,1.029238046612590551e-05
1.374010247436000087e+00,1.024304310703882948e-05
1.374115661371473340e+00,1.019372848531929776e-05
1.374220998339988231e+00,1.014490771922282875e-05
1.374326258453856475e+00,1.009615880320779979e-05
1.374431441825143541e+00,1.004738078336231411e-05
1.374536548565670202e+00,9.999073881772346795e-06
1.374641578787012763e+00,9.951098945748526603e-06
1.374746532600504612e+00,9.903639693220611662e-06
1.374851410117235773e+00,9.855955795501358807e-06
1.374956211448054466e+00,9.808825780055485666e-06
1.375060936703567771e+00,9.761654837348032743e-06
1.375165585994141182e+00,9.715125997900031507e-06
1.375270159429901051e+00,9.668046914157457650e-06
1.375374657120733923e+00,9.621652679925318807e-06
1.375479079176287867e+00,9.575230251357425004e-06
1.375583425705973584e+00,9.529050657874904573e-06
1.375687696818963746e+00,9.483274880039971322e-06
1.375791892624194990e+00,9.438022971153259277e-06
1.375896013230367476e+00,9.392688298248685896e-06
1.376000058745947108e+00,9.347632840217556804e-06
1.376104029279164642e+00,9.302541911893058568e-06
1.376207924938016802e+00,9.258492355002090335e-06
1.376311745830268274e+00,9.214080819219816476e-06
1.376415492063449708e+00,9.169722034130245447e-06
1.376519163744861052e+00,9.126018994720652699e-06
1.376622760981570881e+00,9.082075848709791899e-06
1.376726283880417290e+00,9.038689313456416130e-06
1.376829732548008112e+00,8.995185453386511654e-06
1.376933107090722475e+00,8.952553798735607415e-06
1.377036407614710800e+00,8.909890311770141125e-06
1.377139634225895914e+00,8.866849384503439069e-06
1.377242787029973048e+00,8.824436008580960333e-06
1.377345866132411389e+00,8.782278200669679791e-06
1.377448871638453642e+00,8.740114026295486838e-06
1.377551803653117357e+00,8.698199962964281440e-06
1.377654662281196041e+00,8.656675163365434855e-06
1.377757447627258269e+00,8.615950719104148448e-06
1.377860159795650352e+00,8.574437742936424911e-06
1.377962798890495000e+00,8.533656910003628582e-06
1.378065365015693322e+00,8.492786037095356733e-06
1.378167858274924606e+00,8.452493602817412466e-06
1.378270278771647872e+00,8.411888302362058312e-06
1.378372626609101870e+00,8.372018783120438457e-06
1.378474901890304860e+00,8.331756362167652696e-06
1.378577104718057500e+00,8.292133315990213305e-06
1.378679235194941066e+00,8.252782208728604019e-06
1.378781293423319898e+00,8.213387445721309632e-06
1.378883279505340731e+00,8.173915375664364547e-06
1.378985193542934029e+00,8.135139978548977524e-06
1.379087035637814429e+00,8.096460078377276659e-06
1.379188805891480962e+00,8.057924787863157690e-06
1.379290504405218831e+00,8.019594133656937629e-06
1.379392131280098521e+00,7.981320777616929263e-06
1.379493686616976911e+00,7.943433956825174391e-06
1.379595170516498825e+00,7.905206075520254672e-06
1.379696583079095706e+00,7.867921340221073478e-06
1.379797924404988718e+00,7.830389222363010049e-06
1.379899194594186973e+00,7.793586519255768508e-06
1.380000393746489529e+00,7.756332706776447594e-06
1.380101521961485611e+00,7.719660061411559582e-06
1.380202579338554614e+00,7.682449904677923769e-06
1.380303565976867874e+00,7.645836376468650997e-06
1.380404481975388675e+00,7.609558906551683322e-06
1.380505327432872242e+00,7.573542461614124477e-06
1.380606102447867078e+00,7.537547844549408183e-06
1.380706807118715629e+00,7.501747859350871295e-06
1.380807441543553837e+00,7.465963790309615433e-06
1.380908005820313367e+00,7.430302503053098917e-06
1.381008500046720266e+00,7.395138254651101306e-06
1.381108924320296971e+00,7.360253221122547984e-06
1.381209278738362745e+00,7.325134902202989906e-06
1.381309563398033458e+00,7.290559096873039380e-06
1.381409778396222920e+00,7.255930086103035137e-06
1.381509923829642217e+00,7.221422492875717580e-06
1.381609999794802590e+00,7.187038590927841142e-06
1.381710006388013445e+00,7.152843863877933472e-06
1.381809943705384569e+00,7.118988833099137992e-06
1.381909811842826130e+00,7.085748165991390124e-06
1.382009610896049123e+00,7.052050477796001360e-06
1.382109340960565813e+00,7.018883934506447986e-06
1.382209002131691067e+00,6.985426352912327275e-06
1.382308594504542132e+00,6.952247076696949080e-06
1.382408118174039302e+00,6.919535735505633056e-06
1.382507573234906584e+00,6.886747087264666334e-06
1.382606959781672584e+00,6.854096227471018210e-06
1.382706277908669845e+00,6.821765055065043271e-06
1.382805527710037286e+00,6.789510734961368144e-06
1.382904709279718869e+00,6.757600203854963183e-06
1.383003822711464936e+00,6.725679668306838721e-06
1.383102868098833538e+00,6.693660452583571896e-06
1.383201845535189545e+00,6.662235591647913679e-06
1.383300755113705316e+00,6.630560619669267908e-06
1.383399596927363140e+00,6.599122571060433984e-06
1.383498371068953015e+00,6.568110165972029790e-06
1.383597077631074646e+00,6.537304670928278938e-06
1.383695716706138779e+00,6.506171757791889831e-06
1.383794288386365645e+00,6.475598183897091076e-06
1.383892792763786961e+00,6.445030066970502958e-06
1.383991229930246147e+00,6.414570179913425818e-06
1.384089599977398333e+00,6.384450443874811754e-06
1.384187902996712793e+00,6.354307515721302480e-06
1.384286139079469402e+00,6.324530659185256809e-06
1.384384308316763956e+00,6.294451395660871640e-06
1.384482410799505514e+00,6.264810053835390136e-06
1.384580446618417504e+00,6.235375167307211086e-06
1.384678415864039280e+00,6.206217676663072780e-06
1.384776318626725011e+00,6.177001523610670120e-06
1.384874154996646123e+00,6.147612111817579716e-06
1.384971925063789522e+00,6.118665169196901843e-06
1.385069628917960483e+00,6.090032911743037403e-06
1.385167266648780648e+00,6.061507974663982168e-06
1.385264838345690919e+00,6.032729288563132286e-06
1.385362344097950338e+00,6.004540864523733035e-06
1.385459783994637428e+00,5.976253305561840534e-06
1.385557158124649968e+00,5.948098987573757768e-06
1.385654466576705657e+00,5.920077001064782962e-06
1.385751709439343671e+00,5.892315584787866101e-06
1.385848886800923330e+00,5.864508239028509706e-06
1.385945998749626318e+00,5.837018306920072064e-06
1.386043045373455573e+00,5.809693448100006208e-06
1.386140026760237287e+00,5.782540938525926322e-06
1.386236942997620236e+00,5.755201073043281212e-06
1.386333794173076672e+00,5.728272753913188353e-06
1.386430580373902766e+00,5.701357167708920315e-06
1.386527301687219715e+00,5.674394287780160084e-06
1.386623958199972639e+00,5.647983925882726908e-06
1.386720549998933016e+00,5.621483069262467325e-06
1.386817077170697354e+00,5.595297352556372061e-06
1.386913539801688744e+00,5.569098902924451977e-06
1.387009937978156859e+00,5.543109182326588780e-06
1.387106271786179512e+00,5.517034878721460700e-06
1.387202541311660653e+00,5.491367573995376006e-06
1.387298746640333702e+00,5.465484264277620241e-06
1.387394887857760217e+00,5.440104359877295792e-06
1.387490965049330560e+00,5.414586212282301858e-06
1.387586978300264784e+00,5.389266334532294422e-06
1.387682927695613300e+00,5.364043772715376690e-06
1.387778813320256432e+00,5.338926712283864617e-06
1.387874635258905309e+00,5.313816927809966728e-06
1.387970393596102747e+00,5.289082764647901058e-06
1.388066088416223476e+00,5.264322680886834860e-06
1.388161719803474137e+00,5.239968686510110274e-06
1.388257287841893506e+00,5.215616056375438347e-06
1.388352792615354270e+00,5.191043328522937372e-06
1.388448234207562804e+00,5.166682512935949489e-06
1.388543612702058283e+00,5.142424924997612834e-06
1.388638928182215793e+00,5.118410626892000437e-06
1.388734180731244328e+00,5.094461357657564804e-06
1.388829370432188348e+00,5.070859515399206430e-06
1.388924497367928002e+00,5.047057584306458011e-06
1.389019561621179788e+00,5.023502126277890056e-06
1.389114563274497005e+00,5.000289547751890495e-06
1.389209502410269081e+00,4.977082426194101572e-06
1.389304379110723797e+00,4.953715233568800613e-06
1.389399193457926618e+00,4.930821887683123350e-06
1.389493945533781138e+00,4.907733909931266680e-06
1.389588635420029750e+00,4.884808276983676478e-06
1.389683263198253860e+00,4.862143669015495107e-06
1.389777828949874783e+00,4.839589109906228259e-06
1.389872332756153739e+00,4.816956788999959826e-06
1.389966774698191854e+00,4.794507276528747752e-06
1.390061154856931935e+00,4.772336978930979967e-06
1.390155473313156920e+00,4.749969320982927456e-06
1.390249730147492979e+00,4.727900432044407353e-06
1.390343925440406858e+00,4.705806077254237607e-06
1.390438059272208760e+00,4.683945917349774390e-06
1.390532131723051013e+00,4.662153060053242370e-06
1.390626142872929849e+00,4.640370207198429853e-06
1.390720092801684959e+00,4.619032552000135183e-06
1.390813981589000603e+00,4.597570750775048509e-06
1.390907809314404942e+00,4.576400897349230945e-06
1.391001576057271150e+00,4.554944553092354909e-06
1.391095281896818081e+00,4.533804258244344965e-06
1.391188926912110269e+00,4.512807663559215143e-06
1.391282511182057702e+00,4.491921572480350733e-06
1.391376034785418492e+00,4.470914973353501409e-06
1.391469497800795985e+00,4.450183951121289283e-06
1.391562900306641648e+00,4.429417003848357126e-06
1.391656242381254405e+00,4.408987479109782726e-06
1.391749524102781965e+00,4.388690285850316286e-06
1.391842745549219496e+00,4.368332611193181947e-06
1.391935906798412281e+00,4.347860794950975105e-06
1.392029007928053508e+00,4.327956958150025457e-06
1.392122049015687146e+00,4.307901690481230617e-06
1.392215030138706844e+00,4.287936008040560409e-06
1.392307951374356811e+00,4.267998065188294277e-06
1.392400812799731824e+00,4.248254299454856664e-06
1.392493614491778553e+00,4.228648322168737650e-06
1.392586356527294233e+00,4.209072812955128029e-06
1.392679038982928663e+00,4.189706487522926182e-06
1.392771661935184868e+00,4.170164174865931273e-06
1.392864225460416661e+00,4.150891982135362923e-06
1.392956729634832636e+00,4.131585683353478089e-06
1.393049174534494394e+00,4.112728220206918195e-06
1.393141560235316989e+00,4.093743882549460977e-06
1.393233886813070477e+00,4.074758180649951100e-06
1.393326154343379031e+00,4.055924364365637302e-06
1.393418362901721830e+00,4.037102826259797439e-06
1.393510512563433723e+00,4.018597337562823668e-06
1.393602603403705009e+00,4.000054104835726321e-06
1.393694635497582102e+00,3.981628651672508568e-06
1.393786608919968195e+00,3.963319613831117749e-06
1.393878523745622822e+00,3.944980562664568424e-06
1.393970380049163182e+00,3.926800218323478475e-06
1.394062177905063926e+00,3.908664893970126286e-06
1.394153917387657371e+00,3.890665084327338263e-06
1.394245598571134170e+00,3.872899924317607656e-06
1.394337221529543980e+00,3.855088380078086630e-06
1.394428786336795456e+00,3.837282747554127127e-06
1.394520293066656258e+00,3.819519861281150952e-06
1.394611741792753490e+00,3.801922503043897450e-06
1.394703132588575256e+00,3.784533873840700835e-06
1.394794465527469329e+00,3.767132511711679399e-06
1.394885740682644926e+00,3.749913958017714322e-06
1.394976958127171596e+00,3.732935510925017297e-06
1.395068117933980778e+00,3.715791308422922157e-06
1.395159220175866244e+00,3.698591171996667981e-06
1.395250264925482764e+00,3.681506996144889854e-06
1.395341252255348774e+00,3.664554697024868801e-06
1.395432182237845264e+00,3.647762923719710670e-06
1.395523054945216002e+00,3.631233539636014029e-06
1.395613870449569083e+00,3.614568186094402336e-06
1.395704628822875826e+00,3.598023340600775555e-06
1.395795330136971879e+00,3.581610144465230405e-06
1.395885974463558110e+00,3.565214910850045271e-06
1.395976561874199717e+00,3.548737822711700574e-06
1.396067092440327118e+00,3.532760047164629214e-06
1.396157566233237057e+00,3.516624929034151137e-06
1.396247983324091724e+00,3.500509137666085735e-06
1.396338343783919189e+00,3.484565695544006303e-06
1.396428647683614965e+00,3.468543809503898956e-06
1.396518895093940893e+00,3.452725422903313302e-06
1.396609086085526474e+00,3.437024588492931798e-06
1.396699220728868873e+00,3.421241217438364401e-06
1.396789299094332693e+00,3.405698407732415944e-06
1.396879321252151307e+00,3.390184929230599664e-06
1.396969287272426641e+00,3.374649395482265390e-06
1.397059197225129612e+00,3.359358970556058921e-06
1.397149051180099910e+00,3.344153583384468220e-06
1.397238849207047329e+00,3.328832690385752358e-06
1.397328591375551321e+00,3.313680281280539930e-06
1.397418277755061444e+00,3.298620640634908341e-06
1.397507908414898692e+00,3.283636715423199348e-06
1.397597483424253717e+00,3.268801265221554786e-06
1.397687002852189275e+00,3.253972181482822634e-06
1.397776466767638670e+00,3.239163788748555817e-06
1.397865875239408417e+00,3.224462489015422761e-06
1.397955228336176026e+00,3.209746864740736783e-06
1.398044526126491993e+00,3.195158569724299014e-06
1.398133768678779365e+00,3.180734211127855815e-06
1.398222956061334621e+00,3.166246187902288511e-06
1.398312088342327453e+00,3.151918008370557800e-06
1.398401165589800987e+00,3.137656221952056512e-06
1.398490187871673118e+00,3.123485385003732517e-06
1.398579155255735618e+00,3.109263388978433795e-06
1.398668067809654358e+00,3.095201691394322552e-06
1.398756925600971535e+00,3.081205704802414402e-06
1.398845728697103663e+00,3.067334318984649144e-06
1.398934477165342916e+00,3.053632781302439980e-06
1.399023171072857341e+00,3.039555622308398597e-06
1.399111810486691754e+00,3.025912519660778344e-06
1.399200395473766845e+00,3.012278511960175820e-06
1.399288926100880293e+00,2.998508080054307356e-06
1.399377402434706985e+00,2.985097125929314643e-06
1.399465824541799019e+00,2.971629555759136565e-06
1.399554192488586146e+00,2.958292725452338345e-06
1.399642506341376880e+00,2.944917696368065663e-06
1.399730766166357165e+00,2.931733661171165295e-06
1.399818972029591491e+00,2.918379777838708833e-06
1.399907123997023550e+00,2.905328983615618199e-06
1.399995222134477135e+00,2.892178827096358873e-06
1.400083266507653690e+00,2.879216935980366543e-06
1.400171257182135642e+00,2.866158638425986283e-06
1.400259194223385739e+00,2.853210389730520546e-06
1.400347077696746156e+00,2.840464048858848400e-06
1.400434907667440276e+00,2.827695425366982818e-06
1.400522684200572243e+00,2.815035713865654543e-06
1.400610407361128074e+00,2.802325752782053314e-06
1.400698077213974102e+00,2.789745394693454728e-06
1.400785693823859646e+00,2.777174131551873870e-06
1.400873257255415227e+00,2.764766350082936697e-06
1.400960767573154575e+00,2.752362433966482058e-06
1.401048224841473511e+00,2.739911451499210671e-06
1.401135629124651061e+00,2.727620085352100432e-06
1.401222980486849234e+00,2.715549499043845572e-06
1.401310278992113911e+00,2.703395011849352159e-06
1.401397524704374842e+00,2.691254621822736226e-06
1.401484717687444981e+00,2.679167891983524896e-06
1.401571858005023152e+00,2.667223498065141030e-06
1.401658945720691385e+00,2.655265234352555126e-06
1.401745980897917576e+00,2.643349034769926220e-06
1.401832963600054160e+00,2.631651796036749147e-06
1.401919893890339663e+00,2.619835868244990706e-06
1.402006771831898257e+00,2.608125896585988812e-06
1.402093597487739540e+00,2.596492322481935844e-06
1.402180370920759866e+00,2.584845333331031725e-06
1.402267092193742348e+00,2.573329084043507464e-06
1.402353761369356855e+00,2.561895371400169097e-06
1.402440378510160013e+00,2.550488034103182144e-06
1.402526943678596316e+00,2.539186198191600852e-06
1.402613456936997460e+00,2.527908463889616542e-06
1.402699918347583452e+00,2.516705080779502168e-06
1.402786327972462610e+00,2.505399834262789227e-06
1.402872685873630898e+00,2.494200543878832832e-06
1.402958992112974368e+00,2.483215666870819405e-06
1.403045246752266495e+00,2.472105052220285870e-06
1.403131449853171286e+00,2.461158373989746906e-06
1.403217601477241727e+00,2.450163265166338533e-06
1.403303701685920668e+00,2.439368927298346534e-06
1.403389750540541048e+00,2.428554807920590974e-06
1.403475748102326337e+00,2.417740688542835414e-06
1.403561694432389872e+00,2.407005695204134099e-06
1.403647589591736633e+00,2.396434865659102798e-06
1.403733433641262573e+00,2.385798325121868402e-06
1.403819226641754625e+00,2.375265694354311563e-06
1.403904968653891583e+00,2.364756710449000821e-06
1.403990659738244107e+00,2.354276603000471368e-06
1.404076299955274720e+00,2.343959522477234714e-06
1.404161889365338922e+00,2.333531028853030875e-06
1.404247428028684297e+00,2.323172566320863552e-06
1.404332916005451626e+00,2.312865035491995513e-06
1.404418353355674665e+00,2.302661414432805032e-06
1.404503740139281254e+00,2.292475301146623679e-06
1.404589076416091320e+00,2.282332388858776540e-06
1.404674362245820207e+00,2.272256551805185154e-06
1.404759597688077122e+00,2.262142970721470192e-06
1.404844782802365133e+00,2.252245622003101744e-06
1.404929917648082283e+00,2.242288246634416282e-06
1.405015002284522030e+00,2.232460246887058020e-06
1.405100036770871919e+00,2.222668626927770674e-06
1.405185021166215353e+00,2.212922026956221089e-06
1.405269955529532266e+00,2.203147232648916543e-06
1.405354839919697119e+00,2.193501586589263752e-06
1.405439674395481342e+00,2.183793867516214959e-06
1.405524459015552452e+00,2.174238943553064018e-06
1.405609193838474269e+00,2.164676061511272565e-06
1.405693878922708917e+00,2.155171614504070021e-06
1.405778514326613493e+00,2.145656480934121646e-06
1.405863100108444286e+00,2.136248895112657920e-06
1.405947636326354111e+00,2.126865865648142062e-06
1.406032123038393866e+00,2.117516942234942690e-06
1.406116560302512752e+00,2.108231456077191979e-06
1.406200948176558496e+00,2.099060111504513770e-06
1.406285286718276240e+00,2.089860345222405158e-06
1.406369575985311426e+00,2.080674903481849469e-06
1.406453816035207138e+00,2.071562676064786501e-06
1.406538006925406759e+00,2.062497287624864839e-06
1.406622148713252418e+00,2.053635398624464869e-06
1.406706241455986994e+00,2.044639813902904280e-06
1.406790285210751890e+00,2.035692659774213098e-06
1.406874280034589697e+00,2.026759602813399397e-06
1.406958225984443533e+00,2.017862243519630283e-06
1.407042123117156596e+00,2.009079935305635445e-06
1.407125971489472827e+00,2.000415179281844757e-06
1.407209771158038247e+00,1.991697672565351240e-06
1.407293522179399625e+00,1.982941967071383260e-06
1.407377224610004696e+00,1.974399083337630145e-06
1.407460878506204383e+00,1.965690216820803471e-06
1.407544483924250578e+00,1.957109816430602223e-06
1.407628040920297918e+00,1.948589442690717988e-06
1.407711549550402896e+00,1.940141828526975587e-06
1.407795009870525860e+00,1.931728547788225114e-06
1.407878421936529012e+00,1.923434638229082339e-06
1.407961785804177968e+00,1.915079565151245333e-06
1.408045101529142418e+00,1.906684587993368041e-06
1.408128369166994798e+00,1.898377036013698671e-06
1.408211588773211620e+00,1.890152816486079246e-06
1.408294760403173473e+00,1.881994649011176080e-06
1.408377884112165690e+00,1.873946189334674273e-06
1.408460959955377678e+00,1.865792114585929085e-06
1.408543987987902923e+00,1.857671691141149495e-06
1.408626968264741208e+00,1.849633349593204912e-06
1.408709900840796614e+00,1.841629455157089978e-06
1.408792785770878409e+00,1.833682517826673575e-06
1.408875623109701936e+00,1.825711137826147024e-06
1.408958412911888169e+00,1.817868906073272228e-06
1.409041155231964160e+00,1.810041112548788078e-06
1.409123850124363253e+00,1.802237534320738632e-06
1.409206497643424871e+00,1.794538320609717630e-06
1.409289097843395844e+00,1.786823531801928766e-06
1.409371650778428631e+00,1.779081685526762158e-06
1.409454156502584432e+00,1.771372694747697096e-06
1.409536615069830079e+00,1.763761815709585790e-06
1.409619026534041364e+00,1.756147980813693721e-06
1.409701390949000821e+00,1.748634076648158953e-06
1.409783708368399280e+00,1.741150526868295856e-06
1.409865978845835865e+00,1.733696763039915822e-06
1.409948202434817555e+00,1.726227651488443371e-06
1.410030379188760508e+00,1.718741145850799512e-06
1.410112509160989402e+00,1.711423692540847696e-06
1.410194592404737435e+00,1.704082137621298898e-06
1.410276628973148316e+00,1.696810045359598007e-06
1.410358618919273166e+00,1.689598093435051851e-06
1.410440562296074729e+00,1.682346123743627686e-06
1.410522459156424047e+00,1.675131670708651654e-06
1.410604309553103120e+00,1.667988613007764798e-06
1.410686113538803799e+00,1.660856355556461494e-06
1.410767871166128007e+00,1.653804361012589652e-06
1.410849582487588849e+00,1.646731448090577032e-06
1.410931247555609946e+00,1.639729248381627258e-06
1.411012866422526102e+00,1.632746943869278766e-06
1.411094439140583523e+00,1.625724621590052266e-06
1.411175965761938933e+00,1.618842247808061074e-06
1.411257446338662014e+00,1.612044570720172487e-06
1.411338880922733630e+00,1.605093757461872883e-06
1.411420269566046271e+00,1.598283233761321753e-06
1.411501612320405163e+00,1.591467821526748594e-06
1.411582909237527828e+00,1.584744723004405387e-06
1.411664160369044518e+00,1.577968419042008463e-06
1.411745365766498006e+00,1.571264078847889323e-06
1.411826525481344685e+00,1.564657054586859886e-06
1.411907639564953021e+00,1.558014332658785861e-06
1.411988708068606435e+00,1.551389459564234130e-06
1.412069731043500198e+00,1.544831661703938153e-06
1.412150708540744981e+00,1.538246465315751266e-06
1.412231640611364636e+00,1.531791895104106516e-06
1.412312527306296861e+00,1.525428956483665388e-06
1.412393368676394534e+00,1.518950057288748212e-06
1.412474164772425045e+00,1.512536641712358687e-06
1.412554915645069409e+00,1.506125386185885873e-06
1.412635621344924930e+00,1.499725044595834333e-06
1.412716281922503425e+00,1.493412128183990717e-06
1.412796897428232112e+00,1.487159693169815000e-06
1.412877467912453833e+00,1.480867467762436718e-06
1.412957993425426828e+00,1.474713826610241085e-06
1.413038474017325186e+00,1.468425352868507616e-06
1.413118909738239948e+00,1.462270006413746160e-06
1.413199300638177558e+00,1.456211066397372633e-06
1.413279646767060971e+00,1.450097556698892731e-06
1.413359948174729652e+00,1.443915380150428973e-06
1.413440204910941134e+00,1.437821651961712632e-06
1.413520417025368126e+00,1.431812279406585731e-06
1.413600584567601848e+00,1.425814161848393269e-06
1.413680707587150254e+00,1.419844920746982098e-06
1.413760786133439140e+00,1.413900349689356517e-06
1.413840820255811925e+00,1.408027173965820111e-06
1.413920810003530315e+00,1.402118982696265448e-06
1.414000755425773415e+00,1.396236143591522705e-06
1.414080656571639061e+00,1.390363195241661742e-06
1.414160513490143600e+00,1.384606093779439107e-06
1.414240326230222111e+00,1.378834781462501269e-06
1.414320094840727737e+00,1.373082454847462941e-06
1.414399819370433908e+00,1.367371737615030725e-06
1.414479499868032120e+00,1.361656927656440530e-06
1.414559136382133930e+00,1.355972358396684285e-06
1.414638728961270076e+00,1.350361458207771648e-06
1.414718277653890910e+00,1.344697238891967572e-06
1.414797782508367296e+00,1.339107029707520269e-06
1.414877243572989496e+00,1.333558202532003634e-06
1.414956660895968277e+00,1.328062353422865272e-06
1.415036034525434694e+00,1.322480784438084811e-06
1.415115364509441198e+00,1.317040073445241433e-06
1.415194650895959860e+00,1.311620167143701110e-06
1.415273893732884369e+00,1.306182412008638494e-06
1.415353093068029366e+00,1.300755343436321709e-06
1.415432248949130667e+00,1.295353627028816845e-06
1.415511361423845926e+00,1.290048999180726241e-06
1.415590430539754196e+00,1.284683435187616851e-06
1.415669456344356369e+00,1.279420303035294637e-06
1.415748438885074956e+00,1.274089072467177175e-06
1.415827378209255860e+00,1.268879714189097285e-06
1.415906274364165496e+00,1.263604872292489745e-06
1.415985127396993892e+00,1.258391421288251877e-06
1.416063937354854252e+00,1.253203549822501373e-06
1.416142704284781173e+00,1.248024659616930876e-06
1.416221428233733315e+00,1.242878624907461926e-06
1.416300109248591843e+00,1.237815240529016592e-06
1.416378747376162206e+00,1.232718773280794267e-06
1.416457342663172358e+00,1.227712004947534297e-06
1.416535895156274538e+00,1.222672267431335058e-06
1.416614404902044599e+00,1.217626277139061131e-06
1.416692871946982235e+00,1.212618030876910780e-06
1.416771296337511643e+00,1.207614786835620180e-06
1.416849678119981304e+00,1.202684188683633693e-06
1.416928017340663537e+00,1.197826691168302204e-06
1.417006314045756721e+00,1.192957142848172225e-06
1.417084568281382628e+00,1.188087821901717689e-06
1.417162780093588648e+00,1.183200083687552251e-06
1.417240949528347560e+00,1.178376919597212691e-06
1.417319076631556873e+00,1.173594455394777469e-06
1.417397161449040155e+00,1.168768676507170312e-06
1.417475204026546365e+00,1.163977117357717361e-06
1.417553204409749856e+00,1.159278895102033857e-06
1.417631162644251486e+00,1.154523829427489545e-06
1.417709078775578169e+00,1.149815489043248817e-06
1.417786952849182658e+00,1.145132273450144567e-06
1.417864784910444875e+00,1.140464974014321342e-06
1.417942575004670802e+00,1.135850993705389556e-06
1.418020323177092923e+00,1.131255430664168671e-06
1.418098029472871335e+00,1.126691927311185282e-06
1.418175693937093085e+00,1.122117396334942896e-06
1.418253316614771720e+00,1.117568785957701039e-06
1.418330897550849068e+00,1.113020971388323233e-06
1.418408436790193461e+00,1.108525452764297370e-06
1.418485934377602620e+00,1.104075408875360154e-06
1.418563390357800325e+00,1.099582391361764167e-06
1.418640804775439079e+00,1.095159291253366973e-06
1.418718177675099890e+00,1.090743808163097128e-06
1.418795509101291819e+00,1.086352540369261988e-06
1.418872799098451543e+00,1.081970594896120019e-06
1.418950047710945794e+00,1.077621391232241876e-06
1.419027254983069586e+00,1.073257863026810810e-06
1.419104420959046431e+00,1.068907977241906337e-06
1.419181545683028789e+00,1.064633352143573575e-06
1.419258629199099175e+00,1.060361000781995244e-06
1.419335671551268829e+00,1.056088308359903749e-06
1.419412672783478824e+00,1.051864387591194827e-06
1.419489632939599844e+00,1.047656496666604653e-06
1.419566552063432407e+00,1.043454631144413725e-06
1.419643430198706868e+00,1.039306312122789677e-06
1.419720267389083856e+00,1.035149011840985622e-06
1.419797063678154059e+00,1.031019792208098806e-06
1.419873819109439106e+00,1.026893642119830474e-06
1.419950533726390463e+00,1.022788751470216084e-06
1.420027207572391204e+00,1.018742636915703770e-06
1.420103840690754460e+00,1.014649342323536985e-06
1.420180433124724750e+00,1.010616983876388986e-06
1.420256984917477761e+00,1.006580419016245287e-06
1.420333496112120120e+00,1.002547037387557793e-06
1.420409966751690733e+00,9.985625410990905948e-07
1.420486396879159230e+00,9.946229511115234345e-07
1.420562786537427513e+00,9.906777904689079151e-07
1.420639135769329098e+00,9.867447943179286085e-07
1.420715444617629553e+00,9.828478368945070542e-07
1.420791713125026945e+00,9.789345085664535873e-07
1.420867941334151396e+00,9.751154266268713400e-07
1.420944129287565083e+00,9.712122164273750968e-07
1.421020277027764012e+00,9.673678960098186508e-07
1.421096384597175355e+00,9.635384685680037364e-07
1.421172452038160339e+00,9.597388270776718855e-07
1.421248479393013131e+00,9.559548743709456176e-07
1.421324466703959954e+00,9.521469905848789494e-07
1.421400414013161972e+00,9.484331826570269186e-07
1.421476321362712403e+00,9.447362003811576869e-07
1.421552188794638960e+00,9.410043730895267799e-07
1.421628016350902746e+00,9.373146099278528709e-07
1.421703804073398913e+00,9.336264383819070645e-07
1.421779552003956004e+00,9.299369594373274595e-07
1.421855260184337721e+00,9.262774938179063611e-07
1.421930928656241377e+00,9.226387760463694576e-07
1.422006557461298559e+00,9.190175092044228222e-07
1.422082146641075795e+00,9.154027225122263189e-07
1.422157696237074553e+00,9.118255093198968098e-07
1.422233206290730578e+00,9.082757514988770708e-07
1.422308676843414776e+00,9.047362254932522774e-07
1.422384107936433217e+00,9.012449027068214491e-07
1.422459499611026912e+00,8.976956564765714575e-07
1.422534851908373144e+00,8.941971714193641674e-07
1.422610164869583693e+00,8.907146025194379035e-07
1.422685438535706393e+00,8.872643206814245787e-07
1.422760672947724903e+00,8.837711220621713437e-07
1.422835868146559157e+00,8.803525020084634889e-07
1.422911024173064032e+00,8.769223995841457509e-07
1.422986141068031563e+00,8.735430583328707144e-07
1.423061218872190059e+00,8.701434239810623694e-07
1.423136257626204104e+00,8.667779525239893701e-07
1.423211257370674110e+00,8.634368668936076574e-07
1.423286218146138760e+00,8.600790692980808672e-07
1.423361139993072122e+00,8.567306508666661102e-07
1.423436022951886315e+00,8.534036055607430171e-07
1.423510867062929730e+00,8.501102684022043832e-07
1.423585672366488364e+00,8.468193755106767640e-07
1.423660438902785819e+00,8.435922609351109713e-07
1.423735166711982636e+00,8.403329161410511006e-07
1.423809855834177407e+00,8.370908517463249154e-07
1.423884506309406328e+00,8.338628276760573499e-07
1.423959118177643646e+00,8.306660106427443679e-07
1.424033691478801433e+00,8.274718084066989832e-07
1.424108226252729814e+00,8.242793114732194226e-07
1.424182722539217405e+00,8.211078466047183610e-07
1.424257180377991316e+00,8.179657697837683372e-07
1.424331599808716708e+00,8.148579127009725198e-07
1.424405980870997901e+00,8.117623906400694977e-07
1.424480323604377485e+00,8.086549883046245668e-07
1.424554628048337213e+00,8.055644116211624350e-07
1.424628894242298438e+00,8.024819067031785380e-07
1.424703122225620566e+00,7.994134421096532606e-07
1.424777312037602828e+00,7.963432153701432981e-07
1.424851463717484279e+00,7.933036272333993111e-07
1.424925577304442914e+00,7.903193477432068903e-07
1.424999652837596331e+00,7.872802143538137898e-07
1.425073690356002398e+00,7.842973559490928892e-07
1.425147689898658143e+00,7.813312663529359270e-07
1.425221651504501530e+00,7.783555133755726274e-07
1.425295575212410126e+00,7.753897648399288300e-07
1.425369461061201548e+00,7.724448209955880884e-07
1.425443309089634569e+00,7.695313115618773736e-07
1.425517119336407790e+00,7.666246801818488166e-07
1.425590891840160745e+00,7.637412409167154692e-07
1.425664626639473465e+00,7.608546184201259166e-07
1.425738323772867355e+00,7.579693601655890234e-07
1.425811983278804096e+00,7.551047360720986035e-07
1.425885605195686967e+00,7.522502301071654074e-07
1.425959189561861074e+00,7.494098213101096917e-07
1.426032736415611346e+00,7.465863518518744968e-07
1.426106245795165206e+00,7.437748195116000716e-07
1.426179717738692121e+00,7.409777822431351524e-07
1.426253152284301828e+00,7.382049034276860766e-07
1.426326549470047445e+00,7.354360604949761182e-07
1.426399909333923244e+00,7.326957529585342854e-07
1.426473231913865325e+00,7.299436788343882654e-07
1.426546517247752721e+00,7.271891035998123698e-07
1.426619765373406068e+00,7.244608468681690283e-07
1.426692976328588713e+00,7.217504958134668414e-07
1.426766150151006718e+00,7.190678275037498679e-07
1.426839286878308632e+00,7.163674240473483223e-07
1.426912386548085721e+00,7.136916337913135067e-07
1.426985449197871958e+00,7.110438104973582085e-07
1.427058474865145143e+00,7.084115623001707718e-07
1.427131463587325122e+00,7.057831226120470092e-07
1.427204415401775561e+00,7.031312065919337329e-07
1.427277330345803508e+00,7.005576776464295108e-07
1.427350208456659164e+00,6.979371391935274005e-07
1.427423049771536778e+00,6.953524689379264601e-07
1.427495854327573532e+00,6.927908771103830077e-07
1.427568622161851319e+00,6.902362201799405739e-07
1.427641353311395189e+00,6.876529141663922928e-07
1.427714047813174680e+00,6.850855811535438988e-07
1.427786705704103376e+00,6.825481477790162899e-07
1.427859327021039348e+00,6.800329970246821176e-07
1.427931911800784048e+00,6.775428573746467009e-07
1.428004460080084748e+00,6.750636316610325594e-07
1.428076971895632541e+00,6.725692855980014428e-07
1.428149447284063234e+00,6.700936978631943930e-07
1.428221886281957786e+00,6.676393127236224245e-07
1.428294288925841649e+00,6.651767421317344997e-07
1.428366655252185424e+00,6.627539050896302797e-07
1.428438985297405539e+00,6.603151518902450334e-07
1.428511279097862463e+00,6.578829925274476409e-07
1.428583536689863376e+00,6.554556080118345562e-07
1.428655758109659724e+00,6.530694349748955574e-07
1.428727943393448996e+00,6.506823524432547856e-07
1.428800092577374947e+00,6.483011247837566771e-07
1.428872205697525821e+00,6.459808901126962155e-07
1.428944282789937459e+00,6.435958539441344328e-07
1.429016323890590190e+00,6.412399216060293838e-07
1.429088329035411498e+00,6.389125246641924605e-07
1.429160298260274464e+00,6.365855824697064236e-07
1.429232231600998659e+00,6.342687015603587497e-07
1.429304129093350584e+00,6.319770022855664138e-07
1.429375990773042782e+00,6.296674541772517841e-07
1.429447816675734284e+00,6.274020165619731415e-07
1.429519606837031276e+00,6.251238460208696779e-07
1.429591361292487095e+00,6.228560778254177421e-07
1.429663080077601345e+00,6.206006446518586017e-07
1.429734763227821004e+00,6.183691994010587223e-07
1.429806410778540426e+00,6.161432111184694804e-07
1.429878022765101120e+00,6.139001129668031354e-07
1.429949599222792189e+00,6.116907229625212494e-07
1.430021140186849671e+00,6.095006028772331774e-07
1.430092645692457642e+00,6.073083795854472555e-07
1.430164115774748224e+00,6.051028549336479045e-07
1.430235550468800465e+00,6.029306973687198479e-07
1.430306949809642125e+00,6.007797423990268726e-07
1.430378313832248560e+00,5.986295832371979486e-07
1.430449642571543389e+00,5.964720912743359804e-07
1.430520936062398496e+00,5.943466021562926471e-07
1.430592194339633805e+00,5.922219088461133651e-07
1.430663417438018170e+00,5.901203508074104320e-07
1.430734605392268710e+00,5.880019671167246997e-07
1.430805758237050807e+00,5.858941563019470777e-07
1.430876876006979437e+00,5.837964636157266796e-07
1.430947958736617620e+00,5.817279316033818759e-07
1.431019006460477749e+00,5.796569553240260575e-07
1.431090019213021147e+00,5.776167881776927970e-07
1.431160997028658066e+00,5.755567826781771146e-07
1.431231939941748132e+00,5.735159902542363852e-07
1.431302847986600568e+00,5.714585427085694391e-07
1.431373721197473747e+00,5.694241735909599811e-07
1.431444559608575640e+00,5.674023100254999008e-07
1.431515363254063811e+00,5.653959647133888211e-07
1.431586132168045644e+00,5.634028639178723097e-07
1.431656866384578120e+00,5.614066367343184538e-07
1.431727565937668922e+00,5.594308731815544888e-07
1.431798230861274446e+00,5.574708552558149677e-07
1.431868861189302455e+00,5.555149300562334247e-07
1.431939456955610313e+00,5.535511036214302294e-07
1.432010018194005641e+00,5.515968268809956498e-07
1.432080544938246991e+00,5.496588073583552614e-07
1.432151037222042733e+00,5.477244826579408254e-07
1.432221495079052387e+00,5.458056762108753901e-07
1.432291918542886178e+00,5.439192136691417545e-07
1.432362307647105037e+00,5.420075694928527810e-07
1.432432662425220382e+00,5.401024054663139395e-07
1.432502982910695222e+00,5.382245831242471468e-07
1.432573269136943273e+00,5.363294803828466684e-07
1.432643521137329623e+00,5.344625151337822899e-07
1.432713738945170734e+00,5.325842380443646107e-07
1.432783922593733994e+00,5.307379637997655664e-07
1.432854072116239053e+00,5.289034561428707093e-07
1.432924187545856043e+00,5.270605356599844526e-07
1.432994268915708025e+00,5.252414894130197354e-07
1.433064316258868764e+00,5.234210789240023587e-07
1.433134329608364288e+00,5.216109002503799275e-07
1.433204308997172660e+00,5.197981636229087599e-07
1.433274254458223762e+00,5.179807658350910060e-07
1.433344166024399735e+00,5.161867875358439051e-07
1.433414043728534981e+00,5.144241868038079701e-07
1.433483887603415941e+00,5.126217956785694696e-07
1.433553697681781980e+00,5.108591381031146739e-07
1.433623473996324504e+00,5.091025059300591238e-07
1.433693216579687402e+00,5.073645752418087795e-07
1.433762925464467708e+00,5.056295435679203365e-07
1.433832600683214942e+00,5.038755830355512444e-07
1.433902242268431770e+00,5.021457241127791349e-07
1.433971850252573343e+00,5.004267222830094397e-07
1.434041424668048181e+00,4.987100510334130377e-07
1.434110965547217731e+00,4.970083296029770281e-07
1.434180472922397032e+00,4.952988206241570879e-07
1.434249946825854272e+00,4.936173922942543868e-07
1.434319387289810566e+00,4.919045295537216589e-07
1.434388794346441287e+00,4.902348109681042843e-07
1.434458168027874958e+00,4.885897624262725003e-07
1.434527508366193693e+00,4.869255008088657632e-07
1.434596815393433866e+00,4.852698793911258690e-07
1.434666089141585221e+00,4.836088010051753372e-07
1.434735329642591539e+00,4.819743253392516635e-07
1.434804536928350860e+00,4.803167144018516410e-07
1.434873711030714816e+00,4.787065108757815324e-07
1.434942851981489964e+00,4.770893724526104052e-07
1.435011959812436677e+00,4.754849669552640989e-07
1.435081034555269808e+00,4.738843415452720365e-07
1.435150076241658468e+00,4.722774633592052851e-07
1.435219084903226694e+00,4.706748200078436639e-07
1.435288060571553226e+00,4.690873822710273089e-07
1.435357003278171062e+00,4.675233640227816068e-07
1.435425913054568348e+00,4.659539740714535583e-07
1.435494789932188153e+00,4.643821114314050646e-07
1.435563633942428474e+00,4.628444685295107774e-07
1.435632445116642009e+00,4.612796828951104544e-07
1.435701223486137046e+00,4.597342808665416669e-07
1.435769969082177244e+00,4.581938810588326305e-07
1.435838681935981187e+00,4.566587961107870797e-07
1.435907362078723271e+00,4.551463064217387000e-07
1.435976009541532594e+00,4.536299798019172158e-07
1.436044624355495181e+00,4.521451444361446192e-07
1.436113206551651533e+00,4.506344453147903550e-07
1.436181756160998413e+00,4.491181471166783012e-07
1.436250273214488393e+00,4.476309527490229812e-07
1.436318757743029861e+00,4.461355729290517047e-07
1.436387209777487017e+00,4.446576440386706963e-07
1.436455629348680985e+00,4.431933007253974210e-07
1.436524016487387811e+00,4.417370291776023805e-07
1.436592371224340914e+00,4.402831166316900635e-07
1.436660693590229299e+00,4.388299430502229370e-07
1.436728983615698896e+00,4.373717104044771986e-07
1.436797241331351893e+00,4.359302749890048290e-07
1.436865466767746957e+00,4.345001798355951905e-07
1.436933659955399456e+00,4.330735237090266310e-07
1.437001820924781903e+00,4.316443380503187655e-07
1.437069949706323291e+00,4.302422667024075054e-07
1.437138046330409313e+00,4.288339425784215564e-07
1.437206110827383254e+00,4.274259026715299115e-07
1.437274143227545098e+00,4.260320451976440381e-07
1.437342143561151753e+00,4.246260232321219519e-07
1.437410111858417716e+00,4.232423123085027328e-07
1.437478048149514853e+00,4.218670710542937741e-07
1.437545952464571952e+00,4.204869128443533555e-07
1.437613824833676279e+00,4.191398943476087879e-07
1.437681665286871358e+00,4.177721564246894559e-07
1.437749473854159632e+00,4.164134566053689923e-07
1.437817250565499805e+00,4.150638517330662580e-07
1.437884995450809722e+00,4.137207270105136558e-07
1.437952708539964597e+00,4.123799328681343468e-07
1.438020389862797233e+00,4.110567317638924578e-07
1.438088039449098909e+00,4.097308590189641109e-07
1.438155657328618942e+00,4.083896385509433458e-07
1.438223243531065121e+00,4.070759302976512117e-07
1.438290798086102606e+00,4.057664284573547775e-07
1.438358321023355924e+00,4.044600530050956877e-07
1.438425812372407409e+00,4.031616640531865414e-07
1.438493272162798098e+00,4.018889967483119108e-07
1.438560700424027505e+00,4.005983669230772648e-07
1.438628097185553845e+00,3.993107213773328112e-07
1.438695462476794473e+00,3.980208873599622166e-07
1.438762796327124782e+00,3.967511190694494871e-07
1.438830098765879528e+00,3.954847898057778366e-07
1.438897369822352612e+00,3.942158741665480193e-07
1.438964609525796412e+00,3.929654894818668254e-07
1.439031817905422894e+00,3.917266440112143755e-07
1.439098994990402947e+00,3.904772825080726761e-07
1.439166140809866823e+00,3.892414497386198491e-07
1.439233255392904587e+00,3.880136603129358264e-07
1.439300338768564558e+00,3.867874056595610455e-07
1.439367390965855753e+00,3.855586783174658194e-07
1.439434412013746112e+00,3.843405238512787037e-07
1.439501401941163605e+00,3.831253820862912107e-07
1.439568360776995126e+00,3.819118603587412508e-07
1.439635288550088710e+00,3.807005839462362928e-07
1.439702185289250869e+00,3.795065310896461597e-07
1.439769051023249036e+00,3.783122508593805833e-07
1.439835885780810232e+00,3.771168621824472211e-07
1.439902689590621510e+00,3.759433298000658397e-07
1.439969462481330620e+00,3.747742027826461708e-07
1.440036204481544901e+00,3.736031430889852345e-07
1.440102915619832391e+00,3.724352950484899338e-07
1.440169595924720936e+00,3.712720797466317890e-07
1.440236245424700190e+00,3.701077559981058585e-07
1.440302864148218731e+00,3.689484344704396790e-07
1.440369452123686500e+00,3.677999416140664835e-07
1.440436009379474580e+00,3.666513919142744271e-07
1.440502535943914086e+00,3.655101465938059846e-07
1.440569031845296832e+00,3.643725676738540642e-07
1.440635497111876440e+00,3.632476932580175344e-07
1.440701931771866784e+00,3.621268547249201220e-07
1.440768335853442661e+00,3.610053909142152406e-07
1.440834709384740675e+00,3.598826197048765607e-07
1.440901052393857906e+00,3.587742867239285260e-07
1.440967364908853021e+00,3.576709559638402425e-07
1.441033646957746273e+00,3.565766064639319666e-07
1.441099898568518611e+00,3.554796705884655239e-07
1.441166119769113241e+00,3.543784714565845206e-07
1.441232310587434062e+00,3.532966843522444833e-07
1.441298471051347674e+00,3.522143856571346987e-07
1.441364601188681371e+00,3.511290742608252913e-07
1.441430701027224259e+00,3.500562399949558312e-07
1.441496770594728138e+00,3.490024198526953114e-07
1.441562809918905952e+00,3.479350993984553497e-07
1.441628819027432451e+00,3.468638567483139923e-07
1.441694797947945306e+00,3.458100934494723333e-07
1.441760746708043106e+00,3.447651408805540996e-07
1.441826665335287805e+00,3.437205862155678915e-07
1.441892553857202719e+00,3.426704040521144634e-07
1.441958412301273862e+00,3.416222966734494548e-07
1.442024240694949277e+00,3.405905601994163590e-07
1.442090039065640372e+00,3.395663839000917505e-07
1.442155807440719695e+00,3.385397917554655578e-07
1.442221545847523156e+00,3.375195092303329147e-07
1.442287254313349587e+00,3.365055079029843910e-07
1.442352932865460069e+00,3.354942634814506164e-07
1.442418581531078603e+00,3.344803189975209534e-07
1.442484200337391886e+00,3.334813243327516830e-07
1.442549789311549757e+00,3.324749116018210771e-07
1.442615348480664750e+00,3.314848981972318143e-07
1.442680877871813205e+00,3.304845108687004540e-07
1.442746377512033495e+00,3.295021997473668307e-07
1.442811847428328020e+00,3.285176148892787751e-07
1.442877287647662321e+00,3.275407038927369285e-07
1.442942698196964857e+00,3.265637360527762212e-07
1.443008079103127672e+00,3.255833291859744349e-07
1.443073430393006173e+00,3.246224196118419059e-07
1.443138752093419797e+00,3.236546604057366494e-07
1.443204044231150895e+00,3.226996057037467835e-07
1.443269306832945853e+00,3.217349444639694411e-07
1.443334539925514859e+00,3.207939300864381948e-07
1.443399743535531465e+00,3.198375111423956696e-07
1.443464917689633475e+00,3.188971220424718922e-07
1.443530062414422277e+00,3.179571876898990013e-07
1.443595177736463731e+00,3.170212323766463669e-07
1.443660263682286837e+00,3.160832307003147434e-07
1.443725320278386182e+00,3.151561145386949647e-07
1.443790347551218822e+00,3.142322952953691129e-07
1.443855345527207401e+00,3.133126540433295304e-07
1.443920314232738145e+00,3.123924159353919094e-07
1.443985253694161752e+00,3.114775495305366348e-07
1.444050163937793840e+00,3.105649568624357926e-07
1.444115044989913610e+00,3.096684793035819894e-07
1.444179896876765623e+00,3.087516518007760169e-07
1.444244719624558693e+00,3.078536110479035415e-07
1.444309513259466771e+00,3.069638410124753136e-07
1.444374277807627394e+00,3.060748667849111371e-07
1.444439013295144569e+00,3.051811745535815135e-07
1.444503719748086112e+00,3.043040521788498154e-07
1.444568397192484532e+00,3.034232634036015952e-07
1.444633045654338366e+00,3.025425598934816662e-07
1.444697665159610178e+00,3.016645280240481952e-07
1.444762255734228562e+00,3.007970974522322649e-07
1.444826817404086805e+00,2.999246930812660139e-07
1.444891350195043334e+00,2.990672953728790162e-07
1.444955854132921935e+00,2.982122850880841725e-07
1.445020329243512647e+00,2.973510788706335006e-07
1.445084775552569312e+00,2.965034866519999923e-07
1.445149193085812689e+00,2.956587081826000940e-07
1.445213581868928898e+00,2.948111443856760161e-07
1.445277941927568532e+00,2.939665364465327002e-07
1.445342273287349322e+00,2.931199674094386864e-07
1.445406575973853913e+00,2.922862165632977849e-07
1.445470850012631203e+00,2.914514709573268192e-07
1.445535095429195449e+00,2.906273266489733942e-07
1.445599312249027379e+00,2.897972990467678756e-07
1.445663500497573306e+00,2.889817665163718630e-07
1.445727660200245346e+00,2.881560021705809049e-07
1.445791791382422975e+00,2.873397022540302714e-07
1.445855894069450587e+00,2.865359078896290157e-07
1.445919968286638824e+00,2.857198069250443950e-07
1.445984014059265466e+00,2.849138809324358590e-07
1.446048031412574097e+00,2.841066759629029548e-07
1.446112020371774998e+00,2.833166661275754450e-07
1.446175980962044028e+00,2.825207161549769808e-07
1.446239913208525296e+00,2.817278925704158610e-07
1.446303817136327385e+00,2.809382806390203768e-07
1.446367692770527125e+00,2.801425864618067862e-07
1.446431540136167593e+00,2.793645990095683374e-07
1.446495359258258562e+00,2.785817514450172894e-07
1.446559150161776719e+00,2.778106420464609982e-07
1.446622912871665001e+00,2.770359799342259066e-07
1.446686647412834592e+00,2.762643589448998682e-07
1.446750353810162482e+00,2.754912031832645880e-07
1.446814032088493240e+00,2.747304961303598247e-07
1.446877682272638799e+00,2.739694480169418966e-07
1.446941304387377336e+00,2.732143400407949230e-07
1.447004898457455280e+00,2.724576688706292771e-07
1.447068464507585972e+00,2.717032998589274939e-07
1.447132002562449671e+00,2.709499824504746357e-07
1.447195512646695104e+00,2.702022072753607063e-07
1.447258994784937025e+00,2.694605143460648833e-07
1.447322449001759104e+00,2.687280868940433720e-07
1.447385875321711479e+00,2.679853423614986241e-07
1.447449273769312983e+00,2.672493621957983123e-07
1.447512644369048918e+00,2.665129557044565445e-07
1.447575987145373277e+00,2.657825177720951615e-07
1.447639302122707861e+00,2.650583041940990370e-07
1.447702589325441602e+00,2.643374443778157001e-07
1.447765848777931907e+00,2.636186025029019220e-07
1.447829080504503763e+00,2.628965489748225082e-07
1.447892284529451068e+00,2.621796113544405671e-07
1.447955460877034861e+00,2.614770551190304104e-07
1.448018609571484205e+00,2.607679334687418304e-07
1.448081730636997744e+00,2.600620518933283165e-07
1.448144824097740591e+00,2.593502017589344177e-07
1.448207889977847440e+00,2.586497487300221110e-07
1.448270928301420568e+00,2.579531610535923392e-07
1.448333939092531386e+00,2.572594439698150381e-07
1.448396922375219331e+00,2.565654142472340027e-07
1.448459878173492532e+00,2.558797405072255060e-07
1.448522806511327587e+00,2.551858528931916226e-07
1.448585707412669343e+00,2.544995254538662266e-07
1.448648580901432226e+00,2.538199908030946972e-07
1.448711427001498908e+00,2.531400866701005725e-07
1.448774245736720756e+00,2.524603530673630303e-07
1.448837037130918270e+00,2.517859343242889736e-07
1.448899801207880644e+00,2.511180525743839098e-07
1.448962537991366206e+00,2.504494318600336555e-07
1.449025247505102421e+00,2.497864670658600517e-07
1.449087929772784999e+00,2.491175337127060629e-07
1.449150584818079901e+00,2.484593153440073365e-07
1.449213212664621997e+00,2.478021770002669655e-07
1.449275813336014407e+00,2.471451239216548856e-07
1.449338386855831162e+00,2.464914814481744543e-07
1.449400933247614320e+00,2.458390042647806695e-07
1.449463452534875518e+00,2.451926093272049911e-07
1.449525944741096861e+00,2.445449638344143750e-07
1.449588409889728480e+00,2.439053048419737024e-07
1.449650848004191195e+00,2.432625763049145462e-07
1.449713259107874741e+00,2.426214109618740622e-07
1.449775643224138877e+00,2.419857594304630766e-07
1.449838000376313163e+00,2.413546837942703860e-07
1.449900330587696518e+00,2.407300883078278275e-07
1.449962633881558105e+00,2.400969378868467174e-07
1.450024910281136448e+00,2.394690454821102321e-07
1.450087159809640536e+00,2.388493101079802727e-07
1.450149382490248717e+00,2.382249846277773031e-07
1.450211578346110253e+00,2.376137047122028889e-07
1.450273747400343538e+00,2.369964562376480899e-07
1.450335889676037882e+00,2.363796767212988925e-07
1.450398005196251949e+00,2.357695478849564097e-07
1.450460093984015320e+00,2.351547578882673406e-07
1.450522156062327594e+00,2.345569498629629379e-07
1.450584191454158622e+00,2.339467926049110247e-07
1.450646200182448942e+00,2.333450339619957958e-07
1.450708182270109114e+00,2.327404757807016722e-07
1.450770137740020393e+00,2.321508389968585107e-07
1.450832066615034499e+00,2.315513398798429989e-07
1.450893968917973842e+00,2.309608078121527797e-07
1.450955844671631745e+00,2.303683146465118625e-07
1.451017693898771554e+00,2.297834384989982937e-07
1.451079516622127752e+00,2.291895100370311411e-07
1.451141312864405508e+00,2.286076323798624799e-07
1.451203082648280906e+00,2.280208946103812195e-07
1.451264825996400942e+00,2.274396706525294576e-07
1.451326542931383301e+00,2.268654952786164358e-07
1.451388233475816802e+00,2.262921867668410414e-07
1.451449897652261845e+00,2.257208961964352056e-07
1.451511535483248849e+00,2.251487956073106034e-07
1.451573146991279817e+00,2.245822798840890755e-07
1.451634732198828548e+00,2.240141299125752994e-07
1.451696291128339089e+00,2.234511669030325720e-07
1.451757823802227731e+00,2.228848927643412026e-07
1.451819330242881012e+00,2.223266051259997766e-07
1.451880810472657934e+00,2.217700796336430358e-07
1.451942264513888192e+00,2.212147478530823719e-07
1.452003692388873057e+00,2.206591602771368343e-07
1.452065094119886046e+00,2.201081770181190223e-07
1.452126469729171143e+00,2.195563126861088676e-07
1.452187819238944577e+00,2.190097205811980530e-07
1.452249142671394155e+00,2.184610821132082492e-07
1.452310440048679485e+00,2.179216664899286116e-07
1.452371711392931752e+00,2.173710242914239643e-07
1.452432956726254165e+00,2.168348771647288231e-07
1.452494176070721732e+00,2.163000374366674805e-07
1.452555369448381040e+00,2.157633076649290160e-07
1.452616536881251141e+00,2.152284110934488126e-07
1.452677678391323113e+00,2.146963566929116496e-07
1.452738794000559386e+00,2.141679829037457239e-07
1.452799883730894859e+00,2.136394243734685006e-07
1.452860947604237341e+00,2.131134380078947288e-07
1.452921985642465774e+00,2.125926954477108666e-07
1.452982997867431569e+00,2.120714128750478267e-07
1.453043984300958824e+00,2.115527877322165295e-07
1.453104944964843659e+00,2.110359389462246327e-07
1.453165879880854661e+00,2.105190617385233054e-07
1.453226789070732883e+00,2.100046287978329929e-07
1.453287672556191623e+00,2.094901958571426803e-07
1.453348530358917312e+00,2.089802819682518020e-07
1.453409362500568180e+00,2.084769619159487775e-07
1.453470169002775148e+00,2.079715244462931878e-07
1.453530949887142709e+00,2.074584557476555347e-07
1.453591705175246940e+00,2.069606068744178629e-07
1.453652434888637046e+00,2.064619621933161397e-07
1.453713139048835812e+00,2.059636585727275815e-07
1.453773817677337599e+00,2.054675860563293099e-07
1.453834470795610345e+00,2.049739009635231923e-07
1.453895098425094901e+00,2.044794626954171690e-07
1.453955700587205024e+00,2.039892024185974151e-07
1.454016277303327609e+00,2.034977057974174386e-07
1.454076828594822013e+00,2.030046744039282203e-07
1.454137354483021838e+00,2.025201979449775536e-07
1.454197854989232930e+00,2.020379241685077432e-07
1.454258330134734489e+00,2.015577535985357827e-07
1.454318779940779294e+00,2.010775403959996765e-07
1.454379204428593031e+00,2.006010930699630990e-07
1.454439603619375188e+00,2.001207235480251256e-07
1.454499977534297939e+00,1.996457541508789291e-07
1.454560326194507924e+00,1.991703157955271308e-07
1.454620649621124473e+00,1.986930300290623563e-07
1.454680947835240268e+00,1.982221959906382835e-07
1.454741220857922013e+00,1.977553694132438977e-07
1.454801468710210210e+00,1.972925502968791989e-07
1.454861691413118496e+00,1.968268321661525988e-07
1.454921888987634748e+00,1.963687168426986318e-07
1.454982061454719311e+00,1.959054145572736161e-07
1.455042208835308548e+00,1.954415864702241379e-07
1.455102331150310402e+00,1.949812258317251690e-07
1.455162428420608167e+00,1.945256258295557927e-07
1.455222500667058050e+00,1.940679084100338514e-07
1.455282547910491164e+00,1.936188311901787529e-07
1.455342570171712202e+00,1.931665281063033035e-07
1.455402567471499209e+00,1.927158308490106720e-07
1.455462539830605584e+00,1.922671941656517447e-07
1.455522487269757637e+00,1.918204475259699393e-07
1.455582409809657252e+00,1.913771967565480736e-07
1.455642307470979002e+00,1.909290574531041784e-07
1.455702180274372814e+00,1.904886772763347835e-07
1.455762028240462413e+00,1.900485386840955471e-07
1.455821851389845767e+00,1.896122512334841304e-07
1.455881649743096196e+00,1.891760064154368592e-07
1.455941423320759931e+00,1.887413532131176908e-07
1.456001172143358779e+00,1.883050089190874132e-07
1.456060896231388568e+00,1.878741073824130581e-07
1.456120595605320256e+00,1.874429216286443989e-07
1.456180270285598599e+00,1.870104568979513715e-07
1.456239920292643486e+00,1.865833212377765449e-07
1.456299545646849491e+00,1.861562992644394399e-07
1.456359146368585877e+00,1.857330289567471482e-07
1.456418722478196148e+00,1.853086644132417860e-07
1.456478273995999828e+00,1.848879804811076610e-07
1.456537800942289795e+00,1.844673391815376817e-07
1.456597303337334948e+00,1.840477636960713426e-07
1.456656781201378648e+00,1.836292682355633588e-07
1.456716234554639611e+00,1.832150928748887964e-07
1.456775663417310573e+00,1.827998801218200242e-07
1.456835067809560513e+00,1.823925543931181892e-07
1.456894447751532873e+00,1.819798285396245774e-07
1.456953803263346670e+00,1.815702006524588796e-07
1.457013134365095386e+00,1.811578869137520087e-07
1.457072441076848301e+00,1.807543981158232782e-07
1.457131723418649827e+00,1.803502556185776484e-07
1.457190981410519504e+00,1.799462836515886011e-07
1.457250215072452448e+00,1.795453385966538917e-07
1.457309424424419131e+00,1.791444219634286128e-07
1.457368609486365596e+00,1.787424110943902633e-07
1.457427770278212353e+00,1.783448198011683417e-07
1.457486906819857042e+00,1.779462053264069255e-07
1.457546019131171544e+00,1.775474345322436420e-07
1.457605107232003760e+00,1.771518753912459943e-07
1.457664171142177167e+00,1.767624127069211681e-07
1.457723210881491260e+00,1.763704062796023209e-07
1.457782226469720666e+00,1.759800056788662914e-07
1.457841217926616251e+00,1.755903014100113069e-07
1.457900185271904459e+00,1.752027429802183178e-07
1.457959128525287529e+00,1.748197178130794782e-07
1.458018047706443054e+00,1.744346462828616495e-07
1.458076942835025536e+00,1.740527437732453109e-07
1.458135813930665048e+00,1.736734702717512846e-07
1.458194661012967241e+00,1.732903029960652930e-07
1.458253484101514008e+00,1.729099352587581961e-07
1.458312283215863481e+00,1.725324523249582853e-07
1.458371058375550033e+00,1.721575983992806869e-07
1.458429809600083171e+00,1.717817497137730243e-07
1.458488536908949973e+00,1.714081747650197940e-07
1.458547240321612648e+00,1.710362909079776728e-07
1.458605919857510314e+00,1.706648049548675772e-07
1.458664575536058106e+00,1.702954790516741923e-07
1.458723207376647180e+00,1.699254141840356169e-07
1.458781815398646042e+00,1.695595273076833109e-07
1.458840399621398554e+00,1.691942088655196130e-07
1.458898960064225259e+00,1.688306809910500306e-07
1.458957496746423832e+00,1.684683326175218099e-07
1.459016009687267523e+00,1.681057710811728612e-07
1.459074498906006712e+00,1.677409215972147649e-07
1.459132964421868461e+00,1.673798948331750580e-07
1.459191406254056078e+00,1.670228044758914621e-07
1.459249824421749775e+00,1.666682436507471721e-07
1.459308218944106450e+00,1.663104569615825312e-07
1.459366589840259909e+00,1.659544608401120058e-07
1.459424937129319977e+00,1.656056696219820878e-07
1.459483260830374718e+00,1.652548462516278960e-07
1.459541560962487772e+00,1.649023602112720255e-07
1.459599837544699907e+00,1.645477141209994443e-07
1.459658090596029689e+00,1.641983260469714878e-07
1.459716320135471257e+00,1.638524196323487558e-07
1.459774526181997212e+00,1.635044952763564652e-07
1.459832708754556174e+00,1.631596120432732278e-07
1.459890867872073894e+00,1.628169599143802770e-07
1.459949003553454139e+00,1.624766099439511891e-07
1.460007115817576917e+00,1.621347394120675744e-07
1.460065204683299811e+00,1.617945599718950689e-07
1.460123270169457754e+00,1.614569242747165845e-07
1.460181312294862144e+00,1.611193738426663913e-07
1.460239331078302838e+00,1.607843813644649344e-07
1.460297326538546159e+00,1.604438182312151184e-07
1.460355298694336668e+00,1.601075894086534390e-07
1.460413247564395167e+00,1.597763770178062259e-07
1.460471173167420922e+00,1.594464151821739506e-07
1.460529075522090103e+00,1.591120764032893931e-07
1.460586954647056901e+00,1.587835356531286379e-07
1.460644810560952633e+00,1.584547533184377244e-07
1.460702643282386415e+00,1.581259141403279500e-07
1.460760452829944489e+00,1.577955401899089338e-07
1.460818239222191783e+00,1.574723853536852403e-07
1.460876002477670133e+00,1.571484915530163562e-07
1.460933742614899389e+00,1.568248819694417762e-07
1.460991459652376756e+00,1.565021818805689691e-07
1.461049153608578122e+00,1.561792828397301491e-07
1.461106824501956281e+00,1.558601212536814273e-07
1.461164472350942711e+00,1.555437592060116003e-07
1.461222097173946244e+00,1.552262745008192724e-07
1.461279698989353726e+00,1.549118024968265672e-07
1.461337277815530022e+00,1.545917598377855029e-07
1.461394833670818461e+00,1.542771883578097913e-07
1.461452366573539496e+00,1.539632563662962639e-07
1.461509876541992936e+00,1.536533886792312842e-07
1.461567363594455493e+00,1.533404088149836753e-07
1.461624827749182787e+00,1.530295463680886314e-07
1.461682269024408232e+00,1.527179733784578275e-07
1.461739687438343926e+00,1.524149553233655752e-07
1.461797083009179543e+00,1.521086545608341112e-07
1.461854455755083659e+00,1.517985310783842579e-07
1.461911805694203315e+00,1.514918324119207682e-07
1.461969132844663122e+00,1.511851621671667090e-07
1.462026437224566600e+00,1.508834941432724008e-07
1.462083718851995950e+00,1.505819682279252447e-07
1.462140977745011394e+00,1.502809681142025511e-07
1.462198213921651613e+00,1.499810622362929280e-07
1.462255427399934415e+00,1.496809431955625769e-07
1.462312618197855851e+00,1.493829984156036517e-07
1.462369786333389987e+00,1.490836041284637759e-07
1.462426931824490461e+00,1.487873504402159597e-07
1.462484054689089152e+00,1.484954594843657105e-07
1.462541154945096844e+00,1.482005700381705537e-07
1.462598232610402560e+00,1.479097875289880903e-07
1.462655287702874674e+00,1.476142443834760343e-07
1.462712320240360242e+00,1.473194402024091687e-07
1.462769330240684784e+00,1.470310451168188592e-07
1.462826317721653169e+00,1.467436732127680443e-07
1.462883282701049170e+00,1.464554628682890325e-07
1.462940225196634580e+00,1.461669398850062862e-07
1.462997145226151874e+00,1.458778768892443622e-07
1.463054042807321098e+00,1.455935603189573158e-07
1.463110917957841650e+00,1.453079931934553315e-07
1.463167770695392278e+00,1.450246571721436339e-07
1.463224601037631079e+00,1.447413637833960820e-07
1.463281409002194167e+00,1.444586246179824229e-07
1.463338194606698339e+00,1.441825077108660480e-07
1.463394957868738633e+00,1.439009054138296051e-07
1.463451698805889434e+00,1.436196015447421814e-07
1.463508417435704700e+00,1.433409124729223549e-07
1.463565113775717297e+00,1.430649660960625624e-07
1.463621787843439659e+00,1.427858080660371343e-07
1.463678439656364016e+00,1.425118938414016156e-07
1.463735069231960617e+00,1.422355779823192279e-07
1.463791676587681279e+00,1.419608395281102275e-07
1.463848261740954948e+00,1.416882611238179379e-07
1.463904824709192143e+00,1.414156400869615027e-07
1.463961365509781398e+00,1.411475096801950713e-07
1.464017884160091709e+00,1.408789529477871838e-07
1.464074380677470977e+00,1.406097425160623970e-07
1.464130855079247562e+00,1.403400062827131478e-07
1.464187307382728731e+00,1.400730837985975086e-07
1.464243737605201767e+00,1.398048681267027860e-07
1.464300145763933747e+00,1.395365956113892025e-07
1.464356531876171541e+00,1.392731974192429334e-07
1.464412895959141148e+00,1.390091597386344802e-07
1.464469238030049469e+00,1.387447525758034317e-07
1.464525558106082315e+00,1.384858592246018816e-07
1.464581856204405952e+00,1.382212815315142507e-07
1.464638132342166221e+00,1.379597307504809578e-07
1.464694386536489423e+00,1.377006952907322557e-07
1.464750618804480764e+00,1.374401108478195965e-07
1.464806829163226576e+00,1.371818854067896609e-07
1.464863017629792763e+00,1.369240152371276054e-07
1.464919184221225246e+00,1.366680209002879565e-07
1.464975328954550404e+00,1.364140160831084359e-07
1.465031451846773969e+00,1.361576522640461917e-07
1.465087552914882796e+00,1.359026953196007526e-07
1.465143632175842869e+00,1.356477810077194590e-07
1.465199689646601744e+00,1.353963483552433900e-07
1.465255725344086324e+00,1.351438640995183960e-07
1.465311739285203529e+00,1.348914508980669780e-07
1.465367731486841185e+00,1.346442246585866087e-07
1.465423701965867354e+00,1.343940283504707622e-07
1.465479650739130335e+00,1.341447983804755495e-07
1.465535577823459112e+00,1.338955968321897672e-07
1.465591483235662906e+00,1.336481432190339547e-07
1.465647366992531175e+00,1.334033044031457393e-07
1.465703229110834283e+00,1.331586503283688216e-07
1.465759069607322607e+00,1.329160710383803234e-07
1.465814888498727875e+00,1.326703937820639112e-07
1.465870685801761830e+00,1.324252707490813918e-07
1.465926461533116454e+00,1.321857325820019469e-07
1.465982215709465519e+00,1.319402258559421171e-07
1.466037948347462594e+00,1.317021798286077683e-07
1.466093659463742149e+00,1.314605952984493342e-07
1.466149349074919339e+00,1.312196218350436538e-07
1.466205017197590221e+00,1.309812205363414250e-07
1.466260663848331536e+00,1.307439703168711276e-07
1.466316289043701149e+00,1.305079422309063375e-07
1.466371892800237386e+00,1.302736620800715173e-07
1.466427475134459479e+00,1.300354028899164405e-07
1.466483036062868006e+00,1.298021032880569692e-07
1.466538575601944228e+00,1.295656772981601534e-07
1.466594093768149643e+00,1.293324203288648278e-07
1.466649590577928430e+00,1.290988933533299132e-07
1.466705066047704120e+00,1.288673416866004118e-07
1.466760520193882256e+00,1.286351789531181566e-07
1.466815953032849063e+00,1.284056025951940683e-07
1.466871364580972337e+00,1.281735819702589652e-07
1.466926754854600556e+00,1.279446593116517761e-07
1.466982123870063548e+00,1.277164756174897775e-07
1.467037471643672042e+00,1.274907788229029393e-07
1.467092798191719005e+00,1.272626377613050863e-07
1.467148103530477421e+00,1.270352925075712847e-07
1.467203387676202286e+00,1.268096241346938768e-07
1.467258650645129725e+00,1.265849789433559636e-07
1.467313892453477209e+00,1.263612858792839688e-07
1.467369113117443780e+00,1.261382607253835886e-07
1.467424312653209162e+00,1.259145960830210242e-07
1.467479491076935538e+00,1.256914714531376376e-07
1.467534648404766218e+00,1.254683752449636813e-07
1.467589784652825413e+00,1.252466859114065301e-07
1.467644899837219796e+00,1.250272561037490959e-07
1.467699993974036499e+00,1.248073289161766297e-07
1.467755067079345332e+00,1.245903149538207799e-07
1.467810119169197014e+00,1.243724909727461636e-07
1.467865150259624274e+00,1.241554627995355986e-07
1.467920160366640747e+00,1.239375535533326911e-07
1.467975149506242971e+00,1.237215627725163358e-07
1.468030117694408387e+00,1.235058704196489998e-07
1.468085064947096230e+00,1.232897233194307773e-07
1.468139991280247525e+00,1.230761199622065760e-07
1.468194896709785535e+00,1.228624881832729443e-07
1.468249781251614650e+00,1.226507180263070040e-07
1.468304644921621716e+00,1.224398289423334063e-07
1.468359487735675151e+00,1.222265808564770850e-07
1.468414309709625165e+00,1.220130911860906053e-07
1.468469110859304649e+00,1.218042058326318511e-07
1.468523891200527176e+00,1.215943825627618935e-07
1.468578650749089443e+00,1.213869467164840898e-07
1.468633389520769938e+00,1.211784024235385004e-07
1.468688107531328724e+00,1.209675843938384787e-07
1.468742804796507873e+00,1.207613280485020368e-07
1.468797481332033028e+00,1.205570043794068624e-07
1.468852137153609849e+00,1.203507196123609901e-07
1.468906772276927342e+00,1.201445627430075547e-07
1.468961386717656969e+00,1.199391022055351641e-07
1.469015980491451323e+00,1.197363559413133771e-07
1.469070553613946561e+00,1.195323875435860828e-07
1.469125106100759526e+00,1.193289449474832509e-07
1.469179637967491292e+00,1.191279253021093609e-07
1.469234149229722952e+00,1.189253708844262292e-07
1.469288639903020055e+00,1.187233351629402023e-07
1.469343110002929498e+00,1.185219673516257899e-07
1.469397559544980414e+00,1.183252607006579638e-07
1.469451988544684617e+00,1.181261524152432685e-07
1.469506397017537047e+00,1.179287281161123246e-07
1.469560784979013768e+00,1.177296624632617750e-07
1.469615152444574413e+00,1.175335029302004841e-07
1.469669499429660853e+00,1.173355812511545082e-07
1.469723825949697193e+00,1.171369277130906994e-07
1.469778132020090666e+00,1.169423455849027960e-07
1.469832417656230517e+00,1.167453973494048114e-07
1.469886682873489114e+00,1.165517886647648993e-07
1.469940927687221288e+00,1.163586702546126617e-07
1.469995152112764547e+00,1.161656797421528609e-07
1.470049356165439303e+00,1.159721207955044520e-07
1.470103539860548425e+00,1.157801676754388609e-07
1.470157703213377687e+00,1.155885769321685075e-07
1.470211846239195763e+00,1.153987128077460511e-07
1.470265968953253344e+00,1.152080315591774706e-07
1.470320071370785575e+00,1.150164550267618324e-07
1.470374153507009174e+00,1.148262995798177144e-07
1.470428215377123760e+00,1.146374017935158918e-07
1.470482256996312520e+00,1.144478005699056666e-07
1.470536278379741324e+00,1.142600822845452058e-07
1.470590279542558942e+00,1.140742327265797940e-07
1.470644260499897049e+00,1.138868128691683523e-07
1.470698221266870442e+00,1.137012972662887478e-07
1.470752161858577045e+00,1.135158029796912160e-07
1.470806082290097905e+00,1.133294560418107721e-07
1.470859982576496972e+00,1.131457310066252830e-07
1.470913862732821098e+00,1.129621765016963764e-07
1.470967722774101150e+00,1.127800430822389899e-07
1.471021562715350006e+00,1.125963819958997192e-07
1.471075382571565004e+00,1.124117758877218876e-07
1.471129182357725274e+00,1.122297064171107195e-07
1.471182962088794621e+00,1.120483688055173843e-07
1.471236721779718870e+00,1.118694399337982759e-07
1.471290461445428299e+00,1.116901486852839298e-07
1.471344181100835424e+00,1.115084415914679994e-07
1.471397880760836996e+00,1.113279708420122915e-07
1.471451560440312667e+00,1.111506406914486433e-07
1.471505220154125215e+00,1.109709870661390596e-07
1.471558859917121875e+00,1.107936711264301266e-07
1.471612479744132118e+00,1.106180391730049450e-07
1.471666079649969650e+00,1.104400340068423247e-07
1.471719659649431522e+00,1.102653612861104193e-07
1.471773219757297912e+00,1.100880737681109167e-07
1.471826759988333233e+00,1.099141258009694866e-07
1.471880280357285242e+00,1.097390338600234827e-07
1.471933780878884379e+00,1.095638282322397572e-07
1.471987261567846206e+00,1.093907471272359544e-07
1.472040722438868743e+00,1.092155841320163745e-07
1.472094163506634468e+00,1.090441728024416079e-07
1.472147584785808982e+00,1.088718093456009228e-07
1.472200986291041902e+00,1.086999290578205546e-07
1.472254368036966410e+00,1.085279777157666103e-07
1.472307730038199702e+00,1.083579803662360064e-07
1.472361072309342322e+00,1.081879048570044688e-07
1.472414394864979270e+00,1.080185612067907641e-07
1.472467697719678892e+00,1.078504325846552092e-07
1.472520980887992881e+00,1.076803641808510292e-07
1.472574244384458719e+00,1.075124487215362024e-07
1.472627488223595460e+00,1.073453788080769300e-07
1.472680712419907501e+00,1.071772359750866599e-07
1.472733916987882807e+00,1.070105071221405524e-07
1.472787101941993582e+00,1.068430677264586848e-07
1.472840267296695371e+00,1.066771986302228470e-07
1.472893413066428847e+00,1.065116066456539556e-07
1.472946539265617139e+00,1.063470875806160620e-07
1.472999645908668942e+00,1.061835419591261598e-07
1.473052733009976301e+00,1.060187884149854654e-07
1.473105800583915714e+00,1.058551859500767023e-07
1.473158848644847474e+00,1.056921306030744745e-07
1.473211877207116327e+00,1.055289118312430219e-07
1.473264886285051256e+00,1.053657143756936421e-07
1.473317875892964812e+00,1.052044069638213841e-07
1.473370846045154448e+00,1.050455580298148561e-07
1.473423796755902071e+00,1.048840800876860158e-07
1.473476728039472938e+00,1.047222255579072225e-07
1.473529639910117872e+00,1.045616357941980823e-07
1.473582532382070598e+00,1.044023960616868862e-07
1.473635405469549964e+00,1.042435684439624310e-07
1.473688259186759719e+00,1.040844566091436718e-07
1.473741093547886738e+00,1.039271140257369552e-07
1.473793908567103461e+00,1.037697856531849538e-07
1.473846704258566120e+00,1.036124572806329525e-07
1.473899480636415626e+00,1.034539565125669469e-07
1.473952237714777347e+00,1.032995697869409923e-07
1.474004975507761106e+00,1.031433853881935647e-07
1.474057694029461629e+00,1.029876202096602356e-07
1.474110393293957211e+00,1.028309171147157031e-07
1.474163073315312156e+00,1.026761609068671532e-07
1.474215734107574116e+00,1.025221365580364363e-07
1.474268375684775867e+00,1.023677285161284090e-07
1.474320998060934862e+00,1.022141447037938633e-07
1.474373601250053234e+00,1.020605964185961057e-07
1.474426185266117795e+00,1.019094284515631443e-07
1.474478750123100035e+00,1.017568749261954508e-07
1.474531295834956124e+00,1.016047974644607166e-07
1.474583822415626910e+00,1.014548089983691170e-07
1.474636329879038366e+00,1.013040744624049694e-07
1.474688818239100918e+00,1.011522527960551088e-07
1.474741287509709675e+00,1.010015537872277491e-07
1.474793737704745089e+00,1.008511105737852631e-07
1.474846168838072513e+00,1.007017402798737749e-07
1.474898580923541314e+00,1.005528176278858155e-07
1.474950973974986868e+00,1.004047405217534106e-07
1.475003348006228787e+00,1.002579566034000891e-07
1.475055703031071808e+00,1.001098155484214658e-07
1.475108039063305787e+00,9.996081473673257278e-08
1.475160356116705485e+00,9.981368265243872884e-08
1.475212654205030338e+00,9.966762348767588264e-08
1.475264933342025575e+00,9.952250223932423978e-08
1.475317193541420657e+00,9.937676281879248563e-08
1.475369434816930836e+00,9.923147104018426035e-08
1.475421657182256041e+00,9.908528397772897733e-08
1.475473860651081548e+00,9.894105090779703460e-08
1.475526045237077755e+00,9.879651940991607262e-08
1.475578210953899738e+00,9.865148342669272097e-08
1.475630357815188587e+00,9.850799642663332634e-08
1.475682485834570290e+00,9.836590919576337910e-08
1.475734595025655738e+00,9.822272062365300371e-08
1.475786685402041165e+00,9.808045575709911645e-08
1.475838756977308819e+00,9.793746613695475389e-08
1.475890809765025180e+00,9.779727605518928613e-08
1.475942843778742741e+00,9.765603437017489341e-08
1.475994859031999118e+00,9.751536822477646638e-08
1.476046855538317493e+00,9.737480155536104576e-08
1.476098833311205727e+00,9.723409988282583072e-08
1.476150792364158137e+00,9.709478376862534788e-08
1.476202732710653720e+00,9.695641267626342596e-08
1.476254654364157481e+00,9.681794921334585524e-08
1.476306557338118886e+00,9.667939337987263571e-08
1.476358441645974073e+00,9.653971488887691521e-08
1.476410307301144087e+00,9.640306330993553274e-08
1.476462154317035314e+00,9.626673858065259992e-08
1.476513982707040373e+00,9.612911355816322612e-08
1.476565792484536788e+00,9.599266093118785648e-08
1.476617583662888089e+00,9.585428983882593457e-08
1.476669356255442933e+00,9.571899539650985389e-08
1.476721110275536430e+00,9.558360147821076680e-08
1.476772845736488593e+00,9.544639567593549145e-08
1.476824562651605222e+00,9.531087385994396755e-08
1.476876261034178350e+00,9.517820132032284164e-08
1.476927940897484692e+00,9.504332609822085942e-08
1.476979602254788304e+00,9.491004249184697983e-08
1.477031245119337255e+00,9.477799522983332281e-08
1.477082869504366291e+00,9.464408634585197433e-08
1.477134475423096394e+00,9.451249383118920377e-08
1.477186062888732998e+00,9.437781045562587678e-08
1.477237631914468885e+00,9.424601898899709340e-08
1.477289182513481958e+00,9.411360935018819873e-08
1.477340714698935464e+00,9.398178235642262734e-08
1.477392228483979553e+00,9.385179566834267462e-08
1.477443723881749493e+00,9.372126896778354421e-08
1.477495200905367678e+00,9.358971198025756166e-08
1.477546659567940956e+00,9.345988161157947616e-08
1.477598099882562854e+00,9.333048467397020431e-08
1.477649521862313353e+00,9.320127247747223009e-08
1.477700925520257558e+00,9.307104420486211893e-08
1.477752310869447028e+00,9.294394942571670981e-08
1.477803677922919778e+00,9.281483670520174201e-08
1.477855026693699392e+00,9.268625689173859428e-08
1.477906357194795683e+00,9.255926158857619157e-08
1.477957669439204258e+00,9.243234444511472248e-08
1.478008963439907397e+00,9.230500808143915492e-08
1.478060239209873616e+00,9.217771435032773297e-08
1.478111496762057220e+00,9.205030693237858941e-08
1.478162736109398301e+00,9.192463323870470049e-08
1.478213957264824296e+00,9.179922955127040041e-08
1.478265160241247989e+00,9.167504089191425010e-08
1.478316345051568836e+00,9.154841507097444264e-08
1.478367511708672088e+00,9.142330981148916180e-08
1.478418660225429893e+00,9.129879430247456185e-08
1.478469790614700408e+00,9.117408694692130666e-08
1.478520902889328470e+00,9.105098541795086931e-08
1.478571997062144261e+00,9.092769204244177672e-08
1.478623073145965749e+00,9.080477525458263699e-08
1.478674131153596027e+00,9.068170214732163004e-08
1.478725171097825974e+00,9.055928273937752238e-08
1.478776192991431149e+00,9.043628068639009143e-08
1.478827196847174452e+00,9.031572290041367523e-08
1.478878182677806352e+00,9.019376534524781164e-08
1.478929150496061551e+00,9.007243306768941693e-08
1.478980100314663426e+00,8.995039024739526212e-08
1.479031032146320257e+00,8.982981114513677312e-08
1.479081946003727666e+00,8.970919651574149611e-08
1.479132841899568174e+00,8.958872399489337113e-08
1.479183719846509648e+00,8.946914675789230387e-08
1.479234579857207521e+00,8.935064244042223436e-08
1.479285421944303902e+00,8.922962990709493170e-08
1.479336246120426912e+00,8.911123927646258380e-08
1.479387052398192459e+00,8.899293391095852712e-08
1.479437840790201131e+00,8.887431590665073600e-08
1.479488611309042634e+00,8.875704082811353146e-08
1.479539363967291354e+00,8.863862888119911077e-08
1.479590098777509688e+00,8.852164512518356787e-08
1.479640815752246041e+00,8.840400056442376808e-08
1.479691514904036387e+00,8.828636310909132590e-08
1.479742196245402486e+00,8.817005436867475510e-08
1.479792859788853443e+00,8.805439932757508359e-08
1.479843505546885707e+00,8.793713135446523665e-08
1.479894133531981293e+00,8.782233607007583487e-08
1.479944743756610448e+00,8.770602022423190647e-08
1.479995336233229430e+00,8.759099046073970385e-08
1.480045910974281398e+00,8.747633017947009648e-08
1.480096467992196851e+00,8.736073908721664338e-08
1.480147007299393191e+00,8.724671829440922011e-08
1.480197528908274052e+00,8.713242038993485039e-08
1.480248032831231519e+00,8.701870513050380396e-08
1.480298519080643027e+00,8.690563646496229921e-08
1.480348987668874239e+00,8.679334939643013058e-08
1.480399438608276830e+00,8.668033757430748665e-08
1.480449871911190485e+00,8.656673600171416183e-08
1.480500287589941122e+00,8.645459104172914522e-08
1.480550685656842669e+00,8.634197001811116934e-08
1.480601066124195064e+00,8.622978242556200712e-08
1.480651429004286479e+00,8.611888802079192828e-08
1.480701774309391094e+00,8.600728307328608935e-08
1.480752102051771324e+00,8.589654498791787773e-08
1.480802412243676036e+00,8.578584242968645412e-08
1.480852704897341221e+00,8.567554488081441377e-08
1.480902980024990656e+00,8.556484232258299016e-08
1.480953237638835018e+00,8.545483609623261145e-08
1.481003477751072328e+00,8.534501461099353037e-08
1.481053700373887505e+00,8.523527839088274050e-08
1.481103905519453479e+00,8.512649429803786916e-08
1.481154093199929633e+00,8.501825021767217549e-08
1.481204263427462919e+00,8.490992797760554822e-08
1.481254416214188296e+00,8.480029123347776476e-08
1.481304551572227179e+00,8.469329060289965128e-08
1.481354669513688993e+00,8.458459888061042875e-08
1.481404770050669839e+00,8.447714350268142880e-08
1.481454853195254051e+00,8.437054077603534097e-08
1.481504918959512640e+00,8.426279407558467938e-08
1.481554967355504848e+00,8.415662478000740521e-08
1.481604998395276152e+00,8.405012152934432379e-08
1.481655012090860923e+00,8.394317063675771351e-08
1.481705008454280437e+00,8.383780425447184825e-08
1.481754987497542864e+00,8.373213233880960615e-08
1.481804949232644830e+00,8.362628989289078163e-08
1.481854893671569640e+00,8.352041191983516910e-08
1.481904820826289271e+00,8.341487500729272142e-08
1.481954730708762158e+00,8.330935941103234654e-08
1.482004623330935189e+00,8.320586886156888795e-08
1.482054498704741929e+00,8.310198040817340370e-08
1.482104356842104842e+00,8.299809195477791945e-08
1.482154197754932623e+00,8.289391928428813117e-08
1.482204021455122422e+00,8.279068453020954621e-08
1.482253827954559622e+00,8.268710871561779641e-08
1.482303617265115614e+00,8.258405159722315148e-08
1.482353389398651355e+00,8.248234451002645073e-08
1.482403144367014258e+00,8.237836368607531767e-08
1.482452882182039966e+00,8.227652870118618011e-08
1.482502602855552132e+00,8.217442371005745372e-08
1.482552306399361530e+00,8.207362611756252591e-08
1.482601992825267612e+00,8.197169165669038193e-08
1.482651662145056282e+00,8.187009825633140281e-08
1.482701314370503010e+00,8.176874644050258212e-08
1.482750949513369720e+00,8.166738041381904623e-08
1.482800567585407014e+00,8.156630570965717197e-08
1.482850168598352836e+00,8.146730579028371722e-08
1.482899752563933360e+00,8.136701978855853667e-08
1.482949319493862328e+00,8.126649220230319770e-08
1.482998869399841713e+00,8.116654726109118201e-08
1.483048402293562162e+00,8.106729865176021121e-08
1.483097918186700337e+00,8.096770898191607557e-08
1.483147417090922682e+00,8.086923486416708329e-08
1.483196899017882986e+00,8.077162050312836072e-08
1.483246363979223048e+00,8.067274848144734278e-08
1.483295811986572676e+00,8.057407541173233767e-08
1.483345243051549467e+00,8.047549471257298137e-08
1.483394657185759913e+00,8.037834930973986047e-08
1.483444054400797629e+00,8.027971176716164337e-08
1.483493434708245129e+00,8.018166397505410714e-08
1.483542798119672046e+00,8.008456831021248945e-08
1.483592144646637356e+00,7.998809792297834065e-08
1.483641474300687380e+00,7.989140016206874861e-08
1.483690787093356445e+00,7.979473792829594458e-08
1.483740083036168222e+00,7.969965309939652798e-08
1.483789362140632617e+00,7.960264269968320150e-08
1.483838624418249763e+00,7.950709601800554083e-08
1.483887869880506916e+00,7.941041246795066399e-08
1.483937098538879784e+00,7.931654977255675476e-08
1.483986310404832087e+00,7.922075440092157805e-08
1.484035505489816220e+00,7.912517929753448698e-08
1.484084683805273031e+00,7.902982446239548153e-08
1.484133845362630932e+00,7.893531517311203061e-08
1.484182990173307015e+00,7.884101194122195011e-08
1.484232118248707266e+00,7.874817242736753542e-08
1.484281229600225016e+00,7.865430973197362619e-08
1.484330324239242938e+00,7.856054651256272336e-08
1.484379402177131047e+00,7.846714566994705820e-08
1.484428463425248701e+00,7.837486037942653638e-08
1.484477507994943490e+00,7.828030135215158225e-08
1.484526535897551014e+00,7.818849212526401971e-08
1.484575547144395546e+00,7.809489233068234171e-08
1.484624541746790038e+00,7.800248624789674068e-08
1.484673519716035228e+00,7.791031464421394048e-08
1.484722481063421418e+00,7.781859068245466915e-08
1.484771425800226474e+00,7.772664645244731219e-08
1.484820353937717385e+00,7.763611620248411782e-08
1.484869265487149370e+00,7.754496067491345457e-08
1.484918160459766101e+00,7.745297381234195200e-08
1.484967038866800593e+00,7.736191776075429516e-08
1.485015900719472981e+00,7.727079776032041991e-08
1.485064746028993410e+00,7.718014671809214633e-08
1.485113574806560033e+00,7.708931093475257512e-08
1.485162387063359901e+00,7.700052151449199300e-08
1.485211182810568298e+00,7.691026837619574508e-08
1.485259962059349181e+00,7.682000102704478195e-08
1.485308724820856074e+00,7.673146029674171587e-08
1.485357471106230065e+00,7.664178269806143362e-08
1.485406200926601361e+00,7.655264511186032905e-08
1.485454914293089068e+00,7.646286093176968279e-08
1.485503611216801190e+00,7.637497390078351600e-08
1.485552291708833739e+00,7.628572262774468982e-08
1.485600955780272292e+00,7.619818376269904547e-08
1.485649603442190880e+00,7.611040331312324270e-08
1.485698234705652432e+00,7.602167784170887899e-08
1.485746849581708107e+00,7.593347817191897775e-08
1.485795448081399073e+00,7.584587535802711500e-08
1.485844030215754064e+00,7.575771121537400177e-08
1.485892595995791599e+00,7.567170712263759924e-08
1.485941145432518873e+00,7.558501380344750942e-08
1.485989678536931535e+00,7.549814995400083717e-08
1.486038195320015021e+00,7.541149926737489295e-08
1.486086695792742329e+00,7.532429435741505586e-08
1.486135179966076914e+00,7.523809131271264050e-08
1.486183647850969791e+00,7.515226485566017800e-08
1.486232099458362210e+00,7.506641708232564270e-08
1.486280534799183650e+00,7.498123721916272189e-08
1.486328953884352710e+00,7.489547471095647779e-08
1.486377356724776666e+00,7.481020958266526577e-08
1.486425743331352800e+00,7.472500129779291456e-08
1.486474113714966405e+00,7.463936668727910728e-08
1.486522467886492338e+00,7.455540185219433624e-08
1.486570805856794575e+00,7.447053462783514988e-08
1.486619127636725546e+00,7.438593030428819475e-08
1.486667433237127689e+00,7.430267601193918381e-08
1.486715722668832340e+00,7.421813563723844709e-08
1.486763995942659289e+00,7.413415659129896085e-08
1.486812253069417888e+00,7.405106572377917473e-08
1.486860494059907278e+00,7.396734247322456213e-08
1.486908718924914163e+00,7.388322842416528147e-08
1.486956927675216367e+00,7.380056388228695141e-08
1.487005120321579943e+00,7.371770038844260853e-08
1.487053296874759623e+00,7.363554033190666814e-08
1.487101457345500366e+00,7.355180997592469794e-08
1.487149601744536032e+00,7.346994124191041919e-08
1.487197730082589375e+00,7.338822882729800767e-08
1.487245842370372717e+00,7.330529427918008878e-08
1.487293938618588163e+00,7.322351791572145885e-08
1.487342018837926050e+00,7.314142891345909447e-08
1.487390083039066946e+00,7.305997229423155659e-08
1.487438131232680094e+00,7.297811777107199305e-08
1.487486163429424746e+00,7.289762038453773130e-08
1.487534179639948828e+00,7.281735037167891278e-08
1.487582179874890276e+00,7.273643376493055257e-08
1.487630164144875922e+00,7.265460055805306183e-08
1.487678132460521940e+00,7.257438028318574652e-08
1.487726084832434736e+00,7.249390421293355757e-08
1.487774021271208946e+00,7.241392552259640070e-08
1.487821941787429658e+00,7.233457210986671271e-08
1.487869846391671080e+00,7.225511922115401831e-08
1.487917735094496541e+00,7.217507658197064302e-08
1.487965607906459375e+00,7.209521157847120776e-08
1.488013464838101818e+00,7.201643370535748545e-08
1.488061305899956333e+00,7.193798268190221279e-08
1.488109131102544502e+00,7.185946770960072172e-08
1.488156940456377475e+00,7.177985850148616009e-08
1.488204733971955962e+00,7.170125115862902021e-08
1.488252511659770239e+00,7.162316251196898520e-08
1.488300273530300144e+00,7.154498149475330138e-08
1.488348019594015526e+00,7.146530123236516374e-08
1.488395749861375128e+00,7.138735469425228075e-08
1.488443464342827482e+00,7.130981316549878102e-08
1.488491163048811350e+00,7.123288980892539257e-08
1.488538845989754389e+00,7.115534828017189284e-08
1.488586513176074266e+00,7.107851018872679560e-08
1.488634164618178879e+00,7.100130972048646072e-08
1.488681800326464577e+00,7.092500453609318356e-08
1.488729420311318385e+00,7.084729247708310140e-08
1.488777024583116670e+00,7.077078834072381142e-08
1.488824613152225584e+00,7.069379392987684696e-08
1.488872186029001288e+00,7.061796480911652907e-08
1.488919743223789283e+00,7.054106987425257103e-08
1.488967284746924857e+00,7.046548944344976917e-08
1.489014810608733752e+00,7.038969584982623928e-08
1.489062320819530383e+00,7.031382409650177578e-08
1.489109815389620062e+00,7.023864867505835718e-08
1.489157294329297221e+00,7.016333825049514417e-08
1.489204757648846522e+00,7.008813440734229516e-08
1.489252205358542414e+00,7.001325741384789580e-08
1.489299637468648907e+00,6.993706591629234026e-08
1.489347053989420244e+00,6.986299894151670742e-08
1.489394454931100453e+00,6.978812194802230806e-08
1.489441840303923348e+00,6.971416155465703923e-08
1.489489210118112750e+00,6.963970378137673833e-08
1.489536564383882489e+00,6.956661025014909683e-08
1.489583903111436625e+00,6.949242248310838477e-08
1.489631226310968337e+00,6.941856867115347995e-08
1.489678533992661480e+00,6.934435958783069509e-08
1.489725826166689471e+00,6.927037787818335346e-08
1.489773102843216179e+00,6.919756856405001599e-08
1.489820364032395483e+00,6.912432581884786487e-08
1.489867609744370380e+00,6.905126070932965376e-08
1.489914839989275208e+00,6.897867166344440193e-08
1.489962054777233202e+00,6.890672921144869179e-08
1.490009254118358717e+00,6.883371383992198389e-08
1.490056438022755003e+00,6.876155111967818812e-08
1.490103606500516431e+00,6.868890523037407547e-08
1.490150759561727378e+00,6.861708357064344455e-08
1.490197897216461342e+00,6.854455136817705352e-08
1.490245019474783383e+00,6.847361078143876512e-08
1.490292126346747681e+00,6.840071620217713644e-08
1.490339217842398645e+00,6.832895138586536632e-08
1.490386293971771137e+00,6.825830212164873956e-08
1.490433354744890249e+00,6.818719100465386873e-08
1.490480400171771302e+00,6.811542618834209861e-08
1.490527430262419184e+00,6.804494034895469667e-08
1.490574445026829897e+00,6.797463214525123476e-08
1.490621444474989232e+00,6.790383366706009838e-08
1.490668428616873209e+00,6.783385941844244371e-08
1.490715397462448077e+00,6.776321015422581695e-08
1.490762351021670318e+00,6.769209903723094612e-08
1.490809289304487084e+00,6.762148530015110737e-08
1.490856212320835539e+00,6.755133341584951268e-08
1.490903120080642852e+00,6.748190628513839329e-08
1.490950012593826868e+00,6.741232283502540668e-08
1.490996889870296105e+00,6.734241253525397042e-08
1.491043751919948868e+00,6.727299250997020863e-08
1.491090598752673468e+00,6.720378564750717487e-08
1.491137430378349782e+00,6.713469247188186273e-08
1.491184246806847025e+00,6.706618194129987387e-08
1.491231048048025309e+00,6.699761456729902420e-08
1.491277834111734757e+00,6.692937404295662418e-08
1.491324605007816828e+00,6.686038034331431845e-08
1.491371360746102104e+00,6.679169928247574717e-08
1.491418101336412283e+00,6.672402008689459763e-08
1.491464826788559961e+00,6.665501217639757670e-08
1.491511537112347296e+00,6.658751772192772478e-08
1.491558232317567567e+00,6.651917772160231834e-08
1.491604912414004502e+00,6.645120009807214956e-08
1.491651577411432061e+00,6.638332195052498719e-08
1.491698227319614656e+00,6.631577775806363206e-08
1.491744862148307815e+00,6.624845383385036257e-08
1.491791481907256856e+00,6.618183334694549558e-08
1.491838086606197766e+00,6.611420388935584924e-08
1.491884676254858100e+00,6.604768287843398866e-08
1.491931250862954972e+00,6.598056501161408960e-08
1.491977810440196395e+00,6.591461243488083710e-08
1.492024354996280389e+00,6.584772904716373887e-08
1.492070884540896758e+00,6.578194700068706879e-08
1.492117399083725093e+00,6.571470834160209051e-08
1.492163898634435881e+00,6.564820864696230274e-08
1.492210383202690283e+00,6.558308740522988955e-08
1.492256852798139910e+00,6.551731246418057708e-08
1.492303307430427495e+00,6.545120356804545736e-08
1.492349747109186220e+00,6.538532915101313847e-08
1.492396171844039277e+00,6.531924867658744915e-08
1.492442581644602084e+00,6.525321794015326304e-08
1.492488976520479182e+00,6.518845907521608751e-08
1.492535356481267561e+00,6.512377126455248799e-08
1.492581721536552664e+00,6.505958793923127814e-08
1.492628071695913050e+00,6.499393379044704488e-08
1.492674406968916623e+00,6.492938808833059738e-08
1.492720727365122846e+00,6.486537529326596996e-08
1.492767032894080970e+00,6.480047431978164241e-08
1.492813323565332029e+00,6.473631231074250536e-08
1.492859599388407288e+00,6.467199398230150109e-08
1.492905860372829574e+00,6.460788171125386725e-08
1.492952106528111722e+00,6.454376233477887581e-08
1.492998337863757685e+00,6.447955058774823556e-08
1.493044554389262535e+00,6.441613464858164662e-08
1.493090756114112017e+00,6.435370636381776421e-08
1.493136943047782772e+00,6.428879117947872146e-08
1.493183115199742117e+00,6.422614973189411103e-08
1.493229272579449152e+00,6.416239983764171484e-08
1.493275415196352762e+00,6.409936048612507875e-08
1.493321543059893397e+00,6.403547558875288814e-08
1.493367656179502623e+00,6.397260676749283448e-08
1.493413754564602236e+00,6.391033480213081930e-08
1.493459838224605818e+00,6.384811968018766493e-08
1.493505907168917179e+00,6.378580508226150414e-08
1.493551961406931916e+00,6.372329153236933053e-08
1.493598000948036075e+00,6.366011007230554242e-08
1.493644025801606823e+00,6.359814364031990408e-08
1.493690035977012442e+00,6.353619852461633855e-08
1.493736031483612114e+00,6.347465841827215627e-08
1.493782012330756581e+00,6.341200275983283063e-08
1.493827978527786371e+00,6.335051949690750916e-08
1.493873930084035129e+00,6.328940571620478295e-08
1.493919867008825619e+00,6.322800771840775269e-08
1.493965789311472614e+00,6.316599865385796875e-08
1.494011697001281780e+00,6.310459355063358089e-08
1.494057590087550569e+00,6.304319555283655063e-08
1.494103468579566441e+00,6.298267862803186290e-08
1.494149332486608417e+00,6.292184195899608312e-08
1.494195181817947526e+00,6.286153819701212342e-08
1.494241016582844361e+00,6.279997677438586834e-08
1.494286836790552186e+00,6.274051145283010555e-08
1.494332642450314497e+00,6.267914187674250570e-08
1.494378433571367015e+00,6.261874574420289719e-08
1.494424210162934807e+00,6.255879014815945993e-08
1.494469972234236277e+00,6.249904771493675071e-08
1.494515719794479836e+00,6.243897843205559184e-08
1.494561452852865457e+00,6.237963390276490827e-08
1.494607171418584013e+00,6.231912408338757814e-08
1.494652875500818379e+00,6.225882032140361844e-08
1.494698565108742327e+00,6.219949710839500767e-08
1.494744240251520528e+00,6.213992520542888087e-08
1.494789900938309213e+00,6.208049541100990609e-08
1.494835547178256618e+00,6.202159852364275139e-08
1.494881178980500991e+00,6.196285085025010630e-08
1.494926796354173026e+00,6.190391843574616360e-08
1.494972399308394095e+00,6.184536971431953134e-08
1.495017987852277574e+00,6.178665756806367426e-08
1.495063561994927515e+00,6.172783884039745317e-08
1.495109121745439307e+00,6.166904142901330488e-08
1.495154667112900793e+00,6.161106824720263830e-08
1.495200198106389600e+00,6.155233478466470842e-08
1.495245714734976472e+00,6.149450371140119387e-08
1.495291217007721940e+00,6.143615394194057444e-08
1.495336704933679428e+00,6.137828023611291428e-08
1.495382178521892813e+00,6.132058416596919415e-08
1.495427637781397534e+00,6.126299467723583803e-08
1.495473082721220814e+00,6.120500017914309865e-08
1.495518513350381662e+00,6.114766648579461616e-08
1.495563929677889314e+00,6.109060279868572252e-08
1.495609331712746126e+00,6.103336147589288885e-08
1.495654719463944904e+00,6.097533145066336147e-08
1.495700092940469572e+00,6.091794801932337577e-08
1.495745452151297172e+00,6.086156645324081182e-08
1.495790797105394532e+00,6.080482251036301022e-08
1.495836127811721372e+00,6.074742486816830933e-08
1.495881444279228312e+00,6.069036828648677329e-08
1.495926746516857531e+00,6.063399382583156694e-08
1.495972034533542772e+00,6.057783963342444622e-08
1.496017308338210006e+00,6.052169254644468310e-08
1.496062567939775656e+00,6.046538914006305276e-08
1.496107813347148818e+00,6.040941968876722967e-08
1.496153044569229706e+00,6.035269706217150087e-08
1.496198261614910319e+00,6.029669208373888978e-08
1.496243464493073771e+00,6.024113474722980754e-08
1.496288653212595854e+00,6.018494502768589882e-08
1.496333827782343473e+00,6.013002007421164308e-08
1.496378988211174654e+00,6.007484643077987130e-08
1.496424134507940096e+00,6.001835828328694333e-08
1.496469266681481392e+00,5.996302832045330433e-08
1.496514384740632586e+00,5.990791152044039336e-08
1.496559488694218620e+00,5.985330631119722966e-08
1.496604578551056886e+00,5.979755002272213460e-08
1.496649654319956113e+00,5.974284533749596449e-08
1.496694716009716819e+00,5.968716720872180304e-08
1.496739763629131081e+00,5.963283200571822817e-08
1.496784797186983651e+00,5.957827298175288888e-08
1.496829816692049731e+00,5.952385961904838041e-08
1.496874822153097417e+00,5.946879610974065145e-08
1.496919813578885483e+00,5.941442893231396738e-08
1.496964790978166038e+00,5.936033176112687215e-08
1.497009754359681644e+00,5.930610313953366131e-08
1.497054703732167535e+00,5.925216228774843330e-08
1.497099639104350066e+00,5.919753576222319680e-08
1.497144560484947817e+00,5.914331069334366475e-08
1.497189467882671599e+00,5.909135936121856503e-08
1.497234361306223560e+00,5.903710587062960258e-08
1.497279240764297858e+00,5.898308330642976216e-08
1.497324106265580435e+00,5.892983878652557905e-08
1.497368957818749680e+00,5.887595122544553305e-08
1.497413795432475103e+00,5.882271736368238635e-08
1.497458619115418665e+00,5.876936626236783923e-08
1.497503428876233889e+00,5.871626740372448694e-08
1.497548224723566523e+00,5.866311525437595265e-08
1.497593006666054327e+00,5.861095431214380369e-08
1.497637774712327063e+00,5.855746820770946215e-08
1.497682528871006058e+00,5.850386486372372019e-08
1.497727269150704643e+00,5.845242156965468894e-08
1.497771995560028602e+00,5.839941863428066426e-08
1.497816708107575279e+00,5.834706229279618128e-08
1.497861406801934470e+00,5.829390659073396819e-08
1.497906091651687310e+00,5.824196591674990486e-08
1.497950762665407831e+00,5.818968418225267669e-08
1.497995419851661403e+00,5.813791759123887459e-08
1.498040063219005624e+00,5.808561098774589482e-08
1.498084692775990323e+00,5.803386216030048672e-08
1.498129308531157333e+00,5.798190372274802940e-08
1.498173910493040495e+00,5.793006963017433009e-08
1.498218498670165655e+00,5.787832790815627959e-08
1.498263073071050666e+00,5.782733225601077720e-08
1.498307633704206276e+00,5.777575751153563033e-08
1.498352180578134352e+00,5.772447053686846630e-08
1.498396713701329208e+00,5.767286026525653142e-08
1.498441233082277835e+00,5.762178290069641662e-08
1.498485738729458339e+00,5.757065224543111981e-08
1.498530230651341943e+00,5.751975606926862383e-08
1.498574708856391435e+00,5.746791842398124572e-08
1.498619173353062273e+00,5.741642539192071126e-08
1.498663624149801477e+00,5.736626107477604819e-08
1.498708061255048740e+00,5.731619268090071273e-08
1.498752484677235985e+00,5.726579388465324882e-08
1.498796894424787141e+00,5.721544127368360932e-08
1.498841290506118362e+00,5.716527340382526745e-08
1.498885672929637591e+00,5.711414274855997064e-08
1.498930041703746330e+00,5.706391092985541036e-08
1.498974396836836975e+00,5.701377858713385649e-08
1.499018738337294820e+00,5.696362492813022982e-08
1.499063066213497386e+00,5.691469695534578932e-08
1.499107380473814422e+00,5.686400328386298497e-08
1.499151681126607683e+00,5.681387094114143110e-08
1.499195968180232041e+00,5.676361780615479802e-08
1.499240241643033267e+00,5.671439140542133828e-08
1.499284501523351576e+00,5.666458591235823405e-08
1.499328747829516972e+00,5.661585689153980638e-08
1.499372980569853686e+00,5.656635693185307900e-08
1.499417199752677732e+00,5.651737566836345650e-08
1.499461405386297352e+00,5.646788636681776552e-08
1.499505597479013019e+00,5.641904721187529503e-08
1.499549776039118099e+00,5.636951172505177965e-08
1.499593941074897741e+00,5.632062993754516356e-08
1.499638092594629990e+00,5.627128984997398220e-08
1.499682230606585120e+00,5.622310794706208981e-08
1.499726355119025634e+00,5.617461340534646297e-08
1.499770466140206704e+00,5.612513120922812959e-08
1.499814563678375512e+00,5.607696351717095240e-08
1.499858647741772355e+00,5.602831265605345834e-08
1.499902718338629759e+00,5.597955166081192147e-08
1.499946775477172034e+00,5.593188845409713394e-08
1.499990819165617051e+00,5.588356088992441073e-08
1.500034849412174243e+00,5.583557083355117356e-08
1.500078866225045937e+00,5.578699102670725551e-08
1.500122869612426912e+00,5.573897965405194554e-08
1.500166859582504619e+00,5.569070538058440434e-08
1.500210836143458515e+00,5.564307414829272602e-08
1.500254799303461173e+00,5.559570226409960014e-08
1.500298749070677395e+00,5.554797510853859421e-08
1.500342685453264435e+00,5.550066362047800794e-08
1.500386608459372439e+00,5.545284054164767440e-08
1.500430518097143562e+00,5.540555747529651853e-08
1.500474414374713295e+00,5.535786229415862181e-08
1.500518297300208914e+00,5.531043711926031392e-08
1.500562166881750592e+00,5.526367274910626293e-08
1.500606023127451616e+00,5.521606283309665741e-08
1.500649866045417058e+00,5.516965728702416527e-08
1.500693695643744885e+00,5.512248790751073102e-08
1.500737511930526180e+00,5.507597933274155366e-08
1.500781314913843367e+00,5.502917943545071466e-08
1.500825104601773097e+00,5.498217348076650524e-08
1.500868881002383803e+00,5.493586385796334071e-08
1.500912644123736595e+00,5.488902843353571370e-08
1.500956393973885472e+00,5.484251985876653634e-08
1.501000130560876888e+00,5.479622444681808702e-08
1.501043853892750191e+00,5.475024167367337213e-08
1.501087563977537176e+00,5.470275610264252464e-08
1.501131260823262759e+00,5.465733465825906023e-08
1.501174944437943859e+00,5.461125240913133894e-08
1.501218614829590958e+00,5.456583451746155333e-08
1.501262272006206988e+00,5.451949647294895840e-08
1.501305915975786887e+00,5.447323303542361828e-08
1.501349546746319374e+00,5.442862160975892039e-08
1.501393164325785623e+00,5.438208816599399142e-08
1.501436768722159032e+00,5.433623329054171336e-08
1.501480359943406562e+00,5.429055960348705412e-08
1.501523937997487179e+00,5.424496762884700729e-08
1.501567502892353190e+00,5.419976645271162852e-08
1.501611054635949793e+00,5.415463633084982575e-08
1.501654593236214419e+00,5.410921843918004015e-08
1.501698118701077833e+00,5.406374015137771494e-08
1.501741631038463254e+00,5.401897951173850743e-08
1.501785130256287015e+00,5.397421176667194231e-08
1.501828616362458346e+00,5.392861979203189549e-08
1.501872089364878482e+00,5.388393375937994279e-08
1.501915549271443329e+00,5.383987300433545897e-08
1.501958996090039689e+00,5.379432010954587895e-08
1.502002429828548147e+00,5.374940315050480422e-08
1.502045850494842405e+00,5.370560529627255164e-08
1.502089258096788615e+00,5.366047162169707008e-08
1.502132652642245825e+00,5.361677679616150272e-08
1.502176034139066640e+00,5.357174970299638517e-08
1.502219402595095676e+00,5.352817922243957582e-08
1.502262758018170663e+00,5.348281462147497223e-08
1.502306100416123114e+00,5.343897058196489525e-08
1.502349429796776326e+00,5.339446573771056137e-08
1.502392746167947379e+00,5.335025576869156794e-08
1.502436049537446028e+00,5.330737096187476709e-08
1.502479339913074918e+00,5.326270979821856599e-08
1.502522617302629815e+00,5.321914997580279305e-08
1.502565881713899154e+00,5.317528817272432207e-08
1.502609133154664933e+00,5.313149742391942709e-08
1.502652371632701822e+00,5.308783812552064774e-08
1.502695597155777163e+00,5.304415395812611678e-08
1.502738809731651859e+00,5.300044492173583421e-08
1.502782009368079930e+00,5.295755300949167577e-08
1.502825196072807845e+00,5.291403226692636963e-08
1.502868369853575636e+00,5.287083482130583434e-08
1.502911530718115785e+00,5.282763382297162025e-08
1.502954678674154554e+00,5.278431558508600574e-08
1.502997813729411103e+00,5.274149472711542330e-08
1.503040935891597041e+00,5.269837188848214282e-08
1.503084045168417981e+00,5.265583169489218562e-08
1.503127141567572211e+00,5.261245306087403151e-08
1.503170225096750912e+00,5.256901403072333778e-08
1.503213295763638380e+00,5.252676160694136342e-08
1.503256353575912474e+00,5.248385903655616858e-08
1.503299398541243725e+00,5.244180911745388585e-08
1.503342430667296448e+00,5.239942879597947467e-08
1.503385449961727405e+00,5.235669320313718345e-08
1.503428456432186477e+00,5.231403576999582583e-08
1.503471450086317329e+00,5.227206401059447671e-08
1.503514430931756518e+00,5.223002474963323039e-08
1.503557398976133497e+00,5.218826615305260930e-08
1.503600354227071056e+00,5.214545595322306326e-08
1.503643296692185105e+00,5.210319997672741010e-08
1.503686226379085555e+00,5.206118558476191538e-08
1.503729143295374326e+00,5.201955133316005231e-08
1.503772047448647564e+00,5.197772523501953401e-08
1.503814938846493421e+00,5.193591334773373092e-08
1.503857817496494720e+00,5.189406238059746101e-08
1.503900683406226513e+00,5.185282603292762360e-08
1.503943536583257412e+00,5.181073348126119527e-08
1.503986377035149369e+00,5.176926265448855702e-08
1.504029204769457673e+00,5.172794814711778599e-08
1.504072019793730730e+00,5.168661232346494216e-08
1.504114822115509842e+00,5.164509531141447951e-08
1.504157611742330536e+00,5.160448779406578979e-08
1.504200388681720790e+00,5.156259419436537428e-08
1.504243152941202144e+00,5.152180904133274453e-08
1.504285904528289919e+00,5.148114823327887279e-08
1.504328643450491665e+00,5.143953174524540373e-08
1.504371369715309825e+00,5.139876790849484678e-08
1.504414083330238627e+00,5.135911251841207559e-08
1.504456784302766525e+00,5.131720470785694488e-08
1.504499472640375091e+00,5.127679258976058918e-08
1.504542148350539232e+00,5.123626323211283307e-08
1.504584811440727421e+00,5.119551715893067012e-08
1.504627461918401021e+00,5.115520096410364204e-08
1.504670099791015625e+00,5.111427725523753907e-08
1.504712725066019496e+00,5.107388645342325617e-08
1.504755337750854238e+00,5.103355604774151288e-08
1.504797937852955680e+00,5.099315814049987239e-08
1.504840525379751881e+00,5.095275312783087429e-08
1.504883100338665569e+00,5.091239074772602180e-08
1.504925662737111924e+00,5.087270693593382020e-08
1.504968212582499909e+00,5.083249021708979853e-08
1.505010749882232490e+00,5.079217402226277045e-08
1.505053274643704642e+00,5.075271047871865449e-08
1.505095786874306674e+00,5.071282416224676126e-08
1.505138286581420681e+00,5.067330377528378449e-08
1.505180773772423430e+00,5.063383667902598972e-08
1.505223248454684581e+00,5.059411734009700012e-08
1.505265710635567356e+00,5.055456142599723535e-08
1.505308160322428535e+00,5.051443707770886249e-08
1.505350597522618461e+00,5.047476747677137610e-08
1.505393022243481038e+00,5.043561301931731577e-08
1.505435434492353286e+00,5.039633776959817624e-08
1.505477834276566451e+00,5.035757411064878397e-08
1.505520221603444453e+00,5.031748173678352032e-08
1.505562596480305881e+00,5.027846583516293322e-08
1.505604958914461333e+00,5.023931493042255170e-08
1.505647308913216964e+00,5.020016047296849138e-08
1.505689646483870492e+00,5.016118365119837108e-08
1.505731971633714750e+00,5.012337211951489735e-08
1.505774284370034799e+00,5.008392278682549659e-08
1.505816584700111038e+00,5.004461200996956904e-08
1.505858872631215428e+00,5.000582703473810398e-08
1.505901148170615267e+00,4.996718772076746973e-08
1.505943411325570302e+00,4.992831392769403465e-08
1.505985662103334288e+00,4.989010804479221406e-08
1.506027900511155426e+00,4.985128043699660338e-08
1.506070126556273925e+00,4.981260204317550233e-08
1.506112340245924885e+00,4.977385970050818287e-08
1.506154541587336970e+00,4.973623646264968556e-08
1.506196730587731514e+00,4.969756517425594211e-08
1.506238907254324966e+00,4.965916033938810870e-08
1.506281071594326004e+00,4.962079813708442089e-08
1.506323223614938422e+00,4.958343424732447602e-08
1.506365363323358464e+00,4.954504362331135781e-08
1.506407490726776599e+00,4.950711840479016246e-08
1.506449605832377303e+00,4.946916831727321551e-08
1.506491708647337946e+00,4.943171916238497943e-08
1.506533799178830124e+00,4.939310827012377558e-08
1.506575877434019883e+00,4.935587227805626753e-08
1.506617943420065497e+00,4.931742125791060971e-08
1.506659997144119911e+00,4.928072172560860054e-08
1.506702038613329631e+00,4.924221030933040311e-08
1.506744067834835166e+00,4.920483931414310064e-08
1.506786084815770366e+00,4.916735818483175535e-08
1.506828089563262862e+00,4.913020745789253851e-08
1.506870082084434515e+00,4.909287198984202405e-08
1.506912062386400741e+00,4.905524875198352674e-08
1.506954030476270301e+00,4.901821881730938912e-08
1.506995986361146400e+00,4.898078742598954705e-08
1.507037930048125807e+00,4.894366867347343941e-08
1.507079861544298849e+00,4.890682703262427822e-08
1.507121780856750304e+00,4.886891957767147687e-08
1.507163687992558065e+00,4.883227688878832851e-08
1.507205582958794476e+00,4.879516168898589967e-08
1.507247465762524996e+00,4.875818504501694406e-08
1.507289336410809755e+00,4.872132919331306766e-08
1.507331194910701999e+00,4.868488545639593212e-08
1.507373041269249425e+00,4.864798341941423132e-08
1.507414875493493067e+00,4.861141889023201657e-08
1.507456697590468631e+00,4.857500357502431143e-08
1.507498507567204715e+00,4.853870549936800671e-08
1.507540305430724814e+00,4.850141621659531666e-08
1.507582091188045093e+00,4.846502932309704192e-08
1.507623864846176609e+00,4.842927125991991488e-08
1.507665626412124205e+00,4.839231237951935327e-08
1.507707375892886503e+00,4.835617772869227338e-08
1.507749113295455912e+00,4.831995781273690227e-08
1.507790838626818841e+00,4.828364552622588235e-08
1.507832551893955708e+00,4.824761745680916647e-08
1.507874253103841156e+00,4.821136556643068616e-08
1.507915942263442943e+00,4.817584553507003875e-08
1.507957619379723502e+00,4.813971443695663766e-08
1.507999284459639266e+00,4.810380360709132219e-08
1.508040937510140456e+00,4.806765474540952710e-08
1.508082578538171070e+00,4.803162312327913241e-08
1.508124207550669560e+00,4.799628072760242503e-08
1.508165824554567713e+00,4.796072516910498962e-08
1.508207429556791990e+00,4.792525842844952422e-08
1.508249022564262631e+00,4.788937957300731796e-08
1.508290603583893441e+00,4.785322715861184406e-08
1.508332172622592893e+00,4.781827556143980473e-08
1.508373729687263465e+00,4.778229012458723446e-08
1.508415274784800975e+00,4.774739892354773474e-08
1.508456807922096132e+00,4.771173323092625651e-08
1.508498329106033209e+00,4.767630201740757911e-08
1.508539838343490480e+00,4.764164529547088023e-08
1.508581335641340671e+00,4.760586236329800158e-08
1.508622821006450287e+00,4.757114879794244189e-08
1.508664294445680065e+00,4.753609417207371735e-08
1.508705755965884521e+00,4.750133086872665444e-08
1.508747205573912842e+00,4.746629400642632390e-08
1.508788643276607777e+00,4.743070292079210049e-08
1.508830069080806302e+00,4.739601422443229239e-08
1.508871482993339619e+00,4.736155645446160634e-08
1.508912885021032491e+00,4.732680736196925864e-08
1.508954275170705461e+00,4.729134062131379324e-08
1.508995653449171304e+00,4.725697877461243479e-08
1.509037019863237461e+00,4.722221191855169309e-08
1.509078374419706492e+00,4.718791757341023185e-08
1.509119717125373628e+00,4.715344914529850939e-08
1.509161047987029214e+00,4.711908374588347215e-08
1.509202367011458046e+00,4.708417478127557843e-08
1.509243674205437591e+00,4.704926936938136350e-08
1.509284969575741542e+00,4.701622202674116124e-08
1.509326253129136042e+00,4.698223676768975565e-08
1.509367524872382571e+00,4.694681621231211466e-08
1.509408784812235726e+00,4.691263200129469624e-08
1.509450032955445442e+00,4.687865740038432705e-08
1.509491269308755435e+00,4.684554610889790638e-08
1.509532493878902981e+00,4.681060516986690345e-08
1.509573706672620697e+00,4.677620779602875700e-08
1.509614907696634756e+00,4.674264530990512867e-08
1.509656096957665561e+00,4.670901176950792433e-08
1.509697274462428185e+00,4.667437991656697704e-08
1.509738440217631261e+00,4.664075703431080910e-08
1.509779594229978539e+00,4.660738994743951480e-08
1.509820736506167327e+00,4.657361074578147964e-08
1.509861867052889828e+00,4.653943364019141882e-08
1.509902985876831361e+00,4.650626905799981614e-08
1.509944092984673247e+00,4.647275986258136982e-08
1.509985188383089705e+00,4.643894868650022545e-08
1.510026272078750065e+00,4.640550699264167633e-08
1.510067344078316998e+00,4.637189476852654479e-08
1.510108404388448733e+00,4.633861649949722050e-08
1.510149453015796839e+00,4.630535244132261141e-08
1.510190489967007776e+00,4.627239391652437916e-08
1.510231515248722012e+00,4.623896288080686645e-08
1.510272528867574682e+00,4.620564197921339655e-08
1.510313530830194706e+00,4.617281490482127992e-08
1.510354521143206119e+00,4.613863779923121911e-08
1.510395499813226294e+00,4.610605941479661851e-08
1.510436466846868164e+00,4.607324299854553828e-08
1.510477422250738000e+00,4.604015657605486922e-08
1.510518366031436965e+00,4.600757108619291103e-08
1.510559298195560674e+00,4.597423242103104712e-08
1.510600218749699186e+00,4.594132008151063928e-08
1.510641127700436126e+00,4.590940250182029558e-08
1.510682025054350452e+00,4.587595014982071007e-08
1.510722910818015574e+00,4.584341795066393388e-08
1.510763784997998016e+00,4.581130141900757735e-08
1.510804647600860751e+00,4.577838552677349071e-08
1.510845498633159201e+00,4.574560819037287729e-08
1.510886338101444570e+00,4.571301914779724029e-08
1.510927166012262068e+00,4.568106248825642979e-08
1.510967982372150908e+00,4.564762789982523827e-08
1.511008787187645641e+00,4.561609756592588383e-08
1.511049580465274156e+00,4.558345878535874363e-08
1.511090362211560345e+00,4.555148791496321792e-08
1.511131132433020996e+00,4.551975507638417184e-08
1.511171891136168011e+00,4.548729393150097167e-08
1.511212638327508406e+00,4.545504950215217832e-08
1.511253374013542539e+00,4.542221887504638289e-08
1.511294098200765879e+00,4.539049314189469442e-08
1.511334810895668568e+00,4.535840503194776829e-08
1.511375512104734753e+00,4.532646613597535179e-08
1.511416201834443696e+00,4.529488606408449414e-08
1.511456880091268440e+00,4.526316033093280566e-08
1.511497546881677367e+00,4.523074181861375109e-08
1.511538202212132420e+00,4.519934648783419107e-08
1.511578846089091321e+00,4.516777352137069101e-08
1.511619478519005133e+00,4.513564633157329808e-08
1.511660099508320032e+00,4.510402717983197363e-08
1.511700709063477088e+00,4.507317896695894888e-08
1.511741307190911154e+00,4.504109085701202275e-08
1.511781893897052198e+00,4.500925854244997026e-08
1.511822469188324636e+00,4.497800532021756226e-08
1.511863033071147777e+00,4.494609839866825496e-08
1.511903585551934270e+00,4.491459293376465212e-08
1.511944126637093211e+00,4.488301996730115206e-08
1.511984656333027033e+00,4.485216464900076971e-08
1.512025174646132841e+00,4.482115301129852014e-08
1.512065681582803078e+00,4.478964399368123850e-08
1.512106177149423969e+00,4.475867498854313453e-08
1.512146661352376853e+00,4.472768821983663656e-08
1.512187134198037519e+00,4.469658776429241698e-08
1.512227595692776427e+00,4.466549796688923379e-08
1.512268045842959152e+00,4.463452540903745103e-08
1.512308484654944829e+00,4.460308389298006659e-08
1.512348912135087931e+00,4.457255542433813389e-08
1.512389328289738044e+00,4.454172142231982434e-08
1.512429733125238540e+00,4.451058899235249555e-08
1.512470126647927904e+00,4.447921853056868713e-08
1.512510508864139069e+00,4.444881085419183364e-08
1.512550879780200086e+00,4.441806922272917291e-08
1.512591239402433674e+00,4.438800971229284187e-08
1.512631587737156336e+00,4.435697320559484069e-08
1.512671924790680134e+00,4.432694211686794006e-08
1.512712250569312022e+00,4.429659483662362618e-08
1.512752565079352962e+00,4.426584965244728664e-08
1.512792868327099027e+00,4.423522526053602633e-08
1.512833160318840742e+00,4.420502719426622207e-08
1.512873441060864188e+00,4.417399068756822089e-08
1.512913710559449010e+00,4.414352261505882780e-08
1.512953968820869965e+00,4.411339560306259955e-08
1.512994215851397373e+00,4.408370202213518496e-08
1.513034451657295332e+00,4.405360343184838712e-08
1.513074676244823058e+00,4.402321351903992763e-08
1.513114889620234438e+00,4.399350217454411904e-08
1.513155091789778250e+00,4.396306962917151395e-08
1.513195282759698168e+00,4.393272234892720007e-08
1.513235462536232756e+00,4.390290797573470627e-08
1.513275631125614362e+00,4.387319307852521888e-08
1.513315788534071560e+00,4.384353857744827110e-08
1.513355934767826705e+00,4.381396223607225693e-08
1.513396069833096824e+00,4.378309270691715938e-08
1.513436193736095170e+00,4.375333517714352638e-08
1.513476306483028333e+00,4.372366291249818460e-08
1.513516408080098685e+00,4.369400841142123681e-08
1.513556498533502381e+00,4.366454220416926546e-08
1.513596577849431357e+00,4.363468164569894725e-08
1.513636646034072220e+00,4.360522964930169110e-08
1.513676703093605580e+00,4.357566396606671333e-08
1.513716749034208497e+00,4.354630789293878479e-08
1.513756783862051591e+00,4.351633720034442376e-08
1.513796807583300819e+00,4.348708415591318044e-08
1.513836820204116806e+00,4.345739057498576585e-08
1.513876821730655076e+00,4.342879122987142182e-08
1.513916812169066262e+00,4.339905501637986163e-08
1.513956791525495893e+00,4.336954262385006587e-08
1.513996759806084169e+00,4.334041037168390176e-08
1.514036717016965961e+00,4.331145220248799887e-08
1.514076663164271919e+00,4.328204283865488833e-08
1.514116598254126700e+00,4.325286084849722101e-08
1.514156522292650076e+00,4.322361846220701409e-08
1.514196435285957376e+00,4.319452528989131679e-08
1.514236337240157715e+00,4.316564883311002632e-08
1.514276228161355986e+00,4.313633539254624338e-08
1.514316108055652421e+00,4.310729195822204929e-08
1.514355976929140590e+00,4.307909406975340971e-08
1.514395834787910733e+00,4.305021050754476164e-08
1.514435681638047093e+00,4.302124168020782236e-08
1.514475517485629252e+00,4.299252154282839911e-08
1.514515342336731463e+00,4.296368771861125424e-08
1.514555156197422647e+00,4.293501376650965540e-08
1.514594959073768177e+00,4.290614441515572253e-08
1.514634750971826538e+00,4.287722177309660765e-08
1.514674531897652221e+00,4.284880006366620364e-08
1.514714301857294609e+00,4.282051335735559405e-08
1.514754060856798201e+00,4.279180387811720720e-08
1.514793808902201944e+00,4.276333598340897879e-08
1.514833545999540565e+00,4.273424281109328149e-08
1.514873272154842798e+00,4.270666664751843200e-08
1.514912987374133824e+00,4.267774400545931712e-08
1.514952691663432160e+00,4.264990494107223640e-08
1.514992385028752775e+00,4.262135533394939557e-08
1.515032067476105082e+00,4.259371522152832767e-08
1.515071739011493390e+00,4.256500218957626203e-08
1.515111399640917123e+00,4.253664442899207643e-08
1.515151049370371483e+00,4.250828666840789083e-08
1.515190688205845460e+00,4.248059681799531973e-08
1.515230316153324042e+00,4.245224616283849173e-08
1.515269933218786669e+00,4.242397011466891854e-08
1.515309539408209005e+00,4.239648632164971787e-08
1.515349134727560276e+00,4.236812856106553227e-08
1.515388719182805932e+00,4.234042805251192476e-08
1.515428292779905428e+00,4.231216621519706678e-08
1.515467855524814889e+00,4.228439820508356206e-08
1.515507407423484221e+00,4.225701744076104660e-08
1.515546948481858669e+00,4.222901850425841985e-08
1.515586478705878815e+00,4.220160931822647399e-08
1.515625998101480798e+00,4.217408289264312771e-08
1.515665506674594765e+00,4.214556170722971729e-08
1.515705004431146863e+00,4.211818804833455943e-08
1.515744491377058134e+00,4.209050175063566712e-08
1.515783967518245179e+00,4.206333770184755849e-08
1.515823432860618381e+00,4.203581838169156981e-08
1.515862887410085236e+00,4.200832037781765393e-08
1.515902331172546802e+00,4.198071934524705284e-08
1.515941764153899918e+00,4.195330305378774938e-08
1.515981186360036537e+00,4.192573044292657869e-08
1.516020597796843949e+00,4.189815072663805040e-08
1.516059998470204340e+00,4.187155866475222865e-08
1.516099388385995450e+00,4.184401092288680957e-08
1.516138767550089472e+00,4.181682555781662813e-08
1.516178135968354823e+00,4.178884083216871659e-08
1.516217493646654146e+00,4.176197165861594840e-08
1.516256840590845645e+00,4.173532275331126584e-08
1.516296176806783524e+00,4.170814449366844201e-08
1.516335502300315552e+00,4.168097333945297578e-08
1.516374817077286163e+00,4.165362454955356952e-08
1.516414121143534466e+00,4.162724565048847580e-08
1.516453414504894681e+00,4.159944566595186188e-08
1.516492697167196368e+00,4.157258004511277250e-08
1.516531969136264646e+00,4.154571797698736191e-08
1.516571230417919303e+00,4.151969079657646944e-08
1.516610481017975909e+00,4.149239174466856639e-08
1.516649720942244706e+00,4.146531651372242777e-08
1.516688950196531716e+00,4.143823062463525275e-08
1.516728168786638076e+00,4.141198672868995345e-08
1.516767376718360261e+00,4.138485465432495403e-08
1.516806573997490082e+00,4.135843667540939350e-08
1.516845760629813800e+00,4.133213593604523339e-08
1.516884936621114344e+00,4.130544795089008403e-08
1.516924101977168871e+00,4.127869246417503746e-08
1.516963256703750096e+00,4.125278962874290301e-08
1.517002400806626516e+00,4.122553676211282436e-08
1.517041534291561522e+00,4.119937457858213747e-08
1.517080657164313173e+00,4.117318042062834138e-08
1.517119769430636422e+00,4.114642493391329481e-08
1.517158871096279782e+00,4.111995011157887348e-08
1.517197962166988656e+00,4.109393003659533861e-08
1.517237042648502898e+00,4.106761508637646330e-08
1.517276112546557476e+00,4.104174067265375925e-08
1.517315171866883361e+00,4.101539730072545353e-08
1.517354220615206639e+00,4.098923511719476664e-08
1.517393258797248734e+00,4.096271055686884210e-08
1.517432286418726406e+00,4.093705996410790249e-08
1.517471303485351530e+00,4.091053540378197795e-08
1.517510310002831986e+00,4.088479599317906832e-08
1.517549305976870322e+00,4.085877947090921225e-08
1.517588291413165091e+00,4.083289795175915060e-08
1.517627266317409296e+00,4.080604298906109761e-08
1.517666230695292384e+00,4.078065174439871043e-08
1.517705184552498920e+00,4.075472048725714558e-08
1.517744127894708361e+00,4.072900594564998755e-08
1.517783060727596167e+00,4.070301784508956189e-08
1.517821983056832469e+00,4.067686631969991140e-08
1.517860894888083623e+00,4.065150349674695462e-08
1.517899796227011100e+00,4.062565039930632338e-08
1.517938687079271709e+00,4.059999625383170496e-08
1.517977567450517817e+00,4.057422842151936493e-08
1.518016437346396907e+00,4.054874480630132894e-08
1.518055296772552021e+00,4.052293434142484330e-08
1.518094145734622202e+00,4.049737256650587369e-08
1.518132984238240946e+00,4.047185697686472849e-08
1.518171812289038192e+00,4.044630230737311649e-08
1.518210629892638774e+00,4.042086132471922610e-08
1.518249437054662865e+00,4.039556955603984534e-08
1.518288233780726415e+00,4.036929013295775803e-08
1.518327020076440936e+00,4.034460587831745215e-08
1.518365795947413277e+00,4.031907607782159175e-08
1.518404561399245400e+00,4.029376299286013818e-08
1.518443316437535273e+00,4.026808753110344696e-08
1.518482061067875977e+00,4.024322208806552226e-08
1.518520795295856818e+00,4.021827848532666394e-08
1.518559519127061108e+00,4.019308619263028959e-08
1.518598232567069495e+00,4.016802535034003085e-08
1.518636935621457074e+00,4.014250976069888566e-08
1.518675628295794500e+00,4.011810617043920502e-08
1.518714310595647765e+00,4.009213228073349455e-08
1.518752982526579087e+00,4.006749421137101308e-08
1.518791644094146021e+00,4.004234455123878433e-08
1.518830295303901234e+00,4.001708120426883397e-08
1.518868936161392735e+00,3.999254261088935891e-08
1.518907566672165199e+00,3.996746755774438498e-08
1.518946186841757751e+00,3.994244934801827185e-08
1.518984796675705295e+00,3.991702257621909666e-08
1.519023396179538965e+00,3.989237029600189999e-08
1.519061985358784783e+00,3.986793473131911014e-08
1.519100564218964111e+00,3.984321494954201626e-08
1.519139132765594979e+00,3.981823581966636993e-08
1.519177691004189645e+00,3.979356222316710046e-08
1.519216238940257035e+00,3.976928297788617783e-08
1.519254776579300747e+00,3.974448148369447154e-08
1.519293303926820826e+00,3.971973328020794725e-08
1.519331820988312653e+00,3.969515915969168418e-08
1.519370327769266948e+00,3.967108241909045319e-08
1.519408824275169989e+00,3.964615657991998887e-08
1.519447310511504057e+00,3.962152561598486500e-08
1.519485786483746992e+00,3.959685912491295312e-08
1.519524252197371528e+00,3.957272554089286132e-08
1.519562707657846845e+00,3.954808036610302224e-08
1.519601152870637684e+00,3.952422389374987688e-08
1.519639587841204564e+00,3.949952542825485580e-08
1.519678012575002679e+00,3.947560145434181322e-08
1.519716427077483445e+00,3.945121918036420539e-08
1.519754831354094504e+00,3.942659176914276031e-08
1.519793225410278170e+00,3.940215620445997047e-08
1.519831609251473203e+00,3.937837433909407991e-08
1.519869982883113702e+00,3.935404890853533288e-08
1.519908346310629099e+00,3.932988690280581068e-08
1.519946699539445056e+00,3.930589187461919209e-08
1.519985042574982348e+00,3.928153091692365706e-08
1.520023375422658196e+00,3.925775970969880291e-08
1.520061698087884716e+00,3.923426916685457400e-08
1.520100010576070471e+00,3.920920477185063646e-08
1.520138312892618471e+00,3.918604107866485720e-08
1.520176605042929285e+00,3.916174051710186177e-08
1.520214887032397488e+00,3.913795865173597122e-08
1.520253158866414100e+00,3.911398493983142544e-08
1.520291420550365924e+00,3.908995083179434005e-08
1.520329672089634876e+00,3.906662726649301476e-08
1.520367913489599987e+00,3.904277789956722700e-08
1.520406144755634070e+00,3.901913103732113086e-08
1.520444365893107275e+00,3.899528522310902190e-08
1.520482576907384420e+00,3.897153888487991935e-08
1.520520777803826995e+00,3.894846756224978890e-08
1.520558968587791382e+00,3.892392896887031384e-08
1.520597149264630632e+00,3.890045618959447893e-08
1.520635319839692245e+00,3.887664945523283677e-08
1.520673480318320614e+00,3.885337918063669349e-08
1.520711630705855466e+00,3.882994903392500419e-08
1.520749771007632312e+00,3.880614940499071963e-08
1.520787901228982664e+00,3.878296439552286756e-08
1.520826021375232928e+00,3.875935661312723823e-08
1.520864131451706847e+00,3.873535447951326205e-08
1.520902231463722831e+00,3.871315712444811652e-08
1.520940321416594854e+00,3.868947828777891118e-08
1.520978401315633333e+00,3.866595577051157306e-08
1.521016471166144468e+00,3.864259312535978097e-08
1.521054530973430019e+00,3.861900310653254564e-08
1.521092580742787526e+00,3.859601349631702760e-08
1.521130620479510531e+00,3.857267927287466591e-08
1.521168650188888138e+00,3.854956887039406865e-08
1.521206669876205453e+00,3.852654018032808381e-08
1.521244679546743361e+00,3.850321661502675852e-08
1.521282679205778532e+00,3.848001028927683365e-08
1.521320668858583636e+00,3.845742213570702006e-08
1.521358648510426681e+00,3.843389251301232434e-08
1.521396618166572345e+00,3.841115869818167994e-08
1.521434577832280866e+00,3.838841422520999913e-08
1.521472527512807371e+00,3.836504447463084944e-08
1.521510467213404105e+00,3.834223960552662902e-08
1.521548396939318648e+00,3.831924644259743218e-08
1.521586316695794583e+00,3.829601169513807690e-08
1.521624226488071274e+00,3.827336314543572371e-08
1.521662126321383646e+00,3.825008931812590163e-08
1.521700016200963068e+00,3.822796657004801091e-08
1.521737896132036250e+00,3.820545657617913093e-08
1.521775766119826567e+00,3.818239591169003688e-08
1.521813626169552292e+00,3.815848259591803071e-08
1.521851476286428140e+00,3.813715920841787010e-08
1.521889316475664611e+00,3.811399196251841204e-08
1.521927146742468651e+00,3.809128301668351924e-08
1.521964967092041876e+00,3.806855985999391123e-08
1.522002777529583017e+00,3.804629855608254729e-08
1.522040578060286142e+00,3.802365355909387290e-08
1.522078368689341099e+00,3.800114001251131413e-08
1.522116149421934184e+00,3.797849856823631853e-08
1.522153920263247473e+00,3.795598146894008096e-08
1.522191681218458381e+00,3.793356739834052860e-08
1.522229432292740992e+00,3.791092595406553301e-08
1.522267173491264947e+00,3.788879965327396349e-08
1.522304904819196114e+00,3.786666624705503637e-08
1.522342626281695699e+00,3.784423796560076880e-08
1.522380337883922019e+00,3.782160362675313081e-08
1.522418039631027620e+00,3.779890178634559561e-08
1.522455731528162826e+00,3.777715207320397894e-08
1.522493413580473076e+00,3.775476642431385699e-08
1.522531085793099148e+00,3.773231682657751662e-08
1.522568748171179376e+00,3.771036816146988713e-08
1.522606400719846320e+00,3.768790435287883156e-08
1.522644043444229878e+00,3.766600542576270527e-08
1.522681676349454838e+00,3.764330003264149127e-08
1.522719299440643548e+00,3.762160716291873541e-08
1.522756912722912137e+00,3.759920730317389825e-08
1.522794516201374959e+00,3.757775246526762203e-08
1.522832109881140594e+00,3.755592459242507175e-08
1.522869693767314958e+00,3.753340394041515538e-08
1.522907267864999081e+00,3.751154054043581709e-08
1.522944832179290442e+00,3.748936805436642317e-08
1.522982386715282521e+00,3.746770715906677651e-08
1.523019931478064581e+00,3.744569809782660741e-08
1.523057466472722110e+00,3.742376009086001432e-08
1.523094991704336376e+00,3.740231946380845329e-08
1.523132507177985318e+00,3.737995513120040414e-08
1.523170012898742653e+00,3.735802778237484745e-08
1.523207508871677218e+00,3.733689979412702087e-08
1.523244995101855181e+00,3.731506481585711299e-08
1.523282471594338050e+00,3.729311615074948350e-08
1.523319938354183778e+00,3.727125985619750281e-08
1.523357395386446100e+00,3.724930763837619452e-08
1.523394842696174534e+00,3.722781727333313029e-08
1.523432280288415708e+00,3.720628427572592045e-08
1.523469708168211145e+00,3.718431784704989695e-08
1.523507126340599260e+00,3.716319341151574918e-08
1.523544534810613582e+00,3.714146856736988411e-08
1.523581933583285197e+00,3.712027663027583912e-08
1.523619322663640085e+00,3.709849138999743445e-08
1.523656702056700674e+00,3.707704721023219463e-08
1.523694071767485614e+00,3.705567763745420962e-08
1.523731431801009562e+00,3.703399897858616896e-08
1.523768782162282953e+00,3.701284256862891198e-08
1.523806122856312895e+00,3.699113193533776212e-08
1.523843453888102495e+00,3.696998263080786273e-08
1.523880775262650422e+00,3.694848160762376210e-08
1.523918086984952458e+00,3.692749572792308754e-08
1.523955389059999721e+00,3.690601246830738091e-08
1.523992681492779333e+00,3.688503014132038516e-08
1.524029964288275307e+00,3.686357530341410893e-08
1.524067237451467216e+00,3.684237626089270634e-08
1.524104500987330857e+00,3.682093208112746652e-08
1.524141754900838475e+00,3.679968330061456072e-08
1.524178999196958095e+00,3.677896742715347500e-08
1.524216233880653970e+00,3.675719995044346433e-08
1.524253458956886798e+00,3.673700987860684108e-08
1.524290674430612835e+00,3.671569359653403808e-08
1.524327880306785454e+00,3.669437376174755627e-08
1.524365076590353363e+00,3.667376802241051337e-08
1.524402263286261494e+00,3.665264003416268679e-08
1.524439440399451229e+00,3.663138414822242339e-08
1.524476607934860617e+00,3.661048708636371884e-08
1.524513765897422823e+00,3.658998082300968235e-08
1.524550914292067683e+00,3.656900204873636540e-08
1.524588053123721698e+00,3.654768576666356239e-08
1.524625182397306711e+00,3.652689883892890066e-08
1.524662302117741453e+00,3.650622915074563934e-08
1.524699412289940437e+00,3.648532498345957720e-08
1.524736512918814846e+00,3.646447765959237586e-08
1.524773604009271422e+00,3.644366586286196252e-08
1.524810685566213353e+00,3.642276880100325798e-08
1.524847757594540942e+00,3.640234780277751270e-08
1.524884820099149163e+00,3.638134415950844414e-08
1.524921873084930546e+00,3.636066381318414642e-08
1.524958916556772737e+00,3.634048439948855957e-08
1.524995950519560717e+00,3.631978273688218906e-08
1.525032974978174805e+00,3.629922318282297056e-08
1.525069989937492432e+00,3.627835098996001761e-08
1.525106995402386145e+00,3.625814670726867917e-08
1.525143991377725605e+00,3.623745570280334505e-08
1.525180977868376919e+00,3.621732602709926141e-08
1.525217954879201532e+00,3.619626198769765324e-08
1.525254922415057779e+00,3.617600086158745398e-08
1.525291880480800444e+00,3.615547683466502349e-08
1.525328829081279647e+00,3.613499899302041740e-08
1.525365768221342844e+00,3.611464549635456933e-08
1.525402697905833493e+00,3.609410015315006603e-08
1.525439618139590836e+00,3.607408061157002521e-08
1.525476528927450781e+00,3.605378751103671675e-08
1.525513430274245685e+00,3.603279097319500579e-08
1.525550322184803687e+00,3.601381237672285351e-08
1.525587204663949814e+00,3.599276610088963935e-08
1.525624077716504878e+00,3.597259023990773130e-08
1.525660941347286581e+00,3.595289044255878252e-08
1.525697795561108183e+00,3.593195785356328997e-08
1.525734640362779837e+00,3.591211239495351037e-08
1.525771475757107920e+00,3.589178731999709271e-08
1.525808301748895035e+00,3.587210883893021673e-08
1.525845118342939788e+00,3.585169849884550786e-08
1.525881925544037676e+00,3.583174645882536424e-08
1.525918723356980200e+00,3.581148888542884379e-08
1.525955511786555530e+00,3.579160079425491858e-08
1.525992290837547838e+00,3.577206086902151583e-08
1.526029060514737523e+00,3.575151907853069133e-08
1.526065820822901653e+00,3.573180151761334855e-08
1.526102571766813520e+00,3.571195605900356895e-08
1.526139313351242643e+00,3.569193296470984933e-08
1.526176045580955210e+00,3.567218342936939734e-08
1.526212768460713409e+00,3.565176243114365207e-08
1.526249481995276325e+00,3.563214789892299450e-08
1.526286186189399041e+00,3.561227757131746330e-08
1.526322881047832425e+00,3.559288686005857016e-08
1.526359566575324678e+00,3.557275007892712892e-08
1.526396242776620227e+00,3.555323857540315657e-08
1.526432909656459502e+00,3.553348548734902579e-08
1.526469567219579604e+00,3.551382121713686502e-08
1.526506215470713634e+00,3.549393312596293981e-08
1.526542854414591588e+00,3.547416937976777263e-08
1.526579484055939684e+00,3.545428128859384742e-08
1.526616104399480367e+00,3.543425819430012780e-08
1.526652715449932529e+00,3.541538973195201834e-08
1.526689317212011732e+00,3.539549098263705673e-08
1.526725909690429983e+00,3.537626369620738842e-08
1.526762492889895073e+00,3.535649995001222123e-08
1.526799066815111905e+00,3.533661185883829603e-08
1.526835631470781385e+00,3.531786418875526579e-08
1.526872186861601310e+00,3.529791925416247977e-08
1.526908732992265039e+00,3.527867420416441746e-08
1.526945269867463262e+00,3.525905256651640229e-08
1.526981797491882897e+00,3.523981106923201878e-08
1.527018315870206866e+00,3.522048785953302286e-08
1.527054825007114980e+00,3.520119662425713614e-08
1.527091324907283498e+00,3.518199775953689823e-08
1.527127815575384906e+00,3.516244007073510147e-08
1.527164297016087913e+00,3.514308488661299634e-08
1.527200769234058786e+00,3.512372970249089121e-08
1.527237232233958686e+00,3.510437096565510728e-08
1.527273686020446108e+00,3.508475288072077092e-08
1.527310130598176441e+00,3.506599455249670427e-08
1.527346565971800407e+00,3.504687740019107878e-08
1.527382992145966512e+00,3.502774958974441688e-08
1.527419409125318595e+00,3.500850453974635457e-08
1.527455816914497388e+00,3.498912093391481903e-08
1.527492215518140739e+00,3.497018497000681236e-08
1.527528604940881829e+00,3.495093636729507125e-08
1.527564985187351176e+00,3.493225975148561702e-08
1.527601356262175747e+00,3.491322075888092513e-08
1.527637718169978509e+00,3.489376609877581359e-08
1.527674070915379323e+00,3.487456368134189688e-08
1.527710414502994274e+00,3.485549981974145339e-08
1.527746748937436561e+00,3.483735255827014043e-08
1.527783074223315385e+00,3.481775223690419807e-08
1.527819390365236396e+00,3.479910759551785304e-08
1.527855697367802135e+00,3.477980925481460872e-08
1.527891995235611144e+00,3.476082000020142004e-08
1.527928283973259305e+00,3.474190535257548618e-08
1.527964563585338498e+00,3.472353071742872999e-08
1.528000834076436831e+00,3.470415776973823085e-08
1.528037095451139527e+00,3.468571918574525625e-08
1.528073347714028252e+00,3.466736231416689407e-08
1.528109590869680900e+00,3.464809594788675895e-08
1.528145824922672258e+00,3.462948328092352313e-08
1.528182049877573556e+00,3.461086350853292970e-08
1.528218265738952919e+00,3.459159358953911578e-08
1.528254472511374029e+00,3.457310882026831678e-08
1.528290670199398127e+00,3.455509300920311944e-08
1.528326858807582456e+00,3.453606822745314275e-08
1.528363038340481372e+00,3.451738805893000972e-08
1.528399208802645459e+00,3.449882868267195590e-08
1.528435370198621746e+00,3.447998508931959805e-08
1.528471522532953930e+00,3.446129070994174981e-08
1.528507665810182381e+00,3.444321805545769166e-08
1.528543800034844358e+00,3.442454499236191623e-08
1.528579925211472901e+00,3.440618456806987524e-08
1.528616041344598830e+00,3.438726992044394137e-08
1.528652148438748304e+00,3.436861106820288114e-08
1.528688246498444814e+00,3.435055973000089580e-08
1.528724335528208300e+00,3.433209627701216959e-08
1.528760415532555372e+00,3.431384243413049262e-08
1.528796486515998865e+00,3.429531147958186921e-08
1.528832548483049170e+00,3.427676986689220939e-08
1.528868601438212238e+00,3.425851247129685362e-08
1.528904645385991357e+00,3.424038297339393466e-08
1.528940680330885593e+00,3.422230676619619771e-08
1.528976706277392017e+00,3.420335659143347584e-08
1.529012723230002813e+00,3.418479721517542202e-08
1.529048731193208166e+00,3.416701943592670432e-08
1.529084730171493822e+00,3.414912441712658620e-08
1.529120720169342418e+00,3.413044780131713196e-08
1.529156701191234147e+00,3.411240356854250422e-08
1.529192673241644540e+00,3.409401827525471163e-08
1.529228636325046464e+00,3.407618365258713311e-08
1.529264590445909455e+00,3.405776638487623131e-08
1.529300535608699718e+00,3.403921411404553510e-08
1.529336471817879683e+00,3.402151094178407220e-08
1.529372399077908895e+00,3.400327486247078923e-08
1.529408317393243344e+00,3.398536563281595591e-08
1.529444226768336135e+00,3.396742087602433458e-08
1.529480127207636375e+00,3.394915992771530000e-08
1.529516018715590064e+00,3.393127556705621828e-08
1.529551901296640537e+00,3.391355107851268258e-08
1.529587774955226687e+00,3.389499170225462876e-08
1.529623639695785187e+00,3.387752656180964550e-08
1.529659495522748269e+00,3.386002234151419543e-08
1.529695342440545947e+00,3.384151980867500242e-08
1.529731180453604678e+00,3.382371360771685431e-08
1.529767009566346703e+00,3.380611701686575543e-08
1.529802829783192264e+00,3.378782054141993285e-08
1.529838641108557828e+00,3.376985446834623872e-08
1.529874443546855867e+00,3.375188128984518698e-08
1.529910237102496628e+00,3.373408219431439647e-08
1.529946021779886589e+00,3.371662771201044961e-08
1.529981797583429115e+00,3.369875400949240429e-08
1.530017564517523798e+00,3.368092649225218338e-08
1.530053322586567566e+00,3.366375977975621936e-08
1.530089071794953570e+00,3.364573331054998562e-08
1.530124812147072522e+00,3.362796263672862551e-08
1.530160543647310911e+00,3.361039802030063584e-08
1.530196266300052343e+00,3.359255273949202092e-08
1.530231980109677314e+00,3.357526168201729888e-08
1.530267685080563211e+00,3.355759403689262399e-08
1.530303381217083425e+00,3.353943611728027463e-08
1.530339068523608903e+00,3.352179689386503014e-08
1.530374747004506819e+00,3.350467281393321173e-08
1.530410416664141904e+00,3.348696253624439123e-08
1.530446077506874003e+00,3.346975319118428160e-08
1.530481729537062074e+00,3.345202514992706710e-08
1.530517372759059747e+00,3.343489751728156989e-08
1.530553007177218205e+00,3.341734000628093781e-08
1.530588632795885751e+00,3.340003829066517937e-08
1.530624249619407129e+00,3.338233867111739528e-08
1.530659857652123979e+00,3.336480602911251481e-08
1.530695456898374385e+00,3.334726628168027673e-08
1.530731047362493991e+00,3.333036957542390155e-08
1.530766629048813998e+00,3.331257403260678984e-08
1.530802201961663833e+00,3.329510889216180658e-08
1.530837766105368702e+00,3.327793862695216376e-08
1.530873321484250926e+00,3.326058006791754451e-08
1.530908868102629716e+00,3.324315756003670685e-08
1.530944405964820731e+00,3.322638164604541089e-08
1.530979935075137410e+00,3.320831609698871034e-08
1.531015455437888528e+00,3.319134123103140155e-08
1.531050967057381085e+00,3.317415320225336473e-08
1.531086469937917860e+00,3.315712504559087392e-08
1.531121964083799192e+00,3.314009688892838312e-08
1.531157449499321643e+00,3.312270280275697587e-08
1.531192926188779113e+00,3.310594109962039511e-08
1.531228394156462169e+00,3.308846530103437544e-08
1.531263853406658271e+00,3.307142293351716944e-08
1.531299303943651324e+00,3.305413542875612620e-08
1.531334745771722128e+00,3.303747675431623065e-08
1.531370178895149259e+00,3.302058004805985547e-08
1.531405603318207076e+00,3.300331030686720624e-08
1.531441019045167051e+00,3.298627859749103663e-08
1.531476426080297992e+00,3.296901596172574500e-08
1.531511824427864932e+00,3.295229689115330984e-08
1.531547214092130016e+00,3.293510175694791542e-08
1.531582595077352282e+00,3.291846795150377147e-08
1.531617967387787882e+00,3.290139360956345627e-08
1.531653331027689413e+00,3.288457861572169350e-08
1.531688686001306143e+00,3.286757177534127550e-08
1.531724032312885342e+00,3.285053651325142710e-08
1.531759369966669615e+00,3.283373217755070073e-08
1.531794698966899793e+00,3.281650151620851830e-08
1.531830019317812708e+00,3.280039351238883683e-08
1.531865331023642751e+00,3.278286087038395635e-08
1.531900634088620539e+00,3.276658588902137126e-08
1.531935928516974021e+00,3.274987037116261490e-08
1.531971214312928042e+00,3.273286353078219690e-08
1.532006491480703891e+00,3.271626525247484096e-08
1.532041760024520638e+00,3.269927972837649577e-08
1.532077019948593355e+00,3.268229420427815057e-08
1.532112271257134450e+00,3.266640646870655473e-08
1.532147513954353446e+00,3.264917580736437230e-08
1.532182748044456089e+00,3.263292214228386001e-08
1.532217973531645683e+00,3.261579450963836280e-08
1.532253190420122424e+00,3.259897951579660003e-08
1.532288398714082955e+00,3.258301006781039177e-08
1.532323598417721477e+00,3.256566216691680893e-08
1.532358789535228638e+00,3.254976732591785549e-08
1.532393972070792199e+00,3.253311575690531754e-08
1.532429146028596811e+00,3.251602720411028713e-08
1.532464311412824021e+00,3.250039171120988613e-08
1.532499468227652484e+00,3.248337065997475293e-08
1.532534616477257750e+00,3.246709212589848903e-08
1.532569756165812036e+00,3.245019541964211385e-08
1.532604887297485119e+00,3.243381740958284354e-08
1.532640009876443443e+00,3.241716584057030559e-08
1.532675123906849901e+00,3.240088730649404170e-08
1.532710229392864942e+00,3.238430323904140096e-08
1.532745326338645686e+00,3.236779377857601503e-08
1.532780414748346587e+00,3.235187051586763118e-08
1.532815494626118769e+00,3.233536816082960286e-08
1.532850565976110468e+00,3.231891199106939894e-08
1.532885628802466371e+00,3.230256240271955903e-08
1.532920683109329385e+00,3.228641531904941075e-08
1.532955728900837977e+00,3.227007638884060725e-08
1.532990766181128173e+00,3.225375877491387655e-08
1.533025794954333554e+00,3.223739852842300024e-08
1.533060815224583484e+00,3.222110933620569995e-08
1.533095826996005773e+00,3.220512567736477649e-08
1.533130830272724010e+00,3.218864463860882097e-08
1.533165825058859122e+00,3.217238031538727228e-08
1.533200811358529592e+00,3.215623323171712400e-08
1.533235789175850128e+00,3.214023891473516414e-08
1.533270758514932774e+00,3.212392485352211224e-08
1.533305719379886911e+00,3.210768895200999395e-08
1.533340671774818365e+00,3.209181542729311332e-08
1.533375615703830075e+00,3.207557952578099503e-08
1.533410551171022540e+00,3.205980192433344200e-08
1.533445478180492927e+00,3.204335286000059568e-08
1.533480396736334850e+00,3.202751130970682425e-08
1.533515306842639925e+00,3.201089882054475311e-08
1.533550208503496215e+00,3.199542675247357693e-08
1.533585101722989341e+00,3.197929032694446505e-08
1.533619986505201149e+00,3.196337061694976001e-08
1.533654862854211265e+00,3.194714537357867812e-08
1.533689730774095761e+00,3.193164843651175033e-08
1.533724590268928045e+00,3.191513542333268560e-08
1.533759441342778862e+00,3.189965624983415182e-08
1.533794283999715846e+00,3.188368680184794357e-08
1.533829118243803080e+00,3.186774932828484452e-08
1.533863944079102870e+00,3.185153474305479904e-08
1.533898761509673081e+00,3.183585661759025243e-08
1.533933570539570246e+00,3.182002217272383859e-08
1.533968371172846457e+00,3.180436891625504359e-08
1.534003163413552029e+00,3.178862328923059977e-08
1.534037947265733948e+00,3.177262186682128231e-08
1.534072722733436089e+00,3.175695795221145090e-08
1.534107489820699666e+00,3.174093876623373944e-08
1.534142248531562780e+00,3.172511142679468321e-08
1.534176998870060649e+00,3.170947593389428221e-08
1.534211740840225380e+00,3.169344608977553435e-08
1.534246474446087305e+00,3.167833639849959582e-08
1.534281199691671871e+00,3.166268669474447961e-08
1.534315916581003192e+00,3.164678830103184737e-08
1.534350625118102274e+00,3.163047423981879547e-08
1.534385325306986347e+00,3.161572692533809459e-08
1.534420017151670645e+00,3.159992090218111116e-08
1.534454700656167292e+00,3.158428540928071016e-08
1.534489375824485302e+00,3.156860728381616354e-08
1.534524042660630805e+00,3.155301087076622935e-08
1.534558701168607264e+00,3.153748906470354996e-08
1.534593351352415258e+00,3.152188199351257936e-08
1.534627993216051811e+00,3.150594096723580151e-08
1.534662626763512172e+00,3.149063942942120775e-08
1.534697251998788259e+00,3.147514959778163757e-08
1.534731868925868659e+00,3.145964555528735218e-08
1.534766477548739738e+00,3.144440441360529803e-08
1.534801077871384312e+00,3.142864102301246021e-08
1.534835669897783195e+00,3.141320448207807203e-08
1.534870253631913650e+00,3.139812321251156391e-08
1.534904829077750277e+00,3.138174875516597240e-08
1.534939396239264786e+00,3.136682380500133149e-08
1.534973955120426448e+00,3.135166082302021096e-08
1.535008505725201200e+00,3.133629888907307759e-08
1.535043048057551651e+00,3.132057102561702777e-08
1.535077582121439299e+00,3.130537962192647683e-08
1.535112107920820534e+00,3.129004610968877387e-08
1.535146625459651082e+00,3.127499681454537495e-08
1.535181134741881781e+00,3.125959935346145357e-08
1.535215635771462361e+00,3.124418057609545940e-08
1.535250128552338778e+00,3.122868008631485282e-08
1.535284613088454098e+00,3.121413882922752236e-08
1.535319089383749613e+00,3.119899361081479583e-08
1.535353557442162176e+00,3.118302771554226638e-08
1.535388017267627303e+00,3.116826263749317150e-08
1.535422468864076739e+00,3.115279767484935292e-08
1.535456912235439342e+00,3.113770929985548719e-08
1.535491347385642413e+00,3.112257473958379705e-08
1.535525774318609038e+00,3.110683266527303203e-08
1.535560193038260079e+00,3.109232693532248959e-08
1.535594603548513737e+00,3.107691881609753182e-08
1.535629005853284879e+00,3.106162083099661686e-08
1.535663399956486153e+00,3.104731050029840844e-08
1.535697785862027320e+00,3.103181356323148066e-08
1.535732163573814590e+00,3.101698098362248857e-08
1.535766533095752617e+00,3.100185352877815603e-08
1.535800894431742281e+00,3.098699963288709114e-08
1.535835247585682239e+00,3.097105150118295569e-08
1.535869592561467822e+00,3.095680867204464448e-08
1.535903929362992359e+00,3.094172384976445755e-08
1.535938257994145406e+00,3.092679889959981665e-08
1.535972578458814741e+00,3.091151512535361690e-08
1.536006890760885035e+00,3.089659017518897599e-08
1.536041194904237406e+00,3.088169364673376549e-08
1.536075490892751416e+00,3.086671540586394258e-08
1.536109778730303077e+00,3.085228428290065494e-08
1.536144058420765734e+00,3.083705379935963720e-08
1.536178329968010514e+00,3.082234556472940312e-08
1.536212593375904989e+00,3.080745258898787142e-08
1.536246848648314733e+00,3.079246368997701211e-08
1.536281095789101991e+00,3.077772703363734763e-08
1.536315334802126342e+00,3.076295129744721635e-08
1.536349565691244923e+00,3.074815069226133346e-08
1.536383788460311983e+00,3.073322929481037136e-08
1.536418003113178887e+00,3.071850684932542208e-08
1.536452209653694334e+00,3.070355703016502957e-08
1.536486408085704136e+00,3.068847931331220025e-08
1.536520598413052108e+00,3.067411213919513102e-08
1.536554780639578288e+00,3.065897757892344089e-08
1.536588954769120718e+00,3.064494435989217891e-08
1.536623120805514109e+00,3.062991638103085279e-08
1.536657278752591616e+00,3.061547815264020755e-08
1.536691428614181731e+00,3.060058872961235465e-08
1.536725570394112506e+00,3.058607234152077581e-08
1.536759704096207102e+00,3.057136055417686293e-08
1.536793829724287797e+00,3.055686903508103569e-08
1.536827947282172646e+00,3.054172736938198796e-08
1.536862056773678598e+00,3.052745967124792514e-08
1.536896158202618379e+00,3.051292196687427349e-08
1.536930251572802497e+00,3.049849084391098586e-08
1.536964336888039240e+00,3.048339891620344133e-08
1.536998414152134007e+00,3.046898555680854770e-08
1.537032483368888869e+00,3.045467522611033928e-08
1.537066544542104118e+00,3.043982843564663199e-08
1.537100597675576497e+00,3.042555007937153277e-08
1.537134642773100746e+00,3.041133211922897317e-08
1.537168679838468721e+00,3.039655993575252069e-08
1.537202708875469392e+00,3.038224960505431227e-08
1.537236729887889508e+00,3.036780427123630943e-08
1.537270742879512042e+00,3.035328788314473059e-08
1.537304747854118858e+00,3.033905571214745578e-08
1.537338744815488267e+00,3.032416273640592408e-08
1.537372733767395472e+00,3.031011885923362570e-08
1.537406714713614120e+00,3.029535733389820962e-08
1.537440687657914307e+00,3.028120687531554722e-08
1.537474652604063907e+00,3.026669048722396838e-08
1.537508609555827688e+00,3.025292372171861643e-08
1.537542558516968638e+00,3.023786376843418111e-08
1.537576499491245974e+00,3.022423911147598119e-08
1.537610432482416911e+00,3.020995009705984558e-08
1.537644357494236225e+00,3.019491856548484066e-08
1.537678274530455580e+00,3.018107008756487630e-08
1.537712183594823978e+00,3.016667804445205547e-08
1.537746084691087756e+00,3.015249916415996267e-08
1.537779977822991473e+00,3.013840199628248229e-08
1.537813862994276137e+00,3.012425864312717749e-08
1.537847740208679648e+00,3.010965343719362863e-08
1.537881609469938793e+00,3.009571258871801547e-08
1.537915470781786809e+00,3.008153015571224387e-08
1.537949324147954044e+00,3.006714166531310184e-08
1.537983169572169073e+00,3.005304094472194265e-08
1.538017007058156915e+00,3.003908233267793548e-08
1.538050836609640593e+00,3.002493897952263069e-08
1.538084658230340240e+00,3.001103721089748433e-08
1.538118471923973996e+00,2.999705728257140436e-08
1.538152277694255998e+00,2.998226023009920027e-08
1.538186075544899056e+00,2.996857162429478194e-08
1.538219865479613313e+00,2.995457748511398677e-08
1.538253647502105359e+00,2.994065795292044641e-08
1.538287421616080008e+00,2.992670999901747564e-08
1.538321187825239189e+00,2.991247427530652203e-08
1.538354946133282608e+00,2.989849079426676326e-08
1.538388696543906420e+00,2.988432612482938566e-08
1.538422439060805447e+00,2.987048119962310011e-08
1.538456173687670514e+00,2.985599678595463047e-08
1.538489900428191559e+00,2.984236857628275175e-08
1.538523619286054300e+00,2.982883628988020064e-08
1.538557330264942680e+00,2.981473201657536265e-08
1.538591033368538197e+00,2.980060109791793366e-08
1.538624728600519020e+00,2.978667090758335689e-08
1.538658415964561987e+00,2.977311552854189358e-08
1.538692095464340159e+00,2.975876256527953956e-08
1.538725767103524378e+00,2.974497625984895421e-08
1.538759430885783042e+00,2.973108159665116546e-08
1.538793086814782551e+00,2.971751378311182634e-08
1.538826734894185311e+00,2.970362977805507398e-08
1.538860375127652391e+00,2.969004420094734087e-08
1.538894007518841756e+00,2.967585110980053287e-08
1.538927632071409590e+00,2.966236678503264557e-08
1.538961248789008085e+00,2.964837975127920799e-08
1.538994857675287875e+00,2.963482259588090528e-08
1.539028458733897375e+00,2.962104517223451694e-08
1.539062051968481226e+00,2.960721623423978599e-08
1.539095637382682957e+00,2.959315281714225421e-08
1.539129214980142324e+00,2.958008948894530477e-08
1.539162784764497305e+00,2.956575073653766594e-08
1.539196346739382770e+00,2.955231970247496065e-08
1.539229900908431592e+00,2.953864353116841812e-08
1.539263447275273977e+00,2.952507571762907901e-08
1.539296985843537469e+00,2.951120947614072065e-08
1.539330516616846722e+00,2.949792232698200678e-08
1.539364039598824618e+00,2.948402766378421802e-08
1.539397554793091372e+00,2.947059485336467333e-08
1.539431062203264311e+00,2.945732369141751406e-08
1.539464561832958100e+00,2.944304711149925424e-08
1.539498053685785628e+00,2.942944377082312712e-08
1.539531537765356228e+00,2.941623833407902566e-08
1.539565014075278127e+00,2.940273802209958376e-08
1.539598482619155551e+00,2.938915422134869004e-08
1.539631943400590952e+00,2.937549226089686272e-08
1.539665396423184562e+00,2.936207010861835442e-08
1.539698841690533726e+00,2.934852005864740931e-08
1.539732279206232901e+00,2.933470000243687537e-08
1.539765708973874991e+00,2.932122988852370327e-08
1.539799130997049570e+00,2.930786990873457398e-08
1.539832545279344211e+00,2.929480835689446394e-08
1.539865951824343382e+00,2.928106823674170300e-08
1.539899350635630215e+00,2.926770115152521612e-08
1.539932741716784292e+00,2.925437847522971424e-08
1.539966125071382752e+00,2.924113751134882477e-08
1.539999500703001178e+00,2.922759811951891606e-08
1.540032868615211381e+00,2.921396813349019794e-08
1.540066228811583837e+00,2.920090302893640910e-08
1.540099581295685915e+00,2.918773311932909564e-08
1.540132926071082542e+00,2.917403918445415911e-08
1.540166263141336644e+00,2.916079644421643025e-08
1.540199592510007820e+00,2.914770824702372920e-08
1.540232914180654111e+00,2.913391305980894685e-08
1.540266228156830453e+00,2.912086394246671261e-08
1.540299534442089779e+00,2.910744179018820432e-08
1.540332833039982141e+00,2.909444951626483089e-08
1.540366123954055588e+00,2.908121032874078082e-08
1.540399407187855285e+00,2.906800666835351876e-08
1.540432682744924175e+00,2.905469642655589269e-08
1.540465950628802760e+00,2.904097939904204395e-08
1.540499210843028655e+00,2.902808837745851633e-08
1.540532463391137696e+00,2.901471773952835065e-08
1.540565708276663059e+00,2.900146967022010358e-08
1.540598945503135253e+00,2.898852180521771515e-08
1.540632175074082788e+00,2.897498596610148525e-08
1.540665396993030845e+00,2.896167750066069857e-08
1.540698611263503492e+00,2.894910799966510240e-08
1.540731817889021249e+00,2.893587414121157053e-08
1.540765016873102411e+00,2.892252659592031705e-08
1.540798208219263277e+00,2.890977590652710205e-08
1.540831391931017480e+00,2.889654915350092779e-08
1.540864568011876434e+00,2.888362615749429096e-08
1.540897736465348444e+00,2.887048289323956851e-08
1.540930897294940261e+00,2.885715666423038783e-08
1.540964050504155081e+00,2.884433136784991802e-08
1.540997196096495658e+00,2.883116856366996217e-08
1.541030334075460306e+00,2.881822425138125254e-08
1.541063464444546005e+00,2.880505434177393909e-08
1.541096587207246627e+00,2.879216687290409027e-08
1.541129702367054488e+00,2.877910709742081963e-08
1.541162809927458799e+00,2.876658022898936906e-08
1.541195909891947213e+00,2.875317939299293357e-08
1.541229002264003611e+00,2.874030258226412116e-08
1.541262087047110985e+00,2.872748439131100895e-08
1.541295164244748772e+00,2.871455251352017513e-08
1.541328233860394636e+00,2.870157445045151690e-08
1.541361295897523576e+00,2.868878823392151389e-08
1.541394350359608589e+00,2.867588833055378927e-08
1.541427397250119791e+00,2.866292625469668565e-08
1.541460436572525072e+00,2.864995529705538502e-08
1.541493468330290106e+00,2.863710335532232421e-08
1.541526492526878123e+00,2.862394410385604715e-08
1.541559509165749908e+00,2.861146519705926039e-08
1.541592518250363586e+00,2.859877312744174560e-08
1.541625519784175724e+00,2.858596381827283039e-08
1.541658513770639782e+00,2.857323977423220640e-08
1.541691500213207000e+00,2.856009118090696575e-08
1.541724479115326618e+00,2.854780234429199481e-08
1.541757450480444769e+00,2.853446368078493833e-08
1.541790414312006030e+00,2.852148561771628010e-08
1.541823370613452093e+00,2.850928204622960038e-08
1.541856319388222651e+00,2.849602864785083511e-08
1.541889260639754733e+00,2.848348756856466935e-08
1.541922194371483146e+00,2.847137459127679904e-08
1.541955120586840255e+00,2.845845514798384102e-08
1.541988039289256207e+00,2.844569202409275022e-08
1.542020950482159147e+00,2.843304791610989923e-08
1.542053854168973892e+00,2.842023150151362643e-08
1.542086750353123703e+00,2.840763890787911805e-08
1.542119639038029399e+00,2.839507651231087948e-08
1.542152520227109136e+00,2.838224411050305207e-08
1.542185393923779069e+00,2.836919676951765723e-08
1.542218260131453134e+00,2.835706958137507172e-08
1.542251118853542380e+00,2.834455514744149696e-08
1.542283970093456080e+00,2.833224321818761382e-08
1.542316813854601065e+00,2.831968082261937525e-08
1.542349650140381279e+00,2.830650736029838299e-08
1.542382478954199110e+00,2.829416523297823005e-08
1.542415300299454284e+00,2.828166678625620989e-08
1.542448114179544083e+00,2.826906175812382571e-08
1.542480920597863792e+00,2.825677647422253358e-08
1.542513719557806029e+00,2.824435796355828643e-08
1.542546511062761416e+00,2.823198030910134548e-08
1.542579295116118354e+00,2.821903599681263586e-08
1.542612071721261913e+00,2.820699407379834156e-08
1.542644840881576718e+00,2.819419187005678396e-08
1.542677602600442954e+00,2.818165434348429699e-08
1.542710356881240363e+00,2.816936550686932605e-08
1.542743103727345133e+00,2.815673383338435087e-08
1.542775843142132119e+00,2.814451782739979535e-08
1.542808575128972404e+00,2.813168364923512854e-08
1.542841299691236845e+00,2.811949961767368222e-08
1.542874016832292305e+00,2.810733690239430871e-08
1.542906726555503871e+00,2.809499299871731637e-08
1.542939428864234852e+00,2.808214105698425556e-08
1.542972123761845449e+00,2.807022170259187988e-08
1.543004811251694308e+00,2.805763621438472910e-08
1.543037491337137190e+00,2.804515553123110294e-08
1.543070164021527635e+00,2.803328591483023047e-08
1.543102829308217849e+00,2.802094734022375633e-08
1.543135487200556266e+00,2.800868692531821580e-08
1.543168137701890208e+00,2.799621334759194724e-08
1.543200780815564555e+00,2.798394049818853091e-08
1.543233416544921077e+00,2.797178133562283620e-08
1.543266044893300437e+00,2.795946407729843486e-08
1.543298665864039743e+00,2.794682352202926268e-08
1.543331279460475436e+00,2.793479936258336238e-08
1.543363885685940184e+00,2.792242526084010024e-08
1.543396484543765546e+00,2.791076347818943759e-08
1.543429076037280190e+00,2.789856345941643667e-08
1.543461660169810346e+00,2.788599040570716170e-08
1.543494236944680464e+00,2.787397335168861900e-08
1.543526806365213222e+00,2.786138075805411063e-08
1.543559368434727297e+00,2.784926067533888272e-08
1.543591923156540924e+00,2.783764152525236568e-08
1.543624470533969451e+00,2.782489616492966888e-08
1.543657010570325339e+00,2.781311003730024822e-08
1.543689543268920161e+00,2.780058139251195826e-08
1.543722068633061939e+00,2.778880414666673460e-08
1.543754586666057360e+00,2.777649044105601206e-08
1.543787097371210670e+00,2.776454266495420597e-08
1.543819600751823229e+00,2.775256646714296949e-08
1.543852096811194619e+00,2.774048724063504778e-08
1.543884585552622868e+00,2.772815754781277064e-08
1.543917066979402675e+00,2.771593443640085752e-08
1.543949541094827183e+00,2.770447338207304711e-08
1.543982007902187092e+00,2.769216678188968217e-08
1.544014467404771107e+00,2.768003248831973906e-08
1.544046919605865265e+00,2.766774009899108933e-08
1.544079364508753605e+00,2.765631812451374572e-08
1.544111802116718390e+00,2.764451778602960985e-08
1.544144232433038777e+00,2.763217921142313571e-08
1.544176655460992365e+00,2.762014794654987782e-08
1.544209071203854533e+00,2.760851991467916378e-08
1.544241479664897998e+00,2.759577633071330638e-08
1.544273880847393920e+00,2.758448047757156019e-08
1.544306274754610797e+00,2.757212413939669204e-08
1.544338661389814904e+00,2.756049788388281740e-08
1.544371040756270741e+00,2.754849326436215051e-08
1.544403412857239921e+00,2.753691319412610028e-08
1.544435777695982726e+00,2.752461725208377175e-08
1.544468135275756548e+00,2.751309580162342172e-08
1.544500485599816564e+00,2.750098637704923021e-08
1.544532828671416391e+00,2.748886451797716290e-08
1.544565164493806986e+00,2.747710681205717265e-08
1.544597493070237304e+00,2.746564575772936223e-08
1.544629814403953860e+00,2.745359140021719213e-08
1.544662128498201170e+00,2.744178040359201987e-08
1.544694435356221751e+00,2.742995874882581120e-08
1.544726734981255456e+00,2.741823657004260895e-08
1.544759027376540583e+00,2.740631011022287566e-08
1.544791312545312767e+00,2.739447602095879120e-08
1.544823590490805643e+00,2.738283377823336195e-08
1.544855861216250625e+00,2.737094462190725608e-08
1.544888124724876910e+00,2.735943382958794245e-08
1.544920381019911915e+00,2.734758552946914278e-08
1.544952630104580615e+00,2.733613335692552937e-08
1.544984871982105767e+00,2.732407899941335927e-08
1.545017106655707462e+00,2.731201398376015277e-08
1.545049334128604679e+00,2.730100234771271062e-08
1.545081554404013957e+00,2.728909720417505014e-08
1.545113767485148948e+00,2.727747094866117550e-08
1.545145973375222193e+00,2.726568304467491544e-08
1.545178172077442902e+00,2.725425929384073243e-08
1.545210363595019398e+00,2.724245717899975716e-08
1.545242547931156896e+00,2.723097836110355274e-08
1.545274725089058832e+00,2.721893466173241904e-08
1.545306895071926645e+00,2.720794078925337089e-08
1.545339057882959555e+00,2.719589886623907660e-08
1.545371213525354337e+00,2.718442182469971158e-08
1.545403362002305991e+00,2.717248293038210250e-08
1.545435503317007297e+00,2.716098990163118287e-08
1.545467637472648592e+00,2.714936009340362943e-08
1.545499764472418436e+00,2.713774804874447000e-08
1.545531884319503391e+00,2.712633140333764459e-08
1.545563997017087576e+00,2.711482061101833096e-08
1.545596102568352670e+00,2.710342705825041776e-08
1.545628200976479238e+00,2.709194113492685574e-08
1.545660292244644740e+00,2.708048185695588472e-08
1.545692376376025079e+00,2.706841506494583882e-08
1.545724453373793938e+00,2.705714052808616543e-08
1.545756523241122338e+00,2.704607027226302307e-08
1.545788585981180185e+00,2.703428592099044181e-08
1.545820641597134504e+00,2.702253709685464855e-08
1.545852690092150095e+00,2.701157697515554901e-08
1.545884731469390427e+00,2.699989742893649236e-08
1.545916765732016529e+00,2.698891066188480181e-08
1.545948792883186762e+00,2.697719025945843896e-08
1.545980812926057935e+00,2.696612710906265420e-08
1.546012825863785300e+00,2.695450440626245836e-08
1.546044831699520561e+00,2.694303447015045094e-08
1.546076830436414529e+00,2.693172795886766835e-08
1.546108822077615574e+00,2.692015144134529692e-08
1.546140806626269848e+00,2.690877032307525951e-08
1.546172784085521279e+00,2.689759703855543194e-08
1.546204754458512021e+00,2.688615019508233672e-08
1.546236717748382450e+00,2.687493427799836354e-08
1.546268673958270057e+00,2.686359756864931114e-08
1.546300623091310333e+00,2.685177413752626308e-08
1.546332565150637661e+00,2.684119770890447398e-08
1.546364500139383313e+00,2.682973665457666357e-08
1.546396428060676786e+00,2.681812460991750413e-08
1.546428348917645801e+00,2.680723731884882000e-08
1.546460262713415190e+00,2.679550448192458134e-08
1.546492169451108678e+00,2.678449106952029979e-08
1.546524069133847545e+00,2.677324673072689620e-08
1.546555961764751075e+00,2.676221910746789945e-08
1.546587847346936107e+00,2.675102273030915967e-08
1.546619725883517926e+00,2.673961319032969186e-08
1.546651597377609377e+00,2.672860155428224971e-08
1.546683461832321083e+00,2.671710319646081189e-08
1.546715319250762333e+00,2.670574517082968669e-08
1.546747169636039754e+00,2.669462162430136232e-08
1.546779012991258195e+00,2.668396170690812141e-08
1.546810849319520065e+00,2.667221643548600696e-08
1.546842678623926215e+00,2.666129539363737422e-08
1.546874500907575500e+00,2.665012566183122544e-08
1.546906316173563445e+00,2.663924369983305951e-08
1.546938124424985794e+00,2.662770093309063668e-08
1.546969925664934298e+00,2.661645481794039370e-08
1.547001719896499150e+00,2.660529752063212072e-08
1.547033507122769436e+00,2.659450615283276420e-08
1.547065287346830686e+00,2.658336306637920643e-08
1.547097060571767768e+00,2.657239051018223108e-08
1.547128826800662438e+00,2.656130959621805232e-08
1.547160586036595120e+00,2.655004394114257593e-08
1.547192338282643798e+00,2.653902875238145498e-08
1.547224083541885120e+00,2.652797448376986722e-08
1.547255821817392629e+00,2.651710673262641649e-08
1.547287553112238534e+00,2.650602048959171952e-08
1.547319277429492823e+00,2.649517050201666279e-08
1.547350994772223709e+00,2.648400787563787162e-08
1.547382705143497184e+00,2.647325558768898190e-08
1.547414408546377018e+00,2.646202545975029352e-08
1.547446104983925430e+00,2.645120389388466720e-08
1.547477794459201750e+00,2.643979790661887819e-08
1.547509476975264864e+00,2.642894436633014266e-08
1.547541152535169884e+00,2.641841234662933857e-08
1.547572821141971033e+00,2.640691221245106135e-08
1.547604482798720094e+00,2.639594853803828300e-08
1.547636137508467069e+00,2.638534013499338471e-08
1.547667785274259522e+00,2.637443152764262777e-08
1.547699426099143682e+00,2.636343054973622202e-08
1.547731059986163338e+00,2.635256279859277129e-08
1.547762686938360277e+00,2.634163642767362035e-08
1.547794306958774069e+00,2.633074558389125741e-08
1.547825920050442949e+00,2.632004481029071030e-08
1.547857526216402935e+00,2.630875783893316111e-08
1.547889125459687376e+00,2.629792383856965898e-08
1.547920717783328515e+00,2.628737583165730030e-08
1.547952303190355927e+00,2.627645123709498876e-08
1.547983881683797858e+00,2.626555328788526822e-08
1.548015453266679886e+00,2.625459671889984747e-08
1.548047017942026260e+00,2.624401318485070078e-08
1.548078575712858784e+00,2.623308148486103164e-08
1.548110126582197044e+00,2.622227945892063872e-08
1.548141670553059512e+00,2.621173145200828003e-08
1.548173207628462222e+00,2.620066652525565587e-08
1.548204737811418763e+00,2.618955008415468910e-08
1.548236261104941391e+00,2.617907313151590643e-08
1.548267777512040366e+00,2.616877381456106377e-08
1.548299287035723282e+00,2.615775152037258522e-08
1.548330789678996622e+00,2.614696192893006810e-08
1.548362285444864650e+00,2.613638905302195781e-08
1.548393774336329187e+00,2.612564031778674689e-08
1.548425256356390500e+00,2.611478322478433256e-08
1.548456731508047080e+00,2.610398652791445784e-08
1.548488199794294973e+00,2.609335680858748674e-08
1.548519661218128896e+00,2.608304683349160769e-08
1.548551115782540899e+00,2.607175098034986149e-08
1.548582563490521702e+00,2.606121007886486041e-08
1.548614004345059358e+00,2.605068338823457452e-08
1.548645438349140591e+00,2.604003768169604882e-08
1.548676865505749900e+00,2.602926940653560450e-08
1.548708285817869790e+00,2.601889015352298884e-08
1.548739699288481431e+00,2.600796911167435610e-08
1.548771105920562885e+00,2.599770532185630145e-08
1.548802505717091327e+00,2.598699744282839674e-08
1.548833898681041266e+00,2.597638371071298025e-08
1.548865284815386101e+00,2.596560477741149953e-08
1.548896664123096345e+00,2.595493775459090102e-08
1.548928036607140957e+00,2.594455672522144596e-08
1.548959402270487118e+00,2.593409931250789668e-08
1.548990761116100456e+00,2.592353176567030459e-08
1.549022113146943269e+00,2.591269421259312367e-08
1.549053458365977409e+00,2.590187619944117614e-08
1.549084796776162065e+00,2.589165148947358830e-08
1.549116128380454871e+00,2.588151737370480987e-08
1.549147453181810796e+00,2.587052527758260112e-08
1.549178771183183700e+00,2.586051728314942011e-08
1.549210082387525667e+00,2.584962643936705717e-08
1.549241386797785669e+00,2.583921165921765351e-08
1.549272684416911794e+00,2.582872404843783443e-08
1.549303975247850351e+00,2.581768754339464067e-08
1.549335259293544320e+00,2.580796731876944250e-08
1.549366536556936680e+00,2.579769819988086965e-08
1.549397807040967079e+00,2.578698143906876794e-08
1.549429070748573833e+00,2.577639257594910305e-08
1.549460327682693261e+00,2.576603286286172079e-08
1.549491577846260126e+00,2.575564295170806872e-08
1.549522821242206305e+00,2.574517310449664365e-08
1.549554057873462787e+00,2.573453272702863615e-08
1.549585287742958117e+00,2.572410018331083847e-08
1.549616510853619067e+00,2.571413482144180307e-08
1.549647727208370851e+00,2.570350332575799257e-08
1.549678936810135799e+00,2.569327328671988653e-08
1.549710139661835795e+00,2.568299173333343788e-08
1.549741335766389394e+00,2.567230694694444537e-08
1.549772525126714262e+00,2.566205736798110593e-08
1.549803707745725845e+00,2.565172785295999347e-08
1.549834883626337145e+00,2.564149248485136923e-08
1.549866052771460501e+00,2.563146139777927601e-08
1.549897215184005361e+00,2.562085654744805652e-08
1.549928370866879401e+00,2.561060696848471707e-08
1.549959519822988963e+00,2.560024725539733481e-08
1.549990662055237722e+00,2.558997636015192256e-08
1.550021797566528248e+00,2.557973388661594072e-08
1.550052926359760885e+00,2.556934575181912805e-08
1.550084048437833983e+00,2.555887945732138178e-08
1.550115163803643892e+00,2.554904909857214079e-08
1.550146272460085850e+00,2.553841937924516969e-08
1.550177374410052211e+00,2.552858013871173171e-08
1.550208469656434218e+00,2.551825417640429805e-08
1.550239558202120893e+00,2.550757471908582374e-08
1.550270640049999260e+00,2.549758093550735794e-08
1.550301715202955233e+00,2.548761557363832253e-08
1.550332783663871838e+00,2.547711552836062765e-08
1.550363845435630772e+00,2.546705601957910403e-08
1.550394900521112174e+00,2.545660215957923356e-08
1.550425948923193520e+00,2.544660659964392835e-08
1.550456990644751176e+00,2.543647070751831052e-08
1.550488025688659288e+00,2.542657462356601172e-08
1.550519054057789781e+00,2.541602839301049244e-08
1.550550075755013912e+00,2.540591914623746561e-08
1.550581090783200056e+00,2.539611188012713683e-08
1.550612099145214584e+00,2.538575216703975457e-08
1.550643100843922984e+00,2.537528764889884769e-08
1.550674095882188075e+00,2.536530097074773948e-08
1.550705084262871125e+00,2.535523258018201886e-08
1.550736065988831847e+00,2.534539866871909908e-08
1.550767041062927287e+00,2.533514376068524143e-08
1.550798009488013607e+00,2.532498299956387200e-08
1.550828971266944745e+00,2.531492881985286658e-08
1.550859926402572642e+00,2.530506115760999819e-08
1.550890874897747240e+00,2.529478670965090714e-08
1.550921816755317373e+00,2.528476805707668973e-08
1.550952751978129207e+00,2.527468900836993271e-08
1.550983680569027801e+00,2.526479114806079451e-08
1.551014602530855990e+00,2.525459308344579767e-08
1.551045517866454615e+00,2.524443765139494644e-08
1.551076426578662959e+00,2.523449182945114444e-08
1.551107328670318530e+00,2.522460640363988205e-08
1.551138224144257283e+00,2.521450959136473102e-08
1.551169113003312505e+00,2.520443942444217100e-08
1.551199995250316599e+00,2.519478670137687004e-08
1.551230870888099078e+00,2.518454955691140640e-08
1.551261739919488569e+00,2.517464103846123180e-08
1.551292602347311700e+00,2.516460462231862039e-08
1.551323458174393100e+00,2.515527519619809027e-08
1.551354307403555399e+00,2.514471475478785578e-08
1.551385150037620120e+00,2.513475472198933858e-08
1.551415986079406339e+00,2.512518904040916823e-08
1.551446815531731360e+00,2.511502472657412000e-08
1.551477638397411152e+00,2.510533647637203103e-08
1.551508454679259241e+00,2.509514018811387359e-08
1.551539264380087380e+00,2.508515883903328358e-08
1.551570067502706651e+00,2.507580809663068067e-08
1.551600864049925033e+00,2.506578056227226625e-08
1.551631654024549167e+00,2.505586849110841285e-08
1.551662437429383479e+00,2.504591023466673505e-08
1.551693214267231946e+00,2.503634100037288590e-08
1.551723984540895218e+00,2.502602214349280985e-08
1.551754748253172611e+00,2.501667495380388573e-08
1.551785505406862331e+00,2.500664386673179251e-08
1.551816256004759920e+00,2.499649554010829888e-08
1.551847000049659586e+00,2.498680018447885232e-08
1.551877737544353764e+00,2.497725049011023657e-08
1.551908468491632442e+00,2.496705775456575793e-08
1.551939192894284947e+00,2.495700357485475251e-08
1.551969910755097937e+00,2.494804363095681765e-08
1.552000622076856962e+00,2.493801432024156384e-08
1.552031326862344907e+00,2.492823014677014726e-08
1.552062025114343768e+00,2.491858985820272210e-08
1.552092716835633324e+00,2.490837758273301006e-08
1.552123402028991350e+00,2.489903927482828294e-08
1.552154080697194738e+00,2.488925332500002696e-08
1.552184752843017712e+00,2.487941586082342837e-08
1.552215418469232944e+00,2.486987504823900963e-08
1.552246077578611327e+00,2.485981731581432541e-08
1.552276730173922425e+00,2.485032446486457047e-08
1.552307376257933580e+00,2.484068417629714531e-08
1.552338015833410578e+00,2.483083250126583152e-08
1.552368648903117210e+00,2.482155991856416222e-08
1.552399275469815709e+00,2.481167449275289982e-08
1.552429895536266535e+00,2.480193295184562885e-08
1.552460509105228592e+00,2.479230687413291889e-08
1.552491116179458341e+00,2.478223670721035887e-08
1.552521716761710913e+00,2.477264438027759752e-08
1.552552310854740103e+00,2.476311955490473338e-08
1.552582898461297489e+00,2.475343841013000201e-08
1.552613479584132650e+00,2.474356541881661542e-08
1.552644054225994275e+00,2.473440829930950713e-08
1.552674622389628167e+00,2.472480353787886997e-08
1.552705184077779466e+00,2.471530535785859684e-08
1.552735739293190864e+00,2.470539683940842224e-08
1.552766288038603726e+00,2.469551851902451745e-08
1.552796830316757193e+00,2.468629567431435134e-08
1.552827366130389075e+00,2.467659143690070778e-08
1.552857895482235406e+00,2.466718385107924405e-08
1.552888418375030444e+00,2.465769277648632851e-08
1.552918934811506446e+00,2.464782866695713892e-08
1.552949444794394562e+00,2.463880299785614625e-08
1.552979948326423498e+00,2.462921422363706370e-08
1.553010445410320628e+00,2.461934478503735590e-08
1.553040936048811327e+00,2.460973824724987935e-08
1.553071420244619860e+00,2.460068770915313507e-08
1.553101898000468051e+00,2.459088221939964569e-08
1.553132369319076167e+00,2.458148529171921837e-08
1.553162834203162923e+00,2.457195158456215722e-08
1.553193292655445701e+00,2.456271630535411532e-08
1.553223744678638996e+00,2.455271896906197071e-08
1.553254190275456859e+00,2.454337177937304659e-08
1.553284629448610898e+00,2.453409742031453789e-08
1.553315062200811170e+00,2.452435765576410631e-08
1.553345488534765950e+00,2.451516500912021002e-08
1.553375908453181964e+00,2.450572367251879768e-08
1.553406321958763936e+00,2.449617220179334254e-08
1.553436729054215482e+00,2.448679303768130922e-08
1.553467129742237995e+00,2.447684188666698901e-08
1.553497524025530874e+00,2.446782687570703274e-08
1.553527911906792625e+00,2.445842994802660542e-08
1.553558293388719314e+00,2.444890867536742007e-08
1.553588668474006118e+00,2.443988478262326680e-08
1.553619037165345551e+00,2.443015567621387163e-08
1.553649399465429237e+00,2.442103586020039074e-08
1.553679755376946137e+00,2.441187341162276425e-08
1.553710104902584765e+00,2.440255286728643114e-08
1.553740448045031419e+00,2.439271362675299315e-08
1.553770784806970173e+00,2.438352453282277565e-08
1.553801115191083770e+00,2.437418622491804854e-08
1.553831439200053621e+00,2.436437007702352275e-08
1.553861756836558916e+00,2.435553270174750651e-08
1.553892068103277513e+00,2.434622992097956740e-08
1.553922373002885493e+00,2.433679924251919147e-08
1.553952671538057384e+00,2.432767054472151358e-08
1.553982963711465493e+00,2.431849033257549308e-08
1.554013249525780793e+00,2.430863510483050050e-08
1.554043528983673150e+00,2.429932877134888258e-08
1.554073802087809542e+00,2.429073120424618537e-08
1.554104068840856057e+00,2.428119572073228483e-08
1.554134329245477231e+00,2.427176326591506950e-08
1.554164583304335379e+00,2.426264167354474921e-08
1.554194831020091705e+00,2.425335843270204350e-08
1.554225072395405194e+00,2.424390288524591597e-08
1.554255307432933719e+00,2.423441358700983983e-08
1.554285536135332713e+00,2.422559575165905699e-08
1.554315758505256939e+00,2.421653633177811571e-08
1.554345974545358500e+00,2.420714118045452778e-08
1.554376184258288607e+00,2.419785438689814328e-08
1.554406387646696475e+00,2.418876832166461099e-08
1.554436584713229763e+00,2.417952771338605089e-08
1.554466775460534134e+00,2.417029421053484839e-08
1.554496959891253693e+00,2.416134670113478933e-08
1.554527138008031217e+00,2.415183608661664039e-08
1.554557309813507926e+00,2.414276956130834151e-08
1.554587475310323041e+00,2.413377586663045804e-08
1.554617634501113788e+00,2.412453525835189794e-08
1.554647787388516278e+00,2.411536570434691384e-08
1.554677933975165072e+00,2.410621924298084195e-08
1.554708074263692730e+00,2.409713140139047027e-08
1.554738208256729814e+00,2.408780375162677956e-08
1.554768335956906222e+00,2.407886512401091750e-08
1.554798457366849629e+00,2.406911647767628892e-08
1.554828572489185934e+00,2.406054022685566451e-08
1.554858681326539926e+00,2.405148258333156264e-08
1.554888783881533731e+00,2.404222065877092973e-08
1.554918880156788807e+00,2.403338683620859229e-08
1.554948970154925059e+00,2.402434873260972381e-08
1.554979053878559725e+00,2.401488075065572048e-08
1.555009131330309380e+00,2.400623166920468066e-08
1.555039202512788599e+00,2.399675480546648032e-08
1.555069267428610402e+00,2.398795295732725208e-08
1.555099326080385813e+00,2.397888643201895320e-08
1.555129378470724966e+00,2.396972043072764791e-08
1.555159424602235330e+00,2.396059350928680942e-08
1.555189464477524153e+00,2.395190357162846340e-08
1.555219498099195352e+00,2.394318521226068697e-08
1.555249525469852623e+00,2.393372078302036243e-08
1.555279546592097439e+00,2.392477149726346397e-08
1.555309561468529722e+00,2.391557352154904947e-08
1.555339570101747837e+00,2.390665621021526022e-08
1.555369572494348374e+00,2.389761633025955234e-08
1.555399568648926367e+00,2.388869368985524488e-08
1.555429558568075299e+00,2.387978881301933143e-08
1.555459542254387317e+00,2.387064235165325954e-08
1.555489519710452129e+00,2.386206965354631393e-08
1.555519490938858551e+00,2.385299069374013925e-08
1.555549455942193848e+00,2.384392239207500097e-08
1.555579414723042619e+00,2.383493757918131450e-08
1.555609367283989464e+00,2.382623875973877148e-08
1.555639313627616316e+00,2.381752750579835265e-08
1.555669253756503334e+00,2.380811991997688892e-08
1.555699187673230011e+00,2.379919905592942087e-08
1.555729115380373395e+00,2.379026220467039821e-08
1.555759036880509205e+00,2.378188490581578662e-08
1.555788952176211604e+00,2.377240271300706809e-08
1.555818861270053199e+00,2.376376961876758287e-08
1.555848764164604825e+00,2.375525554043633747e-08
1.555878660862435980e+00,2.374595453602523776e-08
1.555908551366114168e+00,2.373716512238388532e-08
1.555938435678205556e+00,2.372846452658450289e-08
1.555968313801275205e+00,2.371961471681061084e-08
1.555998185737885287e+00,2.371056417871386657e-08
1.556028051490597530e+00,2.370151008790344349e-08
1.556057911061971666e+00,2.369271356883473345e-08
1.556087764454566091e+00,2.368450324752302549e-08
1.556117611670937206e+00,2.367519513768456818e-08
1.556147452713639856e+00,2.366619433757932711e-08
1.556177287585227997e+00,2.365747597821155068e-08
1.556207116288252701e+00,2.364897255802134168e-08
1.556236938825265037e+00,2.364030571300190786e-08
1.556266755198812968e+00,2.363101891944552335e-08
1.556296565411444011e+00,2.362208206818650069e-08
1.556326369465703685e+00,2.361361417513307970e-08
1.556356167364135734e+00,2.360500239717566728e-08
1.556385959109282791e+00,2.359600514978410501e-08
1.556415744703685267e+00,2.358719264350384037e-08
1.556445524149882687e+00,2.357878159386928019e-08
1.556475297450412576e+00,2.356995132402062154e-08
1.556505064607811128e+00,2.356080130994087085e-08
1.556534825624612539e+00,2.355221084826553124e-08
1.556564580503349893e+00,2.354374828428262845e-08
1.556594329246554720e+00,2.353473327332267218e-08
1.556624071856756997e+00,2.352613570621997496e-08
1.556653808336484257e+00,2.351731431815551332e-08
1.556683538688263813e+00,2.350853911536887608e-08
1.556713262914620532e+00,2.349993444283882127e-08
1.556742981018078176e+00,2.349155003855685209e-08
1.556772693001158281e+00,2.348294714238363667e-08
1.556802398866381720e+00,2.347416838688332064e-08
1.556832098616267368e+00,2.346535055153253779e-08
1.556861792253332322e+00,2.345654159796595195e-08
1.556891479780092347e+00,2.344806127041465516e-08
1.556921161199061876e+00,2.343969640605791938e-08
1.556950836512753122e+00,2.343059968268335069e-08
1.556980505723677854e+00,2.342236093966221233e-08
1.557010168834345620e+00,2.341369409464277851e-08
1.557039825847263526e+00,2.340472171624696784e-08
1.557069476764939120e+00,2.339621119062940124e-08
1.557099121589876622e+00,2.338782856270427146e-08
1.557128760324579808e+00,2.337920257389214385e-08
1.557158392971550231e+00,2.337028703891519399e-08
1.557188019533288337e+00,2.336179782957970019e-08
1.557217640012293014e+00,2.335361237726374384e-08
1.557247254411061377e+00,2.334459381359010877e-08
1.557276862732088984e+00,2.333602111548316316e-08
1.557306464977870064e+00,2.332732229604062013e-08
1.557336061150897510e+00,2.331906401309424837e-08
1.557365651253661776e+00,2.331054993476300297e-08
1.557395235288653090e+00,2.330196302580134216e-08
1.557424813258359242e+00,2.329333703698921454e-08
1.557454385165266464e+00,2.328487269664947235e-08
1.557483951011859657e+00,2.327608505936495931e-08
1.557513510800622836e+00,2.326760650817050191e-08
1.557543064534037569e+00,2.325950987369651557e-08
1.557572612214583874e+00,2.325067072206365992e-08
1.557602153844741322e+00,2.324214420923453872e-08
1.557631689426986599e+00,2.323363013090329332e-08
1.557661218963796168e+00,2.322483716454826208e-08
1.557690742457643607e+00,2.321672276650588174e-08
1.557720259911002048e+00,2.320839342928593396e-08
1.557749771326342625e+00,2.319957381757831172e-08
1.557779276706135363e+00,2.319090341984519910e-08
1.557808776052848287e+00,2.318265224232618493e-08
1.557838269368948092e+00,2.317435487952934636e-08
1.557867756656900138e+00,2.316614988728815661e-08
1.557897237919167566e+00,2.315732317015317676e-08
1.557926713158213294e+00,2.314877178832830396e-08
1.557956182376497578e+00,2.314063785036069021e-08
1.557985645576479783e+00,2.313243818719001865e-08
1.558015102760617054e+00,2.312384239644416084e-08
1.558044553931366316e+00,2.311531055454452144e-08
1.558073999091181605e+00,2.310656022075363580e-08
1.558103438242516514e+00,2.309874602701711410e-08
1.558132871387822194e+00,2.309035274095094792e-08
1.558162298529549350e+00,2.308162194708529569e-08
1.558191719670146025e+00,2.307344004748301813e-08
1.558221134812059594e+00,2.306504676141685195e-08
1.558250543957735879e+00,2.305654156486980355e-08
1.558279947109618924e+00,2.304823176757508918e-08
1.558309344270151442e+00,2.304001789354970242e-08
1.558338735441774592e+00,2.303173118889390025e-08
1.558368120626927755e+00,2.302320822877845785e-08
1.558397499828049426e+00,2.301489665512690408e-08
1.558426873047576322e+00,2.300625467910322186e-08
1.558456240287943162e+00,2.299809231942617771e-08
1.558485601551584665e+00,2.298991219618073956e-08
1.558514956840931776e+00,2.298140167056317296e-08
1.558544306158416326e+00,2.297322510003141360e-08
1.558573649506467262e+00,2.296490464459566283e-08
1.558602986887511976e+00,2.295677781205540668e-08
1.558632318303977193e+00,2.294829748450410989e-08
1.558661643758287640e+00,2.294000900349146832e-08
1.558690963252866712e+00,2.293168854805571755e-08
1.558720276790136028e+00,2.292348710852820659e-08
1.558749584372516095e+00,2.291515244223774062e-08
1.558778886002426090e+00,2.290718725816986989e-08
1.558808181682283189e+00,2.289873002325748530e-08
1.558837471414503462e+00,2.289021594492623990e-08
1.558866755201501197e+00,2.288229694613619358e-08
1.558896033045689800e+00,2.287397116162992461e-08
1.558925304949480450e+00,2.286563116626894043e-08
1.558954570915283444e+00,2.285790223766070994e-08
1.558983830945507520e+00,2.284928690698961873e-08
1.559013085042559421e+00,2.284099132054961956e-08
1.559042333208845443e+00,2.283272415581905079e-08
1.559071575446769442e+00,2.282467015390921006e-08
1.559100811758733940e+00,2.281655930858050851e-08
1.559130042147140793e+00,2.280841115975817956e-08
1.559159266614389638e+00,2.280009780974978639e-08
1.559188485162879001e+00,2.279215571832082787e-08
1.559217697795005408e+00,2.278357946750020346e-08
1.559246904513164722e+00,2.277556276908399013e-08
1.559276105319750805e+00,2.276735244777228218e-08
1.559305300217156409e+00,2.275961286102301528e-08
1.559334489207772290e+00,2.275112187533068209e-08
1.559363672293988756e+00,2.274294175208524393e-08
1.559392849478193455e+00,2.273498544980157021e-08
1.559422020762773142e+00,2.272687282811602927e-08
1.559451186150113466e+00,2.271833920985955046e-08
1.559480345642598298e+00,2.271076660065318720e-08
1.559509499242609953e+00,2.270251897584785183e-08
1.559538646952529195e+00,2.269428023282671347e-08
1.559567788774735897e+00,2.268618004563904833e-08
1.559596924711608157e+00,2.267796261889998277e-08
1.559626054765522296e+00,2.266992282784485724e-08
1.559655178938853970e+00,2.266209442325362033e-08
1.559684297233976835e+00,2.265382725852305157e-08
1.559713409653263216e+00,2.264577858568372903e-08
1.559742516199083662e+00,2.263789333767363132e-08
1.559771616873808275e+00,2.262950005160746514e-08
1.559800711679804941e+00,2.262150466947332461e-08
1.559829800619439988e+00,2.261368337030944531e-08
1.559858883695078635e+00,2.260552989241659816e-08
1.559887960909084992e+00,2.259742970522893302e-08
1.559917032263820946e+00,2.258946452116106229e-08
1.559946097761647943e+00,2.258136433397339715e-08
1.559975157404924540e+00,2.257351461310008744e-08
1.560004211196009738e+00,2.256515863052754867e-08
1.560033259137259654e+00,2.255737818757097557e-08
1.560062301231029736e+00,2.254902753406895499e-08
1.560091337479673435e+00,2.254120978761875449e-08
1.560120367885543535e+00,2.253316822020678956e-08
1.560149392450990380e+00,2.252553521486788668e-08
1.560178411178364088e+00,2.251694475319254707e-08
1.560207424070012339e+00,2.250926733893265919e-08
1.560236431128282142e+00,2.250130748393530666e-08
1.560265432355518289e+00,2.249345243399147876e-08
1.560294427754064905e+00,2.248526875803236180e-08
1.560323417326264783e+00,2.247725383597298787e-08
1.560352401074458495e+00,2.246971853026025201e-08
1.560381379000985724e+00,2.246172670083979028e-08
1.560410351108184823e+00,2.245335473105569690e-08
1.560439317398392367e+00,2.244572705478731223e-08
1.560468277873944043e+00,2.243773522536685050e-08
1.560497232537173540e+00,2.242971852695063717e-08
1.560526181390413658e+00,2.242189189871623967e-08
1.560555124435995200e+00,2.241399421620826615e-08
1.560584061676248746e+00,2.240573238054821559e-08
1.560612993113501545e+00,2.239849550278449897e-08
1.560641918750081514e+00,2.239036334117372462e-08
1.560670838588314124e+00,2.238251006758673611e-08
1.560699752630522852e+00,2.237458929243985040e-08
1.560728660879031171e+00,2.236677687506016809e-08
1.560757563336160114e+00,2.235880991463545797e-08
1.560786460004229825e+00,2.235094243019375426e-08
1.560815350885558894e+00,2.234286178293132252e-08
1.560844235982464356e+00,2.233527141015656525e-08
1.560873115297261915e+00,2.232736129315071594e-08
1.560901988832266607e+00,2.231935702923237841e-08
1.560930856589791027e+00,2.231163520605150552e-08
1.560959718572146437e+00,2.230391338287063263e-08
1.560988574781643878e+00,2.229614537441193534e-08
1.561017425220591726e+00,2.228818374305774341e-08
1.561046269891297467e+00,2.228041040552852792e-08
1.561075108796067257e+00,2.227251449937739380e-08
1.561103941937205919e+00,2.226475359634605411e-08
1.561132769317016722e+00,2.225701223323994782e-08
1.561161590937801824e+00,2.224897599489850109e-08
1.561190406801861386e+00,2.224139805662161962e-08
1.561219216911494900e+00,2.223367268072706793e-08
1.561248021269000086e+00,2.222588690869997663e-08
1.561276819876673327e+00,2.221803718782666692e-08
1.561305612736809678e+00,2.221021055959226942e-08
1.561334399851703081e+00,2.220242301120833872e-08
1.561363181223645480e+00,2.219473671516425384e-08
1.561391956854928154e+00,2.218692074507089274e-08
1.561420726747840604e+00,2.217911543311856803e-08
1.561449490904671000e+00,2.217124617232002493e-08
1.561478249327705958e+00,2.216375527552827407e-08
1.561507002019231427e+00,2.215615424461248040e-08
1.561535748981531135e+00,2.214833827451911930e-08
1.561564490216887924e+00,2.214052585713943699e-08
1.561593225727583523e+00,2.213265304362721508e-08
1.561621955515897220e+00,2.212498273479468480e-08
1.561650679584108081e+00,2.211731064960531512e-08
1.561679397934493396e+00,2.210950000858247222e-08
1.561708110569329344e+00,2.210211036413056718e-08
1.561736817490889884e+00,2.209452354406948871e-08
1.561765518701448974e+00,2.208662586156151519e-08
1.561794214203277686e+00,2.207897331629737891e-08
1.561822903998647316e+00,2.207144156329832185e-08
1.561851588089826270e+00,2.206359539513869095e-08
1.561880266479082735e+00,2.205606364213963388e-08
1.561908939168683563e+00,2.204834181895876100e-08
1.561937606160892722e+00,2.204021321006166545e-08
1.561966267457975066e+00,2.203293902880432142e-08
1.561994923062192564e+00,2.202552451535666478e-08
1.562023572975806296e+00,2.201758775299822446e-08
1.562052217201075788e+00,2.201004711821497040e-08
1.562080855740259455e+00,2.200247628536544653e-08
1.562109488595614604e+00,2.199462834084897622e-08
1.562138115769396540e+00,2.198699178279639455e-08
1.562166737263859684e+00,2.197946180615417688e-08
1.562195353081257121e+00,2.197231019351875148e-08
1.562223963223840606e+00,2.196467718817984860e-08
1.562252567693860117e+00,2.195668713511622627e-08
1.562281166493564966e+00,2.194884096695659537e-08
1.562309759625202243e+00,2.194172488145795796e-08
1.562338347091018820e+00,2.193414161411055829e-08
1.562366928893259566e+00,2.192667736267139844e-08
1.562395505034167575e+00,2.191890224878534355e-08
1.562424075515985722e+00,2.191146464269877470e-08
1.562452640340954879e+00,2.190357584197499818e-08
1.562481199511314589e+00,2.189638159677542717e-08
1.562509753029302839e+00,2.188854963947051147e-08
1.562538300897157173e+00,2.188095749033891479e-08
1.562566843117112692e+00,2.187369574357944657e-08
1.562595379691404052e+00,2.186617997779194411e-08
1.562623910622264134e+00,2.185826097900189779e-08
1.562652435911924487e+00,2.185089620354574436e-08
1.562680955562615548e+00,2.184337866140140250e-08
1.562709469576566645e+00,2.183575809056037542e-08
1.562737977956005109e+00,2.182832403718748537e-08
1.562766480703157379e+00,2.182116354276786296e-08
1.562794977820248565e+00,2.181351099750372668e-08
1.562823469309502222e+00,2.180611602398130344e-08
1.562851955173140794e+00,2.179831959381317574e-08
1.562880435413385838e+00,2.179079316988463688e-08
1.562908910032456467e+00,2.178337865643698024e-08
1.562937379032572016e+00,2.177636204692134925e-08
1.562965842415948714e+00,2.176862778924260056e-08
1.562994300184803009e+00,2.176124525021805312e-08
1.563022752341349353e+00,2.175353941424873483e-08
1.563051198887800641e+00,2.174614444072631159e-08
1.563079639826369327e+00,2.173848656639165711e-08
1.563108075159265642e+00,2.173159074914110533e-08
1.563136504888698930e+00,2.172390445309702045e-08
1.563164929016876981e+00,2.171649704507672141e-08
1.563193347546007139e+00,2.170861890249398130e-08
1.563221760478294309e+00,2.170164492554249591e-08
1.563250167815942726e+00,2.169461055245847092e-08
1.563278569561155074e+00,2.168676260794200061e-08
1.563306965716133146e+00,2.167894130877812131e-08
1.563335356283076516e+00,2.167212365122850315e-08
1.563363741264184537e+00,2.166470025599664950e-08
1.563392120661654783e+00,2.165732304604262026e-08
1.563420494477683498e+00,2.165011458998833405e-08
1.563448862714465815e+00,2.164212631328155112e-08
1.563477225374195090e+00,2.163534240651188156e-08
1.563505582459064014e+00,2.162768986124774528e-08
1.563533933971263501e+00,2.162020429352651263e-08
1.563562279912983355e+00,2.161312373516466323e-08
1.563590620286412491e+00,2.160556356045617576e-08
1.563618955093737828e+00,2.159789680433732428e-08
1.563647284337145393e+00,2.159097078902050271e-08
1.563675608018820107e+00,2.158370193683367688e-08
1.563703926140944667e+00,2.157609380049052561e-08
1.563732238705701771e+00,2.156874856495960557e-08
1.563760545715272121e+00,2.156191669655527221e-08
1.563788847171835306e+00,2.155390887992325588e-08
1.563817143077569582e+00,2.154679279442461848e-08
1.563845433434651433e+00,2.153981171204577549e-08
1.563873718245257338e+00,2.153243805480542505e-08
1.563901997511560671e+00,2.152494538165683480e-08
1.563930271235735692e+00,2.151769606939524238e-08
1.563958539419953553e+00,2.151043609899261355e-08
1.563986802066384962e+00,2.150322053751096973e-08
1.564015059177199740e+00,2.149600497602932592e-08
1.564043310754564597e+00,2.148887467967597331e-08
1.564071556800647800e+00,2.148131628132432525e-08
1.564099797317613838e+00,2.147419486675516964e-08
1.564128032307627203e+00,2.146649435985636956e-08
1.564156261772851275e+00,2.145952215926172357e-08
1.564184485715446993e+00,2.145241850826096197e-08
1.564212704137575072e+00,2.144497912581755372e-08
1.564240917041394674e+00,2.143763033757295489e-08
1.564269124429063629e+00,2.143083044359173073e-08
1.564297326302738655e+00,2.142328803245163726e-08
1.564325522664574475e+00,2.141600141669641744e-08
1.564353713516726474e+00,2.140882315870840102e-08
1.564381898861345821e+00,2.140173727127603343e-08
1.564410078700585460e+00,2.139453059157858661e-08
1.564438253036595006e+00,2.138738963708419760e-08
1.564466421871523405e+00,2.138002841434172296e-08
1.564494585207518718e+00,2.137265653345821192e-08
1.564522743046727227e+00,2.136571097821615695e-08
1.564550895391294549e+00,2.135841725703357952e-08
1.564579042243364304e+00,2.135128340796654811e-08
1.564607183605079443e+00,2.134412113719008630e-08
1.564635319478581144e+00,2.133716137109331612e-08
1.564663449866009914e+00,2.132966869794472586e-08
1.564691574769505156e+00,2.132245846553360025e-08
1.564719694191203603e+00,2.131541876337905705e-08
1.564747808133242657e+00,2.130839327207922906e-08
1.564775916597757277e+00,2.130126652843955526e-08
1.564804019586881090e+00,2.129368148473531619e-08
1.564832117102747278e+00,2.128696152681186504e-08
1.564860209147487247e+00,2.127971754362079082e-08
1.564888295723231071e+00,2.127248954764127120e-08
1.564916376832107714e+00,2.126539477842470660e-08
1.564944452476245473e+00,2.125839770883430901e-08
1.564972522657770204e+00,2.125146814080380864e-08
1.565000587378807539e+00,2.124401277114884579e-08
1.565028646641481780e+00,2.123695885813958739e-08
1.565056700447915006e+00,2.122983566721359239e-08
1.565084748800229297e+00,2.122265740922557598e-08
1.565112791700544959e+00,2.121552888922906277e-08
1.565140829150980961e+00,2.120865794097426260e-08
1.565168861153655389e+00,2.120126119109499996e-08
1.565196887710684326e+00,2.119448261339584860e-08
1.565224908824183636e+00,2.118729902633731399e-08
1.565252924496267406e+00,2.118033748388370441e-08
1.565280934729048390e+00,2.117316988403672440e-08
1.565308939524638676e+00,2.116618169623052381e-08
1.565336938885148133e+00,2.115914199407598062e-08
1.565364932812686405e+00,2.115196373608796421e-08
1.565392921309361585e+00,2.114464514590963518e-08
1.565420904377280209e+00,2.113766051081711339e-08
1.565448882018547705e+00,2.113110753043656587e-08
1.565476854235269055e+00,2.112395591780114046e-08
1.565504821029546578e+00,2.111687713579613046e-08
1.565532782403482370e+00,2.110993335691091488e-08
1.565560738359177417e+00,2.110256325238424324e-08
1.565588688898730707e+00,2.109564078978110047e-08
1.565616634024241005e+00,2.108869168182536669e-08
1.565644573737805079e+00,2.108145658041848947e-08
1.565672508041518585e+00,2.107497465431151795e-08
1.565700436937476292e+00,2.106790297773386555e-08
1.565728360427771193e+00,2.106041918636947230e-08
1.565756278514495614e+00,2.105374363736700616e-08
1.565784191199740771e+00,2.104714802442231303e-08
1.565812098485596104e+00,2.104015628390243364e-08
1.565840000374149943e+00,2.103281637744203181e-08
1.565867896867489950e+00,2.102585483498842223e-08
1.565895787967701791e+00,2.101871032778035442e-08
1.565923673676870687e+00,2.101209339855358849e-08
1.565951553997080303e+00,2.100506080182640289e-08
1.565979428930412976e+00,2.099801044153082330e-08
1.566007298478949705e+00,2.099118390219700814e-08
1.566035162644770828e+00,2.098427209773490176e-08
1.566063021429955127e+00,2.097714535409522796e-08
1.566090874836580049e+00,2.097039519810550701e-08
1.566118722866722157e+00,2.096358997505376465e-08
1.566146565522456902e+00,2.095623941045232641e-08
1.566174402805857957e+00,2.094954609788146627e-08
1.566202234718998110e+00,2.094282436360117572e-08
1.566230061263949036e+00,2.093591611185274814e-08
1.566257882442781524e+00,2.092880535542462894e-08
1.566285698257564363e+00,2.092184914204153756e-08
1.566313508710365898e+00,2.091513628954544401e-08
1.566341313803252699e+00,2.090820672151494364e-08
1.566369113538290447e+00,2.090111372865521844e-08
1.566396907917543713e+00,2.089450568121264951e-08
1.566424696943075956e+00,2.088775907793660735e-08
1.566452480616948639e+00,2.088081174633771298e-08
1.566480258941223003e+00,2.087365480463176937e-08
1.566508031917958732e+00,2.086706807347127324e-08
1.566535799549213959e+00,2.086007988566507265e-08
1.566563561837046592e+00,2.085301176180109906e-08
1.566591318783512321e+00,2.084621186781987490e-08
1.566619070390666169e+00,2.083952566067637235e-08
1.566646816660562047e+00,2.083276839925929380e-08
1.566674557595252093e+00,2.082597383434858784e-08
1.566702293196787776e+00,2.081887373606150504e-08
1.566730023467219901e+00,2.081217154170644790e-08
1.566757748408596607e+00,2.080556349426387897e-08
1.566785468022966477e+00,2.079840299984425656e-08
1.566813182312375652e+00,2.079167060742292961e-08
1.566840891278869607e+00,2.078496841306787246e-08
1.566868594924492930e+00,2.077831418034747912e-08
1.566896293251288652e+00,2.077138105960329995e-08
1.566923986261298474e+00,2.076442129350652976e-08
1.566951673956563207e+00,2.075787186583966104e-08
1.566979356339122553e+00,2.075091387609973026e-08
1.567007033411015104e+00,2.074403049334705429e-08
1.567034705174277676e+00,2.073734961527406995e-08
1.567062371630946638e+00,2.073084104381450743e-08
1.567090032783057030e+00,2.072372140560219123e-08
1.567117688632641892e+00,2.071699789496506128e-08
1.567145339181734487e+00,2.071047866536446236e-08
1.567172984432366079e+00,2.070358284811391059e-08
1.567200624386566377e+00,2.069683269212418963e-08
1.567228259046365091e+00,2.068992621673260146e-08
1.567255888413789489e+00,2.068346383055086335e-08
1.567283512490867059e+00,2.067671722727482120e-08
1.567311131279622627e+00,2.066996174221458205e-08
1.567338744782080795e+00,2.066300730518833006e-08
1.567366353000264834e+00,2.065653603722239495e-08
1.567393955936197125e+00,2.064968285253598879e-08
1.567421553591898054e+00,2.064303750159979245e-08
1.567449145969387780e+00,2.063624648940276529e-08
1.567476733070684691e+00,2.062986936834931839e-08
1.567504314897806506e+00,2.062263959601295937e-08
1.567531891452768944e+00,2.061601733771567524e-08
1.567559462737587506e+00,2.060994575003860518e-08
1.567587028754276135e+00,2.060266623971074296e-08
1.567614589504847444e+00,2.059635129114667507e-08
1.567642144991313380e+00,2.058921921843648306e-08
1.567669695215684111e+00,2.058293269158184557e-08
1.567697240179969587e+00,2.057606529604072421e-08
1.567724779886177089e+00,2.056939507610877627e-08
1.567752314336314567e+00,2.056276571238413453e-08
1.567779843532387529e+00,2.055623049557198101e-08
1.567807367476400593e+00,2.054929915118464123e-08
1.567834886170357711e+00,2.054271774909466330e-08
1.567862399616261060e+00,2.053611858343629137e-08
1.567889907816111927e+00,2.052982672751113569e-08
1.567917410771910713e+00,2.052287406684172311e-08
1.567944908485656486e+00,2.051629977017910278e-08
1.567972400959346979e+00,2.050976988243746746e-08
1.567999888194978819e+00,2.050314584778334392e-08
1.568027370194547965e+00,2.049623226696439815e-08
1.568054846960048376e+00,2.048956382338928961e-08
1.568082318493473792e+00,2.048304459378869069e-08
1.568109784796816397e+00,2.047696057161374483e-08
1.568137245872067043e+00,2.046992086945920164e-08
1.568164701721215470e+00,2.046295222157823446e-08
1.568192152346250756e+00,2.045640101755452633e-08
1.568219597749160643e+00,2.045003455464211584e-08
1.568247037931931542e+00,2.044358282660141413e-08
1.568274472896548311e+00,2.043703517529138480e-08
1.568301902644995804e+00,2.043050528754974948e-08
1.568329327179257104e+00,2.042389546375034115e-08
1.568356746501314181e+00,2.041696767207668017e-08
1.568384160613147449e+00,2.041036850641830824e-08
1.568411569516737103e+00,2.040396474001227034e-08
1.568438973214061560e+00,2.039751834104208683e-08
1.568466371707097906e+00,2.039110391649501253e-08
1.568493764997823003e+00,2.038428803530223377e-08
1.568521153088212161e+00,2.037784874175940786e-08
1.568548535980238912e+00,2.037150714784274896e-08
1.568575913675876787e+00,2.036507851244095946e-08
1.568603286177097100e+00,2.035850421577833913e-08
1.568630653485870941e+00,2.035172563807918777e-08
1.568658015604167844e+00,2.034506785264511564e-08
1.568685372533956013e+00,2.033860901917705633e-08
1.568712724277203208e+00,2.033218038377526682e-08
1.568740070835875411e+00,2.032580681543549872e-08
1.568767412211937939e+00,2.031883106212717394e-08
1.568794748407354334e+00,2.031211643327424099e-08
1.568822079424088134e+00,2.030626511384525656e-08
1.568849405264100660e+00,2.029988621643497027e-08
1.568876725929352567e+00,2.029298151740022149e-08
1.568904041421803841e+00,2.028658663277838059e-08
1.568931351743412250e+00,2.028036405476996151e-08
1.568958656896135562e+00,2.027352863365194935e-08
1.568985956881929988e+00,2.026741974248125189e-08
1.569013251702750633e+00,2.026044398917292710e-08
1.569040541360550822e+00,2.025423917473290203e-08
1.569067825857284548e+00,2.024790113352992194e-08
1.569095105194902695e+00,2.024150802526492043e-08
1.569122379375356369e+00,2.023495682124121231e-08
1.569149648400595121e+00,2.022845357885216799e-08
1.569176912272567170e+00,2.022197520545887528e-08
1.569204170993219849e+00,2.021576861466201080e-08
1.569231424564499600e+00,2.020929201762555749e-08
1.569258672988351755e+00,2.020257561241578514e-08
1.569285916266719649e+00,2.019608835723829543e-08
1.569313154401546839e+00,2.018999900599283137e-08
1.569340387394775105e+00,2.018346556553751725e-08
1.569367615248345116e+00,2.017657685371432308e-08
1.569394837964196432e+00,2.017061540016129584e-08
1.569422055544267502e+00,2.016425248996256414e-08
1.569449267990495889e+00,2.015797306853528426e-08
1.569476475304818264e+00,2.015137035016323352e-08
1.569503677489169302e+00,2.014489375312678021e-08
1.569530874545483456e+00,2.013885591622965876e-08
1.569558066475693625e+00,2.013229405406491423e-08
1.569585253281732262e+00,2.012552613450679928e-08
1.569612434965529602e+00,2.011957178638112964e-08
1.569639611529015877e+00,2.011305610949420952e-08
1.569666782974119768e+00,2.010659727602615021e-08
1.569693949302768399e+00,2.010045818678918295e-08
1.569721110516888896e+00,2.009393540447490523e-08
1.569748266618406607e+00,2.008734512060073030e-08
1.569775417609245549e+00,2.008132682362884225e-08
1.569802563491329073e+00,2.007499055878270156e-08
1.569829704266579640e+00,2.006858146330614545e-08
1.569856839936918158e+00,2.006219546046850155e-08
1.569883970504264425e+00,2.005556076767334162e-08
1.569911095970537795e+00,2.004947496914155636e-08
1.569938216337655401e+00,2.004293264690204524e-08
1.569965331607535042e+00,2.003681309759031137e-08
1.569992441782091408e+00,2.003075039169743832e-08
1.570019546863239857e+00,2.002413879154119059e-08
1.570046646852893302e+00,2.001772259063727688e-08
1.570073741752964658e+00,2.001126908623973577e-08
1.570100831565364841e+00,2.000534138346665713e-08
1.570127916292004766e+00,1.999893051163326163e-08
1.570154995934792908e+00,1.999257115414820873e-08
1.570182070495637738e+00,1.998643739398175967e-08
1.570209139976446400e+00,1.997990217716960615e-08
1.570236204379124922e+00,1.997352327975931985e-08
1.570263263705578227e+00,1.996725806918675516e-08
1.570290317957709902e+00,1.996119713965072151e-08
1.570317367137423092e+00,1.995510245933473925e-08
1.570344411246618943e+00,1.994851039910372492e-08
1.570371450287198600e+00,1.994220788503753283e-08
1.570398484261061434e+00,1.993592668725341355e-08
1.570425513170105924e+00,1.993002385347608652e-08
1.570452537016229666e+00,1.992354548008279380e-08
1.570479555801329141e+00,1.991715770088831050e-08
1.570506569527299057e+00,1.991102926979237964e-08
1.570533578196034119e+00,1.990490972048064577e-08
1.570560581809427481e+00,1.989845443972626526e-08
1.570587580369370961e+00,1.989215547837375198e-08
1.570614573877756159e+00,1.988626685545114015e-08
1.570641562336472452e+00,1.987993947238919645e-08
1.570668545747409217e+00,1.987372577616497438e-08
1.570695524112454056e+00,1.986750852722707350e-08
1.570722497433494125e+00,1.986102482476326259e-08
1.570749465712414583e+00,1.985513975455432956e-08
1.570776428951100590e+00,1.984908415408881410e-08
1.570803387151435748e+00,1.984233044538541435e-08
1.570830340315302331e+00,1.983608832745176187e-08
1.570857288444582167e+00,1.983022457352490164e-08
1.570884231541155751e+00,1.982418496027094079e-08
1.570911169606902247e+00,1.981805297646133113e-08
1.570938102643700152e+00,1.981164743369845382e-08
1.570965030653426853e+00,1.980537156498485274e-08
1.570991953637958627e+00,1.979899622028824524e-08
1.571018871599170419e+00,1.979271324614728655e-08
1.571045784538936507e+00,1.978699337712441775e-08
1.571072692459130282e+00,1.978082764253485948e-08
1.571099595361623580e+00,1.977433505828685156e-08
1.571126493248287570e+00,1.976831676131496351e-08
1.571153386120991868e+00,1.976185792784690420e-08
1.571180273981605646e+00,1.975593733050118317e-08
1.571207156831996965e+00,1.974994923159556492e-08
1.571234034674032332e+00,1.974391672376896167e-08
1.571260907509578031e+00,1.973760710427541198e-08
1.571287775340497905e+00,1.973137209176911711e-08
1.571314638168656685e+00,1.972516727732909203e-08
1.571341495995916437e+00,1.971906193887207337e-08
1.571368348824138783e+00,1.971311647253060073e-08
1.571395196655184678e+00,1.970723673139218590e-08
1.571422039490913525e+00,1.970069618550951418e-08
1.571448877333183614e+00,1.969448248928529210e-08
1.571475710183852792e+00,1.968861162993107428e-08
1.571502538044777131e+00,1.968252760775612842e-08
1.571529360917812257e+00,1.967637608402128535e-08
1.571556178804812687e+00,1.967021567850224528e-08
1.571582991707631383e+00,1.966410145826102962e-08
1.571609799628120641e+00,1.965820928262473899e-08
1.571636602568132313e+00,1.965213058952031133e-08
1.571663400529516030e+00,1.964570373047536123e-08
1.571690193514121203e+00,1.963983997654850100e-08
1.571716981523796131e+00,1.963376838887143094e-08
1.571743764560387779e+00,1.962755646900404827e-08
1.571770542625742673e+00,1.962160034452153923e-08
1.571797315721705335e+00,1.961594442434488883e-08
1.571824083850120068e+00,1.960950513080206292e-08
1.571850847012830066e+00,1.960344953033654747e-08
1.571877605211676965e+00,1.959717721433662518e-08
1.571904358448502403e+00,1.959127615691613755e-08
1.571931106725145577e+00,1.958518680567067349e-08
1.571957850043445903e+00,1.957927686646598886e-08
1.571984588405241023e+00,1.957327100399197661e-08
1.572011321812368578e+00,1.956711948025713355e-08
1.572038050266663545e+00,1.956091466581710847e-08
1.572064773769960899e+00,1.955506689910180285e-08
1.572091492324094952e+00,1.954928663394639443e-08
1.572118205930898238e+00,1.954301609430331155e-08
1.572144914592202625e+00,1.953671890930763766e-08
1.572171618309838870e+00,1.953107719998570246e-08
1.572198317085636843e+00,1.952513173364422983e-08
1.572225010921424859e+00,1.951883277229171654e-08
1.572251699819031234e+00,1.951285888424081350e-08
1.572278383780282285e+00,1.950722605670307530e-08
1.572305062807004106e+00,1.950089156821377401e-08
1.572331736901020793e+00,1.949510419763100799e-08
1.572358406064156666e+00,1.948888517233626771e-08
1.572385070298234266e+00,1.948304984011883789e-08
1.572411729605075026e+00,1.947718430983513827e-08
1.572438383986499710e+00,1.947088712483946438e-08
1.572465033444327975e+00,1.946494343485483114e-08
1.572491677980378366e+00,1.945881322740206087e-08
1.572518317596468762e+00,1.945334382469354750e-08
1.572544952294415266e+00,1.944740901649311127e-08
1.572571582076034202e+00,1.944136052145495341e-08
1.572598206943139676e+00,1.943533334269886836e-08
1.572624826897545347e+00,1.942917471353666770e-08
1.572651441941063988e+00,1.942320970726996165e-08
1.572678052075507260e+00,1.941743654754191084e-08
1.572704657302685494e+00,1.941158167539924762e-08
1.572731257624408352e+00,1.940548166601274716e-08
1.572757853042484832e+00,1.939971028264153574e-08
1.572784443558721712e+00,1.939354277169513807e-08
1.572811029174926434e+00,1.938748894758646202e-08
1.572837609892903998e+00,1.938206573015577305e-08
1.572864185714459406e+00,1.937571525445491716e-08
1.572890756641396104e+00,1.937009663777189417e-08
1.572917322675516649e+00,1.936423110748819454e-08
1.572943883818622712e+00,1.935833360278138571e-08
1.572970440072514853e+00,1.935204529956990882e-08
1.572996991438992742e+00,1.934627924526921561e-08
1.573023537919855164e+00,1.934026805372468516e-08
1.573050079516899347e+00,1.933462279168907116e-08
1.573076616231922298e+00,1.932873061605278053e-08
1.573103148066719470e+00,1.932254711789482826e-08
1.573129675023085650e+00,1.931702442448113288e-08
1.573156197102814735e+00,1.931115711784059386e-08
1.573182714307698626e+00,1.930535198368943384e-08
1.573209226639529890e+00,1.929927151422816678e-08
1.573235734100098870e+00,1.929327630989519093e-08
1.573262236691195026e+00,1.928730242184428789e-08
1.573288734414607815e+00,1.928192361333458393e-08
1.573315227272124250e+00,1.927567616633041325e-08
1.573341715265531571e+00,1.926988701939080784e-08
1.573368198396615014e+00,1.926393800033565640e-08
1.573394676667160041e+00,1.925832293636631221e-08
1.573421150078949893e+00,1.925259240920240700e-08
1.573447618633767808e+00,1.924635917305295152e-08
1.573474082333395474e+00,1.924045456291878509e-08
1.573500541179613910e+00,1.923490344779565930e-08
1.573526995174203025e+00,1.922922088226641790e-08
1.573553444318941175e+00,1.922346548610676109e-08
1.573579888615606936e+00,1.921759285039570386e-08
1.573606328065977111e+00,1.921172732011200424e-08
1.573632762671827390e+00,1.920570014135591919e-08
1.573659192434933018e+00,1.920005310296346579e-08
1.573685617357067912e+00,1.919391046101281972e-08
1.573712037440005762e+00,1.918824743540881173e-08
1.573738452685517597e+00,1.918281711255076516e-08
1.573764863095375111e+00,1.917717362687199056e-08
1.573791268671348442e+00,1.917090308722890768e-08
1.573817669415206622e+00,1.916502156973365345e-08
1.573844065328717789e+00,1.915950242903363687e-08
1.573870456413649643e+00,1.915382163986123487e-08
1.573896842671767660e+00,1.914796676771857165e-08
1.573923224104837759e+00,1.914154523774413974e-08
1.573949600714624086e+00,1.913635117034573341e-08
1.573975972502889453e+00,1.913060287961343420e-08
1.574002339471397116e+00,1.912454550279107934e-08
1.574028701621907889e+00,1.911885938454815914e-08
1.574055058956182584e+00,1.911295655077083211e-08
1.574081411475980241e+00,1.910735747401304252e-08
1.574107759183060118e+00,1.910167846119747992e-08
1.574134102079179032e+00,1.909559088630885526e-08
1.574160440166093800e+00,1.908997582233951107e-08
1.574186773445560128e+00,1.908451352505835530e-08
1.574213101919332614e+00,1.907868174555460428e-08
1.574239425589165187e+00,1.907281799162774405e-08
1.574265744456810445e+00,1.906721891486995446e-08
1.574292058524020099e+00,1.906136404272729123e-08
1.574318367792544970e+00,1.905566904270017403e-08
1.574344672264135214e+00,1.905021029813269706e-08
1.574370971940539210e+00,1.904443003297728865e-08
1.574397266823505559e+00,1.903828916738348198e-08
1.574423556914781086e+00,1.903275403947191080e-08
1.574449842216111284e+00,1.902699864331225399e-08
1.574476122729242089e+00,1.902147950261223741e-08
1.574502398455917218e+00,1.901576851537356561e-08
1.574528669397879721e+00,1.901003621185282100e-08
1.574554935556871982e+00,1.900437496260565240e-08
1.574581196934635496e+00,1.899845081254625256e-08
1.574607453532910428e+00,1.899280199779695977e-08
1.574633705353435831e+00,1.898703061442574835e-08
1.574659952397950757e+00,1.898171220204858400e-08
1.574686194668192263e+00,1.897583778998068738e-08
1.574712432165897180e+00,1.897021029151346738e-08
1.574738664892801010e+00,1.896414403290691553e-08
1.574764892850638365e+00,1.895872969726042356e-08
1.574791116041142969e+00,1.895309864607952477e-08
1.574817334466047214e+00,1.894774648292241181e-08
1.574843548127083492e+00,1.894208701003208262e-08
1.574869757025982420e+00,1.893588574830573634e-08
1.574895961164473945e+00,1.893044654366349278e-08
1.574922160544286909e+00,1.892458634245031135e-08
1.574948355167149261e+00,1.891891443506210635e-08
1.574974545034788731e+00,1.891358891725758440e-08
1.575000730148931050e+00,1.890814793625850143e-08
1.575026910511301281e+00,1.890248491065449343e-08
1.575053086123623824e+00,1.889668688193069102e-08
1.575079256987622189e+00,1.889072542837766377e-08
1.575105423105018554e+00,1.888522049853236240e-08
1.575131584477534430e+00,1.887986122994789184e-08
1.575157741106890663e+00,1.887426037683326285e-08
1.575183892994806545e+00,1.886841971554531483e-08
1.575210040143000700e+00,1.886304268339245027e-08
1.575236182553190867e+00,1.885726064188020246e-08
1.575262320227093893e+00,1.885167044690660987e-08
1.575288453166425739e+00,1.884607669921933848e-08
1.575314581372901479e+00,1.884034617205543327e-08
1.575340704848234408e+00,1.883473998987028608e-08
1.575366823594138266e+00,1.882922973095446650e-08
1.575392937612325017e+00,1.882353828364102810e-08
1.575419046904505738e+00,1.881801914294101152e-08
1.575445151472390837e+00,1.881252487123674655e-08
1.575471251317689836e+00,1.880707500845346658e-08
1.575497346442110924e+00,1.880141553556313738e-08
1.575523436847361403e+00,1.879548960914689815e-08
1.575549522535148128e+00,1.879041278129989223e-08
1.575575603507176625e+00,1.878462185800344741e-08
1.575601679765151752e+00,1.877871014244192338e-08
1.575627751310777036e+00,1.877357114210553846e-08
1.575653818145755558e+00,1.876777666609541484e-08
1.575679880271789512e+00,1.876227528896379226e-08
1.575705937690579095e+00,1.875686450603097910e-08
1.575731990403825167e+00,1.875134891804464132e-08
1.575758038413226814e+00,1.874545674240835069e-08
1.575784081720482233e+00,1.874008503932600433e-08
1.575810120327288510e+00,1.873476307423516118e-08
1.575836154235342290e+00,1.872900767807550437e-08
1.575862183446339104e+00,1.872340149589035718e-08
1.575888207961973597e+00,1.871818966492355685e-08
1.575914227783939081e+00,1.871273802578343748e-08
1.575940242913928646e+00,1.870677479587357084e-08
1.575966253353633828e+00,1.870151145055842790e-08
1.575992259104745941e+00,1.869625521067064255e-08
1.576018260168954965e+00,1.869060639592134976e-08
1.576044256547949551e+00,1.868502153001827537e-08
1.576070248243418348e+00,1.867915067066405754e-08
1.576096235257048450e+00,1.867363863539139857e-08
1.576122217590526287e+00,1.866841259356988303e-08
1.576148195245537176e+00,1.866304799591489427e-08
1.576174168223765548e+00,1.865769050368726312e-08
1.576200136526895612e+00,1.865196352923703671e-08
1.576226100156609355e+00,1.864655807537474175e-08
1.576252059114588988e+00,1.864100518389477656e-08
1.576278013402515166e+00,1.863548781955159939e-08
1.576303963022068322e+00,1.863034526650153566e-08
1.576329907974926892e+00,1.862447795986099663e-08
1.576355848262769976e+00,1.861912224399020488e-08
1.576381783887274013e+00,1.861371146105739172e-08
1.576407714850115882e+00,1.860832199440665136e-08
1.576433641152970688e+00,1.860263232345005235e-08
1.576459562797513092e+00,1.859711851182055398e-08
1.576485479785416866e+00,1.859206477661246026e-08
1.576511392118354893e+00,1.858647991070938588e-08
1.576537299797998948e+00,1.858102116614190891e-08
1.576563202826019694e+00,1.857540610217256472e-08
1.576589101204087573e+00,1.857016407313949458e-08
1.576614994933871694e+00,1.856467513050574780e-08
1.576640884017040056e+00,1.855902098668593680e-08
1.576666768455260437e+00,1.855369902159509365e-08
1.576692648250198836e+00,1.854829534408963809e-08
1.576718523403521033e+00,1.854299114256718894e-08
1.576744393916891696e+00,1.853750219993344217e-08
1.576770259791974826e+00,1.853211628599638061e-08
1.576796121030433318e+00,1.852680675540341326e-08
1.576821977633928729e+00,1.852102826660484425e-08
1.576847829604122175e+00,1.851541497899233946e-08
1.576873676942674107e+00,1.851032216393377894e-08
1.576899519651244086e+00,1.850525599422780942e-08
1.576925357731490340e+00,1.849975816980986565e-08
1.576951191185069989e+00,1.849417863297730946e-08
1.576977020013640374e+00,1.848890285316429072e-08
1.577002844218856614e+00,1.848327890741074953e-08
1.577028663802374053e+00,1.847819497413638601e-08
1.577054478765846035e+00,1.847257102838284482e-08
1.577080289110926570e+00,1.846723307608044706e-08
1.577106094839267003e+00,1.846192709820115851e-08
1.577131895952519125e+00,1.845641506292849954e-08
1.577157692452333171e+00,1.845110730869237159e-08
1.577183484340358932e+00,1.844592745214868046e-08
1.577209271618244424e+00,1.844043140408757608e-08
1.577235054287638327e+00,1.843481634011823189e-08
1.577260832350186881e+00,1.842953523123469495e-08
1.577286605807536324e+00,1.842414931729763339e-08
1.577312374661332006e+00,1.841927144141664030e-08
1.577338138913217502e+00,1.841374341893242672e-08
1.577363898564836608e+00,1.840813546039044013e-08
1.577389653617832010e+00,1.840294139299203380e-08
1.577415404073844840e+00,1.839764784961062105e-08
1.577441149934516229e+00,1.839214824883583788e-08
1.577466891201485755e+00,1.838701990664048935e-08
1.577492627876392772e+00,1.838157182021404878e-08
1.577518359960874639e+00,1.837619656441802363e-08
1.577544087456569377e+00,1.837089413925241388e-08
1.577569810365112790e+00,1.836551888345638872e-08
1.577595528688140458e+00,1.836026086721176398e-08
1.577621242427287296e+00,1.835500462732397864e-08
1.577646951584186885e+00,1.834963825331215048e-08
1.577672656160471476e+00,1.834435359171493474e-08
1.577698356157773762e+00,1.833898899405994598e-08
1.577724051577724662e+00,1.833364215997335123e-08
1.577749742421953982e+00,1.832833085302354448e-08
1.577775428692091753e+00,1.832304441506948933e-08
1.577801110389766004e+00,1.831781126782061619e-08
1.577826787516604545e+00,1.831262252949272806e-08
1.577852460074234076e+00,1.830701101823706267e-08
1.577878128064280405e+00,1.830217932763389399e-08
1.577903791488368457e+00,1.829645590589734638e-08
1.577929450348122931e+00,1.829138440712085867e-08
1.577955104645166307e+00,1.828618323429509473e-08
1.577980754381121509e+00,1.828090923083891539e-08
1.578006399557610129e+00,1.827559437117542984e-08
1.578032040176252204e+00,1.827019069366997428e-08
1.578057676238668661e+00,1.826518314373970497e-08
1.578083307746477315e+00,1.825988782400145283e-08
1.578108934701297095e+00,1.825426920731842984e-08
1.578134557104744706e+00,1.824927764459971513e-08
1.578160174958436635e+00,1.824397699579094478e-08
1.578185788263988698e+00,1.823861062177911663e-08
1.578211397023015161e+00,1.823323003691257327e-08
1.578237001237130066e+00,1.822822603969598276e-08
1.578262600907946345e+00,1.822334105838763207e-08
1.578288196037075819e+00,1.821804573864937993e-08
1.578313786626129867e+00,1.821260653400713636e-08
1.578339372676718755e+00,1.820715489486701699e-08
1.578364954190452085e+00,1.820222728099452070e-08
1.578390531168938571e+00,1.819686623605321074e-08
1.578416103613785815e+00,1.819156025817392219e-08
1.578441671526600754e+00,1.818628270200406405e-08
1.578467234908989436e+00,1.818140660247991036e-08
1.578492793762557689e+00,1.817632089284870744e-08
1.578518348088908896e+00,1.817082129207392427e-08
1.578543897889647329e+00,1.816522754438665288e-08
1.578569443166375263e+00,1.816024131073845638e-08
1.578594983920694972e+00,1.815542560734684230e-08
1.578620520154206508e+00,1.815011962946755375e-08
1.578646051868511035e+00,1.814456318527390977e-08
1.578671579065207276e+00,1.813954852991628286e-08
1.578697101745893727e+00,1.813436156794523413e-08
1.578722619912167779e+00,1.812890104702091776e-08
1.578748133565626377e+00,1.812406225099039148e-08
1.578773642707865799e+00,1.811881666924364254e-08
1.578799147340480102e+00,1.811402228213410126e-08
1.578824647465064235e+00,1.810836280924377206e-08
1.578850143083211144e+00,1.810330374496516015e-08
1.578875634196513555e+00,1.809815586284457822e-08
1.578901120806563307e+00,1.809301153343767510e-08
1.578926602914950683e+00,1.808793115287699038e-08
1.578952080523265966e+00,1.808252747537153482e-08
1.578977553633098330e+00,1.807738669867831049e-08
1.579003022246035615e+00,1.807228322547871358e-08
1.579028486363665884e+00,1.806699501116781903e-08
1.579053945987575425e+00,1.806212601707102294e-08
1.579079401119349635e+00,1.805679517019598279e-08
1.579104851760574135e+00,1.805156024659027025e-08
1.579130297912832548e+00,1.804644078617911873e-08
1.579155739577708495e+00,1.804156113394128624e-08
1.579181176756783822e+00,1.803623739249360369e-08
1.579206609451640375e+00,1.803101490338576696e-08
1.579232037663859112e+00,1.802609261858378886e-08
1.579257461395019657e+00,1.802069959921936970e-08
1.579282880646701193e+00,1.801573290549640660e-08
1.579308295420481789e+00,1.801074134277769190e-08
1.579333705717938852e+00,1.800552951181089156e-08
1.579359111540649119e+00,1.800043314403865224e-08
1.579384512890188663e+00,1.799534032898009173e-08
1.579409909768131337e+00,1.799037896432764683e-08
1.579435302176052103e+00,1.798496818139483366e-08
1.579460690115523702e+00,1.798007609465912537e-08
1.579486073588119099e+00,1.797488025090387964e-08
1.579511452595409260e+00,1.796971815792858251e-08
1.579536827138964927e+00,1.796481186033815902e-08
1.579562197220356623e+00,1.795958226580296468e-08
1.579587562841152870e+00,1.795454451780642557e-08
1.579612924002922192e+00,1.794947834810045606e-08
1.579638280707232001e+00,1.794430914969780133e-08
1.579663632955648600e+00,1.793922876913711661e-08
1.579688980749738292e+00,1.793440596031814493e-08
1.579714324091065603e+00,1.792920301113554160e-08
1.579739662981194837e+00,1.792389703325625305e-08
1.579764997421689188e+00,1.791875448020618933e-08
1.579790327414111406e+00,1.791397963302188145e-08
1.579815652960022909e+00,1.790890458153171494e-08
1.579840974060984671e+00,1.790384018818258482e-08
1.579866290718556110e+00,1.789888415260065813e-08
1.579891602934297756e+00,1.789369719062960939e-08
1.579916910709766587e+00,1.788846759609441506e-08
1.579942214046520910e+00,1.788355774579031277e-08
1.579967512946117258e+00,1.787835302025087003e-08
1.579992807410111499e+00,1.787343961723308894e-08
1.580018097440058833e+00,1.786837877659763762e-08
1.580043383037513571e+00,1.786331083053482871e-08
1.580068664204029139e+00,1.785836545309393841e-08
1.580093940941158071e+00,1.785330638881532650e-08
1.580119213250452015e+00,1.784833436602184520e-08
1.580144481133462619e+00,1.784330372345266369e-08
1.580169744591739533e+00,1.783821623746462137e-08
1.580195003626832628e+00,1.783334191429730708e-08
1.580220258240289777e+00,1.782823666474087076e-08
1.580245508433659296e+00,1.782310654618868284e-08
1.580270754208487727e+00,1.781813452339520154e-08
1.580295995566322054e+00,1.781313763160596864e-08
1.580321232508706153e+00,1.780814606888725393e-08
1.580346465037186121e+00,1.780314917709802103e-08
1.580371693153304280e+00,1.779814695623826992e-08
1.580396916858604728e+00,1.779305591753654880e-08
1.580422136154628676e+00,1.778852798395291757e-08
1.580447351042917559e+00,1.778323444057150482e-08
1.580472561525011921e+00,1.777791069912382227e-08
1.580497767602451864e+00,1.777354619036941585e-08
1.580522969276775713e+00,1.776839120282147633e-08
1.580548166549521349e+00,1.776324864977141260e-08
1.580573359422226654e+00,1.775800662073834246e-08
1.580598547896427508e+00,1.775333657860755920e-08
1.580623731973659796e+00,1.774847113722444192e-08
1.580648911655458511e+00,1.774342273108686641e-08
1.580674086943357093e+00,1.773820557104954787e-08
1.580699257838889205e+00,1.773340940758316719e-08
1.580724424343587398e+00,1.772833257973616128e-08
1.580749586458982892e+00,1.772376201358838443e-08
1.580774744186606906e+00,1.771860880239728431e-08
1.580799897527989106e+00,1.771351598733872379e-08
1.580825046484658714e+00,1.770861501881881850e-08
1.580850191058144283e+00,1.770379043364300742e-08
1.580875331249973481e+00,1.769882373992004432e-08
1.580900467061673087e+00,1.769354440739334677e-08
1.580925598494769213e+00,1.768896140674769413e-08
1.580950725550786640e+00,1.768373536492617859e-08
1.580975848231250147e+00,1.767904400651332253e-08
1.581000966537683627e+00,1.767418034148704464e-08
1.581026080471609196e+00,1.766926871482610295e-08
1.581051190034549636e+00,1.766419721604961524e-08
1.581076295228025508e+00,1.765908130835214251e-08
1.581101396053558039e+00,1.765436863365721365e-08
1.581126492512666237e+00,1.764931667480595934e-08
1.581151584606869109e+00,1.764447254970491485e-08
1.581176672337684552e+00,1.763970658430480398e-08
1.581201755706630463e+00,1.763462442738727987e-08
1.581226834715222962e+00,1.762977497321571718e-08
1.581251909364977282e+00,1.762489532097788469e-08
1.581276979657409321e+00,1.762015244821668603e-08
1.581302045594032313e+00,1.761496548624563729e-08
1.581327107176359936e+00,1.761010359757619881e-08
1.581352164405904981e+00,1.760507295500701730e-08
1.581377217284178460e+00,1.760056456134861946e-08
1.581402265812692276e+00,1.759574708160016598e-08
1.581427309992956109e+00,1.759069867546259047e-08
1.581452349826479198e+00,1.758550993713470234e-08
1.581477385314770334e+00,1.758081680236500688e-08
1.581502416459337201e+00,1.757579504158002237e-08
1.581527443261687038e+00,1.757106105060302070e-08
1.581552465723325973e+00,1.756621337278829742e-08
1.581577483845759691e+00,1.756111878137289750e-08
1.581602497630492543e+00,1.755648959544942045e-08
1.581627507079028661e+00,1.755147671644863294e-08
1.581652512192870841e+00,1.754661127506551566e-08
1.581677512973522104e+00,1.754166056855410716e-08
1.581702509422483249e+00,1.753713618768415472e-08
1.581727501541255743e+00,1.753239864399347425e-08
1.581752489331338829e+00,1.752735023785589874e-08
1.581777472794231976e+00,1.752249012554329965e-08
1.581802451931434206e+00,1.751785028147878620e-08
1.581827426744442544e+00,1.751301148544825992e-08
1.581852397234753793e+00,1.750798617194959661e-08
1.581877363403864534e+00,1.750300526737191831e-08
1.581902325253270014e+00,1.749819844576450123e-08
1.581927282784464817e+00,1.749321221211630473e-08
1.581952235998941969e+00,1.748857947347914887e-08
1.581977184898195388e+00,1.748395028755567182e-08
1.582002129483716990e+00,1.747888234149286291e-08
1.582027069756998028e+00,1.747411637609275203e-08
1.582052005719529530e+00,1.746910349709196453e-08
1.582076937372801417e+00,1.746457733986517269e-08
1.582101864718302497e+00,1.745996769386692904e-08
1.582126787757521136e+00,1.745487132609468972e-08
1.582151706491945031e+00,1.745017819132499426e-08
1.582176620923061217e+00,1.744513689061477635e-08
1.582201531052355614e+00,1.744053790275756910e-08
1.582226436881313480e+00,1.743580568813740683e-08
1.582251338411419184e+00,1.743095445760900475e-08
1.582276235644156426e+00,1.742617783406785748e-08
1.582301128581008687e+00,1.742119515313333977e-08
1.582326017223457670e+00,1.741654287457095052e-08
1.582350901572985080e+00,1.741155664092275401e-08
1.582375781631071510e+00,1.740687771700777375e-08
1.582400657399196664e+00,1.740222543844538450e-08
1.582425528878840248e+00,1.739750921103677683e-08
1.582450396071480192e+00,1.739253363552961673e-08
1.582475258978593979e+00,1.738788490968090628e-08
1.582500117601658651e+00,1.738287735975063697e-08
1.582524971942150360e+00,1.737836541337856033e-08
1.582549822001544371e+00,1.737355148634378565e-08
1.582574667781315503e+00,1.736871979574061697e-08
1.582599509282937023e+00,1.736395027762682730e-08
1.582624346507882418e+00,1.735888233156401839e-08
1.582649179457623845e+00,1.735451604645277257e-08
1.582674008133632793e+00,1.734991528223872592e-08
1.582698832537380085e+00,1.734518306761856365e-08
1.582723652670335435e+00,1.733996590758124512e-08
1.582748468533968333e+00,1.733512711155071884e-08
1.582773280129747384e+00,1.733079102450574283e-08
1.582798087459140302e+00,1.732617249672330217e-08
1.582822890523613690e+00,1.732136922782956390e-08
1.582847689324634155e+00,1.731654641901059222e-08
1.582872483863666968e+00,1.731176624275576614e-08
1.582897274142176514e+00,1.730709264791130408e-08
1.582922060161627398e+00,1.730239063135741162e-08
1.582946841923482673e+00,1.729764420588253415e-08
1.582971619429204280e+00,1.729267040673221345e-08
1.582996392680254161e+00,1.728807852430236380e-08
1.583021161678093591e+00,1.728340492945790174e-08
1.583045926424182293e+00,1.727880416524385510e-08
1.583070686919979986e+00,1.727450893440618529e-08
1.583095443166945060e+00,1.726918519295850274e-08
1.583120195166535904e+00,1.726416520853035763e-08
1.583144942920209131e+00,1.725981491063066642e-08
1.583169686429421574e+00,1.725519283013454697e-08
1.583194425695628516e+00,1.725016396392220486e-08
1.583219160720285457e+00,1.724574083539209823e-08
1.583243891504846124e+00,1.724108855682970898e-08
1.583268618050764021e+00,1.723646825269042893e-08
1.583293340359491985e+00,1.723167386558088765e-08
1.583318058432481967e+00,1.722674447535155196e-08
1.583342772271184806e+00,1.722219522548584791e-08
1.583367481877051341e+00,1.721754827599397686e-08
1.583392187251531080e+00,1.721313758196174604e-08
1.583416888396073086e+00,1.720822240258712554e-08
1.583441585312125532e+00,1.720379572134334012e-08
1.583466278001135707e+00,1.719917896991773887e-08
1.583490966464550675e+00,1.719434905567140959e-08
1.583515650703816169e+00,1.718941256001471629e-08
1.583540330720377476e+00,1.718501074776668247e-08
1.583565006515679219e+00,1.718005648854159517e-08
1.583589678091164910e+00,1.717562625458413095e-08
1.583614345448277838e+00,1.717083009111775027e-08
1.583639008588460184e+00,1.716646735872018326e-08
1.583663667513153461e+00,1.716165165532856918e-08
1.583688322223798073e+00,1.715700470583669812e-08
1.583712972721834866e+00,1.715260999901602190e-08
1.583737619008702691e+00,1.714771613592347421e-08
1.583762261085840173e+00,1.714284003639932052e-08
1.583786898954685496e+00,1.713863717611729953e-08
1.583811532616675066e+00,1.713383213086672185e-08
1.583836162073245735e+00,1.712938768605454243e-08
1.583860787325833241e+00,1.712452224467142514e-08
1.583885408375872217e+00,1.711985930796799948e-08
1.583910025224796847e+00,1.711528874182022264e-08
1.583934637874040652e+00,1.711081587529861281e-08
1.583959246325036485e+00,1.710596642112705013e-08
1.583983850579216091e+00,1.710145625111181289e-08
1.584008450638010768e+00,1.709698516094704246e-08
1.584033046502851150e+00,1.709198471644413075e-08
1.584057638175166760e+00,1.708728269989023829e-08
1.584082225656386900e+00,1.708281693879598606e-08
1.584106808947939760e+00,1.707818064744515141e-08
1.584131388051252642e+00,1.707367403014359297e-08
1.584155962967753073e+00,1.706926333611136215e-08
1.584180533698866578e+00,1.706452756877752108e-08
1.584205100246018905e+00,1.706002805690332025e-08
1.584229662610634248e+00,1.705528696049896098e-08
1.584254220794137025e+00,1.705065422186180513e-08
1.584278774797950318e+00,1.704597352158998547e-08
1.584303324623496545e+00,1.704133723023915081e-08
1.584327870272197902e+00,1.703711127731821762e-08
1.584352411745474587e+00,1.703244478790111316e-08
1.584376949044747462e+00,1.702790086710592732e-08
1.584401482171435838e+00,1.702329832653504127e-08
1.584426011126958800e+00,1.701883434179762844e-08
1.584450535912734770e+00,1.701403462561756896e-08
1.584475056530180614e+00,1.700953689010020753e-08
1.584499572980712978e+00,1.700480467548004526e-08
1.584524085265748283e+00,1.700053786635180586e-08
1.584548593386701398e+00,1.699573459745806758e-08
1.584573097344987413e+00,1.699124752008174255e-08
1.584597597142019421e+00,1.698671070471391431e-08
1.584622092779210956e+00,1.698216500756188907e-08
1.584646584257974000e+00,1.697758555962991522e-08
1.584671071579720758e+00,1.697291729385597137e-08
1.584695554745861656e+00,1.696842488740912813e-08
1.584720033757807123e+00,1.696377793791725708e-08
1.584744508616966696e+00,1.695928730782725324e-08
1.584768979324749250e+00,1.695471141260895820e-08
1.584793445882562546e+00,1.695009821389703575e-08
1.584817908291813904e+00,1.694582962841195695e-08
1.584842366553910198e+00,1.694139406538397452e-08
1.584866820670257415e+00,1.693669737790060026e-08
1.584891270642260430e+00,1.693241102884712745e-08
1.584915716471323677e+00,1.692765216887437418e-08
1.584940158158851586e+00,1.692291640154053312e-08
1.584964595706246149e+00,1.691851281293565989e-08
1.584989029114910686e+00,1.691403284098669246e-08
1.585013458386246521e+00,1.690966300316176785e-08
1.585037883521654312e+00,1.690506934437507880e-08
1.585062304522534493e+00,1.690063022863341757e-08
1.585086721390286391e+00,1.689604545163092553e-08
1.585111134126308885e+00,1.689152817618833069e-08
1.585135542732000413e+00,1.688701445345941465e-08
1.585159947208757858e+00,1.688255579779252002e-08
1.585184347557977880e+00,1.687806161498883739e-08
1.585208743781056695e+00,1.687336848021914193e-08
1.585233135879389410e+00,1.686903239317416592e-08
1.585257523854370465e+00,1.686462347549877450e-08
1.585281907707393856e+00,1.686005823842151585e-08
1.585306287439852690e+00,1.685564399167560623e-08
1.585330663053139189e+00,1.685076078672409494e-08
1.585355034548645126e+00,1.684652772837580414e-08
1.585379401927761833e+00,1.684226447196124354e-08
1.585403765191879089e+00,1.683783779071745812e-08
1.585428124342386891e+00,1.683323880286025087e-08
1.585452479380673907e+00,1.682862027507781022e-08
1.585476830308128360e+00,1.682417405390879139e-08
1.585501177126137584e+00,1.681962302768624795e-08
1.585525519836088915e+00,1.681516259566251392e-08
1.585549858439367688e+00,1.681085670668380772e-08
1.585574192937359905e+00,1.680627725875183387e-08
1.585598523331449572e+00,1.680170491624721762e-08
1.585622849623021580e+00,1.679755712302721804e-08
1.585647171813458378e+00,1.679287109368488018e-08
1.585671489904142861e+00,1.678817973527202412e-08
1.585695803896457035e+00,1.678397154591948492e-08
1.585720113791782016e+00,1.677971894764596072e-08
1.585744419591498255e+00,1.677521943577175989e-08
1.585768721296985095e+00,1.677089045415414148e-08
1.585793018909622099e+00,1.676644778569880145e-08
1.585817312430787940e+00,1.676152017182630516e-08
1.585841601861859740e+00,1.675702598902262253e-08
1.585865887204214619e+00,1.675278760160381353e-08
1.585890168459229033e+00,1.674858118860811373e-08
1.585914445628278546e+00,1.674422023256738612e-08
1.585938718712738060e+00,1.673957505943235446e-08
1.585962987713981809e+00,1.673511462740862044e-08
1.585987252633383138e+00,1.673060801010706200e-08
1.586011513472314949e+00,1.672613159087177337e-08
1.586035770232149700e+00,1.672191274337819777e-08
1.586060022914258516e+00,1.671779337186762859e-08
1.586084271520012301e+00,1.671334182162809157e-08
1.586108516050780848e+00,1.670872862291616912e-08
1.586132756507933950e+00,1.670397686837077345e-08
1.586156992892839845e+00,1.669958393790693663e-08
1.586181225206866996e+00,1.669562621486875287e-08
1.586205453451382530e+00,1.669126348247118585e-08
1.586229677627752910e+00,1.668681015587480942e-08
1.586253897737344154e+00,1.668232663121216319e-08
1.586278113781521393e+00,1.667775606506438635e-08
1.586302325761649312e+00,1.667356741563708056e-08
1.586326533679091710e+00,1.666886895179686690e-08
1.586350737535212163e+00,1.666469984229479451e-08
1.586374937331372692e+00,1.666012927614701766e-08
1.586399133068935097e+00,1.665613780232888530e-08
1.586423324749260733e+00,1.665163118502732686e-08
1.586447512373709845e+00,1.664702864445644082e-08
1.586471695943642457e+00,1.664257354150322499e-08
1.586495875460417482e+00,1.663843995913794060e-08
1.586520050925393166e+00,1.663409499030876759e-08
1.586544222339927313e+00,1.662980153582793719e-08
1.586568389705377058e+00,1.662533044566316676e-08
1.586592553023098651e+00,1.662102988575497875e-08
1.586616712294447673e+00,1.661651971573974151e-08
1.586640867520779485e+00,1.661229198646196892e-08
1.586665018703447894e+00,1.660790260871181090e-08
1.586689165843806704e+00,1.660370152478662931e-08
1.586713308943208833e+00,1.659918424934403447e-08
1.586737448003006756e+00,1.659493875649786787e-08
1.586761583024551614e+00,1.659049431168568844e-08
1.586785714009194770e+00,1.658600190523884521e-08
1.586809840958286033e+00,1.658182391395257582e-08
1.586833963873175435e+00,1.657743098348873900e-08
1.586858082755211452e+00,1.657313042358055100e-08
1.586882197605742562e+00,1.656895598500796041e-08
1.586906308426115686e+00,1.656466963595448760e-08
1.586930415217678636e+00,1.656019854578971717e-08
1.586954517981776780e+00,1.655567238856292533e-08
1.586978616719755930e+00,1.655140735579152533e-08
1.587002711432960789e+00,1.654705172882131592e-08
1.587026802122735614e+00,1.654264103478908510e-08
1.587050888790423775e+00,1.653838488380188210e-08
1.587074971437368198e+00,1.653413050917151850e-08
1.587099050064910699e+00,1.652992054346213990e-08
1.587123124674393315e+00,1.652555070563721529e-08
1.587147195267156530e+00,1.652122172401959688e-08
1.587171261844540160e+00,1.651688918968829967e-08
1.587195324407884023e+00,1.651259395885062986e-08
1.587219382958526603e+00,1.650814773768161103e-08
1.587243437497806386e+00,1.650413850029508467e-08
1.587267488027060525e+00,1.649958036864518363e-08
