# n, training_loss
0.000000000000000000e+00,2.898160517215728760e-01
1.000333444481493750e+01,2.463274300098419189e-01
2.000666888962987500e+01,2.376570701599121094e-01
3.001000333444481072e+01,2.330765575170516968e-01
4.001333777925974999e+01,2.295807003974914551e-01
5.001667222407468927e+01,2.268874496221542358e-01
6.002000666888962144e+01,2.244059443473815918e-01
7.002334111370456071e+01,2.222357839345932007e-01
8.002667555851949999e+01,2.202392518520355225e-01
9.003001000333443926e+01,2.183827608823776245e-01
1.000333444481493785e+02,2.166510224342346191e-01
1.100366788929643178e+02,2.149963378906250000e-01
1.200400133377792429e+02,2.133910804986953735e-01
1.300433477825941964e+02,2.118430137634277344e-01
1.400466822274091214e+02,2.103464305400848389e-01
1.500500166722240749e+02,2.088890522718429565e-01
1.600533511170390000e+02,2.074639052152633667e-01
1.700566855618539250e+02,2.060638815164566040e-01
1.800600200066688785e+02,2.046886533498764038e-01
1.900633544514838036e+02,2.033309340476989746e-01
2.000666888962987571e+02,2.019927501678466797e-01
2.100700233411136821e+02,2.006680667400360107e-01
2.200733577859286356e+02,1.993542611598968506e-01
2.300766922307435607e+02,1.980580538511276245e-01
2.400800266755584857e+02,1.967772394418716431e-01
2.500833611203734392e+02,1.955042481422424316e-01
2.600866955651883927e+02,1.942467242479324341e-01
2.700900300100033178e+02,1.929989010095596313e-01
2.800933644548182428e+02,1.917643249034881592e-01
2.900966988996331679e+02,1.905385404825210571e-01
3.001000333444481498e+02,1.893232166767120361e-01
3.101033677892630749e+02,1.881149113178253174e-01
3.201067022340779999e+02,1.869169324636459351e-01
3.301100366788929250e+02,1.857293099164962769e-01
3.401133711237078501e+02,1.845500469207763672e-01
3.501167055685228320e+02,1.833803653717041016e-01
3.601200400133377570e+02,1.822170168161392212e-01
3.701233744581526821e+02,1.810610294342041016e-01
3.801267089029676072e+02,1.799125820398330688e-01
3.901300433477825891e+02,1.787701547145843506e-01
4.001333777925975141e+02,1.776354908943176270e-01
4.101367122374124392e+02,1.765087097883224487e-01
4.201400466822273643e+02,1.753882467746734619e-01
4.301433811270422893e+02,1.742748767137527466e-01
4.401467155718572712e+02,1.731679439544677734e-01
4.501500500166721963e+02,1.720677167177200317e-01
4.601533844614871214e+02,1.709746569395065308e-01
4.701567189063020464e+02,1.698887348175048828e-01
4.801600533511169715e+02,1.688081771135330200e-01
4.901633877959319534e+02,1.677331328392028809e-01
5.001667222407468785e+02,1.666644513607025146e-01
5.101700566855618035e+02,1.656009107828140259e-01
5.201733911303767854e+02,1.645433604717254639e-01
5.301767255751916537e+02,1.634926646947860718e-01
5.401800600200066356e+02,1.624467223882675171e-01
5.501833944648216175e+02,1.614062637090682983e-01
5.601867289096364857e+02,1.603717803955078125e-01
5.701900633544514676e+02,1.593439429998397827e-01
5.801933977992663358e+02,1.583216786384582520e-01
5.901967322440813177e+02,1.573053896427154541e-01
6.002000666888962996e+02,1.562960892915725708e-01
6.102034011337111679e+02,1.552931368350982666e-01
6.202067355785261498e+02,1.542953103780746460e-01
6.302100700233410180e+02,1.533028036355972290e-01
6.402134044681559999e+02,1.523148417472839355e-01
6.502167389129709818e+02,1.513327062129974365e-01
6.602200733577858500e+02,1.503550559282302856e-01
6.702234078026008319e+02,1.493833959102630615e-01
6.802267422474157001e+02,1.484170407056808472e-01
6.902300766922306821e+02,1.474551707506179810e-01
7.002334111370456640e+02,1.464995741844177246e-01
7.102367455818605322e+02,1.455500274896621704e-01
7.202400800266755141e+02,1.446057111024856567e-01
7.302434144714903823e+02,1.436663120985031128e-01
7.402467489163053642e+02,1.427319347858428955e-01
7.502500833611203461e+02,1.418018937110900879e-01
7.602534178059352143e+02,1.408764421939849854e-01
7.702567522507501963e+02,1.399560570716857910e-01
7.802600866955651782e+02,1.390406340360641479e-01
7.902634211403800464e+02,1.381298750638961792e-01
8.002667555851950283e+02,1.372240185737609863e-01
8.102700900300098965e+02,1.363227814435958862e-01
8.202734244748248784e+02,1.354270726442337036e-01
8.302767589196398603e+02,1.345347315073013306e-01
8.402800933644547285e+02,1.336498111486434937e-01
8.502834278092697105e+02,1.327695995569229126e-01
8.602867622540845787e+02,1.318941116333007812e-01
8.702900966988995606e+02,1.310340166091918945e-01
8.802934311437145425e+02,1.301675289869308472e-01
8.902967655885294107e+02,1.293139606714248657e-01
9.003001000333443926e+02,1.284737735986709595e-01
9.103034344781592608e+02,1.276302635669708252e-01
9.203067689229742427e+02,1.268132328987121582e-01
9.303101033677892246e+02,1.259800046682357788e-01
9.403134378126040929e+02,1.251556128263473511e-01
9.503167722574190748e+02,1.243573576211929321e-01
9.603201067022339430e+02,1.235449463129043579e-01
9.703234411470489249e+02,1.227441877126693726e-01
9.803267755918639068e+02,1.219691708683967590e-01
9.903301100366787750e+02,1.211708486080169678e-01
1.000333444481493757e+03,1.204002201557159424e-01
1.010336778926308739e+03,1.196335554122924805e-01
1.020340113371123607e+03,1.188609078526496887e-01
1.030343447815938589e+03,1.181249842047691345e-01
1.040346782260753571e+03,1.173588857054710388e-01
1.050350116705568325e+03,1.166145503520965576e-01
1.060353451150383307e+03,1.158934757113456726e-01
1.070356785595198289e+03,1.151432096958160400e-01
1.080360120040013271e+03,1.144413277506828308e-01
1.090363454484828253e+03,1.137168705463409424e-01
1.100366788929643235e+03,1.129935309290885925e-01
1.110370123374457989e+03,1.123164147138595581e-01
1.120373457819272971e+03,1.115959063172340393e-01
1.130376792264087953e+03,1.109141781926155090e-01
1.140380126708902935e+03,1.102390810847282410e-01
1.150383461153717917e+03,1.095407679677009583e-01
1.160386795598532672e+03,1.088949888944625854e-01
1.170390130043347654e+03,1.082061380147933960e-01
1.180393464488162635e+03,1.075568348169326782e-01
1.190396798932977617e+03,1.069071516394615173e-01
1.200400133377792599e+03,1.062359437346458435e-01
1.210403467822607354e+03,1.056253984570503235e-01
1.220406802267422336e+03,1.049568578600883484e-01
1.230410136712237318e+03,1.043300479650497437e-01
1.240413471157052300e+03,1.037138924002647400e-01
1.250416805601867281e+03,1.030685752630233765e-01
1.260420140046682036e+03,1.024843752384185791e-01
1.270423474491497018e+03,1.018428578972816467e-01
1.280426808936312000e+03,1.012497022747993469e-01
1.290430143381126982e+03,1.006483584642410278e-01
1.300433477825941964e+03,1.000347509980201721e-01
1.310436812270756718e+03,9.947299212217330933e-02
1.320440146715571700e+03,9.885350614786148071e-02
1.330443481160386682e+03,9.830623865127563477e-02
1.340446815605201664e+03,9.770359098911285400e-02
1.350450150050016646e+03,9.712320566177368164e-02
1.360453484494831400e+03,9.657891839742660522e-02
1.370456818939646382e+03,9.598234295845031738e-02
1.380460153384461364e+03,9.545845538377761841e-02
1.390463487829276346e+03,9.487253427505493164e-02
1.400466822274091328e+03,9.433174133300781250e-02
1.410470156718906082e+03,9.378740191459655762e-02
1.420473491163721064e+03,9.322831779718399048e-02
1.430476825608536046e+03,9.271881729364395142e-02
1.440480160053351028e+03,9.215087443590164185e-02
1.450483494498166010e+03,9.166409820318222046e-02
1.460486828942980765e+03,9.110000729560852051e-02
1.470490163387795747e+03,9.059177339076995850e-02
1.480493497832610728e+03,9.006806463003158569e-02
1.490496832277425710e+03,8.955085277557373047e-02
1.500500166722240692e+03,8.905962854623794556e-02
1.510503501167055674e+03,8.852276206016540527e-02
1.520506835611870429e+03,8.806077390909194946e-02
1.530510170056685411e+03,8.752047270536422729e-02
1.540513504501500393e+03,8.705968409776687622e-02
1.550516838946315374e+03,8.653719723224639893e-02
1.560520173391130356e+03,8.607123792171478271e-02
1.570523507835945111e+03,8.557301014661788940e-02
1.580526842280760093e+03,8.508703112602233887e-02
1.590530176725575075e+03,8.462819457054138184e-02
1.600533511170390057e+03,8.412703871726989746e-02
1.610536845615205038e+03,8.369074761867523193e-02
1.620540180060019793e+03,8.318711072206497192e-02
1.630543514504834775e+03,8.276160061359405518e-02
1.640546848949649757e+03,8.226231485605239868e-02
1.650550183394464739e+03,8.184731006622314453e-02
1.660553517839279721e+03,8.135399222373962402e-02
1.670556852284094475e+03,8.092340081930160522e-02
1.680560186728909457e+03,8.045931905508041382e-02
1.690563521173724439e+03,8.002303540706634521e-02
1.700566855618539421e+03,7.958843559026718140e-02
1.710570190063354403e+03,7.912395149469375610e-02
1.720573524508169157e+03,7.872195541858673096e-02
1.730576858952984139e+03,7.825256139039993286e-02
1.740580193397799121e+03,7.786177098751068115e-02
1.750583527842614103e+03,7.739488035440444946e-02
1.760586862287429085e+03,7.702019065618515015e-02
1.770590196732243840e+03,7.655136287212371826e-02
1.780593531177058821e+03,7.615966349840164185e-02
1.790596865621873803e+03,7.572176307439804077e-02
1.800600200066688785e+03,7.532744109630584717e-02
1.810603534511503767e+03,7.490447163581848145e-02
1.820606868956318522e+03,7.449817657470703125e-02
1.830610203401133504e+03,7.409942150115966797e-02
1.840613537845948485e+03,7.368267327547073364e-02
1.850616872290763467e+03,7.330911606550216675e-02
1.860620206735578449e+03,7.288078218698501587e-02
1.870623541180393204e+03,7.252628356218338013e-02
1.880626875625208186e+03,7.209414243698120117e-02
1.890630210070023168e+03,7.174692302942276001e-02
1.900633544514838150e+03,7.131920009851455688e-02
1.910636878959653131e+03,7.098279893398284912e-02
1.920640213404467886e+03,7.055456936359405518e-02
1.930643547849282868e+03,7.021994143724441528e-02
1.940646882294097850e+03,6.980016827583312988e-02
1.950650216738912832e+03,6.947128474712371826e-02
1.960653551183727814e+03,6.905635446310043335e-02
1.970656885628542796e+03,6.872567534446716309e-02
1.980660220073357550e+03,6.832256168127059937e-02
1.990663554518172532e+03,6.799026578664779663e-02
2.000666888962987514e+03,6.759823858737945557e-02
2.010670223407802496e+03,6.726405024528503418e-02
2.020673557852617478e+03,6.688255071640014648e-02
2.030676892297432232e+03,6.655152142047882080e-02
2.040680226742247214e+03,6.617453694343566895e-02
2.050683561187061969e+03,6.585098803043365479e-02
2.060686895631877178e+03,6.547749042510986328e-02
2.070690230076691932e+03,6.514820456504821777e-02
2.080693564521507142e+03,6.478614360094070435e-02
2.090696898966321896e+03,6.447103619575500488e-02
2.100700233411136651e+03,6.410207599401473999e-02
2.110703567855951860e+03,6.380080431699752808e-02
2.120706902300766615e+03,6.342958658933639526e-02
2.130710236745581824e+03,6.312998384237289429e-02
2.140713571190396578e+03,6.276521831750869751e-02
2.150716905635211788e+03,6.246570870280265808e-02
2.160720240080026542e+03,6.210811436176300049e-02
2.170723574524841297e+03,6.181836873292922974e-02
2.180726908969656506e+03,6.145867705345153809e-02
2.190730243414471261e+03,6.117295473814010620e-02
2.200733577859286470e+03,6.081772223114967346e-02
2.210736912304101224e+03,6.053968518972396851e-02
2.220740246748915979e+03,6.018389761447906494e-02
2.230743581193731188e+03,5.991240590810775757e-02
2.240746915638545943e+03,5.955822765827178955e-02
2.250750250083361152e+03,5.928997695446014404e-02
2.260753584528175907e+03,5.894008651375770569e-02
2.270756918972990661e+03,5.867719650268554688e-02
2.280760253417805870e+03,5.832930281758308411e-02
2.290763587862620625e+03,5.806992202997207642e-02
2.300766922307435834e+03,5.772570520639419556e-02
2.310770256752250589e+03,5.747055634856224060e-02
2.320773591197065343e+03,5.712904036045074463e-02
2.330776925641880553e+03,5.687353387475013733e-02
2.340780260086695307e+03,5.653941631317138672e-02
2.350783594531510516e+03,5.628265812993049622e-02
2.360786928976325271e+03,5.595774948596954346e-02
2.370790263421140025e+03,5.569538474082946777e-02
2.380793597865955235e+03,5.538552254438400269e-02
2.390796932310769989e+03,5.511913821101188660e-02
2.400800266755585199e+03,5.481676012277603149e-02
2.410803601200399953e+03,5.454304814338684082e-02
2.420806935645214708e+03,5.426325649023056030e-02
2.430810270090029917e+03,5.398378893733024597e-02
2.440813604534844671e+03,5.370412394404411316e-02
2.450816938979659881e+03,5.342068895697593689e-02
2.460820273424474635e+03,5.317642167210578918e-02
2.470823607869289390e+03,5.287379026412963867e-02
2.480826942314104599e+03,5.262305960059165955e-02
2.490830276758919354e+03,5.232990533113479614e-02
2.500833611203734563e+03,5.210178717970848083e-02
2.510836945648549317e+03,5.179424956440925598e-02
2.520840280093364072e+03,5.156876519322395325e-02
2.530843614538179281e+03,5.126531794667243958e-02
2.540846948982994036e+03,5.104573071002960205e-02
2.550850283427809245e+03,5.074284598231315613e-02
2.560853617872624000e+03,5.052439868450164795e-02
2.570856952317438754e+03,5.022776871919631958e-02
2.580860286762253963e+03,5.000479519367218018e-02
2.590863621207068718e+03,4.971931874752044678e-02
2.600866955651883927e+03,4.949055984616279602e-02
2.610870290096698682e+03,4.921841993927955627e-02
2.620873624541513436e+03,4.898016527295112610e-02
2.630876958986328646e+03,4.872835054993629456e-02
2.640880293431143400e+03,4.847772046923637390e-02
2.650883627875958609e+03,4.824544116854667664e-02
2.660886962320773364e+03,4.797962680459022522e-02
2.670890296765588118e+03,4.777831211686134338e-02
2.680893631210403328e+03,4.749400913715362549e-02
2.690896965655218082e+03,4.728864133358001709e-02
2.700900300100033292e+03,4.701309651136398315e-02
2.710903634544848046e+03,4.681959375739097595e-02
2.720906968989662801e+03,4.653883725404739380e-02
2.730910303434478010e+03,4.634134843945503235e-02
2.740913637879292764e+03,4.607070237398147583e-02
2.750916972324107974e+03,4.586658626794815063e-02
2.760920306768922728e+03,4.561059549450874329e-02
2.770923641213737483e+03,4.539663344621658325e-02
2.780926975658552692e+03,4.515705630183219910e-02
2.790930310103367447e+03,4.493179544806480408e-02
2.800933644548182656e+03,4.471451416611671448e-02
2.810936978992997410e+03,4.447558149695396423e-02
2.820940313437812165e+03,4.427704587578773499e-02
2.830943647882627374e+03,4.402629286050796509e-02
2.840946982327442129e+03,4.384314268827438354e-02
2.850950316772257338e+03,4.358350858092308044e-02
2.860953651217072093e+03,4.340556263923645020e-02
2.870956985661886847e+03,4.314706474542617798e-02
2.880960320106702056e+03,4.296332970261573792e-02
2.890963654551516811e+03,4.271808639168739319e-02
2.900966988996332020e+03,4.252471774816513062e-02
2.910970323441146775e+03,4.229465126991271973e-02
2.920973657885961529e+03,4.209164902567863464e-02
2.930976992330776739e+03,4.188240692019462585e-02
2.940980326775591493e+03,4.166383668780326843e-02
2.950983661220406702e+03,4.147658124566078186e-02
2.960986995665221457e+03,4.124388471245765686e-02
2.970990330110036211e+03,4.107853770256042480e-02
2.980993664554851421e+03,4.083176329731941223e-02
2.990996998999666175e+03,4.066802933812141418e-02
3.001000333444481385e+03,4.042480885982513428e-02
3.011003667889296139e+03,4.026022553443908691e-02
3.021007002334111348e+03,4.002375900745391846e-02
3.031010336778926103e+03,3.984853997826576233e-02
3.041013671223740857e+03,3.963058814406394958e-02
3.051017005668556067e+03,3.943432494997978210e-02
3.061020340113370821e+03,3.925861045718193054e-02
3.071023674558186030e+03,3.903964906930923462e-02
3.081027009003000785e+03,3.887513652443885803e-02
3.091030343447815540e+03,3.864945471286773682e-02
3.101033677892630749e+03,3.849858418107032776e-02
3.111037012337445503e+03,3.826640173792839050e-02
3.121040346782260713e+03,3.810269013047218323e-02
3.131043681227075467e+03,3.789193555712699890e-02
3.141047015671890222e+03,3.771262243390083313e-02
3.151050350116705431e+03,3.752597421407699585e-02
3.161053684561520186e+03,3.733010217547416687e-02
3.171057019006335395e+03,3.717556595802307129e-02
3.181060353451150149e+03,3.695854172110557556e-02
3.191063687895964904e+03,3.681208938360214233e-02
3.201067022340780113e+03,3.659265115857124329e-02
3.211070356785594868e+03,3.643758594989776611e-02
3.221073691230410077e+03,3.623527288436889648e-02
3.231077025675224832e+03,3.607021272182464600e-02
3.241080360120039586e+03,3.588106855750083923e-02
3.251083694564854795e+03,3.570017591118812561e-02
3.261087029009669550e+03,3.555173799395561218e-02
3.271090363454484759e+03,3.534743189811706543e-02
3.281093697899299514e+03,3.519720956683158875e-02
3.291097032344114268e+03,3.499641269445419312e-02
3.301100366788929477e+03,3.486244380474090576e-02
3.311103701233744232e+03,3.465089574456214905e-02
3.321107035678559441e+03,3.451047837734222412e-02
3.331110370123374196e+03,3.431164473295211792e-02
3.341113704568188950e+03,3.415951505303382874e-02
3.351117039013004160e+03,3.397959470748901367e-02
3.361120373457818914e+03,3.380856662988662720e-02
3.371123707902634123e+03,3.366957232356071472e-02
3.381127042347448878e+03,3.347289189696311951e-02
3.391130376792263633e+03,3.334405645728111267e-02
3.401133711237078842e+03,3.314290195703506470e-02
3.411137045681893596e+03,3.300989419221878052e-02
3.421140380126708806e+03,3.281950950622558594e-02
3.431143714571523560e+03,3.267173841595649719e-02
3.441147049016338315e+03,3.250443562865257263e-02
3.451150383461153524e+03,3.233936801552772522e-02
3.461153717905968279e+03,3.220467641949653625e-02
3.471157052350783488e+03,3.201848641037940979e-02
3.481160386795598242e+03,3.190088272094726562e-02
3.491163721240412997e+03,3.170399740338325500e-02
3.501167055685228206e+03,3.158138692378997803e-02
3.511170390130042961e+03,3.139455616474151611e-02
3.521173724574858170e+03,3.125140815973281860e-02
3.531177059019672924e+03,3.109791129827499390e-02
3.541180393464487679e+03,3.093883022665977478e-02
3.551183727909302888e+03,3.080321289598941803e-02
3.561187062354117643e+03,3.063275292515754700e-02
3.571190396798932852e+03,3.051246888935565948e-02
3.581193731243747607e+03,3.033115528523921967e-02
3.591197065688562361e+03,3.021929599344730377e-02
3.601200400133377570e+03,3.003468550741672516e-02
3.611203734578192325e+03,2.990304492413997650e-02
3.621207069023007534e+03,2.974991314113140106e-02
3.631210403467822289e+03,2.959715202450752258e-02
3.641213737912637043e+03,2.948493324220180511e-02
3.651217072357452253e+03,2.930662222206592560e-02
3.661220406802267007e+03,2.919883280992507935e-02
3.671223741247082216e+03,2.902020886540412903e-02
3.681227075691896971e+03,2.889959327876567841e-02
3.691230410136711725e+03,2.874095924198627472e-02
3.701233744581526935e+03,2.861248143017292023e-02
3.711237079026341689e+03,2.846351824700832367e-02
3.721240413471156899e+03,2.832171507179737091e-02
3.731243747915971653e+03,2.820650860667228699e-02
3.741247082360786408e+03,2.804221957921981812e-02
3.751250416805601617e+03,2.793984860181808472e-02
3.761253751250416371e+03,2.776967175304889679e-02
3.771257085695231581e+03,2.765190415084362030e-02
3.781260420140046335e+03,2.750382013618946075e-02
3.791263754584861090e+03,2.736981771886348724e-02
3.801267089029676299e+03,2.725168317556381226e-02
3.811270423474491054e+03,2.709824219346046448e-02
3.821273757919306263e+03,2.700240723788738251e-02
3.831277092364121017e+03,2.683432027697563171e-02
3.841280426808935772e+03,2.672652527689933777e-02
3.851283761253750981e+03,2.657640911638736725e-02
3.861287095698565736e+03,2.644605003297328949e-02
3.871290430143380945e+03,2.634546719491481781e-02
3.881293764588195700e+03,2.618790790438652039e-02
3.891297099033010909e+03,2.608830481767654419e-02
3.901300433477825663e+03,2.593194507062435150e-02
3.911303767922640418e+03,2.583591267466545105e-02
3.921307102367455627e+03,2.568120695650577545e-02
3.931310436812270382e+03,2.556221187114715576e-02
3.941313771257085591e+03,2.544703893363475800e-02
3.951317105701900346e+03,2.530732564628124237e-02
3.961320440146715100e+03,2.522110566496849060e-02
3.971323774591530309e+03,2.506106160581111908e-02
3.981327109036345064e+03,2.496426552534103394e-02
3.991330443481160273e+03,2.481973543763160706e-02
4.001333777925975028e+03,2.470945753157138824e-02
4.011337112370789782e+03,2.458564192056655884e-02
4.021340446815604992e+03,2.445795200765132904e-02
4.031343781260419746e+03,2.437820099294185638e-02
4.041347115705234955e+03,2.422043681144714355e-02
4.051350450150049710e+03,2.413353323936462402e-02
4.061353784594864464e+03,2.398568391799926758e-02
4.071357119039679674e+03,2.387769706547260284e-02
4.081360453484494428e+03,2.376494929194450378e-02
4.091363787929309638e+03,2.364067547023296356e-02
4.101367122374123937e+03,2.354533039033412933e-02
4.111370456818939601e+03,2.340894006192684174e-02
4.121373791263754356e+03,2.332674898207187653e-02
4.131377125708569110e+03,2.318198792636394501e-02
4.141380460153383865e+03,2.308055758476257324e-02
4.151383794598198619e+03,2.296517603099346161e-02
4.161387129043014284e+03,2.284886687994003296e-02
4.171390463487829038e+03,2.275630645453929901e-02
4.181393797932643793e+03,2.262439578771591187e-02
4.191397132377458547e+03,2.254557795822620392e-02
4.201400466822273302e+03,2.240588702261447906e-02
4.211403801267088966e+03,2.230682037770748138e-02
4.221407135711903720e+03,2.219740301370620728e-02
4.231410470156718475e+03,2.208301238715648651e-02
4.241413804601533229e+03,2.199793420732021332e-02
4.251417139046347984e+03,2.186680771410465240e-02
4.261420473491163648e+03,2.178552374243736267e-02
4.271423807935978402e+03,2.165672369301319122e-02
4.281427142380793157e+03,2.156529575586318970e-02
4.291430476825607911e+03,2.145037800073623657e-02
4.301433811270423575e+03,2.134352736175060272e-02
4.311437145715238330e+03,2.126600965857505798e-02
4.321440480160053085e+03,2.113539911806583405e-02
4.331443814604867839e+03,2.105833962559700012e-02
4.341447149049682594e+03,2.093240432441234589e-02
4.351450483494498258e+03,2.083150856196880341e-02
4.361453817939313012e+03,2.075438573956489563e-02
4.371457152384127767e+03,2.062885276973247528e-02
4.381460486828942521e+03,2.055698446929454803e-02
4.391463821273757276e+03,2.042905613780021667e-02
4.401467155718572940e+03,2.033342979848384857e-02
4.411470490163387694e+03,2.025136910378932953e-02
4.421473824608202449e+03,2.013596147298812866e-02
4.431477159053017203e+03,2.005713060498237610e-02
4.441480493497831958e+03,1.993925496935844421e-02
4.451483827942647622e+03,1.984630152583122253e-02
4.461487162387462377e+03,1.976403594017028809e-02
4.471490496832277131e+03,1.965787634253501892e-02
4.481493831277091886e+03,1.956623606383800507e-02
4.491497165721906640e+03,1.946267299354076385e-02
4.501500500166722304e+03,1.939809136092662811e-02
4.511503834611537059e+03,1.927448622882366180e-02
4.521507169056351813e+03,1.919482648372650146e-02
4.531510503501166568e+03,1.909342966973781586e-02
4.541513837945981322e+03,1.899926178157329559e-02
4.551517172390796986e+03,1.892481371760368347e-02
4.561520506835611741e+03,1.881385780870914459e-02
4.571523841280426495e+03,1.875004917383193970e-02
4.581527175725241250e+03,1.863308995962142944e-02
4.591530510170056004e+03,1.854221336543560028e-02
4.601533844614871668e+03,1.847315207123756409e-02
4.611537179059686423e+03,1.836480759084224701e-02
4.621540513504501178e+03,1.830315589904785156e-02
4.631543847949315932e+03,1.818712800741195679e-02
4.641547182394130687e+03,1.810669898986816406e-02
4.651550516838946351e+03,1.802080310881137848e-02
4.661553851283761105e+03,1.792722009122371674e-02
4.671557185728575860e+03,1.785961166024208069e-02
4.681560520173390614e+03,1.775292865931987762e-02
4.691563854618205369e+03,1.768394187092781067e-02
4.701567189063021033e+03,1.758536137640476227e-02
4.711570523507835787e+03,1.749989576637744904e-02
4.721573857952650542e+03,1.743295788764953613e-02
4.731577192397465296e+03,1.732946187257766724e-02
4.741580526842280051e+03,1.725338958203792572e-02
4.751583861287095715e+03,1.717018149793148041e-02
4.761587195731910469e+03,1.708761602640151978e-02
4.771590530176725224e+03,1.700582914054393768e-02
4.781593864621539979e+03,1.691621355712413788e-02
4.791597199066354733e+03,1.685137301683425903e-02
4.801600533511170397e+03,1.675580441951751709e-02
4.811603867955985152e+03,1.668955944478511810e-02
4.821607202400799906e+03,1.659538596868515015e-02
4.831610536845614661e+03,1.651331782341003418e-02
4.841613871290429415e+03,1.646656543016433716e-02
4.851617205735245079e+03,1.635492593050003052e-02
4.861620540180059834e+03,1.630000025033950806e-02
4.871623874624874588e+03,1.619857735931873322e-02
4.881627209069689343e+03,1.612390764057636261e-02
4.891630543514504097e+03,1.605726033449172974e-02
4.901633877959319761e+03,1.596618816256523132e-02
4.911637212404134516e+03,1.591624692082405090e-02
4.921640546848949270e+03,1.581286825239658356e-02
4.931643881293764025e+03,1.575506851077079773e-02
4.941647215738578780e+03,1.566332578659057617e-02
4.951650550183394444e+03,1.558648049831390381e-02
4.961653884628209198e+03,1.554184406995773315e-02
4.971657219073023953e+03,1.543676760047674179e-02
4.981660553517838707e+03,1.538407523185014725e-02
4.991663887962653462e+03,1.529001258313655853e-02
5.001667222407469126e+03,1.521533168852329254e-02
5.011670556852283880e+03,1.514537632465362549e-02
5.021673891297098635e+03,1.508139725774526596e-02
5.031677225741913389e+03,1.501317229121923447e-02
5.041680560186728144e+03,1.492693182080984116e-02
5.051683894631543808e+03,1.485752873122692108e-02
5.061687229076358562e+03,1.479524001479148865e-02
5.071690563521173317e+03,1.471195928752422333e-02
5.081693897965988072e+03,1.466219406574964523e-02
5.091697232410802826e+03,1.457211561501026154e-02
5.101700566855618490e+03,1.450142823159694672e-02
5.111703901300433245e+03,1.446244120597839355e-02
5.121707235745247999e+03,1.436252240091562271e-02
5.131710570190062754e+03,1.431643217802047729e-02
5.141713904634877508e+03,1.422580052167177200e-02
5.151717239079693172e+03,1.415677461773157120e-02
5.161720573524507927e+03,1.411409303545951843e-02
5.171723907969322681e+03,1.402178965508937836e-02
5.181727242414137436e+03,1.397583540529012680e-02
5.191730576858952190e+03,1.388815231621265411e-02
5.201733911303767854e+03,1.382134947925806046e-02
5.211737245748582609e+03,1.378197874873876572e-02
5.221740580193397363e+03,1.368887629359960556e-02
5.231743914638212118e+03,1.364354509860277176e-02
5.241747249083026873e+03,1.355885900557041168e-02
5.251750583527842537e+03,1.349302660673856735e-02
5.261753917972657291e+03,1.345869898796081543e-02
5.271757252417472046e+03,1.336403936147689819e-02
5.281760586862286800e+03,1.332275010645389557e-02
5.291763921307101555e+03,1.323662884533405304e-02
5.301767255751917219e+03,1.317298505455255508e-02
5.311770590196731973e+03,1.313910633325576782e-02
5.321773924641546728e+03,1.304703485220670700e-02
5.331777259086361482e+03,1.300625689327716827e-02
5.341780593531176237e+03,1.292291842401027679e-02
5.351783927975991901e+03,1.286704186350107193e-02
5.361787262420806655e+03,1.280618552118539810e-02
5.371790596865621410e+03,1.273861341178417206e-02
5.381793931310436164e+03,1.269759330898523331e-02
5.391797265755250919e+03,1.261644996702671051e-02
5.401800600200066583e+03,1.256324164569377899e-02
5.411803934644881338e+03,1.250159274786710739e-02
5.421807269089696092e+03,1.243688352406024933e-02
5.431810603534510847e+03,1.239691860973834991e-02
5.441813937979325601e+03,1.231716573238372803e-02
5.451817272424141265e+03,1.226462330669164658e-02
5.461820606868956020e+03,1.220555044710636139e-02
5.471823941313770774e+03,1.214142423123121262e-02
5.481827275758585529e+03,1.210471801459789276e-02
5.491830610203400283e+03,1.202539447695016861e-02
5.501833944648215947e+03,1.196774095296859741e-02
5.511837279093030702e+03,1.193879637867212296e-02
5.521840613537845456e+03,1.185342296957969666e-02
5.531843947982660211e+03,1.181762479245662689e-02
5.541847282427474966e+03,1.174072362482547760e-02
5.551850616872290630e+03,1.168394368141889572e-02
5.561853951317105384e+03,1.165485754609107971e-02
5.571857285761920139e+03,1.157257054001092911e-02
5.581860620206734893e+03,1.153705269098281860e-02
5.591863954651549648e+03,1.146262139081954956e-02
5.601867289096365312e+03,1.141019258648157120e-02
5.611870623541180066e+03,1.136311329901218414e-02
5.621873957985994821e+03,1.129853446036577225e-02
5.631877292430809575e+03,1.124500390142202377e-02
5.641880626875624330e+03,1.121209561824798584e-02
5.651883961320439994e+03,1.114094443619251251e-02
5.661887295765254748e+03,1.109065394848585129e-02
5.671890630210069503e+03,1.103103160858154297e-02
5.681893964654884257e+03,1.097951456904411316e-02
5.691897299099699012e+03,1.093996409326791763e-02
5.701900633544514676e+03,1.087705045938491821e-02
5.711903967989329431e+03,1.082847453653812408e-02
5.721907302434144185e+03,1.077003031969070435e-02
5.731910636878958940e+03,1.073486451059579849e-02
5.741913971323773694e+03,1.066829916089773178e-02
5.751917305768589358e+03,1.061792857944965363e-02
5.761920640213404113e+03,1.057845447212457657e-02
5.771923974658218867e+03,1.051529776304960251e-02
5.781927309103033622e+03,1.048326957970857620e-02
5.791930643547848376e+03,1.041542273014783859e-02
5.801933977992664040e+03,1.036679744720458984e-02
5.811937312437478795e+03,1.032838318496942520e-02
5.821940646882293549e+03,1.026641018688678741e-02
5.831943981327108304e+03,1.023333240300416946e-02
5.841947315771923058e+03,1.016940455883741379e-02
5.851950650216738723e+03,1.012127473950386047e-02
5.861953984661553477e+03,1.008544396609067917e-02
5.871957319106368232e+03,1.002333592623472214e-02
5.881960653551182986e+03,9.991656057536602020e-03
5.891963987995997741e+03,9.928334504365921021e-03
5.901967322440813405e+03,9.883384220302104950e-03
5.911970656885628159e+03,9.841024875640869141e-03
5.921973991330442914e+03,9.786237962543964386e-03
5.931977325775257668e+03,9.755796752870082855e-03
5.941980660220072423e+03,9.693737141788005829e-03
5.951983994664888087e+03,9.646595455706119537e-03
5.961987329109702841e+03,9.619741700589656830e-03
5.971990663554517596e+03,9.554978460073471069e-03
5.981993997999332350e+03,9.511401876807212830e-03
5.991997332444148014e+03,9.472127072513103485e-03
6.002000666888962769e+03,9.418477304279804230e-03
6.012004001333777524e+03,9.386552497744560242e-03
6.022007335778592278e+03,9.330008178949356079e-03
6.032010670223407033e+03,9.286247193813323975e-03
6.042014004668222697e+03,9.250100702047348022e-03
6.052017339113037451e+03,9.195720776915550232e-03
6.062020673557852206e+03,9.163040667772293091e-03
6.072024008002666960e+03,9.109533391892910004e-03
6.082027342447481715e+03,9.064405225217342377e-03
6.092030676892297379e+03,9.043567813932895660e-03
6.102034011337112133e+03,8.978207595646381378e-03
6.112037345781926888e+03,8.951162919402122498e-03
6.122040680226741642e+03,8.893233723938465118e-03
6.132044014671556397e+03,8.857229724526405334e-03
6.142047349116372061e+03,8.811174891889095306e-03
6.152050683561186815e+03,8.766993880271911621e-03
6.162054018006001570e+03,8.737735450267791748e-03
6.172057352450816325e+03,8.682903833687305450e-03
6.182060686895631079e+03,8.653563447296619415e-03
6.192064021340446743e+03,8.601115085184574127e-03
6.202067355785261498e+03,8.562114089727401733e-03
6.212070690230076252e+03,8.525524288415908813e-03
6.222074024674891007e+03,8.477667346596717834e-03
6.232077359119705761e+03,8.451371453702449799e-03
6.242080693564521425e+03,8.397373370826244354e-03
6.252084028009336180e+03,8.360500447452068329e-03
6.262087362454150934e+03,8.322290144860744476e-03
6.272090696898965689e+03,8.277381770312786102e-03
6.282094031343780443e+03,8.253363892436027527e-03
6.292097365788596107e+03,8.198447525501251221e-03
6.302100700233410862e+03,8.159148506820201874e-03
6.312104034678225617e+03,8.139900863170623779e-03
6.322107369123040371e+03,8.081420324742794037e-03
6.332110703567855126e+03,8.056596852838993073e-03
6.342114038012670790e+03,8.005001582205295563e-03
6.352117372457485544e+03,7.967036217451095581e-03
6.362120706902300299e+03,7.941330783069133759e-03
6.372124041347115053e+03,7.890583947300910950e-03
6.382127375791929808e+03,7.864547893404960632e-03
6.392130710236745472e+03,7.816302590072154999e-03
6.402134044681560226e+03,7.781034801155328751e-03
6.412137379126374981e+03,7.747618481516838074e-03
6.422140713571189735e+03,7.704767398536205292e-03
6.432144048016004490e+03,7.680172566324472427e-03
6.442147382460820154e+03,7.630959153175354004e-03
6.452150716905634908e+03,7.596134208142757416e-03
6.462154051350449663e+03,7.566802203655242920e-03
6.472157385795264418e+03,7.522373925894498825e-03
6.482160720240079172e+03,7.500161416828632355e-03
6.492164054684894836e+03,7.450765930116176605e-03
6.502167389129709591e+03,7.416496053338050842e-03
6.512170723574524345e+03,7.388523779809474945e-03
6.522174058019339100e+03,7.344315759837627411e-03
6.532177392464153854e+03,7.309515029191970825e-03
6.542180726908969518e+03,7.290852721780538559e-03
6.552184061353784273e+03,7.239948958158493042e-03
6.562187395798599027e+03,7.218196056783199310e-03
6.572190730243413782e+03,7.170739583671092987e-03
6.582194064688228536e+03,7.137593813240528107e-03
6.592197399133044200e+03,7.111790124326944351e-03
6.602200733577858955e+03,7.068519946187734604e-03
6.612204068022673709e+03,7.041319739073514938e-03
6.622207402467488464e+03,7.002711296081542969e-03
6.632210736912303219e+03,6.972931325435638428e-03
6.642214071357118883e+03,6.937071215361356735e-03
6.652217405801933637e+03,6.901505868881940842e-03
6.662220740246748392e+03,6.871853489428758621e-03
6.672224074691563146e+03,6.839143112301826477e-03
6.682227409136377901e+03,6.806698627769947052e-03
6.692230743581193565e+03,6.774024106562137604e-03
6.702234078026008319e+03,6.738469470292329788e-03
6.712237412470823074e+03,6.719158031046390533e-03
6.722240746915637828e+03,6.674572359770536423e-03
6.732244081360452583e+03,6.646894849836826324e-03
6.742247415805268247e+03,6.613479461520910263e-03
6.752250750250083001e+03,6.579304113984107971e-03
6.762254084694897756e+03,6.561121903359889984e-03
6.772257419139712511e+03,6.516897585242986679e-03
6.782260753584527265e+03,6.486846599727869034e-03
6.792264088029342929e+03,6.461679469794034958e-03
6.802267422474157684e+03,6.423773244023323059e-03
6.812270756918972438e+03,6.405232008546590805e-03
6.822274091363787193e+03,6.362990941852331161e-03
6.832277425808601947e+03,6.333463359624147415e-03
6.842280760253417611e+03,6.310203578323125839e-03
6.852284094698232366e+03,6.272163707762956619e-03
6.862287429143047120e+03,6.253078114241361618e-03
6.872290763587861875e+03,6.212849169969558716e-03
6.882294098032676629e+03,6.186007987707853317e-03
6.892297432477492293e+03,6.156576797366142273e-03
6.902300766922307048e+03,6.123866885900497437e-03
6.912304101367121802e+03,6.105562206357717514e-03
6.922307435811936557e+03,6.066164933145046234e-03
6.932310770256751312e+03,6.040298379957675934e-03
6.942314104701566976e+03,6.011375226080417633e-03
6.952317439146381730e+03,5.980547517538070679e-03
6.962320773591196485e+03,5.958030000329017639e-03
6.972324108036011239e+03,5.922660697251558304e-03
6.982327442480825994e+03,5.903077311813831329e-03
6.992330776925641658e+03,5.866918247193098068e-03
7.002334111370456412e+03,5.842894781380891800e-03
7.012337445815271167e+03,5.812495946884155273e-03
7.022340780260085921e+03,5.783253349363803864e-03
7.032344114704900676e+03,5.763424094766378403e-03
7.042347449149716340e+03,5.727779120206832886e-03
7.052350783594531094e+03,5.707325413823127747e-03
7.062354118039345849e+03,5.674003623425960541e-03
7.072357452484160603e+03,5.646995268762111664e-03
7.082360786928975358e+03,5.626013502478599548e-03
7.092364121373791022e+03,5.592043045908212662e-03
7.102367455818605777e+03,5.573336500674486160e-03
7.112370790263420531e+03,5.539495032280683517e-03
7.122374124708235286e+03,5.513397976756095886e-03
7.132377459153050040e+03,5.493036936968564987e-03
7.142380793597865704e+03,5.460436921566724777e-03
7.152384128042680459e+03,5.442379508167505264e-03
7.162387462487495213e+03,5.408388562500476837e-03
7.172390796932309968e+03,5.387323442846536636e-03
7.182394131377124722e+03,5.358049646019935608e-03
7.192397465821940386e+03,5.332268308848142624e-03
7.202400800266755141e+03,5.311674438416957855e-03
7.212404134711569895e+03,5.280265584588050842e-03
7.222407469156384650e+03,5.262115970253944397e-03
7.232410803601199405e+03,5.230906885117292404e-03
7.242414138046015069e+03,5.208646412938833237e-03
7.252417472490829823e+03,5.183047149330377579e-03
7.262420806935644578e+03,5.156255792826414108e-03
7.272424141380459332e+03,5.137938074767589569e-03
7.282427475825274087e+03,5.106911528855562210e-03
7.292430810270089751e+03,5.087343044579029083e-03
7.302434144714904505e+03,5.059335380792617798e-03
7.312437479159719260e+03,5.035400856286287308e-03
7.322440813604534014e+03,5.014694295823574066e-03
7.332444148049348769e+03,4.986084531992673874e-03
7.342447482494164433e+03,4.967845045030117035e-03
7.352450816938979187e+03,4.939350765198469162e-03
7.362454151383793942e+03,4.916564095765352249e-03
7.372457485828608696e+03,4.896187689155340195e-03
7.382460820273423451e+03,4.868143238127231598e-03
7.392464154718239115e+03,4.850895609706640244e-03
7.402467489163053870e+03,4.822617396712303162e-03
7.412470823607868624e+03,4.800493363291025162e-03
7.422474158052683379e+03,4.780204966664314270e-03
7.432477492497498133e+03,4.753001965582370758e-03
7.442480826942313797e+03,4.736276809126138687e-03
7.452484161387128552e+03,4.708689171820878983e-03
7.462487495831943306e+03,4.686820320785045624e-03
7.472490830276758061e+03,4.667188972234725952e-03
7.482494164721572815e+03,4.640528000891208649e-03
7.492497499166388479e+03,4.625123459845781326e-03
7.502500833611203234e+03,4.596923943608999252e-03
7.512504168056017988e+03,4.575203172862529755e-03
7.522507502500832743e+03,4.558063577860593796e-03
7.532510836945647497e+03,4.530847072601318359e-03
7.542514171390463162e+03,4.515718668699264526e-03
7.552517505835277916e+03,4.488263279199600220e-03
7.562520840280092671e+03,4.468331113457679749e-03
7.572524174724907425e+03,4.448379389941692352e-03
7.582527509169722180e+03,4.424165934324264526e-03
7.592530843614537844e+03,4.409402143210172653e-03
7.602534178059352598e+03,4.381944891065359116e-03
7.612537512504167353e+03,4.365100990980863571e-03
7.622540846948982107e+03,4.341179970651865005e-03
7.632544181393796862e+03,4.320287145674228668e-03
7.642547515838612526e+03,4.303409252315759659e-03
7.652550850283427280e+03,4.278263542801141739e-03
7.662554184728242035e+03,4.263864830136299133e-03
7.672557519173056789e+03,4.237826447933912277e-03
7.682560853617871544e+03,4.219414200633764267e-03
7.692564188062687208e+03,4.200018942356109619e-03
7.702567522507501963e+03,4.177318420261144638e-03
7.712570856952316717e+03,4.163113422691822052e-03
7.722574191397131472e+03,4.137270152568817139e-03
7.732577525841947136e+03,4.119052551686763763e-03
7.742580860286761890e+03,4.101557191461324692e-03
7.752584194731576645e+03,4.078566562384366989e-03
7.762587529176391399e+03,4.064678680151700974e-03
7.772590863621206154e+03,4.039370454847812653e-03
7.782594198066021818e+03,4.023172892630100250e-03
7.792597532510836572e+03,4.002464003860950470e-03
7.802600866955651327e+03,3.981802146881818771e-03
7.812604201400466081e+03,3.969365730881690979e-03
7.822607535845280836e+03,3.943811636418104172e-03
7.832610870290096500e+03,3.927877638489007950e-03
7.842614204734911254e+03,3.907807171344757080e-03
7.852617539179726009e+03,3.887480124831199646e-03
7.862620873624540764e+03,3.876748494803905487e-03
7.872624208069355518e+03,3.850530833005905151e-03
7.882627542514171182e+03,3.836667165160179138e-03
7.892630876958985937e+03,3.814628580585122108e-03
7.902634211403800691e+03,3.796831006184220314e-03
7.912637545848615446e+03,3.781103529036045074e-03
7.922640880293430200e+03,3.759659826755523682e-03
7.932644214738245864e+03,3.747562412172555923e-03
7.942647549183060619e+03,3.723966190591454506e-03
7.952650883627875373e+03,3.709216602146625519e-03
7.962654218072690128e+03,3.689629258587956429e-03
7.972657552517504882e+03,3.671198152005672455e-03
7.982660886962320546e+03,3.658352186903357506e-03
7.992664221407135301e+03,3.635938512161374092e-03
8.002667555851950056e+03,3.623034572228789330e-03
8.012670890296764810e+03,3.601799719035625458e-03
8.022674224741579565e+03,3.585874103009700775e-03
8.032677559186395229e+03,3.569381311535835266e-03
8.042680893631209983e+03,3.550186054781079292e-03
8.052684228076024738e+03,3.537534968927502632e-03
8.062687562520839492e+03,3.516652621328830719e-03
8.072690896965654247e+03,3.501663915812969208e-03
8.082694231410469911e+03,3.484580898657441139e-03
8.092697565855284665e+03,3.466418478637933731e-03
8.102700900300099420e+03,3.453417215496301651e-03
8.112704234744914174e+03,3.433451754972338676e-03
8.122707569189728929e+03,3.417340107262134552e-03
8.132710903634544593e+03,3.404134651646018028e-03
8.142714238079359347e+03,3.384124254807829857e-03
8.152717572524174102e+03,3.370925085619091988e-03
8.162720906968988857e+03,3.352645784616470337e-03
8.172724241413803611e+03,3.335834480822086334e-03
8.182727575858619275e+03,3.325000638142228127e-03
8.192730910303433120e+03,3.303982084617018700e-03
8.202734244748247875e+03,3.291659522801637650e-03
8.212737579193064448e+03,3.273222362622618675e-03
8.222740913637879203e+03,3.258178243413567543e-03
8.232744248082693957e+03,3.243761835619807243e-03
8.242747582527508712e+03,3.226167522370815277e-03
8.252750916972323466e+03,3.213550895452499390e-03
8.262754251417138221e+03,3.195770084857940674e-03
8.272757585861952975e+03,3.181059844791889191e-03
8.282760920306767730e+03,3.167153336107730865e-03
8.292764254751582484e+03,3.149388125166296959e-03
8.302767589196397239e+03,3.137844847515225410e-03
8.312770923641213813e+03,3.120033536106348038e-03
8.322774258086028567e+03,3.104771021753549576e-03
8.332777592530843322e+03,3.094069892540574074e-03
8.342780926975658076e+03,3.074674168601632118e-03
8.352784261420472831e+03,3.062485251575708389e-03
8.362787595865287585e+03,3.046747064217925072e-03
8.372790930310102340e+03,3.031686646863818169e-03
8.382794264754917094e+03,3.019523108378052711e-03
8.392797599199731849e+03,3.002277342602610588e-03
8.402800933644546603e+03,2.991734072566032410e-03
8.412804268089363177e+03,2.973783761262893677e-03
8.422807602534177931e+03,2.961231628432869911e-03
8.432810936978992686e+03,2.946670399978756905e-03
8.442814271423807440e+03,2.931175520643591881e-03
8.452817605868622195e+03,2.921394770964980125e-03
8.462820940313436950e+03,2.903176471590995789e-03
8.472824274758251704e+03,2.891392447054386139e-03
8.482827609203066459e+03,2.876477083191275597e-03
8.492830943647881213e+03,2.861751476302742958e-03
8.502834278092695968e+03,2.852082485333085060e-03
8.512837612537512541e+03,2.834401559084653854e-03
8.522840946982327296e+03,2.823509508743882179e-03
8.532844281427142050e+03,2.807926852256059647e-03
8.542847615871956805e+03,2.793896012008190155e-03
8.552850950316771559e+03,2.784877782687544823e-03
8.562854284761586314e+03,2.766951452940702438e-03
8.572857619206401068e+03,2.754590241238474846e-03
8.582860953651215823e+03,2.743274206295609474e-03
8.592864288096030577e+03,2.727363025769591331e-03
8.602867622540847151e+03,2.719316864386200905e-03
8.612870956985661905e+03,2.701583784073591232e-03
8.622874291430476660e+03,2.690371358767151833e-03
8.632877625875291415e+03,2.676821546629071236e-03
8.642880960320106169e+03,2.663474995642900467e-03
8.652884294764920924e+03,2.653213916346430779e-03
8.662887629209735678e+03,2.637687139213085175e-03
8.672890963654550433e+03,2.628655405715107918e-03
8.682894298099365187e+03,2.612467622384428978e-03
8.692897632544179942e+03,2.601681044325232506e-03
8.702900966988996515e+03,2.588683739304542542e-03
8.712904301433811270e+03,2.575440565124154091e-03
8.722907635878626024e+03,2.565841889008879662e-03
8.732910970323440779e+03,2.550764009356498718e-03
8.742914304768255533e+03,2.540827495977282524e-03
8.752917639213070288e+03,2.526880474761128426e-03
8.762920973657885042e+03,2.514957450330257416e-03
8.772924308102699797e+03,2.504572505131363869e-03
8.782927642547514552e+03,2.490258542820811272e-03
8.792930976992329306e+03,2.480810740962624550e-03
8.802934311437145880e+03,2.467017620801925659e-03
8.812937645881960634e+03,2.454835921525955200e-03
8.822940980326775389e+03,2.445790451020002365e-03
8.832944314771590143e+03,2.431325381621718407e-03
8.842947649216404898e+03,2.421284792944788933e-03
8.852950983661219652e+03,2.408871194347739220e-03
8.862954318106034407e+03,2.396537223830819130e-03
8.872957652550849161e+03,2.388041932135820389e-03
8.882960986995663916e+03,2.373788505792617798e-03
8.892964321440478670e+03,2.363596344366669655e-03
8.902967655885295244e+03,2.352214418351650238e-03
8.912970990330109998e+03,2.339877188205718994e-03
8.922974324774924753e+03,2.330885967239737511e-03
8.932977659219739508e+03,2.317515201866626740e-03
8.942980993664554262e+03,2.306715119630098343e-03
8.952984328109369017e+03,2.297494560480117798e-03
8.962987662554183771e+03,2.284015994518995285e-03
8.972990996998998526e+03,2.274834783747792244e-03
8.982994331443813280e+03,2.263281727209687233e-03
8.992997665888628035e+03,2.251730998978018761e-03
9.003001000333444608e+03,2.243389375507831573e-03
9.013004334778259363e+03,2.230101032182574272e-03
9.023007669223074117e+03,2.220750786364078522e-03
9.033011003667888872e+03,2.209618687629699707e-03
9.043014338112703626e+03,2.198164118453860283e-03
9.053017672557518381e+03,2.190336817875504494e-03
9.063021007002333135e+03,2.176989801228046417e-03
9.073024341447147890e+03,2.167111262679100037e-03
9.083027675891962645e+03,2.158348215743899345e-03
9.093031010336777399e+03,2.145965816453099251e-03
9.103034344781593973e+03,2.138501033186912537e-03
9.113037679226408727e+03,2.125411527231335640e-03
9.123041013671223482e+03,2.116235671564936638e-03
9.133044348116038236e+03,2.106334548443555832e-03
9.143047682560852991e+03,2.094900468364357948e-03
9.153051017005667745e+03,2.088013803586363792e-03
9.163054351450482500e+03,2.075047930702567101e-03
9.173057685895297254e+03,2.066371031105518341e-03
9.183061020340112009e+03,2.055949997156858444e-03
9.193064354784926763e+03,2.045429544523358345e-03
9.203067689229743337e+03,2.038125414401292801e-03
9.213071023674558091e+03,2.025797963142395020e-03
9.223074358119372846e+03,2.017434453591704369e-03
9.233077692564187601e+03,2.007247414439916611e-03
9.243081027009002355e+03,1.997089711949229240e-03
9.253084361453817110e+03,1.989092910662293434e-03
9.263087695898631864e+03,1.978101208806037903e-03
9.273091030343446619e+03,1.969127217307686806e-03
9.283094364788261373e+03,1.960196532309055328e-03
9.293097699233076128e+03,1.949758501723408699e-03
9.303101033677892701e+03,1.941427937708795071e-03
9.313104368122707456e+03,1.931685605086386204e-03
9.323107702567522210e+03,1.921591116115450859e-03
9.333111037012336965e+03,1.914275111630558968e-03
9.343114371457151719e+03,1.903665834106504917e-03
9.353117705901966474e+03,1.893995446152985096e-03
9.363121040346781228e+03,1.887579099275171757e-03
9.373124374791595983e+03,1.875959686003625393e-03
9.383127709236410738e+03,1.867778948508203030e-03
9.393131043681225492e+03,1.859249314293265343e-03
9.403134378126042066e+03,1.849055057391524315e-03
9.413137712570856820e+03,1.842840574681758881e-03
9.423141047015671575e+03,1.831349334679543972e-03
9.433144381460486329e+03,1.822901889681816101e-03
9.443147715905301084e+03,1.815926167182624340e-03
9.453151050350115838e+03,1.805013394914567471e-03
9.463154384794930593e+03,1.799292280338704586e-03
9.473157719239745347e+03,1.787874964065849781e-03
9.483161053684560102e+03,1.780004473403096199e-03
9.493164388129374856e+03,1.772008254192769527e-03
9.503167722574191430e+03,1.762412255629897118e-03
9.513171057019006184e+03,1.756334444507956505e-03
9.523174391463820939e+03,1.745447865687310696e-03
9.533177725908635693e+03,1.739038387313485146e-03
9.543181060353450448e+03,1.729075564071536064e-03
9.553184394798265203e+03,1.720866770483553410e-03
9.563187729243079957e+03,1.714028068818151951e-03
9.573191063687894712e+03,1.704033464193344116e-03
9.583194398132709466e+03,1.697963103652000427e-03
9.593197732577524221e+03,1.687959651462733746e-03
9.603201067022340794e+03,1.680463319644331932e-03
9.613204401467155549e+03,1.672675716690719128e-03
9.623207735911970303e+03,1.663640723563730717e-03
9.633211070356785058e+03,1.657661166973412037e-03
9.643214404801599812e+03,1.648001838475465775e-03
9.653217739246414567e+03,1.640722970478236675e-03
9.663221073691229321e+03,1.632924657315015793e-03
9.673224408136044076e+03,1.624176977202296257e-03
9.683227742580858830e+03,1.618464593775570393e-03
9.693231077025673585e+03,1.608692691661417484e-03
9.703234411470490159e+03,1.601379713974893093e-03
9.713237745915304913e+03,1.594685250893235207e-03
9.723241080360119668e+03,1.585718360729515553e-03
9.733244414804934422e+03,1.579697709530591965e-03
9.743247749249749177e+03,1.570699620060622692e-03
9.753251083694563931e+03,1.563511672429740429e-03
9.763254418139378686e+03,1.556582399643957615e-03
9.773257752584193440e+03,1.548112835735082626e-03
9.783261087029008195e+03,1.542054000310599804e-03
9.793264421473822949e+03,1.533554284833371639e-03
9.803267755918639523e+03,1.526019652374088764e-03
9.813271090363454277e+03,1.520323683507740498e-03
9.823274424808269032e+03,1.511270529590547085e-03
9.833277759253083786e+03,1.505207386799156666e-03
9.843281093697898541e+03,1.497359015047550201e-03
9.853284428142713296e+03,1.489746500737965107e-03
9.863287762587528050e+03,1.484175096265971661e-03
9.873291097032342805e+03,1.475480268709361553e-03
9.883294431477157559e+03,1.468739821575582027e-03
9.893297765921972314e+03,1.462521380744874477e-03
9.903301100366788887e+03,1.454242272302508354e-03
9.913304434811603642e+03,1.448835595510900021e-03
9.923307769256418396e+03,1.440507592633366585e-03
9.933311103701233151e+03,1.433504279702901840e-03
9.943314438146047905e+03,1.428568270057439804e-03
9.953317772590862660e+03,1.419669482856988907e-03
9.963321107035677414e+03,1.414494705386459827e-03
9.973324441480492169e+03,1.406229217536747456e-03
9.983327775925306923e+03,1.399441738612949848e-03
9.993331110370121678e+03,1.394515624269843102e-03
1.000333444481493825e+04,1.385812764056026936e-03
1.001333777925975301e+04,1.380236237309873104e-03
1.002334111370456776e+04,1.373196020722389221e-03
1.003334444814938252e+04,1.366204582154750824e-03
1.004334778259419727e+04,1.361170201562345028e-03
1.005335111703901202e+04,1.352948020212352276e-03
1.006335445148382678e+04,1.347920624539256096e-03
1.007335778592864153e+04,1.340369344688951969e-03
1.008336112037345629e+04,1.333896769210696220e-03
1.009336445481827104e+04,1.328588346950709820e-03
1.010336778926308762e+04,1.320993411354720592e-03
1.011337112370790237e+04,1.316234120167791843e-03
1.012337445815271712e+04,1.308391336351633072e-03
1.013337779259753188e+04,1.302707823924720287e-03
1.014338112704234663e+04,1.296513597480952740e-03
1.015338446148716139e+04,1.289570471271872520e-03
1.016338779593197614e+04,1.284727361053228378e-03
1.017339113037679090e+04,1.277351402677595615e-03
1.018339446482160565e+04,1.271360320970416069e-03
1.019339779926642041e+04,1.266248640604317188e-03
1.020340113371123698e+04,1.258957781828939915e-03
1.021340446815605173e+04,1.254177303053438663e-03
1.022340780260086649e+04,1.247076434083282948e-03
1.023341113704568124e+04,1.241034944541752338e-03
1.024341447149049600e+04,1.236426527611911297e-03
1.025341780593531075e+04,1.228967215865850449e-03
1.026342114038012551e+04,1.223744242452085018e-03
1.027342447482494026e+04,1.217911951243877411e-03
1.028342780926975502e+04,1.211351715028285980e-03
1.029343114371457159e+04,1.207047374919056892e-03
1.030343447815938634e+04,1.200005295686423779e-03
1.031343781260420110e+04,1.194654614664614201e-03
1.032344114704901585e+04,1.189006026834249496e-03
1.033344448149383061e+04,1.182708540000021458e-03
1.034344781593864536e+04,1.178344478830695152e-03
1.035345115038346012e+04,1.171258976683020592e-03
1.036345448482827487e+04,1.166275818832218647e-03
1.037345781927308963e+04,1.160756452009081841e-03
1.038346115371790438e+04,1.154547207988798618e-03
1.039346448816272095e+04,1.150420750491321087e-03
1.040346782260753571e+04,1.143469940871000290e-03
1.041347115705235046e+04,1.138444640673696995e-03
1.042347449149716522e+04,1.133229117840528488e-03
1.043347782594197997e+04,1.127203693613409996e-03
1.044348116038679473e+04,1.123067457228899002e-03
1.045348449483160948e+04,1.116334460675716400e-03
1.046348782927642424e+04,1.111783669330179691e-03
1.047349116372123899e+04,1.106001785956323147e-03
1.048349449816605375e+04,1.100331661291420460e-03
1.049349783261087032e+04,1.096396008506417274e-03
1.050350116705568507e+04,1.089796074666082859e-03
1.051350450150049983e+04,1.085107796825468540e-03
1.052350783594531458e+04,1.079940237104892731e-03
1.053351117039012934e+04,1.074304105713963509e-03
1.054351450483494409e+04,1.070043770596385002e-03
1.055351783927975885e+04,1.064215437509119511e-03
1.056352117372457360e+04,1.059287809766829014e-03
1.057352450816938835e+04,1.054347958415746689e-03
1.058352784261420311e+04,1.048759673722088337e-03
1.059353117705901968e+04,1.044390606693923473e-03
1.060353451150383444e+04,1.039063674397766590e-03
1.061353784594864919e+04,1.033755484968423843e-03
1.062354118039346395e+04,1.029841951094567776e-03
1.063354451483827870e+04,1.023753429763019085e-03
1.064354784928309346e+04,1.019182731397449970e-03
1.065355118372790821e+04,1.014729845337569714e-03
1.066355451817272296e+04,1.008936669677495956e-03
1.067355785261753772e+04,1.005433034151792526e-03
1.068356118706235247e+04,9.994775755330920219e-04
1.069356452150716905e+04,9.948216611519455910e-04
1.070356785595198380e+04,9.907159255817532539e-04
1.071357119039679856e+04,9.850516216829419136e-04
1.072357452484161331e+04,9.816762758418917656e-04
1.073357785928642807e+04,9.757316438481211662e-04
1.074358119373124282e+04,9.714959887787699699e-04
1.075358452817605757e+04,9.668504353612661362e-04
1.076358786262087233e+04,9.619191987439990044e-04
1.077359119706568708e+04,9.579924517311155796e-04
1.078359453151050184e+04,9.525610948912799358e-04
1.079359786595531841e+04,9.485440095886588097e-04
1.080360120040013317e+04,9.438047418370842934e-04
1.081360453484494792e+04,9.387403260916471481e-04
1.082360786928976268e+04,9.353404748253524303e-04
1.083361120373457743e+04,9.299409575760364532e-04
1.084361453817939218e+04,9.253539610654115677e-04
1.085361787262420694e+04,9.222455555573105812e-04
1.086362120706902169e+04,9.164222283288836479e-04
1.087362454151383645e+04,9.134425781667232513e-04
1.088362787595865120e+04,9.077787399291992188e-04
1.089363121040346778e+04,9.039703290909528732e-04
1.090363454484828253e+04,8.993292576633393764e-04
1.091363787929309728e+04,8.946052403189241886e-04
1.092364121373791204e+04,8.918380481190979481e-04
1.093364454818272679e+04,8.861165842972695827e-04
1.094364788262754155e+04,8.821710362099111080e-04
1.095365121707235630e+04,8.783054072409868240e-04
1.096365455151717106e+04,8.735244628041982651e-04
1.097365788596198581e+04,8.703364874236285686e-04
1.098366122040680057e+04,8.650990203022956848e-04
1.099366455485161714e+04,8.618985884822905064e-04
1.100366788929643189e+04,8.569104829803109169e-04
1.101367122374124665e+04,8.530739578418433666e-04
1.102367455818606140e+04,8.492025081068277359e-04
1.103367789263087616e+04,8.446098072454333305e-04
1.104368122707569091e+04,8.413272444158792496e-04
1.105368456152050567e+04,8.365703397430479527e-04
1.106368789596532042e+04,8.328246767632663250e-04
1.107369123041013518e+04,8.290385012514889240e-04
1.108369456485494993e+04,8.246553479693830013e-04
1.109369789929976650e+04,8.213815744966268539e-04
1.110370123374458126e+04,8.166440529748797417e-04
1.111370456818939601e+04,8.132297080010175705e-04
1.112370790263421077e+04,8.091250201687216759e-04
1.113371123707902552e+04,8.048455929383635521e-04
1.114371457152384028e+04,8.022832917049527168e-04
1.115371790596865503e+04,7.972135208547115326e-04
1.116372124041346979e+04,7.937303162179887295e-04
1.117372457485828454e+04,7.900579948909580708e-04
1.118372790930309930e+04,7.857453892938792706e-04
1.119373124374791587e+04,7.832043920643627644e-04
1.120373457819273062e+04,7.782912580296397209e-04
1.121373791263754538e+04,7.752249366603791714e-04
1.122374124708236013e+04,7.710150675848126411e-04
1.123374458152717489e+04,7.671607891097664833e-04
1.124374791597198964e+04,7.643420249223709106e-04
1.125375125041680440e+04,7.598109077662229538e-04
1.126375458486161915e+04,7.565886480733752251e-04
1.127375791930643391e+04,7.528724963776767254e-04
1.128376125375124866e+04,7.490668795071542263e-04
1.129376458819606523e+04,7.460357737727463245e-04
1.130376792264087999e+04,7.418261957354843616e-04
1.131377125708569474e+04,7.386849028989672661e-04
1.132377459153050950e+04,7.349745719693601131e-04
1.133377792597532425e+04,7.312724483199417591e-04
1.134378126042013901e+04,7.283583399839699268e-04
1.135378459486495376e+04,7.241017883643507957e-04
1.136378792930976851e+04,7.209627656266093254e-04
1.137379126375458327e+04,7.176813087426126003e-04
1.138379459819939802e+04,7.137888460420072079e-04
1.139379793264421460e+04,7.111253798939287663e-04
1.140380126708902935e+04,7.070153369568288326e-04
1.141380460153384411e+04,7.040061755105853081e-04
1.142380793597865886e+04,7.005537045188248158e-04
1.143381127042347362e+04,6.969585083425045013e-04
1.144381460486828837e+04,6.940992898307740688e-04
1.145381793931310312e+04,6.902517634443938732e-04
1.146382127375791788e+04,6.870155921205878258e-04
1.147382460820273263e+04,6.841915892437100410e-04
1.148382794264754739e+04,6.802089628763496876e-04
1.149383127709236396e+04,6.775325164198875427e-04
1.150383461153717872e+04,6.739606615155935287e-04
1.151383794598199347e+04,6.705847335979342461e-04
1.152384128042680823e+04,6.681262748315930367e-04
1.153384461487162298e+04,6.641088984906673431e-04
1.154384794931643773e+04,6.616492173634469509e-04
1.155385128376125249e+04,6.578988395631313324e-04
1.156385461820606724e+04,6.547451484948396683e-04
1.157385795265088200e+04,6.520687602460384369e-04
1.158386128709569675e+04,6.484393961727619171e-04
1.159386462154051333e+04,6.455971742980182171e-04
1.160386795598532808e+04,6.424054736271500587e-04
1.161387129043014284e+04,6.392015493474900723e-04
1.162387462487495759e+04,6.365139852277934551e-04
1.163387795931977234e+04,6.331133772619068623e-04
1.164388129376458710e+04,6.301688263192772865e-04
1.165388462820940185e+04,6.273699109442532063e-04
1.166388796265421661e+04,6.240191287361085415e-04
1.167389129709903136e+04,6.213005399331450462e-04
1.168389463154384612e+04,6.182093638926744461e-04
1.169389796598866269e+04,6.150385015644133091e-04
1.170390130043347745e+04,6.125994259491562843e-04
1.171390463487829220e+04,6.091932882554829121e-04
1.172390796932310695e+04,6.062350585125386715e-04
1.173391130376792171e+04,6.039688014425337315e-04
1.174391463821273646e+04,6.003381568007171154e-04
1.175391797265755122e+04,5.980137502774596214e-04
1.176392130710236597e+04,5.947616300545632839e-04
1.177392464154718073e+04,5.918718525208532810e-04
1.178392797599199548e+04,5.895578069612383842e-04
1.179393131043681205e+04,5.861619720235466957e-04
1.180393464488162681e+04,5.839448422193527222e-04
1.181393797932644156e+04,5.806087283417582512e-04
1.182394131377125632e+04,5.779382190667092800e-04
1.183394464821607107e+04,5.753578734584152699e-04
1.184394798266088583e+04,5.721824709326028824e-04
1.185395131710570058e+04,5.698918830603361130e-04
1.186395465155051534e+04,5.669054808095097542e-04
1.187395798599533009e+04,5.640675080940127373e-04
1.188396132044014485e+04,5.619110888801515102e-04
1.189396465488496142e+04,5.585931357927620411e-04
1.190396798932977617e+04,5.563263548538088799e-04
1.191397132377459093e+04,5.534439114853739738e-04
1.192397465821940568e+04,5.506864399649202824e-04
1.193397799266422044e+04,5.485672736540436745e-04
1.194398132710903519e+04,5.453558405861258507e-04
1.195398466155384995e+04,5.432107718661427498e-04
1.196398799599866470e+04,5.402814713306725025e-04
1.197399133044347946e+04,5.377056077122688293e-04
1.198399466488829603e+04,5.354466848075389862e-04
1.199399799933311078e+04,5.324541125446557999e-04
1.200400133377792554e+04,5.303853540681302547e-04
1.201400466822274029e+04,5.273940041661262512e-04
1.202400800266755505e+04,5.248371162451803684e-04
1.203401133711236980e+04,5.229299422353506088e-04
1.204401467155718456e+04,5.197988939471542835e-04
1.205401800600199931e+04,5.178281571716070175e-04
1.206402134044681407e+04,5.148666095919907093e-04
1.207402467489162882e+04,5.124298040755093098e-04
1.208402800933644539e+04,5.103838047944009304e-04
1.209403134378126015e+04,5.074433865956962109e-04
1.210403467822607490e+04,5.055022775195538998e-04
1.211403801267088966e+04,5.027268780395388603e-04
1.212404134711570441e+04,5.003393162041902542e-04
1.213404468156051917e+04,4.981897654943168163e-04
1.214404801600533392e+04,4.954359610565006733e-04
1.215405135045014868e+04,4.934226162731647491e-04
1.216405468489496343e+04,4.908248665742576122e-04
1.217405801933977818e+04,4.884841036982834339e-04
1.218406135378459476e+04,4.863551876042038202e-04
1.219406468822940951e+04,4.836314183194190264e-04
1.220406802267422427e+04,4.817978770006448030e-04
1.221407135711903902e+04,4.791288811247795820e-04
1.222407469156385378e+04,4.768338112626224756e-04
1.223407802600866853e+04,4.748676728922873735e-04
1.224408136045348328e+04,4.721823206637054682e-04
1.225408469489829804e+04,4.703193553723394871e-04
1.226408802934311279e+04,4.678171535488218069e-04
1.227409136378792755e+04,4.655509255826473236e-04
1.228409469823274412e+04,4.635154036805033684e-04
1.229409803267755888e+04,4.610586038324981928e-04
1.230410136712237363e+04,4.591681354213505983e-04
1.231410470156718839e+04,4.566679417621344328e-04
1.232410803601200314e+04,4.545147821772843599e-04
1.233411137045681789e+04,4.525547847151756287e-04
1.234411470490163265e+04,4.500423383433371782e-04
1.235411803934644740e+04,4.483282100409269333e-04
1.236412137379126216e+04,4.458049079403281212e-04
1.237412470823607691e+04,4.436075105331838131e-04
1.238412804268089349e+04,4.420781624503433704e-04
1.239413137712570824e+04,4.393804410938173532e-04
1.240413471157052300e+04,4.377241129986941814e-04
1.241413804601533775e+04,4.352196701802313328e-04
1.242414138046015250e+04,4.331179079599678516e-04
1.243414471490496726e+04,4.315433034207671881e-04
1.244414804934978201e+04,4.290018987376242876e-04
1.245415138379459677e+04,4.273112281225621700e-04
1.246415471823941152e+04,4.249357152730226517e-04
1.247415805268422628e+04,4.230867198202759027e-04
1.248416138712904285e+04,4.209988110233098269e-04
1.249416472157385761e+04,4.188559541944414377e-04
1.250416805601867236e+04,4.172075714450329542e-04
1.251417139046348711e+04,4.148364532738924026e-04
1.252417472490830187e+04,4.130989836994558573e-04
1.253417805935311662e+04,4.109974252060055733e-04
1.254418139379793138e+04,4.089210415259003639e-04
1.255418472824274613e+04,4.073045565746724606e-04
1.256418806268756089e+04,4.049956332892179489e-04
1.257419139713237564e+04,4.031762946397066116e-04
1.258419473157719221e+04,4.013451107311993837e-04
1.259419806602200697e+04,3.991526900790631771e-04
1.260420140046682172e+04,3.977179294452071190e-04
1.261420473491163648e+04,3.954177664127200842e-04
1.262420806935645123e+04,3.936596040148288012e-04
1.263421140380126599e+04,3.918138390872627497e-04
1.264421473824608074e+04,3.897408314514905214e-04
1.265421807269089550e+04,3.882692253682762384e-04
1.266422140713571025e+04,3.860194701701402664e-04
1.267422474158052501e+04,3.842386649921536446e-04
1.268422807602534158e+04,3.826475003734230995e-04
1.269423141047015633e+04,3.805072337854653597e-04
1.270423474491497109e+04,3.789864131249487400e-04
1.271423807935978584e+04,3.769444010686129332e-04
1.272424141380460060e+04,3.750745672732591629e-04
1.273424474824941535e+04,3.736882936209440231e-04
1.274424808269423011e+04,3.714715421665459871e-04
1.275425141713904486e+04,3.700068918988108635e-04
1.276425475158385962e+04,3.680295485537499189e-04
1.277425808602867437e+04,3.662553208414465189e-04
1.278426142047349094e+04,3.646952973213046789e-04
1.279426475491830570e+04,3.626756661105901003e-04
1.280426808936312045e+04,3.612140426412224770e-04
1.281427142380793521e+04,3.593215078581124544e-04
1.282427475825274996e+04,3.575239679776132107e-04
1.283427809269756472e+04,3.561611229088157415e-04
1.284428142714237947e+04,3.540892794262617826e-04
1.285428476158719423e+04,3.525710490066558123e-04
1.286428809603200898e+04,3.508689696900546551e-04
1.287429143047682373e+04,3.490615636110305786e-04
1.288429476492164031e+04,3.477334394119679928e-04
1.289429809936645506e+04,3.457083657849580050e-04
1.290430143381126982e+04,3.443138557486236095e-04
1.291430476825608457e+04,3.424766473472118378e-04
1.292430810270089933e+04,3.408092889003455639e-04
1.293431143714571408e+04,3.394755185581743717e-04
1.294431477159052884e+04,3.375027154106646776e-04
1.295431810603534359e+04,3.361579147167503834e-04
1.296432144048015834e+04,3.343963471706956625e-04
1.297432477492497310e+04,3.327765734866261482e-04
1.298432810936978967e+04,3.313595661893486977e-04
1.299433144381460443e+04,3.295631322544068098e-04
1.300433477825941918e+04,3.281671379227191210e-04
1.301433811270423394e+04,3.264622064307332039e-04
1.302434144714904869e+04,3.249943256378173828e-04
1.303434478159386344e+04,3.233575844205915928e-04
1.304434811603867820e+04,3.217888879589736462e-04
1.305435145048349295e+04,3.204019740223884583e-04
1.306435478492830771e+04,3.187420370522886515e-04
1.307435811937312246e+04,3.172622818965464830e-04
1.308436145381793904e+04,3.158191102556884289e-04
1.309436478826275379e+04,3.141763154417276382e-04
1.310436812270756855e+04,3.127966192550957203e-04
1.311437145715238330e+04,3.112217818852514029e-04
1.312437479159719805e+04,3.096736327279359102e-04
1.313437812604201281e+04,3.084313066210597754e-04
1.314438146048682756e+04,3.066940116696059704e-04
1.315438479493164232e+04,3.052454849239438772e-04
1.316438812937645707e+04,3.040462033823132515e-04
1.317439146382127183e+04,3.023027384188026190e-04
1.318439479826608840e+04,3.010525251738727093e-04
1.319439813271090316e+04,2.995126997120678425e-04
1.320440146715571791e+04,2.980257268063724041e-04
1.321440480160053266e+04,2.967859327327460051e-04
1.322440813604534742e+04,2.951777423731982708e-04
1.323441147049016217e+04,2.937990066129714251e-04
1.324441480493497693e+04,2.925709704868495464e-04
1.325441813937979168e+04,2.909494214691221714e-04
1.326442147382460644e+04,2.897882368415594101e-04
1.327442480826942119e+04,2.882025437429547310e-04
1.328442814271423777e+04,2.868120209313929081e-04
1.329443147715905252e+04,2.856663486454635859e-04
1.330443481160386727e+04,2.840216620825231075e-04
1.331443814604868203e+04,2.827968564815819263e-04
1.332444148049349678e+04,2.814693725667893887e-04
1.333444481493831154e+04,2.799764624796807766e-04
1.334444814938312629e+04,2.789986028801649809e-04
1.335445148382794105e+04,2.773100859485566616e-04
1.336445481827275580e+04,2.761700598057359457e-04
1.337445815271757056e+04,2.747798280324786901e-04
1.338446148716238713e+04,2.734508598223328590e-04
1.339446482160720188e+04,2.722626086324453354e-04
1.340446815605201664e+04,2.707833191379904747e-04
1.341447149049683139e+04,2.696954179555177689e-04
1.342447482494164615e+04,2.682210470084100962e-04
1.343447815938646090e+04,2.669577079359441996e-04
1.344448149383127566e+04,2.658451849129050970e-04
1.345448482827609041e+04,2.643673506099730730e-04
1.346448816272090517e+04,2.632500545587390661e-04
1.347449149716571992e+04,2.619382576085627079e-04
1.348449483161053649e+04,2.606028574518859386e-04
1.349449816605535125e+04,2.595761616248637438e-04
1.350450150050016600e+04,2.581147709861397743e-04
1.351450483494498076e+04,2.569456410128623247e-04
1.352450816938979551e+04,2.558158885221928358e-04
1.353451150383461027e+04,2.544399758335202932e-04
1.354451483827942502e+04,2.533911901991814375e-04
1.355451817272423978e+04,2.520812849979847670e-04
1.356452150716905453e+04,2.508638426661491394e-04
1.357452484161386928e+04,2.497583336662501097e-04
1.358452817605868586e+04,2.484481374267488718e-04
1.359453151050350061e+04,2.473820641171187162e-04
1.360453484494831537e+04,2.460800460539758205e-04
1.361453817939313012e+04,2.448651357553899288e-04
1.362454151383794488e+04,2.439573436276987195e-04
1.363454484828275963e+04,2.425222628517076373e-04
1.364454818272757439e+04,2.414331102045252919e-04
1.365455151717238914e+04,2.403759426670148969e-04
1.366455485161720389e+04,2.390862355241551995e-04
1.367455818606202047e+04,2.381079102633520961e-04
1.368456152050683522e+04,2.368301793467253447e-04
1.369456485495164998e+04,2.358063647989183664e-04
1.370456818939646473e+04,2.346056862734258175e-04
1.371457152384127949e+04,2.334529272047802806e-04
1.372457485828609424e+04,2.325301757082343102e-04
1.373457819273090900e+04,2.311916323378682137e-04
1.374458152717572375e+04,2.302067732671275735e-04
1.375458486162053850e+04,2.291003474965691566e-04
1.376458819606535326e+04,2.279391774209216237e-04
1.377459153051016983e+04,2.269987016916275024e-04
1.378459486495498459e+04,2.257466694572940469e-04
1.379459819939979934e+04,2.247304073534905910e-04
1.380460153384461410e+04,2.237317967228591442e-04
1.381460486828942885e+04,2.225144125986844301e-04
1.382460820273424360e+04,2.216675638919696212e-04
1.383461153717905836e+04,2.204041957156732678e-04
1.384461487162387311e+04,2.193580294260755181e-04
1.385461820606868787e+04,2.185222110711038113e-04
1.386462154051350262e+04,2.172348904423415661e-04
1.387462487495831920e+04,2.164495817851275206e-04
1.388462820940313395e+04,2.152079541701823473e-04
1.389463154384794871e+04,2.142623416148126125e-04
1.390463487829276346e+04,2.132248773705214262e-04
1.391463821273757821e+04,2.121160650858655572e-04
1.392464154718239297e+04,2.113707450916990638e-04
1.393464488162720772e+04,2.100951678585261106e-04
1.394464821607202248e+04,2.092481154249981046e-04
1.395465155051683723e+04,2.081661950796842575e-04
1.396465488496165199e+04,2.071564667858183384e-04
1.397465821940646856e+04,2.062821295112371445e-04
1.398466155385128332e+04,2.051663177553564310e-04
1.399466488829609807e+04,2.042784180957823992e-04
1.400466822274091282e+04,2.032875490840524435e-04
1.401467155718572758e+04,2.022449189098551869e-04
1.402467489163054233e+04,2.014337078435346484e-04
1.403467822607535709e+04,2.003489498747512698e-04
1.404468156052017184e+04,1.994039921555668116e-04
1.405468489496498660e+04,1.985453855013474822e-04
1.406468822940980135e+04,1.974479382624849677e-04
1.407469156385461793e+04,1.966336858458817005e-04
1.408469489829943268e+04,1.956412452273070812e-04
1.409469823274424743e+04,1.946381380548700690e-04
1.410470156718906219e+04,1.939401845447719097e-04
1.411470490163387694e+04,1.927960984176024795e-04
1.412470823607869170e+04,1.919716742122545838e-04
1.413471157052350645e+04,1.910352730192244053e-04
1.414471490496832121e+04,1.900554198073223233e-04
1.415471823941313596e+04,1.893463340820744634e-04
1.416472157385795072e+04,1.882458454929292202e-04
1.417472490830276729e+04,1.874357403721660376e-04
1.418472824274758204e+04,1.865437516244128346e-04
1.419473157719239680e+04,1.855659356806427240e-04
1.420473491163721155e+04,1.848554384196177125e-04
1.421473824608202631e+04,1.838210300775244832e-04
1.422474158052684106e+04,1.829779939725995064e-04
1.423474491497165582e+04,1.821784971980378032e-04
1.424474824941647057e+04,1.812022819649428129e-04
1.425475158386128533e+04,1.804812927730381489e-04
1.426475491830610008e+04,1.795028365449979901e-04
1.427475825275091665e+04,1.786979410098865628e-04
1.428476158719573141e+04,1.778581645339727402e-04
1.429476492164054616e+04,1.769213267834857106e-04
1.430476825608536092e+04,1.762322062859311700e-04
1.431477159053017567e+04,1.752561802277341485e-04
1.432477492497499043e+04,1.744087203405797482e-04
1.433477825941980518e+04,1.737621059874072671e-04
1.434478159386461994e+04,1.727433409541845322e-04
1.435478492830943469e+04,1.720524451229721308e-04
1.436478826275424944e+04,1.711351360427215695e-04
1.437479159719906602e+04,1.703158923191949725e-04
1.438479493164388077e+04,1.696250401437282562e-04
1.439479826608869553e+04,1.686761097516864538e-04
1.440480160053351028e+04,1.680321875028312206e-04
1.441480493497832504e+04,1.671027130214497447e-04
1.442480826942313979e+04,1.663441362325102091e-04
1.443481160386795455e+04,1.655728410696610808e-04
1.444481493831276930e+04,1.647051540203392506e-04
1.445481827275758405e+04,1.640723494347184896e-04
1.446482160720239881e+04,1.631387858651578426e-04
1.447482494164721538e+04,1.624003198230639100e-04
1.448482827609203014e+04,1.616970985196530819e-04
1.449483161053684489e+04,1.608212623978033662e-04
1.450483494498165965e+04,1.602036791155114770e-04
1.451483827942647440e+04,1.593111228430643678e-04
1.452484161387128916e+04,1.586257712915539742e-04
1.453484494831610391e+04,1.578439696459099650e-04
1.454484828276091866e+04,1.570512977195903659e-04
1.455485161720573342e+04,1.564073463669046760e-04
1.456485495165054817e+04,1.555747876409441233e-04
1.457485828609536475e+04,1.548265281599014997e-04
1.458486162054017950e+04,1.542007230455055833e-04
1.459486495498499426e+04,1.533351605758070946e-04
1.460486828942980901e+04,1.526904816273599863e-04
1.461487162387462377e+04,1.519294746685773134e-04
1.462487495831943852e+04,1.511483715148642659e-04
1.463487829276425327e+04,1.506023691035807133e-04
1.464488162720906803e+04,1.497169432695955038e-04
1.465488496165388278e+04,1.491635048296302557e-04
1.466488829609869754e+04,1.483094674767926335e-04
1.467489163054351411e+04,1.476070901844650507e-04
1.468489496498832887e+04,1.470403803978115320e-04
1.469489829943314362e+04,1.461936335545033216e-04
1.470490163387795837e+04,1.456447644159197807e-04
1.471490496832277313e+04,1.448223338229581714e-04
1.472490830276758788e+04,1.441584172425791621e-04
1.473491163721240264e+04,1.435246667824685574e-04
1.474491497165721739e+04,1.427622482879087329e-04
1.475491830610203215e+04,1.422034401912242174e-04
1.476492164054684690e+04,1.414282160112634301e-04
1.477492497499166348e+04,1.407832169206812978e-04
1.478492830943647823e+04,1.401347399223595858e-04
1.479493164388129298e+04,1.394288265146315098e-04
1.480493497832610774e+04,1.388121163472533226e-04
1.481493831277092249e+04,1.381231268169358373e-04
1.482494164721573725e+04,1.374485145788639784e-04
1.483494498166055200e+04,1.368764933431521058e-04
1.484494831610536676e+04,1.361388422083109617e-04
1.485495165055018151e+04,1.355463464278727770e-04
1.486495498499499627e+04,1.348790829069912434e-04
1.487495831943981284e+04,1.342149043921381235e-04
1.488496165388462759e+04,1.336543937213718891e-04
1.489496498832944235e+04,1.329635124420747161e-04
1.490496832277425710e+04,1.323388278251513839e-04
1.491497165721907186e+04,1.317658170592039824e-04
1.492497499166388661e+04,1.310279185418039560e-04
1.493497832610870137e+04,1.304959296248853207e-04
1.494498166055351612e+04,1.298451534239575267e-04
1.495498499499833088e+04,1.291717198910191655e-04
1.496498832944314563e+04,1.287316263187676668e-04
1.497499166388796220e+04,1.279406278626993299e-04
1.498499499833277696e+04,1.274191890843212605e-04
1.499499833277759171e+04,1.267867337446659803e-04
1.500500166722240647e+04,1.261572178918868303e-04
1.501500500166722122e+04,1.256665855180472136e-04
1.502500833611203598e+04,1.249381894012913108e-04
1.503501167055685073e+04,1.244843151653185487e-04
1.504501500500166549e+04,1.237813412444666028e-04
1.505501833944648024e+04,1.232345239259302616e-04
1.506502167389129499e+04,1.226544118253514171e-04
1.507502500833611157e+04,1.220138074131682515e-04
1.508502834278092632e+04,1.215706215589307249e-04
1.509503167722574108e+04,1.208727335324510932e-04
1.510503501167055583e+04,1.203508727485314012e-04
1.511503834611537059e+04,1.197701421915553510e-04
1.512504168056018534e+04,1.191544142784550786e-04
1.513504501500500010e+04,1.187213492812588811e-04
1.514504834944981485e+04,1.180353647214360535e-04
1.515505168389462960e+04,1.175620491267181933e-04
1.516505501833944436e+04,1.169370880234055221e-04
1.517505835278426093e+04,1.163926572189666331e-04
1.518506168722907569e+04,1.158719023806042969e-04
1.519506502167389044e+04,1.152775512309744954e-04
1.520506835611870520e+04,1.147969451267272234e-04
1.521507169056351995e+04,1.141853063018061221e-04
1.522507502500833471e+04,1.136756618507206440e-04
1.523507835945314946e+04,1.131544340751133859e-04
1.524508169389796421e+04,1.125717026297934353e-04
1.525508502834277897e+04,1.121247623814269900e-04
1.526508836278759372e+04,1.114977712859399617e-04
1.527509169723241030e+04,1.109986624214798212e-04
1.528509503167722505e+04,1.105121555156074464e-04
1.529509836612203981e+04,1.099100409192033112e-04
1.530510170056685456e+04,1.095137777156196535e-04
1.531510503501166932e+04,1.088772041839547455e-04
1.532510836945648407e+04,1.083630049834027886e-04
1.533511170390129882e+04,1.079670983017422259e-04
1.534511503834611358e+04,1.073424791684374213e-04
1.535511837279092833e+04,1.069347126758657396e-04
1.536512170723574309e+04,1.063379022525623441e-04
1.537512504168055966e+04,1.058678244589827955e-04
1.538512837612537442e+04,1.053687083185650408e-04
1.539513171057018917e+04,1.048319536494091153e-04
1.540513504501500393e+04,1.044142918544821441e-04
1.541513837945981868e+04,1.038514092215336859e-04
1.542514171390463343e+04,1.034183223964646459e-04
1.543514504834944819e+04,1.029018822009675205e-04
1.544514838279426294e+04,1.023989680106751621e-04
1.545515171723907770e+04,1.019421761156991124e-04
1.546515505168389427e+04,1.014325243886560202e-04
1.547515838612870903e+04,1.009309271466918290e-04
1.548516172057352378e+04,1.005141821224242449e-04
1.549516505501833853e+04,1.000105112325400114e-04
1.550516838946315329e+04,9.951774700311943889e-05
1.551517172390796804e+04,9.911001689033582807e-05
1.552517505835278280e+04,9.855920507106930017e-05
1.553517839279759755e+04,9.816529200179502368e-05
1.554518172724241231e+04,9.765172580955550075e-05
1.555518506168722706e+04,9.716118802316486835e-05
1.556518839613204364e+04,9.681885421741753817e-05
1.557519173057685839e+04,9.625250822864472866e-05
1.558519506502167314e+04,9.580972982803359628e-05
1.559519839946648790e+04,9.542777843307703733e-05
1.560520173391130265e+04,9.490651427768170834e-05
1.561520506835611741e+04,9.454032260691747069e-05
1.562520840280093216e+04,9.400674753123894334e-05
1.563521173724574692e+04,9.363484423374757171e-05
1.564521507169056167e+04,9.313347982242703438e-05
1.565521840613537643e+04,9.269799920730292797e-05
1.566522174058019300e+04,9.230732393916696310e-05
1.567522507502500775e+04,9.180712368106469512e-05
1.568522840946982251e+04,9.143989882431924343e-05
1.569523174391463726e+04,9.095339191844686866e-05
1.570523507835945202e+04,9.052707900991663337e-05
1.571523841280426677e+04,9.015275281853973866e-05
1.572524174724908153e+04,8.965392771642655134e-05
1.573524508169389628e+04,8.931961929192766547e-05
1.574524841613871104e+04,8.882952533895149827e-05
1.575525175058352579e+04,8.841988164931535721e-05
1.576525508502834236e+04,8.802669617580249906e-05
1.577525841947315712e+04,8.755169983487576246e-05
1.578526175391797187e+04,8.719758625375106931e-05
1.579526508836278663e+04,8.676486322656273842e-05
1.580526842280760138e+04,8.635023550596088171e-05
1.581527175725241614e+04,8.597996929893270135e-05
1.582527509169723089e+04,8.551631617592647672e-05
1.583527842614204565e+04,8.517564128851518035e-05
1.584528176058686040e+04,8.473166963085532188e-05
1.585528509503167516e+04,8.433224138570949435e-05
1.586528842947649173e+04,8.397531200898811221e-05
1.587529176392130648e+04,8.352529403055086732e-05
1.588529509836612124e+04,8.318346226587891579e-05
1.589529843281093599e+04,8.274519495898857713e-05
1.590530176725575075e+04,8.235184941440820694e-05
1.591530510170056550e+04,8.201877062674611807e-05
1.592530843614538026e+04,8.157962292898446321e-05
1.593531177059019501e+04,8.124370651785284281e-05
1.594531510503500976e+04,8.082277781795710325e-05
1.595531843947982452e+04,8.045222057262435555e-05
1.596532177392464109e+04,8.008944132598116994e-05
1.597532510836945585e+04,7.967797137098386884e-05
1.598532844281427060e+04,7.934984023449942470e-05
1.599533177725908536e+04,7.891846325946971774e-05
1.600533511170390011e+04,7.856408046791329980e-05
1.601533844614871487e+04,7.823584746802225709e-05
1.602534178059352962e+04,7.779657607898116112e-05
1.603534511503834437e+04,7.749604264972731471e-05
1.604534844948315913e+04,7.708968769293278456e-05
1.605535178392797388e+04,7.670953345950692892e-05
1.606535511837279046e+04,7.645090954611077905e-05
1.607535845281760521e+04,7.598228694405406713e-05
1.608536178726241997e+04,7.571776950499042869e-05
1.609536512170723472e+04,7.527878187829628587e-05
1.610536845615204948e+04,7.496691978303715587e-05
1.611537179059686423e+04,7.458747859345749021e-05
1.612537512504167898e+04,7.421777991112321615e-05
1.613537845948649374e+04,7.395505963359028101e-05
1.614538179393130849e+04,7.352288230322301388e-05
1.615538512837612325e+04,7.325280603254213929e-05
1.616538846282093982e+04,7.283962622750550508e-05
1.617539179726575458e+04,7.253193325595930219e-05
1.618539513171056933e+04,7.217349048005416989e-05
1.619539846615538409e+04,7.182208355516195297e-05
1.620540180060019884e+04,7.152897160267457366e-05
1.621540513504501359e+04,7.113825995475053787e-05
1.622540846948982835e+04,7.087177073117345572e-05
1.623541180393464310e+04,7.047709368634968996e-05
1.624541513837945786e+04,7.016229938017204404e-05
1.625541847282427261e+04,6.984308856772258878e-05
1.626542180726908919e+04,6.948345253476873040e-05
1.627542514171390394e+04,6.921907333889976144e-05
1.628542847615871869e+04,6.883091555209830403e-05
1.629543181060353345e+04,6.850410136394202709e-05
1.630543514504834820e+04,6.825938908150419593e-05
1.631543847949316296e+04,6.785594450775533915e-05
1.632544181393797771e+04,6.760347605450078845e-05
1.633544514838279247e+04,6.723533442709594965e-05
1.634544848282760722e+04,6.693665636703372002e-05
1.635545181727242198e+04,6.663051317445933819e-05
1.636545515171723855e+04,6.629854033235460520e-05
1.637545848616205330e+04,6.601290806429460645e-05
1.638546182060686624e+04,6.567808304680511355e-05
1.639546515505168281e+04,6.539139576489105821e-05
1.640546848949649575e+04,6.507336365757510066e-05
1.641547182394131232e+04,6.476568523794412613e-05
1.642547515838612890e+04,6.447390478570014238e-05
1.643547849283094183e+04,6.414978270186111331e-05
1.644548182727575841e+04,6.387782923411577940e-05
1.645548516172057134e+04,6.355369987431913614e-05
1.646548849616538791e+04,6.325840513454750180e-05
1.647549183061020085e+04,6.299169035628437996e-05
1.648549516505501742e+04,6.265447882469743490e-05
1.649549849949983036e+04,6.238854984985664487e-05
1.650550183394464693e+04,6.207817932590842247e-05
1.651550516838946351e+04,6.177468458190560341e-05
1.652550850283427644e+04,6.154259608592838049e-05
1.653551183727909302e+04,6.119220051914453506e-05
1.654551517172390595e+04,6.091663817642256618e-05
1.655551850616872252e+04,6.066276910132728517e-05
1.656552184061353546e+04,6.034247780917212367e-05
1.657552517505835203e+04,6.010459401295520365e-05
1.658552850950316497e+04,5.978243279969319701e-05
1.659553184394798154e+04,5.951340062892995775e-05
1.660553517839279448e+04,5.924404104007408023e-05
1.661553851283761105e+04,5.893766865483485162e-05
1.662554184728242763e+04,5.869036249350756407e-05
1.663554518172724056e+04,5.840993253514170647e-05
1.664554851617205713e+04,5.812501331092789769e-05
1.665555185061687007e+04,5.787135887658223510e-05
1.666555518506168664e+04,5.757856342825107276e-05
1.667555851950649958e+04,5.731743294745683670e-05
1.668556185395131615e+04,5.706445881514810026e-05
1.669556518839612909e+04,5.677393710357137024e-05
1.670556852284094566e+04,5.652999607264064252e-05
1.671557185728576223e+04,5.625107223750092089e-05
1.672557519173057517e+04,5.598963252850808203e-05
1.673557852617539174e+04,5.574162423727102578e-05
1.674558186062020468e+04,5.546058309846557677e-05
1.675558519506502125e+04,5.521759158000349998e-05
1.676558852950983419e+04,5.494860306498594582e-05
1.677559186395465076e+04,5.467119626700878143e-05
1.678559519839946370e+04,5.444794805953279138e-05
1.679559853284428027e+04,5.418459113570861518e-05
1.680560186728909321e+04,5.391013473854400218e-05
1.681560520173390978e+04,5.371322913561016321e-05
1.682560853617872635e+04,5.340954521670937538e-05
1.683561187062353929e+04,5.317870818544179201e-05
1.684561520506835586e+04,5.293459616950713098e-05
1.685561853951316880e+04,5.266830703476443887e-05
1.686562187395798537e+04,5.245805368758738041e-05
1.687562520840279831e+04,5.218152728048153222e-05
1.688562854284761488e+04,5.195393532630987465e-05
1.689563187729242782e+04,5.170028089196421206e-05
1.690563521173724439e+04,5.145532850292511284e-05
1.691563854618206096e+04,5.123915616422891617e-05
1.692564188062687390e+04,5.096315726405009627e-05
1.693564521507169047e+04,5.074760701972991228e-05
1.694564854951650341e+04,5.051060361438430846e-05
1.695565188396131998e+04,5.025578138884156942e-05
1.696565521840613292e+04,5.005858474760316312e-05
1.697565855285094949e+04,4.979549703421071172e-05
1.698566188729576243e+04,4.958317003911361098e-05
1.699566522174057900e+04,4.933664240525104105e-05
1.700566855618539194e+04,4.910564894089475274e-05
1.701567189063020851e+04,4.888700641458854079e-05
1.702567522507502508e+04,4.863899084739387035e-05
1.703567855951983802e+04,4.844425711780786514e-05
1.704568189396465459e+04,4.818602246814407408e-05
1.705568522840946753e+04,4.796286521013826132e-05
1.706568856285428410e+04,4.777274079970084131e-05
1.707569189729909704e+04,4.750952211907133460e-05
1.708569523174391361e+04,4.733009336632676423e-05
1.709569856618872655e+04,4.707369225798174739e-05
1.710570190063354312e+04,4.685924068326130509e-05
1.711570523507835969e+04,4.666260065278038383e-05
1.712570856952317263e+04,4.641355917556211352e-05
1.713571190396798920e+04,4.624593566404655576e-05
1.714571523841280214e+04,4.598195300786755979e-05
1.715571857285761871e+04,4.579054075293242931e-05
1.716572190730243165e+04,4.556383646558970213e-05
1.717572524174724822e+04,4.533326500677503645e-05
1.718572857619206115e+04,4.518673449638299644e-05
1.719573191063687773e+04,4.491920481086708605e-05
1.720573524508169430e+04,4.473818262340500951e-05
1.721573857952650724e+04,4.451262793736532331e-05
1.722574191397132381e+04,4.430773333297111094e-05
1.723574524841613675e+04,4.410964902490377426e-05
1.724574858286095332e+04,4.389262176118791103e-05
1.725575191730576626e+04,4.371349496068432927e-05
1.726575525175058283e+04,4.347918365965597332e-05
1.727575858619539576e+04,4.330808951635845006e-05
1.728576192064021234e+04,4.308073039283044636e-05
1.729576525508502527e+04,4.288725904189050198e-05
1.730576858952984185e+04,4.269023338565602899e-05
1.731577192397465842e+04,4.247977267368696630e-05
1.732577525841947136e+04,4.231148705002851784e-05
1.733577859286428793e+04,4.208050086162984371e-05
1.734578192730910087e+04,4.190932304481975734e-05
1.735578526175391744e+04,4.170593092567287385e-05
1.736578859619873037e+04,4.150326276430860162e-05
1.737579193064354695e+04,4.133856782573275268e-05
1.738579526508835988e+04,4.111406815354712307e-05
1.739579859953317646e+04,4.095714393770322204e-05
1.740580193397799303e+04,4.073606760357506573e-05
1.741580526842280597e+04,4.055024328408762813e-05
1.742580860286762254e+04,4.038187762489542365e-05
1.743581193731243548e+04,4.016883030999451876e-05
1.744581527175725205e+04,4.001360503025352955e-05
1.745581860620206498e+04,3.980047040386125445e-05
1.746582194064688156e+04,3.962420305470004678e-05
1.747582527509169449e+04,3.944604759453795850e-05
1.748582860953651107e+04,3.924678821931593120e-05
1.749583194398132400e+04,3.909052611561492085e-05
1.750583527842614058e+04,3.888623541570268571e-05
1.751583861287095715e+04,3.871396984322927892e-05
1.752584194731577008e+04,3.854137685266323388e-05
1.753584528176058666e+04,3.834278322756290436e-05
1.754584861620539959e+04,3.819518678938038647e-05
1.755585195065021617e+04,3.799059413722716272e-05
1.756585528509502910e+04,3.782821659115143120e-05
1.757585861953984568e+04,3.764896246138960123e-05
1.758586195398465861e+04,3.745628418982960284e-05
1.759586528842947519e+04,3.733384801307693124e-05
1.760586862287429176e+04,3.711090539582073689e-05
1.761587195731910469e+04,3.695927080116234720e-05
1.762587529176392127e+04,3.678066786960698664e-05
1.763587862620873420e+04,3.660459333332255483e-05
1.764588196065355078e+04,3.645468314061872661e-05
1.765588529509836371e+04,3.626705074566416442e-05
1.766588862954318029e+04,3.611662395996972919e-05
1.767589196398799322e+04,3.593757355702109635e-05
1.768589529843280980e+04,3.578400355763733387e-05
1.769589863287762273e+04,3.559832475730217993e-05
1.770590196732243930e+04,3.544069113559089601e-05
1.771590530176725588e+04,3.528537490637972951e-05
1.772590863621206881e+04,3.510501846903935075e-05
1.773591197065688539e+04,3.496717909001745284e-05
1.774591530510169832e+04,3.478062353678978980e-05
1.775591863954651490e+04,3.462910535745322704e-05
1.776592197399132783e+04,3.447147537372075021e-05
1.777592530843614441e+04,3.429450225667096674e-05
1.778592864288095734e+04,3.418270716792903841e-05
1.779593197732577391e+04,3.398420813027769327e-05
1.780593531177059049e+04,3.385225500096566975e-05
1.781593864621540342e+04,3.367207682458683848e-05
1.782594198066022000e+04,3.352395287947729230e-05
1.783594531510503293e+04,3.337271846248768270e-05
1.784594864954984951e+04,3.321416443213820457e-05
1.785595198399466244e+04,3.307033693999983370e-05
1.786595531843947902e+04,3.290353561169467866e-05
1.787595865288429195e+04,3.276333518442697823e-05
1.788596198732910852e+04,3.260889934608712792e-05
1.789596532177392146e+04,3.245609332225285470e-05
1.790596865621873803e+04,3.230504080420359969e-05
1.791597199066355461e+04,3.215662218281067908e-05
1.792597532510836754e+04,3.201277286279946566e-05
1.793597865955318412e+04,3.185623063473030925e-05
1.794598199399799705e+04,3.172382639604620636e-05
1.795598532844281362e+04,3.156254751957021654e-05
1.796598866288762656e+04,3.141333945677615702e-05
1.797599199733244313e+04,3.129407559754326940e-05
1.798599533177725607e+04,3.112297417828813195e-05
1.799599866622207264e+04,3.099137029494158924e-05
1.800600200066688922e+04,3.084779746131971478e-05
1.801600533511170215e+04,3.069117519771680236e-05
1.802600866955651873e+04,3.058129368582740426e-05
1.803601200400133166e+04,3.041105446754954755e-05
1.804601533844614823e+04,3.028203536814544350e-05
1.805601867289096117e+04,3.014113826793618500e-05
1.806602200733577774e+04,2.999710886797402054e-05
1.807602534178059068e+04,2.987942025356460363e-05
1.808602867622540725e+04,2.972018046420998871e-05
1.809603201067022019e+04,2.960111487482208759e-05
1.810603534511503676e+04,2.944411608041264117e-05
1.811603867955985334e+04,2.932220922957640141e-05
1.812604201400466627e+04,2.918446807598229498e-05
1.813604534844948284e+04,2.904236316680908203e-05
1.814604868289429578e+04,2.892453812819439918e-05
1.815605201733911235e+04,2.877215410990174860e-05
1.816605535178392529e+04,2.866068462026305497e-05
1.817605868622874186e+04,2.851310091500636190e-05
1.818606202067355480e+04,2.838646651071030647e-05
1.819606535511837137e+04,2.826000309141818434e-05
1.820606868956318795e+04,2.811734884744510055e-05
1.821607202400800088e+04,2.801407754304818809e-05
1.822607535845281745e+04,2.785990545817185193e-05
1.823607869289763039e+04,2.774848871922586113e-05
1.824608202734244696e+04,2.761022369668353349e-05
1.825608536178725990e+04,2.748804945440497249e-05
1.826608869623207647e+04,2.736079659371171147e-05
1.827609203067688941e+04,2.722972567426040769e-05
1.828609536512170598e+04,2.711976412683725357e-05
1.829609869956651892e+04,2.697515446925535798e-05
1.830610203401133549e+04,2.686485640879254788e-05
1.831610536845615206e+04,2.673752896953374147e-05
1.832610870290096500e+04,2.660938480403274298e-05
1.833611203734578157e+04,2.650166061357595026e-05
1.834611537179059451e+04,2.636221870488952845e-05
1.835611870623541108e+04,2.625488014018628746e-05
1.836612204068022402e+04,2.613059768918901682e-05
1.837612537512504059e+04,2.600598236313089728e-05
1.838612870956985353e+04,2.589408722997177392e-05
1.839613204401467010e+04,2.577075974841136485e-05
1.840613537845948667e+04,2.565336399129591882e-05
1.841613871290429961e+04,2.553743615862913430e-05
1.842614204734911618e+04,2.542098991398233920e-05
1.843614538179392912e+04,2.530011988710612059e-05
1.844614871623874569e+04,2.519072222639806569e-05
1.845615205068355863e+04,2.507199496903922409e-05
1.846615538512837520e+04,2.495805529179051518e-05
1.847615871957318814e+04,2.484606011421419680e-05
1.848616205401800471e+04,2.472712731105275452e-05
1.849616538846281765e+04,2.461788608343340456e-05
1.850616872290763422e+04,2.450281863275449723e-05
1.851617205735245079e+04,2.439196032355539501e-05
1.852617539179726373e+04,2.427937943139113486e-05
1.853617872624208030e+04,2.416570532659534365e-05
1.854618206068689324e+04,2.406129533483181149e-05
1.855618539513170981e+04,2.394644798187073320e-05
1.856618872957652275e+04,2.382999809924513102e-05
1.857619206402133932e+04,2.374101131863426417e-05
1.858619539846615226e+04,2.361350561841391027e-05
1.859619873291096883e+04,2.350452632526867092e-05
1.860620206735578540e+04,2.342161315027624369e-05
1.861620540180059834e+04,2.328557457076385617e-05
1.862620873624541491e+04,2.319800842087715864e-05
1.863621207069022785e+04,2.307878276042174548e-05
1.864621540513504442e+04,2.298121398780494928e-05
1.865621873957985736e+04,2.287298048031516373e-05
1.866622207402467393e+04,2.276560007885564119e-05
1.867622540846948687e+04,2.267292984470259398e-05
1.868622874291430344e+04,2.255452454846818000e-05
1.869623207735911637e+04,2.247877091576810926e-05
1.870623541180393295e+04,2.235015199403278530e-05
1.871623874624874952e+04,2.226666038041003048e-05
1.872624208069356246e+04,2.215189851995091885e-05
1.873624541513837903e+04,2.205961209256201982e-05
1.874624874958319197e+04,2.195099295931868255e-05
1.875625208402800854e+04,2.184882032452151179e-05
1.876625541847282148e+04,2.175945337512530386e-05
1.877625875291763805e+04,2.164697070838883519e-05
1.878626208736245098e+04,2.156431946787051857e-05
1.879626542180726756e+04,2.145412690879311413e-05
1.880626875625208413e+04,2.135609247488901019e-05
1.881627209069689707e+04,2.127036350429989398e-05
1.882627542514171364e+04,2.116096948157064617e-05
1.883627875958652658e+04,2.107751970470417291e-05
1.884628209403134315e+04,2.097160904668271542e-05
1.885628542847615608e+04,2.087702159769833088e-05
1.886628876292097266e+04,2.078616307699121535e-05
1.887629209736578559e+04,2.068900357699021697e-05
1.888629543181060217e+04,2.059321377601008862e-05
1.889629876625541874e+04,2.050535658781882375e-05
1.890630210070023168e+04,2.040477374976035208e-05
1.891630543514504825e+04,2.031717303907498717e-05
1.892630876958986119e+04,2.022409353230614215e-05
1.893631210403467776e+04,2.012812728935386986e-05
1.894631543847949069e+04,2.004366251640021801e-05
1.895631877292430727e+04,1.994749618461355567e-05
1.896632210736912020e+04,1.985390736081171781e-05
1.897632544181393678e+04,1.977453393919859082e-05
1.898632877625874971e+04,1.967430216609500349e-05
1.899633211070356629e+04,1.959299152076710016e-05
1.900633544514838286e+04,1.949900615727528930e-05
1.901633877959319580e+04,1.940876063599716872e-05
1.902634211403801237e+04,1.932956547534558922e-05
1.903634544848282530e+04,1.922925184771884233e-05
1.904634878292764188e+04,1.914735003083478659e-05
1.905635211737245481e+04,1.906487523228861392e-05
1.906635545181727139e+04,1.896960384328849614e-05
1.907635878626208432e+04,1.890103703772183508e-05
1.908636212070690090e+04,1.879643241409212351e-05
1.909636545515171747e+04,1.872636858024634421e-05
1.910636878959653041e+04,1.862889803305733949e-05
1.911637212404134698e+04,1.854408947110641748e-05
1.912637545848615991e+04,1.847352723416406661e-05
1.913637879293097649e+04,1.837514355429448187e-05
1.914638212737578942e+04,1.830992368923034519e-05
1.915638546182060600e+04,1.820843863242771477e-05
1.916638879626541893e+04,1.813190465327352285e-05
1.917639213071023551e+04,1.805182000680360943e-05
1.918639546515504844e+04,1.796488504623994231e-05
1.919639879959986501e+04,1.789546149666421115e-05
1.920640213404468159e+04,1.780074126145336777e-05
1.921640546848949452e+04,1.773513577063567936e-05
1.922640880293431110e+04,1.764173066476359963e-05
1.923641213737912403e+04,1.756861092871986330e-05
1.924641547182394061e+04,1.748657632560934871e-05
1.925641880626875354e+04,1.740401603456120938e-05
1.926642214071357012e+04,1.733722638164181262e-05
1.927642547515838305e+04,1.724697540339548141e-05
1.928642880960319962e+04,1.717492341413162649e-05
1.929643214404801620e+04,1.709490788925904781e-05
1.930643547849282913e+04,1.701639848761260509e-05
1.931643881293764571e+04,1.694752609182614833e-05
1.932644214738245864e+04,1.686306313786190003e-05
1.933644548182727522e+04,1.679278830124530941e-05
1.934644881627208815e+04,1.671226527832914144e-05
1.935645215071690473e+04,1.663925104367081076e-05
1.936645548516171766e+04,1.656273889238946140e-05
1.937645881960653423e+04,1.648613761062733829e-05
1.938646215405134717e+04,1.641777453187387437e-05
1.939646548849616374e+04,1.633868487260770053e-05
1.940646882294098032e+04,1.626691118872258812e-05
1.941647215738579325e+04,1.619286376808304340e-05
1.942647549183060983e+04,1.611718107596971095e-05
1.943647882627542276e+04,1.604829412826802582e-05
1.944648216072023934e+04,1.597592381585855037e-05
1.945648549516505227e+04,1.589993735251482576e-05
1.946648882960986884e+04,1.583625635248608887e-05
1.947649216405468178e+04,1.575829628563951701e-05
1.948649549849949835e+04,1.568809784657787532e-05
1.949649883294431493e+04,1.562265242682769895e-05
1.950650216738912786e+04,1.554318987473379821e-05
1.951650550183394444e+04,1.548609179735649377e-05
1.952650883627875737e+04,1.540587254567071795e-05
1.953651217072357394e+04,1.533861723146401346e-05
1.954651550516838688e+04,1.527475978946313262e-05
1.955651883961320345e+04,1.519975921837612987e-05
1.956652217405801639e+04,1.513923689344665036e-05
1.957652550850283296e+04,1.506144053564639762e-05
1.958652884294764590e+04,1.500056168879382312e-05
1.959653217739246247e+04,1.492944193159928545e-05
1.960653551183727905e+04,1.485868233430664986e-05
1.961653884628209198e+04,1.480645096307853237e-05
1.962654218072690855e+04,1.472554959036642686e-05
1.963654551517172149e+04,1.466965932195307687e-05
1.964654884961653806e+04,1.459608029108494520e-05
1.965655218406135100e+04,1.453183085686760023e-05
1.966655551850616757e+04,1.446920305170351639e-05
1.967655885295098051e+04,1.439924835722194985e-05
1.968656218739579708e+04,1.434451314707985148e-05
1.969656552184061366e+04,1.426979542884510010e-05
1.970656885628542659e+04,1.421907199983252212e-05
1.971657219073024316e+04,1.414270627719815820e-05
1.972657552517505610e+04,1.409015658282442018e-05
1.973657885961987267e+04,1.401747158524813130e-05
1.974658219406468561e+04,1.395956951455445960e-05
1.975658552850950218e+04,1.389462158840615302e-05
1.976658886295431512e+04,1.382934260618640110e-05
1.977659219739913169e+04,1.377589978801552206e-05
1.978659553184394463e+04,1.370738846162566915e-05
1.979659886628876120e+04,1.364922172797378153e-05
1.980660220073357777e+04,1.358693225483875722e-05
1.981660553517839071e+04,1.352364870399469510e-05
1.982660886962320728e+04,1.347158195130759850e-05
1.983661220406802022e+04,1.340212475042790174e-05
1.984661553851283679e+04,1.334805347141809762e-05
1.985661887295764973e+04,1.328530561295337975e-05
1.986662220740246630e+04,1.322500975220464170e-05
1.987662554184727924e+04,1.317180067417211831e-05
1.988662887629209581e+04,1.310635434492724016e-05
1.989663221073691238e+04,1.305442128796130419e-05
1.990663554518172532e+04,1.298911411140579730e-05
1.991663887962654189e+04,1.293429431825643405e-05
1.992664221407135483e+04,1.287707618757849559e-05
1.993664554851617140e+04,1.281557069887639955e-05
1.994664888296098434e+04,1.276906095881713554e-05
1.995665221740580091e+04,1.270067514269612730e-05
1.996665555185061385e+04,1.265291211893782020e-05
1.997665888629543042e+04,1.259005057363538072e-05
1.998666222074024336e+04,1.253689515579026192e-05
1.999666555518505993e+04,1.248026637767907232e-05
2.000666888962987650e+04,1.242130838363664225e-05
2.001667222407468944e+04,1.237410106114111841e-05
2.002667555851950601e+04,1.231190890393918380e-05
2.003667889296431895e+04,1.226236236107069999e-05
2.004668222740913552e+04,1.220295689563499764e-05
2.005668556185394846e+04,1.215057181980228052e-05
2.006668889629876503e+04,1.209708352689631283e-05
2.007669223074357797e+04,1.203925148729467764e-05
2.008669556518839454e+04,1.199296002596383914e-05
2.009669889963321111e+04,1.193328353110700846e-05
2.010670223407802405e+04,1.188206169899785891e-05
2.011670556852284062e+04,1.183120002679061145e-05
2.012670890296765356e+04,1.177423564513446763e-05
2.013671223741247013e+04,1.172874817711999640e-05
2.014671557185728307e+04,1.167094342235941440e-05
2.015671890630209964e+04,1.162012176791904494e-05
2.016672224074691258e+04,1.157186852651648223e-05
2.017672557519172915e+04,1.151542892330326140e-05
2.018672890963654208e+04,1.146986960520735011e-05
2.019673224408135866e+04,1.141478969657327980e-05
2.020673557852617523e+04,1.136543414759216830e-05
2.021673891297098817e+04,1.131573299062438309e-05
2.022674224741580474e+04,1.126204097090521827e-05
2.023674558186061768e+04,1.122040339396335185e-05
2.024674891630543425e+04,1.116235034714918584e-05
2.025675225075024719e+04,1.111586516344686970e-05
2.026675558519506376e+04,1.106723721022717655e-05
2.027675891963987669e+04,1.101676389225758612e-05
2.028676225408469327e+04,1.097101358027430251e-05
2.029676558852950984e+04,1.091796912078280002e-05
2.030676892297432278e+04,1.087549753719940782e-05
2.031677225741913935e+04,1.082115431927377358e-05
2.032677559186395229e+04,1.077413890016032383e-05
2.033677892630876886e+04,1.073079965863144025e-05
2.034678226075358180e+04,1.067946868715807796e-05
2.035678559519839837e+04,1.063638774212449789e-05
2.036678892964321130e+04,1.058530961017822847e-05
2.037679226408802788e+04,1.054067433869931847e-05
2.038679559853284081e+04,1.049325692292768508e-05
2.039679893297765739e+04,1.044598593580303714e-05
2.040680226742247396e+04,1.040281586028868333e-05
2.041680560186728690e+04,1.035352215694729239e-05
2.042680893631210347e+04,1.031151168717769906e-05
2.043681227075691640e+04,1.026315476337913424e-05
2.044681560520173298e+04,1.021856951410882175e-05
2.045681893964654591e+04,1.017441172734834254e-05
2.046682227409136249e+04,1.012690336210653186e-05
2.047682560853617542e+04,1.008477465802570805e-05
2.048682894298099200e+04,1.003956367640057579e-05
2.049683227742580857e+04,9.993425010179635137e-06
2.050683561187062151e+04,9.953978405974339694e-06
2.051683894631543808e+04,9.905781553243286908e-06
2.052684228076025101e+04,9.865236279438249767e-06
2.053684561520506759e+04,9.820855666475836188e-06
2.054684894964988052e+04,9.775641046871896833e-06
2.055685228409469710e+04,9.737232176121324301e-06
2.056685561853951003e+04,9.688678801467176527e-06
2.057685895298432661e+04,9.647529623180162162e-06
2.058686228742914318e+04,9.608126674720551819e-06
2.059686562187395612e+04,9.561378647049423307e-06
2.060686895631877269e+04,9.526690519123803824e-06
2.061687229076358562e+04,9.477785170020069927e-06
2.062687562520840220e+04,9.441444490221329033e-06
2.063687895965321513e+04,9.395409506396390498e-06
2.064688229409803171e+04,9.355991096526850015e-06
2.065688562854284464e+04,9.315499482909217477e-06
2.066688896298766122e+04,9.272217539546545595e-06
2.067689229743247415e+04,9.236591722583398223e-06
2.068689563187729073e+04,9.191101526084821671e-06
2.069689896632210730e+04,9.153381142823491246e-06
2.070690230076692023e+04,9.112281077250372618e-06
2.071690563521173681e+04,9.072153261513449252e-06
2.072690896965654974e+04,9.033782589540351182e-06
2.073691230410136632e+04,8.991612048703245819e-06
2.074691563854617925e+04,8.956317287811543792e-06
2.075691897299099583e+04,8.912435987440403551e-06
2.076692230743580876e+04,8.875010280462447554e-06
2.077692564188062534e+04,8.837609129841439426e-06
2.078692897632544191e+04,8.797243026492651552e-06
2.079693231077025484e+04,8.760921446082647890e-06
2.080693564521507142e+04,8.718930985196493566e-06
2.081693897965988435e+04,8.683762644068337977e-06
2.082694231410470093e+04,8.645060916023794562e-06
2.083694564854951386e+04,8.607140443928074092e-06
2.084694898299433044e+04,8.570747013436630368e-06
2.085695231743914337e+04,8.530990271538030356e-06
2.086695565188395994e+04,8.497719136357773095e-06
2.087695898632877288e+04,8.456179784843698144e-06
2.088696232077358945e+04,8.421404345426708460e-06
2.089696565521840603e+04,8.384738976019434631e-06
2.090696898966321896e+04,8.346625691046938300e-06
2.091697232410803554e+04,8.313040780194569379e-06
2.092697565855284847e+04,8.272600098280236125e-06
2.093697899299766505e+04,8.242263902502600104e-06
2.094698232744247798e+04,8.201308446587063372e-06
2.095698566188729455e+04,8.169457032636273652e-06
2.096698899633210749e+04,8.130791684379801154e-06
2.097699233077692406e+04,8.096576493699103594e-06
2.098699566522174064e+04,8.061489097599405795e-06
2.099699899966655357e+04,8.024874659895431250e-06
2.100700233411137015e+04,7.993808139872271568e-06
2.101700566855618308e+04,7.954403372423257679e-06
2.102700900300099966e+04,7.924831152195110917e-06
2.103701233744581259e+04,7.886119419708848000e-06
2.104701567189062916e+04,7.853612260078079998e-06
2.105701900633544210e+04,7.819211532478220761e-06
2.106702234078025867e+04,7.784075933159328997e-06
2.107702567522507161e+04,7.752602869004476815e-06
2.108702900966988818e+04,7.715858373558148742e-06
2.109703234411470476e+04,7.686318895139265805e-06
2.110703567855951769e+04,7.649167855561245233e-06
2.111703901300433427e+04,7.617918981850380078e-06
2.112704234744914720e+04,7.584154445794411004e-06
2.113704568189396377e+04,7.550316240667598322e-06
2.114704901633877671e+04,7.520420695072971284e-06
2.115705235078359328e+04,7.484365596610587090e-06
2.116705568522840622e+04,7.456803359673358500e-06
2.117705901967322279e+04,7.419682788167847320e-06
2.118706235411803937e+04,7.390538939944235608e-06
2.119706568856285230e+04,7.356481091846944764e-06
2.120706902300766887e+04,7.324838406930211931e-06
2.121707235745248181e+04,7.294338956853607669e-06
2.122707569189729838e+04,7.260718120960518718e-06
2.123707902634211132e+04,7.233209089463343844e-06
2.124708236078692789e+04,7.197895683930255473e-06
2.125708569523174083e+04,7.169575837906450033e-06
2.126708902967655740e+04,7.136739441193640232e-06
2.127709236412137034e+04,7.107303190423408523e-06
2.128709569856618691e+04,7.074801487760851160e-06
2.129709903301100348e+04,7.045380698400549591e-06
2.130710236745581642e+04,7.014727543719345704e-06
2.131710570190063299e+04,6.983756975387223065e-06
2.132710903634544593e+04,6.955560820642858744e-06
2.133711237079026250e+04,6.923266482772305608e-06
2.134711570523507544e+04,6.896149898238945752e-06
2.135711903967989201e+04,6.863933776912745088e-06
2.136712237412470495e+04,6.836431111878482625e-06
2.137712570856952152e+04,6.804871190979611129e-06
2.138712904301433809e+04,6.776670943509088829e-06
2.139713237745915103e+04,6.747143743268679827e-06
2.140713571190396760e+04,6.717448286508442834e-06
2.141713904634878054e+04,6.690310328849591315e-06
2.142714238079359711e+04,6.660148301307344809e-06
2.143714571523841005e+04,6.631908945564646274e-06
2.144714904968322662e+04,6.603345809708116576e-06
2.145715238412803956e+04,6.574852704943623394e-06
2.146715571857285613e+04,6.547185421368340030e-06
2.147715905301766907e+04,6.518589543702546507e-06
2.148716238746248564e+04,6.490064151876140386e-06
2.149716572190730221e+04,6.463071713369572535e-06
2.150716905635211515e+04,6.434672286559361964e-06
2.151717239079693172e+04,6.406632110156351700e-06
2.152717572524174466e+04,6.380217200785409659e-06
2.153717905968656123e+04,6.350928288156865165e-06
2.154718239413137417e+04,6.326891252683708444e-06
2.155718572857619074e+04,6.296670107985846698e-06
2.156718906302100368e+04,6.270641733863158152e-06
2.157719239746582025e+04,6.244615178729873151e-06
2.158719573191063682e+04,6.216564543137792498e-06
2.159719906635544976e+04,6.191363809193717316e-06
2.160720240080026633e+04,6.163824764371383935e-06
2.161720573524507927e+04,6.137774107628501952e-06
2.162720906968989584e+04,6.111521997809177265e-06
2.163721240413470878e+04,6.084890628699213266e-06
2.164721573857952535e+04,6.059955012460704893e-06
2.165721907302433829e+04,6.032959845470031723e-06
2.166722240746915486e+04,6.007566298649180681e-06
2.167722574191396779e+04,5.981200047244783491e-06
2.168722907635878437e+04,5.957142093393485993e-06
2.169723241080360094e+04,5.930227416683919728e-06
2.170723574524841388e+04,5.904750196350505576e-06
2.171723907969323045e+04,5.880964181415038183e-06
2.172724241413804339e+04,5.854481969436164945e-06
2.173724574858285996e+04,5.830496320413658395e-06
2.174724908302767290e+04,5.805156888527562842e-06
2.175725241747248947e+04,5.780445462733041495e-06
2.176725575191730240e+04,5.756126029154984280e-06
2.177725908636211898e+04,5.730273642257088795e-06
2.178726242080693555e+04,5.708500339096644893e-06
2.179726575525174849e+04,5.681589755113236606e-06
2.180726908969656506e+04,5.658755071635823697e-06
2.181727242414137800e+04,5.633614819089416414e-06
2.182727575858619457e+04,5.608897481579333544e-06
2.183727909303100751e+04,5.588457497651688755e-06
2.184728242747582408e+04,5.561511898122262210e-06
2.185728576192063701e+04,5.540585334529168904e-06
2.186728909636545359e+04,5.514237727766158059e-06
2.187729243081026652e+04,5.493415756063768640e-06
2.188729576525508310e+04,5.467489245347678661e-06
2.189729909969989967e+04,5.446566774480743334e-06
2.190730243414471261e+04,5.421448349807178602e-06
2.191730576858952918e+04,5.399497695179888979e-06
2.192730910303434212e+04,5.375944056140724570e-06
2.193731243747915869e+04,5.353033884603064507e-06
2.194731577192397162e+04,5.331031843525124714e-06
2.195731910636878820e+04,5.307567789714084938e-06
2.196732244081360113e+04,5.286123268888331950e-06
2.197732577525841771e+04,5.262333615974057466e-06
2.198732910970323428e+04,5.241951384959975258e-06
2.199733244414804722e+04,5.217483703745529056e-06
2.200733577859286379e+04,5.196321581024676561e-06
2.201733911303767673e+04,5.174551006348337978e-06
2.202734244748249330e+04,5.152222456672461703e-06
2.203734578192730623e+04,5.130965746502624825e-06
2.204734911637212281e+04,5.108513050799956545e-06
2.205735245081693574e+04,5.088224042992806062e-06
2.206735578526175232e+04,5.065111508884001523e-06
2.207735911970656525e+04,5.045448233431670815e-06
2.208736245415138183e+04,5.022279765398707241e-06
2.209736578859619840e+04,5.002745183446677402e-06
2.210736912304101133e+04,4.980453013558872044e-06
2.211737245748582791e+04,4.960259047948056832e-06
2.212737579193064084e+04,4.938674010190879926e-06
2.213737912637545742e+04,4.917795195069629699e-06
2.214738246082027035e+04,4.897234248346649110e-06
2.215738579526508693e+04,4.876496404904173687e-06
2.216738912970989986e+04,4.856565283262170851e-06
2.217739246415471644e+04,4.835552772419760004e-06
2.218739579859953301e+04,4.814892690774286166e-06
2.219739913304434594e+04,4.795243057742482051e-06
2.220740246748916252e+04,4.774578428623499349e-06
2.221740580193397545e+04,4.754861492983764037e-06
2.222740913637879203e+04,4.734420599561417475e-06
2.223741247082360496e+04,4.714750957646174356e-06
2.224741580526842154e+04,4.694556082540657371e-06
2.225741913971323447e+04,4.675219770433614030e-06
2.226742247415805105e+04,4.655102202377747744e-06
2.227742580860286762e+04,4.636573976313229650e-06
2.228742914304768055e+04,4.616133082890883088e-06
2.229743247749249713e+04,4.597301085595972836e-06
2.230743581193731006e+04,4.577487743517849594e-06
2.231743914638212664e+04,4.558388809527968988e-06
2.232744248082693957e+04,4.539638666756218299e-06
2.233744581527175615e+04,4.519908088695956394e-06
2.234744914971656908e+04,4.500849172472953796e-06
2.235745248416138566e+04,4.482907115743728355e-06
2.236745581860619859e+04,4.462956439965637401e-06
2.237745915305101516e+04,4.445994818524923176e-06
2.238746248749583174e+04,4.425663973961491138e-06
2.239746582194064467e+04,4.408177119330503047e-06
2.240746915638546125e+04,4.388951765577076003e-06
2.241747249083027418e+04,4.370856004243250936e-06
2.242747582527509076e+04,4.352651103545213118e-06
2.243747915971990369e+04,4.334347522672032937e-06
2.244748249416472026e+04,4.316460035624913871e-06
2.245748582860953320e+04,4.298062322050100192e-06
2.246748916305434977e+04,4.280647317500552163e-06
2.247749249749916635e+04,4.261858066456625238e-06
2.248749583194397928e+04,4.245435775374062359e-06
2.249749916638879586e+04,4.226589680911274627e-06
2.250750250083360879e+04,4.209772669128142297e-06
2.251750583527842537e+04,4.191297193756327033e-06
2.252750916972323830e+04,4.174456535110948607e-06
2.253751250416805487e+04,4.156692739343270659e-06
2.254751583861286781e+04,4.139692919125081971e-06
2.255751917305768438e+04,4.122058726352406666e-06
2.256752250750249732e+04,4.104971594642847776e-06
2.257752584194731389e+04,4.088411060365615413e-06
2.258752917639213047e+04,4.070538125233724713e-06
2.259753251083694340e+04,4.054374130646465346e-06
2.260753584528175998e+04,4.036906830151565373e-06
2.261753917972657291e+04,4.020389042125316337e-06
2.262754251417138948e+04,4.003624781034886837e-06
2.263754584861620242e+04,3.986726824223296717e-06
2.264754918306101899e+04,3.970677425968460739e-06
2.265755251750583193e+04,3.953421128244372085e-06
2.266755585195064850e+04,3.938156169169815257e-06
2.267755918639546508e+04,3.920775270671583712e-06
2.268756252084027801e+04,3.905424819095060229e-06
2.269756585528509459e+04,3.888314950017957017e-06
2.270756918972990752e+04,3.873214609484421089e-06
2.271757252417472409e+04,3.856243438349338248e-06
2.272757585861953703e+04,3.840975296043325216e-06
2.273757919306435360e+04,3.824325631285319105e-06
2.274758252750916654e+04,3.809266445387038402e-06
2.275758586195398311e+04,3.792654297285480425e-06
2.276758919639879605e+04,3.777642405111691914e-06
2.277759253084361262e+04,3.761537300306372344e-06
2.278759586528842920e+04,3.746011770999757573e-06
2.279759919973324213e+04,3.730591288331197575e-06
2.280760253417805870e+04,3.715103048307355493e-06
2.281760586862287164e+04,3.699796479850192554e-06
2.282760920306768821e+04,3.684764351419289596e-06
2.283761253751250115e+04,3.668852741611772217e-06
2.284761587195731772e+04,3.654690772236790508e-06
2.285761920640213066e+04,3.638905127445468679e-06
2.286762254084694723e+04,3.624465534812770784e-06
2.287762587529176380e+04,3.608935685406322591e-06
2.288762920973657674e+04,3.594537020035204478e-06
2.289763254418139331e+04,3.579321401048218831e-06
2.290763587862620625e+04,3.564795861166203395e-06
2.291763921307102282e+04,3.549922894308110699e-06
2.292764254751583576e+04,3.535315727276611142e-06
2.293764588196065233e+04,3.521047347021522000e-06
2.294764921640546527e+04,3.506123448460130021e-06
2.295765255085028184e+04,3.492302312224637717e-06
2.296765588529509478e+04,3.477290874798200093e-06
2.297765921973991135e+04,3.463661187197430991e-06
2.298766255418472792e+04,3.448780944381724112e-06
2.299766588862954086e+04,3.435340431678923778e-06
2.300766922307435743e+04,3.420482471483410336e-06
2.301767255751917037e+04,3.407111762498971075e-06
2.302767589196398694e+04,3.392306552996160462e-06
2.303767922640879988e+04,3.379312829565606080e-06
2.304768256085361645e+04,3.364647909620543942e-06
2.305768589529842939e+04,3.351432724230107851e-06
2.306768922974324596e+04,3.337102953082649037e-06
2.307769256418806253e+04,3.323966893731267191e-06
2.308769589863287547e+04,3.309743760837591253e-06
2.309769923307769204e+04,3.296264139862614684e-06
2.310770256752250498e+04,3.283082605776144192e-06
2.311770590196732155e+04,3.269645503678475507e-06
2.312770923641213449e+04,3.256092895753681660e-06
2.313771257085695106e+04,3.242928414692869410e-06
2.314771590530176400e+04,3.229606136301299557e-06
2.315771923974658057e+04,3.216892764612566680e-06
2.316772257419139351e+04,3.202977268301765434e-06
2.317772590863621008e+04,3.190643155903671868e-06
2.318772924308102665e+04,3.176986410835525021e-06
2.319773257752583959e+04,3.164332383676082827e-06
2.320773591197065616e+04,3.151310920657124370e-06
2.321773924641546910e+04,3.138459305773722008e-06
2.322774258086028567e+04,3.125652483504381962e-06
2.323774591530509861e+04,3.112919557679560967e-06
2.324774924974991518e+04,3.100252342846943066e-06
2.325775258419472812e+04,3.087487812081235461e-06
2.326775591863954469e+04,3.075161203014431521e-06
2.327775925308436126e+04,3.062353243876714259e-06
2.328776258752917420e+04,3.050278792215976864e-06
2.329776592197399077e+04,3.037585656784358434e-06
2.330776925641880371e+04,3.025295427505625412e-06
2.331777259086362028e+04,3.013088189618429169e-06
2.332777592530843322e+04,3.000696779054123908e-06
2.333777925975324979e+04,2.988613687193719670e-06
2.334778259419806272e+04,2.976350515382364392e-06
2.335778592864287930e+04,2.964258783322293311e-06
2.336778926308769223e+04,2.952324166471953504e-06
2.337779259753250881e+04,2.940383865279727615e-06
2.338779593197732538e+04,2.928403546320623718e-06
2.339779926642213832e+04,2.916519633799907751e-06
2.340780260086695489e+04,2.904799657699186355e-06
2.341780593531176783e+04,2.892826159950345755e-06
2.342780926975658440e+04,2.881412910937797278e-06
2.343781260420139733e+04,2.869492618629010394e-06
2.344781593864621391e+04,2.858069365174742416e-06
2.345781927309102684e+04,2.846205234163790010e-06
2.346782260753584342e+04,2.834954329955508001e-06
2.347782594198065999e+04,2.823341446855920367e-06
2.348782927642547293e+04,2.812088496284559369e-06
2.349783261087028950e+04,2.800560650939587504e-06
2.350783594531510244e+04,2.789516656775958836e-06
2.351783927975991901e+04,2.777979034362942912e-06
2.352784261420473194e+04,2.767045543805579655e-06
2.353784594864954852e+04,2.755436526058474556e-06
2.354784928309436145e+04,2.744633093243464828e-06
2.355785261753917803e+04,2.733418341449578293e-06
2.356785595198399096e+04,2.722531462495680898e-06
2.357785928642880754e+04,2.711323986659408547e-06
2.358786262087362411e+04,2.700282493606209755e-06
2.359786595531843705e+04,2.689869916139286943e-06
2.360786928976325362e+04,2.678493046914809383e-06
2.361787262420806655e+04,2.669016566869686358e-06
2.362787595865288313e+04,2.657054210430942476e-06
2.363787929309769606e+04,2.647081828399677761e-06
2.364788262754251264e+04,2.635731107147876173e-06
2.365788596198732557e+04,2.626193918331409805e-06
2.366788929643214215e+04,2.614604227346717380e-06
2.367789263087695872e+04,2.604981318654608913e-06
2.368789596532177165e+04,2.593741328382748179e-06
2.369789929976658823e+04,2.583651166787603870e-06
2.370790263421140116e+04,2.573003484940272756e-06
2.371790596865621774e+04,2.562978124842629768e-06
2.372790930310103067e+04,2.552489377194433473e-06
2.373791263754584725e+04,2.542380116210551932e-06
2.374791597199066018e+04,2.532227199480985291e-06
2.375791930643547676e+04,2.521903070373809896e-06
2.376792264088028969e+04,2.511712182240444236e-06
2.377792597532510626e+04,2.502134975657099858e-06
2.378792930976992284e+04,2.491836994522600435e-06
2.379793264421473577e+04,2.481856427039019763e-06
2.380793597865955235e+04,2.472145752108190209e-06
2.381793931310436528e+04,2.462011025272659026e-06
2.382794264754918186e+04,2.452559783705510199e-06
2.383794598199399479e+04,2.442323648210731335e-06
2.384794931643881137e+04,2.433130021017859690e-06
2.385795265088362430e+04,2.422844318061834201e-06
2.386795598532844087e+04,2.413781658106017858e-06
2.387795931977325745e+04,2.403662620054092258e-06
2.388796265421807038e+04,2.394406692474149168e-06
2.389796598866288696e+04,2.384558911217027344e-06
2.390796932310769989e+04,2.375306166868540458e-06
2.391797265755251647e+04,2.365641194046474993e-06
2.392797599199732940e+04,2.356391405555768870e-06
2.393797932644214598e+04,2.346887413295917213e-06
2.394798266088695891e+04,2.337630803594947793e-06
2.395798599533177548e+04,2.328248228877782822e-06
2.396798932977659206e+04,2.319109626114368439e-06
2.397799266422140499e+04,2.309709316250518896e-06
2.398799599866622157e+04,2.300908363395137712e-06
2.399799933311103450e+04,2.291492592121358030e-06
2.400800266755585108e+04,2.282566356370807625e-06
2.401800600200066401e+04,2.273272002639714628e-06
2.402800933644548059e+04,2.264650220240582712e-06
2.403801267089029352e+04,2.255357685498893261e-06
2.404801600533511009e+04,2.246658141302759759e-06
2.405801933977992303e+04,2.237456328657572158e-06
2.406802267422473960e+04,2.229031451861374080e-06
2.407802600866955618e+04,2.219778934886562638e-06
2.408802934311436911e+04,2.211394530604593456e-06
2.409803267755918569e+04,2.202262749051442370e-06
2.410803601200399862e+04,2.194003627664642408e-06
2.411803934644881519e+04,2.184847971875569783e-06
2.412804268089362813e+04,2.176363977923756465e-06
2.413804601533844470e+04,2.167687171095167287e-06
2.414804934978325764e+04,2.159226824005600065e-06
2.415805268422807421e+04,2.150628688468714245e-06
2.416805601867289079e+04,2.142126049875514582e-06
2.417805935311770372e+04,2.133826001227134839e-06
2.418806268756252030e+04,2.125399987562559545e-06
2.419806602200733323e+04,2.116939185725641437e-06
2.420806935645214980e+04,2.108808075718116015e-06
2.421807269089696274e+04,2.100320216413820162e-06
2.422807602534177931e+04,2.092355089189368300e-06
2.423807935978659225e+04,2.083823801513062790e-06
2.424808269423140882e+04,2.075935299217235297e-06
2.425808602867622176e+04,2.067484501822036691e-06
2.426808936312103833e+04,2.059579173874226399e-06
2.427809269756585491e+04,2.051201818176195957e-06
2.428809603201066784e+04,2.043583208433119580e-06
2.429809936645548441e+04,2.035143552348017693e-06
2.430810270090029735e+04,2.027752543654059991e-06
2.431810603534511392e+04,2.019225803451263346e-06
2.432810936978992686e+04,2.011703600146574900e-06
2.433811270423474343e+04,2.003452209464740008e-06
2.434811603867955637e+04,1.995972525037359446e-06
2.435811937312437294e+04,1.987842324524535798e-06
2.436812270756918952e+04,1.980165052373195067e-06
2.437812604201400245e+04,1.972296331587131135e-06
2.438812937645881902e+04,1.964777993634925224e-06
2.439813271090363196e+04,1.956912456080317497e-06
2.440813604534844853e+04,1.949515080923447385e-06
2.441813937979326147e+04,1.941737991728587076e-06
2.442814271423807804e+04,1.934215106302872300e-06
2.443814604868289098e+04,1.926654704220709391e-06
2.444814938312770755e+04,1.919122951221652329e-06
2.445815271757252049e+04,1.911615981953218579e-06
2.446815605201733706e+04,1.904153805298847146e-06
2.447815938646215363e+04,1.896868639050808270e-06
2.448816272090696657e+04,1.889403847599169239e-06
2.449816605535178314e+04,1.882074684544932097e-06
2.450816938979659608e+04,1.874708914328948595e-06
2.451817272424141265e+04,1.867521859821863472e-06
2.452817605868622559e+04,1.860092879724106751e-06
2.453817939313104216e+04,1.853040203059208579e-06
2.454818272757585510e+04,1.845659653554321267e-06
2.455818606202067167e+04,1.838475441218179185e-06
2.456818939646548824e+04,1.831527356443984900e-06
2.457819273091030118e+04,1.824486389523372054e-06
2.458819606535511775e+04,1.817165411921450868e-06
2.459819939979993069e+04,1.810206754271348473e-06
2.460820273424474726e+04,1.803149984880292322e-06
2.461820606868956020e+04,1.796365154405066278e-06
2.462820940313437677e+04,1.789193561307911295e-06
2.463821273757918971e+04,1.782488766366441268e-06
2.464821607202400628e+04,1.775365831235831138e-06
2.465821940646881922e+04,1.768729021023318637e-06
2.466822274091363579e+04,1.761671455824398436e-06
2.467822607535845236e+04,1.754956315380695742e-06
2.468822940980326530e+04,1.748150225466815755e-06
2.469823274424808187e+04,1.741471464811183978e-06
2.470823607869289481e+04,1.734702664180076681e-06
2.471823941313771138e+04,1.728036181702918839e-06
2.472824274758252432e+04,1.721302737678342965e-06
2.473824608202734089e+04,1.714770633043372072e-06
2.474824941647215383e+04,1.708088007035257760e-06
2.475825275091697040e+04,1.701521114227944054e-06
2.476825608536178697e+04,1.694971274446288589e-06
2.477825941980659991e+04,1.688425982138141990e-06
2.478826275425141648e+04,1.681927528807136696e-06
2.479826608869622942e+04,1.675469434303522576e-06
2.480826942314104599e+04,1.668979507485346403e-06
2.481827275758585893e+04,1.662877139096963219e-06
2.482827609203067550e+04,1.656230892876919825e-06
2.483827942647548844e+04,1.649891942179237958e-06
2.484828276092030501e+04,1.643514565330406185e-06
2.485828609536511794e+04,1.637397076592606027e-06
2.486828942980993452e+04,1.630943188501987606e-06
2.487829276425475109e+04,1.624809215172717813e-06
2.488829609869956403e+04,1.618495957700361032e-06
2.489829943314438060e+04,1.612267283235269133e-06
2.490830276758919354e+04,1.606345335858350154e-06
2.491830610203401011e+04,1.599966708454303443e-06
2.492830943647882305e+04,1.593940623934031464e-06
2.493831277092363962e+04,1.587740712238883134e-06
2.494831610536845255e+04,1.581663241267960984e-06
2.495831943981326913e+04,1.575990950186678674e-06
2.496832277425808570e+04,1.569655523780966178e-06
2.497832610870289864e+04,1.563698901918542106e-06
2.498832944314771521e+04,1.557706582389073446e-06
2.499833277759252815e+04,1.551779746478132438e-06
2.500833611203734472e+04,1.545879172226705123e-06
2.501833944648215765e+04,1.539983031761948951e-06
2.502834278092697423e+04,1.534099055788828991e-06
2.503834611537178716e+04,1.528390725979988929e-06
2.504834944981660374e+04,1.522452521385275759e-06
2.505835278426141667e+04,1.516806150902993977e-06
2.506835611870623325e+04,1.510902620793785900e-06
2.507835945315104982e+04,1.505276372881780844e-06
2.508836278759586276e+04,1.499459244769241195e-06
2.509836612204067933e+04,1.493860509071964771e-06
2.510836945648549226e+04,1.488098291702044662e-06
2.511837279093030884e+04,1.482525249230093323e-06
2.512837612537512177e+04,1.476906618336215615e-06
2.513837945981993835e+04,1.471240352657332551e-06
2.514838279426475128e+04,1.465652644583315123e-06
2.515838612870956786e+04,1.460262865293771029e-06
2.516838946315438443e+04,1.454646508136647753e-06
2.517839279759919737e+04,1.449121100449701771e-06
2.518839613204401394e+04,1.443616270080383401e-06
2.519839946648882687e+04,1.438246044926927425e-06
2.520840280093364345e+04,1.432740077689231839e-06
2.521840613537845638e+04,1.427371557838341687e-06
2.522840946982327296e+04,1.421940169166191481e-06
2.523841280426808589e+04,1.416675331711303443e-06
2.524841613871290247e+04,1.411246444149583112e-06
2.525841947315771540e+04,1.406009687343612313e-06
2.526842280760253198e+04,1.400626160830142908e-06
2.527842614204734855e+04,1.395413846694282256e-06
2.528842947649216148e+04,1.390127295053389389e-06
2.529843281093697806e+04,1.384929760206432547e-06
2.530843614538179099e+04,1.379678224111557938e-06
2.531843947982660757e+04,1.374537987430812791e-06
2.532844281427142050e+04,1.369336928291886579e-06
2.533844614871623708e+04,1.364241370538366027e-06
2.534844948316105001e+04,1.359061911898606922e-06
2.535845281760586658e+04,1.354054120383807458e-06
2.536845615205068316e+04,1.348897058051079512e-06
2.537845948649549609e+04,1.343862322755740024e-06
2.538846282094031267e+04,1.338829520136641804e-06
2.539846615538512560e+04,1.333800355496350676e-06
2.540846948982994218e+04,1.328825078417139594e-06
2.541847282427475511e+04,1.323826381849357858e-06
2.542847615871957169e+04,1.318923068538424559e-06
2.543847949316438462e+04,1.313953475801099557e-06
2.544848282760920119e+04,1.309077902078570332e-06
2.545848616205401413e+04,1.304159695791895501e-06
2.546848949649883070e+04,1.299314590141875669e-06
2.547849283094364728e+04,1.294441858590289485e-06
2.548849616538846021e+04,1.289606871068826877e-06
2.549849949983327679e+04,1.284830432268790901e-06
2.550850283427808972e+04,1.280006586057425011e-06
2.551850616872290630e+04,1.275243789677915629e-06
2.552850950316771923e+04,1.270548068532662001e-06
2.553851283761253580e+04,1.265820856133359484e-06
2.554851617205734874e+04,1.261069201063946821e-06
2.555851950650216531e+04,1.256427935913961846e-06
2.556852284094698189e+04,1.251718799721857067e-06
2.557852617539179482e+04,1.247060140485700686e-06
2.558852950983661140e+04,1.242518351318722125e-06
2.559853284428142433e+04,1.237834453604591545e-06
2.560853617872624091e+04,1.233268903888529167e-06
2.561853951317105384e+04,1.228670498676365241e-06
2.562854284761587041e+04,1.224147354150773026e-06
2.563854618206068335e+04,1.219604087054904085e-06
2.564854951650549992e+04,1.215082420458202250e-06
2.565855285095031650e+04,1.210609980262233876e-06
2.566855618539512943e+04,1.206115825880260672e-06
2.567855951983994601e+04,1.201682835016981699e-06
2.568856285428475894e+04,1.197210622194688767e-06
2.569856618872957552e+04,1.192807076222379692e-06
2.570856952317438845e+04,1.188377950711583253e-06
2.571857285761920502e+04,1.183998961096222047e-06
2.572857619206401796e+04,1.179658170258335304e-06
2.573857952650883453e+04,1.175289753518882208e-06
2.574858286095364747e+04,1.170995801658136770e-06
2.575858619539846404e+04,1.166642618954938371e-06
2.576858952984328062e+04,1.162403236776299309e-06
2.577859286428809355e+04,1.158071654572268017e-06
2.578859619873291012e+04,1.153865127889730502e-06
2.579859953317772306e+04,1.149585500570537988e-06
2.580860286762253963e+04,1.145373403232952114e-06
2.581860620206735257e+04,1.141158122663910035e-06
2.582860953651216914e+04,1.136965238401899114e-06
2.583861287095698208e+04,1.132802594838722143e-06
2.584861620540179865e+04,1.128659505411633290e-06
2.585861953984661523e+04,1.124515847550355829e-06
2.586862287429142816e+04,1.120389470088412054e-06
2.587862620873624473e+04,1.116315957006008830e-06
2.588862954318105767e+04,1.112203676711942535e-06
2.589863287762587424e+04,1.108138576455530711e-06
2.590863621207068718e+04,1.104118041439505760e-06
2.591863954651550375e+04,1.100059193959168624e-06
2.592864288096031669e+04,1.096059691008122172e-06
2.593864621540513326e+04,1.092045181394496467e-06
2.594864954984994620e+04,1.088078079192200676e-06
2.595865288429476277e+04,1.084088353309198283e-06
2.596865621873957934e+04,1.080131141861784272e-06
2.597865955318439228e+04,1.076195985660888255e-06
2.598866288762920885e+04,1.072312329597480129e-06
2.599866622207402179e+04,1.068400706571992487e-06
2.600866955651883836e+04,1.064495563696254976e-06
2.601867289096365130e+04,1.060626004800724331e-06
2.602867622540846787e+04,1.056770770446746610e-06
2.603867955985328081e+04,1.052954075930756517e-06
2.604868289429809738e+04,1.049120555762783624e-06
2.605868622874291395e+04,1.045309431901841890e-06
2.606868956318772689e+04,1.041529571921273600e-06
2.607869289763254346e+04,1.037749939314380754e-06
2.608869623207735640e+04,1.033993953569734003e-06
2.609869956652217297e+04,1.030254452416556887e-06
2.610870290096698591e+04,1.026523818836722057e-06
2.611870623541180248e+04,1.022796254801505711e-06
2.612870956985661542e+04,1.019093929244263563e-06
2.613871290430143199e+04,1.015415136862429790e-06
2.614871623874624493e+04,1.011771814773965161e-06
2.615871957319106150e+04,1.008102685773337726e-06
2.616872290763587807e+04,1.004465161713596899e-06
2.617872624208069101e+04,1.000842985376948491e-06
2.618872957652550758e+04,9.972495718102436513e-07
2.619873291097032052e+04,9.936416063283104450e-07
2.620873624541513709e+04,9.900650184135884047e-07
2.621873957985995003e+04,9.865201491265906952e-07
2.622874291430476660e+04,9.829534519667504355e-07
2.623874624874957954e+04,9.794315474209724925e-07
2.624874958319439611e+04,9.758988426256109960e-07
2.625875291763921268e+04,9.724111578179872595e-07
2.626875625208402562e+04,9.689026683190604672e-07
2.627875958652884219e+04,9.654278301240992732e-07
2.628876292097365513e+04,9.619873253541300073e-07
2.629876625541847170e+04,9.585216957930242643e-07
2.630876958986328464e+04,9.550844879413489252e-07
2.631877292430810121e+04,9.516671752862748690e-07
2.632877625875291415e+04,9.482800464866159018e-07
2.633877959319773072e+04,9.448719993088161573e-07
2.634878292764254365e+04,9.414905548510432709e-07
2.635878626208736023e+04,9.381498671245935839e-07
2.636878959653217680e+04,9.347805303150380496e-07
2.637879293097698974e+04,9.314521207670622971e-07
2.638879626542180631e+04,9.281271786676370539e-07
2.639879959986661925e+04,9.248218475477187894e-07
2.640880293431143582e+04,9.215269187734520528e-07
2.641880626875624876e+04,9.182413691632973496e-07
2.642880960320106533e+04,9.149737252300838009e-07
2.643881293764587826e+04,9.117194395003025420e-07
2.644881627209069484e+04,9.084720886676223017e-07
2.645881960653551141e+04,9.052499194694973994e-07
2.646882294098032435e+04,9.020317861541116145e-07
2.647882627542514092e+04,8.988288868749805260e-07
2.648882960986995386e+04,8.956441206464660354e-07
2.649883294431477043e+04,8.924667440624034498e-07
2.650883627875958337e+04,8.893054541658784728e-07
2.651883961320439994e+04,8.861561013873142656e-07
2.652884294764921287e+04,8.830187425701296888e-07
2.653884628209402945e+04,8.798961061984300613e-07
2.654884961653884238e+04,8.767793815422919579e-07
2.655885295098365896e+04,8.736786867302726023e-07
2.656885628542847553e+04,8.705969776201527566e-07
2.657885961987328847e+04,8.675233971189300064e-07
2.658886295431810504e+04,8.644615263619925827e-07
2.659886628876291797e+04,8.614219382252485957e-07
2.660886962320773455e+04,8.583761541558487806e-07
2.661887295765254748e+04,8.553508337172388565e-07
2.662887629209736406e+04,8.523386441083857790e-07
2.663887962654217699e+04,8.493430527778400574e-07
2.664888296098699357e+04,8.463551921522594057e-07
2.665888629543181014e+04,8.433785865236131940e-07
2.666888962987662308e+04,8.404159643760067411e-07
2.667889296432143965e+04,8.374668709620891605e-07
2.668889629876625258e+04,8.345302262569020968e-07
2.669889963321106916e+04,8.316033586197590921e-07
2.670890296765588209e+04,8.286932029477611650e-07
2.671890630210069867e+04,8.257893568952567875e-07
2.672890963654551160e+04,8.228923888964345679e-07
2.673891297099032818e+04,8.200086654142069165e-07
2.674891630543514111e+04,8.171467698048218153e-07
2.675891963987995769e+04,8.142830552060331684e-07
2.676892297432477426e+04,8.114380420920497272e-07
2.677892630876958719e+04,8.086087746050907299e-07
2.678892964321440377e+04,8.057863283283950295e-07
2.679893297765921670e+04,8.029754212657280732e-07
2.680893631210403328e+04,8.001796913958969526e-07
2.681893964654884621e+04,7.973929427862458397e-07
2.682894298099366279e+04,7.946120490487373900e-07
2.683894631543847572e+04,7.918483220237249043e-07
2.684894964988329230e+04,7.890944857535941992e-07
2.685895298432810887e+04,7.863512792027904652e-07
2.686895631877292180e+04,7.836204645172983874e-07
2.687895965321773838e+04,7.808981195012165699e-07
2.688896298766255131e+04,7.781929411976307165e-07
2.689896632210736789e+04,7.754892976663541049e-07
2.690896965655218082e+04,7.727996376161172520e-07
2.691897299099699740e+04,7.701262916270934511e-07
2.692897632544181033e+04,7.674566973037144635e-07
2.693897965988662691e+04,7.648033601981296670e-07
2.694898299433143984e+04,7.621580380146042444e-07
2.695898632877625641e+04,7.595265856252808589e-07
2.696898966322107299e+04,7.569036029053677339e-07
2.697899299766588592e+04,7.542894877587968949e-07
2.698899633211070250e+04,7.516852633671078365e-07
2.699899966655551543e+04,7.490928055631229654e-07
2.700900300100033201e+04,7.465136491191515233e-07
2.701900633544514494e+04,7.439428486577526201e-07
2.702900966988996151e+04,7.413840421577333473e-07
2.703901300433477445e+04,7.388337053271243349e-07
2.704901633877959102e+04,7.362922360698576085e-07
2.705901967322440760e+04,7.337603165069594979e-07
2.706902300766922053e+04,7.312409593396296259e-07
2.707902634211403711e+04,7.287331413863284979e-07
2.708902967655885004e+04,7.262335657287621871e-07
2.709903301100366662e+04,7.237422892103495542e-07
2.710903634544847955e+04,7.212631203401542734e-07
2.711903967989329612e+04,7.187940695985162165e-07
2.712904301433810906e+04,7.163330337789375335e-07
2.713904634878292563e+04,7.138841056075762026e-07
2.714904968322773857e+04,7.114416007425461430e-07
2.715905301767255514e+04,7.090127382980426773e-07
2.716905635211737172e+04,7.065921749926928896e-07
2.717905968656218465e+04,7.041839467092358973e-07
2.718906302100700123e+04,7.017803227427066304e-07
2.719906635545181416e+04,6.993900569796096534e-07
2.720906968989663073e+04,6.970072377043834422e-07
2.721907302434144367e+04,6.946355597392539494e-07
2.722907635878626024e+04,6.922747957105457317e-07
2.723907969323107318e+04,6.899212507960328367e-07
2.724908302767588975e+04,6.875769145153753925e-07
2.725908636212070633e+04,6.852445721960975789e-07
2.726908969656551926e+04,6.829207563896488864e-07
2.727909303101033584e+04,6.806041596973955166e-07
2.728909636545514877e+04,6.782939294680545572e-07
2.729909969989996534e+04,6.759944994882971514e-07
2.730910303434477828e+04,6.737067792528250720e-07
2.731910636878959485e+04,6.714267328788992018e-07
2.732910970323440779e+04,6.691563498861796688e-07
2.733911303767922436e+04,6.668939818155195098e-07
2.734911637212404094e+04,6.646436645496578421e-07
2.735911970656885387e+04,6.623997137467085849e-07
2.736912304101367044e+04,6.601664495065051597e-07
2.737912637545848338e+04,6.579413138751988299e-07
2.738912970990329995e+04,6.557275469276646618e-07
2.739913304434811289e+04,6.535198622259486001e-07
2.740913637879292946e+04,6.513205335068050772e-07
2.741913971323774240e+04,6.491302997346792836e-07
2.742914304768255897e+04,6.469470008596545085e-07
2.743914638212737191e+04,6.447751843552396167e-07
2.744914971657218848e+04,6.426118943636538461e-07
2.745915305101700505e+04,6.404549708349804860e-07
2.746915638546181799e+04,6.383085064953775145e-07
2.747915971990663456e+04,6.361701139212527778e-07
2.748916305435144750e+04,6.340417826322664041e-07
2.749916638879626407e+04,6.319203862403810490e-07
2.750916972324107701e+04,6.298087100731208920e-07
2.751917305768589358e+04,6.277057877923652995e-07
2.752917639213070652e+04,6.256096867218730040e-07
2.753917972657552309e+04,6.235238743101945147e-07
2.754918306102033966e+04,6.214441441443341319e-07
2.755918639546515260e+04,6.193704962242918555e-07
2.756918972990996917e+04,6.173077622406708542e-07
2.757919306435478211e+04,6.152512241897056811e-07
2.758919639879959868e+04,6.132046337370411493e-07
2.759919973324441162e+04,6.111657171459228266e-07
2.760920306768922819e+04,6.091341333558375482e-07
2.761920640213404113e+04,6.071123266337963287e-07
2.762920973657885770e+04,6.050973979654372670e-07
2.763921307102367064e+04,6.030912231835827697e-07
2.764921640546848721e+04,6.010892548147239722e-07
2.765921973991330378e+04,5.990995646243391093e-07
2.766922307435811672e+04,5.971173209218250122e-07
2.767922640880293329e+04,5.951446269136795308e-07
2.768922974324774623e+04,5.931768782829749398e-07
2.769923307769256280e+04,5.912181677558692172e-07
2.770923641213737574e+04,5.892662784390267916e-07
2.771923974658219231e+04,5.873189934391120914e-07
2.772924308102700525e+04,5.853840434610901866e-07
2.773924641547182182e+04,5.834533567394828424e-07
2.774924974991663839e+04,5.815355734739569016e-07
2.775925308436145133e+04,5.796205755359551404e-07
2.776925641880626790e+04,5.777130809292430058e-07
2.777925975325108084e+04,5.758157044510880951e-07
2.778926308769589741e+04,5.739248081226833165e-07
2.779926642214071035e+04,5.720400508835155051e-07
2.780926975658552692e+04,5.701655823031615000e-07
2.781927309103033986e+04,5.682952064489654731e-07
2.782927642547515643e+04,5.664340960720437579e-07
2.783927975991996937e+04,5.645819101118831895e-07
2.784928309436478594e+04,5.627324526358279400e-07
2.785928642880960251e+04,5.608915216726018116e-07
2.786928976325441545e+04,5.590608793681894895e-07
2.787929309769923202e+04,5.572354098148935009e-07
2.788929643214404496e+04,5.554185236178454943e-07
2.789929976658886153e+04,5.536073786061024293e-07
2.790930310103367447e+04,5.518074885912938043e-07
2.791930643547849104e+04,5.500117481460620183e-07
2.792930976992330397e+04,5.482191340888675768e-07
2.793931310436812055e+04,5.464373771246755496e-07
2.794931643881293712e+04,5.446616455628827680e-07
2.795931977325775006e+04,5.428901772575045470e-07
2.796932310770256663e+04,5.411270649346988648e-07
2.797932644214737957e+04,5.393716264734393917e-07
2.798932977659219614e+04,5.376248282118467614e-07
2.799933311103700908e+04,5.358828047974384390e-07
2.800933644548182565e+04,5.341489099919272121e-07
2.801933977992663858e+04,5.324213816493283957e-07
2.802934311437145516e+04,5.307014703248569276e-07
2.803934644881626809e+04,5.289883802106487565e-07
2.804934978326108467e+04,5.272826228974736296e-07
2.805935311770590124e+04,5.255812425275507849e-07
2.806935645215071418e+04,5.238852622824197169e-07
2.807935978659553075e+04,5.221983201408875175e-07
2.808936312104034369e+04,5.205191655477392487e-07
2.809936645548516026e+04,5.188423983781831339e-07
2.810936978992997319e+04,5.171763746147917118e-07
2.811937312437478977e+04,5.155164330972183961e-07
2.812937645881960270e+04,5.138612095834105276e-07
2.813937979326441928e+04,5.122109882904624101e-07
2.814938312770923585e+04,5.105698619445320219e-07
2.815938646215404879e+04,5.089336809760425240e-07
2.816938979659886536e+04,5.073037527836277150e-07
2.817939313104367830e+04,5.056828058513929136e-07
2.818939646548849487e+04,5.040668042965990026e-07
2.819939979993330780e+04,5.024568849876231980e-07
2.820940313437812438e+04,5.008527637073711958e-07
2.821940646882293731e+04,4.992542699255864136e-07
2.822940980326775389e+04,4.976626541974837892e-07
2.823941313771256682e+04,4.960782575835764874e-07
2.824941647215738340e+04,4.944998295286495704e-07
2.825941980660219997e+04,4.929262331643258221e-07
2.826942314104701290e+04,4.913593443234276492e-07
2.827942647549182948e+04,4.897999588138191029e-07
2.828942980993664241e+04,4.882444955001119524e-07
2.829943314438145899e+04,4.866951712756417692e-07
2.830943647882627192e+04,4.851535209127177950e-07
2.831943981327108850e+04,4.836169864574912935e-07
2.832944314771590143e+04,4.820851700060302392e-07
2.833944648216071801e+04,4.805589810530364048e-07
2.834944981660553458e+04,4.790405796484265011e-07
2.835945315105034751e+04,4.775279194291215390e-07
2.836945648549516409e+04,4.760217677812761394e-07
2.837945981993997702e+04,4.745197372812981484e-07
2.838946315438479360e+04,4.730237037620099727e-07
2.839946648882960653e+04,4.715337240668304730e-07
2.840946982327442311e+04,4.700494855569559149e-07
2.841947315771923604e+04,4.685719261487975018e-07
2.842947649216405262e+04,4.670988573707290925e-07
2.843947982660886555e+04,4.656336045627540443e-07
2.844948316105368212e+04,4.641726434329029871e-07
2.845948649549849870e+04,4.627183045613492141e-07
2.846948982994331163e+04,4.612677741988591151e-07
2.847949316438812821e+04,4.598240366249228828e-07
2.848949649883294114e+04,4.583822317272279179e-07
2.849949983327775772e+04,4.569492659811658086e-07
2.850950316772257065e+04,4.555224393243406666e-07
2.851950650216738723e+04,4.541013254311110359e-07
2.852950983661220016e+04,4.526839063601073576e-07
2.853951317105701673e+04,4.512732800776575459e-07
2.854951650550183331e+04,4.498675423292297637e-07
2.855951983994664624e+04,4.484662667891825549e-07
2.856952317439146282e+04,4.470718977245269343e-07
2.857952650883627575e+04,4.456824456156027736e-07
2.858952984328109233e+04,4.442961767381348182e-07
2.859953317772590526e+04,4.429177238307602238e-07
2.860953651217072183e+04,4.415434773363813292e-07
2.861953984661553477e+04,4.401775868245749734e-07
2.862954318106035134e+04,4.388142258449079236e-07
2.863954651550516428e+04,4.374556112907157512e-07
2.864954984994998085e+04,4.361045569112320663e-07
2.865955318439479743e+04,4.347573963059403468e-07
2.866955651883961036e+04,4.334133905103954021e-07
2.867955985328442694e+04,4.320770869981060969e-07
2.868956318772923987e+04,4.307446772600087570e-07
2.869956652217405644e+04,4.294163886697788257e-07
2.870956985661886938e+04,4.280941539036575705e-07
2.871957319106368595e+04,4.267785982392524602e-07
2.872957652550849889e+04,4.254670216141676065e-07
2.873957985995331546e+04,4.241617261868668720e-07
2.874958319439813204e+04,4.228605234857241157e-07
2.875958652884294497e+04,4.215623050640715519e-07
2.876958986328776155e+04,4.202731815894367173e-07
2.877959319773257448e+04,4.189858202607865678e-07
2.878959653217739105e+04,4.177035748398338910e-07
2.879959986662220399e+04,4.164262463746126741e-07
2.880960320106702056e+04,4.151534085394814610e-07
2.881960653551183350e+04,4.138852034429874038e-07
2.882960986995665007e+04,4.126232511225680355e-07
2.883961320440146301e+04,4.113646525638614548e-07
2.884961653884627958e+04,4.101119941424258286e-07
2.885961987329109616e+04,4.088662421963817906e-07
2.886962320773590909e+04,4.076232471561525017e-07
2.887962654218072566e+04,4.063838048296020133e-07
2.888962987662553860e+04,4.051487678680132376e-07
2.889963321107035517e+04,4.039204100081406068e-07
2.890963654551516811e+04,4.026969691039994359e-07
2.891963987995998468e+04,4.014759724668692797e-07
2.892964321440479762e+04,4.002606033282063436e-07
2.893964654884961419e+04,3.990513164353615139e-07
2.894964988329443077e+04,3.978450706654257374e-07
2.895965321773924370e+04,3.966434292124176864e-07
2.896965655218406027e+04,3.954464489197562216e-07
2.897965988662887321e+04,3.942539876788941910e-07
2.898966322107368978e+04,3.930661307549598860e-07
2.899966655551850272e+04,3.918842423900059657e-07
2.900966988996331929e+04,3.907054519913799595e-07
2.901967322440813223e+04,3.895301290413044626e-07
2.902967655885294880e+04,3.883617978317488451e-07
2.903967989329776537e+04,3.871969624924531672e-07
2.904968322774257831e+04,3.860352819629042642e-07
2.905968656218739488e+04,3.848781489068642259e-07
2.906968989663220782e+04,3.837258191197179258e-07
2.907969323107702439e+04,3.825779799626616295e-07
2.908969656552183733e+04,3.814362230514234398e-07
2.909969989996665390e+04,3.802962567078793654e-07
2.910970323441146684e+04,3.791620883930590935e-07
2.911970656885628341e+04,3.780297959110612283e-07
2.912970990330109635e+04,3.769058878333453322e-07
2.913971323774591292e+04,3.757845377094781725e-07
2.914971657219072949e+04,3.746660013348446228e-07
2.915971990663554243e+04,3.735528650850028498e-07
2.916972324108035900e+04,3.724433952356775990e-07
2.917972657552517194e+04,3.713386149684083648e-07
2.918972990996998851e+04,3.702373021496896399e-07
2.919973324441480145e+04,3.691398831051628804e-07
2.920973657885961802e+04,3.680480915591033408e-07
2.921973991330443096e+04,3.669591421839868417e-07
2.922974324774924753e+04,3.658760761027224362e-07
2.923974658219406410e+04,3.647955963970161974e-07
2.924974991663887704e+04,3.637189536220830632e-07
2.925975325108369361e+04,3.626462330430513248e-07
2.926975658552850655e+04,3.615803052525734529e-07
2.927975991997332312e+04,3.605142069318389986e-07
2.928976325441813606e+04,3.594535655793151818e-07
2.929976658886295263e+04,3.583979832910699770e-07
2.930976992330776557e+04,3.573454989691526862e-07
2.931977325775258214e+04,3.562972210602310952e-07
2.932977659219739508e+04,3.552541159024258377e-07
2.933977992664221165e+04,3.542130002642807085e-07
2.934978326108702822e+04,3.531763752562255831e-07
2.935978659553184116e+04,3.521432745401398279e-07
2.936978992997665773e+04,3.511148918278195197e-07
2.937979326442147067e+04,3.500908576370420633e-07
2.938979659886628724e+04,3.490687845442153048e-07
2.939979993331110018e+04,3.480522252630180446e-07
2.940980326775591675e+04,3.470395881777221803e-07
2.941980660220072969e+04,3.460301627455919515e-07
2.942980993664554626e+04,3.450242616054310929e-07
2.943981327109036283e+04,3.440221689743339084e-07
2.944981660553517577e+04,3.430238564305909676e-07
2.945981993997999234e+04,3.420309440116398036e-07
2.946982327442480528e+04,3.410400211123487679e-07
2.947982660886962185e+04,3.400525088181893807e-07
2.948982994331443479e+04,3.390687481896748068e-07
2.949983327775925136e+04,3.380872897196240956e-07
2.950983661220406429e+04,3.371114587480406044e-07
2.951983994664888087e+04,3.361382709954341408e-07
2.952984328109369380e+04,3.351703981024911627e-07
2.953984661553851038e+04,3.342057368627138203e-07
2.954984994998332695e+04,3.332456515181547729e-07
2.955985328442813989e+04,3.322875556932558538e-07
2.956985661887295646e+04,3.313350305234052939e-07
2.957985995331776940e+04,3.303819369193661259e-07
2.958986328776258597e+04,3.294362045380694326e-07
2.959986662220739890e+04,3.284911542777990690e-07
2.960986995665221548e+04,3.275495430443697842e-07
2.961987329109702841e+04,3.266119961153890472e-07
2.962987662554184499e+04,3.256787124428228708e-07
2.963987995998666156e+04,3.247490099056449253e-07
2.964988329443147450e+04,3.238227179735986283e-07
2.965988662887629107e+04,3.228996092730085365e-07
2.966988996332110401e+04,3.219806501419952838e-07
2.967989329776592058e+04,3.210646184470533626e-07
2.968989663221073351e+04,3.201527363216882804e-07
2.969989996665555009e+04,3.192442363797454163e-07
2.970990330110036302e+04,3.183385217653267318e-07
2.971990663554517960e+04,3.174356209001416573e-07
2.972990996998999253e+04,3.165362727486353833e-07
2.973991330443480911e+04,3.156396246595249977e-07
2.974991663887962568e+04,3.147471829834103119e-07
2.975991997332443862e+04,3.138571571525972104e-07
2.976992330776925519e+04,3.129708829874289222e-07
2.977992664221406812e+04,3.120886447049997514e-07
2.978992997665888470e+04,3.112101296665059635e-07
2.979993331110369763e+04,3.103342862686986336e-07
2.980993664554851421e+04,3.094603755471325712e-07
2.981993997999332714e+04,3.085903301780490438e-07
2.982994331443814372e+04,3.077242070048669120e-07
2.983994664888296029e+04,3.068620912927144673e-07
2.984994998332777323e+04,3.060011408706486691e-07
2.985995331777258980e+04,3.051451074043143308e-07
2.986995665221740273e+04,3.042909213490929687e-07
2.987995998666221931e+04,3.034402595858409768e-07
2.988996332110703224e+04,3.025930084277206333e-07
2.989996665555184882e+04,3.017485710188338999e-07
2.990996998999666175e+04,3.009074873716599541e-07
2.991997332444147833e+04,3.000677679665386677e-07
2.992997665888629126e+04,2.992332497342431452e-07
2.993997999333110783e+04,2.984019147334038280e-07
2.994998332777592441e+04,2.975727113607717911e-07
2.995998666222073734e+04,2.967465206893393770e-07
2.996998999666555392e+04,2.959244227440649411e-07
2.997999333111036685e+04,2.951048827526392415e-07
2.998999666555518343e+04,2.942873891242925311e-07
3.000000000000000000e+04,2.934745850780018372e-07
