# kappa, training_loss
0.000000000000000000e+00,2.753295898437500000e-01
3.459628369156486083e-01,2.398023307323455811e-01
4.392523541701039980e-01,2.283759564161300659e-01
4.954405753566595849e-01,2.185807824134826660e-01
5.357763150463283885e-01,2.105454653501510620e-01
5.672637522769239382e-01,2.037001997232437134e-01
5.930950213984054198e-01,1.976636499166488647e-01
6.149960495598807420e-01,1.921821683645248413e-01
6.340063755275553437e-01,1.870319545269012451e-01
6.508008686183767155e-01,1.821523308753967285e-01
6.658425764193509622e-01,1.775034964084625244e-01
6.794630340823816228e-01,1.729635745286941528e-01
6.919077872874166424e-01,1.685679554939270020e-01
7.033637773663500292e-01,1.643035411834716797e-01
7.139766241685853165e-01,1.601570844650268555e-01
7.238619730255126949e-01,1.560751795768737793e-01
7.331131958061187781e-01,1.520736664533615112e-01
7.418067673437699350e-01,1.481307595968246460e-01
7.500061115554571556e-01,1.442506313323974609e-01
7.577644119105257925e-01,1.404434591531753540e-01
7.651267038617906024e-01,1.366977244615554810e-01
7.721314587172553034e-01,1.330143809318542480e-01
7.788118004265414118e-01,1.293896287679672241e-01
7.851964528680592803e-01,1.258182674646377563e-01
7.913104862367159598e-01,1.222907230257987976e-01
7.971759115863207290e-01,1.188013255596160889e-01
8.028121591516160782e-01,1.153666898608207703e-01
8.082364666896064698e-01,1.119920164346694946e-01
8.134641974181391344e-01,1.086808294057846069e-01
8.185091023333873617e-01,1.054230257868766785e-01
8.233835381891937422e-01,1.022142991423606873e-01
8.280986498380630279e-01,9.905865043401718140e-02
8.326645237049763448e-01,9.595496952533721924e-02
8.370903177102294590e-01,9.290337562561035156e-02
8.413843718492283186e-01,8.991119265556335449e-02
8.455543027853225091e-01,8.697529882192611694e-02
8.496070851514696542e-01,8.410168439149856567e-02
8.535491217406495634e-01,8.128777891397476196e-02
8.573863043588985100e-01,7.852866500616073608e-02
8.611240667929865866e-01,7.582224905490875244e-02
8.647674310879751580e-01,7.317399233579635620e-02
8.683210481237189082e-01,7.058592140674591064e-02
8.717892333128790527e-01,6.806769222021102905e-02
8.751759981078014450e-01,6.561434268951416016e-02
8.784850778932074000e-01,6.322117894887924194e-02
8.817199567510665137e-01,6.090290844440460205e-02
8.848838895093302792e-01,5.866700038313865662e-02
8.879799214243446759e-01,5.646262317895889282e-02
8.910109057952988465e-01,5.436963215470314026e-02
8.939795197660829196e-01,5.240249261260032654e-02
8.968882785338736507e-01,5.043360590934753418e-02
8.997395481534220529e-01,4.853901639580726624e-02
9.025355571003684796e-01,4.669914022088050842e-02
9.052784067351745678e-01,4.495904594659805298e-02
9.079700807907640225e-01,4.326044768095016479e-02
9.106124539911777394e-01,4.161405190825462341e-02
9.132072998950389042e-01,4.004495963454246521e-02
9.157562980460198787e-01,3.854376822710037231e-02
9.182610405025087852e-01,3.705951943993568420e-02
9.207230378100543788e-01,3.563591092824935913e-02
9.231437244726915514e-01,3.426984697580337524e-02
9.255244639727745470e-01,3.293358907103538513e-02
9.278665533832982648e-01,3.169108182191848755e-02
9.301712276117759526e-01,3.044804185628890991e-02
9.324396633104344856e-01,2.925325557589530945e-02
9.346729824837258782e-01,2.813019789755344391e-02
9.368722558208421036e-01,2.703335322439670563e-02
9.390385057780117339e-01,2.600668929517269135e-02
9.411727094327915211e-01,2.498966269195079803e-02
9.432758011302940782e-01,2.405410259962081909e-02
9.453486749392934207e-01,2.312323264777660370e-02
9.473921869343682189e-01,2.226550877094268799e-02
9.494071573186603219e-01,2.141122147440910339e-02
9.513943724004232383e-01,2.060330845415592194e-02
9.533545864352821475e-01,1.982573233544826508e-02
9.552885233450053581e-01,1.909551769495010376e-02
9.571968783225919264e-01,1.837322302162647247e-02
9.590803193325774245e-01,1.768299937248229980e-02
9.609394885146632648e-01,1.702723279595375061e-02
9.627750034980490090e-01,1.639727875590324402e-02
9.645874586331985023e-01,1.579938642680644989e-02
9.663774261471894667e-01,1.521147321909666061e-02
9.681454572282619520e-01,1.465967204421758652e-02
9.698920830447127495e-01,1.412810198962688446e-02
9.716178157028463325e-01,1.360974367707967758e-02
9.733231491483043119e-01,1.311794295907020569e-02
9.750085600147447851e-01,1.264328416436910629e-02
9.766745084235173291e-01,1.218979526311159134e-02
9.783214387376916177e-01,1.175002101808786392e-02
9.799497802735314123e-01,1.133443787693977356e-02
9.815599479722626475e-01,1.093105506151914597e-02
9.831523430347650638e-01,1.054526492953300476e-02
9.847273535216196638e-01,1.017265301197767258e-02
9.862853549207505344e-01,9.817524813115596771e-03
9.878267106847458123e-01,9.473930113017559052e-03
9.893517727397744821e-01,9.146315045654773712e-03
9.908608819678863533e-01,8.831429295241832733e-03
9.923543686643463424e-01,8.530491031706333160e-03
9.938325529715387185e-01,8.242510259151458740e-03
9.952957452908665070e-01,7.965603843331336975e-03
9.967442466739721008e-01,7.700214628130197525e-03
9.981783491945136477e-01,7.446351926773786545e-03
9.995983363016430756e-01,7.202480919659137726e-03
1.001004483156257452e+00,6.968751549720764160e-03
1.002397056951022103e+00,6.744921673089265823e-03
1.003776317215095304e+00,6.529769394546747208e-03
1.005142516104422512e+00,6.322867237031459808e-03
1.006495898678415823e+00,6.123248487710952759e-03
1.007836703163776271e+00,5.931205116212368011e-03
1.009165161206166283e+00,5.746325012296438217e-03
1.010481498110403553e+00,5.569113418459892273e-03
1.011785933069793808e+00,5.398983135819435120e-03
1.013078679385188696e+00,5.235326476395130157e-03
1.014359944674316782e+00,5.077500361949205399e-03
1.015629931071899694e+00,4.925435874611139297e-03
1.016888835421037696e+00,4.778521601110696793e-03
1.018136849456315440e+00,4.636618308722972870e-03
1.019374159979058669e+00,4.499004222452640533e-03
1.020600949025135540e+00,4.365817178040742874e-03
1.021817394025686054e+00,4.237484652549028397e-03
1.023023667961131089e+00,4.114140290766954422e-03
1.024219939508794530e+00,3.995396196842193604e-03
1.025406373184459152e+00,3.880763426423072815e-03
1.026583129478143341e+00,3.770490176975727081e-03
1.027750364984392206e+00,3.664636285975575447e-03
1.028908232527332434e+00,3.562941215932369232e-03
1.030056881280755565e+00,3.464865498244762421e-03
1.031196456883453960e+00,3.370496211573481560e-03
1.032327101550039039e+00,3.279325785115361214e-03
1.033448954177450752e+00,3.191414289176464081e-03
1.034562150447356776e+00,3.106388263404369354e-03
1.035666822924632635e+00,3.024237928912043571e-03
1.036763101152098798e+00,2.944626379758119583e-03
1.037851111741686649e+00,2.867760602384805679e-03
1.038930978462190513e+00,2.793491119518876076e-03
1.040002822323762510e+00,2.721489407122135162e-03
1.041066761659288797e+00,2.651565242558717728e-03
1.042122912202790408e+00,2.583858091384172440e-03
1.043171387164971708e+00,2.518259221687912941e-03
1.044212297306046144e+00,2.454757923260331154e-03
1.045245751005951185e+00,2.393251284956932068e-03
1.046271854332069040e+00,2.333530690521001816e-03
1.047290711104553074e+00,2.275990322232246399e-03
1.048302422959365821e+00,2.220511436462402344e-03
1.049307089409120763e+00,2.166976220905780792e-03
1.050304807901820681e+00,2.115181647241115570e-03
1.051295673877579606e+00,2.064993139356374741e-03
1.052279780823408339e+00,2.016088459640741348e-03
1.053257220326145882e+00,1.968558644875884056e-03
1.054228082123608523e+00,1.922300551086664200e-03
1.055192454154030512e+00,1.877532573416829109e-03
1.056150422603862049e+00,1.834250520914793015e-03
1.057102071953991640e+00,1.792310620658099651e-03
1.058047485024453449e+00,1.751432428136467934e-03
1.058986743017679588e+00,1.711672055535018444e-03
1.059919925560353970e+00,1.672918559052050114e-03
1.060847110743919686e+00,1.635440741665661335e-03
1.061768375163794076e+00,1.599143608473241329e-03
1.062683793957341027e+00,1.564038684591650963e-03
1.063593440840642890e+00,1.529957517050206661e-03
1.064497388144123091e+00,1.496695447713136673e-03
1.065395706847059198e+00,1.464406843297183514e-03
1.066288466611025720e+00,1.433004508726298809e-03
1.067175735812313508e+00,1.402540365234017372e-03
1.068057581573351955e+00,1.372872269712388515e-03
1.068934069793182617e+00,1.344003831036388874e-03
1.069805265177008913e+00,1.315961009822785854e-03
1.070671231264859857e+00,1.288705389015376568e-03
1.071532030459400042e+00,1.262147561646997929e-03
1.072387724052912716e+00,1.236375654116272926e-03
1.073238372253488837e+00,1.211276976391673088e-03
1.074084034210448069e+00,1.186835579574108124e-03
1.074924768039019485e+00,1.162926666438579559e-03
1.075760630844306398e+00,1.139559899456799030e-03
1.076591678744561298e+00,1.116743776947259903e-03
1.077417966893795320e+00,1.094602630473673344e-03
1.078239549503742900e+00,1.072977203875780106e-03
1.079056479865203144e+00,1.051793689839541912e-03
1.079868810368784127e+00,1.030981540679931641e-03
1.080676592525062540e+00,1.010862761177122593e-03
1.081479876984185129e+00,9.913011454045772552e-04
1.082278713554924110e+00,9.722176473587751389e-04
1.083073151223212571e+00,9.535992285236716270e-04
1.083863238170166943e+00,9.354553185403347015e-04
1.084649021789623191e+00,9.177810861729085445e-04
1.085430548705195619e+00,9.004980092868208885e-04
1.086207864786876698e+00,8.836482302285730839e-04
1.086981015167191700e+00,8.671408868394792080e-04
1.087750044256923676e+00,8.510617772117257118e-04
1.088514995760420767e+00,8.353220764547586441e-04
1.089275912690500059e+00,8.199488511309027672e-04
1.090032837382960862e+00,8.049364550970494747e-04
1.090785811510718295e+00,7.903675432316958904e-04
1.091534876097570272e+00,7.761420565657317638e-04
1.092280071531609886e+00,7.622842676937580109e-04
1.093021437578292954e+00,7.488058763556182384e-04
1.093759013393168944e+00,7.356387795880436897e-04
1.094492837534292162e+00,7.228170870803296566e-04
1.095222947974316963e+00,7.103063398972153664e-04
1.095949382112286319e+00,6.980887264944612980e-04
1.096672176785129516e+00,6.861236179247498512e-04
1.097391368278869628e+00,6.744114216417074203e-04
1.098106992339554999e+00,6.629512063227593899e-04
1.098819084183919381e+00,6.517170695587992668e-04
1.099527678509782058e+00,6.407236214727163315e-04
1.100232809506192178e+00,6.299672531895339489e-04
1.100934510863327942e+00,6.194086745381355286e-04
1.101632815782154218e+00,6.090199458412826061e-04
1.102327756983849882e+00,5.988696357235312462e-04
1.103019366719007799e+00,5.889683961868286133e-04
1.103707676776614299e+00,5.792821175418794155e-04
1.104392718492818393e+00,5.697798333130776882e-04
1.105074522759491362e+00,5.604770849458873272e-04
1.105753120032585635e+00,5.513414507731795311e-04
1.106428540340298250e+00,5.424022092483937740e-04
1.107100813291044705e+00,5.336462636478245258e-04
1.107769968081245615e+00,5.250551621429622173e-04
1.108436033502936624e+00,5.166183691471815109e-04
1.109099037951201572e+00,5.083793075755238533e-04
1.109759009431436017e+00,5.002772086299955845e-04
1.110415975566444891e+00,4.922605003230273724e-04
1.111069963603381616e+00,4.843303177040070295e-04
1.111721000420526240e+00,4.766134370584040880e-04
1.112369112533916571e+00,4.691294452641159296e-04
1.113014326103826113e+00,4.617829690687358379e-04
1.113656666941102324e+00,4.545885894913226366e-04
1.114296160513360112e+00,4.475598689168691635e-04
1.114932831951041647e+00,4.406494263093918562e-04
1.115566706053342960e+00,4.338531580287963152e-04
1.116197807294008637e+00,4.271569778211414814e-04
1.116826159827001730e+00,4.205457225907593966e-04
1.117451787492052206e+00,4.141098761465400457e-04
1.118074713820083277e+00,4.078362544532865286e-04
1.118694962038521146e+00,4.016928432974964380e-04
1.119312555076493743e+00,3.956619475502520800e-04
1.119927515569915100e+00,3.897596325259655714e-04
1.120539865866464480e+00,3.839617711491882801e-04
1.121149628030459589e+00,3.782598068937659264e-04
1.121756823847626094e+00,3.726267023012042046e-04
1.122361474829768779e+00,3.669979923870414495e-04
1.122963602219344104e+00,3.614651504904031754e-04
1.123563226993938846e+00,3.560473851393908262e-04
1.124160369870654819e+00,3.507474029902368784e-04
1.124755051310404097e+00,3.455605765338987112e-04
1.125347291522115434e+00,3.404696471989154816e-04
1.125937110466854962e+00,3.355026419740170240e-04
1.126524527861864078e+00,3.306261496618390083e-04
1.127109563184513386e+00,3.258424985688179731e-04
1.127692235676178045e+00,3.211117873433977365e-04
1.128272564346034956e+00,3.164773515891283751e-04
1.128850567974784891e+00,3.119612811133265495e-04
1.129426265118297579e+00,3.075387212447822094e-04
1.129999674111187957e+00,3.031946544069796801e-04
1.130570813070318703e+00,2.989324275404214859e-04
1.131139699898235040e+00,2.947354223579168320e-04
1.131706352286532269e+00,2.906110312324017286e-04
1.132270787719156679e+00,2.865434216801077127e-04
1.132833023475642520e+00,2.825309638865292072e-04
1.133393076634286345e+00,2.785804972518235445e-04
1.133950964075259416e+00,2.747009857557713985e-04
1.134506702483661034e+00,2.709058462642133236e-04
1.135060308352511926e+00,2.671717375051230192e-04
1.135611797985692117e+00,2.634977863635867834e-04
1.136161187500821734e+00,2.598626888357102871e-04
1.136708492832086748e+00,2.562862937338650227e-04
1.137253729733013197e+00,2.527733740862458944e-04
1.137796913779186569e+00,2.492980856914073229e-04
1.138338060370923444e+00,2.458905219100415707e-04
1.138877184735888948e+00,2.425750572001561522e-04
1.139414301931670481e+00,2.392896858509629965e-04
1.139949426848299252e+00,2.360466751269996166e-04
1.140482574210728073e+00,2.328685659449547529e-04
1.141013758581261639e+00,2.297344035468995571e-04
1.141542994361944618e+00,2.266457158839330077e-04
1.142070295796903112e+00,2.236164436908438802e-04
1.142595676974646146e+00,2.206463977927342057e-04
1.143119151830323421e+00,2.177424757974222302e-04
1.143640734147944205e+00,2.148898056475445628e-04
1.144160437562553589e+00,2.120948920492082834e-04
1.144678275562372782e+00,2.093415096169337630e-04
1.145194261490898979e+00,2.066463785013183951e-04
1.145708408548967716e+00,2.040018880506977439e-04
1.146220729796781024e+00,2.013989578699693084e-04
1.146731238155896060e+00,1.988429430639371276e-04
1.147239946411182432e+00,1.962648093467578292e-04
1.147746867212741551e+00,1.937027991516515613e-04
1.148252013077795786e+00,1.911649305839091539e-04
1.148755396392542094e+00,1.886838435893878341e-04
1.149257029413974562e+00,1.861999335233122110e-04
1.149756924271674974e+00,1.836360170273110271e-04
1.150255092969573401e+00,1.811767433537170291e-04
1.150751547387676155e+00,1.786739012459293008e-04
1.151246299283768204e+00,1.762748725013807416e-04
1.151739360295081394e+00,1.739134022500365973e-04
1.152230741939938685e+00,1.715755788609385490e-04
1.152720455619368201e+00,1.693389203865081072e-04
1.153208512618689285e+00,1.671677164267748594e-04
1.153694924109075259e+00,1.650494377827271819e-04
1.154179701149085524e+00,1.629801408853381872e-04
1.154662854686175244e+00,1.609481114428490400e-04
1.155144395558178383e+00,1.589609746588394046e-04
1.155624334494766980e+00,1.570120512042194605e-04
1.156102682118884228e+00,1.550910092191770673e-04
1.156579448948156896e+00,1.532023015897721052e-04
1.157054645396282444e+00,1.513454917585477233e-04
1.157528281774392820e+00,1.495201868237927556e-04
1.158000368292398496e+00,1.477199984947219491e-04
1.158470915060308082e+00,1.459522318327799439e-04
1.158939932089527503e+00,1.442110078642144799e-04
1.159407429294138758e+00,1.424909569323062897e-04
1.159873416492156029e+00,1.407904783263802528e-04
1.160337903406764015e+00,1.391129771945998073e-04
1.160800899667535191e+00,1.374625717289745808e-04
1.161262414811627286e+00,1.358391891699284315e-04
1.161722458284961679e+00,1.342358300462365150e-04
1.162181039443384689e+00,1.326503988821059465e-04
1.162638167553807556e+00,1.310777879552915692e-04
1.163093851795331535e+00,1.295301335630938411e-04
1.163548101260353240e+00,1.280014112126082182e-04
1.164000924955653105e+00,1.265063328901305795e-04
1.164452331803466523e+00,1.250357017852365971e-04
1.164902330642539896e+00,1.235790696227923036e-04
1.165350930229168247e+00,1.221449638251215219e-04
1.165798139238217512e+00,1.207386303576640785e-04
1.166243966264131293e+00,1.193508433061651886e-04
1.166688419821921618e+00,1.179824976134113967e-04
1.167131508348145497e+00,1.166340080089867115e-04
1.167573240201865037e+00,1.153048433479852974e-04
1.168013623665593581e+00,1.140016174758784473e-04
1.168452666946228291e+00,1.127190698753111064e-04
1.168890378175967415e+00,1.114522019634023309e-04
1.169326765413213787e+00,1.102025707950815558e-04
1.169761836643465669e+00,1.089722863980568945e-04
1.170195599780192941e+00,1.077527413144707680e-04
1.170628062665700186e+00,1.065541728166863322e-04
1.171059233071979788e+00,1.053719897754490376e-04
1.171489118701547705e+00,1.042089497786946595e-04
1.171917727188269032e+00,1.030631538014858961e-04
1.172345066098173128e+00,1.019334085867740214e-04
1.172771142930254085e+00,1.008166800602339208e-04
1.173195965117259876e+00,9.971368126571178436e-05
1.173619540026470398e+00,9.862344450084492564e-05
1.174041874960465748e+00,9.754305210663005710e-05
1.174462977157878507e+00,9.647745901020243764e-05
1.174882853794141369e+00,9.541853069094941020e-05
1.175301511982218772e+00,9.436829714104533195e-05
1.175718958773330547e+00,9.334285277873277664e-05
1.176135201157664678e+00,9.232903539668768644e-05
1.176550246065079186e+00,9.132555715041235089e-05
1.176964100365794463e+00,9.033222158905118704e-05
1.177376770871076062e+00,8.934594370657578111e-05
1.177788264333906598e+00,8.836193592287600040e-05
1.178198587449649892e+00,8.738117321627214551e-05
1.178607746856703109e+00,8.641979366075247526e-05
1.179015749137142910e+00,8.548741607228294015e-05
1.179422600817358946e+00,8.457680087303742766e-05
1.179828308368682244e+00,8.368205453734844923e-05
1.180232878208000491e+00,8.280148176709190011e-05
1.180636316698369548e+00,8.193491521524265409e-05
1.181038630149611635e+00,8.108457404887303710e-05
1.181439824818909079e+00,8.024406997719779611e-05
1.181839906911387628e+00,7.941440708236768842e-05
1.182238882580692430e+00,7.858819299144670367e-05
1.182636757929554694e+00,7.777199061820283532e-05
1.183033539010354573e+00,7.696785905864089727e-05
1.183429231825671168e+00,7.617504161316901445e-05
1.183823842328827869e+00,7.539424404967576265e-05
1.184217376424430146e+00,7.462262874469161034e-05
1.184609839968896461e+00,7.386069773929193616e-05
1.185001238770979404e+00,7.310925866477191448e-05
1.185391578592282613e+00,7.236714009195566177e-05
1.185780865147769703e+00,7.163607369875535369e-05
1.186169104106266303e+00,7.091386214597150683e-05
1.186556301090955001e+00,7.020322664175182581e-05
1.186942461679864058e+00,6.950150418560951948e-05
1.187327591406350580e+00,6.880821456434205174e-05
1.187711695759573916e+00,6.812490028096362948e-05
1.188094780184968391e+00,6.745240534655749798e-05
1.188476850084703162e+00,6.678560021100565791e-05
1.188857910818142072e+00,6.612433207919821143e-05
1.189237967702292398e+00,6.547147495439276099e-05
1.189617026012252055e+00,6.482735625468194485e-05
1.189995090981647685e+00,6.418953125830739737e-05
1.190372167803068537e+00,6.355557707138359547e-05
1.190748261628493676e+00,6.292991020018234849e-05
1.191123377569716091e+00,6.231750012375414371e-05
1.191497520698757917e+00,6.171109271235764027e-05
1.191870696048282552e+00,6.111297989264130592e-05
1.192242908612001218e+00,6.052196476957760751e-05
1.192614163345072642e+00,5.993669037707149982e-05
1.192984465164500296e+00,5.935810622759163380e-05
1.193353818949523193e+00,5.878521551494486630e-05
1.193722229541999580e+00,5.822163802804425359e-05
1.194089701746790189e+00,5.766453614342026412e-05
1.194456240332133046e+00,5.711403719033114612e-05
1.194821850030014954e+00,5.656963912770152092e-05
1.195186535536537864e+00,5.602972305496223271e-05
1.195550301512281033e+00,5.549530396820046008e-05
1.195913152582658734e+00,5.496767698787152767e-05
1.196275093338271533e+00,5.444593261927366257e-05
1.196636128335257343e+00,5.393152241595089436e-05
1.196996262095632924e+00,5.342262375052087009e-05
1.197355499107636057e+00,5.291952402330935001e-05
1.197713843826059277e+00,5.242164479568600655e-05
1.198071300672582717e+00,5.193094693822786212e-05
1.198427874036100071e+00,5.144538954482413828e-05
1.198783568273043665e+00,5.096663880976848304e-05
1.199138387707701980e+00,5.049309402238577604e-05
1.199492336632536738e+00,5.002553007216192782e-05
1.199845419308493533e+00,4.956293923896737397e-05
1.200197639965309371e+00,4.910529969492927194e-05
1.200549002801817755e+00,4.865277878707274795e-05
1.200899511986247781e+00,4.820439789909869432e-05
1.201249171656521897e+00,4.776272544404491782e-05
1.201597985920548561e+00,4.732133675133809447e-05
1.201945958856510899e+00,4.688305489253252745e-05
1.202293094513155358e+00,4.645008812076412141e-05
1.202639396910071046e+00,4.602551416610367596e-05
1.202984870037971943e+00,4.560569868772290647e-05
1.203329517858970243e+00,4.519061985774897039e-05
1.203673344306851245e+00,4.477977927308529615e-05
1.204016353287342245e+00,4.437358438735827804e-05
1.204358548678376772e+00,4.397228985908441246e-05
1.204699934330360378e+00,4.357540456112474203e-05
1.205040514066429091e+00,4.318462015362456441e-05
1.205380291682706773e+00,4.279694258002564311e-05
1.205719270948558686e+00,4.241387068759649992e-05
1.206057455606842410e+00,4.203536445857025683e-05
1.206394849374155864e+00,4.166099824942648411e-05
1.206731455941083109e+00,4.129014996578916907e-05
1.207067278972435487e+00,4.092295421287417412e-05
1.207402322107491210e+00,4.055901445099152625e-05
1.207736588960232726e+00,4.019864354631863534e-05
1.208070083119580085e+00,3.984136128565296531e-05
1.208402808149621865e+00,3.948772427975200117e-05
1.208734767589844328e+00,3.913799082511104643e-05
1.209065964955357009e+00,3.879363430314697325e-05
1.209396403737116099e+00,3.845210812869481742e-05
1.209726087402145378e+00,3.811555870925076306e-05
1.210055019393754039e+00,3.778182144742459059e-05
1.210383203131752961e+00,3.745187859749421477e-05
1.210710642012667870e+00,3.712424950208514929e-05
1.211037339409950064e+00,3.680084773804992437e-05
1.211363298674185129e+00,3.647983248811215162e-05
1.211688523133299222e+00,3.616112371673807502e-05
1.212013016092762907e+00,3.584463775041513145e-05
1.212336780835792327e+00,3.553202986950054765e-05
1.212659820623549267e+00,3.522235419950447977e-05
1.212982138695337442e+00,3.491785901132971048e-05
1.213303738268797671e+00,3.461537562543526292e-05
1.213624622540101505e+00,3.431625009397976100e-05
1.213944794684139961e+00,3.402041329536587000e-05
1.214264257854713813e+00,3.372757055331021547e-05
1.214583015184719228e+00,3.343843854963779449e-05
1.214901069786331611e+00,3.315265348646789789e-05
1.215218424751188797e+00,3.287047002231702209e-05
1.215535083150570905e+00,3.259116419940255582e-05
1.215851048035579085e+00,3.231439040973782539e-05
1.216166322437310932e+00,3.204025779268704355e-05
1.216480909367036789e+00,3.176914833602495492e-05
1.216794811816369615e+00,3.150117481709457934e-05
1.217108032757438396e+00,3.123627539025619626e-05
1.217420575143055572e+00,3.097339867963455617e-05
1.217732441906884233e+00,3.071309402002952993e-05
1.218043635963603100e+00,3.045604717044625431e-05
1.218354160209070614e+00,3.020196709258016199e-05
1.218664017520486587e+00,2.994988426507916301e-05
1.218973210756551406e+00,2.970173227367922664e-05
1.219281742757625020e+00,2.945513188024051487e-05
1.219589616345883032e+00,2.921094892371911556e-05
1.219896834325471913e+00,2.896947444241959602e-05
1.220203399482662210e+00,2.873008634196594357e-05
1.220509314585999316e+00,2.849277007044292986e-05
1.220814582386456237e+00,2.825783485604915768e-05
1.221119205617577030e+00,2.802477320074103773e-05
1.221423186995629795e+00,2.779390888463240117e-05
1.221726529219746338e+00,2.756575668172445148e-05
1.222029234972070277e+00,2.733850851655006409e-05
1.222331306917896487e+00,2.711303022806532681e-05
1.222632747705813872e+00,2.688931817829143256e-05
1.222933559967842587e+00,2.666698856046423316e-05
1.223233746319574822e+00,2.644597589096520096e-05
1.223533309360308019e+00,2.622724605316761881e-05
1.223832251673182547e+00,2.601078631414566189e-05
1.224130575825313594e+00,2.579674219305161387e-05
1.224428284367925279e+00,2.558510823291726410e-05
1.224725379836478778e+00,2.537582804507110268e-05
1.225021864750805323e+00,2.516840140742715448e-05
1.225317741615230993e+00,2.496241722838021815e-05
1.225613012918706612e+00,2.475841392879374325e-05
1.225907681134931204e+00,2.455645335430745035e-05
1.226201748722477669e+00,2.435644273646175861e-05
1.226495218124915132e+00,2.415832022961694747e-05
1.226788091770931732e+00,2.396199306531343609e-05
1.227080372074453196e+00,2.376761403866112232e-05
1.227372061434764516e+00,2.357496668992098421e-05
1.227663162236626970e+00,2.338450576644390821e-05
1.227953676850395137e+00,2.319600935152266175e-05
1.228243607632133028e+00,2.300940650457050651e-05
1.228532956923728436e+00,2.282411696796771139e-05
1.228821727053006851e+00,2.264074464619625360e-05
1.229109920333843142e+00,2.245921314170118421e-05
1.229397539066272804e+00,2.227961886092089117e-05
1.229684585536603647e+00,2.210109778388869017e-05
1.229971062017522598e+00,2.192312967963516712e-05
1.230256970768205838e+00,2.174708788515999913e-05
1.230542314034423379e+00,2.157253948098514229e-05
1.230827094048646986e+00,2.140015749318990856e-05
1.231111313030153642e+00,2.122757541656028479e-05
1.231394973185130581e+00,2.105456223944202065e-05
1.231678076706776093e+00,2.088213659590110183e-05
1.231960625775403440e+00,2.071233757305890322e-05
1.232242622558540113e+00,2.054486503766383976e-05
1.232524069211028417e+00,2.037672311416827142e-05
1.232804967875123392e+00,2.020794454438146204e-05
1.233085320680591623e+00,2.004133420996367931e-05
1.233365129744808275e+00,1.987700125027913600e-05
1.233644397172851015e+00,1.971522033272776753e-05
1.233923125057597714e+00,1.955549305421300232e-05
1.234201315479819261e+00,1.939902904268819839e-05
1.234478970508271933e+00,1.924463140312582254e-05
1.234756092199791766e+00,1.909150705614592880e-05
1.235032682599383591e+00,1.893969420052599162e-05
1.235308743740314519e+00,1.878951297840103507e-05
1.235584277644200091e+00,1.864076148194726557e-05
1.235859286321095762e+00,1.849280488386284560e-05
1.236133771769584389e+00,1.834621070884168148e-05
1.236407735976862599e+00,1.820112811401486397e-05
1.236681180918827616e+00,1.805777719710022211e-05
1.236954108560162524e+00,1.791525210137479007e-05
1.237226520854421752e+00,1.777381112333387136e-05
1.237498419744113454e+00,1.763317777658812702e-05
1.237769807160784552e+00,1.749322655086871237e-05
1.238040685025101340e+00,1.735459045448806137e-05
1.238311055246931858e+00,1.721694752632174641e-05
1.238580919725426721e+00,1.708094714558683336e-05
1.238850280349098831e+00,1.694706043053884059e-05
1.239119138995903535e+00,1.681447793089319021e-05
1.239387497533315452e+00,1.668320874159689993e-05
1.239655357818407744e+00,1.655328196648042649e-05
1.239922721697929386e+00,1.642462302697822452e-05
1.240189591008380665e+00,1.629678263270761818e-05
1.240455967576088447e+00,1.617035195522475988e-05
1.240721853217283455e+00,1.604516728548333049e-05
1.240987249738171982e+00,1.592077933310065418e-05
1.241252158935010508e+00,1.579756644787266850e-05
1.241516582594179408e+00,1.567551043990533799e-05
1.241780522492254457e+00,1.555440030642785132e-05
1.242043980396077885e+00,1.543481084809172899e-05
1.242306958062830091e+00,1.531631096440833062e-05
1.242569457240100927e+00,1.519851139164529741e-05
1.242831479665957195e+00,1.508202785771572962e-05
1.243093027069013257e+00,1.496675940870773047e-05
1.243354101168498538e+00,1.485229404352139682e-05
1.243614703674326583e+00,1.473919292038772255e-05
1.243874836287161223e+00,1.462680938857374713e-05
1.244134500698483414e+00,1.451560638088267297e-05
1.244393698590656516e+00,1.440543655917281285e-05
1.244652431636993795e+00,1.429633630323223770e-05
1.244910701501820594e+00,1.418830015609273687e-05
1.245168509840541171e+00,1.408118259860202670e-05
1.245425858299699318e+00,1.397535106661962345e-05
1.245682748517044747e+00,1.387039264955092221e-05
1.245939182121592825e+00,1.376632008032174781e-05
1.246195160733689189e+00,1.366276137559907511e-05
1.246450685965068139e+00,1.355987569695571437e-05
1.246705759418916593e+00,1.345781402051215991e-05
1.246960382689931812e+00,1.335692923021269962e-05
1.247214557364383358e+00,1.325670473306672648e-05
1.247468285020171264e+00,1.315727513429010287e-05
1.247721567226884209e+00,1.305888054048409685e-05
1.247974405545859700e+00,1.296123537031235173e-05
1.248226801530239793e+00,1.286449423787416890e-05
1.248478756725029282e+00,1.276819693885045126e-05
1.248730272667153196e+00,1.267285824724240229e-05
1.248981350885511654e+00,1.257845997315598652e-05
1.249231992901035593e+00,1.248475473403232172e-05
1.249482200226743833e+00,1.239188804902369156e-05
1.249731974367796150e+00,1.229946155945071951e-05
1.249981316821548116e+00,1.220807462232187390e-05
1.250230229077605060e+00,1.211726612382335588e-05
1.250478712617875354e+00,1.202762905450072140e-05
1.250726768916623710e+00,1.193864045490045100e-05
1.250974399440522911e+00,1.185053406516090035e-05
1.251221605648706658e+00,1.176300156657816842e-05
1.251468388992820868e+00,1.167627124232240021e-05
1.251714750917074293e+00,1.159033581643598154e-05
1.251960692858289592e+00,1.150515527115203440e-05
1.252206216245954629e+00,1.142081964644603431e-05
1.252451322502270203e+00,1.133711157308425754e-05
1.252696013042201795e+00,1.125424387282691896e-05
1.252940289273526409e+00,1.117173997045028955e-05
1.253184152596882983e+00,1.109021559386746958e-05
1.253427604405819240e+00,1.100926783692557365e-05
1.253670646086840756e+00,1.092911043087951839e-05
1.253913279019456928e+00,1.084948871721280739e-05
1.254155504576228708e+00,1.077063370757969096e-05
1.254397324122815460e+00,1.069230529537890106e-05
1.254638739018020921e+00,1.061476359609514475e-05
1.254879750613838274e+00,1.053774576575960964e-05
1.255120360255496559e+00,1.046137731464114040e-05
1.255360569281505967e+00,1.038573918776819482e-05
1.255600379023700697e+00,1.031082410918315873e-05
1.255839790807285805e+00,1.023662207444431260e-05
1.256078805950878730e+00,1.016287205857224762e-05
1.256317425766554807e+00,1.008978142635896802e-05
1.256555651559889242e+00,1.001737473416142166e-05
1.256793484630000401e+00,9.945241799869108945e-06
1.257030926269592230e+00,9.873601811705157161e-06
1.257267977764997102e+00,9.802670319913886487e-06
1.257504640396216011e+00,9.732317266752943397e-06
1.257740915436961870e+00,9.662259799370076507e-06
1.257976804154699257e+00,9.593051800038665533e-06
1.258212307810686381e+00,9.524154847895260900e-06
1.258447427660014162e+00,9.455633517063688487e-06
1.258682164951647531e+00,9.387631507706828415e-06
1.258916520928464955e+00,9.319955097453203052e-06
1.259150496827297960e+00,9.251984920410905033e-06
1.259384093878969546e+00,9.183700967696495354e-06
1.259617313308334152e+00,9.115403372561559081e-06
1.259850156334315185e+00,9.048247193277347833e-06
1.260082624169944543e+00,8.981891369330696762e-06
1.260314718022398583e+00,8.915851140045560896e-06
1.260546439093037652e+00,8.850801350490655750e-06
1.260777788577442937e+00,8.786004400462843478e-06
1.261008767665452224e+00,8.720745427126530558e-06
1.261239377541198081e+00,8.654737939650658518e-06
1.261469619383143614e+00,8.586715921410359442e-06
1.261699494364118879e+00,8.518806680513080209e-06
1.261929003651356629e+00,8.453872396785300225e-06
1.262158148406527625e+00,8.390208677155897021e-06
1.262386929785775713e+00,8.327046089107170701e-06
1.262615348939754245e+00,8.264326424978207797e-06
1.262843407013659380e+00,8.202556273317895830e-06
1.263071105147264284e+00,8.141616490320302546e-06
1.263298444474954874e+00,8.081105988821946084e-06
1.263525426125762241e+00,8.020861969271209091e-06
1.263752051223397066e+00,7.960535185702610761e-06
1.263978320886282924e+00,7.900484888523351401e-06
1.264204236227589373e+00,7.841558726795483381e-06
1.264429798355264145e+00,7.782365173625294119e-06
1.264655008372067124e+00,7.723657290625851601e-06
1.264879867375600764e+00,7.665889825148042291e-06
1.265104376458344948e+00,7.608433406858239323e-06
1.265328536707685414e+00,7.551591806986834854e-06
1.265552349205948612e+00,7.495126283174613491e-06
1.265775815030430795e+00,7.438557531713740900e-06
1.265998935253429991e+00,7.381726845778757706e-06
1.266221710942277312e+00,7.324819307541474700e-06
1.266444143159366265e+00,7.268061835929984227e-06
1.266666232962184946e+00,7.211825050035258755e-06
1.266887981403344021e+00,7.156699211918748915e-06
1.267109389530609365e+00,7.102768904587719589e-06
1.267330458386928926e+00,7.050018666632240638e-06
1.267551189010464485e+00,6.997934178798459470e-06
1.267771582434619626e+00,6.946313078515231609e-06
1.267991639688068828e+00,6.894790658407146111e-06
1.268211361794786995e+00,6.843775281595299020e-06
1.268430749774077437e+00,6.793192824261495844e-06
1.268649804640600509e+00,6.743129688402405009e-06
1.268868527404401148e+00,6.693679551972309127e-06
1.269086919070938402e+00,6.644241238973336294e-06
1.269304980641111191e+00,6.595314516744110733e-06
1.269522713111286949e+00,6.546654276462504640e-06
1.269740117473329155e+00,6.498223683593096212e-06
1.269957194714623538e+00,6.449973170674638823e-06
1.270173945818105166e+00,6.401725840987637639e-06
1.270390371762286641e+00,6.353423032123828307e-06
1.270606473521282309e+00,6.306091563601512462e-06
1.270822252064835789e+00,6.259242582018487155e-06
1.271037708358346618e+00,6.212826519913505763e-06
1.271252843362894902e+00,6.167132141854381189e-06
1.271467658035268178e+00,6.121979822637513280e-06
1.271682153327985620e+00,6.077321813791058958e-06
1.271896330189324908e+00,6.033241334080230445e-06
1.272110189563346427e+00,5.989656983729219064e-06
1.272323732389918360e+00,5.946501460130093619e-06
1.272536959604741558e+00,5.903606961510377005e-06
1.272749872139374627e+00,5.861137651663739234e-06
1.272962470921257028e+00,5.818821591674350202e-06
1.273174756873734825e+00,5.776889793196460232e-06
1.273386730916084231e+00,5.735356353397946805e-06
1.273598393963534470e+00,5.694141691492404789e-06
1.273809746927293318e+00,5.653169864672236145e-06
1.274020790714568863e+00,5.612454060610616580e-06
1.274231526228594369e+00,5.572222107730340213e-06
1.274441954368650487e+00,5.532342584047000855e-06
1.274652076030088566e+00,5.492765012604650110e-06
1.274861892104353966e+00,5.453525773191358894e-06
1.275071403479007381e+00,5.414612587628653273e-06
1.275280611037749257e+00,5.376025001169182360e-06
1.275489515660440443e+00,5.337622496881522238e-06
1.275698118223125954e+00,5.299585154716623947e-06
1.275906419598055397e+00,5.261944806989049539e-06
1.276114420653706505e+00,5.224322649155510589e-06
1.276322122254805125e+00,5.186838734516641125e-06
1.276529525262348086e+00,5.149399385118158534e-06
1.276736630533624739e+00,5.112321105116279796e-06
1.276943438922236718e+00,5.075688477518269792e-06
1.277149951278121032e+00,5.039399184170179069e-06
1.277356168447569162e+00,5.003544629289535806e-06
1.277562091273249267e+00,4.968110715708462521e-06
1.277767720594225720e+00,4.933244781568646431e-06
1.277973057245981314e+00,4.898545739706605673e-06
1.278178102060435251e+00,4.864168204221641645e-06
1.278382855865965562e+00,4.829907993553206325e-06
1.278587319487427765e+00,4.795860604644985870e-06
1.278791493746175068e+00,4.762151547765824944e-06
1.278995379460079462e+00,4.728663952846545726e-06
1.279198977443549046e+00,4.695355983130866662e-06
1.279402288507549557e+00,4.662187166104558855e-06
1.279605313459623250e+00,4.629116574506042525e-06
1.279808053103906884e+00,4.596344751917058602e-06
1.280010508241152811e+00,4.563924449030309916e-06
1.280212679668746523e+00,4.531698778009740636e-06
1.280414568180726187e+00,4.499676833802368492e-06
1.280616174567800636e+00,4.467974576982669532e-06
1.280817499617369126e+00,4.436521066963905469e-06
1.281018544113538882e+00,4.405387699080165476e-06
1.281219308837143744e+00,4.374597665446344763e-06
1.281419794565761938e+00,4.344005446910159662e-06
1.281620002073734055e+00,4.313687441026559100e-06
1.281819932132182815e+00,4.283634098101174459e-06
1.282019585509028614e+00,4.253826318745268509e-06
1.282218962969007725e+00,4.224317308398894966e-06
1.282418065273690733e+00,4.195003839413402602e-06
1.282616893181500073e+00,4.165960035606985912e-06
1.282815447447725354e+00,4.137068572163116187e-06
1.283013728824543120e+00,4.108449047635076568e-06
1.283211738061032614e+00,4.080059625266585499e-06
1.283409475903193098e+00,4.051943960803328082e-06
1.283606943093960284e+00,4.023969268018845469e-06
1.283804140373222991e+00,3.996290161012439057e-06
1.284001068477841345e+00,3.968877990701003000e-06
1.284197728141661443e+00,3.941726390621624887e-06
1.284394120095532665e+00,3.914830358553444967e-06
1.284590245067323000e+00,3.888202627422288060e-06
1.284786103781937250e+00,3.861715413222555071e-06
1.284981696961330799e+00,3.835475581581704319e-06
1.285177025324527378e+00,3.809440386248752475e-06
1.285372089587633937e+00,3.783570264204172418e-06
1.285566890463855971e+00,3.757888862310210243e-06
1.285761428663515504e+00,3.732264531208784319e-06
1.285955704894062634e+00,3.706842107931151986e-06
1.286149719860095519e+00,3.681663429233594798e-06
1.286343474263371922e+00,3.656688932096585631e-06
1.286536968802826753e+00,3.631924982983036898e-06
1.286730204174586500e+00,3.607262442528735846e-06
1.286923181071984112e+00,3.582872977858642116e-06
1.287115900185573425e+00,3.558545586201944388e-06
1.287308362203145373e+00,3.534428287821356207e-06
1.287500567809741536e+00,3.510441274556796998e-06
1.287692517687669458e+00,3.486778723527095281e-06
1.287884212516516413e+00,3.463170969553175382e-06
1.288075652973164509e+00,3.439792635617777705e-06
1.288266839731805335e+00,3.416635991015937179e-06
1.288457773463952627e+00,3.393611677893204615e-06
1.288648454838458468e+00,3.370806098246248439e-06
1.288838884521526174e+00,3.348179234308190644e-06
1.289029063176723833e+00,3.325676971144275740e-06
1.289218991464999853e+00,3.303370931462268345e-06
1.289408670044694505e+00,3.281213821537676267e-06
1.289598099571555689e+00,3.259269305999623612e-06
1.289787280698751593e+00,3.237450073356740177e-06
1.289976214076883565e+00,3.215791139155044220e-06
1.290164900354001221e+00,3.194292730768211186e-06
1.290353340175613761e+00,3.172899823766783811e-06
1.290541534184705297e+00,3.151673581669456325e-06
1.290729483021746171e+00,3.130619916191790253e-06
1.290917187324706950e+00,3.109773388132452965e-06
1.291104647729072186e+00,3.089057372562820092e-06
1.291291864867851080e+00,3.068422756768995896e-06
1.291478839371592580e+00,3.047963900826289319e-06
1.291665571868396922e+00,3.027651018783217296e-06
1.291852062983928739e+00,3.007513214470236562e-06
1.292038313341429490e+00,2.987494099215837196e-06
1.292224323561729449e+00,2.967636874018353410e-06
1.292410094263261255e+00,2.947861275970353745e-06
1.292595626062071679e+00,2.928188450823654421e-06
1.292780919571832943e+00,2.908725264205713756e-06
1.292965975403856937e+00,2.889377810788573697e-06
1.293150794167105211e+00,2.870229991458472796e-06
1.293335376468202513e+00,2.851208591891918331e-06
1.293519722911447900e+00,2.832326117641059682e-06
1.293703834098827166e+00,2.813542778312694281e-06
1.293887710630023502e+00,2.794921101667569019e-06
1.294071353102431488e+00,2.776417431959998794e-06
1.294254762111166190e+00,2.758121127044432797e-06
1.294437938249076048e+00,2.739966248554992490e-06
1.294620882106754411e+00,2.721944156292011030e-06
1.294803594272550873e+00,2.704039843592909165e-06
1.294986075332582143e+00,2.686255584194441326e-06
1.295168325870743598e+00,2.668603428901406005e-06
1.295350346468720604e+00,2.651073600645759143e-06
1.295532137706000286e+00,2.633624262671219185e-06
1.295713700159881077e+00,2.616262236188049428e-06
1.295895034405484925e+00,2.599007075332337990e-06
1.296076141015767735e+00,2.581852413641172461e-06
1.296257020561530693e+00,2.564849637565203011e-06
1.296437673611430252e+00,2.547913254602462985e-06
1.296618100731989465e+00,2.531111249481909908e-06
1.296798302487608856e+00,2.514423613320104778e-06
1.296978279440576642e+00,2.497849209248670377e-06
1.297158032151078277e+00,2.481341198290465400e-06
1.297337561177209553e+00,2.464924591549788602e-06
1.297516867074984148e+00,2.448592340442701243e-06
1.297695950398345621e+00,2.432367637084098533e-06
1.297874811699177400e+00,2.416258212178945541e-06
1.298053451527312108e+00,2.400174253125442192e-06
1.298231870430543333e+00,2.384219669693266042e-06
1.298410068954634511e+00,2.368399464103276841e-06
1.298588047643329135e+00,2.352701358177000657e-06
1.298765807038360087e+00,2.337135356356156990e-06
1.298943347679461846e+00,2.321723513887263834e-06
1.299120670104376929e+00,2.306425813003443182e-06
1.299297774848869214e+00,2.291237706231186166e-06
1.299474662446730377e+00,2.276085069752298295e-06
1.299651333429791888e+00,2.260972223666612990e-06
1.299827788327933886e+00,2.246002850370132364e-06
1.300004027669093842e+00,2.231162397947628051e-06
1.300180051979277662e+00,2.216433358626090921e-06
1.300355861782567901e+00,2.201862116635311395e-06
1.300531457601133312e+00,2.187421159760560840e-06
1.300706839955238170e+00,2.173141183448024094e-06
1.300882009363252489e+00,2.158983761546551250e-06
1.301056966341659127e+00,2.144979816876002587e-06
1.301231711405065772e+00,2.131062501575797796e-06
1.301406245066210499e+00,2.117247277055867016e-06
1.301580567835974644e+00,2.103540964526473545e-06
1.301754680223388805e+00,2.089904455715441145e-06
1.301928582735642825e+00,2.076364125969121233e-06
1.302102275878095350e+00,2.062914063571952283e-06
1.302275760154280482e+00,2.049582690233364701e-06
1.302449036065919996e+00,2.036371597569086589e-06
1.302622104112928447e+00,2.023249635385582224e-06
1.302794964793424271e+00,2.010246134886983782e-06
1.302967618603736666e+00,1.997370191020308994e-06
1.303140066038416478e+00,1.984556547540705651e-06
1.303312307590241970e+00,1.971856590898823924e-06
1.303484343750229035e+00,1.959231667569838464e-06
1.303656175007638751e+00,1.946682232301100157e-06
1.303827801849986479e+00,1.934247393364785239e-06
1.303999224763050080e+00,1.921945795402280055e-06
1.304170444230877024e+00,1.909678985612117685e-06
1.304341460735793490e+00,1.897538595585501753e-06
1.304512274758413248e+00,1.885450842564750928e-06
1.304682886777644546e+00,1.873429710030904971e-06
1.304853297270698098e+00,1.861513737821951509e-06
1.305023506713096193e+00,1.849665636655117851e-06
1.305193515578679575e+00,1.837921104197448585e-06
1.305363324339616105e+00,1.826276161409623455e-06
1.305532933466408529e+00,1.814680786083044950e-06
1.305702343427901813e+00,1.803178747650235891e-06
1.305871554691291347e+00,1.791770046111196280e-06
1.306040567722130286e+00,1.780436036824539769e-06
1.306209382984337974e+00,1.769168534337950405e-06
1.306378000940206618e+00,1.757968448146129958e-06
1.306546422050409717e+00,1.746846351124986541e-06
1.306714646774008948e+00,1.735795876811607741e-06
1.306882675568462604e+00,1.724809067127353046e-06
1.307050508889631590e+00,1.713926735646964516e-06
1.307218147191788526e+00,1.703114435258612502e-06
1.307385590927623520e+00,1.692386604190687649e-06
1.307552840548253270e+00,1.681739945524896029e-06
1.307719896503226398e+00,1.671173890827049036e-06
1.307886759240532548e+00,1.660689804339199327e-06
1.308053429206607721e+00,1.650255853746784851e-06
1.308219906846343150e+00,1.639905121919582598e-06
1.308386192603091969e+00,1.629613393561157864e-06
1.308552286918674756e+00,1.619387489881773945e-06
1.308718190233389533e+00,1.609265154911554419e-06
1.308883902986015979e+00,1.599204210833704565e-06
1.309049425613823647e+00,1.589193743711803108e-06
1.309214758552579516e+00,1.579258878336986527e-06
1.309379902236553095e+00,1.569380515320517588e-06
1.309544857098524639e+00,1.559569341225142125e-06
1.309709623569792036e+00,1.549821377011539880e-06
1.309874202080176797e+00,1.540137759548088070e-06
1.310038593058030720e+00,1.530491545054246671e-06
1.310202796930243885e+00,1.520940600130415987e-06
1.310366814122249535e+00,1.511447635493823327e-06
1.310530645058032073e+00,1.502013333265495021e-06
1.310694290160133058e+00,1.492622004661825486e-06
1.310857749849657639e+00,1.483318442296877038e-06
1.311021024546281222e+00,1.474075475016434211e-06
1.311184114668256129e+00,1.464862862121663056e-06
1.311347020632418037e+00,1.455686856388638262e-06
1.311509742854191529e+00,1.446568148821825162e-06
1.311672281747597424e+00,1.437534365322790109e-06
1.311834637725259212e+00,1.428535824743448757e-06
1.311996811198407942e+00,1.419600835106393788e-06
1.312158802576890215e+00,1.410730988027353305e-06
1.312320612269173292e+00,1.401888312102528289e-06
1.312482240682351753e+00,1.393122829540516250e-06
1.312643688222153271e+00,1.384394522574439179e-06
1.312804955292944609e+00,1.375736587760911789e-06
1.312966042297739167e+00,1.367154141007631551e-06
1.313126949638200980e+00,1.358604890810966026e-06
1.313287677714651158e+00,1.350127490695740562e-06
1.313448226926075657e+00,1.341699771728599444e-06
1.313608597670129052e+00,1.333328668806643691e-06
1.313768790343140758e+00,1.324990989814978093e-06
1.313928805340123018e+00,1.316717089139274321e-06
1.314088643054773797e+00,1.308504351982264780e-06
1.314248303879484103e+00,1.300335497944615781e-06
1.314407788205344429e+00,1.292203592129226308e-06
1.314567096422148751e+00,1.284153427150158677e-06
1.314726228918401851e+00,1.276156922358495649e-06
1.314885186081324431e+00,1.268203391191491392e-06
1.315043968296857768e+00,1.260308181372238323e-06
1.315202575949670827e+00,1.252457536793372128e-06
1.315361009423165806e+00,1.244656345988914836e-06
1.315519269099482136e+00,1.236909270119213033e-06
1.315677355359504030e+00,1.229258600687899161e-06
1.315835268582863815e+00,1.221631464431993663e-06
1.315993009147949699e+00,1.214065832755295560e-06
1.316150577431909330e+00,1.206548859045142308e-06
1.316307973810656451e+00,1.199077473756915424e-06
1.316465198658875790e+00,1.191652359011641238e-06
1.316622252350027944e+00,1.184303414447640534e-06
1.316779135256355371e+00,1.177001422547618859e-06
1.316935847748887500e+00,1.169737743111909367e-06
1.317092390197446727e+00,1.162529542853008024e-06
1.317248762970651743e+00,1.155375002781511284e-06
1.317404966435924196e+00,1.148255137195519637e-06
1.317561000959494022e+00,1.141196776188735384e-06
1.317716866906404105e+00,1.134179115069855470e-06
1.317872564640514499e+00,1.127185328186897095e-06
1.318028094524510196e+00,1.120254069064685609e-06
1.318183456919902907e+00,1.113362486648838967e-06
1.318338652187038607e+00,1.106519221139024012e-06
1.318493680685100866e+00,1.099736437026876956e-06
1.318648542772117516e+00,1.092994807549985126e-06
1.318803238804963529e+00,1.086304337150068022e-06
1.318957769139368574e+00,1.079648882296169177e-06
1.319112134129918790e+00,1.073039129551034421e-06
1.319266334130064777e+00,1.066481104317063000e-06
1.319420369492123823e+00,1.059946725945337676e-06
1.319574240567287005e+00,1.053479763868381269e-06
1.319727947705622295e+00,1.047066007231478579e-06
1.319881491256079675e+00,1.040686470332730096e-06
1.320034871566497126e+00,1.034360820995061658e-06
1.320188088983603070e+00,1.028074962050595786e-06
1.320341143853024146e+00,1.021834123093867674e-06
1.320494036519286096e+00,1.015609200294420589e-06
1.320646767325821980e+00,1.009460675049922429e-06
1.320799336614975061e+00,1.003321017378766555e-06
1.320951744728002808e+00,9.972341104003135115e-07
1.321103992005083549e+00,9.911711913446197286e-07
1.321256078785318477e+00,9.851605682342778891e-07
1.321408005406738528e+00,9.791843922357656993e-07
1.321559772206306826e+00,9.732458465805393644e-07
1.321711379519925567e+00,9.673528893472393975e-07
1.321862827682438013e+00,9.614607279218034819e-07
1.322014117027634272e+00,9.555789119986002333e-07
1.322165247888255735e+00,9.497124437984894030e-07
1.322316220595998404e+00,9.438980441700550728e-07
1.322467035481519337e+00,9.381358836435538251e-07
1.322617692874438644e+00,9.324134566668362822e-07
1.322768193103345258e+00,9.267128007195424289e-07
1.322918536495800712e+00,9.210720008923090063e-07
1.323068723378343359e+00,9.154856002169253770e-07
1.323218754076493697e+00,9.099257454181497451e-07
1.323368628914756373e+00,9.043909017236728687e-07
1.323518348216627283e+00,8.989007369564205874e-07
1.323667912304594907e+00,8.934532615967327729e-07
1.323817321500146083e+00,8.880488167051225901e-07
1.323966576123770444e+00,8.826855832921864931e-07
1.324115676494963756e+00,8.773605486567248590e-07
1.324264622932231683e+00,8.720682558305270504e-07
1.324413415753094903e+00,8.668172313264221884e-07
1.324562055274092653e+00,8.616088393864629325e-07
1.324710541810786513e+00,8.564259701415721793e-07
1.324858875677765058e+00,8.512918725500639994e-07
1.325007057188647419e+00,8.461806828563567251e-07
1.325155086656086834e+00,8.411124667873082217e-07
1.325302964391776195e+00,8.360579499822051730e-07
1.325450690706449830e+00,8.310436214742367156e-07
1.325598265909889051e+00,8.260641379820299335e-07
1.325745690310925706e+00,8.211039244088169653e-07
1.325892964217445291e+00,8.161829327946179546e-07
1.326040087936391165e+00,8.113010494525951799e-07
1.326187061773770104e+00,8.064619123615557328e-07
1.326333886034652743e+00,8.016644414965412579e-07
1.326480561023180238e+00,7.968862405505205970e-07
1.326627087042567155e+00,7.921489668660797179e-07
1.326773464395104796e+00,7.874415359765407629e-07
1.326919693382164755e+00,7.827576382624101825e-07
1.327065774304204693e+00,7.780990358696726616e-07
1.327211707460768775e+00,7.734736868769687135e-07
1.327357493150493895e+00,7.688855134801997337e-07
1.327503131671113223e+00,7.643179742444772273e-07
1.327648623319457544e+00,7.597866442665690556e-07
1.327793968391461910e+00,7.552948773081880063e-07
1.327939167182167202e+00,7.508244266318797600e-07
1.328084219985724346e+00,7.463708016075543128e-07
1.328229127095398310e+00,7.419553185172844678e-07
1.328373888803571434e+00,7.375791710728663020e-07
1.328518505401745431e+00,7.332230325118871406e-07
1.328662977180548044e+00,7.288898018487088848e-07
1.328807304429733716e+00,7.245976121339481324e-07
1.328951487438188250e+00,7.203190079962951131e-07
1.329095526493932589e+00,7.160652444326842669e-07
1.329239421884125472e+00,7.118550797713396605e-07
1.329383173895067660e+00,7.076737347233574837e-07
1.329526782812204821e+00,7.034950044726429041e-07
1.329670248920130193e+00,6.993628858253941871e-07
1.329813572502590135e+00,6.952595867915078998e-07
1.329956753842485240e+00,6.911636205586546566e-07
1.330099793221875437e+00,6.871077289360982832e-07
1.330242690921981552e+00,6.830761094533954747e-07
1.330385447223190631e+00,6.790743327655945905e-07
1.330528062405057499e+00,6.751000682925223373e-07
1.330670536746308752e+00,6.711385935886937659e-07
1.330812870524846758e+00,6.672152608189207967e-07
1.330955064017751210e+00,6.633055136262555607e-07
1.331097117501283789e+00,6.594168553419876844e-07
1.331239031250891047e+00,6.555555955856107175e-07
1.331380805541207080e+00,6.517284418805502355e-07
1.331522440646057737e+00,6.479145895355031826e-07
1.331663936838462625e+00,6.441296136472374201e-07
1.331805294390639105e+00,6.403658403542067390e-07
1.331946513574005175e+00,6.366313982653082348e-07
1.332087594659182139e+00,6.329117354653135408e-07
1.332228537915998823e+00,6.292199827839795034e-07
1.332369343613493573e+00,6.255490347939485218e-07
1.332510012019917811e+00,6.218915018507686909e-07
1.332650543402739141e+00,6.182620495565060992e-07
1.332790938028644456e+00,6.146526061456825119e-07
1.332931196163542387e+00,6.110659001024032477e-07
1.333071318072567069e+00,6.075058536225697026e-07
1.333211304020081034e+00,6.039594495632627513e-07
1.333351154269677652e+00,6.004365786793641746e-07
1.333490869084184682e+00,5.969322955934330821e-07
1.333630448725667161e+00,5.934520572736801114e-07
1.333769893455429623e+00,5.899862571823177859e-07
1.333909203534020316e+00,5.865323373654973693e-07
1.334048379221233427e+00,5.831091129948617890e-07
1.334187420776111521e+00,5.797022026854392607e-07
1.334326328456949318e+00,5.763264425695524551e-07
1.334465102521295687e+00,5.729622216676943935e-07
1.334603743225957428e+00,5.696238076779991388e-07
1.334742250827001930e+00,5.663113711307232734e-07
1.334880625579759172e+00,5.630099053632875439e-07
1.335018867738825277e+00,5.597257199951855000e-07
1.335156977558065616e+00,5.564688763115555048e-07
1.335294955290616370e+00,5.532168074751098175e-07
1.335432801188889185e+00,5.499811095432960428e-07
1.335570515504572064e+00,5.467587698149145581e-07
1.335708098488633144e+00,5.435659318209218327e-07
1.335845550391323577e+00,5.403930458669492509e-07
1.335982871462179311e+00,5.372207283471652772e-07
1.336120061950024862e+00,5.340751840776647441e-07
1.336257122102975314e+00,5.309523203322896734e-07
1.336394052168439872e+00,5.278424168864148669e-07
1.336530852393122748e+00,5.247671310826262925e-07
1.336667523023028270e+00,5.217117404754390009e-07
1.336804064303461770e+00,5.186770408727170434e-07
1.336940476479032469e+00,5.156609290679625701e-07
1.337076759793657033e+00,5.126683504386164714e-07
1.337212914490560900e+00,5.096979407426260877e-07
1.337348940812281617e+00,5.067197434982517734e-07
1.337484839000671943e+00,5.037485948378161993e-07
1.337620609296901186e+00,5.008006382922758348e-07
1.337756251941458752e+00,4.978604124517005403e-07
1.337891767174155699e+00,4.949256435793358833e-07
1.338027155234128962e+00,4.919703542327624746e-07
1.338162416359842233e+00,4.889368483418365940e-07
1.338297550789089296e+00,4.859009550273185596e-07
1.338432558758996027e+00,4.829282715945737436e-07
1.338567440506023942e+00,4.799616704076470342e-07
1.338702196265970867e+00,4.769732981912966352e-07
1.338836826273975822e+00,4.738603252008033451e-07
1.338971330764518797e+00,4.707552534455317073e-07
1.339105709971425640e+00,4.677239076045225374e-07
1.339239964127868943e+00,4.648064191314915661e-07
1.339374093466370930e+00,4.618319735527620651e-07
1.339508098218805898e+00,4.589685431710677221e-07
1.339641978616402662e+00,4.561798903068847721e-07
1.339775734889747438e+00,4.534313404747081222e-07
1.339909367268784512e+00,4.507157029820518801e-07
1.340042875982820680e+00,4.480229733871965436e-07
1.340176261260526136e+00,4.453580402241641423e-07
1.340309523329938468e+00,4.427068347467866261e-07
1.340442662418462660e+00,4.400673390136944363e-07
1.340575678752875755e+00,4.374323907541111112e-07
1.340708572559327294e+00,4.348059974290663376e-07
1.340841344063342433e+00,4.322124880218325416e-07
1.340973993489825045e+00,4.296225881716964068e-07
1.341106521063058610e+00,4.270449380783247761e-07
1.341238927006708881e+00,4.244719491452997318e-07
1.341371211543826991e+00,4.219278935124748386e-07
1.341503374896850787e+00,4.194071152596734464e-07
1.341635417287607268e+00,4.169143039689515717e-07
1.341767338937315035e+00,4.144330034705490107e-07
1.341899140066586282e+00,4.119519019241124624e-07
1.342030820895428800e+00,4.094852101843571290e-07
1.342162381643249303e+00,4.069817407525988529e-07
1.342293822528854319e+00,4.044959496241062880e-07
1.342425143770452634e+00,4.020508015400992008e-07
1.342556345585658173e+00,3.996185853338829475e-07
1.342687428191491783e+00,3.972056390466605080e-07
1.342818391804382339e+00,3.947901632272987626e-07
1.342949236640171184e+00,3.924015459233487491e-07
1.343079962914111913e+00,3.900208582763298182e-07
1.343210570840873919e+00,3.876392611346091144e-07
1.343341060634544393e+00,3.851805274734942941e-07
1.343471432508629215e+00,3.826656040928355651e-07
1.343601686676056728e+00,3.801543471126933582e-07
1.343731823349178844e+00,3.776402479616081109e-07
1.343861842739773715e+00,3.751883639324660180e-07
1.343991745059046616e+00,3.728216029230679851e-07
1.344121530517633722e+00,3.704163589191011852e-07
1.344251199325602775e+00,3.680187603549711639e-07
1.344380751692455078e+00,3.656461160517210374e-07
1.344510187827129055e+00,3.633690255355759291e-07
1.344639507938001133e+00,3.611517342960723909e-07
1.344768712232887076e+00,3.590009498566359980e-07
1.344897800919045538e+00,3.568856072888593189e-07
1.345026774203178954e+00,3.547947642346116481e-07
1.345155632291436421e+00,3.527195246988412691e-07
1.345284375389414366e+00,3.506619350446271710e-07
1.345413003702159660e+00,3.486260595764179016e-07
1.345541517434171608e+00,3.466089992798515595e-07
1.345669916789402620e+00,3.446030802933819359e-07
1.345798201971262431e+00,3.426139301154762506e-07
1.345926373182616764e+00,3.406367454772407655e-07
1.346054430625792664e+00,3.386688263162795920e-07
1.346182374502578494e+00,3.367160843481542543e-07
1.346310205014225714e+00,3.347710162415751256e-07
1.346437922361451989e+00,3.328476338992913952e-07
1.346565526744441854e+00,3.309232283754681703e-07
1.346693018362849603e+00,3.290213896889326861e-07
1.346820397415799953e+00,3.271348703037801897e-07
1.346947664101891817e+00,3.252718272506172070e-07
1.347074818619197645e+00,3.234183338918228401e-07
1.347201861165267855e+00,3.215792787614191184e-07
1.347328791937130621e+00,3.197579587776999688e-07
1.347455611131294972e+00,3.179394809649238596e-07
1.347582318943751467e+00,3.161292170261731371e-07
1.347708915569975963e+00,3.143366029689786956e-07
1.347835401204928951e+00,3.125499574707646389e-07
1.347961776043059334e+00,3.107818997705180664e-07
1.348088040278304867e+00,3.090207485456630820e-07
1.348214194104095265e+00,3.072735239584289957e-07
1.348340237713353096e+00,3.055380375371896662e-07
1.348466171298494665e+00,3.038111344721983187e-07
1.348591995051434900e+00,3.020987549007259076e-07
1.348717709163584910e+00,3.003907806942152092e-07
1.348843313825857315e+00,2.986957667872047750e-07
1.348968809228665577e+00,2.970121215639665024e-07
1.349094195561927334e+00,2.953401292415946955e-07
1.349219473015065063e+00,2.936808698450477095e-07
1.349344641777008524e+00,2.920315864685107954e-07
1.349469702036196317e+00,2.903912843521538889e-07
1.349594653980576542e+00,2.887621235458937008e-07
1.349719497797610579e+00,2.871515505376009969e-07
1.349844233674272642e+00,2.855444449778588023e-07
1.349968861797052444e+00,2.839493333794962382e-07
1.350093382351957638e+00,2.823704505772184348e-07
1.350217795524513598e+00,2.807983321417850675e-07
1.350342101499766745e+00,2.792350812796939863e-07
1.350466300462285663e+00,2.776874907794990577e-07
1.350590392596162648e+00,2.761458972599939443e-07
1.350714378085014378e+00,2.746174914136645384e-07
1.350838257111986129e+00,2.731001700340129901e-07
1.350962029859750890e+00,2.715869413805194199e-07
1.351085696510511802e+00,2.700865024962695315e-07
1.351209257246004380e+00,2.685944195945921820e-07
1.351332712247497181e+00,2.671086747341178125e-07
1.351456061695793798e+00,2.656360607034002896e-07
1.351579305771234418e+00,2.641637024680676404e-07
1.351702444653698487e+00,2.627038497848843690e-07
1.351825478522603596e+00,2.612543426039337646e-07
1.351948407556909482e+00,2.598107187168352539e-07
1.352071231935119355e+00,2.583793161647918168e-07
1.352193951835279906e+00,2.569493062765104696e-07
1.352316567434984629e+00,2.555303524331975495e-07
1.352439078911374049e+00,2.541264052524638828e-07
1.352561486441138161e+00,2.527226570236962289e-07
1.352683790200517322e+00,2.513285153327160515e-07
1.352805990365304245e+00,2.499416780210594879e-07
1.352928087110845334e+00,2.485683125996729359e-07
1.353050080612042239e+00,2.472042979206889868e-07
1.353171971043352739e+00,2.458457970533345360e-07
1.353293758578793415e+00,2.444971585191524355e-07
1.353415443391940531e+00,2.431577001971163554e-07
1.353537025655931147e+00,2.418268820747471182e-07
1.353658505543464896e+00,2.405039367658901028e-07
1.353779883226806424e+00,2.391888358488358790e-07
1.353901158877784283e+00,2.378851746698273928e-07
1.354022332667796036e+00,2.365854641084297327e-07
1.354143404767806258e+00,2.352940100536216050e-07
1.354264375348349647e+00,2.340127451816442772e-07
1.354385244579533465e+00,2.327413852754034451e-07
1.354506012631035983e+00,2.314710485507021076e-07
1.354626679672110923e+00,2.302090820194280241e-07
1.354747245871587902e+00,2.289589247084222734e-07
1.354867711397872210e+00,2.277162991504155798e-07
1.354988076418949250e+00,2.264775105231819907e-07
1.355108341102383429e+00,2.252452020456985338e-07
1.355228505615320156e+00,2.240209937554027420e-07
1.355348570124488283e+00,2.228061646292189835e-07
1.355468534796200775e+00,2.215954708617573488e-07
1.355588399796355370e+00,2.203961031455037300e-07
1.355708165290437028e+00,2.192025760905380594e-07
1.355827831443518816e+00,2.180162255172035657e-07
1.355947398420263461e+00,2.168346213693439495e-07
1.356066866384924907e+00,2.156588010393534205e-07
1.356186235501348980e+00,2.144931414704842609e-07
1.356305505932974942e+00,2.133337915211086511e-07
1.356424677842837712e+00,2.121846023328544106e-07
1.356543751393568087e+00,2.110343899630606757e-07
1.356662726747394521e+00,2.098929314797715051e-07
1.356781604066144453e+00,2.087645469828203204e-07
1.356900383511245645e+00,2.076373704085199279e-07
1.357019065243727729e+00,2.065180666477317573e-07
1.357137649424222881e+00,2.054060104228483397e-07
1.357256136212967590e+00,2.043028075604524929e-07
1.357374525769803775e+00,2.032034558396844659e-07
1.357492818254180778e+00,2.021108969074703055e-07
1.357611013825155366e+00,2.010239370520139346e-07
1.357729112641393510e+00,1.999427468035719357e-07
1.357847114861172821e+00,1.988660045526557951e-07
1.357965020642381893e+00,1.977987693635441246e-07
1.358082830142522957e+00,1.967334526398190064e-07
1.358200543518712999e+00,1.956774013933681999e-07
1.358318160927683982e+00,1.946246328543566051e-07
1.358435682525785726e+00,1.935769091687689070e-07
1.358553108468985249e+00,1.925395167745591607e-07
1.358670438912870093e+00,1.915090024340315722e-07
1.358787674012647662e+00,1.904805202457282576e-07
1.358904813923147881e+00,1.894613035346992547e-07
1.359021858798823423e+00,1.884471174662394333e-07
1.359138808793751707e+00,1.874423531944557908e-07
1.359255664061635338e+00,1.864414969077188289e-07
1.359372424755804332e+00,1.854456712635510485e-07
1.359489091029216112e+00,1.844555725938334945e-07
1.359605663034457734e+00,1.834712435311303125e-07
1.359722140923746103e+00,1.824940341066394467e-07
1.359838524848930641e+00,1.815194536902708933e-07
1.359954814961492842e+00,1.805550766675878549e-07
1.360071011412548714e+00,1.795928170622573816e-07
1.360187114352848559e+00,1.786363412747959956e-07
1.360303123932780078e+00,1.776890030669164844e-07
1.360419040302367932e+00,1.767410680031389347e-07
1.360534863611275069e+00,1.758013326025320566e-07
1.360650594008805614e+00,1.748655620303907199e-07
1.360766231643903090e+00,1.739349784202204319e-07
1.360881776665153531e+00,1.730117276110831881e-07
1.360997229220787474e+00,1.720946016803281964e-07
1.361112589458678412e+00,1.711796926429087762e-07
1.361227857526345897e+00,1.702721448282318306e-07
1.361343033570956429e+00,1.693687465831317240e-07
1.361458117739323903e+00,1.684752675146228285e-07
1.361573110177911383e+00,1.675848579907324165e-07
1.361688011032831769e+00,1.666981432890679571e-07
1.361802820449850016e+00,1.658189034969836939e-07
1.361917538574381803e+00,1.649448506668704795e-07
1.362032165551497531e+00,1.640740947550511919e-07
1.362146701525921655e+00,1.632059678513542167e-07
1.362261146642034015e+00,1.623429284336452838e-07
1.362375501043871173e+00,1.614858859966261662e-07
1.362489764875127518e+00,1.606328225989273051e-07
1.362603938279156601e+00,1.597815213472131290e-07
1.362718021398971580e+00,1.589419866832031403e-07
1.362832014377246548e+00,1.581043846954344190e-07
1.362945917356317649e+00,1.572708185904048150e-07
1.363059730478184406e+00,1.564406488796521444e-07
1.363173453884510389e+00,1.556166040472817258e-07
1.363287087716624324e+00,1.547964956216674182e-07
1.363400632115521649e+00,1.539816594231524505e-07
1.363514087221864957e+00,1.531723370362669812e-07
1.363627453175984661e+00,1.523675052794715157e-07
1.363740730117881883e+00,1.515688694553318783e-07
1.363853918187226455e+00,1.507723794702542364e-07
1.363967017523361802e+00,1.499808490734722000e-07
1.364080028265302280e+00,1.491940651021650410e-07
1.364192950551736283e+00,1.484125675688119372e-07
1.364305784521027354e+00,1.476353048701639636e-07
1.364418530311213962e+00,1.468660002501565032e-07
1.364531188060011280e+00,1.461019252246842370e-07
1.364643757904812293e+00,1.453395839234872255e-07
1.364756239982688690e+00,1.445836375069120550e-07
1.364868634430391747e+00,1.438320111901703058e-07
1.364980941384353219e+00,1.430791201073589036e-07
1.365093160980686893e+00,1.423358355623349780e-07
1.365205293355188365e+00,1.415953505556899472e-07
1.365317338643337930e+00,1.408567555927220383e-07
1.365429296980299467e+00,1.401220686148008099e-07
1.365541168500922886e+00,1.393926964965430670e-07
1.365652953339744791e+00,1.386679002735036192e-07
1.365764651630989146e+00,1.379486178620936698e-07
1.365876263508568167e+00,1.372309554881212534e-07
1.365987789106083872e+00,1.365198869507366908e-07
1.366099228556828304e+00,1.358107795113028260e-07
1.366210581993785311e+00,1.351032494767423486e-07
1.366321849549630763e+00,1.343999116443228559e-07
1.366433031356733885e+00,1.337013060265235254e-07
1.366544127547157705e+00,1.330078021055669524e-07
1.366655138252661272e+00,1.323165292888006661e-07
1.366766063604698989e+00,1.316302018494752701e-07
1.366876903734422166e+00,1.309491182155397837e-07
1.366987658772680803e+00,1.302724541574207251e-07
1.367098328850023581e+00,1.296005365247765440e-07
1.367208914096697647e+00,1.289316742258961312e-07
1.367319414642653275e+00,1.282700736737751868e-07
1.367429830617540309e+00,1.276126653237952269e-07
1.367540162150711947e+00,1.269575164997149841e-07
1.367650409371224951e+00,1.263070998902549036e-07
1.367760572407840325e+00,1.256628934243053664e-07
1.367870651389023973e+00,1.250193975010915892e-07
1.367980646442948700e+00,1.243798664063433534e-07
1.368090557697493326e+00,1.237448685742492671e-07
1.368200385280245790e+00,1.231111781407889794e-07
1.368310129318502266e+00,1.224822057110941387e-07
1.368419789939268272e+00,1.218576954897798714e-07
1.368529367269260888e+00,1.212346205647918396e-07
1.368638861434908094e+00,1.206154962574146339e-07
1.368748272562349655e+00,1.199991288558521774e-07
1.368857600777440009e+00,1.193878773619871936e-07
1.368966846205746268e+00,1.187785585443634773e-07
1.369076008972551328e+00,1.181725437504610454e-07
1.369185089202853645e+00,1.175708206346826046e-07
1.369294087021368567e+00,1.169703693904011743e-07
1.369403002552528559e+00,1.163746503607399063e-07
1.369511835920485199e+00,1.157831093223649077e-07
1.369620587249108734e+00,1.151958599621139001e-07
1.369729256661988970e+00,1.146099108950693335e-07
1.369837844282438155e+00,1.140286798317902139e-07
1.369946350233488763e+00,1.134525362544991367e-07
1.370054774637897266e+00,1.128766911051570787e-07
1.370163117618142357e+00,1.123041073469721596e-07
1.370271379296427616e+00,1.117370871384082420e-07
1.370379559794681734e+00,1.111736196435231250e-07
1.370487659234558953e+00,1.106119569271868386e-07
1.370595677737440621e+00,1.100532429632039566e-07
1.370703615424435640e+00,1.095001920248250826e-07
1.370811472416381349e+00,1.089493792960638530e-07
1.370919248833843529e+00,1.084026095554690983e-07
1.371026944797119063e+00,1.078582485547485703e-07
1.371134560426234827e+00,1.073154223263372842e-07
1.371242095840949915e+00,1.067743369276286103e-07
1.371349551160754965e+00,1.062389003436692292e-07
1.371456926504874829e+00,1.057057730236010684e-07
1.371564221992267241e+00,1.051758644621259009e-07
1.371671437741625921e+00,1.046501694190737908e-07
1.371778573871379470e+00,1.041265065282459545e-07
1.371885630499692699e+00,1.036064674053704948e-07
1.371992607744468184e+00,1.030879346330948465e-07
1.372099505723345381e+00,1.025737930149261956e-07
1.372206324553703727e+00,1.020612714341950777e-07
1.372313064352661538e+00,1.015517909763730131e-07
1.372419725237076893e+00,1.010459271810759674e-07
1.372526307323549410e+00,1.005448808655273751e-07
1.372632810728420472e+00,1.000456819610917591e-07
1.372739235567773886e+00,9.954779756071729935e-08
1.372845581957437000e+00,9.905453168812528020e-08
1.372951850012980479e+00,9.856455562839983031e-08
1.373058039849720746e+00,9.807706646824954078e-08
1.373164151582718873e+00,9.759197894254612038e-08
1.373270185326783022e+00,9.710849724342551781e-08
1.373376141196468003e+00,9.663043698537876480e-08
1.373482019306076607e+00,9.615278173669139505e-08
1.373587819769659379e+00,9.567837366830644896e-08
1.373693542701017289e+00,9.520445587440917734e-08
1.373799188213700617e+00,9.473692585970638902e-08
1.373904756421010731e+00,9.427007796602993039e-08
1.374010247436000087e+00,9.380804755210192525e-08
1.374115661371473340e+00,9.334654293979838258e-08
1.374220998339988231e+00,9.288790892014731071e-08
1.374326258453856475e+00,9.243252918622602010e-08
1.374431441825143541e+00,9.198051031944487477e-08
1.374536548565670202e+00,9.153210811518874834e-08
1.374641578787012763e+00,9.108432408311273321e-08
1.374746532600504612e+00,9.063742112402906059e-08
1.374851410117235773e+00,9.019507274388161022e-08
1.374956211448054466e+00,8.975386833753873361e-08
1.375060936703567771e+00,8.931502293307858054e-08
1.375165585994141182e+00,8.887863600648415741e-08
1.375270159429901051e+00,8.844304488775378559e-08
1.375374657120733923e+00,8.801168860372854397e-08
1.375479079176287867e+00,8.758185288115782896e-08
1.375583425705973584e+00,8.715466037756414153e-08
1.375687696818963746e+00,8.673016083093898487e-08
1.375791892624194990e+00,8.630581049828833784e-08
1.375896013230367476e+00,8.588633448880500509e-08
1.376000058745947108e+00,8.546661689479151391e-08
1.376104029279164642e+00,8.505125492774823215e-08
1.376207924938016802e+00,8.463663192515014089e-08
1.376311745830268274e+00,8.422507136174317566e-08
1.376415492063449708e+00,8.381528004974825308e-08
1.376519163744861052e+00,8.340880697232933016e-08
1.376622760981570881e+00,8.300232678948304965e-08
1.376726283880417290e+00,8.259832640078457189e-08
1.376829732548008112e+00,8.219807057230354985e-08
1.376933107090722475e+00,8.179826949117341428e-08
1.377036407614710800e+00,8.140135321355046472e-08
1.377139634225895914e+00,8.100656856413479545e-08
1.377242787029973048e+00,8.061420686544806813e-08
1.377345866132411389e+00,8.022175279620569199e-08
1.377448871638453642e+00,7.983397409816461732e-08
1.377551803653117357e+00,7.944682067773101153e-08
1.377654662281196041e+00,7.906368182375445031e-08
1.377757447627258269e+00,7.868100482255613315e-08
1.377860159795650352e+00,7.830106341089049238e-08
1.377962798890495000e+00,7.792338863055192633e-08
1.378065365015693322e+00,7.754701414341980126e-08
1.378167858274924606e+00,7.717230232628935482e-08
1.378270278771647872e+00,7.680068847548682243e-08
1.378372626609101870e+00,7.643101440635291510e-08
1.378474901890304860e+00,7.606280405525467359e-08
1.378577104718057500e+00,7.569721560685138684e-08
1.378679235194941066e+00,7.533373036494594999e-08
1.378781293423319898e+00,7.497187226590540376e-08
1.378883279505340731e+00,7.461179762913161539e-08
1.378985193542934029e+00,7.425423831364241778e-08
1.379087035637814429e+00,7.389872536123220925e-08
1.379188805891480962e+00,7.354550035643114825e-08
1.379290504405218831e+00,7.319155059803961194e-08
1.379392131280098521e+00,7.284097591764293611e-08
1.379493686616976911e+00,7.249300892908649985e-08
1.379595170516498825e+00,7.214449482262352831e-08
1.379696583079095706e+00,7.180070582535336143e-08
1.379797924404988718e+00,7.145723657231428660e-08
1.379899194594186973e+00,7.111554367611461203e-08
1.380000393746489529e+00,7.077714059278150671e-08
1.380101521961485611e+00,7.043804117756735650e-08
1.380202579338554614e+00,7.010144997821043944e-08
1.380303565976867874e+00,6.976829780569460127e-08
1.380404481975388675e+00,6.943625407984654885e-08
1.380505327432872242e+00,6.910450167652015807e-08
1.380606102447867078e+00,6.877620251088956138e-08
1.380706807118715629e+00,6.845002786803888739e-08
1.380807441543553837e+00,6.812521036181351519e-08
1.380908005820313367e+00,6.780140182627292234e-08
1.381008500046720266e+00,6.747966807552074897e-08
1.381108924320296971e+00,6.716070544143804000e-08
1.381209278738362745e+00,6.684301467885234160e-08
1.381309563398033458e+00,6.652695816455889144e-08
1.381409778396222920e+00,6.621209536206151824e-08
1.381509923829642217e+00,6.590033763131941669e-08
1.381609999794802590e+00,6.558862963856881834e-08
1.381710006388013445e+00,6.527940143996602274e-08
1.381809943705384569e+00,6.497142379657816491e-08
1.381909811842826130e+00,6.466540725114100496e-08
1.382009610896049123e+00,6.436080468574800761e-08
1.382109340960565813e+00,6.405739583215108723e-08
1.382209002131691067e+00,6.375633887500953279e-08
1.382308594504542132e+00,6.345674563590364414e-08
1.382408118174039302e+00,6.315819689461932285e-08
1.382507573234906584e+00,6.286165188384984504e-08
1.382606959781672584e+00,6.256630769030380179e-08
1.382706277908669845e+00,6.227177351547652506e-08
1.382805527710037286e+00,6.197910096261693980e-08
1.382904709279718869e+00,6.168798449834866915e-08
1.383003822711464936e+00,6.139947572592063807e-08
1.383102868098833538e+00,6.111155670396328787e-08
1.383201845535189545e+00,6.082429138132283697e-08
1.383300755113705316e+00,6.054025902813009452e-08
1.383399596927363140e+00,6.025757670613529626e-08
1.383498371068953015e+00,5.997594598738942295e-08
1.383597077631074646e+00,5.969636163172253873e-08
1.383695716706138779e+00,5.941804204212530749e-08
1.383794288386365645e+00,5.914143130780757929e-08
1.383892792763786961e+00,5.886685627842780377e-08
1.383991229930246147e+00,5.859306639877104317e-08
1.384089599977398333e+00,5.832111327208622242e-08
1.384187902996712793e+00,5.805041780604369706e-08
1.384286139079469402e+00,5.778179357207591238e-08
1.384384308316763956e+00,5.751468634684897552e-08
1.384482410799505514e+00,5.724773188831022708e-08
1.384580446618417504e+00,5.698190008729397960e-08
1.384678415864039280e+00,5.671836689202791604e-08
1.384776318626725011e+00,5.645623346595129988e-08
1.384874154996646123e+00,5.619427412284494494e-08
1.384971925063789522e+00,5.593502550027551479e-08
1.385069628917960483e+00,5.567587635368909105e-08
1.385167266648780648e+00,5.541960845789617451e-08
1.385264838345690919e+00,5.516456980103612295e-08
1.385362344097950338e+00,5.490937837748788297e-08
1.385459783994637428e+00,5.465663477366433654e-08
1.385557158124649968e+00,5.440432815362328256e-08
1.385654466576705657e+00,5.415306603140379593e-08
1.385751709439343671e+00,5.390363000401521276e-08
1.385848886800923330e+00,5.365574651250426541e-08
1.385945998749626318e+00,5.340879027926348499e-08
1.386043045373455573e+00,5.316393014709319687e-08
1.386140026760237287e+00,5.292025662129162811e-08
1.386236942997620236e+00,5.267669322961410217e-08
1.386333794173076672e+00,5.243562739565277298e-08
1.386430580373902766e+00,5.219399312750283570e-08
1.386527301687219715e+00,5.195503760546671401e-08
1.386623958199972639e+00,5.171701289441443805e-08
1.386720549998933016e+00,5.148040216340632469e-08
1.386817077170697354e+00,5.124513435816879792e-08
1.386913539801688744e+00,5.101080091662879568e-08
1.387009937978156859e+00,5.077726328295284475e-08
1.387106271786179512e+00,5.054631913026241818e-08
1.387202541311660653e+00,5.031423810919477546e-08
1.387298746640333702e+00,5.008467951483908109e-08
1.387394887857760217e+00,4.985576040894557082e-08
1.387490965049330560e+00,4.962804922570285271e-08
1.387586978300264784e+00,4.940178044421372761e-08
1.387682927695613300e+00,4.917653484426409705e-08
1.387778813320256432e+00,4.895330718568402517e-08
1.387874635258905309e+00,4.873044190389919095e-08
1.387970393596102747e+00,4.850981483173200104e-08
1.388066088416223476e+00,4.828992672401000164e-08
1.388161719803474137e+00,4.807033349152334267e-08
1.388257287841893506e+00,4.785185581113182707e-08
1.388352792615354270e+00,4.763603556057205424e-08
1.388448234207562804e+00,4.742023662629435421e-08
1.388543612702058283e+00,4.720485335951707384e-08
1.388638928182215793e+00,4.699144184883152775e-08
1.388734180731244328e+00,4.677922049722837983e-08
1.388829370432188348e+00,4.656730467900160875e-08
1.388924497367928002e+00,4.635729666802035354e-08
1.389019561621179788e+00,4.614719273376977071e-08
1.389114563274497005e+00,4.593958280452170584e-08
1.389209502410269081e+00,4.573258749474007345e-08
1.389304379110723797e+00,4.552556021053533186e-08
1.389399193457926618e+00,4.532076758323455579e-08
1.389493945533781138e+00,4.511634799087005376e-08
1.389588635420029750e+00,4.491421989882837806e-08
1.389683263198253860e+00,4.471207049050462956e-08
1.389777828949874783e+00,4.451143098549437127e-08
1.389872332756153739e+00,4.431070266264214297e-08
1.389966774698191854e+00,4.411232623624528060e-08
1.390061154856931935e+00,4.391486640997754876e-08
1.390155473313156920e+00,4.371760908838950854e-08
1.390249730147492979e+00,4.352162008558480011e-08
1.390343925440406858e+00,4.332695624498228426e-08
1.390438059272208760e+00,4.313336887662444497e-08
1.390532131723051013e+00,4.293979927183499967e-08
1.390626142872929849e+00,4.274722442687561852e-08
1.390720092801684959e+00,4.255608132552879397e-08
1.390813981589000603e+00,4.236628470266623481e-08
1.390907809314404942e+00,4.217767468617239501e-08
1.391001576057271150e+00,4.198890479756300920e-08
1.391095281896818081e+00,4.180257917596463813e-08
1.391188926912110269e+00,4.161609012953704223e-08
1.391282511182057702e+00,4.143015175372966041e-08
1.391376034785418492e+00,4.124580499365038122e-08
1.391469497800795985e+00,4.106254181124313618e-08
1.391562900306641648e+00,4.088000693514004524e-08
1.391656242381254405e+00,4.069925552130371216e-08
1.391749524102781965e+00,4.051870305943339190e-08
1.391842745549219496e+00,4.033906009226484457e-08
1.391935906798412281e+00,4.016091637026875105e-08
1.392029007928053508e+00,3.998360753598717565e-08
1.392122049015687146e+00,3.980685647775317193e-08
1.392215030138706844e+00,3.963045003274601186e-08
1.392307951374356811e+00,3.945580928643721563e-08
1.392400812799731824e+00,3.928177960688117309e-08
1.392493614491778553e+00,3.910875179258255230e-08
1.392586356527294233e+00,3.893632083418196999e-08
1.392679038982928663e+00,3.876441567740585015e-08
1.392771661935184868e+00,3.859314290366455680e-08
1.392864225460416661e+00,3.842317397584338323e-08
1.392956729634832636e+00,3.825376282406978135e-08
1.393049174534494394e+00,3.808511905845080037e-08
1.393141560235316989e+00,3.791761216120903555e-08
1.393233886813070477e+00,3.775081580670303083e-08
1.393326154343379031e+00,3.758506039730491466e-08
1.393418362901721830e+00,3.742081489122028870e-08
1.393510512563433723e+00,3.725551778188673779e-08
1.393602603403705009e+00,3.709201834567465994e-08
1.393694635497582102e+00,3.692952788014736143e-08
1.393786608919968195e+00,3.676803217445012706e-08
1.393878523745622822e+00,3.660665370830429310e-08
1.393970380049163182e+00,3.644566604066312721e-08
1.394062177905063926e+00,3.628641209729721595e-08
1.394153917387657371e+00,3.612802146335525322e-08
1.394245598571134170e+00,3.596985465037505492e-08
1.394337221529543980e+00,3.581233087857071951e-08
1.394428786336795456e+00,3.565613937439593428e-08
1.394520293066656258e+00,3.550029248344799271e-08
1.394611741792753490e+00,3.534537285077021807e-08
1.394703132588575256e+00,3.519088309644757828e-08
1.394794465527469329e+00,3.503787482372899831e-08
1.394885740682644926e+00,3.488534261464337760e-08
1.394976958127171596e+00,3.473378384910574823e-08
1.395068117933980778e+00,3.458297115344066697e-08
1.395159220175866244e+00,3.443341256570420228e-08
1.395250264925482764e+00,3.428435846331012726e-08
1.395341252255348774e+00,3.413568450127968390e-08
1.395432182237845264e+00,3.398827530531889352e-08
1.395523054945216002e+00,3.384086255664442433e-08
1.395613870449569083e+00,3.369437351352644328e-08
1.395704628822875826e+00,3.354930200316630362e-08
1.395795330136971879e+00,3.340404219898118754e-08
1.395885974463558110e+00,3.325960662436955317e-08
1.395976561874199717e+00,3.311664187322094222e-08
1.396067092440327118e+00,3.297361317322611285e-08
1.396157566233237057e+00,3.283143712451419560e-08
1.396247983324091724e+00,3.269007109452104487e-08
1.396338343783919189e+00,3.255004088487112313e-08
1.396428647683614965e+00,3.241023094346928701e-08
1.396518895093940893e+00,3.227166800456870988e-08
1.396609086085526474e+00,3.213294519355258672e-08
1.396699220728868873e+00,3.199522069508020650e-08
1.396789299094332693e+00,3.185865082855343644e-08
1.396879321252151307e+00,3.172252860395019525e-08
1.396969287272426641e+00,3.158725903062986617e-08
1.397059197225129612e+00,3.145187577047181549e-08
1.397149051180099910e+00,3.131739134687450132e-08
1.397238849207047329e+00,3.118358904430351686e-08
1.397328591375551321e+00,3.105028412164756446e-08
1.397418277755061444e+00,3.091819067435608304e-08
1.397507908414898692e+00,3.078633525888108124e-08
1.397597483424253717e+00,3.065583698003138124e-08
1.397687002852189275e+00,3.052529251590385684e-08
1.397776466767638670e+00,3.039566109919178416e-08
1.397865875239408417e+00,3.026682549034376279e-08
1.397955228336176026e+00,3.013847305055605830e-08
1.398044526126491993e+00,3.001115089773520594e-08
1.398133768678779365e+00,2.988349478982854635e-08
1.398222956061334621e+00,2.975715851505356113e-08
1.398312088342327453e+00,2.963161982449946663e-08
1.398401165589800987e+00,2.950641153631750058e-08
1.398490187871673118e+00,2.938216070447197126e-08
1.398579155255735618e+00,2.925856890101385943e-08
1.398668067809654358e+00,2.913515118052600883e-08
1.398756925600971535e+00,2.901253814968640654e-08
1.398845728697103663e+00,2.889039407705240592e-08
1.398934477165342916e+00,2.876860349942944595e-08
1.399023171072857341e+00,2.864817716385914537e-08
1.399111810486691754e+00,2.852780234263718739e-08
1.399200395473766845e+00,2.840854307351037278e-08
1.399288926100880293e+00,2.828984158043112984e-08
1.399377402434706985e+00,2.817188615722443501e-08
1.399465824541799019e+00,2.805352927737203572e-08
1.399554192488586146e+00,2.793576747706083552e-08
1.399642506341376880e+00,2.781990815492463298e-08
1.399730766166357165e+00,2.770343954239251616e-08
1.399818972029591491e+00,2.758787509549165406e-08
1.399907123997023550e+00,2.747300698047183687e-08
1.399995222134477135e+00,2.735847104418098752e-08
1.400083266507653690e+00,2.724438630252734583e-08
1.400171257182135642e+00,2.713094460204956704e-08
1.400259194223385739e+00,2.701752244149702165e-08
1.400347077696746156e+00,2.690488010159697296e-08
1.400434907667440276e+00,2.679300692420838459e-08
1.400522684200572243e+00,2.668122967008912383e-08
1.400610407361128074e+00,2.657045250487044541e-08
1.400698077213974102e+00,2.646030416997291468e-08
1.400785693823859646e+00,2.635071361112295563e-08
1.400873257255415227e+00,2.624138950579890661e-08
1.400960767573154575e+00,2.613269778350968409e-08
1.401048224841473511e+00,2.602415527519497118e-08
1.401135629124651061e+00,2.591703385235177848e-08
1.401222980486849234e+00,2.580969216126050014e-08
1.401310278992113911e+00,2.570327239936887054e-08
1.401397524704374842e+00,2.559708534022320237e-08
1.401484717687444981e+00,2.549117184003080183e-08
1.401571858005023152e+00,2.538598842249939480e-08
1.401658945720691385e+00,2.528046927352534112e-08
1.401745980897917576e+00,2.517607100571694900e-08
1.401832963600054160e+00,2.507223939574032556e-08
1.401919893890339663e+00,2.496902062887329521e-08
1.402006771831898257e+00,2.486648575938943395e-08
1.402093597487739540e+00,2.476421379071780393e-08
1.402180370920759866e+00,2.466225623720674776e-08
1.402267092193742348e+00,2.456075698376025684e-08
1.402353761369356855e+00,2.445998248390424123e-08
1.402440378510160013e+00,2.435982970894201571e-08
1.402526943678596316e+00,2.426006950884129765e-08
1.402613456936997460e+00,2.416057753862332902e-08
1.402699918347583452e+00,2.406182453285055090e-08
1.402786327972462610e+00,2.396373588453570846e-08
1.402872685873630898e+00,2.386535058462868619e-08
1.402958992112974368e+00,2.376825314343022910e-08
1.403045246752266495e+00,2.367093898669736518e-08
1.403131449853171286e+00,2.357433892541394016e-08
1.403217601477241727e+00,2.347840855065896903e-08
1.403303701685920668e+00,2.338280857827612635e-08
1.403389750540541048e+00,2.328771842030619155e-08
1.403475748102326337e+00,2.319256431349003833e-08
1.403561694432389872e+00,2.309845648085229186e-08
1.403647589591736633e+00,2.300427404122729058e-08
1.403733433641262573e+00,2.291063161408146698e-08
1.403819226641754625e+00,2.281720590247005021e-08
1.403904968653891583e+00,2.272482291232336138e-08
1.403990659738244107e+00,2.263254827994387597e-08
1.404076299955274720e+00,2.254090780695605645e-08
1.404161889365338922e+00,2.244979491194953880e-08
1.404247428028684297e+00,2.235845109055389912e-08
1.404332916005451626e+00,2.226761175450064911e-08
1.404418353355674665e+00,2.217747585575580160e-08
1.404503740139281254e+00,2.208746252563287271e-08
1.404589076416091320e+00,2.199829118865181954e-08
1.404674362245820207e+00,2.190939341062403400e-08
1.404759597688077122e+00,2.182116887183838116e-08
1.404844782802365133e+00,2.173293900398221012e-08
1.404929917648082283e+00,2.164542678428915679e-08
1.405015002284522030e+00,2.155790923552558525e-08
1.405100036770871919e+00,2.147086419768129417e-08
1.405185021166215353e+00,2.138448884636545699e-08
1.405269955529532266e+00,2.129845455556278466e-08
1.405354839919697119e+00,2.121311482028431783e-08
1.405439674395481342e+00,2.112811614551901584e-08
1.405524459015552452e+00,2.104298069127708004e-08
1.405609193838474269e+00,2.095845630378789792e-08
1.405693878922708917e+00,2.087457851018825750e-08
1.405778514326613493e+00,2.079086591777468129e-08
1.405863100108444286e+00,2.070755122929313075e-08
1.405947636326354111e+00,2.062479076414547308e-08
1.406032123038393866e+00,2.054217240754496743e-08
1.406116560302512752e+00,2.045995373123332683e-08
1.406200948176558496e+00,2.037792690146034147e-08
1.406285286718276240e+00,2.029567092165507347e-08
1.406369575985311426e+00,2.021450384859235783e-08
1.406453816035207138e+00,2.013338828987798479e-08
1.406538006925406759e+00,2.005287136341848964e-08
1.406622148713252418e+00,1.997301879441693018e-08
1.406706241455986994e+00,1.989338294094977755e-08
1.406790285210751890e+00,1.981408459528211097e-08
1.406874280034589697e+00,1.973490704187952360e-08
1.406958225984443533e+00,1.965615936683207110e-08
1.407042123117156596e+00,1.957857165280074696e-08
1.407125971489472827e+00,1.950017214369381691e-08
1.407209771158038247e+00,1.942288285761151201e-08
1.407293522179399625e+00,1.934542304127262469e-08
1.407377224610004696e+00,1.926851567191079084e-08
1.407460878506204383e+00,1.919199554833994625e-08
1.407544483924250578e+00,1.911559799339102028e-08
1.407628040920297918e+00,1.903965873850665957e-08
1.407711549550402896e+00,1.896340151574804622e-08
1.407795009870525860e+00,1.888709100228425086e-08
1.407878421936529012e+00,1.881058331321128207e-08
1.407961785804177968e+00,1.873394417373219767e-08
1.408045101529142418e+00,1.865749155172125029e-08
1.408128369166994798e+00,1.858195375348259404e-08
1.408211588773211620e+00,1.850665753977409622e-08
1.408294760403173473e+00,1.843195818196363689e-08
1.408377884112165690e+00,1.835879359646241937e-08
1.408460959955377678e+00,1.828567341988218686e-08
1.408543987987902923e+00,1.821273265534273378e-08
1.408626968264741208e+00,1.813996064470302372e-08
1.408709900840796614e+00,1.806785476787808875e-08
1.408792785770878409e+00,1.799607396435476403e-08
1.408875623109701936e+00,1.792445836201750353e-08
1.408958412911888169e+00,1.785313941127242288e-08
1.409041155231964160e+00,1.778226810245087108e-08
1.409123850124363253e+00,1.771123869787061267e-08
1.409206497643424871e+00,1.764131418724446121e-08
1.409289097843395844e+00,1.757178758055033541e-08
1.409371650778428631e+00,1.750309408521388832e-08
1.409454156502584432e+00,1.743383393204567255e-08
1.409536615069830079e+00,1.736549393172026612e-08
1.409619026534041364e+00,1.729749143919434573e-08
1.409701390949000821e+00,1.722996678665822401e-08
1.409783708368399280e+00,1.716263753337443632e-08
1.409865978845835865e+00,1.709593000498443871e-08
1.409948202434817555e+00,1.702934149250268092e-08
1.410030379188760508e+00,1.696297502462584816e-08
1.410112509160989402e+00,1.689712370023244148e-08
1.410194592404737435e+00,1.683137362817888061e-08
1.410276628973148316e+00,1.676644778569880145e-08
1.410358618919273166e+00,1.670148819243877369e-08
1.410440562296074729e+00,1.663694781939284439e-08
1.410522459156424047e+00,1.657228310136815708e-08
1.410604309553103120e+00,1.650842484934855747e-08
1.410686113538803799e+00,1.644444935777755745e-08
1.410767871166128007e+00,1.638076696508505847e-08
1.410849582487588849e+00,1.631716628480717191e-08
1.410931247555609946e+00,1.625394041582239879e-08
1.411012866422526102e+00,1.619137890429556137e-08
1.411094439140583523e+00,1.612935385253422282e-08
1.411175965761938933e+00,1.606753130545257591e-08
1.411257446338662014e+00,1.600595211925792682e-08
1.411338880922733630e+00,1.594474774435639119e-08
1.411420269566046271e+00,1.588399456409206323e-08
1.411501612320405163e+00,1.582390396492883156e-08
1.411582909237527828e+00,1.576344388354300463e-08
1.411664160369044518e+00,1.570325913746728475e-08
1.411745365766498006e+00,1.564370499806955195e-08
1.411826525481344685e+00,1.558451501182389620e-08
1.411907639564953021e+00,1.552532147286456166e-08
1.411988708068606435e+00,1.546651517969621636e-08
1.412069731043500198e+00,1.540836080948793096e-08
1.412150708540744981e+00,1.535012472686503315e-08
1.412231640611364636e+00,1.529244109121918882e-08
1.412312527306296861e+00,1.523483916798795690e-08
1.412393368676394534e+00,1.517740066958594980e-08
1.412474164772425045e+00,1.512078462440058502e-08
1.412554915645069409e+00,1.506361435588132736e-08
1.412635621344924930e+00,1.500742996540793683e-08
1.412716281922503425e+00,1.495102885940013948e-08
1.412796897428232112e+00,1.489529122267185812e-08
1.412877467912453833e+00,1.483941680646694294e-08
1.412957993425426828e+00,1.478387190445573651e-08
1.413038474017325186e+00,1.472904376242922808e-08
1.413118909738239948e+00,1.467359123097367046e-08
1.413199300638177558e+00,1.461926135704061380e-08
1.413279646767060971e+00,1.456443765590620387e-08
1.413359948174729652e+00,1.451063269541918999e-08
1.413440204910941134e+00,1.445641384378859584e-08
1.413520417025368126e+00,1.440296770738314081e-08
1.413600584567601848e+00,1.434928620369646524e-08
1.413680707587150254e+00,1.429608342817800803e-08
1.413760786133439140e+00,1.424323592402743088e-08
1.413840820255811925e+00,1.419052608753190725e-08
1.413920810003530315e+00,1.413805428285286325e-08
1.414000755425773415e+00,1.408585781348392629e-08
1.414080656571639061e+00,1.403387184240045826e-08
1.414160513490143600e+00,1.398206883607144846e-08
1.414240326230222111e+00,1.393081561218423303e-08
1.414320094840727737e+00,1.387959969179064501e-08
1.414399819370433908e+00,1.382875947086859014e-08
1.414479499868032120e+00,1.377777980593464235e-08
1.414559136382133930e+00,1.372746716299388936e-08
1.414638728961270076e+00,1.367712076927318776e-08
1.414718277653890910e+00,1.362695556395010499e-08
1.414797782508367296e+00,1.357711987282073096e-08
1.414877243572989496e+00,1.352791478836934402e-08
1.414956660895968277e+00,1.347840505871999994e-08
1.415036034525434694e+00,1.342940247894830463e-08
1.415115364509441198e+00,1.338013611018595839e-08
1.415194650895959860e+00,1.333153765159522663e-08
1.415273893732884369e+00,1.328317900117781392e-08
1.415353093068029366e+00,1.323485854243244830e-08
1.415432248949130667e+00,1.318690223683915974e-08
1.415511361423845926e+00,1.313921949019913882e-08
1.415590430539754196e+00,1.309172592556251402e-08
1.415669456344356369e+00,1.304427765802529393e-08
1.415748438885074956e+00,1.299737739657302882e-08
1.415827378209255860e+00,1.295043094984293930e-08
1.415906274364165496e+00,1.290374029849772342e-08
1.415985127396993892e+00,1.285721396016015206e-08
1.416063937354854252e+00,1.281116901452605816e-08
1.416142704284781173e+00,1.276495709134906065e-08
1.416221428233733315e+00,1.271929672697069691e-08
1.416300109248591843e+00,1.267374916125163509e-08
1.416378747376162206e+00,1.262837567850283449e-08
1.416457342663172358e+00,1.258292492423151998e-08
1.416535895156274538e+00,1.253819004176648377e-08
1.416614404902044599e+00,1.249295067395905789e-08
1.416692871946982235e+00,1.244845737602418012e-08
1.416771296337511643e+00,1.240421454440365778e-08
1.416849678119981304e+00,1.236011826222238597e-08
1.416928017340663537e+00,1.231586654881766663e-08
1.417006314045756721e+00,1.227221524402466457e-08
1.417084568281382628e+00,1.222827616942367968e-08
1.417162780093588648e+00,1.218478473674622364e-08
1.417240949528347560e+00,1.214124178972042500e-08
1.417319076631556873e+00,1.209824240788748284e-08
1.417397161449040155e+00,1.205545974158894751e-08
1.417475204026546365e+00,1.201279342666339289e-08
1.417553204409749856e+00,1.197017596155092178e-08
1.417631162644251486e+00,1.192786580617166692e-08
1.417709078775578169e+00,1.188553433451033925e-08
1.417786952849182658e+00,1.184368603190932845e-08
1.417864784910444875e+00,1.180190167815453606e-08
1.417942575004670802e+00,1.175986774626380793e-08
1.418020323177092923e+00,1.171854702164409900e-08
1.418098029472871335e+00,1.167730800943900249e-08
1.418175693937093085e+00,1.163602370013450127e-08
1.418253316614771720e+00,1.159517282189881371e-08
1.418330897550849068e+00,1.155482376447025672e-08
1.418408436790193461e+00,1.151416295641638499e-08
1.418485934377602620e+00,1.147378991817049609e-08
1.418563390357800325e+00,1.143378636214720245e-08
1.418640804775439079e+00,1.139367356017828570e-08
1.418718177675099890e+00,1.135427041276670934e-08
1.418795509101291819e+00,1.131448534863466193e-08
1.418872799098451543e+00,1.127514792642614339e-08
1.418950047710945794e+00,1.123575632533402313e-08
1.419027254983069586e+00,1.119670489657664803e-08
1.419104420959046431e+00,1.115790659866888745e-08
1.419181545683028789e+00,1.111915981510946949e-08
1.419258629199099175e+00,1.108054537013458685e-08
1.419335671551268829e+00,1.104185809452928879e-08
1.419412672783478824e+00,1.100392577058073584e-08
1.419489632939599844e+00,1.096556978552598594e-08
1.419566552063432407e+00,1.092774049027411820e-08
1.419643430198706868e+00,1.089041123947254164e-08
1.419720267389083856e+00,1.085273915180096083e-08
1.419797063678154059e+00,1.081544986902827077e-08
1.419873819109439106e+00,1.077808953198200470e-08
1.419950533726390463e+00,1.074114397425773859e-08
1.420027207572391204e+00,1.070421795645870588e-08
1.420103840690754460e+00,1.066761257106918492e-08
1.420180433124724750e+00,1.063120613764567679e-08
1.420256984917477761e+00,1.059443999196219011e-08
1.420333496112120120e+00,1.055812237638065199e-08
1.420409966751690733e+00,1.052209785967761491e-08
1.420486396879159230e+00,1.048598985420312601e-08
1.420562786537427513e+00,1.045017405942871846e-08
1.420639135769329098e+00,1.041449593230936443e-08
1.420715444617629553e+00,1.037911179224693115e-08
1.420791713125026945e+00,1.034353758200268203e-08
1.420867941334151396e+00,1.030837459836675407e-08
1.420944129287565083e+00,1.027312013235359700e-08
1.421020277027764012e+00,1.023863838156557904e-08
1.421096384597175355e+00,1.020329243317519285e-08
1.421172452038160339e+00,1.016862238856219847e-08
1.421248479393013131e+00,1.013427652907239462e-08
1.421324466703959954e+00,1.010003813917137450e-08
1.421400414013161972e+00,1.006579530837825587e-08
1.421476321362712403e+00,1.003175320590798947e-08
1.421552188794638960e+00,9.997679129014613864e-09
1.421628016350902746e+00,9.964101543857850629e-09
1.421703804073398913e+00,9.930450239892252284e-09
1.421779552003956004e+00,9.896944597187484760e-09
1.421855260184337721e+00,9.863293293221886415e-09
1.421930928656241377e+00,9.830365854668343673e-09
1.422006557461298559e+00,9.797251898646663903e-09
1.422082146641075795e+00,9.764434594217163976e-09
1.422157696237074553e+00,9.731634165177638351e-09
1.422233206290730578e+00,9.698879033237517433e-09
1.422308676843414776e+00,9.666314859657632041e-09
1.422384107936433217e+00,9.633965625255314080e-09
1.422459499611026912e+00,9.601810901926910446e-09
1.422534851908373144e+00,9.569546932652883697e-09
1.422610164869583693e+00,9.537824752214874025e-09
1.422685438535706393e+00,9.505432885248410457e-09
1.422760672947724903e+00,9.473979822871569922e-09
1.422835868146559157e+00,9.442303827711384656e-09
1.422911024173064032e+00,9.411026624661644746e-09
1.422986141068031563e+00,9.379646392915219622e-09
1.423061218872190059e+00,9.348295471056644601e-09
1.423136257626204104e+00,9.317275839748617727e-09
1.423211257370674110e+00,9.286355684423597268e-09
1.423286218146138760e+00,9.255534116903163522e-09
1.423361139993072122e+00,9.224891961423509201e-09
1.423436022951886315e+00,9.194280892188544385e-09
1.423510867062929730e+00,9.163876768525369698e-09
1.423585672366488364e+00,9.133787948201188556e-09
1.423660438902785819e+00,9.103572118362990295e-09
1.423735166711982636e+00,9.073574780416038266e-09
1.423809855834177407e+00,9.043620963211651542e-09
1.423884506309406328e+00,9.013865209794857947e-09
1.423959118177643646e+00,8.984110344556484051e-09
1.424033691478801433e+00,8.954545549499925983e-09
1.424108226252729814e+00,8.925274741500288656e-09
1.424182722539217405e+00,8.895947978260210220e-09
1.424257180377991316e+00,8.866843259625056817e-09
1.424331599808716708e+00,8.837622189616922697e-09
1.424405980870997901e+00,8.808886065025944845e-09
1.424480323604377485e+00,8.780097537908204686e-09
1.424554628048337213e+00,8.751154467745436705e-09
1.424628894242298438e+00,8.722854438758531614e-09
1.424703122225620566e+00,8.694561515198984125e-09
1.424777312037602828e+00,8.665991479972490197e-09
1.424851463717484279e+00,8.637985438042505848e-09
1.424925577304442914e+00,8.609950974403091095e-09
1.424999652837596331e+00,8.582055066597149562e-09
1.425073690356002398e+00,8.554404296035045263e-09
1.425147689898658143e+00,8.526614969639467745e-09
1.425221651504501530e+00,8.498736825401920214e-09
1.425295575212410126e+00,8.471604751036920788e-09
1.425369461061201548e+00,8.444003718466319697e-09
1.425443309089634569e+00,8.416543906264450925e-09
1.425517119336407790e+00,8.389590355761811225e-09
1.425590891840160745e+00,8.362515124815672607e-09
1.425664626639473465e+00,8.335308443463418371e-09
1.425738323772867355e+00,8.308711052507078421e-09
1.425811983278804096e+00,8.281742402971303818e-09
1.425885605195686967e+00,8.255121031197631964e-09
1.425959189561861074e+00,8.228437486934581102e-09
1.426032736415611346e+00,8.202120760358866391e-09
1.426106245795165206e+00,8.175881305305665592e-09
1.426179717738692121e+00,8.149587671368863084e-09
1.426253152284301828e+00,8.123580919061623717e-09
1.426326549470047445e+00,8.097476467128217337e-09
1.426399909333923244e+00,8.071511459206703876e-09
1.426473231913865325e+00,8.045771160425374546e-09
1.426546517247752721e+00,8.020151653909124434e-09
1.426619765373406068e+00,7.994453987691940711e-09
1.426692976328588713e+00,7.969071624813750532e-09
1.426766150151006718e+00,7.943562252421543235e-09
1.426839286878308632e+00,7.918155020547601453e-09
1.426912386548085721e+00,7.893038223016901611e-09
1.426985449197871958e+00,7.868018236933949083e-09
1.427058474865145143e+00,7.843046212485660362e-09
1.427131463587325122e+00,7.818003133763795631e-09
1.427204415401775561e+00,7.793424572355434066e-09
1.427277330345803508e+00,7.768679921582588577e-09
1.427350208456659164e+00,7.744048069469045004e-09
1.427423049771536778e+00,7.719604511180477857e-09
1.427495854327573532e+00,7.695420300990463147e-09
1.427568622161851319e+00,7.670904800249900291e-09
1.427641353311395189e+00,7.646566935193277459e-09
1.427714047813174680e+00,7.622647402172333386e-09
1.427786705704103376e+00,7.598776718964472821e-09
1.427859327021039348e+00,7.574816329736222542e-09
1.427931911800784048e+00,7.550776892628618953e-09
1.428004460080084748e+00,7.527306777888043143e-09
1.428076971895632541e+00,7.503617283077801403e-09
1.428149447284063234e+00,7.479736829907324136e-09
1.428221886281957786e+00,7.456542050476855366e-09
1.428294288925841649e+00,7.433101689713339510e-09
1.428366655252185424e+00,7.410166702470633027e-09
1.428438985297405539e+00,7.386901756945007946e-09
1.428511279097862463e+00,7.363632814616494215e-09
1.428583536689863376e+00,7.340808849676250247e-09
1.428655758109659724e+00,7.317867645184605863e-09
1.428727943393448996e+00,7.294999715412586738e-09
1.428800092577374947e+00,7.272253021994856681e-09
1.428872205697525821e+00,7.249737254966248656e-09
1.428944282789937459e+00,7.227543896703991777e-09
1.429016323890590190e+00,7.204702612284563656e-09
1.429088329035411498e+00,7.182324068821799301e-09
1.429160298260274464e+00,7.160172010856058478e-09
1.429232231600998659e+00,7.138100777126510366e-09
1.429304129093350584e+00,7.115937172841313441e-09
1.429375990773042782e+00,7.093809095692904521e-09
1.429447816675734284e+00,7.071953689319343539e-09
1.429519606837031276e+00,7.050249273277131579e-09
1.429591361292487095e+00,7.028732706970686195e-09
1.429663080077601345e+00,7.006831115319300807e-09
1.429734763227821004e+00,6.985292344552362920e-09
1.429806410778540426e+00,6.963928544934105958e-09
1.429878022765101120e+00,6.942508345986198037e-09
1.429949599222792189e+00,6.921342166066324353e-09
1.430021140186849671e+00,6.900108928675763309e-09
1.430092645692457642e+00,6.878913882957249371e-09
1.430164115774748224e+00,6.857953316341536265e-09
1.430235550468800465e+00,6.836682775457347816e-09
1.430306949809642125e+00,6.815800812631778172e-09
1.430378313832248560e+00,6.794979690027957986e-09
1.430449642571543389e+00,6.774148797461521099e-09
1.430520936062398496e+00,6.753400949577326173e-09
1.430592194339633805e+00,6.732808532916578770e-09
1.430663417438018170e+00,6.712454592161520850e-09
1.430734605392268710e+00,6.692046028433651372e-09
1.430805758237050807e+00,6.671547314596182332e-09
1.430876876006979437e+00,6.651293293913340676e-09
1.430947958736617620e+00,6.631098337095409079e-09
1.431019006460477749e+00,6.610899383474588831e-09
1.431090019213021147e+00,6.591010848211453776e-09
1.431160997028658066e+00,6.571079680384173116e-09
1.431231939941748132e+00,6.551034381629960990e-09
1.431302847986600568e+00,6.531250207331140700e-09
1.431373721197473747e+00,6.511585048940560227e-09
1.431444559608575640e+00,6.491962967203335211e-09
1.431515363254063811e+00,6.472160585246911069e-09
1.431586132168045644e+00,6.452816503355052191e-09
1.431656866384578120e+00,6.433318766596585192e-09
1.431727565937668922e+00,6.414045294889092474e-09
1.431798230861274446e+00,6.394543117238526975e-09
1.431868861189302455e+00,6.375491690135959288e-09
1.431939456955610313e+00,6.356435822141293102e-09
1.432010018194005641e+00,6.337340874296160109e-09
1.432080544938246991e+00,6.318380485481611686e-09
1.432151037222042733e+00,6.299315735702748498e-09
1.432221495079052387e+00,6.280462816476983789e-09
1.432291918542886178e+00,6.261957619102531680e-09
1.432362307647105037e+00,6.243087824486792670e-09
1.432432662425220382e+00,6.224599946591524713e-09
1.432502982910695222e+00,6.206086311522085452e-09
1.432573269136943273e+00,6.187332424190117308e-09
1.432643521137329623e+00,6.169044830528491730e-09
1.432713738945170734e+00,6.150685294414870441e-09
1.432783922593733994e+00,6.132426566551885116e-09
1.432854072116239053e+00,6.114331263518124615e-09
1.432924187545856043e+00,6.096349647322085730e-09
1.432994268915708025e+00,6.078089143102261005e-09
1.433064316258868764e+00,6.060041357613954460e-09
1.433134329608364288e+00,6.042375044756909119e-09
1.433204308997172660e+00,6.024571064244810259e-09
1.433274254458223762e+00,6.006756425591674997e-09
1.433344166024399735e+00,5.989032381137349148e-09
1.433414043728534981e+00,5.971567240692365885e-09
1.433483887603415941e+00,5.953852966200656738e-09
1.433553697681781980e+00,5.936534819284133846e-09
1.433623473996324504e+00,5.919166490286897897e-09
1.433693216579687402e+00,5.901781729988897496e-09
1.433762925464467708e+00,5.884447151771610152e-09
1.433832600683214942e+00,5.867397234737836698e-09
1.433902242268431770e+00,5.850187001499307371e-09
1.433971850252573343e+00,5.833167726621013571e-09
1.434041424668048181e+00,5.816179537987409276e-09
1.434110965547217731e+00,5.799238422810049087e-09
1.434180472922397032e+00,5.782438972090631069e-09
1.434249946825854272e+00,5.765508070965097431e-09
1.434319387289810566e+00,5.748964859719762899e-09
1.434388794346441287e+00,5.732286201265424097e-09
1.434458168027874958e+00,5.715736772771151664e-09
1.434527508366193693e+00,5.699040350748418859e-09
1.434596815393433866e+00,5.682641024407075747e-09
1.434666089141585221e+00,5.666032532047893255e-09
1.434735329642591539e+00,5.649706924515385253e-09
1.434804536928350860e+00,5.633628674672763736e-09
1.434873711030714816e+00,5.617360798737536243e-09
1.434942851981489964e+00,5.601271446664668474e-09
1.435011959812436677e+00,5.585083062698004142e-09
1.435081034555269808e+00,5.569170458130656698e-09
1.435150076241658468e+00,5.552993620483448467e-09
1.435219084903226694e+00,5.537187597326465038e-09
1.435288060571553226e+00,5.521229251570503038e-09
1.435357003278171062e+00,5.505561340157782979e-09
1.435425913054568348e+00,5.489760201982107901e-09
1.435494789932188153e+00,5.474104725067263644e-09
1.435563633942428474e+00,5.458435925476123884e-09
1.435632445116642009e+00,5.442907902164506595e-09
1.435701223486137046e+00,5.427376770228420355e-09
1.435769969082177244e+00,5.411996628623683137e-09
1.435838681935981187e+00,5.396589841666354914e-09
1.435907362078723271e+00,5.381293632922279357e-09
1.435976009541532594e+00,5.366069810719409361e-09
1.436044624355495181e+00,5.350790033276098256e-09
1.436113206551651533e+00,5.335612840440262516e-09
1.436181756160998413e+00,5.320571538902640896e-09
1.436250273214488393e+00,5.305553330003931478e-09
1.436318757743029861e+00,5.290671012403436180e-09
1.436387209777487017e+00,5.275723413689092922e-09
1.436455629348680985e+00,5.260823332520203621e-09
1.436524016487387811e+00,5.245979206591755428e-09
1.436592371224340914e+00,5.231225674862116648e-09
1.436660693590229299e+00,5.216541865138424328e-09
1.436728983615698896e+00,5.201951758238010370e-09
1.436797241331351893e+00,5.187295926134538604e-09
1.436865466767746957e+00,5.172825279231574314e-09
1.436933659955399456e+00,5.158355964596239573e-09
1.437001820924781903e+00,5.143993231371268848e-09
1.437069949706323291e+00,5.129584756957683567e-09
1.437138046330409313e+00,5.115206036521158239e-09
1.437206110827383254e+00,5.101056466116915544e-09
1.437274143227545098e+00,5.086774557128137531e-09
1.437342143561151753e+00,5.072687603302483694e-09
1.437410111858417716e+00,5.058667706947517217e-09
1.437478048149514853e+00,5.044526130149051824e-09
1.437545952464571952e+00,5.030606597955511461e-09
1.437613824833676279e+00,5.016607129704198087e-09
1.437681665286871358e+00,5.002861236391709099e-09
1.437749473854159632e+00,4.988834234609385021e-09
1.437817250565499805e+00,4.975079015423489182e-09
1.437884995450809722e+00,4.961295374528162938e-09
1.437952708539964597e+00,4.947592557869029406e-09
1.438020389862797233e+00,4.934058495109638898e-09
1.438088039449098909e+00,4.920481355696892933e-09
1.438155657328618942e+00,4.906844264240817211e-09
1.438223243531065121e+00,4.893435878727814270e-09
1.438290798086102606e+00,4.879933346302323116e-09
1.438358321023355924e+00,4.866622216326277339e-09
1.438425812372407409e+00,4.853369262036721921e-09
1.438493272162798098e+00,4.839944889312164378e-09
1.438560700424027505e+00,4.826525845658125036e-09
1.438628097185553845e+00,4.813372811440785881e-09
1.438695462476794473e+00,4.800442710006791458e-09
1.438762796327124782e+00,4.787331864264388059e-09
1.438830098765879528e+00,4.774389328332517834e-09
1.438897369822352612e+00,4.761097294192495610e-09
1.438964609525796412e+00,4.748188953129783840e-09
1.439031817905422894e+00,4.735313918757810825e-09
1.439098994990402947e+00,4.722647162225257489e-09
1.439166140809866823e+00,4.709664658264500758e-09
1.439233255392904587e+00,4.696907751622347860e-09
1.439300338768564558e+00,4.684219678807721721e-09
1.439367390965855753e+00,4.671471653949765823e-09
1.439434412013746112e+00,4.658840424554000492e-09
1.439501401941163605e+00,4.646365514560102383e-09
1.439568360776995126e+00,4.633804007170283512e-09
1.439635288550088710e+00,4.621171001417678781e-09
1.439702185289250869e+00,4.608839976327772092e-09
1.439769051023249036e+00,4.596442337856387894e-09
1.439835885780810232e+00,4.584128632245665358e-09
1.439902689590621510e+00,4.571664380392803650e-09
1.439969462481330620e+00,4.559492339240023284e-09
1.440036204481544901e+00,4.547134668797525592e-09
1.440102915619832391e+00,4.534991493443385480e-09
1.440169595924720936e+00,4.522962004926966983e-09
1.440236245424700190e+00,4.510832152249122373e-09
1.440302864148218731e+00,4.498730721280708167e-09
1.440369452123686500e+00,4.486723881313992024e-09
1.440436009379474580e+00,4.474745463056706285e-09
1.440502535943914086e+00,4.462921143755238518e-09
1.440569031845296832e+00,4.450981361259209734e-09
1.440635497111876440e+00,4.439105527609399360e-09
1.440701931771866784e+00,4.427557431796458332e-09
1.440768335853442661e+00,4.415792176359900623e-09
1.440834709384740675e+00,4.403988729251295808e-09
1.440901052393857906e+00,4.392392671803690973e-09
1.440967364908853021e+00,4.380828588779195343e-09
1.441033646957746273e+00,4.369456352293354939e-09
1.441099898568518611e+00,4.357825211798171949e-09
1.441166119769113241e+00,4.346385029663224486e-09
1.441232310587434062e+00,4.334783199055891600e-09
1.441298471051347674e+00,4.323409630302421647e-09
1.441364601188681371e+00,4.312076029577838199e-09
1.441430701027224259e+00,4.300775291454783655e-09
1.441496770594728138e+00,4.289610000540733381e-09
1.441562809918905952e+00,4.278147613945293415e-09
1.441628819027432451e+00,4.267123543399975460e-09
1.441694797947945306e+00,4.255847674272672521e-09
1.441760746708043106e+00,4.244744111758791405e-09
1.441826665335287805e+00,4.233564609990025929e-09
1.441892553857202719e+00,4.222560523459151227e-09
1.441958412301273862e+00,4.211655468822073090e-09
1.442024240694949277e+00,4.200683800803517443e-09
1.442090039065640372e+00,4.189691260592098843e-09
1.442155807440719695e+00,4.178806189969463958e-09
1.442221545847523156e+00,4.167894918083447919e-09
1.442287254313349587e+00,4.157030719653675988e-09
1.442352932865460069e+00,4.146286425310563573e-09
1.442418581531078603e+00,4.135563891338733811e-09
1.442484200337391886e+00,4.124829811047447947e-09
1.442549789311549757e+00,4.114266261012744508e-09
1.442615348480664750e+00,4.103622774920268057e-09
1.442680877871813205e+00,4.093027250462455413e-09
1.442746377512033495e+00,4.082473026301158825e-09
1.442811847428328020e+00,4.071925019388800138e-09
1.442877287647662321e+00,4.061309510916544241e-09
1.442942698196964857e+00,4.050781488018628806e-09
1.443008079103127672e+00,4.040395573667865392e-09
1.443073430393006173e+00,4.030102473961960641e-09
1.443138752093419797e+00,4.019958588230565510e-09
1.443204044231150895e+00,4.009600207410812800e-09
1.443269306832945853e+00,3.999278685995477645e-09
1.443334539925514859e+00,3.988816388300620019e-09
1.443399743535531465e+00,3.978762652678824452e-09
1.443464917689633475e+00,3.968627204642416473e-09
1.443530062414422277e+00,3.958541938686721551e-09
1.443595177736463731e+00,3.948374516227204367e-09
1.443660263682286837e+00,3.938389614432935559e-09
1.443725320278386182e+00,3.928273262232551133e-09
1.443790347551218822e+00,3.918422919468866894e-09
1.443855345527207401e+00,3.908228407567548857e-09
1.443920314232738145e+00,3.898553035952545542e-09
1.443985253694161752e+00,3.888630306647655743e-09
1.444050163937793840e+00,3.878511289912012217e-09
1.444115044989913610e+00,3.868843023724366503e-09
1.444179896876765623e+00,3.858970032410979911e-09
1.444244719624558693e+00,3.849262242283657542e-09
1.444309513259466771e+00,3.839547790818187423e-09
1.444374277807627394e+00,3.830018080464014929e-09
1.444439013295144569e+00,3.820230798368129399e-09
1.444503719748086112e+00,3.810654014557712799e-09
1.444568397192484532e+00,3.801101211564628102e-09
1.444633045654338366e+00,3.791359670657357128e-09
1.444697665159610178e+00,3.781996937846088258e-09
1.444762255734228562e+00,3.772489876041618118e-09
1.444826817404086805e+00,3.762905986803843916e-09
1.444891350195043334e+00,3.753527710870230294e-09
1.444955854132921935e+00,3.743938048472728042e-09
1.445020329243512647e+00,3.734692111123649738e-09
1.445084775552569312e+00,3.725269870358260960e-09
1.445149193085812689e+00,3.715991070407653751e-09
1.445213581868928898e+00,3.706803974878880581e-09
1.445277941927568532e+00,3.697304462590977892e-09
1.445342273287349322e+00,3.688168659365942403e-09
1.445406575973853913e+00,3.679068827366904770e-09
1.445470850012631203e+00,3.669900605629550228e-09
1.445535095429195449e+00,3.660722835974183909e-09
1.445599312249027379e+00,3.651463131859600253e-09
1.445663500497573306e+00,3.642434132089533705e-09
1.445727660200245346e+00,3.633482403841981068e-09
1.445791791382422975e+00,3.624325284334872777e-09
1.445855894069450587e+00,3.615397758949256968e-09
1.445919968286638824e+00,3.606537291034328518e-09
1.445984014059265466e+00,3.597473430261288740e-09
1.446048031412574097e+00,3.588758623607191112e-09
1.446112020371774998e+00,3.579749829896172741e-09
1.446175980962044028e+00,3.570910012129502320e-09
1.446239913208525296e+00,3.562064199158498923e-09
1.446303817136327385e+00,3.553213501206187175e-09
1.446367692770527125e+00,3.544513793585224448e-09
1.446431540136167593e+00,3.535679748978282078e-09
1.446495359258258562e+00,3.526906100503879316e-09
1.446559150161776719e+00,3.518240365707470119e-09
1.446622912871665001e+00,3.509867729789561963e-09
1.446686647412834592e+00,3.501061662802840146e-09
1.446750353810162482e+00,3.492610645139393455e-09
1.446814032088493240e+00,3.483904720269492827e-09
1.446877682272638799e+00,3.475319809709276342e-09
1.446941304387377336e+00,3.466788189854241864e-09
1.447004898457455280e+00,3.458393571520446130e-09
1.447068464507585972e+00,3.450016272665834549e-09
1.447132002562449671e+00,3.441544826898734755e-09
1.447195512646695104e+00,3.433065165481252734e-09
1.447258994784937025e+00,3.424855732347964477e-09
1.447322449001759104e+00,3.416480653939402146e-09
1.447385875321711479e+00,3.408231474821832307e-09
1.447449273769312983e+00,3.399858172770109377e-09
1.447512644369048918e+00,3.391700253985163727e-09
1.447575987145373277e+00,3.383443969440236287e-09
1.447639302122707861e+00,3.375191015564382724e-09
1.447702589325441602e+00,3.367181644620131920e-09
1.447765848777931907e+00,3.359012623604940018e-09
1.447829080504503763e+00,3.350811406122033986e-09
1.447892284529451068e+00,3.342822907370646135e-09
1.447955460877034861e+00,3.334783782449335376e-09
1.448018609571484205e+00,3.326753095223011769e-09
1.448081730636997744e+00,3.318741725877316640e-09
1.448144824097740591e+00,3.310896667940710358e-09
1.448207889977847440e+00,3.302694340234779702e-09
1.448270928301420568e+00,3.294892136906923952e-09
1.448333939092531386e+00,3.287044414435058570e-09
1.448396922375219331e+00,3.279239768616548645e-09
1.448459878173492532e+00,3.271396709081386689e-09
1.448522806511327587e+00,3.263526782149028804e-09
1.448585707412669343e+00,3.255670177892966421e-09
1.448648580901432226e+00,3.247849988952111744e-09
1.448711427001498908e+00,3.240216317479394093e-09
1.448774245736720756e+00,3.232418555043636843e-09
1.448837037130918270e+00,3.224828182268879573e-09
1.448899801207880644e+00,3.217188515591828946e-09
1.448962537991366206e+00,3.209473131704498883e-09
1.449025247505102421e+00,3.201931608742825119e-09
1.449087929772784999e+00,3.194305930875884769e-09
1.449150584818079901e+00,3.186689578882351270e-09
1.449213212664621997e+00,3.179182472834440887e-09
1.449275813336014407e+00,3.171682250169283179e-09
1.449338386855831162e+00,3.164082329476514133e-09
1.449400933247614320e+00,3.156794825542874605e-09
1.449463452534875518e+00,3.149317917561234026e-09
1.449525944741096861e+00,3.141932714001427485e-09
1.449588409889728480e+00,3.134378756541877920e-09
1.449650848004191195e+00,3.127191838814269431e-09
1.449713259107874741e+00,3.119743574586664181e-09
1.449775643224138877e+00,3.112483826228640282e-09
1.449838000376313163e+00,3.105092849509105690e-09
1.449900330587696518e+00,3.097954115460765934e-09
1.449962633881558105e+00,3.090640632308350177e-09
1.450024910281136448e+00,3.083433286477088586e-09
1.450087159809640536e+00,3.076309207372673882e-09
1.450149382490248717e+00,3.068918896786954065e-09
1.450211578346110253e+00,3.061900510914483675e-09
1.450273747400343538e+00,3.054639874378040076e-09
1.450335889676037882e+00,3.047619712148730287e-09
1.450398005196251949e+00,3.040500295981019008e-09
1.450460093984015320e+00,3.033481021930128918e-09
1.450522156062327594e+00,3.026354056245850188e-09
1.450584191454158622e+00,3.019386296543302706e-09
1.450646200182448942e+00,3.012464278029369780e-09
1.450708182270109114e+00,3.005615756279667039e-09
1.450770137740020393e+00,2.998594039738122774e-09
1.450832066615034499e+00,2.991721315126483205e-09
1.450893968917973842e+00,2.984746894085787972e-09
1.450955844671631745e+00,2.977928792446959960e-09
1.451017693898771554e+00,2.971055401701505616e-09
1.451079516622127752e+00,2.964208878353247201e-09
1.451141312864405508e+00,2.957494693589524104e-09
1.451203082648280906e+00,2.950664601542030141e-09
1.451264825996400942e+00,2.943947752243047944e-09
1.451326542931383301e+00,2.937263543500989726e-09
1.451388233475816802e+00,2.930560016878303031e-09
1.451449897652261845e+00,2.923791431186373302e-09
1.451511535483248849e+00,2.917133423707696238e-09
1.451573146991279817e+00,2.910548690948644435e-09
1.451634732198828548e+00,2.903865148340400992e-09
1.451696291128339089e+00,2.897268647217288162e-09
1.451757823802227731e+00,2.890782058173613223e-09
1.451819330242881012e+00,2.884213090581511096e-09
1.451880810472657934e+00,2.877450278049309418e-09
1.451942264513888192e+00,2.871175741603337883e-09
1.452003692388873057e+00,2.864639858657369587e-09
1.452065094119886046e+00,2.858083769652353112e-09
1.452126469729171143e+00,2.851520131130769187e-09
1.452187819238944577e+00,2.845349289515297642e-09
1.452249142671394155e+00,2.838797197313169818e-09
1.452310440048679485e+00,2.832492240756323554e-09
1.452371711392931752e+00,2.826067824202027623e-09
1.452432956726254165e+00,2.819732225489701705e-09
1.452494176070721732e+00,2.813472343987655222e-09
1.452555369448381040e+00,2.807156507245167631e-09
1.452616536881251141e+00,2.800873533104208946e-09
1.452677678391323113e+00,2.794585007848127134e-09
1.452738794000559386e+00,2.788137054565709150e-09
1.452799883730894859e+00,2.782076791163490270e-09
1.452860947604237341e+00,2.775752516726015529e-09
1.452921985642465774e+00,2.769626528120738840e-09
1.452982997867431569e+00,2.763467676913933246e-09
1.453043984300958824e+00,2.757389871987925289e-09
1.453104944964843659e+00,2.751233241227168946e-09
1.453165879880854661e+00,2.745024207939650296e-09
1.453226789070732883e+00,2.739086069070140184e-09
1.453287672556191623e+00,2.733023363177267129e-09
1.453348530358917312e+00,2.726763925764430496e-09
1.453409362500568180e+00,2.720714098458643093e-09
1.453470169002775148e+00,2.714809488324476661e-09
1.453530949887142709e+00,2.708849811128288820e-09
1.453591705175246940e+00,2.702864376757929676e-09
1.453652434888637046e+00,2.696839640492498802e-09
1.453713139048835812e+00,2.690834444152301330e-09
1.453773817677337599e+00,2.684936939445492499e-09
1.453834470795610345e+00,2.679072963474027347e-09
1.453895098425094901e+00,2.673162802224737788e-09
1.453955700587205024e+00,2.667304155323790837e-09
1.454016277303327609e+00,2.661359133071528049e-09
1.454076828594822013e+00,2.655500264125976173e-09
1.454137354483021838e+00,2.649693575662581679e-09
1.454197854989232930e+00,2.643895102849569412e-09
1.454258330134734489e+00,2.638203655536131009e-09
1.454318779940779294e+00,2.632402518187859641e-09
1.454379204428593031e+00,2.626617368051142876e-09
1.454439603619375188e+00,2.620949457465826526e-09
1.454499977534297939e+00,2.615163863239899911e-09
1.454560326194507924e+00,2.609404692321959374e-09
1.454620649621124473e+00,2.603784743371306831e-09
1.454680947835240268e+00,2.598072201820400551e-09
1.454741220857922013e+00,2.592526193723188044e-09
1.454801468710210210e+00,2.586696190576276422e-09
1.454861691413118496e+00,2.581310720728424712e-09
1.454921888987634748e+00,2.575635038581935987e-09
1.454982061454719311e+00,2.569935153573510433e-09
1.455042208835308548e+00,2.564477741273663014e-09
1.455102331150310402e+00,2.558971923249941938e-09
1.455162428420608167e+00,2.553379951919509949e-09
1.455222500667058050e+00,2.547920763262823129e-09
1.455282547910491164e+00,2.542283272788381510e-09
1.455342570171712202e+00,2.536937770969416306e-09
1.455402567471499209e+00,2.531496567925728414e-09
1.455462539830605584e+00,2.525946785070232181e-09
1.455522487269757637e+00,2.520664565963670611e-09
1.455582409809657252e+00,2.515114783108174379e-09
1.455642307470979002e+00,2.509820573592946857e-09
1.455702180274372814e+00,2.504354723598112287e-09
1.455762028240462413e+00,2.499073392669970417e-09
1.455821851389845767e+00,2.493665274272416355e-09
1.455881649743096196e+00,2.488447448101283044e-09
1.455941423320759931e+00,2.483051542156999858e-09
1.456001172143358779e+00,2.477728910932341932e-09
1.456060896231388568e+00,2.472445137513545887e-09
1.456120595605320256e+00,2.467302362418877237e-09
1.456180270285598599e+00,2.461925774355222529e-09
1.456239920292643486e+00,2.456744363499296924e-09
1.456299545646849491e+00,2.451556291305223567e-09
1.456359146368585877e+00,2.446364888442076335e-09
1.456418722478196148e+00,2.441107760375871294e-09
1.456478273995999828e+00,2.435941448553080591e-09
1.456537800942289795e+00,2.430850187806754548e-09
1.456597303337334948e+00,2.425674550110556993e-09
1.456656781201378648e+00,2.420428746319203128e-09
1.456716234554639611e+00,2.415579514192245369e-09
1.456775663417310573e+00,2.410399657648554239e-09
1.456835067809560513e+00,2.405447174780306341e-09
1.456894447751532873e+00,2.400249776712826133e-09
1.456953803263346670e+00,2.395098785967775257e-09
1.457013134365095386e+00,2.390190489975907440e-09
1.457072441076848301e+00,2.385163622165009656e-09
1.457131723418649827e+00,2.380017738445872055e-09
1.457190981410519504e+00,2.375186491931913224e-09
1.457250215072452448e+00,2.370223128878023999e-09
1.457309424424419131e+00,2.365241558166530922e-09
1.457368609486365596e+00,2.360262207901087095e-09
1.457427770278212353e+00,2.355375450235897006e-09
1.457486906819857042e+00,2.350371453019306500e-09
1.457546019131171544e+00,2.345645011558872284e-09
1.457605107232003760e+00,2.340730276273461641e-09
1.457664171142177167e+00,2.335895255001219084e-09
1.457723210881491260e+00,2.330962756147414439e-09
1.457782226469720666e+00,2.326241199668288573e-09
1.457841217926616251e+00,2.321332681631815831e-09
1.457900185271904459e+00,2.316644431843428720e-09
1.457959128525287529e+00,2.311680624700329645e-09
1.458018047706443054e+00,2.307021018665977863e-09
1.458076942835025536e+00,2.302214863192375560e-09
1.458135813930665048e+00,2.297528611805432774e-09
1.458194661012967241e+00,2.292809497816961084e-09
1.458253484101514008e+00,2.288091494051514019e-09
1.458312283215863481e+00,2.283354172405438476e-09
1.458371058375550033e+00,2.278712996073295471e-09
1.458429809600083171e+00,2.273991439594169606e-09
1.458488536908949973e+00,2.269319843151151872e-09
1.458547240321612648e+00,2.264762377635065604e-09
1.458605919857510314e+00,2.260120313124502900e-09
1.458664575536058106e+00,2.255452047350559042e-09
1.458723207376647180e+00,2.250934549863359280e-09
1.458781815398646042e+00,2.246234309666306217e-09
1.458840399621398554e+00,2.241680174819293825e-09
1.458898960064225259e+00,2.237219520750954871e-09
1.458957496746423832e+00,2.232637630328326850e-09
1.459016009687267523e+00,2.228034645668230951e-09
1.459074498906006712e+00,2.223537798329289217e-09
1.459132964421868461e+00,2.219017636306830354e-09
1.459191406254056078e+00,2.214525007815382196e-09
1.459249824421749775e+00,2.210036154082217763e-09
1.459308218944106450e+00,2.205611249195271739e-09
1.459366589840259909e+00,2.201088644682158701e-09
1.459424937129319977e+00,2.196617332472783346e-09
1.459483260830374718e+00,2.192221959518292351e-09
1.459541560962487772e+00,2.187849679202713560e-09
1.459599837544699907e+00,2.183314418147119795e-09
1.459658090596029689e+00,2.179034286342584892e-09
1.459716320135471257e+00,2.174535218557593907e-09
1.459774526181997212e+00,2.170243984522812752e-09
1.459832708754556174e+00,2.165934986919637595e-09
1.459890867872073894e+00,2.161526069244246173e-09
1.459949003553454139e+00,2.157188205842430762e-09
1.460007115817576917e+00,2.152914957420648534e-09
1.460065204683299811e+00,2.148628164277965880e-09
1.460123270169457754e+00,2.144342925447517700e-09
1.460181312294862144e+00,2.140087218549524550e-09
1.460239331078302838e+00,2.135705390315933982e-09
1.460297326538546159e+00,2.131443244124398007e-09
1.460355298694336668e+00,2.127291454101509771e-09
1.460413247564395167e+00,2.123077269544637602e-09
1.460471173167420922e+00,2.118850206400679781e-09
1.460529075522090103e+00,2.114587616119933955e-09
1.460586954647056901e+00,2.110563501744877613e-09
1.460644810560952633e+00,2.106259389123010806e-09
1.460702643282386415e+00,2.102040541629435211e-09
1.460760452829944489e+00,2.097944040713173308e-09
1.460818239222191783e+00,2.093784035039902847e-09
1.460876002477670133e+00,2.089661998994074565e-09
1.460933742614899389e+00,2.085513983729470056e-09
1.460991459652376756e+00,2.081404382181517576e-09
1.461049153608578122e+00,2.077339633643759953e-09
1.461106824501956281e+00,2.073314631090283910e-09
1.461164472350942711e+00,2.069169058316333576e-09
1.461222097173946244e+00,2.065161597286646611e-09
1.461279698989353726e+00,2.060960291316860094e-09
1.461337277815530022e+00,2.057034764746390465e-09
1.461394833670818461e+00,2.052993774981359820e-09
1.461452366573539496e+00,2.048986535996277780e-09
1.461509876541992936e+00,2.044939773071519085e-09
1.461567363594455493e+00,2.041005142672247530e-09
1.461624827749182787e+00,2.036965263130241510e-09
1.461682269024408232e+00,2.033109014476508491e-09
1.461739687438343926e+00,2.029060253150305471e-09
1.461797083009179543e+00,2.025110079628689164e-09
1.461854455755083659e+00,2.021097067483879073e-09
1.461911805694203315e+00,2.017347178195905144e-09
1.461969132844663122e+00,2.013253119770297417e-09
1.462026437224566600e+00,2.009481248066435910e-09
1.462083718851995950e+00,2.005620558520604391e-09
1.462140977745011394e+00,2.001693477637900287e-09
1.462198213921651613e+00,1.997795262553836437e-09
1.462255427399934415e+00,1.994005849326185853e-09
1.462312618197855851e+00,1.990119624650787955e-09
1.462369786333389987e+00,1.986340203430358997e-09
1.462426931824490461e+00,1.982384922882829414e-09
1.462484054689089152e+00,1.978703201288567470e-09
1.462541154945096844e+00,1.975070773596598883e-09
1.462598232610402560e+00,1.971004914835816635e-09
1.462655287702874674e+00,1.967299878558037562e-09
1.462712320240360242e+00,1.963587958897505814e-09
1.462769330240684784e+00,1.959844064813864861e-09
1.462826317721653169e+00,1.955981598911193942e-09
1.462883282701049170e+00,1.952288553042080821e-09
1.462940225196634580e+00,1.948638139737113306e-09
1.462997145226151874e+00,1.944841399037500196e-09
1.463054042807321098e+00,1.941186322795829255e-09
1.463110917957841650e+00,1.937499494175654036e-09
1.463167770695392278e+00,1.933740279014273256e-09
1.463224601037631079e+00,1.930226423141334635e-09
1.463281409002194167e+00,1.926400150509266496e-09
1.463338194606698339e+00,1.922820125344060216e-09
1.463394957868738633e+00,1.919133296723884996e-09
1.463451698805889434e+00,1.915514413752816836e-09
1.463508417435704700e+00,1.911885760819131974e-09
1.463565113775717297e+00,1.908323055133109847e-09
1.463621787843439659e+00,1.904722157775040614e-09
1.463678439656364016e+00,1.901021784433964967e-09
1.463735069231960617e+00,1.897502821535113071e-09
1.463791676587681279e+00,1.893991852242038476e-09
1.463848261740954948e+00,1.890353873434946763e-09
1.463904824709192143e+00,1.886817813101515640e-09
1.463961365509781398e+00,1.883267763957974239e-09
1.464017884160091709e+00,1.879700395335248686e-09
1.464074380677470977e+00,1.876242938791961024e-09
1.464130855079247562e+00,1.872703547789456024e-09
1.464187307382728731e+00,1.869203236637417831e-09
1.464243737605201767e+00,1.865738452622167642e-09
1.464300145763933747e+00,1.862249354722678163e-09
1.464356531876171541e+00,1.858722398218048966e-09
1.464412895959141148e+00,1.855318010335338386e-09
1.464469238030049469e+00,1.851914066541837656e-09
1.464525558106082315e+00,1.848429187489841752e-09
1.464581856204405952e+00,1.845026686986273035e-09
1.464638132342166221e+00,1.841542252023486981e-09
1.464694386536489423e+00,1.838161067801991067e-09
1.464750618804480764e+00,1.834753238227904149e-09
1.464806829163226576e+00,1.831400919805048488e-09
1.464863017629792763e+00,1.827910378615626996e-09
1.464919184221225246e+00,1.824609685563416406e-09
1.464975328954550404e+00,1.821125028556025427e-09
1.465031451846773969e+00,1.817929473624246839e-09
1.465087552914882796e+00,1.814516092935036795e-09
1.465143632175842869e+00,1.811208405477771066e-09
1.465199689646601744e+00,1.807885507965067973e-09
1.465255725344086324e+00,1.804547511419229977e-09
1.465311739285203529e+00,1.801315652194546146e-09
1.465367731486841185e+00,1.797939352954358583e-09
1.465423701965867354e+00,1.794713933023217578e-09
1.465479650739130335e+00,1.791395254358008060e-09
1.465535577823459112e+00,1.788123316082135261e-09
1.465591483235662906e+00,1.784846492824954112e-09
1.465647366992531175e+00,1.781546465906558296e-09
1.465703229110834283e+00,1.778477476399586976e-09
1.465759069607322607e+00,1.775106728274522538e-09
1.465814888498727875e+00,1.771921387394570502e-09
1.465870685801761830e+00,1.768695745418824572e-09
1.465926461533116454e+00,1.765470103443078642e-09
1.465982215709465519e+00,1.762200274590952631e-09
1.466037948347462594e+00,1.759146384117116213e-09
1.466093659463742149e+00,1.755929401880962359e-09
1.466149349074919339e+00,1.752753275852114712e-09
1.466205017197590221e+00,1.749601574729808817e-09
1.466260663848331536e+00,1.746479960651470265e-09
1.466316289043701149e+00,1.743263533526828724e-09
1.466371892800237386e+00,1.740216859502652369e-09
1.466427475134459479e+00,1.737018084924102368e-09
1.466483036062868006e+00,1.733912569079620880e-09
1.466538575601944228e+00,1.730699916713263065e-09
1.466594093768149643e+00,1.727783027760665391e-09
1.466649590577928430e+00,1.724609344222471918e-09
1.466705066047704120e+00,1.721486397876503815e-09
1.466760520193882256e+00,1.718455600041579601e-09
1.466815953032849063e+00,1.715440567373605063e-09
1.466871364580972337e+00,1.712275876641911054e-09
1.466926754854600556e+00,1.709215990963741660e-09
1.466982123870063548e+00,1.706178531790669695e-09
1.467037471643672042e+00,1.703149399290282417e-09
1.467092798191719005e+00,1.700216523126130141e-09
1.467148103530477421e+00,1.697107121501062466e-09
1.467203387676202286e+00,1.694083207048890927e-09
1.467258650645129725e+00,1.691116358060185121e-09
1.467313892453477209e+00,1.688160944368632954e-09
1.467369113117443780e+00,1.685046102650744615e-09
1.467424312653209162e+00,1.682180950091094473e-09
1.467479491076935538e+00,1.679194561177155265e-09
1.467534648404766218e+00,1.676232375125152885e-09
1.467589784652825413e+00,1.673389093959087859e-09
1.467644899837219796e+00,1.670267701925354231e-09
1.467699993974036499e+00,1.667385451931124862e-09
1.467755067079345332e+00,1.664452242700065199e-09
1.467810119169197014e+00,1.661560222743219128e-09
1.467865150259624274e+00,1.658516990410419112e-09
1.467920160366640747e+00,1.655709902514956866e-09
1.467975149506242971e+00,1.652866954415799228e-09
1.468030117694408387e+00,1.649889336263754558e-09
1.468085064947096230e+00,1.647076364186261799e-09
1.468139991280247525e+00,1.644171243597725152e-09
1.468194896709785535e+00,1.641386804251965259e-09
1.468249781251614650e+00,1.638402746806377763e-09
1.468304644921621716e+00,1.635602542293668193e-09
1.468359487735675151e+00,1.632717738786482187e-09
1.468414309709625165e+00,1.629947621317739959e-09
1.468469110859304649e+00,1.627045831398277187e-09
1.468523891200527176e+00,1.624229972740920402e-09
1.468578650749089443e+00,1.621444645216740810e-09
1.468633389520769938e+00,1.618659872804073530e-09
1.468688107531328724e+00,1.615849454239537408e-09
1.468742804796507873e+00,1.613037037273556962e-09
1.468797481332033028e+00,1.610283462127881648e-09
1.468852137153609849e+00,1.607523003599453659e-09
1.468906772276927342e+00,1.604659405352037993e-09
1.468961386717656969e+00,1.601975774256914065e-09
1.469015980491451323e+00,1.599189225487407384e-09
1.469070553613946561e+00,1.596480947441136777e-09
1.469125106100759526e+00,1.593754128670354930e-09
1.469179637967491292e+00,1.590917508842437655e-09
1.469234149229722952e+00,1.588305709177006975e-09
1.469288639903020055e+00,1.585567566131373951e-09
1.469343110002929498e+00,1.582813213829581400e-09
1.469397559544980414e+00,1.580163000447498689e-09
1.469451988544684617e+00,1.577426522736402603e-09
1.469506397017537047e+00,1.574714802998755658e-09
1.469560784979013768e+00,1.572159624707580861e-09
1.469615152444574413e+00,1.569372298781956943e-09
1.469669499429660853e+00,1.566770047034538038e-09
1.469723825949697193e+00,1.564054108449397518e-09
1.469778132020090666e+00,1.561460738486175615e-09
1.469832417656230517e+00,1.558745688079454794e-09
1.469886682873489114e+00,1.556079265441212556e-09
1.469940927687221288e+00,1.553503103934872343e-09
1.469995152112764547e+00,1.550911066239279990e-09
1.470049356165439303e+00,1.548264960682388391e-09
1.470103539860548425e+00,1.545602423824732341e-09
1.470157703213377687e+00,1.543148164806495970e-09
1.470211846239195763e+00,1.540510718989196448e-09
1.470265968953253344e+00,1.537834748432942433e-09
1.470320071370785575e+00,1.535259142038114533e-09
1.470374153507009174e+00,1.532726057185129775e-09
1.470428215377123760e+00,1.530154780660097913e-09
1.470482256996312520e+00,1.527595716588336927e-09
1.470536278379741324e+00,1.525002568669719949e-09
1.470590279542558942e+00,1.522445614021705751e-09
1.470644260499897049e+00,1.519953940487539512e-09
1.470698221266870442e+00,1.517435843645387195e-09
1.470752161858577045e+00,1.514858904982929744e-09
1.470806082290097905e+00,1.512300951134193383e-09
1.470859982576496972e+00,1.509870228844079065e-09
1.470913862732821098e+00,1.507259872468580397e-09
1.470967722774101150e+00,1.504867341850513185e-09
1.471021562715350006e+00,1.502320490232023076e-09
1.471075382571565004e+00,1.499792290360346669e-09
1.471129182357725274e+00,1.497401869166026245e-09
1.471182962088794621e+00,1.494945056634833236e-09
1.471236721779718870e+00,1.492375112377430924e-09
1.471290461445428299e+00,1.490012446758726128e-09
1.471344181100835424e+00,1.487566736457779371e-09
1.471397880760836996e+00,1.485110812105006062e-09
1.471451560440312667e+00,1.482611367009667447e-09
1.471505220154125215e+00,1.480175093604430003e-09
1.471558859917121875e+00,1.477819866479990196e-09
1.471612479744132118e+00,1.475294997277387665e-09
1.471666079649969650e+00,1.472924449075208031e-09
1.471719659649431522e+00,1.470533472769375294e-09
1.471773219757297912e+00,1.468121069159167291e-09
1.471826759988333233e+00,1.465789489785152000e-09
1.471880280357285242e+00,1.463309584615046788e-09
1.471933780878884379e+00,1.460924714535849489e-09
1.471987261567846206e+00,1.458635545681374879e-09
1.472040722438868743e+00,1.456141540678856927e-09
1.472094163506634468e+00,1.453908438087125887e-09
1.472147584785808982e+00,1.451440190258779239e-09
1.472200986291041902e+00,1.449150688337397241e-09
1.472254368036966410e+00,1.446774700042396944e-09
1.472307730038199702e+00,1.444400266059631122e-09
1.472361072309342322e+00,1.442141739360636166e-09
1.472414394864979270e+00,1.439728558594310925e-09
1.472467697719678892e+00,1.437452712416131817e-09
1.472520980887992881e+00,1.435125240867307639e-09
1.472574244384458719e+00,1.432852059224387631e-09
1.472627488223595460e+00,1.430479734665368596e-09
1.472680712419907501e+00,1.428267615288802972e-09
1.472733916987882807e+00,1.425890294726173124e-09
1.472787101941993582e+00,1.423635875852369281e-09
1.472840267296695371e+00,1.421350259711573472e-09
1.472893413066428847e+00,1.419113715428466094e-09
1.472946539265617139e+00,1.416792794195487204e-09
1.472999645908668942e+00,1.414462214022194075e-09
1.473052733009976301e+00,1.412333916483987650e-09
1.473105800583915714e+00,1.410030092685587988e-09
1.473158848644847474e+00,1.407783556395258984e-09
1.473211877207116327e+00,1.405618399452635003e-09
1.473264886285051256e+00,1.403287486212434487e-09
1.473317875892964812e+00,1.401083138397041239e-09
1.473370846045154448e+00,1.398864690749235251e-09
1.473423796755902071e+00,1.396675997078489218e-09
1.473476728039472938e+00,1.394410364952136661e-09
1.473529639910117872e+00,1.392180815074084421e-09
1.473582532382070598e+00,1.390104364951127991e-09
1.473635405469549964e+00,1.387857939683101449e-09
1.473688259186759719e+00,1.385615178151056170e-09
1.473741093547886738e+00,1.383451242453759278e-09
1.473793908567103461e+00,1.381293190938492899e-09
1.473846704258566120e+00,1.379183545147100176e-09
1.473899480636415626e+00,1.376959324339566137e-09
1.473952237714777347e+00,1.374760527639296015e-09
1.474004975507761106e+00,1.372601476923307473e-09
1.474057694029461629e+00,1.370500712916111752e-09
1.474110393293957211e+00,1.368321456141075032e-09
1.474163073315312156e+00,1.366261215274278129e-09
1.474215734107574116e+00,1.364051316343761755e-09
1.474268375684775867e+00,1.361985968451051576e-09
1.474320998060934862e+00,1.359781287568750940e-09
1.474373601250053234e+00,1.357705836646516673e-09
1.474426185266117795e+00,1.355591638940722987e-09
1.474478750123100035e+00,1.353477219190324377e-09
1.474531295834956124e+00,1.351404432803349209e-09
1.474583822415626910e+00,1.349330647215651879e-09
1.474636329879038366e+00,1.347243649973961510e-09
1.474688818239100918e+00,1.345118905149433886e-09
1.474741287509709675e+00,1.343052224989094157e-09
1.474793737704745089e+00,1.341071698135465340e-09
1.474846168838072513e+00,1.338906874259748747e-09
1.474898580923541314e+00,1.336797672557565875e-09
1.474950973974986868e+00,1.334783061857081066e-09
1.475003348006228787e+00,1.332738364112628915e-09
1.475055703031071808e+00,1.330736965066137145e-09
1.475108039063305787e+00,1.328722465387954799e-09
1.475160356116705485e+00,1.326568299653274607e-09
1.475212654205030338e+00,1.324630960475303709e-09
1.475264933342025575e+00,1.322517428903324799e-09
1.475317193541420657e+00,1.320567655227478099e-09
1.475369434816930836e+00,1.318476772205201542e-09
1.475421657182256041e+00,1.316560971353908371e-09
1.475473860651081548e+00,1.314552466880059001e-09
1.475526045237077755e+00,1.312559283483949457e-09
1.475578210953899738e+00,1.310473840554493563e-09
1.475630357815188587e+00,1.308543384759275341e-09
1.475682485834570290e+00,1.306594832328755729e-09
1.475734595025655738e+00,1.304576113803079807e-09
1.475786685402041165e+00,1.302643548584114797e-09
1.475838756977308819e+00,1.300640484203086089e-09
1.475890809765025180e+00,1.298692264839473864e-09
1.475942843778742741e+00,1.296703078246252971e-09
1.475994859031999118e+00,1.294751750258171796e-09
1.476046855538317493e+00,1.292859708179605605e-09
1.476098833311205727e+00,1.290771933781797998e-09
1.476150792364158137e+00,1.288987583336620446e-09
1.476202732710653720e+00,1.287003059680102979e-09
1.476254654364157481e+00,1.285107242843253061e-09
1.476306557338118886e+00,1.283169015486862463e-09
1.476358441645974073e+00,1.281235229022570365e-09
1.476410307301144087e+00,1.279346739657682974e-09
1.476462154317035314e+00,1.277390304643688523e-09
1.476513982707040373e+00,1.275453853644137325e-09
1.476565792484536788e+00,1.273646632604652496e-09
1.476617583662888089e+00,1.271694749505059008e-09
1.476669356255442933e+00,1.269888305621691416e-09
1.476721110275536430e+00,1.267892124623415384e-09
1.476772845736488593e+00,1.266033500257890410e-09
1.476824562651605222e+00,1.264190974126222500e-09
1.476876261034178350e+00,1.262339455188055126e-09
1.476927940897484692e+00,1.260424431492879194e-09
1.476979602254788304e+00,1.258516402202758400e-09
1.477031245119337255e+00,1.256719062148192734e-09
1.477082869504366291e+00,1.254924164584281243e-09
1.477134475423096394e+00,1.253021908453888500e-09
1.477186062888732998e+00,1.251187820017207741e-09
1.477237631914468885e+00,1.249318981599856215e-09
1.477289182513481958e+00,1.247559389128127805e-09
1.477340714698935464e+00,1.245708647346077669e-09
1.477392228483979553e+00,1.243842140397077856e-09
1.477443723881749493e+00,1.242092206865663684e-09
1.477495200905367678e+00,1.240260782964242026e-09
1.477546659567940956e+00,1.238381397428156561e-09
1.477598099882562854e+00,1.236631463896742389e-09
1.477649521862313353e+00,1.234890967261037531e-09
1.477700925520257558e+00,1.233055990645937072e-09
1.477752310869447028e+00,1.231186819161678159e-09
1.477803677922919778e+00,1.229506163547000597e-09
1.477855026693699392e+00,1.227691837080158166e-09
1.477906357194795683e+00,1.225915591263060378e-09
1.477957669439204258e+00,1.224066070726337330e-09
1.478008963439907397e+00,1.222365209052611590e-09
1.478060239209873616e+00,1.220572642957051812e-09
1.478111496762057220e+00,1.218779854816887109e-09
1.478162736109398301e+00,1.217160372490866393e-09
1.478213957264824296e+00,1.215259892717313051e-09
1.478265160241247989e+00,1.213541378497495771e-09
1.478316345051568836e+00,1.211848621451849795e-09
1.478367511708672088e+00,1.210070044166400294e-09
1.478418660225429893e+00,1.208404265540252709e-09
1.478469790614700408e+00,1.206594490987811241e-09
1.478520902889328470e+00,1.204826238776490754e-09
1.478571997062144261e+00,1.203225297174981279e-09
1.478623073145965749e+00,1.201426291785878675e-09
1.478674131153596027e+00,1.199725985223665248e-09
1.478725171097825974e+00,1.198049104367271411e-09
1.478776192991431149e+00,1.196323151653189143e-09
1.478827196847174452e+00,1.194708443286174315e-09
1.478878182677806352e+00,1.192955290107988731e-09
1.478929150496061551e+00,1.191200693639871133e-09
1.478980100314663426e+00,1.189536469325958024e-09
1.479031032146320257e+00,1.187857479045817399e-09
1.479081946003727666e+00,1.186203912872940691e-09
1.479132841899568174e+00,1.184522369079843429e-09
1.479183719846509648e+00,1.182862474635726358e-09
1.479234579857207521e+00,1.181124198446070750e-09
1.479285421944303902e+00,1.179487729707773269e-09
1.479336246120426912e+00,1.177841157939951700e-09
1.479387052398192459e+00,1.176105324240950267e-09
1.479437840790201131e+00,1.174555563920876011e-09
1.479488611309042634e+00,1.172910990554498767e-09
1.479539363967291354e+00,1.171238106500993581e-09
1.479590098777509688e+00,1.169526586686231440e-09
1.479640815752246041e+00,1.167934526868918965e-09
1.479691514904036387e+00,1.166320595658021375e-09
1.479742196245402486e+00,1.164668028685866830e-09
1.479792859788853443e+00,1.163060092679302215e-09
1.479843505546885707e+00,1.161478357936118755e-09
1.479894133531981293e+00,1.159831786168297185e-09
1.479944743756610448e+00,1.158141471613305384e-09
1.479995336233229430e+00,1.156611140196162069e-09
1.480045910974281398e+00,1.155004758501831930e-09
1.480096467992196851e+00,1.153471651527127051e-09
1.480147007299393191e+00,1.151791884090869189e-09
1.480197528908274052e+00,1.150223694068586155e-09
1.480248032831231519e+00,1.148586448174171437e-09
1.480298519080643027e+00,1.147049233374275445e-09
1.480348987668874239e+00,1.145478156772128386e-09
1.480399438608276830e+00,1.143902639277882827e-09
1.480449871911190485e+00,1.142322791913841229e-09
1.480500287589941122e+00,1.140636363139435616e-09
1.480550685656842669e+00,1.139086824863966285e-09
1.480601066124195064e+00,1.137558158781359907e-09
1.480651429004286479e+00,1.136052918404573120e-09
1.480701774309391094e+00,1.134536908864447469e-09
1.480752102051771324e+00,1.132939964065826643e-09
1.480802412243676036e+00,1.131375992891037185e-09
1.480852704897341221e+00,1.129839111158048581e-09
1.480902980024990656e+00,1.128288240614949700e-09
1.480953237638835018e+00,1.126770343695682186e-09
1.481003477751072328e+00,1.125239346144724095e-09
1.481053700373887505e+00,1.123699244764964078e-09
1.481103905519453479e+00,1.122182458068721189e-09
1.481154093199929633e+00,1.120664894216361063e-09
1.481204263427462919e+00,1.119155879081290550e-09
1.481254416214188296e+00,1.117637760117418111e-09
1.481304551572227179e+00,1.116140735391013550e-09
1.481354669513688993e+00,1.114574099680964991e-09
1.481404770050669839e+00,1.113101388838799721e-09
1.481454853195254051e+00,1.111648995077985091e-09
1.481504918959512640e+00,1.110126990333526464e-09
1.481554967355504848e+00,1.108575231612007883e-09
1.481604998395276152e+00,1.107103186903657388e-09
1.481655012090860923e+00,1.105614599872239978e-09
1.481705008454280437e+00,1.104119462524977280e-09
1.481754987497542864e+00,1.102718694134807720e-09
1.481804949232644830e+00,1.101231217326414935e-09
1.481854893671569640e+00,1.099740187804343350e-09
1.481904820826289271e+00,1.098210966610224659e-09
1.481954730708762158e+00,1.096794877142315272e-09
1.482004623330935189e+00,1.095401103157200851e-09
1.482054498704741929e+00,1.093840462651485268e-09
1.482104356842104842e+00,1.092420265358384768e-09
1.482154197754932623e+00,1.090986634366686303e-09
1.482204021455122422e+00,1.089534573672779061e-09
1.482253827954559622e+00,1.088143797289831127e-09
1.482303617265115614e+00,1.086661982618863931e-09
1.482353389398651355e+00,1.085184608839995235e-09
1.482403144367014258e+00,1.083795053702374389e-09
1.482452882182039966e+00,1.082341771763140059e-09
1.482502602855552132e+00,1.080905920325392344e-09
1.482552306399361530e+00,1.079514255764024711e-09
1.482601992825267612e+00,1.078094502560134060e-09
1.482651662145056282e+00,1.076635336438869217e-09
1.482701314370503010e+00,1.075226352398317431e-09
1.482750949513369720e+00,1.073788835626032778e-09
1.482800567585407014e+00,1.072459010487136766e-09
1.482850168598352836e+00,1.070987853957205971e-09
1.482899752563933360e+00,1.069637378670051930e-09
1.482949319493862328e+00,1.068237942547511921e-09
1.482998869399841713e+00,1.066927102222336998e-09
1.483048402293562162e+00,1.065385113463435118e-09
1.483097918186700337e+00,1.064064614197945957e-09
1.483147417090922682e+00,1.062671617368948773e-09
1.483196899017882986e+00,1.061234655708176433e-09
1.483246363979223048e+00,1.059872745123868754e-09
1.483295811986572676e+00,1.058529930375584627e-09
1.483345243051549467e+00,1.057159138007079946e-09
1.483394657185759913e+00,1.055769360824854175e-09
1.483444054400797629e+00,1.054384912713146605e-09
1.483493434708245129e+00,1.053018006125228112e-09
1.483542798119672046e+00,1.051650433403494844e-09
1.483592144646637356e+00,1.050286191350835452e-09
1.483641474300687380e+00,1.048985009965974768e-09
1.483690787093356445e+00,1.047602227188804136e-09
1.483740083036168222e+00,1.046270958759976111e-09
1.483789362140632617e+00,1.044874298194997664e-09
1.483838624418249763e+00,1.043537367628744050e-09
1.483887869880506916e+00,1.042226194236661740e-09
1.483937098538879784e+00,1.040924679784893669e-09
1.483986310404832087e+00,1.039526908996890597e-09
1.484035505489816220e+00,1.038300112554679799e-09
1.484084683805273031e+00,1.036910446394756491e-09
1.484133845362630932e+00,1.035556862483133500e-09
1.484182990173307015e+00,1.034251462250779241e-09
1.484232118248707266e+00,1.032967933412010098e-09
1.484281229600225016e+00,1.031693508402042880e-09
1.484330324239242938e+00,1.030327712037149013e-09
1.484379402177131047e+00,1.028985674444982124e-09
1.484428463425248701e+00,1.027745888393383211e-09
1.484477507994943490e+00,1.026508544832438474e-09
1.484526535897551014e+00,1.025158624656796746e-09
1.484575547144395546e+00,1.023809370614969794e-09
1.484624541746790038e+00,1.022511408876880523e-09
1.484673519716035228e+00,1.021282058921713087e-09
1.484722481063421418e+00,1.019942241775595448e-09
1.484771425800226474e+00,1.018623851933853075e-09
1.484820353937717385e+00,1.017409601011820541e-09
1.484869265487149370e+00,1.016160711131419703e-09
1.484918160459766101e+00,1.014863193482540282e-09
1.484967038866800593e+00,1.013582551223635164e-09
1.485015900719472981e+00,1.012280481660354781e-09
1.485064746028993410e+00,1.011118411220479629e-09
1.485113574806560033e+00,1.009776706695220128e-09
1.485162387063359901e+00,1.008490624343494346e-09
1.485211182810568298e+00,1.007223304760884730e-09
1.485259962059349181e+00,1.006040806217356476e-09
1.485308724820856074e+00,1.004715977082071277e-09
1.485357471106230065e+00,1.003496064022613155e-09
1.485406200926601361e+00,1.002326999177682865e-09
1.485454914293089068e+00,1.001035032643926570e-09
1.485503611216801190e+00,9.997357386382077493e-10
1.485552291708833739e+00,9.985303695003722169e-10
1.485600955780272292e+00,9.973529779827572384e-10
1.485649603442190880e+00,9.961101943289918381e-10
1.485698234705652432e+00,9.948535328874186234e-10
1.485746849581708107e+00,9.936091949214187480e-10
1.485795448081399073e+00,9.923951660439911393e-10
1.485844030215754064e+00,9.912135556788825852e-10
1.485892595995791599e+00,9.899734365603762853e-10
1.485941145432518873e+00,9.887867191693544555e-10
1.485989678536931535e+00,9.875679163329209587e-10
1.486038195320015021e+00,9.863008187949162675e-10
1.486086695792742329e+00,9.850497084684661786e-10
1.486135179966076914e+00,9.839407066891681097e-10
1.486183647850969791e+00,9.827305635923266891e-10
1.486232099458362210e+00,9.816228940806581704e-10
1.486280534799183650e+00,9.802756384402755430e-10
1.486328953884352710e+00,9.791263355651835809e-10
1.486377356724776666e+00,9.779688170397093927e-10
1.486425743331352800e+00,9.767310293895548057e-10
1.486474113714966405e+00,9.755843910497219440e-10
1.486522467886492338e+00,9.743600370981653214e-10
1.486570805856794575e+00,9.732024075503886706e-10
1.486619127636725546e+00,9.720307891925017429e-10
1.486667433237127689e+00,9.708617243475714531e-10
1.486715722668832340e+00,9.697314062862005812e-10
1.486763995942659289e+00,9.685396928915679382e-10
1.486812253069417888e+00,9.673113421371226650e-10
1.486860494059907278e+00,9.661504929425746013e-10
1.486908718924914163e+00,9.650065191380008400e-10
1.486956927675216367e+00,9.639068432321096225e-10
1.487005120321579943e+00,9.627042496518356529e-10
1.487053296874759623e+00,9.615830354192667073e-10
1.487101457345500366e+00,9.603924322476586894e-10
1.487149601744536032e+00,9.592561189819548417e-10
1.487197730082589375e+00,9.580450877066937210e-10
1.487245842370372717e+00,9.569774972462141704e-10
1.487293938618588163e+00,9.558265290365852707e-10
1.487342018837926050e+00,9.547174162349847393e-10
1.487390083039066946e+00,9.535895406642680427e-10
1.487438131232680094e+00,9.524092625667890388e-10
1.487486163429424746e+00,9.512797216615354046e-10
1.487534179639948828e+00,9.501256448274375543e-10
1.487582179874890276e+00,9.490418451107984765e-10
1.487630164144875922e+00,9.479136364731743924e-10
1.487678132460521940e+00,9.467943096197473096e-10
1.487726084832434736e+00,9.456541105734572739e-10
1.487774021271208946e+00,9.445314530509563156e-10
1.487821941787429658e+00,9.434405479069596367e-10
1.487869846391671080e+00,9.423739566472022489e-10
1.487917735094496541e+00,9.412158830102157481e-10
1.487965607906459375e+00,9.400494827005445586e-10
1.488013464838101818e+00,9.389999888753663981e-10
1.488061305899956333e+00,9.379719223545635032e-10
1.488109131102544502e+00,9.368000819520716504e-10
1.488156940456377475e+00,9.357190577929941355e-10
1.488204733971955962e+00,9.346189377978930679e-10
1.488252511659770239e+00,9.335194839366067754e-10
1.488300273530300144e+00,9.324323535508938221e-10
1.488348019594015526e+00,9.313730897630989602e-10
1.488395749861375128e+00,9.302846271097564568e-10
1.488443464342827482e+00,9.291808433786741261e-10
1.488491163048811350e+00,9.280936574818099416e-10
1.488538845989754389e+00,9.270337830713515359e-10
1.488586513176074266e+00,9.259352728996361748e-10
1.488634164618178879e+00,9.248403154415996141e-10
1.488681800326464577e+00,9.238417253421005171e-10
1.488729420311318385e+00,9.227500985531378319e-10
1.488777024583116670e+00,9.216934437894508392e-10
1.488824613152225584e+00,9.205976536641458097e-10
1.488872186029001288e+00,9.195578742904331193e-10
1.488919743223789283e+00,9.185210925188869169e-10
1.488967284746924857e+00,9.174097037600859039e-10
1.489014810608733752e+00,9.163114156329754678e-10
1.489062320819530383e+00,9.153039437492793695e-10
1.489109815389620062e+00,9.142980261778177464e-10
1.489157294329297221e+00,9.132428702152139977e-10
1.489204757648846522e+00,9.122277377926479858e-10
1.489252205358542414e+00,9.110614485052792588e-10
1.489299637468648907e+00,9.099945796897657146e-10
1.489347053989420244e+00,9.090170283165832643e-10
1.489394454931100453e+00,9.080283192020033312e-10
1.489441840303923348e+00,9.070443285352780549e-10
1.489489210118112750e+00,9.059430983171523621e-10
1.489536564383882489e+00,9.048690130519787544e-10
1.489583903111436625e+00,9.038537140959590488e-10
1.489631226310968337e+00,9.028085501405769264e-10
1.489678533992661480e+00,9.018423230422456527e-10
1.489725826166689471e+00,9.007599666155385876e-10
1.489773102843216179e+00,8.997715905678660420e-10
1.489820364032395483e+00,8.987763866485920516e-10
1.489867609744370380e+00,8.977587562242206332e-10
1.489914839989275208e+00,8.967324660602571385e-10
1.489962054777233202e+00,8.957419805888378050e-10
1.490009254118358717e+00,8.946935414755330385e-10
1.490056438022755003e+00,8.936973383555368855e-10
1.490103606500516431e+00,8.927079631071421773e-10
1.490150759561727378e+00,8.916622995513989736e-10
1.490197897216461342e+00,8.906728687918530341e-10
1.490245019474783383e+00,8.897188541467926370e-10
1.490292126346747681e+00,8.886570923571923686e-10
1.490339217842398645e+00,8.876777091160192867e-10
1.490386293971771137e+00,8.867133138856786445e-10
1.490433354744890249e+00,8.857611866197601103e-10
1.490480400171771302e+00,8.847615418083876193e-10
1.490527430262419184e+00,8.837675036232894854e-10
1.490574445026829897e+00,8.826678277173982679e-10
1.490621444474989232e+00,8.817874763700217500e-10
1.490668428616873209e+00,8.808831997164645600e-10
1.490715397462448077e+00,8.798429207423907883e-10
1.490762351021670318e+00,8.788700323059117636e-10
1.490809289304487084e+00,8.778709426060515852e-10
1.490856212320835539e+00,8.769296955257743775e-10
1.490903120080642852e+00,8.759523661971968522e-10
1.490950012593826868e+00,8.749417301778805722e-10
1.490996889870296105e+00,8.740035917220723150e-10
1.491043751919948868e+00,8.730388079136730539e-10
1.491090598752673468e+00,8.721215416507277496e-10
1.491137430378349782e+00,8.711867893751445990e-10
1.491184246806847025e+00,8.701938059019198590e-10
1.491231048048025309e+00,8.692255248909930287e-10
1.491277834111734757e+00,8.682260466130742316e-10
1.491324605007816828e+00,8.673010087889565511e-10
1.491371360746102104e+00,8.663568196176640868e-10
1.491418101336412283e+00,8.653873173614101688e-10
1.491464826788559961e+00,8.644899796017568860e-10
1.491511537112347296e+00,8.635789860989007138e-10
1.491558232317567567e+00,8.626159786473408531e-10
1.491604912414004502e+00,8.616696800523016009e-10
1.491651577411432061e+00,8.606943491251684009e-10
1.491698227319614656e+00,8.597020317857584359e-10
1.491744862148307815e+00,8.587874300580722320e-10
1.491791481907256856e+00,8.579287280596759047e-10
1.491838086606197766e+00,8.570034681909532992e-10
1.491884676254858100e+00,8.560715469840829428e-10
1.491931250862954972e+00,8.551134800249826640e-10
1.491977810440196395e+00,8.541603535583419671e-10
1.492024354996280389e+00,8.532527462357109016e-10
1.492070884540896758e+00,8.523201588950257701e-10
1.492117399083725093e+00,8.514022820094169219e-10
1.492163898634435881e+00,8.505890991550302260e-10
1.492210383202690283e+00,8.496298664617540908e-10
1.492256852798139910e+00,8.486771285731720127e-10
1.492303307430427495e+00,8.477479274127119879e-10
1.492349747109186220e+00,8.468310497278253024e-10
1.492396171844039277e+00,8.459736244859072940e-10
1.492442581644602084e+00,8.451208066695414800e-10
1.492488976520479182e+00,8.441549681492688251e-10
1.492535356481267561e+00,8.432471942931840658e-10
1.492581721536552664e+00,8.423572395166445403e-10
1.492628071695913050e+00,8.414084429197998816e-10
1.492674406968916623e+00,8.405963147772865796e-10
1.492720727365122846e+00,8.397065265342007478e-10
1.492767032894080970e+00,8.387778804852530357e-10
1.492813323565332029e+00,8.378585603097121748e-10
1.492859599388407288e+00,8.370085735620591549e-10
1.492905860372829574e+00,8.361382142219042635e-10
1.492952106528111722e+00,8.351763725045202591e-10
1.492998337863757685e+00,8.343108426345224871e-10
1.493044554389262535e+00,8.334978818247407162e-10
1.493090756114112017e+00,8.326548339709916036e-10
1.493136943047782772e+00,8.317037059057952320e-10
1.493183115199742117e+00,8.308077004137714994e-10
1.493229272579449152e+00,8.299951281820483473e-10
1.493275415196352762e+00,8.290761965845661052e-10
1.493321543059893397e+00,8.282273755710889418e-10
1.493367656179502623e+00,8.273298157668307340e-10
1.493413754564602236e+00,8.264769979504649200e-10
1.493459838224605818e+00,8.256422212582492648e-10
1.493505907168917179e+00,8.247771354774613428e-10
1.493551961406931916e+00,8.238628668166825264e-10
1.493598000948036075e+00,8.230564008115948127e-10
1.493644025801606823e+00,8.221443525968652466e-10
1.493690035977012442e+00,8.213084101704737350e-10
1.493736031483612114e+00,8.204075752082928830e-10
1.493782012330756581e+00,8.196266443327715479e-10
1.493827978527786371e+00,8.187826527894515038e-10
1.493873930084035129e+00,8.179123489604478436e-10
1.493919867008825619e+00,8.170108478644522165e-10
1.493965789311472614e+00,8.162411302414795955e-10
1.494011697001281780e+00,8.154080188838008780e-10
1.494057590087550569e+00,8.144742658089398901e-10
1.494103468579566441e+00,8.136440410311251981e-10
1.494149332486608417e+00,8.127852835215776395e-10
1.494195181817947526e+00,8.120452643645137414e-10
1.494241016582844361e+00,8.111536442534372782e-10
1.494286836790552186e+00,8.102918891417232317e-10
1.494332642450314497e+00,8.094953041215546818e-10
1.494378433571367015e+00,8.086807334883872045e-10
1.494424210162934807e+00,8.078467894634400182e-10
1.494469972234236277e+00,8.069718226977329323e-10
1.494515719794479836e+00,8.062175371748026009e-10
1.494561452852865457e+00,8.053243072403404312e-10
1.494607171418584013e+00,8.044725441358480111e-10
1.494652875500818379e+00,8.037217003042940178e-10
1.494698565108742327e+00,8.028769871160079674e-10
1.494744240251520528e+00,8.020548114551218077e-10
1.494789900938309213e+00,8.013047447796850520e-10
1.494835547178256618e+00,8.003920304311407108e-10
1.494881178980500991e+00,7.995028528107184229e-10
1.494926796354173026e+00,7.987905892292701537e-10
1.494972399308394095e+00,7.979728544604824947e-10
1.495017987852277574e+00,7.971832638453690834e-10
1.495063561994927515e+00,7.963603665395169173e-10
1.495109121745439307e+00,7.956328373914800522e-10
1.495154667112900793e+00,7.947066893443377467e-10
1.495200198106389600e+00,7.939534030221295779e-10
1.495245714734976472e+00,7.931734158361791742e-10
1.495291217007721940e+00,7.923408595900127693e-10
1.495336704933679428e+00,7.915875732678046006e-10
1.495382178521892813e+00,7.907535737317061830e-10
1.495427637781397534e+00,7.899885190454369877e-10
1.495473082721220814e+00,7.891677311633316094e-10
1.495518513350381662e+00,7.883274588671440597e-10
1.495563929677889314e+00,7.876026497655175262e-10
1.495609331712746126e+00,7.868225515572646600e-10
1.495654719463944904e+00,7.860089801248193453e-10
1.495700092940469572e+00,7.852284933385078602e-10
1.495745452151297172e+00,7.844597194051061706e-10
1.495790797105394532e+00,7.836838400443468799e-10
1.495836127811721372e+00,7.828770964835030099e-10
1.495881444279228312e+00,7.821173153566007841e-10
1.495926746516857531e+00,7.812815394636629662e-10
1.495972034533542772e+00,7.804852319992505727e-10
1.496017308338210006e+00,7.798010015491740887e-10
1.496062567939775656e+00,7.791097766940424663e-10
1.496107813347148818e+00,7.782838262748725811e-10
1.496153044569229706e+00,7.774488275380520008e-10
1.496198261614910319e+00,7.766634002592809338e-10
1.496243464493073771e+00,7.759149434072298845e-10
1.496288653212595854e+00,7.751249642140578544e-10
1.496333827782343473e+00,7.744159757905322294e-10
1.496378988211174654e+00,7.736427054538808079e-10
1.496424134507940096e+00,7.729020756741533660e-10
1.496469266681481392e+00,7.720930006449577832e-10
1.496514384740632586e+00,7.712953054017646082e-10
1.496559488694218620e+00,7.705502902410898969e-10
1.496604578551056886e+00,7.698441883974282973e-10
1.496649654319956113e+00,7.690951764338649355e-10
1.496694716009716819e+00,7.683760294696639903e-10
1.496739763629131081e+00,7.676014268653830186e-10
1.496784797186983651e+00,7.668005674865696619e-10
1.496829816692049731e+00,7.660884704385750865e-10
1.496874822153097417e+00,7.653739864110775670e-10
1.496919813578885483e+00,7.645153954349837022e-10
1.496964790978166038e+00,7.638643606533435104e-10
1.497009754359681644e+00,7.631115184203451918e-10
1.497054703732167535e+00,7.623447983995390587e-10
1.497099639104350066e+00,7.616501873641823295e-10
1.497144560484947817e+00,7.608628727062693997e-10
1.497189467882671599e+00,7.601333451567882094e-10
1.497234361306223560e+00,7.593864426169716353e-10
1.497279240764297858e+00,7.586619665822524894e-10
1.497324106265580435e+00,7.579495919785017577e-10
1.497368957818749680e+00,7.572356630625165508e-10
1.497413795432475103e+00,7.565166271206180681e-10
1.497458619115418665e+00,7.557455772300158969e-10
1.497503428876233889e+00,7.550243208420681640e-10
1.497548224723566523e+00,7.542816926608963968e-10
1.497593006666054327e+00,7.535431723049157426e-10
1.497637774712327063e+00,7.528996870398430019e-10
1.497682528871006058e+00,7.521314127068023936e-10
1.497727269150704643e+00,7.513521471658179962e-10
1.497771995560028602e+00,7.506648080912725618e-10
1.497816708107575279e+00,7.499743048811069457e-10
1.497861406801934470e+00,7.493192732965781033e-10
1.497906091651687310e+00,7.485616571045738965e-10
1.497950762665407831e+00,7.478547781047950593e-10
1.497995419851661403e+00,7.471158691707557864e-10
1.498040063219005624e+00,7.463198947732507804e-10
1.498084692775990323e+00,7.456711359488110702e-10
1.498129308531157333e+00,7.449530436964835189e-10
1.498173910493040495e+00,7.442761962295207923e-10
1.498218498670165655e+00,7.435684845624734862e-10
1.498263073071050666e+00,7.428832549116748396e-10
1.498307633704206276e+00,7.422339964868740481e-10
1.498352180578134352e+00,7.414366343105882606e-10
1.498396713701329208e+00,7.407467972342374196e-10
1.498441233082277835e+00,7.400402513013659700e-10
1.498485738729458339e+00,7.393176626457886869e-10
1.498530230651341943e+00,7.387042089135320566e-10
1.498574708856391435e+00,7.379813982133498484e-10
1.498619173353062273e+00,7.373651134123804241e-10
1.498663624149801477e+00,7.365839604922541639e-10
1.498708061255048740e+00,7.358346154617834145e-10
1.498752484677235985e+00,7.351659836452029140e-10
1.498796894424787141e+00,7.345011265869061390e-10
1.498841290506118362e+00,7.338265550771438939e-10
1.498885672929637591e+00,7.331648621544673006e-10
1.498930041703746330e+00,7.324429951438560238e-10
1.498974396836836975e+00,7.317684236340937787e-10
1.499018738337294820e+00,7.310873018084862451e-10
1.499063066213497386e+00,7.304150617670757129e-10
1.499107380473814422e+00,7.297261683802958032e-10
1.499151681126607683e+00,7.290058556819190017e-10
1.499195968180232041e+00,7.283849634553973829e-10
1.499240241643033267e+00,7.277001778938085863e-10
1.499284501523351576e+00,7.270206103804355280e-10
1.499328747829516972e+00,7.263686874203756361e-10
1.499372980569853686e+00,7.256745204742287569e-10
1.499417199752677732e+00,7.250054445684384063e-10
1.499461405386297352e+00,7.242979549459960253e-10
1.499505597479013019e+00,7.236677923572187865e-10
1.499549776039118099e+00,7.230084309028939060e-10
1.499593941074897741e+00,7.223556752755655452e-10
1.499638092594629990e+00,7.216929831521667893e-10
1.499682230606585120e+00,7.210418373482241350e-10
1.499726355119025634e+00,7.203299068336832534e-10
1.499770466140206704e+00,7.196525597663594453e-10
1.499814563678375512e+00,7.189405737406673325e-10
1.499858647741772355e+00,7.183624806117450134e-10
1.499902718338629759e+00,7.177001770664048763e-10
1.499946775477172034e+00,7.170667393197049932e-10
1.499990819165617051e+00,7.163725723735581141e-10
1.500034849412174243e+00,7.157124337631159960e-10
1.500078866225045937e+00,7.150253722443267179e-10
1.500122869612426912e+00,7.143831637357322961e-10
1.500166859582504619e+00,7.137784252542189734e-10
1.500210836143458515e+00,7.131452650632752466e-10
1.500254799303461173e+00,7.124824619175740281e-10
1.500298749070677395e+00,7.118451939014391883e-10
1.500342685453264435e+00,7.112324618141485644e-10
1.500386608459372439e+00,7.105374066895819851e-10
1.500430518097143562e+00,7.099167365076652914e-10
1.500474414374713295e+00,7.092332277025548137e-10
1.500518297300208914e+00,7.085116382476996932e-10
1.500562166881750592e+00,7.079176134183740032e-10
1.500606023127451616e+00,7.073233665444433882e-10
1.500649866045417058e+00,7.067413321237836499e-10
1.500693695643744885e+00,7.060397266833717822e-10
1.500737511930526180e+00,7.054007378215487734e-10
1.500781314913843367e+00,7.047824546191350237e-10
1.500825104601773097e+00,7.041651151062922054e-10
1.500868881002383803e+00,7.035206861516485333e-10
1.500912644123736595e+00,7.028839177358747747e-10
1.500956393973885472e+00,7.022627479535969997e-10
1.501000130560876888e+00,7.016167091755676211e-10
1.501043853892750191e+00,7.009945401925676833e-10
1.501087563977537176e+00,7.003774782354810213e-10
1.501131260823262759e+00,6.997318280355102615e-10
1.501174944437943859e+00,6.990683587559942680e-10
1.501218614829590958e+00,6.985067524389876326e-10
1.501262272006206988e+00,6.978581046368503848e-10
1.501305915975786887e+00,6.972411537020661854e-10
1.501349546746319374e+00,6.965899523869722998e-10
1.501393164325785623e+00,6.960153009494263188e-10
1.501436768722159032e+00,6.954110620682740773e-10
1.501480359943406562e+00,6.947566966175600101e-10
1.501523937997487179e+00,6.941958674566706122e-10
1.501567502892353190e+00,6.935528817919589528e-10
1.501611054635949793e+00,6.929235518704501828e-10
1.501654593236214419e+00,6.923115969392767965e-10
1.501698118701077833e+00,6.916326955597185133e-10
1.501741631038463254e+00,6.910839123186462984e-10
1.501785130256287015e+00,6.904413707431444891e-10
1.501828616362458346e+00,6.898939197697018244e-10
1.501872089364878482e+00,6.892726944762728181e-10
1.501915549271443329e+00,6.886436976216714356e-10
1.501958996090039689e+00,6.880673253384372856e-10
1.502002429828548147e+00,6.873893121372987025e-10
1.502045850494842405e+00,6.868440816099052881e-10
1.502089258096788615e+00,6.862411194852313656e-10
1.502132652642245825e+00,6.856302192659313732e-10
1.502176034139066640e+00,6.849925071605866833e-10
1.502219402595095676e+00,6.844321776000583668e-10
1.502262758018170663e+00,6.838750676863014633e-10
1.502306100416123114e+00,6.832951982005397440e-10
1.502349429796776326e+00,6.826959553229983158e-10
1.502392746167947379e+00,6.820266573726030401e-10
1.502436049537446028e+00,6.814214192907286360e-10
1.502479339913074918e+00,6.808183461437522510e-10
1.502522617302629815e+00,6.802671759231770920e-10
1.502565881713899154e+00,6.796951335097389801e-10
1.502609133154664933e+00,6.791387452409480829e-10
1.502652371632701822e+00,6.784430794937179598e-10
1.502695597155777163e+00,6.778584915601015837e-10
1.502738809731651859e+00,6.773220317946027080e-10
1.502782009368079930e+00,6.767338356361563001e-10
1.502825196072807845e+00,6.762226889556188780e-10
1.502868369853575636e+00,6.755930814783539518e-10
1.502911530718115785e+00,6.749451553211827104e-10
1.502954678674154554e+00,6.743954283905395641e-10
1.502997813729411103e+00,6.737815305690730838e-10
1.503040935891597041e+00,6.732392976438461574e-10
1.503084045168417981e+00,6.727144952201058459e-10
1.503127141567572211e+00,6.720870526777389387e-10
1.503170225096750912e+00,6.715071831919772194e-10
1.503213295763638380e+00,6.708916200359738014e-10
1.503256353575912474e+00,6.703498867111079562e-10
1.503299398541243725e+00,6.697890575502185584e-10
1.503342430667296448e+00,6.692766896243540486e-10
1.503385449961727405e+00,6.686648457154831249e-10
1.503428456432186477e+00,6.680655473267904654e-10
1.503471450086317329e+00,6.675172081749281006e-10
1.503514430931756518e+00,6.669306773510186304e-10
1.503557398976133497e+00,6.664032103920192185e-10
1.503600354227071056e+00,6.657134843379708400e-10
1.503643296692185105e+00,6.651411088576253405e-10
1.503686226379085555e+00,6.646189709691441294e-10
1.503729143295374326e+00,6.640770711108245905e-10
1.503772047448647564e+00,6.635372251651006081e-10
1.503814938846493421e+00,6.629867765894914555e-10
1.503857817496494720e+00,6.624223947149232572e-10
1.503900683406226513e+00,6.618592895968333778e-10
1.503943536583257412e+00,6.612823622020869152e-10
1.503986377035149369e+00,6.607576152894978350e-10
1.504029204769457673e+00,6.602062230243177510e-10
1.504072019793730730e+00,6.596398427483052274e-10
1.504114822115509842e+00,6.590623047308952209e-10
1.504157611742330536e+00,6.584745526616586631e-10
1.504200388681720790e+00,6.579501388159769704e-10
1.504243152941202144e+00,6.573952493482693171e-10
1.504285904528289919e+00,6.568655064320694237e-10
1.504328643450491665e+00,6.562768661844131657e-10
1.504371369715309825e+00,6.556870046914298200e-10
1.504414083330238627e+00,6.551714171187938973e-10
1.504456784302766525e+00,6.546532205220501055e-10
1.504499472640375091e+00,6.541853725394730645e-10
1.504542148350539232e+00,6.535625374226583517e-10
1.504584811440727421e+00,6.529688456602400493e-10
1.504627461918401021e+00,6.524571993793415459e-10
1.504670099791015625e+00,6.518784956277556830e-10
1.504712725066019496e+00,6.513268813179706740e-10
1.504755337750854238e+00,6.508585892461837830e-10
1.504797937852955680e+00,6.502868243885018273e-10
1.504840525379751881e+00,6.497029025887002263e-10
1.504883100338665569e+00,6.492018589376868931e-10
1.504925662737111924e+00,6.486880477218903707e-10
1.504968212582499909e+00,6.481714609485322853e-10
1.505010749882232490e+00,6.476145175682290756e-10
1.505053274643704642e+00,6.470848856743316446e-10
1.505095786874306674e+00,6.465187274429240460e-10
1.505138286581420681e+00,6.459517365442479786e-10
1.505180773772423430e+00,6.453883538704019429e-10
1.505223248454684581e+00,6.449238365568987774e-10
1.505265710635567356e+00,6.443963695978993655e-10
1.505308160322428535e+00,6.439155875170854415e-10
1.505350597522618461e+00,6.433423793694714732e-10
1.505393022243481038e+00,6.428238497058202938e-10
1.505435434492353286e+00,6.422620213442087334e-10
1.505477834276566451e+00,6.417158471272443876e-10
1.505520221603444453e+00,6.412358977136989324e-10
1.505562596480305881e+00,6.406735142405750594e-10
1.505604958914461333e+00,6.401478791495662790e-10
1.505647308913216964e+00,6.396526086582809967e-10
1.505689646483870492e+00,6.391291940133214666e-10
1.505731971633714750e+00,6.386314810313820090e-10
1.505774284370034799e+00,6.381073447414564725e-10
1.505816584700111038e+00,6.375446282014252120e-10
1.505858872631215428e+00,6.370163285751573312e-10
1.505901148170615267e+00,6.365510896166881594e-10
1.505943411325570302e+00,6.360275084382749355e-10
1.505985662103334288e+00,6.355013182357538426e-10
1.506027900511155426e+00,6.349749059886278246e-10
1.506070126556273925e+00,6.344567093918840328e-10
1.506112340245924885e+00,6.339421210199702728e-10
1.506154541587336970e+00,6.334014424069778215e-10
1.506196730587731514e+00,6.329370361157771185e-10
1.506238907254324966e+00,6.324027967963274932e-10
1.506281071594326004e+00,6.318843226438275451e-10
1.506323223614938422e+00,6.313212175257376657e-10
1.506365363323358464e+00,6.308074618210923745e-10
1.506407490726776599e+00,6.303266242291272192e-10
1.506449605832377303e+00,6.299082366822972290e-10
1.506491708647337946e+00,6.293932042211736189e-10
1.506533799178830124e+00,6.288959908395952425e-10
1.506575877434019883e+00,6.283389919481408015e-10
1.506617943420065497e+00,6.278205177956408534e-10
1.506659997144119911e+00,6.273122021838162254e-10
1.506702038613329631e+00,6.267700802808917615e-10
1.506744067834835166e+00,6.262930729583615630e-10
1.506786084815770366e+00,6.258527029956439947e-10
1.506828089563262862e+00,6.253071394013431927e-10
1.506870082084434515e+00,6.247909412060437262e-10
1.506912062386400741e+00,6.243321415411173803e-10
1.506954030476270301e+00,6.238792260582215476e-10
1.506995986361146400e+00,6.233331073524084331e-10
1.507037930048125807e+00,6.228058069268627150e-10
1.507079861544298849e+00,6.223355719647827300e-10
1.507121780856750304e+00,6.218160431004093880e-10
1.507163687992558065e+00,6.213415337796845961e-10
1.507205582958794476e+00,6.208566993848307902e-10
1.507247465762524996e+00,6.203347835409545041e-10
1.507289336410809755e+00,6.198351831798731837e-10
1.507331194910701999e+00,6.193999202430688911e-10
1.507373041269249425e+00,6.189185275395914232e-10
1.507414875493493067e+00,6.184022738331407254e-10
1.507456697590468631e+00,6.178738076734191509e-10
1.507498507567204715e+00,6.173948574605958584e-10
1.507540305430724814e+00,6.169100230657420525e-10
1.507582091188045093e+00,6.164737054170643660e-10
1.507623864846176609e+00,6.159925347581918231e-10
1.507665626412124205e+00,6.154898812837927835e-10
1.507707375892886503e+00,6.150353004663600132e-10
1.507749113295455912e+00,6.145155495573817461e-10
1.507790838626818841e+00,6.140076225236157370e-10
1.507832551893955708e+00,6.135289498665486008e-10
1.507874253103841156e+00,6.130144170057860720e-10
1.507915942263442943e+00,6.125930318567895938e-10
1.507957619379723502e+00,6.121350648591317167e-10
1.507999284459639266e+00,6.116716577686531764e-10
1.508040937510140456e+00,6.111721684298743185e-10
1.508082578538171070e+00,6.106733452249102356e-10
1.508124207550669560e+00,6.101643079681196014e-10
1.508165824554567713e+00,6.097293225870714650e-10
1.508207429556791990e+00,6.091878668179617762e-10
1.508249022564262631e+00,6.087295112422452803e-10
1.508290603583893441e+00,6.082649384175908835e-10
1.508332172622592893e+00,6.078295644584841284e-10
1.508373729687263465e+00,6.073795910666035525e-10
1.508415274784800975e+00,6.068744395903991062e-10
1.508456807922096132e+00,6.063932134203753321e-10
1.508498329106033209e+00,6.059374668687667054e-10
1.508539838343490480e+00,6.054922119247407863e-10
1.508581335641340671e+00,6.050093759313313058e-10
1.508622821006450287e+00,6.045210998451011619e-10
1.508664294445680065e+00,6.040519751060458020e-10
1.508705755965884521e+00,6.035673627557969212e-10
1.508747205573912842e+00,6.031126154049104571e-10
1.508788643276607777e+00,6.026460441788117350e-10
1.508830069080806302e+00,6.022288778773088325e-10
1.508871482993339619e+00,6.017478182407387521e-10
1.508912885021032491e+00,6.012511044595214571e-10
1.508954275170705461e+00,6.008226138831673779e-10
1.508995653449171304e+00,6.003867403236995415e-10
1.509037019863237461e+00,5.999465368944356669e-10
1.509078374419706492e+00,5.994760243765995256e-10
1.509119717125373628e+00,5.989725382349320171e-10
1.509161047987029214e+00,5.985039686073889698e-10
1.509202367011458046e+00,5.979984840642771360e-10
1.509243674205437591e+00,5.975552830328467735e-10
1.509284969575741542e+00,5.971454997144576282e-10
1.509326253129136042e+00,5.966774851984268935e-10
1.509367524872382571e+00,5.962409455051442819e-10
1.509408784812235726e+00,5.957999094086119385e-10
1.509450032955445442e+00,5.953283421789024032e-10
1.509491269308755435e+00,5.948785908316267523e-10
1.509532493878902981e+00,5.944575387495376617e-10
1.509573706672620697e+00,5.939686520406439740e-10
1.509614907696634756e+00,5.935478775143110397e-10
1.509656096957665561e+00,5.930670954334971157e-10
1.509697274462428185e+00,5.926084623020244635e-10
1.509738440217631261e+00,5.921904633332530921e-10
1.509779594229978539e+00,5.917102918751027119e-10
1.509820736506167327e+00,5.912710876465609999e-10
1.509861867052889828e+00,5.908371014662350262e-10
1.509902985876831361e+00,5.903792454908796117e-10
1.509944092984673247e+00,5.899369326378689493e-10
1.509985188383089705e+00,5.894837395992169604e-10
1.510026272078750065e+00,5.890666288088652891e-10
1.510067344078316998e+00,5.886269804911137271e-10
1.510108404388448733e+00,5.881489184567101347e-10
1.510149453015796839e+00,5.876917841263207265e-10
1.510190489967007776e+00,5.873066477590782597e-10
1.510231515248722012e+00,5.868348029736125682e-10
1.510272528867574682e+00,5.863937113659289935e-10
1.510313530830194706e+00,5.859204232905312892e-10
1.510354521143206119e+00,5.854654538950399001e-10
1.510395499813226294e+00,5.850593898237832491e-10
1.510436466846868164e+00,5.846621520255723681e-10
1.510477422250738000e+00,5.842354933172089204e-10
1.510518366031436965e+00,5.838087235865430102e-10
1.510559298195560674e+00,5.833964977774996896e-10
1.510600218749699186e+00,5.829231541909507541e-10
1.510641127700436126e+00,5.824708493307184654e-10
1.510682025054350452e+00,5.820224857622235959e-10
1.510722910818015574e+00,5.815657955210440377e-10
1.510763784997998016e+00,5.811375825004461149e-10
1.510804647600860751e+00,5.806931602236886647e-10
1.510845498633159201e+00,5.802280877986731866e-10
1.510886338101444570e+00,5.798236890619534734e-10
1.510927166012262068e+00,5.794108526302466089e-10
1.510967982372150908e+00,5.790583568199281217e-10
1.511008787187645641e+00,5.786658929807231289e-10
1.511049580465274156e+00,5.782167522561110218e-10
1.511090362211560345e+00,5.777620049052245577e-10
1.511131132433020996e+00,5.773129752029149131e-10
1.511171891136168011e+00,5.768414079732053779e-10
1.511212638327508406e+00,5.764128063745488362e-10
1.511253374013542539e+00,5.759936971827528396e-10
1.511294098200765879e+00,5.756340959450767514e-10
1.511334810895668568e+00,5.751890630456557574e-10
1.511375512104734753e+00,5.747678444301129730e-10
1.511416201834443696e+00,5.743692188531213105e-10
1.511456880091268440e+00,5.739170805263427155e-10
1.511497546881677367e+00,5.735079633417683453e-10
1.511538202212132420e+00,5.731015662036043068e-10
1.511578846089091321e+00,5.726479845868936991e-10
1.511619478519005133e+00,5.722037288435899427e-10
1.511660099508320032e+00,5.717867290755407339e-10
1.511700709063477088e+00,5.713927664352524971e-10
1.511741307190911154e+00,5.710036887762726110e-10
1.511781893897052198e+00,5.705539929401481913e-10
1.511822469188324636e+00,5.701649152811683052e-10
1.511863033071147777e+00,5.697614047228682921e-10
1.511903585551934270e+00,5.693450155774826271e-10
1.511944126637093211e+00,5.689012039233887208e-10
1.511984656333027033e+00,5.684898107816138690e-10
1.512025174646132841e+00,5.680737547031355916e-10
1.512065681582803078e+00,5.676120684583452203e-10
1.512106177149423969e+00,5.672450287264041435e-10
1.512146661352376853e+00,5.668732705466084099e-10
1.512187134198037519e+00,5.664620994494384831e-10
1.512227595692776427e+00,5.660452107036917369e-10
1.512268045842959152e+00,5.656594637137857262e-10
1.512308484654944829e+00,5.652003864931032240e-10
1.512348912135087931e+00,5.647686762699777319e-10
1.512389328289738044e+00,5.643762124307727390e-10
1.512429733125238540e+00,5.640125033679055377e-10
1.512470126647927904e+00,5.636039968059947114e-10
1.512510508864139069e+00,5.632335708938285279e-10
1.512550879780200086e+00,5.627997512469562480e-10
1.512591239402433674e+00,5.623705945367873937e-10
1.512631587737156336e+00,5.619709697590735686e-10
1.512671924790680134e+00,5.615626297306164361e-10
1.512712250569312022e+00,5.611489606316411027e-10
1.512752565079352962e+00,5.607306285959623438e-10
1.512792868327099027e+00,5.603211228333293548e-10
1.512833160318840742e+00,5.599348762430622628e-10
1.512873441060864188e+00,5.595541807679182966e-10
1.512913710559449010e+00,5.591359597545420002e-10
1.512953968820869965e+00,5.587648677085610416e-10
1.512994215851397373e+00,5.583751239157663804e-10
1.513034451657295332e+00,5.579745554484816239e-10
1.513074676244823058e+00,5.575808703639495434e-10
1.513114889620234438e+00,5.571690331329648416e-10
1.513155091789778250e+00,5.567761252045499987e-10
1.513195282759698168e+00,5.563527971652604265e-10
1.513235462536232756e+00,5.559764870710637297e-10
1.513275631125614362e+00,5.555768622933499046e-10
1.513315788534071560e+00,5.552041049128320083e-10
1.513355934767826705e+00,5.547858283883044805e-10
1.513396069833096824e+00,5.544095182941077837e-10
1.513436193736095170e+00,5.540204961462791289e-10
1.513476306483028333e+00,5.536677782913557166e-10
1.513516408080098685e+00,5.532705404931448356e-10
1.513556498533502381e+00,5.528554281042374896e-10
1.513596577849431357e+00,5.524576907056655273e-10
1.513636646034072220e+00,5.520688906024417975e-10
1.513676703093605580e+00,5.516659351556540969e-10
1.513716749034208497e+00,5.512684198016870596e-10
1.513756783862051591e+00,5.509015466031996766e-10
1.513796807583300819e+00,5.505410571871038883e-10
1.513836820204116806e+00,5.500944144642971878e-10
1.513876821730655076e+00,5.497256538866679421e-10
1.513916812169066262e+00,5.494014687634773964e-10
1.513956791525495893e+00,5.490002896735290960e-10
1.513996759806084169e+00,5.485802923033133993e-10
1.514036717016965961e+00,5.481540221730085705e-10
1.514076663164271919e+00,5.478100750799796970e-10
1.514116598254126700e+00,5.473948516687698884e-10
1.514156522292650076e+00,5.470294217602145181e-10
1.514196435285957376e+00,5.466856412006393384e-10
1.514236337240157715e+00,5.463362540147898017e-10
1.514276228161355986e+00,5.459193097578918241e-10
1.514316108055652421e+00,5.455248475172425060e-10
1.514355976929140590e+00,5.451192275351957051e-10
1.514395834787910733e+00,5.447690076820776994e-10
1.514435681638047093e+00,5.444125150688705617e-10
1.514475517485629252e+00,5.440487504948521291e-10
1.514515342336731463e+00,5.436722738672017385e-10
1.514555156197422647e+00,5.432780336711573455e-10
1.514594959073768177e+00,5.428902327686557783e-10
1.514634750971826538e+00,5.424879989668340841e-10
1.514674531897652221e+00,5.421175730546679006e-10
1.514714301857294609e+00,5.417245541039505952e-10
1.514754060856798201e+00,5.413675618903823761e-10
1.514793808902201944e+00,5.410297210239889409e-10
1.514833545999540565e+00,5.406299852239726533e-10
1.514873272154842798e+00,5.403216207788830161e-10
1.514912987374133824e+00,5.399136693284845023e-10
1.514952691663432160e+00,5.395484614645340571e-10
1.514992385028752775e+00,5.391821988887102179e-10
1.515032067476105082e+00,5.388047230603376647e-10
1.515071739011493390e+00,5.384078738401854025e-10
1.515111399640917123e+00,5.380426104650837260e-10
1.515151049370371483e+00,5.376556977410018590e-10
1.515190688205845460e+00,5.372994826835508775e-10
1.515230316153324042e+00,5.369268363253354437e-10
1.515269933218786669e+00,5.365837218995750391e-10
1.515309539408209005e+00,5.362078003834369611e-10
1.515349134727560276e+00,5.358750665429568016e-10
1.515388719182805932e+00,5.355144661045585508e-10
1.515428292779905428e+00,5.350907494872103598e-10
1.515467855524814889e+00,5.347263187793771522e-10
1.515507407423484221e+00,5.343314679606692152e-10
1.515546948481858669e+00,5.339944597615442490e-10
1.515586478705878815e+00,5.336185382454061710e-10
1.515625998101480798e+00,5.332826402693058299e-10
1.515665506674594765e+00,5.329536811871093960e-10
1.515705004431146863e+00,5.325835328306993688e-10
1.515744491377058134e+00,5.322240426153257431e-10
1.515783967518245179e+00,5.318703810708313995e-10
1.515823432860618381e+00,5.314917395082829898e-10
1.515862887410085236e+00,5.311091011428459296e-10
1.515902331172546802e+00,5.307120853892399737e-10
1.515941764153899918e+00,5.303374961407314458e-10
1.515981186360036537e+00,5.300023753207483423e-10
1.516020597796843949e+00,5.296643679209012134e-10
1.516059998470204340e+00,5.293218641178043526e-10
1.516099388385995450e+00,5.289865212532163241e-10
1.516138767550089472e+00,5.286380777569377187e-10
1.516178135968354823e+00,5.283112280984880726e-10
1.516217493646654146e+00,5.279258696866406808e-10
1.516256840590845645e+00,5.275233028179115990e-10
1.516296176806783524e+00,5.271772463011359378e-10
1.516335502300315552e+00,5.268347980091903082e-10
1.516374817077286163e+00,5.264876867805412530e-10
1.516414121143534466e+00,5.261374669274232474e-10
1.516453414504894681e+00,5.257964064142583993e-10
1.516492697167196368e+00,5.254706669788333784e-10
1.516531969136264646e+00,5.250714307791781721e-10
1.516571230417919303e+00,5.247209333703040102e-10
1.516610481017975909e+00,5.243614986660816157e-10
1.516649720942244706e+00,5.240098355230315974e-10
1.516688950196531716e+00,5.236757694149218878e-10
1.516728168786638076e+00,5.232941857613582215e-10
1.516767376718360261e+00,5.229719435284607698e-10
1.516806573997490082e+00,5.226094557109206562e-10
1.516845760629813800e+00,5.222781651603725095e-10
1.516884936621114344e+00,5.219368270914515051e-10
1.516924101977168871e+00,5.216048704070885833e-10
1.516963256703750096e+00,5.212698606094079423e-10
1.517002400806626516e+00,5.209187525778702366e-10
1.517041534291561522e+00,5.205751385517487506e-10
1.517080657164313173e+00,5.201861164039200958e-10
1.517119769430636422e+00,5.198644292825349567e-10
1.517158871096279782e+00,5.195092689369573691e-10
1.517197962166988656e+00,5.191750362953939657e-10
1.517237042648502898e+00,5.188043328274716259e-10
1.517276112546557476e+00,5.184702112082106851e-10
1.517315171866883361e+00,5.181504669771186400e-10
1.517354220615206639e+00,5.177716588811165366e-10
1.517393258797248734e+00,5.174260464535507253e-10
1.517432286418726406e+00,5.170717187752416066e-10
1.517471303485351530e+00,5.167805072758824281e-10
1.517510310002831986e+00,5.164116356759507198e-10
1.517549305976870322e+00,5.160997740283335133e-10
1.517588291413165091e+00,5.157883009587749257e-10
1.517627266317409296e+00,5.154450199995608273e-10
1.517666230695292384e+00,5.151221116328486005e-10
1.517705184552498920e+00,5.147635095958946749e-10
1.517744127894708361e+00,5.144054626704530619e-10
1.517783060727596167e+00,5.140734504749389089e-10
1.517821983056832469e+00,5.137192338189322527e-10
1.517860894888083623e+00,5.133995450989914389e-10
1.517899796227011100e+00,5.130552094279039466e-10
1.517938687079271709e+00,5.127250291003804250e-10
1.517977567450517817e+00,5.123449442479000027e-10
1.518016437346396907e+00,5.120293078419990707e-10
1.518055296772552021e+00,5.116863599496923598e-10
1.518094145734622202e+00,5.113505174847432500e-10
1.518132984238240946e+00,5.110418754838974564e-10
1.518171812289038192e+00,5.107536060755535345e-10
1.518210629892638774e+00,5.104186517890241248e-10
1.518249437054662865e+00,5.100910804856084724e-10
1.518288233780726415e+00,5.097664512732080766e-10
1.518327020076440936e+00,5.094084598589176949e-10
1.518365795947413277e+00,5.090293186960082039e-10
1.518404561399245400e+00,5.086820409339054549e-10
1.518443316437535273e+00,5.083530818517090211e-10
1.518482061067875977e+00,5.080620923969547675e-10
1.518520795295856818e+00,5.077550602194946805e-10
1.518559519127061108e+00,5.074436426610873241e-10
1.518598232567069495e+00,5.071015274360490821e-10
1.518636935621457074e+00,5.067304353900681235e-10
1.518675628295794500e+00,5.064449970504369958e-10
1.518714310595647765e+00,5.060925567512697398e-10
1.518752982526579087e+00,5.057996244062223923e-10
1.518791644094146021e+00,5.054489049527433053e-10
1.518830295303901234e+00,5.051324913907251357e-10
1.518868936161392735e+00,5.048353957093354438e-10
1.518907566672165199e+00,5.045324713570664699e-10
1.518946186841757751e+00,5.042256612242113079e-10
1.518984796675705295e+00,5.038269246249171829e-10
1.519023396179538965e+00,5.034822003757710718e-10
1.519061985358784783e+00,5.031649541464844333e-10
1.519100564218964111e+00,5.028404359563865000e-10
1.519139132765594979e+00,5.025323490670530191e-10
1.519177691004189645e+00,5.022236515550559943e-10
1.519216238940257035e+00,5.018883642016191970e-10
1.519254776579300747e+00,5.015456383539174112e-10
1.519293303926820826e+00,5.012572579232710268e-10
1.519331820988312653e+00,5.009508363684744836e-10
1.519370327769266948e+00,5.005804104563083001e-10
1.519408824275169989e+00,5.003110148393830059e-10
1.519447310511504057e+00,4.999831104690599659e-10
1.519485786483746992e+00,4.996870139883924367e-10
1.519524252197371528e+00,4.993460644975300511e-10
1.519562707657846845e+00,4.990734492338333439e-10
1.519601152870637684e+00,4.987345536555665149e-10
1.519639587841204564e+00,4.983995438578858739e-10
1.519678012575002679e+00,4.980674206400692583e-10
1.519716427077483445e+00,4.977327994204472361e-10
1.519754831354094504e+00,4.974488598818993523e-10
1.519793225410278170e+00,4.971586475832623364e-10
1.519831609251473203e+00,4.968243039193964705e-10
1.519869982883113702e+00,4.964690325515164204e-10
1.519908346310629099e+00,4.961588917495873829e-10
1.519946699539445056e+00,4.958232713292431981e-10
1.519985042574982348e+00,4.955319488075815570e-10
1.520023375422658196e+00,4.952690479953503200e-10
1.520061698087884716e+00,4.949923249064624997e-10
1.520100010576070471e+00,4.946215659273889287e-10
1.520138312892618471e+00,4.943175868632465608e-10
1.520176605042929285e+00,4.940331477243375957e-10
1.520214887032397488e+00,4.936805408917166460e-10
1.520253158866414100e+00,4.933549124785940876e-10
1.520291420550365924e+00,4.930577612860531644e-10
1.520329672089634876e+00,4.927644958740984293e-10
1.520367913489599987e+00,4.924792240679209954e-10
1.520406144755634070e+00,4.921406615565615539e-10
1.520444365893107275e+00,4.918537799269984134e-10
1.520482576907384420e+00,4.915731155463731739e-10
1.520520777803826995e+00,4.912376616594826828e-10
1.520558968587791382e+00,4.908987660812158538e-10
1.520597149264630632e+00,4.905936212828976295e-10
1.520635319839692245e+00,4.903019101831773696e-10
1.520673480318320614e+00,4.900044814348802902e-10
1.520711630705855466e+00,4.896893446293404395e-10
1.520749771007632312e+00,4.893646043946375812e-10
1.520787901228982664e+00,4.890829408132901790e-10
1.520826021375232928e+00,4.887667492958769344e-10
1.520864131451706847e+00,4.884526672022104776e-10
1.520902231463722831e+00,4.881381410193341708e-10
1.520940321416594854e+00,4.878459303192528296e-10
1.520978401315633333e+00,4.875324588482499166e-10
1.521016471166144468e+00,4.872502956665414331e-10
1.521054530973430019e+00,4.870000513967909228e-10
1.521092580742787526e+00,4.866667624447984508e-10
1.521130620479510531e+00,4.863458524795305493e-10
1.521168650188888138e+00,4.860606361845043466e-10
1.521206669876205453e+00,4.857815816272648135e-10
1.521244679546743361e+00,4.854832647005480339e-10
1.521282679205778532e+00,4.851690715845791146e-10
1.521320668858583636e+00,4.848577650484742207e-10
1.521358648510426681e+00,4.845865930747095263e-10
1.521396618166572345e+00,4.842892753487149093e-10
1.521434577832280866e+00,4.839669776046662264e-10
1.521472527512807371e+00,4.836459011059446311e-10
1.521510467213404105e+00,4.833237698953496420e-10
1.521548396939318648e+00,4.830643107744947429e-10
1.521586316695794583e+00,4.827761523884532835e-10
1.521624226488071274e+00,4.824686206106321151e-10
1.521662126321383646e+00,4.821752996875261488e-10
1.521700016200963068e+00,4.818913046378270337e-10
1.521737896132036250e+00,4.815856602391477281e-10
1.521775766119826567e+00,4.812658049857532205e-10
1.521813626169552292e+00,4.810000175936579581e-10
1.521851476286428140e+00,4.806611775265423603e-10
1.521889316475664611e+00,4.803746844750378386e-10
1.521927146742468651e+00,4.801026798340046753e-10
1.521964967092041876e+00,4.798126895799725844e-10
1.522002777529583017e+00,4.795312480432301072e-10
1.522040578060286142e+00,4.792012342491602794e-10
1.522078368689341099e+00,4.789227903145842902e-10
1.522116149421934184e+00,4.786566143444304089e-10
1.522153920263247473e+00,4.784024842940937106e-10
1.522191681218458381e+00,4.780824069960942779e-10
1.522229432292740992e+00,4.777713780157455403e-10
1.522267173491264947e+00,4.775141948520911228e-10
1.522304904819196114e+00,4.772003348030295911e-10
1.522342626281695699e+00,4.769207806454289766e-10
1.522380337883922019e+00,4.765998151690098439e-10
1.522418039631027620e+00,4.763180405653599792e-10
1.522455731528162826e+00,4.760412064541696964e-10
1.522493413580473076e+00,4.757579330494365877e-10
1.522531085793099148e+00,4.754755478231231791e-10
1.522568748171179376e+00,4.751387061574519066e-10
1.522606400719846320e+00,4.748808568599827140e-10
1.522644043444229878e+00,4.746235071628746027e-10
1.522681676349454838e+00,4.743174186749854471e-10
1.522719299440643548e+00,4.740133840996918480e-10
1.522756912722912137e+00,4.737287229161779578e-10
1.522794516201374959e+00,4.734481695578551808e-10
1.522832109881140594e+00,4.732136349439031164e-10
1.522869693767314958e+00,4.728816227483889634e-10
1.522907267864999081e+00,4.725813074202278585e-10
1.522944832179290442e+00,4.723150204277715147e-10
1.522982386715282521e+00,4.720422941417723450e-10
1.523019931478064581e+00,4.717305990276088323e-10
1.523057466472722110e+00,4.714456602883387859e-10
1.523094991704336376e+00,4.711763201825647229e-10
1.523132507177985318e+00,4.709025946958433906e-10
1.523170012898742653e+00,4.706506850915559426e-10
1.523207508871677218e+00,4.703816225415380359e-10
1.523244995101855181e+00,4.700819178360404749e-10
1.523282471594338050e+00,4.698084143939240676e-10
1.523319938354183778e+00,4.695033806179083058e-10
1.523357395386446100e+00,4.691937949274915809e-10
1.523394842696174534e+00,4.689127419688077225e-10
1.523432280288415708e+00,4.686462884428976849e-10
1.523469708168211145e+00,4.683950449724250120e-10
1.523507126340599260e+00,4.680974496906742388e-10
1.523544534810613582e+00,4.678484821774020475e-10
1.523581933583285197e+00,4.675848597202048040e-10
1.523619322663640085e+00,4.672790487880718047e-10
1.523656702056700674e+00,4.669750697239294368e-10
1.523694071767485614e+00,4.667153885584696127e-10
1.523731431801009562e+00,4.664215125238513338e-10
1.523768782162282953e+00,4.661386832083280751e-10
1.523806122856312895e+00,4.658678998126219994e-10
1.523843453888102495e+00,4.656180441209301080e-10
1.523880775262650422e+00,4.653283591782297890e-10
1.523918086984952458e+00,4.650493601321414872e-10
1.523955389059999721e+00,4.647943141478094731e-10
1.523992681492779333e+00,4.645220319510201534e-10
1.524029964288275307e+00,4.642709272584255586e-10
1.524067237451467216e+00,4.639980066833970795e-10
1.524104500987330857e+00,4.637226991288656563e-10
1.524141754900838475e+00,4.634294059613353056e-10
1.524178999196958095e+00,4.631364458607123424e-10
1.524216233880653970e+00,4.628376293336344816e-10
1.524253458956886798e+00,4.625583249762144078e-10
1.524290674430612835e+00,4.623032234807311625e-10
1.524327880306785454e+00,4.620306914837613022e-10
1.524365076590353363e+00,4.617094484515860131e-10
1.524402263286261494e+00,4.615017812348298776e-10
1.524439440399451229e+00,4.612375759105447059e-10
1.524476607934860617e+00,4.609780057673873443e-10
1.524513765897422823e+00,4.606953707408933951e-10
1.524550914292067683e+00,4.604590597701019306e-10
1.524588053123721698e+00,4.602277170473456636e-10
1.524625182397306711e+00,4.599150504880356038e-10
1.524662302117741453e+00,4.596433234027585968e-10
1.524699412289940437e+00,4.593986302481312123e-10
1.524736512918814846e+00,4.591312607882258590e-10
1.524773604009271422e+00,4.588713298225854942e-10
1.524810685566213353e+00,4.585528623479717680e-10
1.524847757594540942e+00,4.582950963172294223e-10
1.524884820099149163e+00,4.580311407931247913e-10
1.524921873084930546e+00,4.577661305571467665e-10
1.524958916556772737e+00,4.574882139785074742e-10
1.524995950519560717e+00,4.571891754068246883e-10
1.525032974978174805e+00,4.569501721451985077e-10
1.525069989937492432e+00,4.567219380469111911e-10
1.525106995402386145e+00,4.564244537874628804e-10
1.525143991377725605e+00,4.561761524080054642e-10
1.525180977868376919e+00,4.559175814655702652e-10
1.525217954879201532e+00,4.556676147515759112e-10
1.525254922415057779e+00,4.553601384849059741e-10
1.525291880480800444e+00,4.551131138619268768e-10
1.525328829081279647e+00,4.548477705590414644e-10
1.525365768221342844e+00,4.545694376467679376e-10
1.525402697905833493e+00,4.543210530005836745e-10
1.525439618139590836e+00,4.540738618441508834e-10
1.525476528927450781e+00,4.537995257347660072e-10
1.525513430274245685e+00,4.535499475988302720e-10
1.525550322184803687e+00,4.533057262889883532e-10
1.525587204663949814e+00,4.530383568290829999e-10
1.525624077716504878e+00,4.527751507055199909e-10
1.525660941347286581e+00,4.525231578345056960e-10
1.525697795561108183e+00,4.523076080342747218e-10
1.525734640362779837e+00,4.520353535930610178e-10
1.525771475757107920e+00,4.517495821865225025e-10
1.525808301748895035e+00,4.514764395668890984e-10
1.525845118342939788e+00,4.512162865566438086e-10
1.525881925544037676e+00,4.509251305684358613e-10
1.525918723356980200e+00,4.506658102254590403e-10
1.525955511786555530e+00,4.504367712154788705e-10
1.525992290837547838e+00,4.501890527031093825e-10
1.526029060514737523e+00,4.499070838104302084e-10
1.526065820822901653e+00,4.496432115530524243e-10
1.526102571766813520e+00,4.494057348480851033e-10
1.526139313351242643e+00,4.491956251406747924e-10
1.526176045580955210e+00,4.489454641376511290e-10
1.526212768460713409e+00,4.487078486548057299e-10
1.526249481995276325e+00,4.484213278477255926e-10
1.526286186189399041e+00,4.481541804324251643e-10
1.526322881047832425e+00,4.478933612883650994e-10
1.526359566575324678e+00,4.476620463211844481e-10
1.526396242776620227e+00,4.473749981581676138e-10
1.526432909656459502e+00,4.470991910032751093e-10
1.526469567219579604e+00,4.468653502787134357e-10
1.526506215470713634e+00,4.466058911578585366e-10
1.526542854414591588e+00,4.463579783564597392e-10
1.526579484055939684e+00,4.461172264935697740e-10
1.526616104399480367e+00,4.458707569821029892e-10
1.526652715449932529e+00,4.456204849567768633e-10
1.526689317212011732e+00,4.453842017415610144e-10
1.526725909690429983e+00,4.451341517608398135e-10
1.526762492889895073e+00,4.448776069754245555e-10
1.526799066815111905e+00,4.445794565821614697e-10
1.526835631470781385e+00,4.443273526888447122e-10
1.526872186861601310e+00,4.441114975772819662e-10
1.526908732992265039e+00,4.438806822104623961e-10
1.526945269867463262e+00,4.436200295998560250e-10
1.526981797491882897e+00,4.433722555763353057e-10
1.527018315870206866e+00,4.431148781236515788e-10
1.527054825007114980e+00,4.428609978734954211e-10
1.527091324907283498e+00,4.426279620606266008e-10
1.527127815575384906e+00,4.423822697052770536e-10
1.527164297016087913e+00,4.421479016247786831e-10
1.527200769234058786e+00,4.418798382754829390e-10
1.527237232233958686e+00,4.416208787549891213e-10
1.527273686020446108e+00,4.414068000002657755e-10
1.527310130598176441e+00,4.411570275753007309e-10
1.527346565971800407e+00,4.409229092949829010e-10
1.527382992145966512e+00,4.406649489752112459e-10
1.527419409125318595e+00,4.403632458682693596e-10
1.527455816914497388e+00,4.401353725924650462e-10
1.527492215518140739e+00,4.399245134845131133e-10
1.527528604940881829e+00,4.396623343172478826e-10
1.527564985187351176e+00,4.394231090110167770e-10
1.527601356262175747e+00,4.391510488588323824e-10
1.527637718169978509e+00,4.389266172744044070e-10
1.527674070915379323e+00,4.386597751704357506e-10
1.527710414502994274e+00,4.383783613892688891e-10
1.527746748937436561e+00,4.381787155338656703e-10
1.527783074223315385e+00,4.379278606414516162e-10
1.527819390365236396e+00,4.376991269428032183e-10
1.527855697367802135e+00,4.374851036992311037e-10
1.527891995235611144e+00,4.372542328212603024e-10
1.527928283973259305e+00,4.370339923287502870e-10
1.527964563585338498e+00,4.367780026548473415e-10
1.528000834076436831e+00,4.365278138962480625e-10
1.528037095451139527e+00,4.362403216440213782e-10
1.528073347714028252e+00,4.360281857795911264e-10
1.528109590869680900e+00,4.357831595580563544e-10
1.528145824922672258e+00,4.355616700646436357e-10
1.528182049877573556e+00,4.353086224817559469e-10
1.528218265738952919e+00,4.350480531378764226e-10
1.528254472511374029e+00,4.348018056710145629e-10
1.528290670199398127e+00,4.345847848252759604e-10
1.528326858807582456e+00,4.343808091000767035e-10
1.528363038340481372e+00,4.341299819632382651e-10
1.528399208802645459e+00,4.338948922377738882e-10
1.528435370198621746e+00,4.336131453896996391e-10
1.528471522532953930e+00,4.334034520159235626e-10
1.528507665810182381e+00,4.331767999854463369e-10
1.528543800034844358e+00,4.329123448609806246e-10
1.528579925211472901e+00,4.326682068178655527e-10
1.528616041344598830e+00,4.323976177111887864e-10
1.528652148438748304e+00,4.321552837804887304e-10
1.528688246498444814e+00,4.319415103370971565e-10
1.528724335528208300e+00,4.317058099889692357e-10
1.528760415532555372e+00,4.314870960531180799e-10
1.528796486515998865e+00,4.312462609235012678e-10
1.528832548483049170e+00,4.310003187679711800e-10
1.528868601438212238e+00,4.307993684005140267e-10
1.528904645385991357e+00,4.305857892461517622e-10
1.528940680330885593e+00,4.303577771924693707e-10
1.528976706277392017e+00,4.301216327551315999e-10
1.529012723230002813e+00,4.298876810082674638e-10
1.529048731193208166e+00,4.296153988114781441e-10
1.529084730171493822e+00,4.293829181101216363e-10
1.529120720169342418e+00,4.291654531751731838e-10
1.529156701191234147e+00,4.289006094726488527e-10
1.529192673241644540e+00,4.286565269406850121e-10
1.529228636325046464e+00,4.284471943893919388e-10
1.529264590445909455e+00,4.282386667497917188e-10
1.529300535608699718e+00,4.280081289387283050e-10
1.529336471817879683e+00,4.277865561785887394e-10
1.529372399077908895e+00,4.275748921589439533e-10
1.529408317393243344e+00,4.273178200175919983e-10
1.529444226768336135e+00,4.270810649575906837e-10
1.529480127207636375e+00,4.268262965290148259e-10
1.529516018715590064e+00,4.266027808785821662e-10
1.529551901296640537e+00,4.263980835084169030e-10
1.529587774955226687e+00,4.261459518595245299e-10
1.529623639695785187e+00,4.259129993133825565e-10
1.529659495522748269e+00,4.256658914236766122e-10
1.529695342440545947e+00,4.254510355128360288e-10
1.529731180453604678e+00,4.252543039928724511e-10
1.529767009566346703e+00,4.250167717767538988e-10
1.529802829783192264e+00,4.248054130684408847e-10
1.529838641108557828e+00,4.245666318514196291e-10
1.529874443546855867e+00,4.243597695463563468e-10
1.529910237102496628e+00,4.241068884969223518e-10
1.529946021779886589e+00,4.238927542310477747e-10
1.529981797583429115e+00,4.236274109281623623e-10
1.530017564517523798e+00,4.233891570670778037e-10
1.530053322586567566e+00,4.231919259467531447e-10
1.530089071794953570e+00,4.229804007049864367e-10
1.530124812147072522e+00,4.227399819090038591e-10
1.530160543647310911e+00,4.224908201067023583e-10
1.530196266300052343e+00,4.222436844614207985e-10
1.530231980109677314e+00,4.220148119848943224e-10
1.530267685080563211e+00,4.218244087361711081e-10
1.530303381217083425e+00,4.216066940010421149e-10
1.530339068523608903e+00,4.213703830302506503e-10
1.530374747004506819e+00,4.211427873102024932e-10
1.530410416664141904e+00,4.209300408231086976e-10
1.530446077506874003e+00,4.207144077561508766e-10
1.530481729537062074e+00,4.204825099218822970e-10
1.530517372759059747e+00,4.202345971204834996e-10
1.530553007177218205e+00,4.200546299681917617e-10
1.530588632795885751e+00,4.198191794202443816e-10
1.530624249619407129e+00,4.196152869617719716e-10
1.530659857652123979e+00,4.193881908420848958e-10
1.530695456898374385e+00,4.191424152200085018e-10
1.530731047362493991e+00,4.189296964884903218e-10
1.530766629048813998e+00,4.187162838675817511e-10
1.530802201961663833e+00,4.184924073946660883e-10
1.530837766105368702e+00,4.182744706149321701e-10
1.530873321484250926e+00,4.180485957405721820e-10
1.530908868102629716e+00,4.178402623900012713e-10
1.530944405964820731e+00,4.176305690162251949e-10
1.530979935075137410e+00,4.174170453730141617e-10
1.531015455437888528e+00,4.171968881472309931e-10
1.531050967057381085e+00,4.169632139561230133e-10
1.531086469937917860e+00,4.167202416471837978e-10
1.531121964083799192e+00,4.164958933294826693e-10
1.531157449499321643e+00,4.163035194348907453e-10
1.531192926188779113e+00,4.160445599143969275e-10
1.531228394156462169e+00,4.158117461461330322e-10
1.531263853406658271e+00,4.156174848723992454e-10
1.531299303943651324e+00,4.154172561499080985e-10
1.531334745771722128e+00,4.152074795094051751e-10
1.531370178895149259e+00,4.149971477573899392e-10
1.531405603318207076e+00,4.147998888814896645e-10
1.531441019045167051e+00,4.145789544995892584e-10
1.531476426080297992e+00,4.143666243461296972e-10
1.531511824427864932e+00,4.141289533521330668e-10
1.531547214092130016e+00,4.138845377532618386e-10
1.531582595077352282e+00,4.136706255319921866e-10
1.531617967387787882e+00,4.134431408342464920e-10
1.531653331027689413e+00,4.132612307916616601e-10
1.531688686001306143e+00,4.130430997228984324e-10
1.531724032312885342e+00,4.128244135426228922e-10
1.531759369966669615e+00,4.125992325576532949e-10
1.531794698966899793e+00,4.123716368376051378e-10
1.531830019317812708e+00,4.121681607127669622e-10
1.531865331023642751e+00,4.119991292572677821e-10
1.531900634088620539e+00,4.117581831053485075e-10
1.531935928516974021e+00,4.115346674549158479e-10
1.531971214312928042e+00,4.113193674548654144e-10
1.532006491480703891e+00,4.111370133230707324e-10
1.532041760024520638e+00,4.109119156048279820e-10
1.532077019948593355e+00,4.106834872175113560e-10
1.532112271257134450e+00,4.104446782449144848e-10
1.532147513954353446e+00,4.102163886354759370e-10
1.532182748044456089e+00,4.100262074313576477e-10
1.532217973531645683e+00,4.098249517525687224e-10
1.532253190420122424e+00,4.096348815707528956e-10
1.532288398714082955e+00,4.094286021327775416e-10
1.532323598417721477e+00,4.092245153852758222e-10
1.532358789535228638e+00,4.090353333818796955e-10
1.532393972070792199e+00,4.088042404593039691e-10
1.532429146028596811e+00,4.085677351994831952e-10
1.532464311412824021e+00,4.083503812868372052e-10
1.532499468227652484e+00,4.081430748925640728e-10
1.532534616477257750e+00,4.079242221788348388e-10
1.532569756165812036e+00,4.076948501019472815e-10
1.532604887297485119e+00,4.075240145340330855e-10
1.532640009876443443e+00,4.073097137347048147e-10
1.532675123906849901e+00,4.071127879257119275e-10
1.532710229392864942e+00,4.068860803840834706e-10
1.532745326338645686e+00,4.066650904910318332e-10
1.532780414748346587e+00,4.064791281344071194e-10
1.532815494626118769e+00,4.062718217401339871e-10
1.532850565976110468e+00,4.060303482322780155e-10
1.532885628802466371e+00,4.058523239702793717e-10
1.532920683109329385e+00,4.056546487607448626e-10
1.532955728900837977e+00,4.054798163899420160e-10
1.532990766181128173e+00,4.052519986252889339e-10
1.533025794954333554e+00,4.050400848054636072e-10
1.533060815224583484e+00,4.048121560185080625e-10
1.533095826996005773e+00,4.046148416314565566e-10
1.533130830272724010e+00,4.044148627091459502e-10
1.533165825058859122e+00,4.042134960080545625e-10
1.533200811358529592e+00,4.040185686005060006e-10
1.533235789175850128e+00,4.038152867646971345e-10
1.533270758514932774e+00,4.036115885952540339e-10
1.533305719379886911e+00,4.033768041811214289e-10
1.533340671774818365e+00,4.031604772247732171e-10
1.533375615703830075e+00,4.029374889302772544e-10
1.533410551171022540e+00,4.027258526662080840e-10
1.533445478180492927e+00,4.025410560437592267e-10
1.533480396736334850e+00,4.023474331482645994e-10
1.533515306842639925e+00,4.021206423399092955e-10
1.533550208503496215e+00,4.019300448021567718e-10
1.533585101722989341e+00,4.017188248717218357e-10
1.533619986505201149e+00,4.015013321811977676e-10
1.533654862854211265e+00,4.013105125988403188e-10
1.533689730774095761e+00,4.011369292289401756e-10
1.533724590268928045e+00,4.009239606972414549e-10
1.533759441342778862e+00,4.007388865190364413e-10
1.533794283999715846e+00,4.005494547154597740e-10
1.533829118243803080e+00,4.003538334185208214e-10
1.533863944079102870e+00,4.001602382786018097e-10
1.533898761509673081e+00,3.999499897933134207e-10
1.533933570539570246e+00,3.997311925907354180e-10
1.533968371172846457e+00,3.995214437058081103e-10
1.534003163413552029e+00,3.992976227440436787e-10
1.534037947265733948e+00,3.991436348105281695e-10
1.534072722733436089e+00,3.989352737043816433e-10
1.534107489820699666e+00,3.987069840949430954e-10
1.534142248531562780e+00,3.984705065906979371e-10
1.534176998870060649e+00,3.982718321804412653e-10
1.534211740840225380e+00,3.980885343590756520e-10
1.534246474446087305e+00,3.978899709711214427e-10
1.534281199691671871e+00,3.977136397992353523e-10
1.534315916581003192e+00,3.975172691017547777e-10
1.534350625118102274e+00,3.973029127912752756e-10
1.534385325306986347e+00,3.971050432927114571e-10
1.534420017151670645e+00,3.969108097745532859e-10
1.534454700656167292e+00,3.966991457549084998e-10
1.534489375824485302e+00,3.964968908753974119e-10
1.534524042660630805e+00,3.963044892252298723e-10
1.534558701168607264e+00,3.961603545210579114e-10
1.534593351352415258e+00,3.959423899857483775e-10
1.534627993216051811e+00,3.957482119787414376e-10
1.534662626763512172e+00,3.955242522390989279e-10
1.534697251998788259e+00,3.953497251796278533e-10
1.534731868925868659e+00,3.951584337524849389e-10
1.534766477548739738e+00,3.949565396954568541e-10
1.534801077871384312e+00,3.947405735615916456e-10
1.534835669897783195e+00,3.945636317670420112e-10
1.534870253631913650e+00,3.943710635834207778e-10
1.534904829077750277e+00,3.941914572536120431e-10
1.534939396239264786e+00,3.939616688430902514e-10
1.534973955120426448e+00,3.937313808322073783e-10
1.535008505725201200e+00,3.935713976943588932e-10
1.535043048057551651e+00,3.933605385864069603e-10
1.535077582121439299e+00,3.931851511040918012e-10
1.535112107920820534e+00,3.930119008010990456e-10
1.535146625459651082e+00,3.928040670508892163e-10
1.535181134741881781e+00,3.926041991508810725e-10
1.535215635771462361e+00,3.924099656327229013e-10
1.535250128552338778e+00,3.921912516968717455e-10
1.535284613088454098e+00,3.919947977326643240e-10
1.535319089383749613e+00,3.918315116813175791e-10
1.535353557442162176e+00,3.916311719365239696e-10
1.535388017267627303e+00,3.914476520705534313e-10
1.535422468864076739e+00,3.912518364845851693e-10
1.535456912235439342e+00,3.910795576267389606e-10
1.535491347385642413e+00,3.908758872128714756e-10
1.535525774318609038e+00,3.906703294198621279e-10
1.535560193038260079e+00,3.904528644849136754e-10
1.535594603548513737e+00,3.902848599857122736e-10
1.535629005853284879e+00,3.900874623319339207e-10
1.535663399956486153e+00,3.899262857043339636e-10
1.535697785862027320e+00,3.897584477385862556e-10
1.535732163573814590e+00,3.895596623060271213e-10
1.535766533095752617e+00,3.893614042294046840e-10
1.535800894431742281e+00,3.891857114357577530e-10
1.535835247585682239e+00,3.889882582708281689e-10
1.535869592561467822e+00,3.887904997945668129e-10
1.535903929362992359e+00,3.885657906543826812e-10
1.535938257994145406e+00,3.883821042549584490e-10
1.535972578458814741e+00,3.881669985439373249e-10
1.536006890760885035e+00,3.880046006710102802e-10
1.536041194904237406e+00,3.878160015347020817e-10
1.536075490892751416e+00,3.875939569297770504e-10
1.536109778730303077e+00,3.874099652190210463e-10
1.536144058420765734e+00,3.872440978991420479e-10
1.536178329968010514e+00,3.870539444505993742e-10
1.536212593375904989e+00,3.868424469644082819e-10
1.536246848648314733e+00,3.866654219031318007e-10
1.536281095789101991e+00,3.864763786776137522e-10
1.536315334802126342e+00,3.863224740108250899e-10
1.536349565691244923e+00,3.861175268404792860e-10
1.536383788460311983e+00,3.859250974347361307e-10
1.536418003113178887e+00,3.857325292511148973e-10
1.536452209653694334e+00,3.855609165270834637e-10
1.536486408085704136e+00,3.853545538223812628e-10
1.536520598413052108e+00,3.851565177903637505e-10
1.536554780639578288e+00,3.849934537836219306e-10
1.536588954769120718e+00,3.848068530487580574e-10
1.536623120805514109e+00,3.846245821836902223e-10
1.536657278752591616e+00,3.844305984657125919e-10
1.536691428614181731e+00,3.842647866569848247e-10
1.536725570394112506e+00,3.840686102485335596e-10
1.536759704096207102e+00,3.839242534997566736e-10
1.536793829724287797e+00,3.837436479692257763e-10
1.536827947282172646e+00,3.834965400795198320e-10
1.536862056773678598e+00,3.833117712126465904e-10
1.536896158202618379e+00,3.831165384937662566e-10
1.536930251572802497e+00,3.829590533577231781e-10
1.536964336888039240e+00,3.827835270975299409e-10
1.536998414152134007e+00,3.826179373334070988e-10
1.537032483368888869e+00,3.824269789731715719e-10
1.537066544542104118e+00,3.822567817834965354e-10
1.537100597675576497e+00,3.820509186791554157e-10
1.537134642773100746e+00,3.818539651145869129e-10
1.537168679838468721e+00,3.817025584496036572e-10
1.537202708875469392e+00,3.814981108796189346e-10
1.537236729887889508e+00,3.813117321893599865e-10
1.537270742879512042e+00,3.811310711476778579e-10
1.537304747854118858e+00,3.809335902271726582e-10
1.537338744815488267e+00,3.807728299332069355e-10
1.537372733767395472e+00,3.805794013267416176e-10
1.537406714713614120e+00,3.804025150433432145e-10
1.537440687657914307e+00,3.802108627937172969e-10
1.537474652604063907e+00,3.800380288243587756e-10
1.537508609555827688e+00,3.798578118718864971e-10
1.537542558516968638e+00,3.796684078238854454e-10
1.537576499491245974e+00,3.794820013780508816e-10
1.537610432482416911e+00,3.793057534728916380e-10
1.537644357494236225e+00,3.791559011201428575e-10
1.537678274530455580e+00,3.790034674988618235e-10
1.537712183594823978e+00,3.788168667639979503e-10
1.537746084691087756e+00,3.786355118329254310e-10
1.537779977822991473e+00,3.784227931014072510e-10
1.537813862994276137e+00,3.782331947643768899e-10
1.537847740208679648e+00,3.780631918637311628e-10
1.537881609469938793e+00,3.778906909612800291e-10
1.537915470781786809e+00,3.776803314536891776e-10
1.537949324147954044e+00,3.775017798357538368e-10
1.537983169572169073e+00,3.773269197093753746e-10
1.538017007058156915e+00,3.771652434814143362e-10
1.538050836609640593e+00,3.769748402326911219e-10
1.538084658230340240e+00,3.768018397298789068e-10
1.538118471923973996e+00,3.766288392270666918e-10
1.538152277694255998e+00,3.764623057733729183e-10
1.538186075544899056e+00,3.762682110330928253e-10
1.538219865479613313e+00,3.760961819754271573e-10
1.538253647502105359e+00,3.759210720488681545e-10
1.538287421616080008e+00,3.757614219779270570e-10
1.538321187825239189e+00,3.755653010806270231e-10
1.538354946133282608e+00,3.754102861908137356e-10
1.538388696543906420e+00,3.752197996753636744e-10
1.538422439060805447e+00,3.750553478898410731e-10
1.538456173687670514e+00,3.748523713653639788e-10
1.538489900428191559e+00,3.746502830193065847e-10
1.538523619286054300e+00,3.745039278690853735e-10
1.538557330264942680e+00,3.743104715070444399e-10
1.538591033368538197e+00,3.741434384529895851e-10
1.538624728600519020e+00,3.739711873507189921e-10
1.538658415964561987e+00,3.738216403093019835e-10
1.538692095464340159e+00,3.736366216422482012e-10
1.538725767103524378e+00,3.734843545544208609e-10
1.538759430885783042e+00,3.732866793448863518e-10
1.538793086814782551e+00,3.731218112257295161e-10
1.538826734894185311e+00,3.729282438413861200e-10
1.538860375127652391e+00,3.727591291191600931e-10
1.538894007518841756e+00,3.725706687607299727e-10
1.538927632071409590e+00,3.723995833926352361e-10
1.538961248789008085e+00,3.722191443955580326e-10
1.538994857675287875e+00,3.720756480696252311e-10
1.539028458733897375e+00,3.719005936542174595e-10
1.539062051968481226e+00,3.717114949175481797e-10
1.539095637382682957e+00,3.715370511248039520e-10
1.539129214980142324e+00,3.713745422295744447e-10
1.539162784764497305e+00,3.711875529166519527e-10
1.539196346739382770e+00,3.710125540123954124e-10
1.539229900908431592e+00,3.708333085050696809e-10
1.539263447275273977e+00,3.706596418684426908e-10
1.539296985843537469e+00,3.704885009891967229e-10
1.539330516616846722e+00,3.703304052304901006e-10
1.539364039598824618e+00,3.701676742906556683e-10
1.539397554793091372e+00,3.700041384391283827e-10
1.539431062203264311e+00,3.698496231496761766e-10
1.539464561832958100e+00,3.696598860347677373e-10
1.539498053685785628e+00,3.694667627396341913e-10
1.539531537765356228e+00,3.693203798338373645e-10
1.539565014075278127e+00,3.691340288991540319e-10
1.539598482619155551e+00,3.689420713381963424e-10
1.539631943400590952e+00,3.687975758115413782e-10
1.539665396423184562e+00,3.686413674319766187e-10
1.539698841690533726e+00,3.684911820123204507e-10
1.539732279206232901e+00,3.682891769329899034e-10
1.539765708973874991e+00,3.681265015043067024e-10
1.539799130997049570e+00,3.679669069445168361e-10
1.539832545279344211e+00,3.677781690303305595e-10
1.539865951824343382e+00,3.676031423704984036e-10
1.539899350635630215e+00,3.674291704225396415e-10
1.539932741716784292e+00,3.672685489064519970e-10
1.539966125071382752e+00,3.670865555971403182e-10
1.539999500703001178e+00,3.669182735421827601e-10
1.540032868615211381e+00,3.667494363757128895e-10
1.540066228811583837e+00,3.666001113789008059e-10
1.540099581295685915e+00,3.664567260752704669e-10
1.540132926071082542e+00,3.662737890763878568e-10
1.540166263141336644e+00,3.660765579560631977e-10
1.540199592510007820e+00,3.659225977781233041e-10
1.540232914180654111e+00,3.657639469079043693e-10
1.540266228156830453e+00,3.656191460699176332e-10
1.540299534442089779e+00,3.654367364269717200e-10
1.540332833039982141e+00,3.652514679597373970e-10
1.540366123954055588e+00,3.650882096639662677e-10
1.540399407187855285e+00,3.649027191521270197e-10
1.540432682744924175e+00,3.647218360658399661e-10
1.540465950628802760e+00,3.645681256880806131e-10
1.540499210843028655e+00,3.644028134797139273e-10
1.540532463391137696e+00,3.642590673536005852e-10
1.540565708276663059e+00,3.640940049454144400e-10
1.540598945503135253e+00,3.639371026764592898e-10
1.540632175074082788e+00,3.637579126802847895e-10
1.540665396993030845e+00,3.636025369679884989e-10
1.540698611263503492e+00,3.634658685136571421e-10
1.540731817889021249e+00,3.632921186103033051e-10
1.540765016873102411e+00,3.631268064019366193e-10
1.540798208219263277e+00,3.629443967589907061e-10
1.540831391931017480e+00,3.627576850018243704e-10
1.540864568011876434e+00,3.625729716461023600e-10
1.540897736465348444e+00,3.624138766866735750e-10
1.540930897294940261e+00,3.622520339252588428e-10
1.540964050504155081e+00,3.620860833386529976e-10
1.540997196096495658e+00,3.619474719940285468e-10
1.541030334075460306e+00,3.617902089025903933e-10
1.541063464444546005e+00,3.616370258807677374e-10
1.541096587207246627e+00,3.614797905449051996e-10
1.541129702367054488e+00,3.613101207111668600e-10
1.541162809927458799e+00,3.611281551574307969e-10
1.541195909891947213e+00,3.609608445476197858e-10
1.541229002264003611e+00,3.608121579290468617e-10
1.541262087047110985e+00,3.606464571426215571e-10
1.541295164244748772e+00,3.605061804634601685e-10
1.541328233860394636e+00,3.603572718002823194e-10
1.541361295897523576e+00,3.601518805407266655e-10
1.541394350359608589e+00,3.599672504517315019e-10
1.541427397250119791e+00,3.597933895260752024e-10
1.541460436572525072e+00,3.596337949662853362e-10
1.541493468330290106e+00,3.594707864706947475e-10
1.541526492526878123e+00,3.593315922589823685e-10
1.541559509165749908e+00,3.591898445343133517e-10
1.541592518250363586e+00,3.590543973253090826e-10
1.541625519784175724e+00,3.588733199499927196e-10
1.541658513770639782e+00,3.587307950692064651e-10
1.541691500213207000e+00,3.585577668108186344e-10
1.541724479115326618e+00,3.584084140584309353e-10
1.541757450480444769e+00,3.582257546153044814e-10
1.541790414312006030e+00,3.580511720446821755e-10
1.541823370613452093e+00,3.579041785162218048e-10
1.541856319388222651e+00,3.577220186734564322e-10
1.541889260639754733e+00,3.575603146899197782e-10
1.541922194371483146e+00,3.573748241780805301e-10
1.541955120586840255e+00,3.572210027780187147e-10
1.541988039289256207e+00,3.570738427161046502e-10
1.542020950482159147e+00,3.569224915622726257e-10
1.542053854168973892e+00,3.567708906082600606e-10
1.542086750353123703e+00,3.566075212901864688e-10
1.542119639038029399e+00,3.564386008569897513e-10
1.542152520227109136e+00,3.562839467896594670e-10
1.542185393923779069e+00,3.561541894736564018e-10
1.542218260131453134e+00,3.559862959967574625e-10
1.542251118853542380e+00,3.558557337690615441e-10
1.542283970093456080e+00,3.556969996321157623e-10
1.542316813854601065e+00,3.555767902341244735e-10
1.542349650140381279e+00,3.553782823573214955e-10
1.542382478954199110e+00,3.551968164039465137e-10
1.542415300299454284e+00,3.550558458353947344e-10
1.542448114179544083e+00,3.548975835432344184e-10
1.542480920597863792e+00,3.547656057811821029e-10
1.542513719557806029e+00,3.545974902596782385e-10
1.542546511062761416e+00,3.544021187629198266e-10
1.542579295116118354e+00,3.542442728043937450e-10
1.542612071721261913e+00,3.540933657397715706e-10
1.542644840881576718e+00,3.539470105895503593e-10
1.542677602600442954e+00,3.537851678281356271e-10
1.542710356881240363e+00,3.536219650435157291e-10
1.542743103727345133e+00,3.534588177700470624e-10
1.542775843142132119e+00,3.533025538793310716e-10
1.542808575128972404e+00,3.531353820473981386e-10
1.542841299691236845e+00,3.529826986259365640e-10
1.542874016832292305e+00,3.528401182339990783e-10
1.542906726555503871e+00,3.526774428053158772e-10
1.542939428864234852e+00,3.525362779477347885e-10
1.542972123761845449e+00,3.523594749310632324e-10
1.543004811251694308e+00,3.521999913935758286e-10
1.543037491337137190e+00,3.520402858114834999e-10
1.543070164021527635e+00,3.518989821760243331e-10
1.543102829308217849e+00,3.517701130384409680e-10
1.543135487200556266e+00,3.516140434367542866e-10
1.543168137701890208e+00,3.514585567021555335e-10
1.543200780815564555e+00,3.512965751628627231e-10
1.543233416544921077e+00,3.511640978004493263e-10
1.543266044893300437e+00,3.510098878223288921e-10
1.543298665864039743e+00,3.508545676211838327e-10
1.543331279460475436e+00,3.507058532470352930e-10
1.543363885685940184e+00,3.505369883249898066e-10
1.543396484543765546e+00,3.503767276313851653e-10
1.543429076037280190e+00,3.502280410128122412e-10
1.543461660169810346e+00,3.500895406904902529e-10
1.543494236944680464e+00,3.499520118133148117e-10
1.543526806365213222e+00,3.497925560314030236e-10
1.543559368434727297e+00,3.496397615876389864e-10
1.543591923156540924e+00,3.494783351598584886e-10
1.543624470533969451e+00,3.493128841736137247e-10
1.543657010570325339e+00,3.491525957244334677e-10
1.543689543268920161e+00,3.490004951700598212e-10
1.543722068633061939e+00,3.488249689098665840e-10
1.543754586666057360e+00,3.486775035366207476e-10
1.543787097371210670e+00,3.485406407932600814e-10
1.543819600751823229e+00,3.483682231575357946e-10
1.543852096811194619e+00,3.481925026083132479e-10
1.543884585552622868e+00,3.480554733314988880e-10
1.543917066979402675e+00,3.479195820332847688e-10
1.543949541094827183e+00,3.477529930684397641e-10
1.543982007902187092e+00,3.476091636755995751e-10
1.544014467404771107e+00,3.474713294870923619e-10
1.544046919605865265e+00,3.473295817624233450e-10
1.544079364508753605e+00,3.471538334576251827e-10
1.544111802116718390e+00,3.470167486696595915e-10
1.544144232433038777e+00,3.469034226544209787e-10
1.544176655460992365e+00,3.467399700696205400e-10
1.544209071203854533e+00,3.465817632886114552e-10
1.544241479664897998e+00,3.464687425847046143e-10
1.544273880847393920e+00,3.463140330062230987e-10
1.544306274754610797e+00,3.461645137203817058e-10
1.544338661389814904e+00,3.460239317298885453e-10
1.544371040756270741e+00,3.458921482568655392e-10
1.544403412857239921e+00,3.457140684837156641e-10
1.544435777695982726e+00,3.455671859775577559e-10
1.544468135275756548e+00,3.454056762830504113e-10
1.544500485599816564e+00,3.452654828706158696e-10
1.544532828671416391e+00,3.451214591887463712e-10
1.544565164493806986e+00,3.449875385364009617e-10
1.544597493070237304e+00,3.448074881173823769e-10
1.544629814403953860e+00,3.446523622052666269e-10
1.544662128498201170e+00,3.445001783841661336e-10
1.544694435356221751e+00,3.443367535549413105e-10
1.544726734981255456e+00,3.441926743619205808e-10
1.544759027376540583e+00,3.440612239558049623e-10
1.544791312545312767e+00,3.439050155762402028e-10
1.544823590490805643e+00,3.437414519691373016e-10
1.544855861216250625e+00,3.435695061781984805e-10
1.544888124724876910e+00,3.434375839272973963e-10
1.544920381019911915e+00,3.432880646414560033e-10
1.544952630104580615e+00,3.431346040638771910e-10
1.544984871982105767e+00,3.430175032903548527e-10
1.545017106655707462e+00,3.428738404309683574e-10
1.545049334128604679e+00,3.427518269205620527e-10
1.545081554404013957e+00,3.425939809620359711e-10
1.545113767485148948e+00,3.424597549983587896e-10
1.545145973375222193e+00,3.423394623336406539e-10
1.545178172077442902e+00,3.421679328763360672e-10
1.545210363595019398e+00,3.420076166715801946e-10
1.545242547931156896e+00,3.418385297049297833e-10
1.545274725089058832e+00,3.416853189275315117e-10
1.545306895071926645e+00,3.415741300916153023e-10
1.545339057882959555e+00,3.413985483202708338e-10
1.545371213525354337e+00,3.412734261853955786e-10
1.545403362002305991e+00,3.411238513884029544e-10
1.545435503317007297e+00,3.409708071444583766e-10
1.545467637472648592e+00,3.408154036765864703e-10
1.545499764472418436e+00,3.407039927960653358e-10
1.545531884319503391e+00,3.405586923577175185e-10
1.545563997017087576e+00,3.404177217891657392e-10
1.545596102568352670e+00,3.402808868013806887e-10
1.545628200976479238e+00,3.401273429570750295e-10
1.545660292244644740e+00,3.399723003116861264e-10
1.545692376376025079e+00,3.397921666259406948e-10
1.545724453373793938e+00,3.396571635061462757e-10
1.545756523241122338e+00,3.395321801491490987e-10
1.545788585981180185e+00,3.394161340875001542e-10
1.545820641597134504e+00,3.392735259399870529e-10
1.545852690092150095e+00,3.391317782153180360e-10
1.545884731469390427e+00,3.389775959927732174e-10
1.545916765732016529e+00,3.388527236580785029e-10
1.545948792883186762e+00,3.387125024900683457e-10
1.545980812926057935e+00,3.385626501373195651e-10
1.546012825863785300e+00,3.384049429566715617e-10
1.546044831699520561e+00,3.382625013426121541e-10
1.546076830436414529e+00,3.381157298587567084e-10
1.546108822077615574e+00,3.379655721946761560e-10
1.546140806626269848e+00,3.378277657617445584e-10
1.546172784085521279e+00,3.376945112432139240e-10
1.546204754458512021e+00,3.375442425568309091e-10
1.546236717748382450e+00,3.374035217884596705e-10
1.546268673958270057e+00,3.372652712663182228e-10
1.546300623091310333e+00,3.370937418090136362e-10
1.546332565150637661e+00,3.369376722073269548e-10
1.546364500139383313e+00,3.368098855371925993e-10
1.546396428060676786e+00,3.366148748629171905e-10
1.546428348917645801e+00,3.365162593027548610e-10
1.546460262713415190e+00,3.363919975907236903e-10
1.546492169451108678e+00,3.362611855628472313e-10
1.546524069133847545e+00,3.361036449156529216e-10
1.546555961764751075e+00,3.359734712660156219e-10
1.546587847346936107e+00,3.358209266224321254e-10
1.546619725883517926e+00,3.356991906677819770e-10
1.546651597377609377e+00,3.355783706471271444e-10
1.546683461832321083e+00,3.354539424016422799e-10
1.546715319250762333e+00,3.353083366519626907e-10
1.546747169636039754e+00,3.351777189131155410e-10
1.546779012991258195e+00,3.350287547387864606e-10
1.546810849319520065e+00,3.349003019348373300e-10
1.546842678623926215e+00,3.347706556411367274e-10
1.546874500907575500e+00,3.346330434972344392e-10
1.546906316173563445e+00,3.344663712656625876e-10
1.546938124424985794e+00,3.342963406094412449e-10
1.546969925664934298e+00,3.341636134468473074e-10
1.547001719896499150e+00,3.340223375669637562e-10
1.547033507122769436e+00,3.338714027467659662e-10
1.547065287346830686e+00,3.337345400034053000e-10
1.547097060571767768e+00,3.335993703501571872e-10
1.547128826800662438e+00,3.334726939030474568e-10
1.547160586036595120e+00,3.333283371542705709e-10
1.547192338282643798e+00,3.331840914277961474e-10
1.547224083541885120e+00,3.330542230894906197e-10
1.547255821817392629e+00,3.329213849045942197e-10
1.547287553112238534e+00,3.328048392425841939e-10
1.547319277429492823e+00,3.326633968292469490e-10
1.547350994772223709e+00,3.325026365352812263e-10
1.547382705143497184e+00,3.323867292515103600e-10
1.547414408546377018e+00,3.322585262477417700e-10
1.547446104983925430e+00,3.321037334025334076e-10
1.547477794459201750e+00,3.319236552279392072e-10
1.547509476975264864e+00,3.317941477121166827e-10
1.547541152535169884e+00,3.316663055308310959e-10
1.547572821141971033e+00,3.315297480988022016e-10
1.547604482798720094e+00,3.313729290965738983e-10
1.547636137508467069e+00,3.312460583604348585e-10
1.547667785274259522e+00,3.311299290320590671e-10
1.547699426099143682e+00,3.309969798248602046e-10
1.547731059986163338e+00,3.308476270724725055e-10
1.547762686938360277e+00,3.307142892872150242e-10
1.547794306958774069e+00,3.305961615573949075e-10
1.547825920050442949e+00,3.304736484466275215e-10
1.547857526216402935e+00,3.303410600619116622e-10
1.547889125459687376e+00,3.302161044604901008e-10
1.547920717783328515e+00,3.300433260022828108e-10
1.547952303190355927e+00,3.298869510892643575e-10
1.547983881683797858e+00,3.297722372952449632e-10
1.548015453266679886e+00,3.296452832923790766e-10
1.548047017942026260e+00,3.295364259248145800e-10
1.548078575712858784e+00,3.293876837950904246e-10
1.548110126582197044e+00,3.292449091141236295e-10
1.548141670553059512e+00,3.290818728629574252e-10
1.548173207628462222e+00,3.289426508956694306e-10
1.548204737811418763e+00,3.288243011212443889e-10
1.548236261104941391e+00,3.286863836660103289e-10
1.548267777512040366e+00,3.285678673581315934e-10
1.548299287035723282e+00,3.284363891964403592e-10
1.548330789678996622e+00,3.283057992131688252e-10
1.548362285444864650e+00,3.281583060843473731e-10
1.548393774336329187e+00,3.280221927415283290e-10
1.548425256356390500e+00,3.279007898537855681e-10
1.548456731508047080e+00,3.277623172870391954e-10
1.548488199794294973e+00,3.276219295855753444e-10
1.548519661218128896e+00,3.274936155595042919e-10
1.548551115782540899e+00,3.273680493354191867e-10
1.548582563490521702e+00,3.272319637481757582e-10
1.548614004345059358e+00,3.270963777612934109e-10
1.548645438349140591e+00,3.269359782898106914e-10
1.548676865505749900e+00,3.268222914520890754e-10
1.548708285817869790e+00,3.266824588621375369e-10
1.548739699288481431e+00,3.265657466666738173e-10
1.548771105920562885e+00,3.264200854058429968e-10
1.548802505717091327e+00,3.263008752085738706e-10
1.548833898681041266e+00,3.261850234359542355e-10
1.548865284815386101e+00,3.260343384159369862e-10
1.548896664123096345e+00,3.258967540276103136e-10
1.548928036607140957e+00,3.257418224045238730e-10
1.548959402270487118e+00,3.256246661198503034e-10
1.548990761116100456e+00,3.254719549428131131e-10
1.549022113146943269e+00,3.253605440622919787e-10
1.549053458365977409e+00,3.252458025126969687e-10
1.549084796776162065e+00,3.251130475945274156e-10
1.549116128380454871e+00,3.249821522999241097e-10
1.549147453181810796e+00,3.248663837940313215e-10
1.549178771183183700e+00,3.247366542336038719e-10
1.549210082387525667e+00,3.245897994830215794e-10
1.549241386797785669e+00,3.244645663258438617e-10
1.549272684416911794e+00,3.243049162549027642e-10
1.549303975247850351e+00,3.241477364301914577e-10
1.549335259293544320e+00,3.240037960150488061e-10
1.549366536556936680e+00,3.238940782246402250e-10
1.549397807040967079e+00,3.237831391889045562e-10
1.549429070748573833e+00,3.236427514874407052e-10
1.549460327682693261e+00,3.235321732741880396e-10
1.549491577846260126e+00,3.233966150428813080e-10
1.549522821242206305e+00,3.232951961695817999e-10
1.549554057873462787e+00,3.231477307963359635e-10
1.549585287742958117e+00,3.230221090610996271e-10
1.549616510853619067e+00,3.229091993794952486e-10
1.549647727208370851e+00,3.227844935782542279e-10
1.549678936810135799e+00,3.226310885118266469e-10
1.549710139661835795e+00,3.225265332584825728e-10
1.549741335766389394e+00,3.223978861655041328e-10
1.549772525126714262e+00,3.222227207277938987e-10
1.549803707745725845e+00,3.221107547357604517e-10
1.549834883626337145e+00,3.219679800547936566e-10
1.549866052771460501e+00,3.218280364425396556e-10
1.549897215184005361e+00,3.217029420632400161e-10
1.549928370866879401e+00,3.215749333485007355e-10
1.549959519822988963e+00,3.214465083001272205e-10
1.549990662055237722e+00,3.213249388789307659e-10
1.550021797566528248e+00,3.212106691741212217e-10
1.550052926359760885e+00,3.210943178011405053e-10
1.550084048437833983e+00,3.209493781852756911e-10
1.550115163803643892e+00,3.208414089961308946e-10
1.550146272460085850e+00,3.207462906384961343e-10
1.550177374410052211e+00,3.206238607944555952e-10
1.550208469656434218e+00,3.204611576101967785e-10
1.550239558202120893e+00,3.203114717909016917e-10
1.550270640049999260e+00,3.201936216168377314e-10
1.550301715202955233e+00,3.200615328324829534e-10
1.550332783663871838e+00,3.199493170402689657e-10
1.550363845435630772e+00,3.198074582932974863e-10
1.550394900521112174e+00,3.196753139977914770e-10
1.550425948923193520e+00,3.195496367514039093e-10
1.550456990644751176e+00,3.194234876602308759e-10
1.550488025688659288e+00,3.192741349078431767e-10
1.550519054057789781e+00,3.191626685161708110e-10
1.550550075755013912e+00,3.190198660796284003e-10
1.550581090783200056e+00,3.188843911150485155e-10
1.550612099145214584e+00,3.187574926233338601e-10
1.550643100843922984e+00,3.186450547865149474e-10
1.550674095882188075e+00,3.185136876471261758e-10
1.550705084262871125e+00,3.183963370734232967e-10
1.550736065988831847e+00,3.182826502357016807e-10
1.550767041062927287e+00,3.181473973157267210e-10
1.550798009488013607e+00,3.180130880853226927e-10
1.550828971266944745e+00,3.178944885107171103e-10
1.550859926402572642e+00,3.177646479279871983e-10
1.550890874897747240e+00,3.176570395613254050e-10
1.550921816755317373e+00,3.175367468966072693e-10
1.550952751978129207e+00,3.174106810721610827e-10
1.550983680569027801e+00,3.172938300988192850e-10
1.551014602530855990e+00,3.171828910630836162e-10
1.551045517866454615e+00,3.170540774366514825e-10
1.551076426578662959e+00,3.169175755157738195e-10
1.551107328670318530e+00,3.168092732597216354e-10
1.551138224144257283e+00,3.166759909856153854e-10
1.551169113003312505e+00,3.165815665173710158e-10
1.551199995250316599e+00,3.164328243876468605e-10
1.551230870888099078e+00,3.163002637585066168e-10
1.551261739919488569e+00,3.161792216932468591e-10
1.551292602347311700e+00,3.160346428998650481e-10
1.551323458174393100e+00,3.159137673680589842e-10
1.551354307403555399e+00,3.157739347781074457e-10
1.551385150037620120e+00,3.156424566164162115e-10
1.551415986079406339e+00,3.155265215770697296e-10
1.551446815531731360e+00,3.153923511245437794e-10
1.551477638397411152e+00,3.152847982690332174e-10
1.551508454679259241e+00,3.151631178255343002e-10
1.551539264380087380e+00,3.150517624561643970e-10
1.551570067502706651e+00,3.149184246709069157e-10
1.551600864049925033e+00,3.148049321222146091e-10
1.551631654024549167e+00,3.146777838303194130e-10
1.551662437429383479e+00,3.145379234847922589e-10
1.551693214267231946e+00,3.144243754249487210e-10
1.551723984540895218e+00,3.142789084531472099e-10
1.551754748253172611e+00,3.141751858670716047e-10
1.551785505406862331e+00,3.140499527098938870e-10
1.551816256004759920e+00,3.139332682700057831e-10
1.551847000049659586e+00,3.138111992484482471e-10
1.551877737544353764e+00,3.137022863697325192e-10
1.551908468491632442e+00,3.135894044437037564e-10
1.551939192894284947e+00,3.134733583820548120e-10
1.551969910755097937e+00,3.133500958707458039e-10
1.552000622076856962e+00,3.132470671740605894e-10
1.552031326862344907e+00,3.131526427058162199e-10
1.552062025114343768e+00,3.130056214217802335e-10
1.552092716835633324e+00,3.128629022519646696e-10
1.552123402028991350e+00,3.127450798334763249e-10
1.552154080697194738e+00,3.126245096130020329e-10
1.552184752843017712e+00,3.124995817671560872e-10
1.552215418469232944e+00,3.123711844743581878e-10
1.552246077578611327e+00,3.122362646212906157e-10
1.552276730173922425e+00,3.120925740063285048e-10
1.552307376257933580e+00,3.119741964763278474e-10
1.552338015833410578e+00,3.118728608697551863e-10
1.552368648903117210e+00,3.117518743156466599e-10
1.552399275469815709e+00,3.116034097416786608e-10
1.552429895536266535e+00,3.114970503759195708e-10
1.552460509105228592e+00,3.114027091744020481e-10
1.552491116179458341e+00,3.112706481456228857e-10
1.552521716761710913e+00,3.111653712473128053e-10
1.552552310854740103e+00,3.110281199258935203e-10
1.552582898461297489e+00,3.108960588971143579e-10
1.552613479584132650e+00,3.107905321986237368e-10
1.552644054225994275e+00,3.106776225170193584e-10
1.552674622389628167e+00,3.105568580075157570e-10
1.552705184077779466e+00,3.104373702544904745e-10
1.552735739293190864e+00,3.103029500017839837e-10
1.552766288038603726e+00,3.101829071372463886e-10
1.552796830316757193e+00,3.100539269773605611e-10
1.552827366130389075e+00,3.099518697258218936e-10
1.552857895482235406e+00,3.098360457087778741e-10
1.552888418375030444e+00,3.097276879415744588e-10
1.552918934811506446e+00,3.096001233160450283e-10
1.552949444794394562e+00,3.094909051259975286e-10
1.552979948326423498e+00,3.093645062346439545e-10
1.553010445410320628e+00,3.092265887794098944e-10
1.553040936048811327e+00,3.091205347249825763e-10
1.553071420244619860e+00,3.089951350343511649e-10
1.553101898000468051e+00,3.088896638470117750e-10
1.553132369319076167e+00,3.087653188682537575e-10
1.553162834203162923e+00,3.086559896559037952e-10
1.553193292655445701e+00,3.085423305737577948e-10
1.553223744678638996e+00,3.084064115199680600e-10
1.553254190275456859e+00,3.082999688874821231e-10
1.553284629448610898e+00,3.082007427046562498e-10
1.553315062200811170e+00,3.080863064663930118e-10
1.553345488534765950e+00,3.079418386953136633e-10
1.553375908453181964e+00,3.078466370709520561e-10
1.553406321958763936e+00,3.077270382956243111e-10
1.553436729054215482e+00,3.076146837255322453e-10
1.553467129742237995e+00,3.074903109911986121e-10
1.553497524025530874e+00,3.073476195769586639e-10
1.553527911906792625e+00,3.072396226322382518e-10
1.553558293388719314e+00,3.071391196929340595e-10
1.553588668474006118e+00,3.070300680363402535e-10
1.553619037165345551e+00,3.069079712592071019e-10
1.553649399465429237e+00,3.067873455275815786e-10
1.553679755376946137e+00,3.066560061437684226e-10
1.553710104902584765e+00,3.065251108491651166e-10
1.553740448045031419e+00,3.064201392621868081e-10
1.553770784806970173e+00,3.063018172433373820e-10
1.553801115191083770e+00,3.061809694671069337e-10
1.553831439200053621e+00,3.060445230573805020e-10
1.553861756836558916e+00,3.059443254294080816e-10
1.553892068103277513e+00,3.058123476673557661e-10
1.553922373002885493e+00,3.057120945282321145e-10
1.553952671538057384e+00,3.056264685774578993e-10
1.553982963711465493e+00,3.055093955595111765e-10
1.554013249525780793e+00,3.054135833124860255e-10
1.554043528983673150e+00,3.052870456432543733e-10
1.554073802087809542e+00,3.051862651481940247e-10
1.554104068840856057e+00,3.050702745976963115e-10
1.554134329245477231e+00,3.049590580062044864e-10
1.554164583304335379e+00,3.048152008577886818e-10
1.554194831020091705e+00,3.046811691831408098e-10
1.554225072395405194e+00,3.045654839439748685e-10
1.554255307432933719e+00,3.044493546155990771e-10
1.554285536135332713e+00,3.043384155798634083e-10
1.554315758505256939e+00,3.042242013862050953e-10
1.554345974545358500e+00,3.040942775367483364e-10
1.554376184258288607e+00,3.039942186866539942e-10
1.554406387646696475e+00,3.038768958685267307e-10
1.554436584713229763e+00,3.037630702529270366e-10
1.554466775460534134e+00,3.036549900414797776e-10
1.554496959891253693e+00,3.035459383848859716e-10
1.554527138008031217e+00,3.034368312171409343e-10
1.554557309813507926e+00,3.033159556853348704e-10
1.554587475310323041e+00,3.032181450368653941e-10
1.554617634501113788e+00,3.030607431675491625e-10
1.554647787388516278e+00,3.029440309720854430e-10
1.554677933975165072e+00,3.028486905698457576e-10
1.554708074263692730e+00,3.027308681513574129e-10
1.554738208256729814e+00,3.026342787482150243e-10
1.554768335956906222e+00,3.025110162369060163e-10
1.554798457366849629e+00,3.023992445339018786e-10
1.554828572489185934e+00,3.022941341690454919e-10
1.554858681326539926e+00,3.021699279681655526e-10
1.554888783881533731e+00,3.020406702525235687e-10
1.554918880156788807e+00,3.019393901571021388e-10
1.554948970154925059e+00,3.018416627753595094e-10
1.554979053878559725e+00,3.017301686281115281e-10
1.555009131330309380e+00,3.016091543184273860e-10
1.555039202512788599e+00,3.014876959195333939e-10
1.555069267428610402e+00,3.013722327249723776e-10
1.555099326080385813e+00,3.012738947205662043e-10
1.555129378470724966e+00,3.011390581342254791e-10
1.555159424602235330e+00,3.010441618211956438e-10
1.555189464477524153e+00,3.009238136453262769e-10
1.555219498099195352e+00,3.008281956873304352e-10
1.555249525469852623e+00,3.006975224373320543e-10
1.555279546592097439e+00,3.005859172677816105e-10
1.555309561468529722e+00,3.005010962287002485e-10
1.555339570101747837e+00,3.003918780386527487e-10
1.555369572494348374e+00,3.002881832081527591e-10
1.555399568648926367e+00,3.001769666166609341e-10
1.555429558568075299e+00,3.000491244353753473e-10
1.555459542254387317e+00,2.999181736296208101e-10
1.555489519710452129e+00,2.998191694913998617e-10
1.555519490938858551e+00,2.996925763110169783e-10
1.555549455942193848e+00,2.995855230558674975e-10
1.555579414723042619e+00,2.994828551816652862e-10
1.555609367283989464e+00,2.993488512625930298e-10
1.555639313627616316e+00,2.992543157720461977e-10
1.555669253756503334e+00,2.991521752537806833e-10
1.555699187673230011e+00,2.990379888156979860e-10
1.555729115380373395e+00,2.989405667452871285e-10
1.555759036880509205e+00,2.988132241643626230e-10
1.555788952176211604e+00,2.987352587524583214e-10
1.555818861270053199e+00,2.986505764912550376e-10
1.555848764164604825e+00,2.985313940495615270e-10
1.555878660862435980e+00,2.984127112082290978e-10
1.555908551366114168e+00,2.982976643473023159e-10
1.555938435678205556e+00,2.982055713474096592e-10
1.555968313801275205e+00,2.980873603508626957e-10
1.555998185737885287e+00,2.979673729974763319e-10
1.556028051490597530e+00,2.978569058065261288e-10
1.556057911061971666e+00,2.977454394148537631e-10
1.556087764454566091e+00,2.976257296172235556e-10
1.556117611670937206e+00,2.975221735646016441e-10
1.556147452713639856e+00,2.973968016295458483e-10
1.556177287585227997e+00,2.972732893180562996e-10
1.556207116288252701e+00,2.971715651334250197e-10
1.556236938825265037e+00,2.970476364883012366e-10
1.556266755198812968e+00,2.969480217274167444e-10
1.556296565411444011e+00,2.968312262652261779e-10
1.556326369465703685e+00,2.966971945905783059e-10
1.556356167364135734e+00,2.966014378547043862e-10
1.556385959109282791e+00,2.964737344512968775e-10
1.556415744703685267e+00,2.963836120972729304e-10
1.556445524149882687e+00,2.962896872293896422e-10
1.556475297450412576e+00,2.961836054193867085e-10
1.556505064607811128e+00,2.960649225780542793e-10
1.556534825624612539e+00,2.959737177565813226e-10
1.556564580503349893e+00,2.958646383444119010e-10
1.556594329246554720e+00,2.957579736673210391e-10
1.556624071856756997e+00,2.956517530794400272e-10
1.556653808336484257e+00,2.955465039367055624e-10
1.556683538688263813e+00,2.954353151007893530e-10
1.556713262914620532e+00,2.953240985092975279e-10
1.556742981018078176e+00,2.952051936233601737e-10
1.556772693001158281e+00,2.950773514420745869e-10
1.556802398866381720e+00,2.949769040139216258e-10
1.556832098616267368e+00,2.948767618971004367e-10
1.556861792253332322e+00,2.947636579264667489e-10
1.556891479780092347e+00,2.946523303126724613e-10
1.556921161199061876e+00,2.945613197802288141e-10
1.556950836512753122e+00,2.944722521380782609e-10
1.556980505723677854e+00,2.943815469169663857e-10
1.557010168834345620e+00,2.942794341542764869e-10
1.557039825847263526e+00,2.941739907225127126e-10
1.557069476764939120e+00,2.940654664218556036e-10
1.557099121589876622e+00,2.939693488634986807e-10
1.557128760324579808e+00,2.938513044004054109e-10
1.557158392971550231e+00,2.937294019123015687e-10
1.557188019533288337e+00,2.935916232349455868e-10
1.557217640012293014e+00,2.934983089897258424e-10
1.557247254411061377e+00,2.933903398005810459e-10
1.557276862732088984e+00,2.932854514803295842e-10
1.557306464977870064e+00,2.931912490566901397e-10
1.557336061150897510e+00,2.930886366936391596e-10
1.557365651253661776e+00,2.929755049674298562e-10
1.557395235288653090e+00,2.928734199603155730e-10
1.557424813258359242e+00,2.927775799577148064e-10
1.557454385165266464e+00,2.926634212752077246e-10
1.557483951011859657e+00,2.925428510547334326e-10
1.557513510800622836e+00,2.924381570235112804e-10
1.557543064534037569e+00,2.923519759612247526e-10
1.557572612214583874e+00,2.922473651967294472e-10
1.557602153844741322e+00,2.921274333544943147e-10
1.557631689426986599e+00,2.920331476641280233e-10
1.557661218963796168e+00,2.919237074294755985e-10
1.557690742457643607e+00,2.918067454338313382e-10
1.557720259911002048e+00,2.917084906961520119e-10
1.557749771326342625e+00,2.916029639976613907e-10
1.557779276706135363e+00,2.914827268440944863e-10
1.557808776052848287e+00,2.913631280687667413e-10
1.557838269368948092e+00,2.912631802409748616e-10
1.557867756656900138e+00,2.911508534264584114e-10
1.557897237919167566e+00,2.910529872668377038e-10
1.557926713158213294e+00,2.909574803311443247e-10
1.557956182376497578e+00,2.908734364481802004e-10
1.557985645576479783e+00,2.907679097496895793e-10
1.558015102760617054e+00,2.906673790548097713e-10
1.558044553931366316e+00,2.905343465808840620e-10
1.558073999091181605e+00,2.904325668851015507e-10
1.558103438242516514e+00,2.903166318457550688e-10
1.558132871387822194e+00,2.902251217129503402e-10
1.558162298529549350e+00,2.901192897031279472e-10
1.558191719670146025e+00,2.900311657505483254e-10
1.558221134812059594e+00,2.899253614963015480e-10
1.558250543957735879e+00,2.898010720286947617e-10
1.558279947109618924e+00,2.896972661758923095e-10
1.558309344270151442e+00,2.896105022465178536e-10
1.558338735441774592e+00,2.895100825739405082e-10
1.558368120626927755e+00,2.894133543929200414e-10
1.558397499828049426e+00,2.893114914304106833e-10
1.558426873047576322e+00,2.891918093883560914e-10
1.558456240287943162e+00,2.891059058818257199e-10
1.558485601551584665e+00,2.889993522270373205e-10
1.558514956840931776e+00,2.888956296409617153e-10
1.558544306158416326e+00,2.887942107676622072e-10
1.558573649506467262e+00,2.886958172521048027e-10
1.558602986887511976e+00,2.886033911853047584e-10
1.558632318303977193e+00,2.884900096589149143e-10
1.558661643758287640e+00,2.883745742199295137e-10
1.558690963252866712e+00,2.882814265081634630e-10
1.558720276790136028e+00,2.881936356224912288e-10
1.558749584372516095e+00,2.880802540961013847e-10
1.558778886002426090e+00,2.879988192372451294e-10
1.558808181682283189e+00,2.878814409079666348e-10
1.558837471414503462e+00,2.877898752640106750e-10
1.558866755201501197e+00,2.876759386261085183e-10
1.558896033045689800e+00,2.875744087305065477e-10
1.558925304949480450e+00,2.874678273201425327e-10
1.558954570915283444e+00,2.873607463094174364e-10
1.558983830945507520e+00,2.872378723761670472e-10
1.559013085042559421e+00,2.871436699525276026e-10
1.559042333208845443e+00,2.870294002477180584e-10
1.559071575446769442e+00,2.869318116438535071e-10
1.559100811758733940e+00,2.868111859122279839e-10
1.559130042147140793e+00,2.867123760630363449e-10
1.559159266614389638e+00,2.866156478820158782e-10
1.559188485162879001e+00,2.865058468248804502e-10
1.559217697795005408e+00,2.864040393735223233e-10
1.559246904513164722e+00,2.862960701843775269e-10
1.559276105319750805e+00,2.862009795823183822e-10
1.559305300217156409e+00,2.861091918937574974e-10
1.559334489207772290e+00,2.860167935825330687e-10
1.559363672293988756e+00,2.859107117725301350e-10
1.559392849478193455e+00,2.858262793115073919e-10
1.559422020762773142e+00,2.857424852287238082e-10
1.559451186150113466e+00,2.856679059970446133e-10
1.559480345642598298e+00,2.855634895215786173e-10
1.559509499242609953e+00,2.854524949746917173e-10
1.559538646952529195e+00,2.853346448006277569e-10
1.559567788774735897e+00,2.852386105089976809e-10
1.559596924711608157e+00,2.851467395537099492e-10
1.559626054765522296e+00,2.850573666002276241e-10
1.559655178938853970e+00,2.849380731362316510e-10
1.559684297233976835e+00,2.848488112050517884e-10
1.559713409653263216e+00,2.847428404173513172e-10
1.559742516199083662e+00,2.846426983005301281e-10
1.559771616873808275e+00,2.845350066671414879e-10
1.559800711679804941e+00,2.844431634674293718e-10
1.559829800619439988e+00,2.843475732650091459e-10
1.559858883695078635e+00,2.842299451355501105e-10
1.559887960909084992e+00,2.841242241480301800e-10
1.559917032263820946e+00,2.840217783184328937e-10
1.559946097761647943e+00,2.839279922284276836e-10
1.559975157404924540e+00,2.838141111016767582e-10
1.560004211196009738e+00,2.837150236967289629e-10
1.560033259137259654e+00,2.835960355440647618e-10
1.560062301231029736e+00,2.835095491704464621e-10
1.560091337479673435e+00,2.834224244185890029e-10
1.560120367885543535e+00,2.833375478683564097e-10
1.560149392450990380e+00,2.832337142599783419e-10
1.560178411178364088e+00,2.831359591226600969e-10
1.560207424070012339e+00,2.830189971270158367e-10
1.560236431128282142e+00,2.829193546105557289e-10
1.560265432355518289e+00,2.828409451094415772e-10
1.560294427754064905e+00,2.827340861433214059e-10
1.560323417326264783e+00,2.826214540174731837e-10
1.560352401074458495e+00,2.825283895724339800e-10
1.560381379000985724e+00,2.824403766421568207e-10
1.560410351108184823e+00,2.823432876386533508e-10
1.560439317398392367e+00,2.822563849314008166e-10
1.560468277873944043e+00,2.821535782793205271e-10
1.560497232537173540e+00,2.820488287369471436e-10
1.560526181390413658e+00,2.819482980420673357e-10
1.560555124435995200e+00,2.818539290849741974e-10
1.560584061676248746e+00,2.817584499048564339e-10
1.560612993113501545e+00,2.816631927693435955e-10
1.560641918750081514e+00,2.815598310057509934e-10
1.560670838588314124e+00,2.814660449157457833e-10
1.560699752630522852e+00,2.813529687006877111e-10
1.560728660879031171e+00,2.812682586839088117e-10
1.560757563336160114e+00,2.811492150200933793e-10
1.560786460004229825e+00,2.810415511422803547e-10
1.560815350885558894e+00,2.809482368970606103e-10
1.560844235982464356e+00,2.808485666250248869e-10
1.560873115297261915e+00,2.807559462691955332e-10
1.560901988832266607e+00,2.806759547002712907e-10
1.560930856589791027e+00,2.805701226904488976e-10
1.560959718572146437e+00,2.804729504202185808e-10
1.560988574781643878e+00,2.803856036237561966e-10
1.561017425220591726e+00,2.802825471714953665e-10
1.561046269891297467e+00,2.801915088834761036e-10
1.561075108796067257e+00,2.800893128540593580e-10
1.561103941937205919e+00,2.800021048354750519e-10
1.561132769317016722e+00,2.799101783690360890e-10
1.561161590937801824e+00,2.798104525858491343e-10
1.561190406801861386e+00,2.797313769509202075e-10
1.561219216911494900e+00,2.795967901647600229e-10
1.561248021269000086e+00,2.795026710078474252e-10
1.561276819876673327e+00,2.793852371674176993e-10
1.561305612736809678e+00,2.792910624993538704e-10
1.561334399851703081e+00,2.791951392300262569e-10
1.561363181223645480e+00,2.791202269314396744e-10
1.561391956854928154e+00,2.790128128538071905e-10
1.561420726747840604e+00,2.789145858717034798e-10
1.561449490904671000e+00,2.788171638012926223e-10
1.561478249327705958e+00,2.787263198023026689e-10
1.561507002019231427e+00,2.786539887722483400e-10
1.561535748981531135e+00,2.785423003359710492e-10
1.561564490216887924e+00,2.784356911700314186e-10
1.561593225727583523e+00,2.783639985182162491e-10
1.561621955515897220e+00,2.782661046030199259e-10
1.561650679584108081e+00,2.781853358779784458e-10
1.561679397934493396e+00,2.780812802249954530e-10
1.561708110569329344e+00,2.779940166952599157e-10
1.561736817490889884e+00,2.778872965070178225e-10
1.561765518701448974e+00,2.777847951662693049e-10
1.561794214203277686e+00,2.776834873152722594e-10
1.561822903998647316e+00,2.775917551378626058e-10
1.561851588089826270e+00,2.774997454046967960e-10
1.561880266479082735e+00,2.774189211685040846e-10
1.561908939168683563e+00,2.773077323325878751e-10
1.561937606160892722e+00,2.772222729152673537e-10
1.561966267457975066e+00,2.771246565558271868e-10
1.561994923062192564e+00,2.770280393971091826e-10
1.562023572975806296e+00,2.769324769502645722e-10
1.562052217201075788e+00,2.768361373473027243e-10
1.562080855740259455e+00,2.767585327578814258e-10
1.562109488595614604e+00,2.766501472351023949e-10
1.562138115769396540e+00,2.765664919301968894e-10
1.562166737263859684e+00,2.764658224574390033e-10
1.562195353081257121e+00,2.763723416787655651e-10
1.562223963223840606e+00,2.762904627306994598e-10
1.562252567693860117e+00,2.761827710973108196e-10
1.562281166493564966e+00,2.760942585666725790e-10
1.562309759625202243e+00,2.759747708136472966e-10
1.562338347091018820e+00,2.758691608484298285e-10
1.562366928893259566e+00,2.757833128530506883e-10
1.562395505034167575e+00,2.756986305918474045e-10
1.562424075515985722e+00,2.755967121181868151e-10
1.562452640340954879e+00,2.754951822225848446e-10
1.562481199511314589e+00,2.754096672941130919e-10
1.562509753029302839e+00,2.753273165012615209e-10
1.562538300897157173e+00,2.752357786128811767e-10
1.562566843117112692e+00,2.751220362640083295e-10
1.562595379691404052e+00,2.750388250483126740e-10
1.562623910622264134e+00,2.749399041768185725e-10
1.562652435911924487e+00,2.748648253447782963e-10
1.562680955562615548e+00,2.747876648445668479e-10
1.562709469576566645e+00,2.747162775040834504e-10
1.562737977956005109e+00,2.745964566841507803e-10
1.562766480703157379e+00,2.744948435218219629e-10
1.562794977820248565e+00,2.744011406985435997e-10
1.562823469309502222e+00,2.743110461000952682e-10
1.562851955173140794e+00,2.742182869663878364e-10
1.562880435413385838e+00,2.741221138968796822e-10
1.562908910032456467e+00,2.740032645220935592e-10
1.562937379032572016e+00,2.739230786641400073e-10
1.562965842415948714e+00,2.738263504831195405e-10
1.562994300184803009e+00,2.737367554850322904e-10
1.563022752341349353e+00,2.736328663655029914e-10
1.563051198887800641e+00,2.735323911817744147e-10
1.563079639826369327e+00,2.734422688277504676e-10
1.563108075159265642e+00,2.733536452748097645e-10
1.563136504888698930e+00,2.732811754668773574e-10
1.563164929016876981e+00,2.731848358639155094e-10
1.563193347546007139e+00,2.730906056847004493e-10
1.563221760478294309e+00,2.730254355931549526e-10
1.563250167815942726e+00,2.729214632068988067e-10
1.563278569561155074e+00,2.728257897377517338e-10
1.563306965716133146e+00,2.727535419744242517e-10
1.563335356283076516e+00,2.726361081339945258e-10
1.563363741264184537e+00,2.725430714445309377e-10
1.563392120661654783e+00,2.724537817577754595e-10
1.563420494477683498e+00,2.723562486650621395e-10
1.563448862714465815e+00,2.722651826214672610e-10
1.563477225374195090e+00,2.721747549561115420e-10
1.563505582459064014e+00,2.720769998187932970e-10
1.563533933971263501e+00,2.720021985425091771e-10
1.563562279912983355e+00,2.719140468343539396e-10
1.563590620286412491e+00,2.718307245963558216e-10
1.563618955093737828e+00,2.717371883065311522e-10
1.563647284337145393e+00,2.716505353994591587e-10
1.563675608018820107e+00,2.715587477108982739e-10
1.563703926140944667e+00,2.714615476850923415e-10
1.563732238705701771e+00,2.713712865531903162e-10
1.563760545715272121e+00,2.712761126844043247e-10
1.563788847171835306e+00,2.711570967761645079e-10
1.563817143077569582e+00,2.710726365595661491e-10
1.563845433434651433e+00,2.709804047817954142e-10
1.563873718245257338e+00,2.708812063545451565e-10
1.563901997511560671e+00,2.708002988516255982e-10
1.563930271235735692e+00,2.707080948294304790e-10
1.563958539419953553e+00,2.706191382095823883e-10
1.563986802066384962e+00,2.705508872491435568e-10
1.564015059177199740e+00,2.704588497604021313e-10
1.564043310754564597e+00,2.703675894277779435e-10
1.564071556800647800e+00,2.702854051683800662e-10
1.564099797317613838e+00,2.701805723592798358e-10
1.564128032307627203e+00,2.700795698196145622e-10
1.564156261772851275e+00,2.699846457510091113e-10
1.564184485715446993e+00,2.699088452740028288e-10
1.564212704137575072e+00,2.698168355408370189e-10
1.564240917041394674e+00,2.697397027962011862e-10
1.564269124429063629e+00,2.696460277284984386e-10
1.564297326302738655e+00,2.695619838455343142e-10
1.564325522664574475e+00,2.694874601250063506e-10
1.564353713516726474e+00,2.693829881383891234e-10
1.564381898861345821e+00,2.692898959377743040e-10
1.564410078700585460e+00,2.691990519387843506e-10
1.564438253036595006e+00,2.691204759042165051e-10
1.564466421871523405e+00,2.690228595447763382e-10
1.564494585207518718e+00,2.689270750533268028e-10
1.564522743046727227e+00,2.688271827366861544e-10
1.564550895391294549e+00,2.687539912837877409e-10
1.564579042243364304e+00,2.686684208441647570e-10
1.564607183605079443e+00,2.685473232677537681e-10
1.564635319478581144e+00,2.684539812669584080e-10
1.564663449866009914e+00,2.683626654231829889e-10
1.564691574769505156e+00,2.682705169121391009e-10
1.564719694191203603e+00,2.681802557802370757e-10
1.564747808133242657e+00,2.680927979614722290e-10
1.564775916597757277e+00,2.680110855468598174e-10
1.564804019586881090e+00,2.679359512036683100e-10
1.564832117102747278e+00,2.678599841932083336e-10
1.564860209147487247e+00,2.677665866812617423e-10
1.564888295723231071e+00,2.676792953959505894e-10
1.564916376832107714e+00,2.676091293007942795e-10
1.564944452476245473e+00,2.675379917604914226e-10
1.564972522657770204e+00,2.674480914510724006e-10
1.565000587378807539e+00,2.673526400265302527e-10
1.565028646641481780e+00,2.672807253301101582e-10
1.565056700447915006e+00,2.672077004106654385e-10
1.565084748800229297e+00,2.670994814213401014e-10
1.565112791700544959e+00,2.670130505588730330e-10
1.565140829150980961e+00,2.669221232931562326e-10
1.565168861153655389e+00,2.668265053351603910e-10
1.565196887710684326e+00,2.667465137662361485e-10
1.565224908824183636e+00,2.666699083775370127e-10
1.565252924496267406e+00,2.665891396524955326e-10
1.565280934729048390e+00,2.664887477354938028e-10
1.565308939524638676e+00,2.664106990568626543e-10
1.565336938885148133e+00,2.663114451184611653e-10
1.565364932812686405e+00,2.662188525182074272e-10
1.565392921309361585e+00,2.661153519767367470e-10
1.565420904377280209e+00,2.660068554316552536e-10
1.565448882018547705e+00,2.659056030918094393e-10
1.565476854235269055e+00,2.658257225451876593e-10
1.565504821029546578e+00,2.657266906513910953e-10
1.565532782403482370e+00,2.656372066756063077e-10
1.565560738359177417e+00,2.655515529692564769e-10
1.565588688898730707e+00,2.654487185616005718e-10
1.565616634024241005e+00,2.653627595439189690e-10
1.565644573737805079e+00,2.652708608330556217e-10
1.565672508041518585e+00,2.652018327164995526e-10
1.565700436937476292e+00,2.651129871189539244e-10
1.565728360427771193e+00,2.650317465491269786e-10
1.565756278514495614e+00,2.649763186646225677e-10
1.565784191199740771e+00,2.649024888334849948e-10
1.565812098485596104e+00,2.647846109038454188e-10
1.565840000374149943e+00,2.646898533686936617e-10
1.565867896867489950e+00,2.646292629471247437e-10
1.565895787967701791e+00,2.645580143845194243e-10
1.565923673676870687e+00,2.644742758128870719e-10
1.565951553997080303e+00,2.643702756710553103e-10
1.565979428930412976e+00,2.642906449246140710e-10
1.566007298478949705e+00,2.641914187417881976e-10
1.566035162644770828e+00,2.641085683485755453e-10
1.566063021429955127e+00,2.640387075647510073e-10
1.566090874836580049e+00,2.639555518602065831e-10
1.566118722866722157e+00,2.638720353331791557e-10
1.566146565522456902e+00,2.637938201210943134e-10
1.566174402805857957e+00,2.636990903415181720e-10
1.566202234718998110e+00,2.635967832897989638e-10
1.566230061263949036e+00,2.635013041096812003e-10
1.566257882442781524e+00,2.634160389813899883e-10
1.566285698257564363e+00,2.633342155444751143e-10
1.566313508710365898e+00,2.632561946214195814e-10
1.566341313803252699e+00,2.631797835217497550e-10
1.566369113538290447e+00,2.631041773337727818e-10
1.566396907917543713e+00,2.630141382464756816e-10
1.566424696943075956e+00,2.629196860226556964e-10
1.566452480616948639e+00,2.628419981665075511e-10
1.566480258941223003e+00,2.627594530846266707e-10
1.566508031917958732e+00,2.626732720223401429e-10
1.566535799549213959e+00,2.625855921589703712e-10
1.566563561837046592e+00,2.624996886524399997e-10
1.566591318783512321e+00,2.624177264376470475e-10
1.566619070390666169e+00,2.623281591951354130e-10
1.566646816660562047e+00,2.622397576867996349e-10
1.566674557595252093e+00,2.621456107743114217e-10
1.566702293196787776e+00,2.620454686574902325e-10
1.566730023467219901e+00,2.619748307175484570e-10
1.566757748408596607e+00,2.618812111609969406e-10
1.566785468022966477e+00,2.618059380399273550e-10
1.566813182312375652e+00,2.617310812524920038e-10
1.566840891278869607e+00,2.616464822580155669e-10
1.566868594924492930e+00,2.615679339790233371e-10
1.566896293251288652e+00,2.614937433254027610e-10
1.566923986261298474e+00,2.614178595816696316e-10
1.566951673956563207e+00,2.613305960519340942e-10
1.566979356339122553e+00,2.612667582280181477e-10
1.567007033411015104e+00,2.611632576865474675e-10
1.567034705174277676e+00,2.610479055142889138e-10
1.567062371630946638e+00,2.609594484948019044e-10
1.567090032783057030e+00,2.608858684638448722e-10
1.567117688632641892e+00,2.607991045344704162e-10
1.567145339181734487e+00,2.607268845267185498e-10
1.567172984432366079e+00,2.606686810846525759e-10
1.567200624386566377e+00,2.605846372016884516e-10
1.567228259046365091e+00,2.604897686442342319e-10
1.567255888413789489e+00,2.604096382974319113e-10
1.567283512490867059e+00,2.603181004090515671e-10
1.567311131279622627e+00,2.602258963868564479e-10
1.567338744782080795e+00,2.601401316582041545e-10
1.567366353000264834e+00,2.600593629331626744e-10
1.567393955936197125e+00,2.599718496032465964e-10
1.567421553591898054e+00,2.598770920680948393e-10
1.567449145969387780e+00,2.598119774877005739e-10
1.567476733070684691e+00,2.597232706680330239e-10
1.567504314897806506e+00,2.596493020590173728e-10
1.567531891452768944e+00,2.595490766754693368e-10
1.567559462737587506e+00,2.594423564872272436e-10
1.567587028754276135e+00,2.593669445882795799e-10
1.567614589504847444e+00,2.592810965929004396e-10
1.567642144991313380e+00,2.592033532256010631e-10
1.567669695215684111e+00,2.591253878136967614e-10
1.567697240179969587e+00,2.590480885356072349e-10
1.567724779886177089e+00,2.589767844618506842e-10
1.567752314336314567e+00,2.588808889480986863e-10
1.567779843532387529e+00,2.587994540892424311e-10
1.567807367476400593e+00,2.587248193464120050e-10
1.567834886170357711e+00,2.586510172708500477e-10
1.567862399616261060e+00,2.585859859571826291e-10
1.567889907816111927e+00,2.584900071767037844e-10
1.567917410771910713e+00,2.584083225176669885e-10
1.567944908485656486e+00,2.583388780674766849e-10
1.567972400959346979e+00,2.582498381809017474e-10
1.567999888194978819e+00,2.581858893346833383e-10
1.568027370194547965e+00,2.581046765204320081e-10
1.568054846960048376e+00,2.580081703840164664e-10
1.568082318493473792e+00,2.579338409525178122e-10
1.568109784796816397e+00,2.578394997510002895e-10
1.568137245872067043e+00,2.577634494738134663e-10
1.568164701721215470e+00,2.576858726399677835e-10
1.568192152346250756e+00,2.575980817542955492e-10
1.568219597749160643e+00,2.575226420997722698e-10
1.568247037931931542e+00,2.574352675477342700e-10
1.568274472896548311e+00,2.573440072151100821e-10
1.568301902644995804e+00,2.572692059388259622e-10
1.568329327179257104e+00,2.572020374458361403e-10
1.568356746501314181e+00,2.571421964248088443e-10
1.568384160613147449e+00,2.570334223239711946e-10
1.568411569516737103e+00,2.569569002019989057e-10
1.568438973214061560e+00,2.568738000086057127e-10
1.568466371707097906e+00,2.567891455029780445e-10
1.568493764997823003e+00,2.567023815736035885e-10
1.568521153088212161e+00,2.566271639636852342e-10
1.568548535980238912e+00,2.565429257916918004e-10
1.568575913675876787e+00,2.564758960765800566e-10
1.568603286177097100e+00,2.563957934853533516e-10
1.568630653485870941e+00,2.563104173347596770e-10
1.568658015604167844e+00,2.562352552359925539e-10
1.568685372533956013e+00,2.561516831978138953e-10
1.568712724277203208e+00,2.560583689525941509e-10
1.568740070835875411e+00,2.559611689267882184e-10
1.568767412211937939e+00,2.558894207638218177e-10
1.568794748407354334e+00,2.558243339390031679e-10
1.568822079424088134e+00,2.557250800006016789e-10
1.568849405264100660e+00,2.556425349187207985e-10
1.568876725929352567e+00,2.555655131963874283e-10
1.568904041421803841e+00,2.554695621714841991e-10
1.568931351743412250e+00,2.553817157746607336e-10
1.568958656896135562e+00,2.553077194100694669e-10
1.568985956881929988e+00,2.552062727811943432e-10
1.569013251702750633e+00,2.551305278153392919e-10
1.569040541360550822e+00,2.550588629190997381e-10
1.569067825857284548e+00,2.549961353182084167e-10
1.569095105194902695e+00,2.549042921184963006e-10
1.569122379375356369e+00,2.548291022641535619e-10
1.569149648400595121e+00,2.547457245150042127e-10
1.569176912272567170e+00,2.546695354599393113e-10
1.569204170993219849e+00,2.545933741604500256e-10
1.569231424564499600e+00,2.545208488413663872e-10
1.569258672988351755e+00,2.544486565891901364e-10
1.569285916266719649e+00,2.543804888954781518e-10
1.569313154401546839e+00,2.543254218334567440e-10
1.569340387394775105e+00,2.542441535080541826e-10
1.569367615248345116e+00,2.541556409774159420e-10
1.569394837964196432e+00,2.540893884184214357e-10
1.569422055544267502e+00,2.540307408871456119e-10
1.569449267990495889e+00,2.539690124869764531e-10
1.569476475304818264e+00,2.538742827074003117e-10
1.569503677489169302e+00,2.537889898235334840e-10
1.569530874545483456e+00,2.536905130412492326e-10
1.569558066475693625e+00,2.536136578523695562e-10
1.569585253281732262e+00,2.535373577750021923e-10
1.569612434965529602e+00,2.534485676886077954e-10
1.569639611529015877e+00,2.533563359108370605e-10
1.569666782974119768e+00,2.532552778600205556e-10
1.569693949302768399e+00,2.531713172437832782e-10
1.569721110516888896e+00,2.530911868969809575e-10
1.569748266618406607e+00,2.530173570658433846e-10
1.569775417609245549e+00,2.529269571560632812e-10
1.569802563491329073e+00,2.528397768930545908e-10
1.569829704266579640e+00,2.527469622481959277e-10
1.569856839936918158e+00,2.526720777051849609e-10
1.569883970504264425e+00,2.525966102950860659e-10
1.569911095970537795e+00,2.525393227870154078e-10
1.569938216337655401e+00,2.524761788524898520e-10
1.569965331607535042e+00,2.524009057314202664e-10
1.569992441782091408e+00,2.523297959466930251e-10
1.570019546863239857e+00,2.522320685649503957e-10
1.570046646852893302e+00,2.521688413636979931e-10
1.570073741752964658e+00,2.520945951989261857e-10
1.570100831565364841e+00,2.520445796516668224e-10
1.570127916292004766e+00,2.519778552478868505e-10
1.570154995934792908e+00,2.519086050867258564e-10
1.570182070495637738e+00,2.518202590895413095e-10
1.570209139976446400e+00,2.517351604947037913e-10
1.570236204379124922e+00,2.516623021087127654e-10
1.570263263705578227e+00,2.515838648520229981e-10
1.570290317957709902e+00,2.514998764802101050e-10
1.570317367137423092e+00,2.514024266542236319e-10
1.570344411246618943e+00,2.513119712332922973e-10
1.570371450287198600e+00,2.512312302638264327e-10
1.570398484261061434e+00,2.511589269893477194e-10
1.570425513170105924e+00,2.510956442769440855e-10
1.570452537016229666e+00,2.509968621833280622e-10
1.570479555801329141e+00,2.509258079097520522e-10
1.570506569527299057e+00,2.508634133757681184e-10
1.570533578196034119e+00,2.507848650967758886e-10
1.570560581809427481e+00,2.507199725609865482e-10
1.570587580369370961e+00,2.506525542678161855e-10
1.570614573877756159e+00,2.505676777175835923e-10
1.570641562336472452e+00,2.504893792387719031e-10
1.570668545747409217e+00,2.503703633305320864e-10
1.570695524112454056e+00,2.502977547447216011e-10
1.570722497433494125e+00,2.502131835058207798e-10
1.570749465712414583e+00,2.501502616159001491e-10
1.570776428951100590e+00,2.500867013477403589e-10
1.570803387151435748e+00,2.500147311401690331e-10
1.570830340315302331e+00,2.499286055890337366e-10
1.570857288444582167e+00,2.498740381273734101e-10
1.570884231541155751e+00,2.498055928779052692e-10
1.570911169606902247e+00,2.497341222706950248e-10
1.570938102643700152e+00,2.496532702789266978e-10
1.570965030653426853e+00,2.495853801409708694e-10
1.570991953637958627e+00,2.495010031910993575e-10
1.571018871599170419e+00,2.494121298379781138e-10
1.571045784538936507e+00,2.493179829254899005e-10
1.571072692459130282e+00,2.492457074065868028e-10
1.571099595361623580e+00,2.491566397644362496e-10
1.571126493248287570e+00,2.490795625309516481e-10
1.571153386120991868e+00,2.489999040289347931e-10
1.571180273981605646e+00,2.489180805920199191e-10
1.571207156831996965e+00,2.488348693763242636e-10
1.571234034674032332e+00,2.487431094433389944e-10
1.571260907509578031e+00,2.486768291287688726e-10
1.571287775340497905e+00,2.486168770854391141e-10
1.571314638168656685e+00,2.485497363480249078e-10
1.571341495995916437e+00,2.484766004062777256e-10
1.571368348824138783e+00,2.484095984467415974e-10
1.571395196655184678e+00,2.483308281231444425e-10
1.571422039490913525e+00,2.482699601458193683e-10
1.571448877333183614e+00,2.482054006769374155e-10
1.571475710183852792e+00,2.481244931740178572e-10
1.571502538044777131e+00,2.480591843045942824e-10
1.571529360917812257e+00,2.479682847944530977e-10
1.571556178804812687e+00,2.478962590757305406e-10
1.571582991707631383e+00,2.478126592819762664e-10
1.571609799628120641e+00,2.477591465321893338e-10
1.571636602568132313e+00,2.476891469704867177e-10
1.571663400529516030e+00,2.476218396996188176e-10
1.571690193514121203e+00,2.475500637810768012e-10
1.571716981523796131e+00,2.474883353809076425e-10
1.571743764560387779e+00,2.474046800760021370e-10
1.571770542625742673e+00,2.472949622855935559e-10
1.571797315721705335e+00,2.472203552983387453e-10
1.571824083850120068e+00,2.471365889711307773e-10
1.571850847012830066e+00,2.470622317840565074e-10
1.571877605211676965e+00,2.469695281615003069e-10
1.571904358448502403e+00,2.469025539575397943e-10
1.571931106725145577e+00,2.468169557623411947e-10
1.571957850043445903e+00,2.467427651087206186e-10
1.571984588405241023e+00,2.466699899894564396e-10
1.572011321812368578e+00,2.465949389129917790e-10
1.572038050266663545e+00,2.465308790444709075e-10
1.572064773769960899e+00,2.464572990135138753e-10
1.572091492324094952e+00,2.463781123562824860e-10
1.572118205930898238e+00,2.463149129106056989e-10
1.572144914592202625e+00,2.462453574381129329e-10
1.572171618309838870e+00,2.461773007667034108e-10
1.572198317085636843e+00,2.461066073156104039e-10
1.572225010921424859e+00,2.460344983301610000e-10
1.572251699819031234e+00,2.459563108736517734e-10
1.572278383780282285e+00,2.458976633423759495e-10
1.572305062807004106e+00,2.458097891899768683e-10
1.572331736901020793e+00,2.457425374302601995e-10
1.572358406064156666e+00,2.456773118275634715e-10
1.572385070298234266e+00,2.456195802302829634e-10
1.572411729605075026e+00,2.455515513144490569e-10
1.572438383986499710e+00,2.454696168552317204e-10
1.572465033444327975e+00,2.453963421356064600e-10
1.572491677980378366e+00,2.453175163008580739e-10
1.572518317596468762e+00,2.452222036541940042e-10
1.572544952294415266e+00,2.451573388739802795e-10
1.572571582076034202e+00,2.450843972212624067e-10
1.572598206943139676e+00,2.450022407174401451e-10
1.572624826897545347e+00,2.449269398407949438e-10
1.572651441941063988e+00,2.448455327375143042e-10
1.572678052075507260e+00,2.447653191239851367e-10
1.572704657302685494e+00,2.446981506309953147e-10
1.572731257624408352e+00,2.446201852190910131e-10
1.572757853042484832e+00,2.445234292824949307e-10
1.572784443558721712e+00,2.444458802042248635e-10
1.572811029174926434e+00,2.443769075988200257e-10
1.572837609892903998e+00,2.443076019265078003e-10
1.572864185714459406e+00,2.442515911749154611e-10
1.572890756641396104e+00,2.441820079468470794e-10
1.572917322675516649e+00,2.441084834270412784e-10
1.572943883818622712e+00,2.440420643345930785e-10
1.572970440072514853e+00,2.439683732813335837e-10
1.572996991438992742e+00,2.439009827437388367e-10
1.573023537919855164e+00,2.438438895246974880e-10
1.573050079516899347e+00,2.437808566124743948e-10
1.573076616231922298e+00,2.436985890863496707e-10
1.573103148066719470e+00,2.436434942687526473e-10
1.573129675023085650e+00,2.435718848836643247e-10
1.573156197102814735e+00,2.434977219856193642e-10
1.573182714307698626e+00,2.434262513784091198e-10
1.573209226639529890e+00,2.433348800234824694e-10
1.573235734100098870e+00,2.432659629292288628e-10
1.573262236691195026e+00,2.431959078563750154e-10
1.573288734414607815e+00,2.431021495219454209e-10
1.573315227272124250e+00,2.430380063866977025e-10
1.573341715265531571e+00,2.429652035118579079e-10
1.573368198396615014e+00,2.428895418127297035e-10
1.573394676667160041e+00,2.428284240352240886e-10
1.573421150078949893e+00,2.427354706124873474e-10
1.573447618633767808e+00,2.426777112596312236e-10
1.573474082333395474e+00,2.426142620137738959e-10
1.573500541179613910e+00,2.425210310352809984e-10
1.573526995174203025e+00,2.424627165709125620e-10
1.573553444318941175e+00,2.423831690911981696e-10
1.573579888615606936e+00,2.422969880289116418e-10
1.573606328065977111e+00,2.422346767616545549e-10
1.573632762671827390e+00,2.421741973623880995e-10
1.573659192434933018e+00,2.420873501662867966e-10
1.573685617357067912e+00,2.420035838390788285e-10
1.573712037440005762e+00,2.419459910196763985e-10
1.573738452685517597e+00,2.418791833491695797e-10
1.573764863095375111e+00,2.418101552326135106e-10
1.573791268671348442e+00,2.417367694906857878e-10
1.573817669415206622e+00,2.416536415417169792e-10
1.573844065328717789e+00,2.415935784760847582e-10
1.573870456413649643e+00,2.415262989607924737e-10
1.573896842671767660e+00,2.414601574241004300e-10
1.573923224104837759e+00,2.413943211987401583e-10
1.573949600714624086e+00,2.413198807449390415e-10
1.573975972502889453e+00,2.412399724427416459e-10
1.574002339471397116e+00,2.411739141727764490e-10
1.574028701621907889e+00,2.411034705218639829e-10
1.574055058956182584e+00,2.410270039110429252e-10
1.574081411475980241e+00,2.409636101763368288e-10
1.574107759183060118e+00,2.408812593834852578e-10
1.574134102079179032e+00,2.408258870101320781e-10
1.574160440166093800e+00,2.407584964725373311e-10
1.574186773445560128e+00,2.406713717206798719e-10
1.574213101919332614e+00,2.405831645013734033e-10
1.574239425589165187e+00,2.405182164544328316e-10
1.574265744456810445e+00,2.404465793137688934e-10
1.574292058524020099e+00,2.403886811830346915e-10
1.574318367792544970e+00,2.403114929272476274e-10
1.574344672264135214e+00,2.402393839417982235e-10
1.574370971940539210e+00,2.401637777538212504e-10
1.574397266823505559e+00,2.401082388470143769e-10
1.574423556914781086e+00,2.400458998241816744e-10
1.574449842216111284e+00,2.399830334454122749e-10
1.574476122729242089e+00,2.399052623225372827e-10
1.574502398455917218e+00,2.398421183880117269e-10
1.574528669397879721e+00,2.397689824462645447e-10
1.574554935556871982e+00,2.396987608399570036e-10
1.574581196934635496e+00,2.396328691034455005e-10
1.574607453532910428e+00,2.395506015773207764e-10
1.574633705353435831e+00,2.394787979032031444e-10
1.574659952397950757e+00,2.394345000045206007e-10
1.574686194668192263e+00,2.393817921664265214e-10
1.574712432165897180e+00,2.393001352629653411e-10
1.574738664892801010e+00,2.392177289589625389e-10
1.574764892850638365e+00,2.391405684587510905e-10
1.574791116041142969e+00,2.390662667828280519e-10
1.574817334466047214e+00,2.389914655065439320e-10
1.574843548127083492e+00,2.389126674273711615e-10
1.574869757025982420e+00,2.388583497658913757e-10
1.574895961164473945e+00,2.388024222810258834e-10
1.574922160544286909e+00,2.387327002750794236e-10
1.574948355167149261e+00,2.386753017447063030e-10
1.574974545034788731e+00,2.385953379313576761e-10
1.575000730148931050e+00,2.385109887370617798e-10
1.575026910511301281e+00,2.384435149327401859e-10
1.575053086123623824e+00,2.383644392978112592e-10
1.575079256987622189e+00,2.382697372738107333e-10
1.575105423105018554e+00,2.382068986506169495e-10
1.575131584477534430e+00,2.381565222808745830e-10
1.575157741106890663e+00,2.380986519057159967e-10
1.575183892994806545e+00,2.380254326972419676e-10
1.575210040143000700e+00,2.379458574619519595e-10
1.575236182553190867e+00,2.378752750331614152e-10
1.575262320227093893e+00,2.378160168792220475e-10
1.575288453166425739e+00,2.377602281722346333e-10
1.575314581372901479e+00,2.376854546515261291e-10
1.575340704848234408e+00,2.376188967811998509e-10
1.575366823594138266e+00,2.375419305700177119e-10
1.575392937612325017e+00,2.374681284944557547e-10
1.575419046904505738e+00,2.374074548061599899e-10
1.575445151472390837e+00,2.373504448538454881e-10
1.575471251317689836e+00,2.372700647068626267e-10
1.575497346442110924e+00,2.372017304796969484e-10
1.575523436847361403e+00,2.371302043613354726e-10
1.575549522535148128e+00,2.370520724159774772e-10
1.575575603507176625e+00,2.369739682261950975e-10
1.575601679765151752e+00,2.368950036135686332e-10
1.575627751310777036e+00,2.368328588797652401e-10
1.575653818145755558e+00,2.367559204241587167e-10
1.575679880271789512e+00,2.366928320007843922e-10
1.575705937690579095e+00,2.366301043998930709e-10
1.575731990403825167e+00,2.365681539551189871e-10
1.575758038413226814e+00,2.364987095049286836e-10
1.575784081720482233e+00,2.364335116578075713e-10
1.575810120327288510e+00,2.363557960460838103e-10
1.575836154235342290e+00,2.362908757547188543e-10
1.575862183446339104e+00,2.362388340504395501e-10
1.575888207961973597e+00,2.361793816074708730e-10
1.575914227783939081e+00,2.360937834122722734e-10
1.575940242913928646e+00,2.360301676329612519e-10
1.575966253353633828e+00,2.359709094790218842e-10
1.575992259104745941e+00,2.358911677102781823e-10
1.576018260168954965e+00,2.358405692959308908e-10
1.576044256547949551e+00,2.357892492366175929e-10
1.576070248243418348e+00,2.357330441959959444e-10
1.576096235257048450e+00,2.356486394905488169e-10
1.576122217590526287e+00,2.355826089761592357e-10
1.576148195245537176e+00,2.355130812592420853e-10
1.576174168223765548e+00,2.354399175619192874e-10
1.576200136526895612e+00,2.353858497006200423e-10
1.576226100156609355e+00,2.353203465421671581e-10
1.576252059114588988e+00,2.352489869572593761e-10
1.576278013402515166e+00,2.351805972189424665e-10
1.576303963022068322e+00,2.351112360354790098e-10
1.576329907974926892e+00,2.350235561721092381e-10
1.576355848262769976e+00,2.349524741429576125e-10
1.576381783887274013e+00,2.348818362030158369e-10
1.576407714850115882e+00,2.347999850105253472e-10
1.576433641152970688e+00,2.347436689476012361e-10
1.576459562797513092e+00,2.346680072484730317e-10
1.576485479785416866e+00,2.346081384718701202e-10
1.576511392118354893e+00,2.345443839146810205e-10
1.576537299797998948e+00,2.344960059463829793e-10
1.576563202826019694e+00,2.344129057529897864e-10
1.576589101204087573e+00,2.343439886587361798e-10
1.576614994933871694e+00,2.342609994876454493e-10
1.576640884017040056e+00,2.341917215709088396e-10
1.576666768455260437e+00,2.341222493651429204e-10
1.576692648250198836e+00,2.340609928097592274e-10
1.576718523403521033e+00,2.340119764632220267e-10
1.576744393916891696e+00,2.339620164271138947e-10
1.576770259791974826e+00,2.338892135522741000e-10
1.576796121030433318e+00,2.338160220993756866e-10
1.576821977633928729e+00,2.337544047215089904e-10
1.576847829604122175e+00,2.336796312008004861e-10
1.576873676942674107e+00,2.336143778425281425e-10
1.576899519651244086e+00,2.335471538383870893e-10
1.576925357731490340e+00,2.334858695274277807e-10
1.576951191185069989e+00,2.334236692824731563e-10
1.576977020013640374e+00,2.333635229501140884e-10
1.577002844218856614e+00,2.332870563392930308e-10
1.577028663802374053e+00,2.332257165171824909e-10
1.577054478765846035e+00,2.331639048502864853e-10
1.577080289110926570e+00,2.331015103163025515e-10
1.577106094839267003e+00,2.330446946530173591e-10
1.577131895952519125e+00,2.329682280421963014e-10
1.577157692452333171e+00,2.329038628623436580e-10
1.577183484340358932e+00,2.328481019109318595e-10
1.577209271618244424e+00,2.327824877301765127e-10
1.577235054287638327e+00,2.327109754896028448e-10
1.577260832350186881e+00,2.326421277842882773e-10
1.577286605807536324e+00,2.325790809942773762e-10
1.577312374661332006e+00,2.325123982238608278e-10
1.577338138913217502e+00,2.324463954650468622e-10
1.577363898564836608e+00,2.323696512984696483e-10
1.577389653617832010e+00,2.322937536769487110e-10
1.577415404073844840e+00,2.322304570867572693e-10
1.577441149934516229e+00,2.321823566742153844e-10
1.577466891201485755e+00,2.321246528325104919e-10
1.577492627876392772e+00,2.320590386517551451e-10
1.577518359960874639e+00,2.319830577635073610e-10
1.577544087456569377e+00,2.319118369564776572e-10
1.577569810365112790e+00,2.318191333339214566e-10
1.577595528688140458e+00,2.317642189275659348e-10
1.577621242427287296e+00,2.317063901857707720e-10
1.577646951584186885e+00,2.316358355125558433e-10
1.577672656160471476e+00,2.315750369241698081e-10
1.577698356157773762e+00,2.315230923644051586e-10
1.577724051577724662e+00,2.314645280998561816e-10
1.577749742421953982e+00,2.313913505247455760e-10
1.577775428692091753e+00,2.313343128168554585e-10
1.577801110389766004e+00,2.312729174835936874e-10
1.577826787516604545e+00,2.312118829728149194e-10
1.577852460074234076e+00,2.311364433182916400e-10
1.577878128064280405e+00,2.310639179992080017e-10
1.577903791488368457e+00,2.309932384259028026e-10
1.577929450348122931e+00,2.309400171096598342e-10
1.577955104645166307e+00,2.308711277709818432e-10
1.577980754381121509e+00,2.307971036508149609e-10
1.578006399557610129e+00,2.307327107153867018e-10
1.578032040176252204e+00,2.306660001893945378e-10
1.578057676238668661e+00,2.306033419774422555e-10
1.578083307746477315e+00,2.305285684567337512e-10
1.578108934701297095e+00,2.304731960833805715e-10
1.578134557104744706e+00,2.304221813353990456e-10
1.578160174958436635e+00,2.303585516783002163e-10
1.578185788263988698e+00,2.302889406946562190e-10
1.578211397023015161e+00,2.302081858474025466e-10
1.578237001237130066e+00,2.301406704097175293e-10
1.578262600907946345e+00,2.300781787312189408e-10
1.578288196037075819e+00,2.300237084140732691e-10
1.578313786626129867e+00,2.299577611664105348e-10
1.578339372676718755e+00,2.299061219179776572e-10
1.578364954190452085e+00,2.298376350351460928e-10
1.578390531168938571e+00,2.297849271970520135e-10
1.578416103613785815e+00,2.297204787504725232e-10
1.578441671526600754e+00,2.296402096257921244e-10
1.578467234908989436e+00,2.295937190366359459e-10
1.578492793762557689e+00,2.295421908105055309e-10
1.578518348088908896e+00,2.294867629260011199e-10
1.578543897889647329e+00,2.294256451484955051e-10
1.578569443166375263e+00,2.293548961862512670e-10
1.578594983920694972e+00,2.292787210089741734e-10
1.578620520154206508e+00,2.291990208735938950e-10
1.578646051868511035e+00,2.291435791113016762e-10
1.578671579065207276e+00,2.290832523677011068e-10
1.578697101745893727e+00,2.290001105409444904e-10
1.578722619912167779e+00,2.289369249730555111e-10
1.578748133565626377e+00,2.288719630483271317e-10
1.578773642707865799e+00,2.288167016972764145e-10
1.578799147340480102e+00,2.287370987064107908e-10
1.578824647465064235e+00,2.286711375809602487e-10
1.578850143083211144e+00,2.286032751985800360e-10
1.578875634196513555e+00,2.285432815218868541e-10
1.578901120806563307e+00,2.284794020646074841e-10
1.578926602914950683e+00,2.284197136992460742e-10
1.578952080523265966e+00,2.283518651946536693e-10
1.578977553633098330e+00,2.282918576401726796e-10
1.579003022246035615e+00,2.282307676182426803e-10
1.579028486363665884e+00,2.281776156909387510e-10
1.579053945987575425e+00,2.281172611917625659e-10
1.579079401119349635e+00,2.280605565507798360e-10
1.579104851760574135e+00,2.279973432273152412e-10
1.579130297912832548e+00,2.279299249341448785e-10
1.579155739577708495e+00,2.278672389666169806e-10
1.579181176756783822e+00,2.277865396305145396e-10
1.579206609451640375e+00,2.277312366461003990e-10
1.579232037663859112e+00,2.276627220076932190e-10
1.579257461395019657e+00,2.276026866976366136e-10
1.579282880646701193e+00,2.275553356856363507e-10
1.579308295420481789e+00,2.275022115139080370e-10
1.579333705717938852e+00,2.274347238317986353e-10
1.579359111540649119e+00,2.273592564216997403e-10
1.579384512890188663e+00,2.273098237415283052e-10
1.579409909768131337e+00,2.272373678113837059e-10
1.579435302176052103e+00,2.271726140534724436e-10
1.579460690115523702e+00,2.271073190618366766e-10
1.579486073588119099e+00,2.270655469205351551e-10
1.579511452595409260e+00,2.270118260039311053e-10
1.579536827138964927e+00,2.269372051388884870e-10
1.579562197220356623e+00,2.268775584068905005e-10
1.579587562841152870e+00,2.268227133894740177e-10
1.579612924002922192e+00,2.267550730516987301e-10
1.579638280707232001e+00,2.266976328879621860e-10
1.579663632955648600e+00,2.266504622872034247e-10
1.579688980749738292e+00,2.265941184687036980e-10
1.579714324091065603e+00,2.265348325591887146e-10
1.579739662981194837e+00,2.264608361945974480e-10
1.579764997421689188e+00,2.263841059058080418e-10
1.579790327414111406e+00,2.263298715110551029e-10
1.579815652960022909e+00,2.262539045005951266e-10
1.579840974060984671e+00,2.261910936329769584e-10
1.579866290718556110e+00,2.261252018964654553e-10
1.579891602934297756e+00,2.260647363749868077e-10
1.579916910709766587e+00,2.260033826750884600e-10
1.579942214046520910e+00,2.259441245211490923e-10
1.579967512946117258e+00,2.258548903455448453e-10
1.579992807410111499e+00,2.257994485832526266e-10
1.580018097440058833e+00,2.257388442838959008e-10
1.580043383037513571e+00,2.256728415250819353e-10
1.580068664204029139e+00,2.256185238636021495e-10
1.580093940941158071e+00,2.255567677078573752e-10
1.580119213250452015e+00,2.254964270864689979e-10
1.580144481133462619e+00,2.254319231287382763e-10
1.580169744591739533e+00,2.253752323655433543e-10
1.580195003626832628e+00,2.253081610170681870e-10
1.580220258240289777e+00,2.252509151423609524e-10
1.580245508433659296e+00,2.251791669793945516e-10
1.580270754208487727e+00,2.251232533723168672e-10
1.580295995566322054e+00,2.250648278856459683e-10
1.580321232508706153e+00,2.250098579681392152e-10
1.580346465037186121e+00,2.249625208339267601e-10
1.580371693153304280e+00,2.248962405193566383e-10
1.580396916858604728e+00,2.248336100629799716e-10
1.580422136154628676e+00,2.247786679010488342e-10
1.580447351042917559e+00,2.247324271120731964e-10
1.580472561525011921e+00,2.246583336029672751e-10
1.580497767602451864e+00,2.245992974936328324e-10
1.580522969276775713e+00,2.245494484798271628e-10
1.580548166549521349e+00,2.244973651421844352e-10
1.580573359422226654e+00,2.244278096696916691e-10
1.580598547896427508e+00,2.243752683650512836e-10
1.580623731973659796e+00,2.243046443028973158e-10
1.580648911655458511e+00,2.242402236118934411e-10
1.580674086943357093e+00,2.241584556861297983e-10
1.580699257838889205e+00,2.241099389399536790e-10
1.580724424343587398e+00,2.240616164828068690e-10
1.580749586458982892e+00,2.240055363422754908e-10
1.580774744186606906e+00,2.239169127893347877e-10
1.580799897527989106e+00,2.238543239663215445e-10
1.580825046484658714e+00,2.237858509612777880e-10
1.580850191058144283e+00,2.237285218198437065e-10
1.580875331249973481e+00,2.236543034106475147e-10
1.580900467061673087e+00,2.235842483377936674e-10
1.580925598494769213e+00,2.235256701954568825e-10
1.580950725550786640e+00,2.234787910282420853e-10
1.580975848231250147e+00,2.234101653675324428e-10
1.581000966537683627e+00,2.233542240048791427e-10
1.581026080471609196e+00,2.233088852721110129e-10
1.581051190034549636e+00,2.232444090699559069e-10
1.581076295228025508e+00,2.231859835832850081e-10
1.581101396053558039e+00,2.231208134917395114e-10
1.581126492512666237e+00,2.230708950889948028e-10
1.581151584606869109e+00,2.230001461267505647e-10
1.581176672337684552e+00,2.229314927104653066e-10
1.581201755706630463e+00,2.228726370123723655e-10
1.581226834715222962e+00,2.228054268860191200e-10
1.581251909364977282e+00,2.227483753003411948e-10
1.581276979657409321e+00,2.226825945861321543e-10
1.581302045594032313e+00,2.226359929746735133e-10
1.581327107176359936e+00,2.225728212845723419e-10
1.581352164405904981e+00,2.225205436579003049e-10
1.581377217284178460e+00,2.224680578644111506e-10
1.581402265812692276e+00,2.224086192992302813e-10
1.581427309992956109e+00,2.223481676555394415e-10
1.581452349826479198e+00,2.222897144132929270e-10
1.581477385314770334e+00,2.222332456947029300e-10
1.581502416459337201e+00,2.221798578450062678e-10
1.581527443261687038e+00,2.221053618800539198e-10
1.581552465723325973e+00,2.220382766537909447e-10
1.581577483845759691e+00,2.219788658441856910e-10
1.581602497630492543e+00,2.219168043771091448e-10
1.581627507079028661e+00,2.218719791224899041e-10
1.581652512192870841e+00,2.218186467839444731e-10
1.581677512973522104e+00,2.217591388298245647e-10
1.581702509422483249e+00,2.216930805598593679e-10
1.581727501541255743e+00,2.216217209749515860e-10
1.581752489331338829e+00,2.215632399771294558e-10
1.581777472794231976e+00,2.215055222576367555e-10
1.581802451931434206e+00,2.214520233856376308e-10
1.581827426744442544e+00,2.213904476411343580e-10
1.581852397234753793e+00,2.213280392293626164e-10
1.581877363403864534e+00,2.212741934126682963e-10
1.581902325253270014e+00,2.212121735789551735e-10
1.581927282784464817e+00,2.211512223349032524e-10
1.581952235998941969e+00,2.210784055822756500e-10
1.581977184898195388e+00,2.210114591338907530e-10
1.582002129483716990e+00,2.209551014376032185e-10
1.582027069756998028e+00,2.208998400865525014e-10
1.582052005719529530e+00,2.208461608033118750e-10
1.582076937372801417e+00,2.207909133300489657e-10
1.582101864718302497e+00,2.207414390165141072e-10
1.582126787757521136e+00,2.206725219222605006e-10
1.582151706491945031e+00,2.206243937541430000e-10
1.582176620923061217e+00,2.205544358258038073e-10
1.582201531052355614e+00,2.204877391775994511e-10
1.582226436881313480e+00,2.204453841692100013e-10
1.582251338411419184e+00,2.203874721606879916e-10
1.582276235644156426e+00,2.203228571806548075e-10
1.582301128581008687e+00,2.202785731597600716e-10
1.582326017223457670e+00,2.202270865669930799e-10
1.582350901572985080e+00,2.201664406342729308e-10
1.582375781631071510e+00,2.201066134910334426e-10
1.582400657399196664e+00,2.200492149606603220e-10
1.582425528878840248e+00,2.200012949593599387e-10
1.582450396071480192e+00,2.199323639873185243e-10
1.582475258978593979e+00,2.198754234239430616e-10
1.582500117601658651e+00,2.198186771495969083e-10
1.582524971942150360e+00,2.197580867280279904e-10
1.582549822001544371e+00,2.196810372501190045e-10
1.582574667781315503e+00,2.196306608803766380e-10
1.582599509282937023e+00,2.195847947916718113e-10
1.582624346507882418e+00,2.195186671327675754e-10
1.582649179457623845e+00,2.194621984141775783e-10
1.582674008133632793e+00,2.194059794957681220e-10
1.582698832537380085e+00,2.193228654245871212e-10
1.582723652670335435e+00,2.192631215480744800e-10
1.582748468533968333e+00,2.192143272461422043e-10
1.582773280129747384e+00,2.191561515596518461e-10
1.582798087459140302e+00,2.190963521719879736e-10
1.582822890523613690e+00,2.190499032161952186e-10
1.582847689324634155e+00,2.189796538543120619e-10
1.582872483863666968e+00,2.189120412721123898e-10
1.582897274142176514e+00,2.188571407435446758e-10
1.582922060161627398e+00,2.187972025780027252e-10
1.582946841923482673e+00,2.187545977694327348e-10
1.582971619429204280e+00,2.186941322479540872e-10
1.582996392680254161e+00,2.186508613055693218e-10
1.583021161678093591e+00,2.185978759117190862e-10
1.583045926424182293e+00,2.185404496257703499e-10
1.583070686919979986e+00,2.184856878750807141e-10
1.583095443166945060e+00,2.184261244098095744e-10
1.583120195166535904e+00,2.183737080052594592e-10
1.583144942920209131e+00,2.183081909690187672e-10
1.583169686429421574e+00,2.182459074573372959e-10
1.583194425695628516e+00,2.181903407949548068e-10
1.583219160720285457e+00,2.181247266141994601e-10
1.583243891504846124e+00,2.180620406466715622e-10
1.583268618050764021e+00,2.180073066515575420e-10
1.583293340359491985e+00,2.179598723728304321e-10
1.583318058432481967e+00,2.178908026229109396e-10
1.583342772271184806e+00,2.178349861603479098e-10
1.583367481877051341e+00,2.177846514239689668e-10
1.583392187251531080e+00,2.177447944173849237e-10
1.583416888396073086e+00,2.176993169067387157e-10
1.583441585312125532e+00,2.176162861022845618e-10
1.583466278001135707e+00,2.175677416005328269e-10
1.583490966464550675e+00,2.175148533511972460e-10
1.583515650703816169e+00,2.174606883453833461e-10
1.583540330720377476e+00,2.174064678284182150e-10
1.583565006515679219e+00,2.173342616984541564e-10
1.583589678091164910e+00,2.172773627684421172e-10
1.583614345448277838e+00,2.172047958159950554e-10
1.583639008588460184e+00,2.171563207031823595e-10
1.583663667513153461e+00,2.171146595841833005e-10
1.583688322223798073e+00,2.170469359796811659e-10
1.583712972721834866e+00,2.169909391058766346e-10
1.583737619008702691e+00,2.169292800946465150e-10
1.583762261085840173e+00,2.168788620915407250e-10
1.583786898954685496e+00,2.168290130777350555e-10
1.583811532616675066e+00,2.167595963831203676e-10
1.583836162073245735e+00,2.167063195557261679e-10
1.583860787325833241e+00,2.166536811065711277e-10
1.583885408375872217e+00,2.165950752086587272e-10
1.583910025224796847e+00,2.165135154497122016e-10
1.583934637874040652e+00,2.164729229203743444e-10
1.583959246325036485e+00,2.164159962347866895e-10
1.583983850579216091e+00,2.163562384804862404e-10
1.584008450638010768e+00,2.162875434308375588e-10
1.584033046502851150e+00,2.162365148050682251e-10
1.584057638175166760e+00,2.161865408911722852e-10
1.584082225656386900e+00,2.161260892474814455e-10
1.584106808947939760e+00,2.160895767877590856e-10
1.584131388051252642e+00,2.160309431342710695e-10
1.584155962967753073e+00,2.159725731587514019e-10
1.584180533698866578e+00,2.159259437917171454e-10
1.584205100246018905e+00,2.158536960283896633e-10
1.584229662610634248e+00,2.157814621428499890e-10
1.584254220794137025e+00,2.157135442493185451e-10
1.584278774797950318e+00,2.156531064834155131e-10
1.584303324623496545e+00,2.155776668288922338e-10
1.584327870272197902e+00,2.155163131289938860e-10
1.584352411745474587e+00,2.154744022098142864e-10
1.584376949044747462e+00,2.154026679246356935e-10
1.584401482171435838e+00,2.153522360437420957e-10
1.584426011126958800e+00,2.153102141022600335e-10
1.584450535912734770e+00,2.152634043239842754e-10
1.584475056530180614e+00,2.152135969435420293e-10
1.584499572980712978e+00,2.151700623231889153e-10
1.584524085265748283e+00,2.151275824147091953e-10
1.584548593386701398e+00,2.150766648112423240e-10
1.584573097344987413e+00,2.150265659972561139e-10
1.584597597142019421e+00,2.149747324597939269e-10
1.584622092779210956e+00,2.149075084556528736e-10
1.584646584257974000e+00,2.148551753178296053e-10
1.584671071579720758e+00,2.148107663968445991e-10
1.584695554745861656e+00,2.147551164677352631e-10
1.584720033757807123e+00,2.146933880675661044e-10
1.584744508616966696e+00,2.146447047879362913e-10
1.584768979324749250e+00,2.145903038597296586e-10
1.584793445882562546e+00,2.145290889377093890e-10
1.584817908291813904e+00,2.144744520871100235e-10
1.584842366553910198e+00,2.144099897627427254e-10
1.584866820670257415e+00,2.143542704446943503e-10
1.584891270642260430e+00,2.142997446163974473e-10
1.584915716471323677e+00,2.142554605955027114e-10
1.584940158158851586e+00,2.141656990639617675e-10
1.584964595706246149e+00,2.141220117879427676e-10
1.584989029114910686e+00,2.140681798490362553e-10
1.585013458386246521e+00,2.140050636700863151e-10
1.585037883521654312e+00,2.139434462922196190e-10
1.585062304522534493e+00,2.138967891696097468e-10
1.585086721390286391e+00,2.138542398721909876e-10
1.585111134126308885e+00,2.137917620714802069e-10
1.585135542732000413e+00,2.137442167704506346e-10
1.585159947208757858e+00,2.136868876290165531e-10
1.585184347557977880e+00,2.136219534598637892e-10
1.585208743781056695e+00,2.135736032471413637e-10
1.585233135879389410e+00,2.135145532600191132e-10
1.585257523854370465e+00,2.134635662676132029e-10
1.585281907707393856e+00,2.134039750467664476e-10
1.585306287439852690e+00,2.133485332844742288e-10
1.585330663053139189e+00,2.132975462920683185e-10
1.585355034548645126e+00,2.132539977939273967e-10
1.585379401927761833e+00,2.131977649977301326e-10
1.585403765191879089e+00,2.131368970204050584e-10
1.585428124342386891e+00,2.130733922633964994e-10
1.585452479380673907e+00,2.130117610077419954e-10
1.585476830308128360e+00,2.129688370100524253e-10
1.585501177126137584e+00,2.129164899944413492e-10
1.585525519836088915e+00,2.128710818727341803e-10
1.585549858439367688e+00,2.128150294877784177e-10
1.585574192937359905e+00,2.127670123419633796e-10
1.585598523331449572e+00,2.127191339740264198e-10
1.585622849623021580e+00,2.126812614910988941e-10
1.585647171813458378e+00,2.126231135601841515e-10
1.585671489904142861e+00,2.125617598602858038e-10
1.585695803896457035e+00,2.125005588160533421e-10
1.585720113791782016e+00,2.124447145979146967e-10
1.585744419591498255e+00,2.123896891692567124e-10
1.585768721296985095e+00,2.123177189616853866e-10
1.585793018909622099e+00,2.122574754848116640e-10
1.585817312430787940e+00,2.122114567404409513e-10
1.585841601861859740e+00,2.121461756265929921e-10
1.585865887204214619e+00,2.121117864684052279e-10
1.585890168459229033e+00,2.120651709791587791e-10
1.585914445628278546e+00,2.119967951186296773e-10
1.585938718712738060e+00,2.119397712885273677e-10
1.585962987713981809e+00,2.118929337546759939e-10
1.585987252633383138e+00,2.118348274571246748e-10
1.586011513472314949e+00,2.117693798098230218e-10
1.586035770232149700e+00,2.117146319369211938e-10
1.586060022914258516e+00,2.116625069659150427e-10
1.586084271520012301e+00,2.116127550966240278e-10
1.586108516050780848e+00,2.115638914057527131e-10
1.586132756507933950e+00,2.115108227451756306e-10
1.586156992892839845e+00,2.114396296937215425e-10
1.586181225206866996e+00,2.113883235121960524e-10
1.586205453451382530e+00,2.113368785527924842e-10
1.586229677627752910e+00,2.112923169761415920e-10
1.586253897737344154e+00,2.112277991406230626e-10
1.586278113781521393e+00,2.111793240278103667e-10
1.586302325761649312e+00,2.111330277276834977e-10
1.586326533679091710e+00,2.110793900778062948e-10
1.586350737535212163e+00,2.110379232478365452e-10
1.586374937331372692e+00,2.109880464784552601e-10
1.586399133068935097e+00,2.109192681620797316e-10
1.586423324749260733e+00,2.108616059537382625e-10
1.586447512373709845e+00,2.107993779532080225e-10
1.586471695943642457e+00,2.107471003265359855e-10
1.586495875460417482e+00,2.107057028855052749e-10
1.586520050925393166e+00,2.106596563855589466e-10
1.586544222339927313e+00,2.106031876669689495e-10
1.586568389705377058e+00,2.105410568109533642e-10
1.586592553023098651e+00,2.104738050512366954e-10
1.586616712294447673e+00,2.104250246270922275e-10
1.586640867520779485e+00,2.103799634500802540e-10
1.586665018703447894e+00,2.103320434487798707e-10
1.586689165843806704e+00,2.102787388658100554e-10
1.586713308943208833e+00,2.102206603238343519e-10
1.586737448003006756e+00,2.101486346051117948e-10
1.586761583024551614e+00,2.100946222549637810e-10
1.586785714009194770e+00,2.100476181876587134e-10
1.586809840958286033e+00,2.099938833932668558e-10
1.586833963873175435e+00,2.099433127344951799e-10
1.586858082755211452e+00,2.098872881051150330e-10
1.586882197605742562e+00,2.098097806602083892e-10
1.586906308426115686e+00,2.097655243948892689e-10
1.586930415217678636e+00,2.097124002231609552e-10
1.586954517981776780e+00,2.096634671433506014e-10
1.586978616719755930e+00,2.096174622767676965e-10
1.587002711432960789e+00,2.095683487857158411e-10
1.587026802122735614e+00,2.095195683615713733e-10
1.587050888790423775e+00,2.094823758902464306e-10
1.587074971437368198e+00,2.094287937515204590e-10
1.587099050064910699e+00,2.093967915728356388e-10
1.587123124674393315e+00,2.093527712299092514e-10
1.587147195267156530e+00,2.093169110262138588e-10
1.587171261844540160e+00,2.092846590473484980e-10
1.587195324407884023e+00,2.092161027755778946e-10
1.587219382958526603e+00,2.091519457625423684e-10
1.587243437497806386e+00,2.090971146229136934e-10
1.587267488027060525e+00,2.090439765733975719e-10
