# n, training_loss
0.000000000000000000e+00,2.788321375846862793e-01
1.000166694449074889e+01,2.283574342727661133e-01
2.000333388898149778e+01,2.036229819059371948e-01
3.000500083347224489e+01,1.855465024709701538e-01
4.000666777796299556e+01,1.713448017835617065e-01
5.000833472245374622e+01,1.593300253152847290e-01
6.001000166694448978e+01,1.489615291357040405e-01
7.001166861143524045e+01,1.397599726915359497e-01
8.001333555592599112e+01,1.313817650079727173e-01
9.001500250041674178e+01,1.237773224711418152e-01
1.000166694449074924e+02,1.168649643659591675e-01
1.100183363893982431e+02,1.104705482721328735e-01
1.200200033338889796e+02,1.045909821987152100e-01
1.300216702783797302e+02,9.913896769285202026e-02
1.400233372228704809e+02,9.403546154499053955e-02
1.500250041673612316e+02,8.927726745605468750e-02
1.600266711118519822e+02,8.487257361412048340e-02
1.700283380563427329e+02,8.077473938465118408e-02
1.800300050008334836e+02,7.695917785167694092e-02
1.900316719453242342e+02,7.338934391736984253e-02
2.000333388898149849e+02,7.003396749496459961e-02
2.100350058343057356e+02,6.689384579658508301e-02
2.200366727787964862e+02,6.393322348594665527e-02
2.300383397232872369e+02,6.115055829286575317e-02
2.400400066677779591e+02,5.852476134896278381e-02
2.500416736122687098e+02,5.605560913681983948e-02
2.600433405567594605e+02,5.372487008571624756e-02
2.700450075012502111e+02,5.152048543095588684e-02
2.800466744457409618e+02,4.943155497312545776e-02
2.900483413902317125e+02,4.745012521743774414e-02
3.000500083347224631e+02,4.556433856487274170e-02
3.100516752792132138e+02,4.377171024680137634e-02
3.200533422237039645e+02,4.206671193242073059e-02
3.300550091681947151e+02,4.044127836823463440e-02
3.400566761126854658e+02,3.889159858226776123e-02
3.500583430571762165e+02,3.741481527686119080e-02
3.600600100016669671e+02,3.600732237100601196e-02
3.700616769461577178e+02,3.466323018074035645e-02
3.800633438906484685e+02,3.338253870606422424e-02
3.900650108351392191e+02,3.216511383652687073e-02
4.000666777796299698e+02,3.100087307393550873e-02
4.100683447241207205e+02,2.989274263381958008e-02
4.200700116686114711e+02,2.883641235530376434e-02
4.300716786131022218e+02,2.783187478780746460e-02
4.400733455575929725e+02,2.687552385032176971e-02
4.500750125020837231e+02,2.596064470708370209e-02
4.600766794465744738e+02,2.508895844221115112e-02
4.700783463910652245e+02,2.425634115934371948e-02
4.800800133355559183e+02,2.345868945121765137e-02
4.900816802800466689e+02,2.269511111080646515e-02
5.000833472245374196e+02,2.196399495005607605e-02
5.100850141690281703e+02,2.126178331673145294e-02
5.200866811135189209e+02,2.058563567698001862e-02
5.300883480580097284e+02,1.993863098323345184e-02
5.400900150025004223e+02,1.931896246969699860e-02
5.500916819469912298e+02,1.872641593217849731e-02
5.600933488914819236e+02,1.815808936953544617e-02
5.700950158359727311e+02,1.761259511113166809e-02
5.800966827804634249e+02,1.708934083580970764e-02
5.900983497249542324e+02,1.658676192164421082e-02
6.001000166694449263e+02,1.610432751476764679e-02
6.101016836139357338e+02,1.564197801053524017e-02
6.201033505584264276e+02,1.519797090440988541e-02
6.301050175029172351e+02,1.477114111185073853e-02
6.401066844474079289e+02,1.436142157763242722e-02
6.501083513918986228e+02,1.396764628589153290e-02
6.601100183363894303e+02,1.358869206160306931e-02
6.701116852808801241e+02,1.322456263005733490e-02
6.801133522253709316e+02,1.287424191832542419e-02
6.901150191698616254e+02,1.253665797412395477e-02
7.001166861143524329e+02,1.221102941781282425e-02
7.101183530588431267e+02,1.189664006233215332e-02
7.201200200033339343e+02,1.159349270164966583e-02
7.301216869478246281e+02,1.130110863596200943e-02
7.401233538923154356e+02,1.101897377520799637e-02
7.501250208368061294e+02,1.074611209332942963e-02
7.601266877812969369e+02,1.048292685300111771e-02
7.701283547257876307e+02,1.022873260080814362e-02
7.801300216702784383e+02,9.982952848076820374e-03
7.901316886147691321e+02,9.744907729327678680e-03
8.001333555592599396e+02,9.514644742012023926e-03
8.101350225037506334e+02,9.292015805840492249e-03
8.201366894482414409e+02,9.076640009880065918e-03
8.301383563927321347e+02,8.867980912327766418e-03
8.401400233372229422e+02,8.666082285344600677e-03
8.501416902817136361e+02,8.470295928418636322e-03
8.601433572262044436e+02,8.280632086098194122e-03
8.701450241706951374e+02,8.096483536064624786e-03
8.801466911151859449e+02,7.918477989733219147e-03
8.901483580596766387e+02,7.746096234768629074e-03
9.001500250041674462e+02,7.578712888062000275e-03
9.101516919486581401e+02,7.416417356580495834e-03
9.201533588931489476e+02,7.258927449584007263e-03
9.301550258376396414e+02,7.106275297701358795e-03
9.401566927821304489e+02,6.958210375159978867e-03
9.501583597266211427e+02,6.814198102802038193e-03
9.601600266711118365e+02,6.674470379948616028e-03
9.701616936156026441e+02,6.538758985698223114e-03
9.801633605600933379e+02,6.406933069229125977e-03
9.901650275045841454e+02,6.278248969465494156e-03
1.000166694449074839e+03,6.153386086225509644e-03
1.010168361393565647e+03,6.032029632478952408e-03
1.020170028338056341e+03,5.914123728871345520e-03
1.030171695282547034e+03,5.799148697406053543e-03
1.040173362227037842e+03,5.687063094228506088e-03
1.050175029171528649e+03,5.578069481998682022e-03
1.060176696116019457e+03,5.472157616168260574e-03
1.070178363060510037e+03,5.368943791836500168e-03
1.080180030005000845e+03,5.268497392535209656e-03
1.090181696949491652e+03,5.170504096895456314e-03
1.100183363893982460e+03,5.075224209576845169e-03
1.110185030838473040e+03,4.982324317097663879e-03
1.120186697782963847e+03,4.891869146376848221e-03
1.130188364727454655e+03,4.803734831511974335e-03
1.140190031671945462e+03,4.717690870165824890e-03
1.150191698616436042e+03,4.633828066289424896e-03
1.160193365560926850e+03,4.551806487143039703e-03
1.170195032505417657e+03,4.471761174499988556e-03
1.180196699449908465e+03,4.393622744828462601e-03
1.190198366394399045e+03,4.317382816225290298e-03
1.200200033338889853e+03,4.242812748998403549e-03
1.210201700283380660e+03,4.169941414147615433e-03
1.220203367227871468e+03,4.098956473171710968e-03
1.230205034172362048e+03,4.029711242765188217e-03
1.240206701116852855e+03,3.962208516895771027e-03
1.250208368061343663e+03,3.896266920492053032e-03
1.260210035005834470e+03,3.831878304481506348e-03
1.270211701950325050e+03,3.769010072574019432e-03
1.280213368894815858e+03,3.707440569996833801e-03
1.290215035839306665e+03,3.647372359409928322e-03
1.300216702783797246e+03,3.588723018765449524e-03
1.310218369728288053e+03,3.531260881572961807e-03
1.320220036672778861e+03,3.475189441815018654e-03
1.330221703617269668e+03,3.420094959437847137e-03
1.340223370561760248e+03,3.366373712196946144e-03
1.350225037506251056e+03,3.313757246360182762e-03
1.360226704450741863e+03,3.262302605435252190e-03
1.370228371395232671e+03,3.211844712495803833e-03
1.380230038339723251e+03,3.162518609315156937e-03
1.390231705284214058e+03,3.114079358056187630e-03
1.400233372228704866e+03,3.066775389015674591e-03
1.410235039173195673e+03,3.020450705662369728e-03
1.420236706117686253e+03,2.975039184093475342e-03
1.430238373062177061e+03,2.930615562945604324e-03
1.440240040006667869e+03,2.886994974687695503e-03
1.450241706951158676e+03,2.844212576746940613e-03
1.460243373895649256e+03,2.802405040711164474e-03
1.470245040840140064e+03,2.761393319815397263e-03
1.480246707784630871e+03,2.721170196309685707e-03
1.490248374729121679e+03,2.681840443983674049e-03
1.500250041673612259e+03,2.643240848556160927e-03
1.510251708618103066e+03,2.605416346341371536e-03
1.520253375562593874e+03,2.568268682807683945e-03
1.530255042507084681e+03,2.531858626753091812e-03
1.540256709451575261e+03,2.496265573427081108e-03
1.550258376396066069e+03,2.461322816088795662e-03
1.560260043340556877e+03,2.427018713206052780e-03
1.570261710285047684e+03,2.393297385424375534e-03
1.580263377229538264e+03,2.360282465815544128e-03
1.590265044174029072e+03,2.327815396711230278e-03
1.600266711118519879e+03,2.295981394127011299e-03
1.610268378063010459e+03,2.264812821522355080e-03
1.620270045007501267e+03,2.234182786196470261e-03
1.630271711951992074e+03,2.204174641519784927e-03
1.640273378896482882e+03,2.174646360799670219e-03
1.650275045840973462e+03,2.145673613995313644e-03
1.660276712785464269e+03,2.117265714332461357e-03
1.670278379729955077e+03,2.089391928166151047e-03
1.680280046674445884e+03,2.061949577182531357e-03
1.690281713618936465e+03,2.035052748396992683e-03
1.700283380563427272e+03,2.008650219067931175e-03
1.710285047507918080e+03,1.982745015993714333e-03
1.720286714452408887e+03,1.957235625013709068e-03
1.730288381396899467e+03,1.932209823280572891e-03
1.740290048341390275e+03,1.907592755742371082e-03
1.750291715285881082e+03,1.883424818515777588e-03
1.760293382230371890e+03,1.859682961367070675e-03
1.770295049174862470e+03,1.836381969042122364e-03
1.780296716119353277e+03,1.813494483940303326e-03
1.790298383063844085e+03,1.790962414816021919e-03
1.800300050008334892e+03,1.768791000358760357e-03
1.810301716952825473e+03,1.747038215398788452e-03
1.820303383897316280e+03,1.725627109408378601e-03
1.830305050841807088e+03,1.704517053440213203e-03
1.840306717786297895e+03,1.683847745880484581e-03
1.850308384730788475e+03,1.663482049480080605e-03
1.860310051675279283e+03,1.643419382162392139e-03
1.870311718619770090e+03,1.623698393814265728e-03
1.880313385564260898e+03,1.604309072718024254e-03
1.890315052508751478e+03,1.585211954079568386e-03
1.900316719453242285e+03,1.566468388773500919e-03
1.910318386397733093e+03,1.547966268844902515e-03
1.920320053342223673e+03,1.529734348878264427e-03
1.930321720286714481e+03,1.511824084445834160e-03
1.940323387231205288e+03,1.494194963015615940e-03
1.950325054175696096e+03,1.476810313761234283e-03
1.960326721120186676e+03,1.459710183553397655e-03
1.970328388064677483e+03,1.442823675461113453e-03
1.980330055009168291e+03,1.426254282705485821e-03
1.990331721953659098e+03,1.409937860444188118e-03
2.000333388898149678e+03,1.393825048580765724e-03
2.010335055842640486e+03,1.377946231514215469e-03
2.020336722787131293e+03,1.362356706522405148e-03
2.030338389731622101e+03,1.346969162113964558e-03
2.040340056676112681e+03,1.331838197074830532e-03
2.050341723620603716e+03,1.316928653977811337e-03
2.060343390565094069e+03,1.302220975048840046e-03
2.070345057509584876e+03,1.287772669456899166e-03
2.080346724454075684e+03,1.273521222174167633e-03
2.090348391398566491e+03,1.259473152458667755e-03
2.100350058343057299e+03,1.245614257641136646e-03
2.110351725287548106e+03,1.231930917128920555e-03
2.120353392232038914e+03,1.218496006913483143e-03
2.130355059176529721e+03,1.205240841954946518e-03
2.140356726121020074e+03,1.192162744700908661e-03
2.150358393065510882e+03,1.179285580292344093e-03
2.160360060010001689e+03,1.166547765024006367e-03
2.170361726954492497e+03,1.154024037532508373e-03
2.180363393898983304e+03,1.141677144914865494e-03
2.190365060843474112e+03,1.129530835896730423e-03
2.200366727787964919e+03,1.117533771321177483e-03
2.210368394732455727e+03,1.105678733438253403e-03
2.220370061676946079e+03,1.094024977646768093e-03
2.230371728621436887e+03,1.082514296285808086e-03
2.240373395565927694e+03,1.071180682629346848e-03
2.250375062510418502e+03,1.059990492649376392e-03
2.260376729454909309e+03,1.048977486789226532e-03
2.270378396399400117e+03,1.038085902109742165e-03
2.280380063343890924e+03,1.027360325679183006e-03
2.290381730288381277e+03,1.016797497868537903e-03
2.300383397232872085e+03,1.006395672447979450e-03
2.310385064177362892e+03,9.960990864783525467e-04
2.320386731121853700e+03,9.859692072495818138e-04
2.330388398066344507e+03,9.759600507095456123e-04
2.340390065010835315e+03,9.660790092311799526e-04
2.350391731955326122e+03,9.563330095261335373e-04
2.360393398899816930e+03,9.466996416449546814e-04
2.370395065844307283e+03,9.371996857225894928e-04
2.380396732788798090e+03,9.278195211663842201e-04
2.390398399733288898e+03,9.185510571114718914e-04
2.400400066677779705e+03,9.094142587855458260e-04
2.410401733622270513e+03,9.003962040878832340e-04
2.420403400566761320e+03,8.915095240809023380e-04
2.430405067511252128e+03,8.827270357869565487e-04
2.440406734455742935e+03,8.740514167584478855e-04
2.450408401400233288e+03,8.654854027554392815e-04
2.460410068344724095e+03,8.570160134695470333e-04
2.470411735289214903e+03,8.486827719025313854e-04
2.480413402233705710e+03,8.404381806030869484e-04
2.490415069178196518e+03,8.323084912262856960e-04
2.500416736122687325e+03,8.242683834396302700e-04
2.510418403067178133e+03,8.163522579707205296e-04
2.520420070011668940e+03,8.085072622634470463e-04
2.530421736956159293e+03,8.007837459444999695e-04
2.540423403900650101e+03,7.931599393486976624e-04
2.550425070845140908e+03,7.856190786696970463e-04
2.560426737789631716e+03,7.781604072079062462e-04
2.570428404734122523e+03,7.708058692514896393e-04
2.580430071678613331e+03,7.635453948751091957e-04
2.590431738623104138e+03,7.563445833511650562e-04
2.600433405567594491e+03,7.492615259252488613e-04
2.610435072512085299e+03,7.422405178658664227e-04
2.620436739456576106e+03,7.353188120760023594e-04
2.630438406401066914e+03,7.284970488399267197e-04
2.640440073345557721e+03,7.217531092464923859e-04
2.650441740290048529e+03,7.150488672778010368e-04
2.660443407234539336e+03,7.084406097419559956e-04
2.670445074179030144e+03,7.019081967882812023e-04
2.680446741123520496e+03,6.954532000236213207e-04
2.690448408068011304e+03,6.890794611535966396e-04
2.700450075012502111e+03,6.827557808719575405e-04
2.710451741956992919e+03,6.765192956663668156e-04
2.720453408901483726e+03,6.703491671942174435e-04
2.730455075845974534e+03,6.642456282861530781e-04
2.740456742790465341e+03,6.582147907465696335e-04
2.750458409734956149e+03,6.522529292851686478e-04
2.760460076679446502e+03,6.463405443355441093e-04
2.770461743623937309e+03,6.405060994438827038e-04
2.780463410568428117e+03,6.347300368361175060e-04
2.790465077512918924e+03,6.290326127782464027e-04
2.800466744457409732e+03,6.233840831555426121e-04
2.810468411401900539e+03,6.178151816129684448e-04
2.820470078346391347e+03,6.123083876445889473e-04
2.830471745290882154e+03,6.068518850952386856e-04
2.840473412235372507e+03,6.014689570292830467e-04
2.850475079179863314e+03,5.961459828540682793e-04
2.860476746124354122e+03,5.908670136705040932e-04
2.870478413068844930e+03,5.856561474502086639e-04
2.880480080013335737e+03,5.804997053928673267e-04
2.890481746957826545e+03,5.754116573370993137e-04
2.900483413902317352e+03,5.703500355593860149e-04
2.910485080846807705e+03,5.653591942973434925e-04
2.920486747791298512e+03,5.604156176559627056e-04
2.930488414735789320e+03,5.555290845222771168e-04
2.940490081680280127e+03,5.506970919668674469e-04
2.950491748624770935e+03,5.459239473566412926e-04
2.960493415569261742e+03,5.411904421634972095e-04
2.970495082513752550e+03,5.365202086977660656e-04
2.980496749458243357e+03,5.318843759596347809e-04
2.990498416402733710e+03,5.273126298561692238e-04
3.000500083347224518e+03,5.227948422543704510e-04
3.010501750291715325e+03,5.183125031180679798e-04
3.020503417236206133e+03,5.138879059813916683e-04
3.030505084180696940e+03,5.094982334412634373e-04
3.040506751125187748e+03,5.051644402556121349e-04
3.050508418069678555e+03,5.008806474506855011e-04
3.060510085014169363e+03,4.966424894519150257e-04
3.070511751958659715e+03,4.924524691887199879e-04
3.080513418903150523e+03,4.882981302216649055e-04
3.090515085847641330e+03,4.842012422159314156e-04
3.100516752792132138e+03,4.801402974408119917e-04
3.110518419736622945e+03,4.761136951856315136e-04
3.120520086681113753e+03,4.721330478787422180e-04
3.130521753625604561e+03,4.681936698034405708e-04
3.140523420570095368e+03,4.642975691240280867e-04
3.150525087514585721e+03,4.604338319040834904e-04
3.160526754459076528e+03,4.566248680930584669e-04
3.170528421403567336e+03,4.528360150288790464e-04
3.180530088348058143e+03,4.490890423767268658e-04
3.190531755292548951e+03,4.453839210327714682e-04
3.200533422237039758e+03,4.417230084072798491e-04
3.210535089181530566e+03,4.380976897664368153e-04
3.220536756126020919e+03,4.345098568592220545e-04
3.230538423070511726e+03,4.309595387894660234e-04
3.240540090015002534e+03,4.274455423001199961e-04
3.250541756959493341e+03,4.239768313709646463e-04
3.260543423903984149e+03,4.205302102491259575e-04
3.270545090848474956e+03,4.171134787611663342e-04
3.280546757792965764e+03,4.137375217396765947e-04
3.290548424737456571e+03,4.103910760022699833e-04
3.300550091681946924e+03,4.070813884027302265e-04
3.310551758626437731e+03,4.038021434098482132e-04
3.320553425570928539e+03,4.005557275377213955e-04
3.330555092515419346e+03,3.973309940192848444e-04
3.340556759459910154e+03,3.941470058634877205e-04
3.350558426404400961e+03,3.909964289050549269e-04
3.360560093348891769e+03,3.878741990774869919e-04
3.370561760293382576e+03,3.847701300401240587e-04
3.380563427237872929e+03,3.817134420387446880e-04
3.390565094182363737e+03,3.786740126088261604e-04
3.400566761126854544e+03,3.756556834559887648e-04
3.410568428071345352e+03,3.726773429661989212e-04
3.420570095015836159e+03,3.697262145578861237e-04
3.430571761960326967e+03,3.668010758701711893e-04
3.440573428904817774e+03,3.639025380834937096e-04
3.450575095849308582e+03,3.610309504438191652e-04
3.460576762793798935e+03,3.581846540328115225e-04
3.470578429738289742e+03,3.553691203705966473e-04
3.480580096682780550e+03,3.525796928443014622e-04
3.490581763627271357e+03,3.498176520224660635e-04
3.500583430571762165e+03,3.470810188446193933e-04
3.510585097516252972e+03,3.443640016485005617e-04
3.520586764460743780e+03,3.416776016820222139e-04
3.530588431405234132e+03,3.390201309230178595e-04
3.540590098349724940e+03,3.363848372828215361e-04
3.550591765294215747e+03,3.337677335366606712e-04
3.560593432238706555e+03,3.311741747893393040e-04
3.570595099183197362e+03,3.286115825176239014e-04
3.580596766127688170e+03,3.260714584030210972e-04
3.590598433072178977e+03,3.235612239222973585e-04
3.600600100016669785e+03,3.210719441995024681e-04
3.610601766961160138e+03,3.186003305017948151e-04
3.620603433905650945e+03,3.161493514198809862e-04
3.630605100850141753e+03,3.137242456432431936e-04
3.640606767794632560e+03,3.113239363301545382e-04
3.650608434739123368e+03,3.089479287154972553e-04
3.660610101683614175e+03,3.065848140977323055e-04
3.670611768628104983e+03,3.042542957700788975e-04
3.680613435572595790e+03,3.019394935108721256e-04
3.690615102517086143e+03,2.996458497364073992e-04
3.700616769461576951e+03,2.973748778458684683e-04
3.710618436406067758e+03,2.951266069430857897e-04
3.720620103350558566e+03,2.928948379121720791e-04
3.730621770295049373e+03,2.906826557591557503e-04
3.740623437239540181e+03,2.884945424739271402e-04
3.750625104184030988e+03,2.863210393115878105e-04
3.760626771128521796e+03,2.841710520442575216e-04
3.770628438073012148e+03,2.820373629219830036e-04
3.780630105017502956e+03,2.799261419568210840e-04
3.790631771961993763e+03,2.778297057375311852e-04
3.800633438906484571e+03,2.757511101663112640e-04
3.810635105850975378e+03,2.736887836363166571e-04
3.820636772795466186e+03,2.716474700719118118e-04
3.830638439739956993e+03,2.696331066545099020e-04
3.840640106684447346e+03,2.676262229215353727e-04
3.850641773628938154e+03,2.656396536622196436e-04
3.860643440573428961e+03,2.636687422636896372e-04
3.870645107517919769e+03,2.617183781694620848e-04
3.880646774462410576e+03,2.597865532152354717e-04
3.890648441406901384e+03,2.578654384706169367e-04
3.900650108351392191e+03,2.559647837188094854e-04
3.910651775295882999e+03,2.540805435273796320e-04
3.920653442240373352e+03,2.522124268580228090e-04
3.930655109184864159e+03,2.503608993720263243e-04
3.940656776129354967e+03,2.485281729605048895e-04
3.950658443073845774e+03,2.467092708684504032e-04
3.960660110018336582e+03,2.449035237077623606e-04
3.970661776962827389e+03,2.431210596114397049e-04
3.980663443907318197e+03,2.413469774182885885e-04
3.990665110851809004e+03,2.395912451902404428e-04
4.000666777796299357e+03,2.378506178501993418e-04
4.010668444740790164e+03,2.361205988563597202e-04
4.020670111685280972e+03,2.344056265428662300e-04
4.030671778629771779e+03,2.327098627574741840e-04
4.040673445574262587e+03,2.310294221388176084e-04
4.050675112518753394e+03,2.293612342327833176e-04
4.060676779463244202e+03,2.277075982419773936e-04
4.070678446407735009e+03,2.260665933135896921e-04
4.080680113352225362e+03,2.244401694042608142e-04
4.090681780296716170e+03,2.228329976787790656e-04
4.100683447241207432e+03,2.212367253378033638e-04
4.110685114185697785e+03,2.196532441303133965e-04
4.120686781130188137e+03,2.180806477554142475e-04
4.130688448074679400e+03,2.165278128813952208e-04
4.140690115019169752e+03,2.149844076484441757e-04
4.150691781963661015e+03,2.134528185706585646e-04
4.160693448908151368e+03,2.119338314514607191e-04
4.170695115852642630e+03,2.104311570292338729e-04
4.180696782797132983e+03,2.089385379804298282e-04
4.190698449741623335e+03,2.074603107757866383e-04
4.200700116686114598e+03,2.059934195131063461e-04
4.210701783630604950e+03,2.045363071374595165e-04
4.220703450575096213e+03,2.030923933489248157e-04
4.230705117519586565e+03,2.016640501096844673e-04
4.240706784464077828e+03,2.002473629545420408e-04
4.250708451408568180e+03,1.988376898225396872e-04
4.260710118353059443e+03,1.974406768567860126e-04
4.270711785297549795e+03,1.960577938007190824e-04
4.280713452242040148e+03,1.946877891896292567e-04
4.290715119186531410e+03,1.933249586727470160e-04
4.300716786131021763e+03,1.919765054481104016e-04
4.310718453075513025e+03,1.906369434436783195e-04
4.320720120020003378e+03,1.893053413368761539e-04
4.330721786964494640e+03,1.879871269920840859e-04
4.340723453908984993e+03,1.866836100816726685e-04
4.350725120853475346e+03,1.853849826147779822e-04
4.360726787797966608e+03,1.840956247178837657e-04
4.370728454742456961e+03,1.828202803153544664e-04
4.380730121686948223e+03,1.815522991819307208e-04
4.390731788631438576e+03,1.802964252419769764e-04
4.400733455575929838e+03,1.790505339158698916e-04
4.410735122520420191e+03,1.778148580342531204e-04
4.420736789464911453e+03,1.765909255482256413e-04
4.430738456409401806e+03,1.753718825057148933e-04
4.440740123353892159e+03,1.741655141813680530e-04
4.450741790298383421e+03,1.729688519844785333e-04
4.460743457242873774e+03,1.717811537673696876e-04
4.470745124187365036e+03,1.706009788904339075e-04
4.480746791131855389e+03,1.694315142231062055e-04
4.490748458076346651e+03,1.682712609181180596e-04
4.500750125020837004e+03,1.671192439971491694e-04
4.510751791965327357e+03,1.659767003729939461e-04
4.520753458909818619e+03,1.648441830184310675e-04
4.530755125854308972e+03,1.637198438402265310e-04
4.540756792798800234e+03,1.626028097234666348e-04
4.550758459743290587e+03,1.614944339962676167e-04
4.560760126687781849e+03,1.603933924343436956e-04
4.570761793632272202e+03,1.593034103279933333e-04
4.580763460576762554e+03,1.582183467689901590e-04
4.590765127521253817e+03,1.571450557094067335e-04
4.600766794465744169e+03,1.560742239234969020e-04
4.610768461410235432e+03,1.550166489323601127e-04
4.620770128354725784e+03,1.539667864562943578e-04
4.630771795299217047e+03,1.529212022433057427e-04
4.640773462243707399e+03,1.518859789939597249e-04
4.650775129188198662e+03,1.508581481175497174e-04
4.660776796132689014e+03,1.498416531831026077e-04
4.670778463077179367e+03,1.488327543484047055e-04
4.680780130021670630e+03,1.478275517001748085e-04
4.690781796966160982e+03,1.468323607696220279e-04
4.700783463910652245e+03,1.458450715290382504e-04
4.710785130855142597e+03,1.448635593988001347e-04
4.720786797799633860e+03,1.438894250895828009e-04
4.730788464744124212e+03,1.429260591976344585e-04
4.740790131688614565e+03,1.419670152245089412e-04
4.750791798633105827e+03,1.410160766681656241e-04
4.760793465577596180e+03,1.400705368723720312e-04
4.770795132522087442e+03,1.391333062201738358e-04
4.780796799466577795e+03,1.382044720230624080e-04
4.790798466411069057e+03,1.372811675537377596e-04
4.800800133355559410e+03,1.363659685011953115e-04
4.810801800300049763e+03,1.354572887066751719e-04
4.820803467244541025e+03,1.345576602034270763e-04
4.830805134189031378e+03,1.336611312581226230e-04
4.840806801133522640e+03,1.327726349700242281e-04
4.850808468078012993e+03,1.318908034591004252e-04
4.860810135022504255e+03,1.310141815338283777e-04
4.870811801966994608e+03,1.301474112551659346e-04
4.880813468911485870e+03,1.292844535782933235e-04
4.890815135855976223e+03,1.284288155147805810e-04
4.900816802800466576e+03,1.275789982173591852e-04
4.910818469744957838e+03,1.267340703634545207e-04
4.920820136689448191e+03,1.258988195331767201e-04
4.930821803633939453e+03,1.250673230970278382e-04
4.940823470578429806e+03,1.242419384652748704e-04
4.950825137522921068e+03,1.234235969604924321e-04
4.960826804467411421e+03,1.226126914843916893e-04
4.970828471411901774e+03,1.218042161781340837e-04
4.980830138356393036e+03,1.210042028105817735e-04
4.990831805300883389e+03,1.202080820803530514e-04
5.000833472245374651e+03,1.194202341139316559e-04
5.010835139189865004e+03,1.186351655633188784e-04
5.020836806134356266e+03,1.178572929347865283e-04
5.030838473078846619e+03,1.170883915619924664e-04
5.040840140023337881e+03,1.163223569164983928e-04
5.050841806967828234e+03,1.155607824330218136e-04
5.060843473912318586e+03,1.148071969510056078e-04
5.070845140856809849e+03,1.140585518442094326e-04
5.080846807801300201e+03,1.133144105551764369e-04
5.090848474745791464e+03,1.125765047618187964e-04
5.100850141690281816e+03,1.118434665841050446e-04
5.110851808634773079e+03,1.111169331124983728e-04
5.120853475579263431e+03,1.103933755075559020e-04
5.130855142523753784e+03,1.096761698136106133e-04
5.140856809468245046e+03,1.089634679374285042e-04
5.150858476412735399e+03,1.082556264009326696e-04
5.160860143357226661e+03,1.075557011063210666e-04
5.170861810301717014e+03,1.068583806045353413e-04
5.180863477246208276e+03,1.061682123690843582e-04
5.190865144190698629e+03,1.054815147654153407e-04
5.200866811135188982e+03,1.048017511493526399e-04
5.210868478079680244e+03,1.041249852278269827e-04
5.220870145024170597e+03,1.034519154927693307e-04
5.230871811968661859e+03,1.027847538352943957e-04
5.240873478913152212e+03,1.021231873892247677e-04
5.250875145857643474e+03,1.014664012473076582e-04
5.260876812802133827e+03,1.008140388876199722e-04
5.270878479746625089e+03,1.001658747554756701e-04
5.280880146691115442e+03,9.952273831004276872e-05
5.290881813635605795e+03,9.888438944472000003e-05
5.300883480580097057e+03,9.825124288909137249e-05
5.310885147524587410e+03,9.761948604136705399e-05
5.320886814469078672e+03,9.699256042949855328e-05
5.330888481413569025e+03,9.637210314394906163e-05
5.340890148358060287e+03,9.575587318977341056e-05
5.350891815302550640e+03,9.514439443591982126e-05
5.360893482247040993e+03,9.453556413063779473e-05
5.370895149191532255e+03,9.393103391630575061e-05
5.380896816136022608e+03,9.333097841590642929e-05
5.390898483080513870e+03,9.273689647670835257e-05
5.400900150025004223e+03,9.214430610882118344e-05
5.410901816969495485e+03,9.155747102340683341e-05
5.420903483913985838e+03,9.097418660530820489e-05
5.430905150858477100e+03,9.039604628924280405e-05
5.440906817802967453e+03,8.982148574432358146e-05
5.450908484747457805e+03,8.925045403884723783e-05
5.460910151691949068e+03,8.868191798683255911e-05
5.470911818636439421e+03,8.811814041109755635e-05
5.480913485580930683e+03,8.755816816119477153e-05
5.490915152525421036e+03,8.700432226760312915e-05
5.500916819469912298e+03,8.645089110359549522e-05
5.510918486414402651e+03,8.590266224928200245e-05
5.520920153358893003e+03,8.535924280295148492e-05
5.530921820303384266e+03,8.481893746647983789e-05
5.540923487247874618e+03,8.428347791777923703e-05
5.550925154192365881e+03,8.375055767828598619e-05
5.560926821136856233e+03,8.322015492012724280e-05
5.570928488081347496e+03,8.269564568763598800e-05
5.580930155025837848e+03,8.217453432735055685e-05
5.590931821970328201e+03,8.165661711245775223e-05
5.600933488914819463e+03,8.114193042274564505e-05
5.610935155859309816e+03,8.062977576628327370e-05
5.620936822803801078e+03,8.012366015464067459e-05
5.630938489748291431e+03,7.961985829751938581e-05
5.640940156692782693e+03,7.911869761301204562e-05
5.650941823637273046e+03,7.862262282287701964e-05
5.660943490581764308e+03,7.812905823811888695e-05
5.670945157526254661e+03,7.763865141896530986e-05
5.680946824470745014e+03,7.715316314715892076e-05
5.690948491415236276e+03,7.666888268431648612e-05
5.700950158359726629e+03,7.618965901201590896e-05
5.710951825304217891e+03,7.571209425805136561e-05
5.720953492248708244e+03,7.523923704866319895e-05
5.730955159193199506e+03,7.476905739167705178e-05
5.740956826137689859e+03,7.430189725710079074e-05
5.750958493082180212e+03,7.383736374322324991e-05
5.760960160026671474e+03,7.337755232583731413e-05
5.770961826971161827e+03,7.291999645531177521e-05
5.780963493915653089e+03,7.246481982292607427e-05
5.790965160860143442e+03,7.201297557912766933e-05
5.800966827804634704e+03,7.156387437134981155e-05
5.810968494749125057e+03,7.111902232281863689e-05
5.820970161693615410e+03,7.067547994665801525e-05
5.830971828638106672e+03,7.023554644547402859e-05
5.840973495582597025e+03,6.979853060329332948e-05
5.850975162527088287e+03,6.936506542842835188e-05
5.860976829471578640e+03,6.893274257890880108e-05
5.870978496416069902e+03,6.850254430901259184e-05
5.880980163360560255e+03,6.807812314946204424e-05
5.890981830305051517e+03,6.765587022528052330e-05
5.900983497249541870e+03,6.723491969751194119e-05
5.910985164194032222e+03,6.681890226900577545e-05
5.920986831138523485e+03,6.640309584327042103e-05
5.930988498083013837e+03,6.599142216145992279e-05
5.940990165027505100e+03,6.558178574778139591e-05
5.950991831971995452e+03,6.517575820907950401e-05
5.960993498916486715e+03,6.477178249042481184e-05
5.970995165860977067e+03,6.437171396100893617e-05
5.980996832805467420e+03,6.397358811227604747e-05
5.990998499749958683e+03,6.357747042784467340e-05
6.001000166694449035e+03,6.318443774944171309e-05
6.011001833638940298e+03,6.279506487771868706e-05
6.021003500583430650e+03,6.240743095986545086e-05
6.031005167527921913e+03,6.202260556165128946e-05
6.041006834472412265e+03,6.163959187688305974e-05
6.051008501416903528e+03,6.125969230197370052e-05
6.061010168361393880e+03,6.088206282583996654e-05
6.071011835305884233e+03,6.050665615475736558e-05
6.081013502250375495e+03,6.013455276843160391e-05
6.091015169194865848e+03,5.976350803393870592e-05
6.101016836139357110e+03,5.939628681517206132e-05
6.111018503083847463e+03,5.903113196836784482e-05
6.121020170028338725e+03,5.866783249075524509e-05
6.131021836972829078e+03,5.830616646562702954e-05
6.141023503917319431e+03,5.794945172965526581e-05
6.151025170861810693e+03,5.759413397754542530e-05
6.161026837806301046e+03,5.723965296056121588e-05
6.171028504750792308e+03,5.688772580469958484e-05
6.181030171695282661e+03,5.653923290083184838e-05
6.191031838639773923e+03,5.619227158604189754e-05
6.201033505584264276e+03,5.584727114182896912e-05
6.211035172528754629e+03,5.550498462980613112e-05
6.221036839473245891e+03,5.516461169463582337e-05
6.231038506417736244e+03,5.482729102368466556e-05
6.241040173362227506e+03,5.449213858810253441e-05
6.251041840306717859e+03,5.415871419245377183e-05
6.261043507251209121e+03,5.382729796110652387e-05
6.271045174195699474e+03,5.349853745428845286e-05
6.281046841140190736e+03,5.317149407346732914e-05
6.291048508084681089e+03,5.284669168759137392e-05
6.301050175029171442e+03,5.252404662314802408e-05
6.311051841973662704e+03,5.220339880906976759e-05
6.321053508918153057e+03,5.188552677282132208e-05
6.331055175862644319e+03,5.156891711521893740e-05
6.341056842807134672e+03,5.125460302224382758e-05
6.351058509751625934e+03,5.094356674817390740e-05
6.361060176696116287e+03,5.063416392658837140e-05
6.371061843640606639e+03,5.032503759139217436e-05
6.381063510585097902e+03,5.001984027330763638e-05
6.391065177529588254e+03,4.971546150045469403e-05
6.401066844474079517e+03,4.941289080306887627e-05
6.411068511418569869e+03,4.911345240543596447e-05
6.421070178363061132e+03,4.881625864072702825e-05
6.431071845307551484e+03,4.852048732573166490e-05
6.441073512252041837e+03,4.822552000405266881e-05
6.451075179196533099e+03,4.793347761733457446e-05
6.461076846141023452e+03,4.764331606565974653e-05
6.471078513085514714e+03,4.735525362775661051e-05
6.481080180030005067e+03,4.706866820924915373e-05
6.491081846974496329e+03,4.678354525822214782e-05
6.501083513918986682e+03,4.650137998396530747e-05
6.511085180863477945e+03,4.622040796675719321e-05
6.521086847807968297e+03,4.594065103447064757e-05
6.531088514752458650e+03,4.566212010104209185e-05
6.541090181696949912e+03,4.538648863672278821e-05
6.551091848641440265e+03,4.511296720011159778e-05
6.561093515585931527e+03,4.484126839088276029e-05
6.571095182530421880e+03,4.457063187146559358e-05
6.581096849474913142e+03,4.430213084560818970e-05
6.591098516419403495e+03,4.403512866701930761e-05
6.601100183363893848e+03,4.376951619633473456e-05
6.611101850308385110e+03,4.350543895270675421e-05
6.621103517252875463e+03,4.324377005104906857e-05
6.631105184197366725e+03,4.298405838198959827e-05
6.641106851141857078e+03,4.272614751243963838e-05
6.651108518086348340e+03,4.246917524142190814e-05
6.661110185030838693e+03,4.221388371661305428e-05
6.671111851975329955e+03,4.196016016067005694e-05
6.681113518919820308e+03,4.170919783064164221e-05
6.691115185864310661e+03,4.145859202253632247e-05
6.701116852808801923e+03,4.121029269299469888e-05
6.711118519753292276e+03,4.096296106581576169e-05
6.721120186697783538e+03,4.071725197718478739e-05
6.731121853642273891e+03,4.047344555146992207e-05
6.741123520586765153e+03,4.023073779535479844e-05
6.751125187531255506e+03,3.998981264885514975e-05
6.761126854475745859e+03,3.975065919803455472e-05
6.771128521420237121e+03,3.951273538405075669e-05
6.781130188364727474e+03,3.927665966330096126e-05
6.791131855309218736e+03,3.904254117514938116e-05
6.801133522253709089e+03,3.880885196849703789e-05
6.811135189198200351e+03,3.857713090837933123e-05
6.821136856142690704e+03,3.834634844679385424e-05
6.831138523087181056e+03,3.811800706898793578e-05
6.841140190031672319e+03,3.789109177887439728e-05
6.851141856976162671e+03,3.766503141378052533e-05
6.861143523920653934e+03,3.744022978935390711e-05
6.871145190865144286e+03,3.721764005604200065e-05
6.881146857809635549e+03,3.699630178743973374e-05
6.891148524754125901e+03,3.677612403407692909e-05
6.901150191698617164e+03,3.655685213743709028e-05
6.911151858643107516e+03,3.634014137787744403e-05
6.921153525587597869e+03,3.612472210079431534e-05
6.931155192532089131e+03,3.590966662159189582e-05
6.941156859476579484e+03,3.569676118786446750e-05
6.951158526421070746e+03,3.548446329659782350e-05
6.961160193365561099e+03,3.527416629367507994e-05
6.971161860310052361e+03,3.506582288537174463e-05
6.981163527254542714e+03,3.485755223664455116e-05
6.991165194199033067e+03,3.465147165115922689e-05
7.001166861143524329e+03,3.444576941546984017e-05
7.011168528088014682e+03,3.424176247790455818e-05
7.021170195032505944e+03,3.403933806112036109e-05
7.031171861976996297e+03,3.383829971426166594e-05
7.041173528921487559e+03,3.363758150953799486e-05
7.051175195865977912e+03,3.343918069731444120e-05
7.061176862810468265e+03,3.324164208606816828e-05
7.071178529754959527e+03,3.304573328932747245e-05
7.081180196699449880e+03,3.285079947090707719e-05
7.091181863643941142e+03,3.265707346145063639e-05
7.101183530588431495e+03,3.246435153414495289e-05
7.111185197532922757e+03,3.227358683943748474e-05
7.121186864477413110e+03,3.208276757504791021e-05
7.131188531421904372e+03,3.189445851603522897e-05
7.141190198366394725e+03,3.170636409777216613e-05
7.151191865310885078e+03,3.151920827804133296e-05
7.161193532255376340e+03,3.133392237941734493e-05
7.171195199199866693e+03,3.114951323368586600e-05
7.181196866144357955e+03,3.096626096521504223e-05
7.191198533088848308e+03,3.078428926528431475e-05
7.201200200033339570e+03,3.060345261474139988e-05
7.211201866977829923e+03,3.042352000193204731e-05
7.221203533922320275e+03,3.024508259841240942e-05
7.231205200866811538e+03,3.006733822985552251e-05
7.241206867811301890e+03,2.989065978908911347e-05
7.251208534755793153e+03,2.971527283079922199e-05
7.261210201700283505e+03,2.954094634333159775e-05
7.271211868644774768e+03,2.936803321063052863e-05
7.281213535589265121e+03,2.919570579251740128e-05
7.291215202533756383e+03,2.902414962591137737e-05
7.301216869478246736e+03,2.885449430323205888e-05
7.311218536422737088e+03,2.868523552024271339e-05
7.321220203367228351e+03,2.851671706594061106e-05
7.331221870311718703e+03,2.834945007634814829e-05
7.341223537256209966e+03,2.818294888129457831e-05
7.351225204200700318e+03,2.801803202601149678e-05
7.361226871145191581e+03,2.785389369819313288e-05
7.371228538089681933e+03,2.769096863630693406e-05
7.381230205034172286e+03,2.752840191533323377e-05
7.391231871978663548e+03,2.736731948971282691e-05
7.401233538923153901e+03,2.720767588471062481e-05
7.411235205867645163e+03,2.704837243072688580e-05
7.421236872812135516e+03,2.689028588065411896e-05
7.431238539756626778e+03,2.673328344826586545e-05
7.441240206701117131e+03,2.657679760886821896e-05
7.451241873645607484e+03,2.642175604705698788e-05
7.461243540590098746e+03,2.626696186780463904e-05
7.471245207534589099e+03,2.611376112326979637e-05
7.481246874479080361e+03,2.596109334263019264e-05
7.491248541423570714e+03,2.580954242148436606e-05
7.501250208368061976e+03,2.565876457083504647e-05
7.511251875312552329e+03,2.550894714659079909e-05
7.521253542257043591e+03,2.536005922593176365e-05
7.531255209201533944e+03,2.521236456232145429e-05
7.541256876146024297e+03,2.506512828404083848e-05
7.551258543090515559e+03,2.491877603461034596e-05
7.561260210035005912e+03,2.477352427376899868e-05
7.571261876979497174e+03,2.462961856508627534e-05
7.581263543923987527e+03,2.448573468427639455e-05
7.591265210868478789e+03,2.434268208162393421e-05
7.601266877812969142e+03,2.420126656943466514e-05
7.611268544757459495e+03,2.406024032097775489e-05
7.621270211701950757e+03,2.392006354057230055e-05
7.631271878646441110e+03,2.378128192503936589e-05
7.641273545590932372e+03,2.364278952882159501e-05
7.651275212535422725e+03,2.350528120587114245e-05
7.661276879479913987e+03,2.336873149033635855e-05
7.671278546424404340e+03,2.323269472981337458e-05
7.681280213368894692e+03,2.309817682544235140e-05
7.691281880313385955e+03,2.296376624144613743e-05
7.701283547257876307e+03,2.283059438923373818e-05
7.711285214202367570e+03,2.269819015054963529e-05
7.721286881146857922e+03,2.256660081911832094e-05
7.731288548091349185e+03,2.243554627057164907e-05
7.741290215035839537e+03,2.230511563539039344e-05
7.751291881980330800e+03,2.217605469923000783e-05
7.761293548924821152e+03,2.204736483690794557e-05
7.771295215869311505e+03,2.191956809838302433e-05
7.781296882813802767e+03,2.179287184844724834e-05
7.791298549758293120e+03,2.166645936085842550e-05
7.801300216702784383e+03,2.154107460228260607e-05
7.811301883647274735e+03,2.141647746611852199e-05
7.821303550591765998e+03,2.129264248651452363e-05
7.831305217536256350e+03,2.116951327479910105e-05
7.841306884480746703e+03,2.104694067384116352e-05
7.851308551425237965e+03,2.092507565976120532e-05
7.861310218369728318e+03,2.080420199490617961e-05
7.871311885314219580e+03,2.068377762043382972e-05
7.881313552258709933e+03,2.056423909380100667e-05
7.891315219203201195e+03,2.044539724010974169e-05
7.901316886147691548e+03,2.032734300883021206e-05
7.911318553092182810e+03,2.020994725171476603e-05
7.921320220036673163e+03,2.009358104260172695e-05
7.931321886981163516e+03,1.997726394620258361e-05
7.941323553925654778e+03,1.986184361157938838e-05
7.951325220870145131e+03,1.974753286049235612e-05
7.961326887814636393e+03,1.963351678568869829e-05
7.971328554759126746e+03,1.952022284967824817e-05
7.981330221703618008e+03,1.940738366101868451e-05
7.991331888648108361e+03,1.929560858116019517e-05
8.001333555592598714e+03,1.918427915370557457e-05
8.011335222537089976e+03,1.907392470457125455e-05
8.021336889481580329e+03,1.896400863188318908e-05
8.031338556426071591e+03,1.885457095340825617e-05
8.041340223370561944e+03,1.874596273410134017e-05
8.051341890315053206e+03,1.863800935097970068e-05
8.061343557259543559e+03,1.853057074185926467e-05
8.071345224204033912e+03,1.842381789174396545e-05
8.081346891148525174e+03,1.831773624871857464e-05
8.091348558093015527e+03,1.821237128751818091e-05
8.101350225037506789e+03,1.810745743568986654e-05
8.111351891981997142e+03,1.800362406356725842e-05
8.121353558926488404e+03,1.789983980415854603e-05
8.131355225870978757e+03,1.779687590897083282e-05
8.141356892815470019e+03,1.769444861565716565e-05
8.151358559759960372e+03,1.759277984092477709e-05
8.161360226704450724e+03,1.749182047205977142e-05
8.171361893648941987e+03,1.739090112096164376e-05
8.181363560593432339e+03,1.729102223180234432e-05
8.191365227537923602e+03,1.719165629765484482e-05
8.201366894482414864e+03,1.709305070107802749e-05
8.211368561426905217e+03,1.699474159977398813e-05
8.221370228371395569e+03,1.689726377662736923e-05
8.231371895315885922e+03,1.680041168583557010e-05
8.241373562260376275e+03,1.670403071329928935e-05
8.251375229204868447e+03,1.660814814385958016e-05
8.261376896149358799e+03,1.651294041948858649e-05
8.271378563093849152e+03,1.641812741581816226e-05
8.281380230038339505e+03,1.632408202567603439e-05
8.291381896982831677e+03,1.623051684873644263e-05
8.301383563927322029e+03,1.613755921425763518e-05
8.311385230871812382e+03,1.604518547537736595e-05
8.321386897816302735e+03,1.595336834725458175e-05
8.331388564760793088e+03,1.586186772328801453e-05
8.341390231705285260e+03,1.577089824422728270e-05
8.351391898649775612e+03,1.568067818880081177e-05
8.361393565594265965e+03,1.559104202897287905e-05
8.371395232538756318e+03,1.550168963149189949e-05
8.381396899483246671e+03,1.541337951493915170e-05
8.391398566427738842e+03,1.532510395918507129e-05
8.401400233372229195e+03,1.523722858109977096e-05
8.411401900316719548e+03,1.514993800810771063e-05
8.421403567261209901e+03,1.506338685430819169e-05
8.431405234205702072e+03,1.497728590038605034e-05
8.441406901150192425e+03,1.489162514189956710e-05
8.451408568094682778e+03,1.480663468100829050e-05
8.461410235039173131e+03,1.472201347496593371e-05
8.471411901983663483e+03,1.463799344492144883e-05
8.481413568928155655e+03,1.455411802453454584e-05
8.491415235872646008e+03,1.447116119379643351e-05
8.501416902817136361e+03,1.438843537471257150e-05
8.511418569761626713e+03,1.430623797205043957e-05
8.521420236706118885e+03,1.422492277924902737e-05
8.531421903650609238e+03,1.414362850482575595e-05
8.541423570595099591e+03,1.406318006047513336e-05
8.551425237539589943e+03,1.398294443788472563e-05
8.561426904484080296e+03,1.390308534610085189e-05
8.571428571428572468e+03,1.382398568239295855e-05
8.581430238373062821e+03,1.374531075271079317e-05
8.591431905317553174e+03,1.366696506011066958e-05
8.601433572262043526e+03,1.358915687887929380e-05
8.611435239206535698e+03,1.351187529508024454e-05
8.621436906151026051e+03,1.343500935035990551e-05
8.631438573095516404e+03,1.335840443061897531e-05
8.641440240040006756e+03,1.328233611275209114e-05
8.651441906984497109e+03,1.320707542618038133e-05
8.661443573928989281e+03,1.313200391450664029e-05
8.671445240873479634e+03,1.305725254496792331e-05
8.681446907817969986e+03,1.298309871344827116e-05
8.691448574762460339e+03,1.290921682084444910e-05
8.701450241706950692e+03,1.283600704482523724e-05
8.711451908651442864e+03,1.276308012165827677e-05
8.721453575595933216e+03,1.269053154828725383e-05
8.731455242540423569e+03,1.261868146684719250e-05
8.741456909484913922e+03,1.254727703781099990e-05
8.751458576429406094e+03,1.247586624231189489e-05
8.761460243373896446e+03,1.240514939127024263e-05
8.771461910318386799e+03,1.233492821484105662e-05
8.781463577262877152e+03,1.226508356921840459e-05
8.791465244207367505e+03,1.219559999299235642e-05
8.801466911151859676e+03,1.212658207805361599e-05
8.811468578096350029e+03,1.205789430969161913e-05
8.821470245040840382e+03,1.198964673676528037e-05
8.831471911985330735e+03,1.192166018881835043e-05
8.841473578929822907e+03,1.185431392514146864e-05
8.851475245874313259e+03,1.178713409899501130e-05
8.861476912818803612e+03,1.172047905129147694e-05
8.871478579763293965e+03,1.165402318292763084e-05
8.881480246707784318e+03,1.158814484369941056e-05
8.891481913652276489e+03,1.152248842117842287e-05
8.901483580596766842e+03,1.145725855167256668e-05
8.911485247541257195e+03,1.139231517299776897e-05
8.921486914485747548e+03,1.132788293034536764e-05
8.931488581430237900e+03,1.126371898862998933e-05
8.941490248374730072e+03,1.120001343224430457e-05
8.951491915319220425e+03,1.113685357267968357e-05
8.961493582263710778e+03,1.107357275031972677e-05
8.971495249208201130e+03,1.101097859645960853e-05
8.981496916152693302e+03,1.094875460694311187e-05
8.991498583097183655e+03,1.088680346583714709e-05
9.001500250041674008e+03,1.082542257790919393e-05
9.011501916986164360e+03,1.076402622857131064e-05
9.021503583930654713e+03,1.070319922291673720e-05
9.031505250875146885e+03,1.064268417394487187e-05
9.041506917819637238e+03,1.058248381013981998e-05
9.051508584764127590e+03,1.052287279890151694e-05
9.061510251708617943e+03,1.046349552780156955e-05
9.071511918653110115e+03,1.040424467646516860e-05
9.081513585597600468e+03,1.034545039146905765e-05
9.091515252542090820e+03,1.028700717142783105e-05
9.101516919486581173e+03,1.022886317514348775e-05
9.111518586431071526e+03,1.017132672131992877e-05
9.121520253375563698e+03,1.011371932690963149e-05
9.131521920320054051e+03,1.005673948384355754e-05
9.141523587264544403e+03,1.000003521767212078e-05
9.151525254209034756e+03,9.943733857653569430e-06
9.161526921153525109e+03,9.887566193356178701e-06
9.171528588098017281e+03,9.831878742261324078e-06
9.181530255042507633e+03,9.776520528248511255e-06
9.191531921986997986e+03,9.721538845042232424e-06
9.201533588931488339e+03,9.666808182373642921e-06
9.211535255875980511e+03,9.612368558009620756e-06
9.221536922820470863e+03,9.558054443914443254e-06
9.231538589764961216e+03,9.504252375336363912e-06
9.241540256709451569e+03,9.450620382267516106e-06
9.251541923653941922e+03,9.397494977747555822e-06
9.261543590598434093e+03,9.344750651507638395e-06
9.271545257542924446e+03,9.292013601225335151e-06
9.281546924487414799e+03,9.239846804121043533e-06
9.291548591431905152e+03,9.187876457872334868e-06
9.301550258376397323e+03,9.136263543041422963e-06
9.311551925320887676e+03,9.084896191779989749e-06
9.321553592265378029e+03,9.033787137013860047e-06
9.331555259209868382e+03,8.983008228824473917e-06
9.341556926154358734e+03,8.932584933063481003e-06
9.351558593098850906e+03,8.882389010977931321e-06
9.361560260043341259e+03,8.832423191051930189e-06
9.371561926987831612e+03,8.782778422755654901e-06
9.381563593932321965e+03,8.733424692763946950e-06
9.391565260876812317e+03,8.684463864483404905e-06
9.401566927821304489e+03,8.635641279397532344e-06
9.411568594765794842e+03,8.587110642110928893e-06
9.421570261710285195e+03,8.538804650015663356e-06
9.431571928654775547e+03,8.490709660691209137e-06
9.441573595599267719e+03,8.443015758530236781e-06
9.451575262543758072e+03,8.395532859140075743e-06
9.461576929488248425e+03,8.348514711542520672e-06
9.471578596432738777e+03,8.301499292429070920e-06
9.481580263377229130e+03,8.254892236436717212e-06
9.491581930321721302e+03,8.208594408642966300e-06
9.501583597266211655e+03,8.162637641362380236e-06
9.511585264210702007e+03,8.116676326608285308e-06
9.521586931155192360e+03,8.070987860264722258e-06
9.531588598099684532e+03,8.025686838664114475e-06
9.541590265044174885e+03,7.980763257364742458e-06
9.551591931988665237e+03,7.936063411762006581e-06
9.561593598933155590e+03,7.891443601693026721e-06
9.571595265877645943e+03,7.847170309105422348e-06
9.581596932822138115e+03,7.803190783306490630e-06
9.591598599766628467e+03,7.759492291370406747e-06
9.601600266711118820e+03,7.716117579548154026e-06
9.611601933655609173e+03,7.672786523471586406e-06
9.621603600600099526e+03,7.630019354110118002e-06
9.631605267544591698e+03,7.587257186969509348e-06
9.641606934489082050e+03,7.544766503997379914e-06
9.651608601433572403e+03,7.502534117520553991e-06
9.661610268378062756e+03,7.460706001438666135e-06
9.671611935322554928e+03,7.418960194627288729e-06
9.681613602267045280e+03,7.377505426120478660e-06
9.691615269211535633e+03,7.336295311688445508e-06
9.701616936156025986e+03,7.295269369933521375e-06
9.711618603100516339e+03,7.254501269926549867e-06
9.721620270045008510e+03,7.213960543595021591e-06
9.731621936989498863e+03,7.173715857788920403e-06
9.741623603933989216e+03,7.133789495128439739e-06
9.751625270878479569e+03,7.093869498930871487e-06
9.761626937822971740e+03,7.054253728711046278e-06
9.771628604767462093e+03,7.014923994574928656e-06
9.781630271711952446e+03,6.975803898967569694e-06
9.791631938656442799e+03,6.936912541277706623e-06
9.801633605600933151e+03,6.898148512846091762e-06
9.811635272545425323e+03,6.859647783130640164e-06
9.821636939489915676e+03,6.821439001214457676e-06
9.831638606434406029e+03,6.783417575206840411e-06
9.841640273378896381e+03,6.745608970959438011e-06
9.851641940323388553e+03,6.707995908072916791e-06
9.861643607267878906e+03,6.670613856840645894e-06
9.871645274212369259e+03,6.633462362515274435e-06
9.881646941156859612e+03,6.596490038646152243e-06
9.891648608101349964e+03,6.559824669238878414e-06
9.901650275045842136e+03,6.523270258185220882e-06
9.911651941990332489e+03,6.487002337962621823e-06
9.921653608934822842e+03,6.450862656492972746e-06
9.931655275879313194e+03,6.414952622435521334e-06
9.941656942823803547e+03,6.379330443451181054e-06
9.951658609768295719e+03,6.343869699776405469e-06
9.961660276712786072e+03,6.308482170425122604e-06
9.971661943657276424e+03,6.273336566664511338e-06
9.981663610601766777e+03,6.238371042854851112e-06
9.991665277546258949e+03,6.203636985446792096e-06
1.000166694449074930e+04,6.169083007989684120e-06
1.001166861143523965e+04,6.134658633527578786e-06
1.002167027837973001e+04,6.100553491705795750e-06
1.003167194532422036e+04,6.066592959541594610e-06
1.004167361226871253e+04,6.032799319655168802e-06
1.005167527921320288e+04,5.999228960718028247e-06
1.006167694615769324e+04,5.965812306385487318e-06
1.007167861310218359e+04,5.932634394412161782e-06
1.008168028004667576e+04,5.899532425246434286e-06
1.009168194699116611e+04,5.866771516593871638e-06
1.010168361393565647e+04,5.834190687892260030e-06
1.011168528088014682e+04,5.801623501611175016e-06
1.012168694782463717e+04,5.769325980509165674e-06
1.013168861476912934e+04,5.737267656513722613e-06
1.014169028171361970e+04,5.705343482986791059e-06
1.015169194865811005e+04,5.673659870808478445e-06
1.016169361560260040e+04,5.642179530696012080e-06
1.017169528254709076e+04,5.610825155599741265e-06
1.018169694949158293e+04,5.579759090323932469e-06
1.019169861643607328e+04,5.548789431486511603e-06
1.020170028338056363e+04,5.517948011402040720e-06
1.021170195032505399e+04,5.487434009410208091e-06
1.022170361726954616e+04,5.457028692035237327e-06
1.023170528421403651e+04,5.426769348559901118e-06
1.024170695115852686e+04,5.396660071710357442e-06
1.025170861810301722e+04,5.366789537220029160e-06
1.026171028504750757e+04,5.336997674021404237e-06
1.027171195199199974e+04,5.307438186719082296e-06
1.028171361893649009e+04,5.278056505630956963e-06
1.029171528588098045e+04,5.248838988336501643e-06
1.030171695282547080e+04,5.219752438279101625e-06
1.031171861976996297e+04,5.190829597268020734e-06
1.032172028671445332e+04,5.162071829545311630e-06
1.033172195365894368e+04,5.133508693688781932e-06
1.034172362060343403e+04,5.105076070321956649e-06
1.035172528754792438e+04,5.076760317024309188e-06
1.036172695449241655e+04,5.048697858001105487e-06
1.037172862143690691e+04,5.020770004193764180e-06
1.038173028838139726e+04,4.992978119844337925e-06
1.039173195532588761e+04,4.965410880686249584e-06
1.040173362227037796e+04,4.937902758683776483e-06
1.041173528921487014e+04,4.910620191367343068e-06
1.042173695615936049e+04,4.883429937763139606e-06
1.043173862310385084e+04,4.856513442064169794e-06
1.044174029004834119e+04,4.829678800888359547e-06
1.045174195699283337e+04,4.802959665539674461e-06
1.046174362393732372e+04,4.776483820023713633e-06
1.047174529088181407e+04,4.750080734083894640e-06
1.048174695782630442e+04,4.723850452137412503e-06
1.049174862477079478e+04,4.697873464465374127e-06
1.050175029171528695e+04,4.671909209719160572e-06
1.051175195865977730e+04,4.646169145416934043e-06
1.052175362560426765e+04,4.620471372618339956e-06
1.053175529254875801e+04,4.594960955728311092e-06
1.054175695949325018e+04,4.569545126287266612e-06
1.055175862643774053e+04,4.544365765468683094e-06
1.056176029338223088e+04,4.519257799984188750e-06
1.057176196032672124e+04,4.494309905567206442e-06
1.058176362727121159e+04,4.469487066671717912e-06
1.059176529421570376e+04,4.444871592568233609e-06
1.060176696116019411e+04,4.420330242282943800e-06
1.061176862810468447e+04,4.396083113533677533e-06
1.062177029504917482e+04,4.371802788227796555e-06
1.063177196199366517e+04,4.347700723883463070e-06
1.064177362893815734e+04,4.323776920500677079e-06
1.065177529588264770e+04,4.299920874473173171e-06
1.066177696282713805e+04,4.276241270417813212e-06
1.067177862977162840e+04,4.252734015608439222e-06
1.068178029671612057e+04,4.229245405440451577e-06
1.069178196366061093e+04,4.205987806926714256e-06
1.070178363060510128e+04,4.182855263934470713e-06
1.071178529754959163e+04,4.159788659308105707e-06
1.072178696449408199e+04,4.136958978051552549e-06
1.073178863143857416e+04,4.114144303457578644e-06
1.074179029838306451e+04,4.091500159120187163e-06
1.075179196532755486e+04,4.068997895956272259e-06
1.076179363227204522e+04,4.046633421239675954e-06
1.077179529921653739e+04,4.024383088108152151e-06
1.078179696616102774e+04,4.002260084234876558e-06
1.079179863310551809e+04,3.980275323556270450e-06
1.080180030005000845e+04,3.958381512347841635e-06
1.081180196699449880e+04,3.936640496249310672e-06
1.082180363393899097e+04,3.915008619514992461e-06
1.083180530088348132e+04,3.893507710017729551e-06
1.084180696782797168e+04,3.872149136441294104e-06
1.085180863477246203e+04,3.850830125884385780e-06
1.086181030171695420e+04,3.829767592833377421e-06
1.087181196866144455e+04,3.808709834629553370e-06
1.088181363560593491e+04,3.787822834055987187e-06
1.089181530255042526e+04,3.767014959521475248e-06
1.090181696949491561e+04,3.746341690202825703e-06
1.091181863643940778e+04,3.725845090229995549e-06
1.092182030338389814e+04,3.705403969433973543e-06
1.093182197032838849e+04,3.685111096274340525e-06
1.094182363727287884e+04,3.664845053208409809e-06
1.095182530421736919e+04,3.644760909082833678e-06
1.096182697116186137e+04,3.624747705543995835e-06
1.097182863810635172e+04,3.604880930652143434e-06
1.098183030505084207e+04,3.585116473914240487e-06
1.099183197199533242e+04,3.565460019672173075e-06
1.100183363893982460e+04,3.545886102074291557e-06
1.101183530588431495e+04,3.526419277477543801e-06
1.102183697282880530e+04,3.507108203848474659e-06
1.103183863977329565e+04,3.487890353426337242e-06
1.104184030671778601e+04,3.468785735094570555e-06
1.105184197366227818e+04,3.449740461292094551e-06
1.106184364060676853e+04,3.430814103921875358e-06
1.107184530755125888e+04,3.412066689634229988e-06
1.108184697449574924e+04,3.393355655134655535e-06
1.109184864144024141e+04,3.374786729182233103e-06
1.110185030838473176e+04,3.356363777129445225e-06
1.111185197532922211e+04,3.337934231240069494e-06
1.112185364227371247e+04,3.319680217828135937e-06
1.113185530921820282e+04,3.301515107523300685e-06
1.114185697616269499e+04,3.283461182945757173e-06
1.115185864310718534e+04,3.265495934101636522e-06
1.116186031005167570e+04,3.247664153605001047e-06
1.117186197699616605e+04,3.229896265111165121e-06
1.118186364394065640e+04,3.212242972949752584e-06
1.119186531088514857e+04,3.194697683284175582e-06
1.120186697782963893e+04,3.177250164299039170e-06
1.121186864477412928e+04,3.159922925988212228e-06
1.122187031171861963e+04,3.142594323435332626e-06
1.123187197866311180e+04,3.125433067907579243e-06
1.124187364560760216e+04,3.108380269623012282e-06
1.125187531255209251e+04,3.091376811426016502e-06
1.126187697949658286e+04,3.074497271882137284e-06
1.127187864644107322e+04,3.057689809793373570e-06
1.128188031338556539e+04,3.040978072021971457e-06
1.129188198033005574e+04,3.024368652404518798e-06
1.130188364727454609e+04,3.007878149219322950e-06
1.131188531421903645e+04,2.991435849253321066e-06
1.132188698116352862e+04,2.975099050672724843e-06
1.133188864810801897e+04,2.958870481961639598e-06
1.134189031505250932e+04,2.942731271105003543e-06
1.135189198199699968e+04,2.926650495282956399e-06
1.136189364894149003e+04,2.910701141445315443e-06
1.137189531588598220e+04,2.894830686273053288e-06
1.138189698283047255e+04,2.879067324101924896e-06
1.139189864977496291e+04,2.863361032723332755e-06
1.140190031671945326e+04,2.847665882654837333e-06
1.141190198366394361e+04,2.832155814758152701e-06
1.142190365060843578e+04,2.816702362906653434e-06
1.143190531755292614e+04,2.801360551529796794e-06
1.144190698449741649e+04,2.786097866191994399e-06
1.145190865144190684e+04,2.770911578409140930e-06
1.146191031838639901e+04,2.755780087682069279e-06
1.147191198533088937e+04,2.740789113886421546e-06
1.148191365227537972e+04,2.725849526541423984e-06
1.149191531921987007e+04,2.710995204324717633e-06
1.150191698616436042e+04,2.696208639463293366e-06
1.151191865310885260e+04,2.681533715076511726e-06
1.152192032005334295e+04,2.666960881470004097e-06
1.153192198699783330e+04,2.652474904607515782e-06
1.154192365394232365e+04,2.638035084601142444e-06
1.155192532088681583e+04,2.623652108013629913e-06
1.156192698783130618e+04,2.609360535643645562e-06
1.157192865477579653e+04,2.595179694253602065e-06
1.158193032172028688e+04,2.581069338702945970e-06
1.159193198866477724e+04,2.567026513133896515e-06
1.160193365560926941e+04,2.553058266130392440e-06
1.161193532255375976e+04,2.539151637392933480e-06
1.162193698949825011e+04,2.525344370951643214e-06
1.163193865644274047e+04,2.511607590349740349e-06
1.164194032338723082e+04,2.497945843060733750e-06
1.165194199033172299e+04,2.484396418367396109e-06
1.166194365727621334e+04,2.470845629432005808e-06
1.167194532422070370e+04,2.457422397128539160e-06
1.168194699116519405e+04,2.444087840558495373e-06
1.169194865810968622e+04,2.430808763165259734e-06
1.170195032505417657e+04,2.417594942016876303e-06
1.171195199199866693e+04,2.404438191661029123e-06
1.172195365894315728e+04,2.391417410763096996e-06
1.173195532588764763e+04,2.378423914706218056e-06
1.174195699283213980e+04,2.365447699048672803e-06
1.175195865977663016e+04,2.352613819311955012e-06
1.176196032672112051e+04,2.339881802981835790e-06
1.177196199366561086e+04,2.327173660887638107e-06
1.178196366061010303e+04,2.314573748662951402e-06
1.179196532755459339e+04,2.301996346432133578e-06
1.180196699449908374e+04,2.289491931151133031e-06
1.181196866144357409e+04,2.277099611092125997e-06
1.182197032838806444e+04,2.264725253553478979e-06
1.183197199533255662e+04,2.252418425996438600e-06
1.184197366227704697e+04,2.240235517092514783e-06
1.185197532922153732e+04,2.228144694527145475e-06
1.186197699616602767e+04,2.216017946921056136e-06
1.187197866311051803e+04,2.203995109084644355e-06
1.188198033005501020e+04,2.192055035266093910e-06
1.189198199699950055e+04,2.180190904255141504e-06
1.190198366394399090e+04,2.168367927879444323e-06
1.191198533088848126e+04,2.156598156943800859e-06
1.192198699783297343e+04,2.144920472346711904e-06
1.193198866477746378e+04,2.133291218342492357e-06
1.194199033172195413e+04,2.121749275829643011e-06
1.195199199866644449e+04,2.110238028762978502e-06
1.196199366561093484e+04,2.098818185913842171e-06
1.197199533255542701e+04,2.087425400532083586e-06
1.198199699949991737e+04,2.076098780889878981e-06
1.199199866644440772e+04,2.064874934148974717e-06
1.200200033338889807e+04,2.053703383353422396e-06
1.201200200033339024e+04,2.042548430836177431e-06
1.202200366727788060e+04,2.031494659604504704e-06
1.203200533422237095e+04,2.020540250669000670e-06
1.204200700116686130e+04,2.009604713748558424e-06
1.205200866811135165e+04,1.998700099647976458e-06
1.206201033505584383e+04,1.987893710975185968e-06
1.207201200200033418e+04,1.977158717636484653e-06
1.208201366894482453e+04,1.966450781765161082e-06
1.209201533588931488e+04,1.955804691533558071e-06
1.210201700283380706e+04,1.945229087141342461e-06
1.211201866977829741e+04,1.934701913341996260e-06
1.212202033672278776e+04,1.924272055475739762e-06
1.213202200366727811e+04,1.913870846692589112e-06
1.214202367061176847e+04,1.903533643599075731e-06
1.215202533755626064e+04,1.893214744086435530e-06
1.216202700450075099e+04,1.882993501567398198e-06
1.217202867144524134e+04,1.872791472123935819e-06
1.218203033838973170e+04,1.862686076492536813e-06
1.219203200533422205e+04,1.852623427112121135e-06
1.220203367227871422e+04,1.842642177507514134e-06
1.221203533922320457e+04,1.832681164160021581e-06
1.222203700616769493e+04,1.822772333071043249e-06
1.223203867311218528e+04,1.812936488931882195e-06
1.224204034005667745e+04,1.803141572054300923e-06
1.225204200700116780e+04,1.793422939044830855e-06
1.226204367394565816e+04,1.783735910976247396e-06
1.227204534089014851e+04,1.774088559614028782e-06
1.228204700783463886e+04,1.764524427017022390e-06
1.229204867477913103e+04,1.754989852997823618e-06
1.230205034172362139e+04,1.745542931530508213e-06
1.231205200866811174e+04,1.736131366669724230e-06
1.232205367561260209e+04,1.726753339426068123e-06
1.233205534255709426e+04,1.717451709737360943e-06
1.234205700950158462e+04,1.708206582407001406e-06
1.235205867644607497e+04,1.698989080978208221e-06
1.236206034339056532e+04,1.689822852313227486e-06
1.237206201033505567e+04,1.680720856711559463e-06
1.238206367727954785e+04,1.671649670242913999e-06
1.239206534422403820e+04,1.662662043599993922e-06
1.240206701116852855e+04,1.653704771342745516e-06
1.241206867811301890e+04,1.644798430788796395e-06
1.242207034505750926e+04,1.635917328712821472e-06
1.243207201200200143e+04,1.627097617529216222e-06
1.244207367894649178e+04,1.618333499209256843e-06
1.245207534589098213e+04,1.609638388799794484e-06
1.246207701283547249e+04,1.600968175807793159e-06
1.247207867977996466e+04,1.592336730027454905e-06
1.248208034672445501e+04,1.583762696100166067e-06
1.249208201366894536e+04,1.575255623720295262e-06
1.250208368061343572e+04,1.566793798701837659e-06
1.251208534755792607e+04,1.558359144837595522e-06
1.252208701450241824e+04,1.549981675452727359e-06
1.253208868144690859e+04,1.541671736049465835e-06
1.254209034839139895e+04,1.533375780127244070e-06
1.255209201533588930e+04,1.525143829894659575e-06
1.256209368228038147e+04,1.516956785962975118e-06
1.257209534922487182e+04,1.508814989392703865e-06
1.258209701616936218e+04,1.500697067058354151e-06
1.259209868311385253e+04,1.492651904300146271e-06
1.260210035005834288e+04,1.484634481130342465e-06
1.261210201700283505e+04,1.476646275477833115e-06
1.262210368394732541e+04,1.468731170461978763e-06
1.263210535089181576e+04,1.460833914279646706e-06
1.264210701783630611e+04,1.453009872420807369e-06
1.265210868478079647e+04,1.445235852770565543e-06
1.266211035172528864e+04,1.437480023014359176e-06
1.267211201866977899e+04,1.429759663551521953e-06
1.268211368561426934e+04,1.422097511749598198e-06
1.269211535255875970e+04,1.414479129380197264e-06
1.270211701950325187e+04,1.406896899425191805e-06
1.271211868644774222e+04,1.399362076881516259e-06
1.272212035339223257e+04,1.391878640788490884e-06
1.273212202033672293e+04,1.384408164994965773e-06
1.274212368728121328e+04,1.376990553580981214e-06
1.275212535422570545e+04,1.369626488667563535e-06
1.276212702117019580e+04,1.362299258289567661e-06
1.277212868811468616e+04,1.354998175884247757e-06
1.278213035505917651e+04,1.347742113466665614e-06
1.279213202200366868e+04,1.340538119620759971e-06
1.280213368894815903e+04,1.333373688794381451e-06
1.281213535589264939e+04,1.326238816545810550e-06
1.282213702283713974e+04,1.319170451097306795e-06
1.283213868978163009e+04,1.312109588980092667e-06
1.284214035672612226e+04,1.305067939938453492e-06
1.285214202367061262e+04,1.298110191783052869e-06
1.286214369061510297e+04,1.291160515393130481e-06
1.287214535755959332e+04,1.284261543332831934e-06
1.288214702450408367e+04,1.277434421353973448e-06
1.289214869144857585e+04,1.270602979275281541e-06
1.290215035839306620e+04,1.263822014152538031e-06
1.291215202533755655e+04,1.257049234482110478e-06
1.292215369228204690e+04,1.250354898729710840e-06
1.293215535922653908e+04,1.243672954842622858e-06
1.294215702617102943e+04,1.237026367562066298e-06
1.295215869311551978e+04,1.230415932695905212e-06
1.296216036006001013e+04,1.223859726451337337e-06
1.297216202700450049e+04,1.217330918734660372e-06
1.298216369394899266e+04,1.210815980812185444e-06
1.299216536089348301e+04,1.204381305797141977e-06
1.300216702783797336e+04,1.197955384668603074e-06
1.301216869478246372e+04,1.191577553072420415e-06
1.302217036172695589e+04,1.185219275612325873e-06
1.303217202867144624e+04,1.178895104203547817e-06
1.304217369561593659e+04,1.172615043287805747e-06
1.305217536256042695e+04,1.166349989034642931e-06
1.306217702950491730e+04,1.160136093858454842e-06
1.307217869644940947e+04,1.153964149125386029e-06
1.308218036339389982e+04,1.147798229794716462e-06
1.309218203033839018e+04,1.141697566708899103e-06
1.310218369728288053e+04,1.135635784521582536e-06
1.311218536422737270e+04,1.129569227487081662e-06
1.312218703117186305e+04,1.123559854931954760e-06
1.313218869811635341e+04,1.117576175602152944e-06
1.314219036506084376e+04,1.111643200601974968e-06
1.315219203200533411e+04,1.105733417716692202e-06
1.316219369894982628e+04,1.099846940633142367e-06
1.317219536589431664e+04,1.094020376513071824e-06
1.318219703283880699e+04,1.088199041987536475e-06
1.319219869978329734e+04,1.082416474673664197e-06
1.320220036672778770e+04,1.076689954970788676e-06
1.321220203367227987e+04,1.070970824912365060e-06
1.322220370061677022e+04,1.065287051460472867e-06
1.323220536756126057e+04,1.059621695276291575e-06
1.324220703450575093e+04,1.053992491506505758e-06
1.325220870145024310e+04,1.048413878379506059e-06
1.326221036839473345e+04,1.042849248733546119e-06
1.327221203533922380e+04,1.037320657815143932e-06
1.328221370228371416e+04,1.031832880471483804e-06
1.329221536922820451e+04,1.026355448630056344e-06
1.330221703617269668e+04,1.020918944050208665e-06
1.331221870311718703e+04,1.015503471535339486e-06
1.332222037006167739e+04,1.010141545521037187e-06
1.333222203700616774e+04,1.004786668090673629e-06
1.334222370395065991e+04,9.994513447963981889e-07
1.335222537089515026e+04,9.941657026502070948e-07
1.336222703783964062e+04,9.888929071166785434e-07
1.337222870478413097e+04,9.836464869295014068e-07
1.338223037172862132e+04,9.784342864804784767e-07
1.339223203867311349e+04,9.732459602673770860e-07
1.340223370561760385e+04,9.680848052084911615e-07
1.341223537256209420e+04,9.629663964005885646e-07
1.342223703950658455e+04,9.578707249602302909e-07
1.343223870645107490e+04,9.527919928586925380e-07
1.344224037339556708e+04,9.477513458477915265e-07
1.345224204034005743e+04,9.427251939087000210e-07
1.346224370728454778e+04,9.377291689816047437e-07
1.347224537422903813e+04,9.327745829068589956e-07
1.348224704117353031e+04,9.278325592276814859e-07
1.349224870811802066e+04,9.229165698343422264e-07
1.350225037506251101e+04,9.180274673781241290e-07
1.351225204200700136e+04,9.131796900874178391e-07
1.352225370895149172e+04,9.083562417799839750e-07
1.353225537589598389e+04,9.035421157932432834e-07
1.354225704284047424e+04,8.987673254523542710e-07
1.355225870978496459e+04,8.940105544752441347e-07
1.356226037672945495e+04,8.892859568732092157e-07
1.357226204367394712e+04,8.845831303005979862e-07
1.358226371061843747e+04,8.799022452876670286e-07
1.359226537756292782e+04,8.752477356210874859e-07
1.360226704450741818e+04,8.706189191798330285e-07
1.361226871145190853e+04,8.660119874548399821e-07
1.362227037839640070e+04,8.614458124611701351e-07
1.363227204534089105e+04,8.568836733502394054e-07
1.364227371228538141e+04,8.523605288246471900e-07
1.365227537922987176e+04,8.478518793708644807e-07
1.366227704617436211e+04,8.433697189502709080e-07
1.367227871311885428e+04,8.389092727156821638e-07
1.368228038006334464e+04,8.344823640982212964e-07
1.369228204700783499e+04,8.300810918626666535e-07
1.370228371395232534e+04,8.256971000264456961e-07
1.371228538089681751e+04,8.213260684897250030e-07
1.372228704784130787e+04,8.169847660610685125e-07
1.373228871478579822e+04,8.126795023599697743e-07
1.374229038173028857e+04,8.083987381724000443e-07
1.375229204867477893e+04,8.041345154197188094e-07
1.376229371561927110e+04,7.999020681381807663e-07
1.377229538256376145e+04,7.956813306009280495e-07
1.378229704950825180e+04,7.914790103313862346e-07
1.379229871645274216e+04,7.873183562878693920e-07
1.380230038339723433e+04,7.831735615582147148e-07
1.381230205034172468e+04,7.790366680637816899e-07
1.382230371728621503e+04,7.749408155177661683e-07
1.383230538423070539e+04,7.708644034210010432e-07
1.384230705117519574e+04,7.668047601327998564e-07
1.385230871811968791e+04,7.627696163581276778e-07
1.386231038506417826e+04,7.587511845486005768e-07
1.387231205200866862e+04,7.547661198259447701e-07
1.388231371895315897e+04,7.507926511607365683e-07
1.389231538589764932e+04,7.468484000128228217e-07
1.390231705284214149e+04,7.429355264321202412e-07
1.391231871978663185e+04,7.390329415102314670e-07
1.392232038673112220e+04,7.351595172622182872e-07
1.393232205367561255e+04,7.312996785913128406e-07
1.394232372062010472e+04,7.274499580489646178e-07
1.395232538756459508e+04,7.236375836328079458e-07
1.396232705450908543e+04,7.198412959041888826e-07
1.397232872145357578e+04,7.160695645325176883e-07
1.398233038839806613e+04,7.123070986381208058e-07
1.399233205534255831e+04,7.085704964993055910e-07
1.400233372228704866e+04,7.048614634186378680e-07
1.401233538923153901e+04,7.011685738689266145e-07
1.402233705617602936e+04,6.974947268645337317e-07
1.403233872312052154e+04,6.938400929357158020e-07
1.404234039006501189e+04,6.902029667799070012e-07
1.405234205700950224e+04,6.865802788524888456e-07
1.406234372395399259e+04,6.829924927842512261e-07
1.407234539089848295e+04,6.794201681259437464e-07
1.408234705784297512e+04,6.758580184396123514e-07
1.409234872478746547e+04,6.723226988469832577e-07
1.410235039173195582e+04,6.688002258670167066e-07
1.411235205867644618e+04,6.652960564679233357e-07
1.412235372562093653e+04,6.618212182729621418e-07
1.413235539256542870e+04,6.583709364349488169e-07
1.414235705950991905e+04,6.549144018208608031e-07
1.415235872645440941e+04,6.514874257845804095e-07
1.416236039339889976e+04,6.480769911831885111e-07
1.417236206034339193e+04,6.446945803872949909e-07
1.418236372728788228e+04,6.413251298909017351e-07
1.419236539423237264e+04,6.379735282280307729e-07
1.420236706117686299e+04,6.346442091853532474e-07
1.421236872812135334e+04,6.313301241789304186e-07
1.422237039506584551e+04,6.280220077314879745e-07
1.423237206201033587e+04,6.247460078157018870e-07
1.424237372895482622e+04,6.214847303454007488e-07
1.425237539589931657e+04,6.182472134241834283e-07
1.426237706284380874e+04,6.150216904643457383e-07
1.427237872978829910e+04,6.118168016655545216e-07
1.428238039673278945e+04,6.086256121307087597e-07
1.429238206367727980e+04,6.054538062016945332e-07
1.430238373062177016e+04,6.022998491062026005e-07
1.431238539756626233e+04,5.991597618049127050e-07
1.432238706451075268e+04,5.960380349279148504e-07
1.433238873145524303e+04,5.929318263042659964e-07
1.434239039839973339e+04,5.898465360587579198e-07
1.435239206534422556e+04,5.867765366929234006e-07
1.436239373228871591e+04,5.837256367158261128e-07
1.437239539923320626e+04,5.806942908748169430e-07
1.438239706617769662e+04,5.776750526820251253e-07
1.439239873312218697e+04,5.746665010519791394e-07
1.440240040006667914e+04,5.716825626222998835e-07
1.441240206701116949e+04,5.687217594640969764e-07
1.442240373395565985e+04,5.657714723383833189e-07
1.443240540090015020e+04,5.628263011203671340e-07
1.444240706784464055e+04,5.599063683803251479e-07
1.445240873478913272e+04,5.569951326833688654e-07
1.446241040173362308e+04,5.541081122828472871e-07
1.447241206867811343e+04,5.512369511961878743e-07
1.448241373562260378e+04,5.483746008394518867e-07
1.449241540256709595e+04,5.455310656543588266e-07
1.450241706951158631e+04,5.426994675872265361e-07
1.451241873645607666e+04,5.398875941864389461e-07
1.452242040340056701e+04,5.370956728256714996e-07
1.453242207034505736e+04,5.343044335859303828e-07
1.454242373728954954e+04,5.315319526744133327e-07
1.455242540423403989e+04,5.287822659738594666e-07
1.456242707117853024e+04,5.260408215690404177e-07
1.457242873812302059e+04,5.233248998592898715e-07
1.458243040506751277e+04,5.206178457228816114e-07
1.459243207201200312e+04,5.179241497899056412e-07
1.460243373895649347e+04,5.152450057721580379e-07
1.461243540590098382e+04,5.125748430145904422e-07
1.462243707284547418e+04,5.099318514112383127e-07
1.463243873978996635e+04,5.072948852102854289e-07
1.464244040673445670e+04,5.046675823905388825e-07
1.465244207367894705e+04,5.020698381485999562e-07
1.466244374062343741e+04,4.994735718355514109e-07
1.467244540756792776e+04,4.969022029399638996e-07
1.468244707451241993e+04,4.943326530337799340e-07
1.469244874145691028e+04,4.917864657727477606e-07
1.470245040840140064e+04,4.892555125479702838e-07
1.471245207534589099e+04,4.867306984124297742e-07
1.472245374229038316e+04,4.842266889681923203e-07
1.473245540923487351e+04,4.817293870473804418e-07
1.474245707617936387e+04,4.792426011590578128e-07
1.475245874312385422e+04,4.767825032558903331e-07
1.476246041006834457e+04,4.743204158330627251e-07
1.477246207701283674e+04,4.718826005500886822e-07
1.478246374395732710e+04,4.694547044437058503e-07
1.479246541090181745e+04,4.670295936648471979e-07
1.480246707784630780e+04,4.646361162485845853e-07
1.481246874479079997e+04,4.622490905603626743e-07
1.482247041173529033e+04,4.598780947162595112e-07
1.483247207867978068e+04,4.575082925839524250e-07
1.484247374562427103e+04,4.551576466838014312e-07
1.485247541256876139e+04,4.528242527612746926e-07
1.486247707951325356e+04,4.504977653141395422e-07
1.487247874645774391e+04,4.481877056150551653e-07
1.488248041340223426e+04,4.458863429590564920e-07
1.489248208034672462e+04,4.435987648321315646e-07
1.490248374729121497e+04,4.413284102611214621e-07
1.491248541423570714e+04,4.390666674680687720e-07
1.492248708118019749e+04,4.368144175259658368e-07
1.493248874812468785e+04,4.345890545209840639e-07
1.494249041506917820e+04,4.323596840549726039e-07
1.495249208201367037e+04,4.301481908441928681e-07
1.496249374895816072e+04,4.279450820376951015e-07
1.497249541590265108e+04,4.257590546785650076e-07
1.498249708284714143e+04,4.235833159782487201e-07
1.499249874979163178e+04,4.214117836909281323e-07
1.500250041673612395e+04,4.192663425328646554e-07
1.501250208368061431e+04,4.171270120423287153e-07
1.502250375062510466e+04,4.149965491251350613e-07
1.503250541756959501e+04,4.128843329453957267e-07
1.504250708451408718e+04,4.107710651624074671e-07
1.505250875145857754e+04,4.086766409727715654e-07
1.506251041840306789e+04,4.065950918175076367e-07
1.507251208534755824e+04,4.045246839723404264e-07
1.508251375229204859e+04,4.024659574497491121e-07
1.509251541923654077e+04,4.004127731604967266e-07
1.510251708618103112e+04,3.983768692705780268e-07
1.511251875312552147e+04,3.963478718560509151e-07
1.512252042007001182e+04,3.943320621146995109e-07
1.513252208701450218e+04,3.923314011444745120e-07
1.514252375395899435e+04,3.903342076228000224e-07
1.515252542090348470e+04,3.883505144131049747e-07
1.516252708784797505e+04,3.863853521579585504e-07
1.517252875479246541e+04,3.844218667836685199e-07
1.518253042173695758e+04,3.824752354830707191e-07
1.519253208868144793e+04,3.805304231718764640e-07
1.520253375562593828e+04,3.785967237490694970e-07
1.521253542257042864e+04,3.766779173020040616e-07
1.522253708951491899e+04,3.747665004993905313e-07
1.523253875645941116e+04,3.728656565726851113e-07
1.524254042340390151e+04,3.709762381731707137e-07
1.525254209034839187e+04,3.690960852509306278e-07
1.526254375729288222e+04,3.672294042189605534e-07
1.527254542423737439e+04,3.653701980965706753e-07
1.528254709118186474e+04,3.635224175013718195e-07
1.529254875812635510e+04,3.616846129261830356e-07
1.530255042507084545e+04,3.598567275275854627e-07
1.531255209201533580e+04,3.580379370760056190e-07
1.532255375895982797e+04,3.562287815839226823e-07
1.533255542590431833e+04,3.544315632098005153e-07
1.534255709284880868e+04,3.526443776991072809e-07
1.535255875979329903e+04,3.508658323880808894e-07
1.536256042673778938e+04,3.490909818992804503e-07
1.537256209368228156e+04,3.473312801816064166e-07
1.538256376062677191e+04,3.455795081208634656e-07
1.539256542757126226e+04,3.438411795286810957e-07
1.540256709451575261e+04,3.421089616040262626e-07
1.541256876146024479e+04,3.403859523132268805e-07
1.542257042840473514e+04,3.386740559108147863e-07
1.543257209534922549e+04,3.369698617916583316e-07
1.544257376229371584e+04,3.352755300056742271e-07
1.545257542923820620e+04,3.335887868161080405e-07
1.546257709618269837e+04,3.319140375879214844e-07
1.547257876312718872e+04,3.302457116660661995e-07
1.548258043007167907e+04,3.285867933300323784e-07
1.549258209701616943e+04,3.269333603839186253e-07
1.550258376396066160e+04,3.252953888477350120e-07
1.551258543090515195e+04,3.236602879042038694e-07
1.552258709784964230e+04,3.220365556444448885e-07
1.553258876479413266e+04,3.204176266535796458e-07
1.554259043173862301e+04,3.188121411312749842e-07
1.555259209868311518e+04,3.172133062889770372e-07
1.556259376562760553e+04,3.156196726195048541e-07
1.557259543257209589e+04,3.140414435165439500e-07
1.558259709951658624e+04,3.124667387055524159e-07
1.559259876646107841e+04,3.109057900019251974e-07
1.560260043340556877e+04,3.093490761330031091e-07
1.561260210035005912e+04,3.078034467307588784e-07
1.562260376729454947e+04,3.062642690565553494e-07
1.563260543423903982e+04,3.047317136406491045e-07
1.564260710118353200e+04,3.032085942322737537e-07
1.565260876812802235e+04,3.016947687228821451e-07
1.566261043507251270e+04,3.001855191087088315e-07
1.567261210201700305e+04,2.986884339861717308e-07
1.568261376896149341e+04,2.971980848087696359e-07
1.569261543590598558e+04,2.957139599857327994e-07
1.570261710285047593e+04,2.942405785688606557e-07
1.571261876979496628e+04,2.927720856860105414e-07
1.572262043673945664e+04,2.913111529778689146e-07
1.573262210368394881e+04,2.898609636758919805e-07
1.574262377062843916e+04,2.884167145111860009e-07
1.575262543757292951e+04,2.869807360639242688e-07
1.576262710451741987e+04,2.855507830190617824e-07
1.577262877146191022e+04,2.841327670921600657e-07
1.578263043840640239e+04,2.827177070230391109e-07
1.579263210535089274e+04,2.813119976963207591e-07
1.580263377229538310e+04,2.799122000851639314e-07
1.581263543923987345e+04,2.785266417504317360e-07
1.582263710618436562e+04,2.771449771898915060e-07
1.583263877312885597e+04,2.757655011009774171e-07
1.584264044007334633e+04,2.743968821050657425e-07
1.585264210701783668e+04,2.730403139139525592e-07
1.586264377396232703e+04,2.716859626161749475e-07
1.587264544090681920e+04,2.703373240819928469e-07
1.588264710785130956e+04,2.689984341941453749e-07
1.589264877479579991e+04,2.676733572570810793e-07
1.590265044174029026e+04,2.663448697148851352e-07
1.591265210868478061e+04,2.650259602887672372e-07
1.592265377562927279e+04,2.637153784235124476e-07
1.593265544257376314e+04,2.624056492095405702e-07
1.594265710951825349e+04,2.611094487292575650e-07
1.595265877646274384e+04,2.598189894342795014e-07
1.596266044340723602e+04,2.585353513495647348e-07
1.597266211035172637e+04,2.572626272012712434e-07
1.598266377729621672e+04,2.559919494160567410e-07
1.599266544424070707e+04,2.547254212004190776e-07
1.600266711118519743e+04,2.534652310259843944e-07
1.601266877812968960e+04,2.522176316688273801e-07
1.602267044507417995e+04,2.509756313884281553e-07
1.603267211201867030e+04,2.497394291367527330e-07
1.604267377896316066e+04,2.485090533355105435e-07
1.605267544590765283e+04,2.472856692747882335e-07
1.606267711285214318e+04,2.460691916894575115e-07
1.607267877979663353e+04,2.448574036861828063e-07
1.608268044674112389e+04,2.436565296193293761e-07
1.609268211368561424e+04,2.424584408800001256e-07
1.610268378063010641e+04,2.412674007246096153e-07
1.611268544757459676e+04,2.400817038505920209e-07
1.612268711451908712e+04,2.389045050676941173e-07
1.613268878146357747e+04,2.377341417059142259e-07
1.614269044840806782e+04,2.365638636092626257e-07
1.615269211535255999e+04,2.354063042275811313e-07
1.616269378229705035e+04,2.342483753636770416e-07
1.617269544924154070e+04,2.331000388267057133e-07
1.618269711618603105e+04,2.319597882660673349e-07
1.619269878313052322e+04,2.308250657279131701e-07
1.620270045007501358e+04,2.296949332958320156e-07
1.621270211701950393e+04,2.285671598656335846e-07
1.622270378396399428e+04,2.274530430668164627e-07
1.623270545090848464e+04,2.263379599298787070e-07
1.624270711785297681e+04,2.252332222951736185e-07
1.625270878479746716e+04,2.241314547291040071e-07
1.626271045174195751e+04,2.230360252042373759e-07
1.627271211868644787e+04,2.219442762907419819e-07
1.628271378563094004e+04,2.208653455681997002e-07
1.629271545257543039e+04,2.197876796117270715e-07
1.630271711951992074e+04,2.187132110975653632e-07
1.631271878646441110e+04,2.176507507556380006e-07
1.632272045340890145e+04,2.165874946058465866e-07
1.633272212035339362e+04,2.155335749876030604e-07
1.634272378729788397e+04,2.144866755315888440e-07
1.635272545424237433e+04,2.134388523700181395e-07
1.636272712118686468e+04,2.124032647543572239e-07
1.637272878813135503e+04,2.113703345685280510e-07
1.638273045507584720e+04,2.103426339772340725e-07
1.639273212202033756e+04,2.093203903541507316e-07
1.640273378896482973e+04,2.083031631627818570e-07
1.641273545590931826e+04,2.072926861274027033e-07
1.642273712285381043e+04,2.062876802710889024e-07
1.643273878979829897e+04,2.052860850199067499e-07
1.644274045674279114e+04,2.042893214593277662e-07
1.645274212368728331e+04,2.032975459087538184e-07
1.646274379063177184e+04,2.023126910444261739e-07
1.647274545757626402e+04,2.013319999605300836e-07
1.648274712452075255e+04,2.003561405672371620e-07
1.649274879146524472e+04,1.993913087972032372e-07
1.650275045840973689e+04,1.984235922236621263e-07
1.651275212535422543e+04,1.974633079271370661e-07
1.652275379229871760e+04,1.965100722145507461e-07
1.653275545924320613e+04,1.955601476311130682e-07
1.654275712618769830e+04,1.946146142017823877e-07
1.655275879313219048e+04,1.936735714025417110e-07
1.656276046007667901e+04,1.927377866195456591e-07
1.657276212702117118e+04,1.918081125040771440e-07
1.658276379396566335e+04,1.908839095676739817e-07
1.659276546091015189e+04,1.899631172364024678e-07
1.660276712785464406e+04,1.890508514179600752e-07
1.661276879479913259e+04,1.881401487935363548e-07
1.662277046174362476e+04,1.872349599807421328e-07
1.663277212868811694e+04,1.863311780425647157e-07
1.664277379563260547e+04,1.854352262853353750e-07
1.665277546257709764e+04,1.845432109348621452e-07
1.666277712952158618e+04,1.836574199387541739e-07
1.667277879646607835e+04,1.827759774641890544e-07
1.668278046341057052e+04,1.818961123944973224e-07
1.669278213035505905e+04,1.810237080235310714e-07
1.670278379729955122e+04,1.801563485059887171e-07
1.671278546424403976e+04,1.792904811281914590e-07
1.672278713118853193e+04,1.784344476618571207e-07
1.673278879813302410e+04,1.775793663227887009e-07
1.674279046507751264e+04,1.767279087516726577e-07
1.675279213202200481e+04,1.758822776309898472e-07
1.676279379896649334e+04,1.750410376644140342e-07
1.677279546591098551e+04,1.742025261819435400e-07
1.678279713285547768e+04,1.733701822104194434e-07
1.679279879979996622e+04,1.725408225183855393e-07
1.680280046674445839e+04,1.717191224770431290e-07
1.681280213368895056e+04,1.708977777070685988e-07
1.682280380063343910e+04,1.700834388884686632e-07
1.683280546757793127e+04,1.692756654847471509e-07
1.684280713452241980e+04,1.684659594047843711e-07
1.685280880146691197e+04,1.676642540360262501e-07
1.686281046841140414e+04,1.668653766273564543e-07
1.687281213535589268e+04,1.660712740658709663e-07
1.688281380230038485e+04,1.652806105312265572e-07
1.689281546924487338e+04,1.644968392611190211e-07
1.690281713618936556e+04,1.637160664813563926e-07
1.691281880313385773e+04,1.629380790291179437e-07
1.692282047007834626e+04,1.621676801732974127e-07
1.693282213702283843e+04,1.613987308246578323e-07
1.694282380396732697e+04,1.606317709956783801e-07
1.695282547091181914e+04,1.598678238678985508e-07
1.696282713785631131e+04,1.591120764032893931e-07
1.697282880480079984e+04,1.583589721576572629e-07
1.698283047174529202e+04,1.576103585421151365e-07
1.699283213868978055e+04,1.568651128991405130e-07
1.700283380563427272e+04,1.561197109367640223e-07
1.701283547257876489e+04,1.553827075895242160e-07
1.702283713952325343e+04,1.546496974924593815e-07
1.703283880646774560e+04,1.539208227541166707e-07
1.704284047341223777e+04,1.531952591449226020e-07
1.705284214035672630e+04,1.524711592537641991e-07
1.706284380730121848e+04,1.517515215709863696e-07
1.707284547424570701e+04,1.510363603074438288e-07
1.708284714119019918e+04,1.503267839098043623e-07
1.709284880813469135e+04,1.496164117043008446e-07
1.710285047507917989e+04,1.489167118506884435e-07
1.711285214202367206e+04,1.482142977238254389e-07
1.712285380896816059e+04,1.475193585065426305e-07
1.713285547591265276e+04,1.468267356585784000e-07
1.714285714285714494e+04,1.461350080944612273e-07
1.715285880980163347e+04,1.454461795447059558e-07
1.716286047674612564e+04,1.447665027853872743e-07
1.717286214369061418e+04,1.440884602743608411e-07
1.718286381063510635e+04,1.434108156672664336e-07
1.719286547757959852e+04,1.427395375230844365e-07
1.720286714452408705e+04,1.420713857669397839e-07
1.721286881146857922e+04,1.414068009353286470e-07
1.722287047841307140e+04,1.407457546065415954e-07
1.723287214535755993e+04,1.400870957013466978e-07
1.724287381230205210e+04,1.394332826976096840e-07
1.725287547924654064e+04,1.387827808230213122e-07
1.726287714619103281e+04,1.381330321237328462e-07
1.727287881313552498e+04,1.374897919959039427e-07
1.728288048008001351e+04,1.368457418493562727e-07
1.729288214702450568e+04,1.362069781407626579e-07
1.730288381396899422e+04,1.355725629537118948e-07
1.731288548091348639e+04,1.349426099750417052e-07
1.732288714785797856e+04,1.343146607268863590e-07
1.733288881480246710e+04,1.336891273240325972e-07
1.734289048174695927e+04,1.330687240397310234e-07
1.735289214869144780e+04,1.324479370623521390e-07
1.736289381563593997e+04,1.318338007649799692e-07
1.737289548258043214e+04,1.312214266135924845e-07
1.738289714952492068e+04,1.306136283574232948e-07
1.739289881646941285e+04,1.300071943433067645e-07
1.740290048341390138e+04,1.294032898613295401e-07
1.741290215035839356e+04,1.288054392034609918e-07
1.742290381730288573e+04,1.282058832430266193e-07
1.743290548424737426e+04,1.276118410942217452e-07
1.744290715119186643e+04,1.270209963877277914e-07
1.745290881813635860e+04,1.264368734155141283e-07
1.746291048508084714e+04,1.258492829947499558e-07
1.747291215202533931e+04,1.252696932851904421e-07
1.748291381896982784e+04,1.246903025275969412e-07
1.749291548591432002e+04,1.241139386820577784e-07
1.750291715285881219e+04,1.235371485108771594e-07
1.751291881980330072e+04,1.229682169423540472e-07
1.752292048674779289e+04,1.224012748934910633e-07
1.753292215369228143e+04,1.218371608047164045e-07
1.754292382063677360e+04,1.212768694358601351e-07
1.755292548758126577e+04,1.207158533134133904e-07
1.756292715452575430e+04,1.201621415702902596e-07
1.757292882147024648e+04,1.196082877186199767e-07
1.758293048841473501e+04,1.190572405107559462e-07
1.759293215535922718e+04,1.185082894039624080e-07
1.760293382230371935e+04,1.179627133751637302e-07
1.761293548924820789e+04,1.174227435285501997e-07
1.762293715619270006e+04,1.168843724030921294e-07
1.763293882313718859e+04,1.163482821198158490e-07
1.764294049008168076e+04,1.158137621359855984e-07
1.765294215702617294e+04,1.152804358639514248e-07
1.766294382397066147e+04,1.147514225863233150e-07
1.767294549091515364e+04,1.142262249231862370e-07
1.768294715785964581e+04,1.137048641908222635e-07
1.769294882480413435e+04,1.131826721234574507e-07
1.770295049174862652e+04,1.126680047036643373e-07
1.771295215869311505e+04,1.121490456057472329e-07
1.772295382563760722e+04,1.116362469133491686e-07
1.773295549258209940e+04,1.111249403606962005e-07
1.774295715952658793e+04,1.106171794162946753e-07
1.775295882647108010e+04,1.101134401437775523e-07
1.776296049341556864e+04,1.096085355811737827e-07
1.777296216036006081e+04,1.091127188601603848e-07
1.778296382730455298e+04,1.086119638671334542e-07
1.779296549424904151e+04,1.081160689864191227e-07
1.780296716119353368e+04,1.076250413234447478e-07
1.781296882813802222e+04,1.071336157565383473e-07
1.782297049508251439e+04,1.066460058041229786e-07
1.783297216202700656e+04,1.061614511854713783e-07
1.784297382897149510e+04,1.056798382137458248e-07
1.785297549591598727e+04,1.051982323474476289e-07
1.786297716286047580e+04,1.047208328941451327e-07
1.787297882980496797e+04,1.042466877265724179e-07
1.788298049674946014e+04,1.037716685914347181e-07
1.789298216369394868e+04,1.033002092754031764e-07
1.790298383063844085e+04,1.028335177011285850e-07
1.791298549758293302e+04,1.023677640432651970e-07
1.792298716452742156e+04,1.019041349081817316e-07
1.793298883147191373e+04,1.014430139889554994e-07
1.794299049841640226e+04,1.009829162512687617e-07
1.795299216536089443e+04,1.005263214892693213e-07
1.796299383230538660e+04,1.000728886424440134e-07
1.797299549924987514e+04,9.962055713685913361e-08
1.798299716619436731e+04,9.917046384089189814e-08
1.799299883313885584e+04,9.872166373270374606e-08
1.800300050008334802e+04,9.827824953845265554e-08
1.801300216702784019e+04,9.783357768355926964e-08
1.802300383397232872e+04,9.739301987110593473e-08
1.803300550091682089e+04,9.695519054275791859e-08
1.804300716786130943e+04,9.651813570599188097e-08
1.805300883480580160e+04,9.608348960910007008e-08
1.806301050175029377e+04,9.565222569563047728e-08
1.807301216869478230e+04,9.522246813276069588e-08
1.808301383563927448e+04,9.479552431912452448e-08
1.809301550258376301e+04,9.436828207753933384e-08
1.810301716952825518e+04,9.394620548164311913e-08
1.811301883647274735e+04,9.352309149335269467e-08
1.812302050341723589e+04,9.310338100476656109e-08
1.813302217036172806e+04,9.268701006703849998e-08
1.814302383730622023e+04,9.227128572319998057e-08
1.815302550425070876e+04,9.185779958897910547e-08
1.816302717119520094e+04,9.144636692326457705e-08
1.817302883813968947e+04,9.103732878656956018e-08
1.818303050508418164e+04,9.063003147957715555e-08
1.819303217202867381e+04,9.022480895737317041e-08
1.820303383897316235e+04,8.982198096418869682e-08
1.821303550591765452e+04,8.942134144263036433e-08
1.822303717286214305e+04,8.902375725483580027e-08
1.823303883980663522e+04,8.862321720926047419e-08
1.824304050675112740e+04,8.822697594723649672e-08
1.825304217369561593e+04,8.783457872141298139e-08
1.826304384064010810e+04,8.744451918119011680e-08
1.827304550758459663e+04,8.705398357733429293e-08
1.828304717452908881e+04,8.666787465472225449e-08
1.829304884147358098e+04,8.628358472151376191e-08
1.830305050841806951e+04,8.589871214326194604e-08
1.831305217536256168e+04,8.551656094368809136e-08
1.832305384230705022e+04,8.513761429185251473e-08
1.833305550925154239e+04,8.476195745288350736e-08
1.834305717619603456e+04,8.438434662139115972e-08
1.835305884314052309e+04,8.401156037507462315e-08
1.836306051008501527e+04,8.363971915059664752e-08
1.837306217702950744e+04,8.326921374646190088e-08
1.838306384397399597e+04,8.290130182331267861e-08
1.839306551091848814e+04,8.253467598251518211e-08
1.840306717786297668e+04,8.216993307996744988e-08
1.841306884480746885e+04,8.180730048934492515e-08
1.842307051175196102e+04,8.144559870970624615e-08
1.843307217869644955e+04,8.108478510848726728e-08
1.844307384564094173e+04,8.072918689094876754e-08
1.845307551258543026e+04,8.037428500529131270e-08
1.846307717952992243e+04,8.002112394933647010e-08
1.847307884647441460e+04,7.966789183910805150e-08
1.848308051341890314e+04,7.931802770144713577e-08
1.849308218036339531e+04,7.896908726934270817e-08
1.850308384730788384e+04,7.862075079856367665e-08
1.851308551425237602e+04,7.827819104022637475e-08
1.852308718119686819e+04,7.793480705231559114e-08
1.853308884814135672e+04,7.759328468637249898e-08
1.854309051508584889e+04,7.725162731730961241e-08
1.855309218203033743e+04,7.691291159517277265e-08
1.856309384897482960e+04,7.657632039581585559e-08
1.857309551591932177e+04,7.624031184150226181e-08
1.858309718286381030e+04,7.590877260099659907e-08
1.859309884980830248e+04,7.557563463933547609e-08
1.860310051675279465e+04,7.524590728280600160e-08
1.861310218369728318e+04,7.491674836046513519e-08
1.862310385064177535e+04,7.459124162778607570e-08
1.863310551758626389e+04,7.426453407788358163e-08
1.864310718453075606e+04,7.394147871764289448e-08
1.865310885147524823e+04,7.361816045658997609e-08
1.866311051841973676e+04,7.329848017434414942e-08
1.867311218536422894e+04,7.297889226265397156e-08
1.868311385230871747e+04,7.266040569220422185e-08
1.869311551925320964e+04,7.234567078739928547e-08
1.870311718619770181e+04,7.203016849643972819e-08
1.871311885314219035e+04,7.171844629283441463e-08
1.872312052008668252e+04,7.140690883034039871e-08
1.873312218703117105e+04,7.109628796797551331e-08
1.874312385397566322e+04,7.078815400518578826e-08
1.875312552092015540e+04,7.048296168932211003e-08
1.876312718786464393e+04,7.017553826926814509e-08
1.877312885480913610e+04,6.987389866708326736e-08
1.878313052175362463e+04,6.957127141049568309e-08
1.879313218869811681e+04,6.927125184574833838e-08
1.880313385564260898e+04,6.897067095223974320e-08
1.881313552258709751e+04,6.867361435070051812e-08
1.882313718953158968e+04,6.837726829189705313e-08
1.883313885647608186e+04,6.808211594488966512e-08
1.884314052342057039e+04,6.778815730967835407e-08
1.885314219036506256e+04,6.749605319100737688e-08
1.886314385730955109e+04,6.720549095007299911e-08
1.887314552425404327e+04,6.691568898986588465e-08
1.888314719119853544e+04,6.662864393547351938e-08
1.889314885814302397e+04,6.634279969830458867e-08
1.890315052508751614e+04,6.605735336506768363e-08
1.891315219203200468e+04,6.577554501063787029e-08
1.892315385897649685e+04,6.549307585146380006e-08
1.893315552592098902e+04,6.521086959310196107e-08
1.894315719286547755e+04,6.493225868098306819e-08
1.895315885980996973e+04,6.465500490548947710e-08
1.896316052675445826e+04,6.437723243379878113e-08
1.897316219369895043e+04,6.410295583236802486e-08
1.898316386064344260e+04,6.382729367260253639e-08
1.899316552758793114e+04,6.355477211172910756e-08
1.900316719453242331e+04,6.328344426265175571e-08
1.901316886147691184e+04,6.301355170990063925e-08
1.902317052842140401e+04,6.274473207668052055e-08
1.903317219536589619e+04,6.247657324820465874e-08
1.904317386231038472e+04,6.221194581712552463e-08
1.905317552925487689e+04,6.194499491130045499e-08
1.906317719619936906e+04,6.168136224005138502e-08
1.907317886314385760e+04,6.142090569483116269e-08
1.908318053008834977e+04,6.115740092127452954e-08
1.909318219703283830e+04,6.089941706477475236e-08
1.910318386397733047e+04,6.064023239105154062e-08
1.911318553092182265e+04,6.038289512844130513e-08
1.912318719786631118e+04,6.012597708604516811e-08
1.913318886481080335e+04,5.987106277416387456e-08
1.914319053175529189e+04,5.961906168749919743e-08
1.915319219869978406e+04,5.936626479297046899e-08
1.916319386564427623e+04,5.911562084293109365e-08
1.917319553258876476e+04,5.886465359594694746e-08
1.918319719953325693e+04,5.861694418740626134e-08
1.919319886647774547e+04,5.837057770463616180e-08
1.920320053342223764e+04,5.812280789996293606e-08
1.921320220036672981e+04,5.787787671351907193e-08
1.922320386731121835e+04,5.763410726444817556e-08
1.923320553425571052e+04,5.739180153341294499e-08
1.924320720120019905e+04,5.714810669132930343e-08
1.925320886814469122e+04,5.690921511813940015e-08
1.926321053508918340e+04,5.666836955242615659e-08
1.927321220203367193e+04,5.643061129489979066e-08
1.928321386897816410e+04,5.619441267867841816e-08
1.929321553592265627e+04,5.595675744984873745e-08
1.930321720286714481e+04,5.572281125409972447e-08
1.931321886981163698e+04,5.548862702653423185e-08
1.932322053675612551e+04,5.525714996679198521e-08
1.933322220370061768e+04,5.502500854959180288e-08
1.934322387064510986e+04,5.479414255660230992e-08
1.935322553758959839e+04,5.456510265844372043e-08
1.936322720453409056e+04,5.433829031176173885e-08
1.937322887147857909e+04,5.410989345477901225e-08
1.938323053842307127e+04,5.388393020666626398e-08
1.939323220536756344e+04,5.365908961607601668e-08
1.940323387231205197e+04,5.343526154888422752e-08
1.941323553925654414e+04,5.321186336004757322e-08
1.942323720620103268e+04,5.299101246691861888e-08
1.943323887314552485e+04,5.277054881958065380e-08
1.944324054009001702e+04,5.255011359395211912e-08
1.945324220703450555e+04,5.233162880813324591e-08
1.946324387397899773e+04,5.211479248146133614e-08
1.947324554092348990e+04,5.189720297948952066e-08
1.948324720786797843e+04,5.168286421053380764e-08
1.949324887481247060e+04,5.146719317394854443e-08
1.950325054175695914e+04,5.125352942059180350e-08
1.951325220870145131e+04,5.104127254185186757e-08
1.952325387564594348e+04,5.082965159886043693e-08
1.953325554259043201e+04,5.061855645749346877e-08
1.954325720953492419e+04,5.040972439473989652e-08
1.955325887647941272e+04,5.020071114358870545e-08
1.956326054342390489e+04,4.999347780199059343e-08
1.957326221036839706e+04,4.978615564255051140e-08
1.958326387731288560e+04,4.958114985242900730e-08
1.959326554425737777e+04,4.937624709100418841e-08
1.960326721120186630e+04,4.917233553669575485e-08
1.961326887814635847e+04,4.897010086324371514e-08
1.962327054509085065e+04,4.876743986415021936e-08
1.963327221203533918e+04,4.856746116388421797e-08
1.964327387897983135e+04,4.836795852725117584e-08
1.965327554592431989e+04,4.816863352630207373e-08
1.966327721286881206e+04,4.797060526584573381e-08
1.967327887981330423e+04,4.777430007152361213e-08
1.968328054675779276e+04,4.757643523589649703e-08
1.969328221370228493e+04,4.738227232792269206e-08
1.970328388064677711e+04,4.718836521533376072e-08
1.971328554759126564e+04,4.699364808402606286e-08
1.972328721453575781e+04,4.680116205690865172e-08
1.973328888148024635e+04,4.660991592686514196e-08
1.974329054842473852e+04,4.641997719545543077e-08
1.975329221536923069e+04,4.622968674539151834e-08
1.976329388231371922e+04,4.604117975759436376e-08
1.977329554925821139e+04,4.585176682780911506e-08
1.978329721620269993e+04,4.566521383253530075e-08
1.979329888314719210e+04,4.547980836377973901e-08
1.980330055009168427e+04,4.529378827555774478e-08
1.981330221703617281e+04,4.511048246058635414e-08
1.982330388398066498e+04,4.492589411597691651e-08
1.983330555092515351e+04,4.474382109265206964e-08
1.984330721786964568e+04,4.456110147543768107e-08
1.985330888481413785e+04,4.438140521756395174e-08
1.986331055175862639e+04,4.419939259037164447e-08
1.987331221870311856e+04,4.401989173175024916e-08
1.988331388564760709e+04,4.384121510270233557e-08
1.989331555259209927e+04,4.366344441564251611e-08
1.990331721953659144e+04,4.348706283963110764e-08
1.991331888648107997e+04,4.331226932663412299e-08
1.992332055342557214e+04,4.313566748237462889e-08
1.993332222037006431e+04,4.296103384149319027e-08
1.994332388731455285e+04,4.278771825738658663e-08
1.995332555425904502e+04,4.261507413616527629e-08
1.996332722120353355e+04,4.244145657139597461e-08
1.997332888814802573e+04,4.227031169534711808e-08
1.998333055509251790e+04,4.209975656976894243e-08
1.999333222203700643e+04,4.193026370558072813e-08
2.000333388898149860e+04,4.176153467483345594e-08
2.001333555592598714e+04,4.159381106205728429e-08
2.002333722287047931e+04,4.142630771752919827e-08
2.003333888981497148e+04,4.125982044911324920e-08
2.004334055675946001e+04,4.109399753815523582e-08
2.005334222370395219e+04,4.092765593100011756e-08
2.006334389064844072e+04,4.076493809179737582e-08
2.007334555759293289e+04,4.060121838733721233e-08
2.008334722453742506e+04,4.043803869535622653e-08
2.009334889148191360e+04,4.027641509196655534e-08
2.010335055842640577e+04,4.011434384665335529e-08
2.011335222537089430e+04,3.995569741732651892e-08
2.012335389231538647e+04,3.979449658686462499e-08
2.013335555925987865e+04,3.963598160794390424e-08
2.014335722620436718e+04,3.947781479496370594e-08
2.015335889314885935e+04,3.931937087031656120e-08
2.016336056009335152e+04,3.916433399808738614e-08
2.017336222703784006e+04,3.900835565673332894e-08
2.018336389398233223e+04,3.885136834469449241e-08
2.019336556092682076e+04,3.869687503765817382e-08
2.020336722787131293e+04,3.854280450354963250e-08
2.021336889481580511e+04,3.838989925952773774e-08
2.022337056176029364e+04,3.823753402798502066e-08
2.023337222870478581e+04,3.808529669413474039e-08
2.024337389564927435e+04,3.793441294419608312e-08
2.025337556259376652e+04,3.778491119987847924e-08
2.026337722953825869e+04,3.763416245305961638e-08
2.027337889648274722e+04,3.748574073370036785e-08
2.028338056342723939e+04,3.733806863692734623e-08
2.029338223037172793e+04,3.719014074476945098e-08
2.030338389731622010e+04,3.704201745335922169e-08
2.031338556426071227e+04,3.689569894049782306e-08
2.032338723120520081e+04,3.675049597973156779e-08
2.033338889814969298e+04,3.660479919176395924e-08
2.034339056509418151e+04,3.646103508003761817e-08
2.035339223203867368e+04,3.631654266200712300e-08
2.036339389898316585e+04,3.617381594267499167e-08
2.037339556592765439e+04,3.603078368996648351e-08
2.038339723287214656e+04,3.588852592883995385e-08
2.039339889981663873e+04,3.574815465867686726e-08
2.040340056676112727e+04,3.560770878152652585e-08
2.041340223370561944e+04,3.546748317262427008e-08
2.042340390065010797e+04,3.532807113515445963e-08
2.043340556759460014e+04,3.518927016443740285e-08
2.044340723453909231e+04,3.505105183876366937e-08
2.045340890148358085e+04,3.491452105208736612e-08
2.046341056842807302e+04,3.477747156921395799e-08
2.047341223537256155e+04,3.464093722982397594e-08
2.048341390231705373e+04,3.450478303079762554e-08
2.049341556926154590e+04,3.437094164837617427e-08
2.050341723620603443e+04,3.423551220294029918e-08
2.051341890315052660e+04,3.410357152233700617e-08
2.052342057009501514e+04,3.396895920104725519e-08
2.053342223703950731e+04,3.383686575375577377e-08
2.054342390398399948e+04,3.370401202573702903e-08
2.055342557092848801e+04,3.357375533141748747e-08
2.056342723787298019e+04,3.344214505318632291e-08
2.057342890481746872e+04,3.331189191158046015e-08
2.058343057176196089e+04,3.318251984296693990e-08
2.059343223870645306e+04,3.305446227841457585e-08
2.060343390565094160e+04,3.292496941753597639e-08
2.061343557259543377e+04,3.279754423601843882e-08
2.062343723953992594e+04,3.267045656230038730e-08
2.063343890648441447e+04,3.254451996781426715e-08
2.064344057342890665e+04,3.241735768710896082e-08
2.065344224037339518e+04,3.229176215313600551e-08
2.066344390731788735e+04,3.216715427356575674e-08
2.067344557426237952e+04,3.204240073273467715e-08
2.068344724120686806e+04,3.191941289060196141e-08
2.069344890815136023e+04,3.179540541964342992e-08
2.070345057509584876e+04,3.167237494494656858e-08
2.071345224204034093e+04,3.155105687824288907e-08
2.072345390898483311e+04,3.142934446032086271e-08
2.073345557592932164e+04,3.130794823391624959e-08
2.074345724287381381e+04,3.118704938742666855e-08
2.075345890981830235e+04,3.106658041929222236e-08
2.076346057676279452e+04,3.094726253038970754e-08
2.077346224370728669e+04,3.082838517798336397e-08
2.078346391065177522e+04,3.071012599775713170e-08
2.079346557759626739e+04,3.059207998035162746e-08
2.080346724454075593e+04,3.047455621185690688e-08
2.081346891148524810e+04,3.035740547829846037e-08
2.082347057842974027e+04,3.024178241162189806e-08
2.083347224537422881e+04,3.012505800370490761e-08
2.084347391231872098e+04,3.001011705805467500e-08
2.085347557926321315e+04,2.989526848296009121e-08
2.086347724620770168e+04,2.978040214429711341e-08
2.087347891315219385e+04,2.966736190046503907e-08
2.088348058009668239e+04,2.955346900535005261e-08
2.089348224704117456e+04,2.944168109308975545e-08
2.090348391398566673e+04,2.932867460003762972e-08
2.091348558093015527e+04,2.921650832377054030e-08
2.092348724787464744e+04,2.910497975960879558e-08
2.093348891481913597e+04,2.899335349582088384e-08
2.094349058176362814e+04,2.888391392730227381e-08
2.095349224870812031e+04,2.877491667163667444e-08
2.096349391565260885e+04,2.866480919294644991e-08
2.097349558259710102e+04,2.855500902398944163e-08
2.098349724954158955e+04,2.844702073900862160e-08
2.099349891648608173e+04,2.833973589133620408e-08
2.100350058343057390e+04,2.823186662226362387e-08
2.101350225037506243e+04,2.812386412642808864e-08
2.102350391731955460e+04,2.801792930995361530e-08
2.103350558426404314e+04,2.791182041050888074e-08
2.104350725120853531e+04,2.780647001543457009e-08
2.105350891815302748e+04,2.770126528162109025e-08
2.106351058509751601e+04,2.759586337219843699e-08
2.107351225204200819e+04,2.749230709753192059e-08
2.108351391898650036e+04,2.738806159641171689e-08
2.109351558593098889e+04,2.728547521257951303e-08
2.110351725287548106e+04,2.718188518713304802e-08
2.111351891981996960e+04,2.707926682887773495e-08
2.112352058676446177e+04,2.697764855952300422e-08
2.113352225370895394e+04,2.687620792585221352e-08
2.114352392065344247e+04,2.677471400147624081e-08
2.115352558759793465e+04,2.667497867037127435e-08
2.116352725454242318e+04,2.657462161437251780e-08
2.117352892148691535e+04,2.647460028981640789e-08
2.118353058843140752e+04,2.637556129059248633e-08
2.119353225537589606e+04,2.627673545418929280e-08
2.120353392232038823e+04,2.617779593094837765e-08
2.121353558926487676e+04,2.607961135936420760e-08
2.122353725620936893e+04,2.598212844873160066e-08
2.123353892315386111e+04,2.588535608083475381e-08
2.124354059009834964e+04,2.578772573258447665e-08
2.125354225704284181e+04,2.569191437373774534e-08
2.126354392398733034e+04,2.559576905980520678e-08
2.127354559093182252e+04,2.550082633945294219e-08
2.128354725787631469e+04,2.540522281435642071e-08
2.129354892482080322e+04,2.531088760804323101e-08
2.130355059176529539e+04,2.521535158450660674e-08
2.131355225870978757e+04,2.512250496522483445e-08
2.132355392565427610e+04,2.502815732441376895e-08
2.133355559259876827e+04,2.493607453857293876e-08
2.134355725954325681e+04,2.484346595110764611e-08
2.135355892648774898e+04,2.475071347873836203e-08
2.136356059343224115e+04,2.465896464798333909e-08
2.137356226037672968e+04,2.456780912041267584e-08
2.138356392732122185e+04,2.447642977188024815e-08
2.139356559426571039e+04,2.438610202659674542e-08
2.140356726121020256e+04,2.429493051181452756e-08
2.141356892815469473e+04,2.420593681051741441e-08
2.142357059509918327e+04,2.411600164009541913e-08
2.143357226204367544e+04,2.402678056512286275e-08
2.144357392898816397e+04,2.393865727867705573e-08
2.145357559593265614e+04,2.384929942422786553e-08
2.146357726287714831e+04,2.376197905107346742e-08
2.147357892982163685e+04,2.367367812894372037e-08
2.148358059676612902e+04,2.358758699472218723e-08
2.149358226371061755e+04,2.349955430247518962e-08
2.150358393065510973e+04,2.341295690655442741e-08
2.151358559759960190e+04,2.332757453871181497e-08
2.152358726454409043e+04,2.324178183243930107e-08
2.153358893148858260e+04,2.315564096022626472e-08
2.154359059843307477e+04,2.307087676456376357e-08
2.155359226537756331e+04,2.298627421737364784e-08
2.156359393232205548e+04,2.290234846213934361e-08
2.157359559926654401e+04,2.281841915419136058e-08
2.158359726621103619e+04,2.273436905397829833e-08
2.159359893315552836e+04,2.265196918926903891e-08
2.160360060010001689e+04,2.256881970197355258e-08
2.161360226704450906e+04,2.248642516633481137e-08
2.162360393398899760e+04,2.240431307143353479e-08
2.163360560093348977e+04,2.232303053517625813e-08
2.164360726787798194e+04,2.224095041469809075e-08
2.165360893482247047e+04,2.216066796734139643e-08
2.166361060176696265e+04,2.207876192983349029e-08
2.167361226871145118e+04,2.199862514373762679e-08
2.168361393565594335e+04,2.191888270886011014e-08
2.169361560260043552e+04,2.183884006967673486e-08
2.170361726954492406e+04,2.176014390897762496e-08
2.171361893648941623e+04,2.168026647098031390e-08
2.172362060343390840e+04,2.160147971608239459e-08
2.173362227037839693e+04,2.152335198957189277e-08
2.174362393732288911e+04,2.144533794989911257e-08
2.175362560426737764e+04,2.136740029357042658e-08
2.176362727121186981e+04,2.129048226606755634e-08
2.177362893815636198e+04,2.121290876289094740e-08
2.178363060510085052e+04,2.113653252422409423e-08
2.179363227204534269e+04,2.106009766578154085e-08
2.180363393898983122e+04,2.098358820035173267e-08
2.181363560593432339e+04,2.090756368033908075e-08
2.182363727287881557e+04,2.083208983094664291e-08
2.183363893982330410e+04,2.075710270332820073e-08
2.184364060676779627e+04,2.068209781214136456e-08
2.185364227371228480e+04,2.060715864615758619e-08
2.186364394065677698e+04,2.053294245740744373e-08
2.187364560760126915e+04,2.045952385287819197e-08
2.188364727454575768e+04,2.038624380418241344e-08
2.189364894149024985e+04,2.031271328917227947e-08
2.190365060843473839e+04,2.023931600092510052e-08
2.191365227537923056e+04,2.016641609259295365e-08
2.192365394232372273e+04,2.009437594097107649e-08
2.193365560926821126e+04,2.002173360438064265e-08
2.194365727621270344e+04,1.995087473005696665e-08
2.195365894315719561e+04,1.987957176652344060e-08
2.196366061010168414e+04,1.980768971066027007e-08
2.197366227704617631e+04,1.973714880421084672e-08
2.198366394399066485e+04,1.966613361048530351e-08
2.199366561093515702e+04,1.959621798164334905e-08
2.200366727787964919e+04,1.952571260233071371e-08
2.201366894482413772e+04,1.945629612976063072e-08
2.202367061176862990e+04,1.938665583622878330e-08
2.203367227871311843e+04,1.931767812379803217e-08
2.204367394565761060e+04,1.924859738267059583e-08
2.205367561260210277e+04,1.918077963125597307e-08
2.206367727954659131e+04,1.911155500522454531e-08
2.207367894649108348e+04,1.904418134301977261e-08
2.208368061343557201e+04,1.897648971294074727e-08
2.209368228038006419e+04,1.890932566084302380e-08
2.210368394732455636e+04,1.884209233082856372e-08
2.211368561426904489e+04,1.877515209969260468e-08
2.212368728121353706e+04,1.870798094216752361e-08
2.213368894815802560e+04,1.864300358533910185e-08
2.214369061510251777e+04,1.857567433205531415e-08
2.215369228204700994e+04,1.851024755694652413e-08
2.216369394899149847e+04,1.844516184235089895e-08
2.217369561593599065e+04,1.837913643498723104e-08
2.218369728288048282e+04,1.831443974253943452e-08
2.219369894982497135e+04,1.825040207847905549e-08
2.220370061676946352e+04,1.818563077904400416e-08
2.221370228371395206e+04,1.812157002234471292e-08
2.222370395065844423e+04,1.805742755323080928e-08
2.223370561760293640e+04,1.799397431057059293e-08
2.224370728454742493e+04,1.793057613497239799e-08
2.225370895149191711e+04,1.786745684739798889e-08
2.226371061843640564e+04,1.780478342539026926e-08
2.227371228538089781e+04,1.774179736457881518e-08
2.228371395232538998e+04,1.767974389110804623e-08
2.229371561926987852e+04,1.761783430254126870e-08
2.230371728621437069e+04,1.755574885464739054e-08
2.231371895315885922e+04,1.749394762384781643e-08
2.232372062010335139e+04,1.743341826454525290e-08
2.233372228704784357e+04,1.737167565352137899e-08
2.234372395399233210e+04,1.731020304873709392e-08
2.235372562093682427e+04,1.725041975930707849e-08
2.236372728788131280e+04,1.718996855970544857e-08
2.237372895482580498e+04,1.713017461213439674e-08
2.238373062177029715e+04,1.707084429369842837e-08
2.239373228871478568e+04,1.701113738761250715e-08
2.240373395565927785e+04,1.695145357416549814e-08
2.241373562260377003e+04,1.689268813720445905e-08
2.242373728954825856e+04,1.683390848938870477e-08
2.243373895649275073e+04,1.677533845167999971e-08
2.244374062343723926e+04,1.671752869469855796e-08
2.245374229038173144e+04,1.665840088094228122e-08
2.246374395732622361e+04,1.660170667605598283e-08
2.247374562427071214e+04,1.654295722630649834e-08
2.248374729121520431e+04,1.648611380744569033e-08
2.249374895815969285e+04,1.642915137267664250e-08
2.250375062510418502e+04,1.637253355113443831e-08
2.251375229204867719e+04,1.631543433688875666e-08
2.252375395899316572e+04,1.625875256650033407e-08
2.253375562593765790e+04,1.620199974183833547e-08
2.254375729288214643e+04,1.614621325529697060e-08
2.255375895982663860e+04,1.609035038541151152e-08
2.256376062677113077e+04,1.603489430124227511e-08
2.257376229371561931e+04,1.598011145631517138e-08
2.258376396066011148e+04,1.592495202373811480e-08
2.259376562760460001e+04,1.587006970282800467e-08
2.260376729454909218e+04,1.581540765016598016e-08
2.261376896149358436e+04,1.576098185296359588e-08
2.262377062843807289e+04,1.570675856044090324e-08
2.263377229538256506e+04,1.565200058450955112e-08
2.264377396232705723e+04,1.559913798132583906e-08
2.265377562927154577e+04,1.554555417726533051e-08
2.266377729621603794e+04,1.549201122941212816e-08
2.267377896316052647e+04,1.543938488168805634e-08
2.268378063010501864e+04,1.538588279004216020e-08
2.269378229704951082e+04,1.533339499815156159e-08
2.270378396399399935e+04,1.528018955809784529e-08
2.271378563093849152e+04,1.522953496646550775e-08
2.272378729788298006e+04,1.517709335985273356e-08
2.273378896482747223e+04,1.512483294163757819e-08
2.274379063177196440e+04,1.507359392860507796e-08
2.275379229871645293e+04,1.502227320315796533e-08
2.276379396566094510e+04,1.497066293154603045e-08
2.277379563260543364e+04,1.491979872980664368e-08
2.278379729954992581e+04,1.486862633015562096e-08
2.279379896649441798e+04,1.481858635798971591e-08
2.280380063343890652e+04,1.476795308263945117e-08
2.281380230038339869e+04,1.471829769172927627e-08
2.282380396732788722e+04,1.466786603288028346e-08
2.283380563427237939e+04,1.461763066146204437e-08
2.284380730121687156e+04,1.456818399248049900e-08
2.285380896816136010e+04,1.451931197493649961e-08
2.286381063510585227e+04,1.446972230922938252e-08
2.287381230205034444e+04,1.442135832974145160e-08
2.288381396899483298e+04,1.437187613362311822e-08
2.289381563593932515e+04,1.432347040974946140e-08
2.290381730288381368e+04,1.427512952290044268e-08
2.291381896982830585e+04,1.422684636764870447e-08
2.292382063677279803e+04,1.417880479692712470e-08
2.293382230371728656e+04,1.413177219689032427e-08
2.294382397066177873e+04,1.408348992981700576e-08
2.295382563760626726e+04,1.403567218005719042e-08
2.296382730455075944e+04,1.398932081286829998e-08
2.297382897149525161e+04,1.394196669224356810e-08
2.298383063843974014e+04,1.389497672477091328e-08
2.299383230538423231e+04,1.384827807981992009e-08
2.300383397232872085e+04,1.380186898103374915e-08
2.301383563927321302e+04,1.375569880224247754e-08
2.302383730621770519e+04,1.370947977363812242e-08
2.303383897316219372e+04,1.366400148583579721e-08
2.304384064010668590e+04,1.361770518570892818e-08
2.305384230705117443e+04,1.357202705776217044e-08
2.306384397399566660e+04,1.352647949204310862e-08
2.307384564094015877e+04,1.348160605374459919e-08
2.308384730788464731e+04,1.343677435983181567e-08
2.309384897482913948e+04,1.339202615469048396e-08
2.310385064177363165e+04,1.334742094627472397e-08
2.311385230871812018e+04,1.330298982082922521e-08
2.312385397566261236e+04,1.325856757716792345e-08
2.313385564260710089e+04,1.321439579982097712e-08
2.314385730955159306e+04,1.317019204805092158e-08
2.315385897649608523e+04,1.312651409790532853e-08
2.316386064344057377e+04,1.308318520187867762e-08
2.317386231038506594e+04,1.304020447179254916e-08
2.318386397732955447e+04,1.299648744179648929e-08
2.319386564427404664e+04,1.295391616196184259e-08
2.320386731121853882e+04,1.291044871010171846e-08
2.321386897816302735e+04,1.286838546832314023e-08
2.322387064510751952e+04,1.282520756262783834e-08
2.323387231205200806e+04,1.278308126018146140e-08
2.324387397899650023e+04,1.274015737351419375e-08
2.325387564594099240e+04,1.269875760101513151e-08
2.326387731288548093e+04,1.265707627595702434e-08
2.327387897982997310e+04,1.261539051000681866e-08
2.328388064677446164e+04,1.257323933856469012e-08
2.329388231371895381e+04,1.253228454345389764e-08
2.330388398066344598e+04,1.249084213839068980e-08
2.331388564760793452e+04,1.244966796321023139e-08
2.332388731455242669e+04,1.240883840125661663e-08
2.333388898149691886e+04,1.236815627692067210e-08
2.334389064844140739e+04,1.232763313652185388e-08
2.335389231538589956e+04,1.228733825797689860e-08
2.336389398233038810e+04,1.224675116873186198e-08
2.337389564927488027e+04,1.220694478831774177e-08
2.338389731621937244e+04,1.216658329639130898e-08
2.339389898316386098e+04,1.212723521604175403e-08
2.340390065010835315e+04,1.208801414520621620e-08
2.341390231705284168e+04,1.204864474857458845e-08
2.342390398399733385e+04,1.200850885396675949e-08
2.343390565094182602e+04,1.197019461329773549e-08
2.344390731788631456e+04,1.193089627093968375e-08
2.345390898483080673e+04,1.189190790285010735e-08
2.346391065177529526e+04,1.185279163706809413e-08
2.347391231871978744e+04,1.181446140918751553e-08
2.348391398566427961e+04,1.177600683632817891e-08
2.349391565260876814e+04,1.173797947728871804e-08
2.350391731955326031e+04,1.170040775377856335e-08
2.351391898649774885e+04,1.166195850998974493e-08
2.352392065344224102e+04,1.162445073532580864e-08
2.353392232038673319e+04,1.158695450698132845e-08
2.354392398733122172e+04,1.154930817648391894e-08
2.355392565427571390e+04,1.151180661906892055e-08
2.356392732122020607e+04,1.147488415398356665e-08
2.357392898816469460e+04,1.143738881381750616e-08
2.358393065510918677e+04,1.140057470649935567e-08
2.359393232205367531e+04,1.136410521240804883e-08
2.360393398899816748e+04,1.132733107311878484e-08
2.361393565594265965e+04,1.129095039686944801e-08
2.362393732288714818e+04,1.125422066650116903e-08
2.363393898983164036e+04,1.121784087843025191e-08
2.364394065677612889e+04,1.118208547978838396e-08
2.365394232372062106e+04,1.114604675223063168e-08
2.366394399066511323e+04,1.111045300206114916e-08
2.367394565760960177e+04,1.107449687509642899e-08
2.368394732455409394e+04,1.103986324579864231e-08
2.369394899149858247e+04,1.100402435838532256e-08
2.370395065844307464e+04,1.096890578367037961e-08
2.371395232538756682e+04,1.093406609697922249e-08
2.372395399233205535e+04,1.089901591200259645e-08
2.373395565927654752e+04,1.086388490278977770e-08
2.374395732622103606e+04,1.082955147779784966e-08
2.375395899316552823e+04,1.079485567601068396e-08
2.376396066011002040e+04,1.076127453814024193e-08
2.377396232705450893e+04,1.072622168862835679e-08
2.378396399399900110e+04,1.069220001426174349e-08
2.379396566094349328e+04,1.065815613543463769e-08
2.380396732788798181e+04,1.062470200707821277e-08
2.381396899483247398e+04,1.059026377703276012e-08
2.382397066177696252e+04,1.055705034502807393e-08
2.383397232872145469e+04,1.052384757116442415e-08
2.384397399566594686e+04,1.049017939180885151e-08
2.385397566261043539e+04,1.045698017065888052e-08
2.386397732955492756e+04,1.042396124972810867e-08
2.387397899649941610e+04,1.039130115287889566e-08
2.388398066344390827e+04,1.035862773335338716e-08
2.389398233038840044e+04,1.032622520824588719e-08
2.390398399733288898e+04,1.029320806367195473e-08
2.391398566427738115e+04,1.026045293173183381e-08
2.392398733122186968e+04,1.022825468766086487e-08
2.393398899816636185e+04,1.019634954246839698e-08
2.394399066511085402e+04,1.016411399490380063e-08
2.395399233205534256e+04,1.013211559097726422e-08
2.396399399899983473e+04,1.010073891194451789e-08
2.397399566594432690e+04,1.006913308287948894e-08
2.398399733288881544e+04,1.003692595702432300e-08
2.399399899983330761e+04,1.000564520126090429e-08
2.400400066677779614e+04,9.974672643409121520e-09
2.401400233372228831e+04,9.943207146534405183e-09
2.402400400066678048e+04,9.911892639991037868e-09
2.403400566761126902e+04,9.880976925558115909e-09
2.404400733455576119e+04,9.850769977504114649e-09
2.405400900150024972e+04,9.820103841207128426e-09
2.406401066844474190e+04,9.789348887068172189e-09
2.407401233538923407e+04,9.758449159846804832e-09
2.408401400233372260e+04,9.728053917967827147e-09
2.409401566927821477e+04,9.698297276372613851e-09
2.410401733622270331e+04,9.667951772485139372e-09
2.411401900316719548e+04,9.637983744426037447e-09
2.412402067011168765e+04,9.607849627002451598e-09
2.413402233705617618e+04,9.578284831945893529e-09
2.414402400400066836e+04,9.548941193315840792e-09
2.415402567094515689e+04,9.518791976859120041e-09
2.416402733788964906e+04,9.489732555323371344e-09
2.417402900483414123e+04,9.460958239060346386e-09
2.418403067177862977e+04,9.431565750617210142e-09
2.419403233872312194e+04,9.402287837190215214e-09
2.420403400566761411e+04,9.373128051493040402e-09
2.421403567261210264e+04,9.344189422222370922e-09
2.422403733955659482e+04,9.315304083656883449e-09
2.423403900650108335e+04,9.286592828061657201e-09
2.424404067344557552e+04,9.257999700196251069e-09
2.425404234039006769e+04,9.229830233437041898e-09
2.426404400733455623e+04,9.201614581400008319e-09
2.427404567427904840e+04,9.173735548984041088e-09
2.428404734122353693e+04,9.145310286839958280e-09
2.429404900816802910e+04,9.117225197030620620e-09
2.430405067511252128e+04,9.089274222162657679e-09
2.431405234205700981e+04,9.061860595238613314e-09
2.432405400900150198e+04,9.033903403121712472e-09
2.433405567594599052e+04,9.006325463190023584e-09
2.434405734289048269e+04,8.978887855448647315e-09
2.435405900983497486e+04,8.951724694838958385e-09
2.436406067677946339e+04,8.924095240558926889e-09
2.437406234372395556e+04,8.897225178827739001e-09
2.438406401066844410e+04,8.869746714879056526e-09
2.439406567761293627e+04,8.843253240797821491e-09
2.440406734455742844e+04,8.816446239734432311e-09
2.441406901150191698e+04,8.789871053238584864e-09
2.442407067844640915e+04,8.763047176785221382e-09
2.443407234539090132e+04,8.736874335113498091e-09
2.444407401233538985e+04,8.710561161251462181e-09
2.445407567927988202e+04,8.683984198398775334e-09
2.446407734622437056e+04,8.657933925348970661e-09
2.447407901316886273e+04,8.632012438170022506e-09
2.448408068011335490e+04,8.605534063121922372e-09
2.449408234705784344e+04,8.579859489543650852e-09
2.450408401400233561e+04,8.554128960724938224e-09
2.451408568094682414e+04,8.528161288268165663e-09
2.452408734789131631e+04,8.502316184433311719e-09
2.453408901483580848e+04,8.477059054712299258e-09
2.454409068178029702e+04,8.451569222245325363e-09
2.455409234872478919e+04,8.426254360927032394e-09
2.456409401566927772e+04,8.401030093807548838e-09
2.457409568261376990e+04,8.375785398584412178e-09
2.458409734955826207e+04,8.351080715840453195e-09
2.459409901650275060e+04,8.325850231472031737e-09
2.460410068344724277e+04,8.301056730886102741e-09
2.461410235039173131e+04,8.276360929926340759e-09
2.462410401733622348e+04,8.251176630835743708e-09
2.463410568428071565e+04,8.227199366217519128e-09
2.464410735122520418e+04,8.202262868906018412e-09
2.465410901816969636e+04,8.178069776931806700e-09
2.466411068511418853e+04,8.153830499679770583e-09
2.467411235205867706e+04,8.129569017967241962e-09
2.468411401900316923e+04,8.106007420849437040e-09
2.469411568594765777e+04,8.081536329029859189e-09
2.470411735289214994e+04,8.057728706489797332e-09
2.471411901983664211e+04,8.033685716668514942e-09
2.472412068678113064e+04,8.010198726537964831e-09
2.473412235372562282e+04,7.986167283036138542e-09
2.474412402067011135e+04,7.962673187478230830e-09
2.475412568761460352e+04,7.939412682844704250e-09
2.476412735455909569e+04,7.915979871597755846e-09
2.477412902150358423e+04,7.892937858855475497e-09
2.478413068844807640e+04,7.869323859210908267e-09
2.479413235539256493e+04,7.846531424604563654e-09
2.480413402233705710e+04,7.823328651568317582e-09
2.481413568928154928e+04,7.800330159568602539e-09
2.482413735622603781e+04,7.777178900880699075e-09
2.483413902317052998e+04,7.754789699276898318e-09
2.484414069011501851e+04,7.732012363703688607e-09
2.485414235705951069e+04,7.709181737425296888e-09
2.486414402400400286e+04,7.687099845554712374e-09
2.487414569094849139e+04,7.664571199939018697e-09
2.488414735789298356e+04,7.642717569922297116e-09
2.489414902483747574e+04,7.620282183040671953e-09
2.490415069178196427e+04,7.598011109166691313e-09
2.491415235872645644e+04,7.575314597829674312e-09
2.492415402567094497e+04,7.553561331974378845e-09
2.493415569261543715e+04,7.531624213186205452e-09
2.494415735955992932e+04,7.509961541529719398e-09
2.495415902650441785e+04,7.488133668687169120e-09
2.496416069344891002e+04,7.466089080310212012e-09
2.497416236039339856e+04,7.444959759794755882e-09
2.498416402733789073e+04,7.423369474679475388e-09
2.499416569428238290e+04,7.402047419446944332e-09
2.500416736122687144e+04,7.380524635891561047e-09
2.501416902817136361e+04,7.359647113958089903e-09
2.502417069511585214e+04,7.338300189729807244e-09
2.503417236206034431e+04,7.317300987352837183e-09
2.504417402900483648e+04,7.296161452785554502e-09
2.505417569594932502e+04,7.275178237620139043e-09
2.506417736289381719e+04,7.254366884978935559e-09
2.507417902983830572e+04,7.233470267209440863e-09
2.508418069678279790e+04,7.212663355460335879e-09
2.509418236372729007e+04,7.192131779021337934e-09
2.510418403067177860e+04,7.171359506230601255e-09
2.511418569761627077e+04,7.151377712233397688e-09
2.512418736456076294e+04,7.130613433048438310e-09
2.513418903150525148e+04,7.110571687007904984e-09
2.514419069844974365e+04,7.090077858151744294e-09
2.515419236539423218e+04,7.069893115385639248e-09
2.516419403233872436e+04,7.050051653578748301e-09
2.517419569928321653e+04,7.029612891784609019e-09
2.518419736622770506e+04,7.009926861201165593e-09
2.519419903317219723e+04,6.989711920368790743e-09
2.520420070011668577e+04,6.970289234686788404e-09
2.521420236706117794e+04,6.950025888130539897e-09
2.522420403400567011e+04,6.930732432408603927e-09
2.523420570095015864e+04,6.911166305911820018e-09
2.524420736789465082e+04,6.891997639257851915e-09
2.525420903483913935e+04,6.872412416925044454e-09
2.526421070178363152e+04,6.852777900689943635e-09
2.527421236872812369e+04,6.833579035969705728e-09
2.528421403567261223e+04,6.814415698386255826e-09
2.529421570261710440e+04,6.795677354176632434e-09
2.530421736956159293e+04,6.776458949531161124e-09
2.531421903650608510e+04,6.757449710903529194e-09
2.532422070345057728e+04,6.738351210344717401e-09
2.533422237039506581e+04,6.719149681089220394e-09
2.534422403733955798e+04,6.700300314577134486e-09
2.535422570428405015e+04,6.681781350437177025e-09
2.536422737122853869e+04,6.663225970982011859e-09
2.537422903817303086e+04,6.644373051756247150e-09
2.538423070511751939e+04,6.625988202557664408e-09
2.539423237206201156e+04,6.607593139307255115e-09
2.540423403900650374e+04,6.589590650918353276e-09
2.541423570595099227e+04,6.570919808268627094e-09
2.542423737289548444e+04,6.552913767166046455e-09
2.543423903983997297e+04,6.534533358859562213e-09
2.544424070678446515e+04,6.516362560660127201e-09
2.545424237372895732e+04,6.498754423489572218e-09
2.546424404067344585e+04,6.480171510503396348e-09
2.547424570761793802e+04,6.461993606876603735e-09
2.548424737456242656e+04,6.444415223683108707e-09
2.549424904150691873e+04,6.426622345401256098e-09
2.550425070845141090e+04,6.409155428599433435e-09
2.551425237539589943e+04,6.391603246669319560e-09
2.552425404234039161e+04,6.373700678352633986e-09
2.553425570928488014e+04,6.356455362066526504e-09
2.554425737622937231e+04,6.339007541100727394e-09
2.555425904317386448e+04,6.321366541328643507e-09
2.556426071011835302e+04,6.304242017307615242e-09
2.557426237706284519e+04,6.287316445252599806e-09
2.558426404400733736e+04,6.269580410389608005e-09
2.559426571095182589e+04,6.252915074611564705e-09
2.560426737789631807e+04,6.235628902118151018e-09
2.561426904484080660e+04,6.218797032886413945e-09
2.562427071178529877e+04,6.201760882618145843e-09
2.563427237872979094e+04,6.184846856882586508e-09
2.564427404567427948e+04,6.168070942891290542e-09
2.565427571261877165e+04,6.151396725329050241e-09
2.566427737956326018e+04,6.134825092374285305e-09
2.567427904650775235e+04,6.117816031547818056e-09
2.568428071345224453e+04,6.101354088627886085e-09
2.569428238039673306e+04,6.085016046597502282e-09
2.570428404734122523e+04,6.068641145162700923e-09
2.571428571428571377e+04,6.052393697331126532e-09
2.572428738123020594e+04,6.035887789579419405e-09
2.573428904817469811e+04,6.019539089407999199e-09
2.574429071511918664e+04,6.003294750200893759e-09
2.575429238206367882e+04,5.987225382142469243e-09
2.576429404900816735e+04,5.971667160764582150e-09
2.577429571595265952e+04,5.955421045200637309e-09
2.578429738289715169e+04,5.939219338557677474e-09
2.579429904984164023e+04,5.923157520015820410e-09
2.580430071678613240e+04,5.907409672545327339e-09
2.581430238373062457e+04,5.891890531017907051e-09
2.582430405067511310e+04,5.875952613365598154e-09
2.583430571761960528e+04,5.860528506929085779e-09
2.584430738456409381e+04,5.845070649712624800e-09
2.585430905150858598e+04,5.828931559648253824e-09
2.586431071845307815e+04,5.813573178414799258e-09
2.587431238539756669e+04,5.798066471385254772e-09
2.588431405234205886e+04,5.782763601303031464e-09
2.589431571928654739e+04,5.767515798282829564e-09
2.590431738623103956e+04,5.752401666114792533e-09
2.591431905317553174e+04,5.737310182496457855e-09
2.592432072012002027e+04,5.722082363490699208e-09
2.593432238706451244e+04,5.707137429311615051e-09
2.594432405400900097e+04,5.691707993804584476e-09
2.595432572095349315e+04,5.676622727435187699e-09
2.596432738789798532e+04,5.661920265964681676e-09
2.597432905484247385e+04,5.647097900407516136e-09
2.598433072178696602e+04,5.632216915074650387e-09
2.599433238873145456e+04,5.617120102385797509e-09
2.600433405567594673e+04,5.602502461954372848e-09
2.601433572262043890e+04,5.588225882036113035e-09
2.602433738956492743e+04,5.573252970236808324e-09
2.603433905650941961e+04,5.558350668621869772e-09
2.604434072345391178e+04,5.544217085429181680e-09
2.605434239039840031e+04,5.530021773836324428e-09
2.606434405734289248e+04,5.515387702104135315e-09
2.607434572428738102e+04,5.500959687765316630e-09
2.608434739123187319e+04,5.486935350518251653e-09
2.609434905817636536e+04,5.472521102944938320e-09
2.610435072512085389e+04,5.458022922510963326e-09
2.611435239206534607e+04,5.444279249644523588e-09
2.612435405900983460e+04,5.429938720880045366e-09
2.613435572595432677e+04,5.415786041851333721e-09
2.614435739289881894e+04,5.402041924895684133e-09
2.615435905984330748e+04,5.388157919838931775e-09
2.616436072678779965e+04,5.374338751806817527e-09
2.617436239373228818e+04,5.360101695828234369e-09
2.618436406067678035e+04,5.346743048306734636e-09
2.619436572762127253e+04,5.332602359686688942e-09
2.620436739456576106e+04,5.319388041158390479e-09
2.621436906151025323e+04,5.305403227851002157e-09
2.622437072845474540e+04,5.292116966870707984e-09
2.623437239539923394e+04,5.278303127909111936e-09
2.624437406234372611e+04,5.264779279201547979e-09
2.625437572928821464e+04,5.250724743888213197e-09
2.626437739623270681e+04,5.238187217315726230e-09
2.627437906317719899e+04,5.225380128592860274e-09
2.628438073012168752e+04,5.211622688960915184e-09
2.629438239706617969e+04,5.198238728354453997e-09
2.630438406401066823e+04,5.185168294730146954e-09
2.631438573095516040e+04,5.172142270026824917e-09
2.632438739789965257e+04,5.158588667342201006e-09
2.633438906484414110e+04,5.146042258985517037e-09
2.634439073178863327e+04,5.132667180163252851e-09
2.635439239873312181e+04,5.119639379103091414e-09
2.636439406567761398e+04,5.106536526966465317e-09
2.637439573262210615e+04,5.094027422103408753e-09
2.638439739956659469e+04,5.080979192939594213e-09
2.639439906651108686e+04,5.068692576770672531e-09
2.640440073345557539e+04,5.055751373106431856e-09
2.641440240040006756e+04,5.042656070486373210e-09
2.642440406734455973e+04,5.030548866358230953e-09
2.643440573428904827e+04,5.017291471176577033e-09
2.644440740123354044e+04,5.004834768840282777e-09
2.645440906817803261e+04,4.992634750067281857e-09
2.646441073512252115e+04,4.980295287282388017e-09
2.647441240206701332e+04,4.967641853426130183e-09
2.648441406901150185e+04,4.955465371381251316e-09
2.649441573595599402e+04,4.942619202807918555e-09
2.650441740290048619e+04,4.930558183957600704e-09
2.651441906984497473e+04,4.918669471720704678e-09
2.652442073678946690e+04,4.906278938676678081e-09
2.653442240373395543e+04,4.894233462948704982e-09
2.654442407067844761e+04,4.882077409007479218e-09
2.655442573762293978e+04,4.869745495739152830e-09
2.656442740456742831e+04,4.857715563133524483e-09
2.657442907151192048e+04,4.845719381307844742e-09
2.658443073845640902e+04,4.834098898953698153e-09
2.659443240540090119e+04,4.821861576687069828e-09
2.660443407234539336e+04,4.810325027193584901e-09
2.661443573928988189e+04,4.798277331019562553e-09
2.662443740623437407e+04,4.786507634690906343e-09
2.663443907317886260e+04,4.775125184153239388e-09
2.664444074012335477e+04,4.763502037263833699e-09
2.665444240706784694e+04,4.751760318555398044e-09
2.666444407401233548e+04,4.740404069281112243e-09
2.667444574095682765e+04,4.728542446486017070e-09
2.668444740790131982e+04,4.716850021679874772e-09
2.669444907484580835e+04,4.705603462440421936e-09
2.670445074179030053e+04,4.694415967065879158e-09
2.671445240873478906e+04,4.682437548808593419e-09
2.672445407567928123e+04,4.671314002280269051e-09
2.673445574262377340e+04,4.660214880658486436e-09
2.674445740956826194e+04,4.648875950863384787e-09
2.675445907651275411e+04,4.637639605675758503e-09
2.676446074345724264e+04,4.626579119815232843e-09
2.677446241040173481e+04,4.615310356115287505e-09
2.678446407734622699e+04,4.603950110038113053e-09
2.679446574429071552e+04,4.592730196151251221e-09
2.680446741123520769e+04,4.581921508872710547e-09
2.681446907817969623e+04,4.570740674836315520e-09
2.682447074512418840e+04,4.560142041754033926e-09
2.683447241206868057e+04,4.549010501619932256e-09
2.684447407901316910e+04,4.537890507805286688e-09
2.685447574595766127e+04,4.527759500660977210e-09
2.686447741290214981e+04,4.516298002243956944e-09
2.687447907984664198e+04,4.505757988937375558e-09
2.688448074679113415e+04,4.494824068501657166e-09
2.689448241373562269e+04,4.484313365082925884e-09
2.690448408068011486e+04,4.473736936461136793e-09
2.691448574762460703e+04,4.463025060630343432e-09
2.692448741456909556e+04,4.452582746949929060e-09
2.693448908151358773e+04,4.441800705023979390e-09
2.694449074845807627e+04,4.431684796912804813e-09
2.695449241540256844e+04,4.420842802943525385e-09
2.696449408234706061e+04,4.410339204952151704e-09
2.697449574929154915e+04,4.400258823977765132e-09
2.698449741623604132e+04,4.389749008737453551e-09
2.699449908318052985e+04,4.379446583158141948e-09
2.700450075012502202e+04,4.369235639956059458e-09
2.701450241706951419e+04,4.358915006719144003e-09
2.702450408401400273e+04,4.348554405453342042e-09
2.703450575095849490e+04,4.338654324698154596e-09
2.704450741790298343e+04,4.328444269674491807e-09
2.705450908484747561e+04,4.317985968782522832e-09
2.706451075179196778e+04,4.308130741037530242e-09
2.707451241873645631e+04,4.298120970247509831e-09
2.708451408568094848e+04,4.288517096995292377e-09
2.709451575262543702e+04,4.277816767483955118e-09
2.710451741956992919e+04,4.268186692968356510e-09
2.711451908651442136e+04,4.258446040239505237e-09
2.712452075345890989e+04,4.248674301265964459e-09
2.713452242040340207e+04,4.238533080069828429e-09
2.714452408734789424e+04,4.228821293139617410e-09
2.715452575429238277e+04,4.218886573426061659e-09
2.716452742123687494e+04,4.209372406194233918e-09
2.717452908818136348e+04,4.199517178449241328e-09
2.718453075512585565e+04,4.190044311513929642e-09
2.719453242207034782e+04,4.180241930384909210e-09
2.720453408901483635e+04,4.170689571481034363e-09
2.721453575595932853e+04,4.161195832352859725e-09
2.722453742290381706e+04,4.151640808913725778e-09
2.723453908984830923e+04,4.142030274323360572e-09
2.724454075679280140e+04,4.132924669164594889e-09
2.725454242373728994e+04,4.123416719181705048e-09
2.726454409068178211e+04,4.113809293215808793e-09
2.727454575762627064e+04,4.104335538102077408e-09
2.728454742457076281e+04,4.095035421869397396e-09
2.729454909151525499e+04,4.086058158492278380e-09
2.730455075845974352e+04,4.076604831482200098e-09
2.731455242540423569e+04,4.067471692792423710e-09
2.732455409234872423e+04,4.058317681909784369e-09
2.733455575929321640e+04,4.049116597570900922e-09
2.734455742623770857e+04,4.039998113825049586e-09
2.735455909318219710e+04,4.030875633276309600e-09
2.736456076012668927e+04,4.021921906627312637e-09
2.737456242707118145e+04,4.012269183562011676e-09
2.738456409401566998e+04,4.003747999803408675e-09
2.739456576096016215e+04,3.994674369067752195e-09
2.740456742790465069e+04,3.985890284496917957e-09
2.741456909484914286e+04,3.976479145961775430e-09
2.742457076179363503e+04,3.968106732088472199e-09
2.743457242873812356e+04,3.958703143069897123e-09
2.744457409568261573e+04,3.950255234030919382e-09
2.745457576262710427e+04,3.941182491473682603e-09
2.746457742957159644e+04,3.932398850992058215e-09
2.747457909651608861e+04,3.923839031472198258e-09
2.748458076346057715e+04,3.915040291957438967e-09
2.749458243040506932e+04,3.906605705594756728e-09
2.750458409734955785e+04,3.897975275890530611e-09
2.751458576429405002e+04,3.889106370280615010e-09
2.752458743123854219e+04,3.881108323611215383e-09
2.753458909818303073e+04,3.872238973912089932e-09
2.754459076512752290e+04,3.863566799822137909e-09
2.755459243207201143e+04,3.854844887740682680e-09
2.756459409901650361e+04,3.846349461156250982e-09
2.757459576596099578e+04,3.837921536131716493e-09
2.758459743290548431e+04,3.829749406492055641e-09
2.759459909984997648e+04,3.821300609274658200e-09
2.760460076679446865e+04,3.812548055037723316e-09
2.761460243373895719e+04,3.804825787767640577e-09
2.762460410068344936e+04,3.796014613755005485e-09
2.763460576762793789e+04,3.787913094299710792e-09
2.764460743457243007e+04,3.779281776417064975e-09
2.765460910151692224e+04,3.771661205576037901e-09
2.766461076846141077e+04,3.763437117498824591e-09
2.767461243540590294e+04,3.755136201988307221e-09
2.768461410235039148e+04,3.747488097616269442e-09
2.769461576929488365e+04,3.738808374009749969e-09
2.770461743623937582e+04,3.731083886293617979e-09
2.771461910318386435e+04,3.722744112977238728e-09
2.772462077012835653e+04,3.714699658985409769e-09
2.773462243707284506e+04,3.706767559563672876e-09
2.774462410401733723e+04,3.698599204682295749e-09
2.775462577096182940e+04,3.690752814478059918e-09
2.776462743790631794e+04,3.682693039408491131e-09
2.777462910485081011e+04,3.674922144369929811e-09
2.778463077179529864e+04,3.666979386807156516e-09
2.779463243873979081e+04,3.659276659462307180e-09
2.780463410568428299e+04,3.651563273976421442e-09
2.781463577262877152e+04,3.643811918863093524e-09
2.782463743957326369e+04,3.635756140596413388e-09
2.783463910651775586e+04,3.628289224621994435e-09
2.784464077346224440e+04,3.620743038723617246e-09
2.785464244040673657e+04,3.612529386742835413e-09
2.786464410735122510e+04,3.605120868499511744e-09
2.787464577429571727e+04,3.597591335946503932e-09
2.788464744124020945e+04,3.589750274812786301e-09
2.789464910818469798e+04,3.582274255009565422e-09
2.790465077512919015e+04,3.574812446061059745e-09
2.791465244207367869e+04,3.567053541431164376e-09
2.792465410901817086e+04,3.559585959322930648e-09
2.793465577596266303e+04,3.552069305357008488e-09
2.794465744290715156e+04,3.545133964166780061e-09
2.795465910985164373e+04,3.537405035558549571e-09
2.796466077679613227e+04,3.529936343227291218e-09
2.797466244374062444e+04,3.522638403197220214e-09
2.798466411068511661e+04,3.515161717260184560e-09
2.799466577762960515e+04,3.508115575812098541e-09
2.800466744457409732e+04,3.500546297274809149e-09
2.801466911151858585e+04,3.493153766243040081e-09
2.802467077846307802e+04,3.485800537106342745e-09
2.803467244540757019e+04,3.478729082573295273e-09
2.804467411235205873e+04,3.471291698531331349e-09
2.805467577929655090e+04,3.464500464289699266e-09
2.806467744624104307e+04,3.457022224040429137e-09
2.807467911318553161e+04,3.450067120880362381e-09
2.808468078013002378e+04,3.442849560997274239e-09
2.809468244707451231e+04,3.435780993044090792e-09
2.810468411401900448e+04,3.428459738330502660e-09
2.811468578096349665e+04,3.421803063119455146e-09
2.812468744790798519e+04,3.414812876911810235e-09
2.813468911485247736e+04,3.407598203608586118e-09
2.814469078179696589e+04,3.400787429441720633e-09
2.815469244874145807e+04,3.393771486059904419e-09
2.816469411568595024e+04,3.386547708927878375e-09
2.817469578263043877e+04,3.380012492115724854e-09
2.818469744957493094e+04,3.372827350744955766e-09
2.819469911651941948e+04,3.365931089405194143e-09
2.820470078346391165e+04,3.359248879064580251e-09
2.821470245040840382e+04,3.352579103221842161e-09
2.822470411735289235e+04,3.345466570436883558e-09
2.823470578429738453e+04,3.338870735447585503e-09
2.824470745124187306e+04,3.331915854332123672e-09
2.825470911818636523e+04,3.325223874028893079e-09
2.826471078513085740e+04,3.318550101383266338e-09
2.827471245207534594e+04,3.312138563416056058e-09
2.828471411901983811e+04,3.305298923450550319e-09
2.829471578596433028e+04,3.298645800953181606e-09
2.830471745290881881e+04,3.292382144692851398e-09
2.831471911985331099e+04,3.285397509600329613e-09
2.832472078679779952e+04,3.278735061229554049e-09
2.833472245374229169e+04,3.272159210254699246e-09
2.834472412068678386e+04,3.265754777714846568e-09
2.835472578763127240e+04,3.259455150228518505e-09
2.836472745457576457e+04,3.252693669963946377e-09
2.837472912152025310e+04,3.246431345971245719e-09
2.838473078846474527e+04,3.239671864108117916e-09
2.839473245540923745e+04,3.233445955430624963e-09
2.840473412235372598e+04,3.226770406428158822e-09
2.841473578929821815e+04,3.220625766076068430e-09
2.842473745624270668e+04,3.213914689936814284e-09
2.843473912318719886e+04,3.208003418464500101e-09
2.844474079013169103e+04,3.201187093182511489e-09
2.845474245707617956e+04,3.195045339410285123e-09
2.846474412402067173e+04,3.188929786901439911e-09
2.847474579096516391e+04,3.182540009305512285e-09
2.848474745790965244e+04,3.176520824155204537e-09
2.849474912485414461e+04,3.170408602315433200e-09
2.850475079179863314e+04,3.163997508437432771e-09
2.851475245874312532e+04,3.157875072545834882e-09
2.852475412568761749e+04,3.151580774130025020e-09
2.853475579263210602e+04,3.145234517276662700e-09
2.854475745957659819e+04,3.139177584543517696e-09
2.855475912652108673e+04,3.133366455188024702e-09
2.856476079346557890e+04,3.127192726992689131e-09
2.857476246041007107e+04,3.121039204856401739e-09
2.858476412735455961e+04,3.114704272277890595e-09
2.859476579429905178e+04,3.109006607715514292e-09
2.860476746124354031e+04,3.103145740368518091e-09
2.861476912818803248e+04,3.096928491430617214e-09
2.862477079513252465e+04,3.091169986646491452e-09
2.863477246207701319e+04,3.084973387856848603e-09
2.864477412902150536e+04,3.079208221734575091e-09
2.865477579596599389e+04,3.073036936029893695e-09
2.866477746291048607e+04,3.067016640656561322e-09
2.867477912985497824e+04,3.061150666283651844e-09
2.868478079679946677e+04,3.055549369079813005e-09
2.869478246374395894e+04,3.049541730248961358e-09
2.870478413068845111e+04,3.044081653413854838e-09
2.871478579763293965e+04,3.038188589599144507e-09
2.872478746457743182e+04,3.032354145560134384e-09
2.873478913152192035e+04,3.026371597769639266e-09
2.874479079846641253e+04,3.020432126632499603e-09
2.875479246541090470e+04,3.014755112218381328e-09
2.876479413235539323e+04,3.009395843633910772e-09
2.877479579929988540e+04,3.003440163240611582e-09
2.878479746624437394e+04,2.998082226923770577e-09
2.879479913318886611e+04,2.992192493778134121e-09
2.880480080013335828e+04,2.986507485758238545e-09
2.881480246707784681e+04,2.980954372233668437e-09
2.882480413402233899e+04,2.975320878562115468e-09
2.883480580096682752e+04,2.969594570245703835e-09
2.884480746791131969e+04,2.964076095679502032e-09
2.885480913485581186e+04,2.958550959775152478e-09
2.886481080180030040e+04,2.952936561939623061e-09
2.887481246874479257e+04,2.947263322283788511e-09
2.888481413568928110e+04,2.942053489718432502e-09
2.889481580263377327e+04,2.936589638125042256e-09
2.890481746957826545e+04,2.930919285049071732e-09
2.891481913652275398e+04,2.925799380548710360e-09
2.892482080346724615e+04,2.920102382120148832e-09
2.893482247041173832e+04,2.914664065656324965e-09
2.894482413735622686e+04,2.909383844951207720e-09
2.895482580430071903e+04,2.903375095897331448e-09
2.896482747124520756e+04,2.898585371724493598e-09
2.897482913818969973e+04,2.893302486484117253e-09
2.898483080513419191e+04,2.887734940060227018e-09
2.899483247207868044e+04,2.882621030764198622e-09
2.900483413902317261e+04,2.877163618464351202e-09
2.901483580596766114e+04,2.872240223439348483e-09
2.902483747291215332e+04,2.866410220292436861e-09
2.903483913985664549e+04,2.861889836225373074e-09
2.904484080680113402e+04,2.856099357018138107e-09
2.905484247374562619e+04,2.851181291063653589e-09
2.906484414069011473e+04,2.845879087942648766e-09
2.907484580763460690e+04,2.840542689952485489e-09
2.908484747457909907e+04,2.835494949948724752e-09
2.909484914152358760e+04,2.830490508642924397e-09
2.910485080846807978e+04,2.825163880615377821e-09
2.911485247541256831e+04,2.819999567194031442e-09
2.912485414235706048e+04,2.815086830310065125e-09
2.913485580930155265e+04,2.809590560204355825e-09
2.914485747624604119e+04,2.804920740118177491e-09
2.915485914319053336e+04,2.799446674472960694e-09
2.916486081013502553e+04,2.794554587737252405e-09
2.917486247707951406e+04,2.789563469107747551e-09
2.918486414402400624e+04,2.784361852192773767e-09
2.919486581096849477e+04,2.779749985748480867e-09
2.920486747791298694e+04,2.774433571772760843e-09
2.921486914485747911e+04,2.769586782136457259e-09
2.922487081180196765e+04,2.764816153799642962e-09
2.923487247874645982e+04,2.759678929820097437e-09
2.924487414569094835e+04,2.754732664200787440e-09
2.925487581263544052e+04,2.749939831403480639e-09
2.926487747957993270e+04,2.744810823074317341e-09
2.927487914652442123e+04,2.740092153175055500e-09
2.928488081346891340e+04,2.735086157557020670e-09
2.929488248041340194e+04,2.730311088328107871e-09
2.930488414735789411e+04,2.725505154899110494e-09
2.931488581430238628e+04,2.720526026678271592e-09
2.932488748124687481e+04,2.715764502170259220e-09
2.933488914819136698e+04,2.711014746026307876e-09
2.934489081513585552e+04,2.706342261404870442e-09
2.935489248208034769e+04,2.701445067643248876e-09
2.936489414902483986e+04,2.696656897782645501e-09
2.937489581596932840e+04,2.691964429146764815e-09
2.938489748291382057e+04,2.687696065706290938e-09
2.939489914985831274e+04,2.682799093989274297e-09
2.940490081680280127e+04,2.677692956254418277e-09
2.941490248374729345e+04,2.673407273334760248e-09
2.942490415069178198e+04,2.668955723095223220e-09
2.943490581763627415e+04,2.664046760969540628e-09
2.944490748458076632e+04,2.659525710768662066e-09
2.945490915152525486e+04,2.654826358750028703e-09
2.946491081846974703e+04,2.650358155165122298e-09
2.947491248541423556e+04,2.645490937425165612e-09
2.948491415235872773e+04,2.640951235477473347e-09
2.949491581930321991e+04,2.636599383265547658e-09
2.950491748624770844e+04,2.631654894003077061e-09
2.951491915319220061e+04,2.627498441043485400e-09
2.952492082013668914e+04,2.622454031708798539e-09
2.953492248708118132e+04,2.618391947706300016e-09
2.954492415402567349e+04,2.613836480591658074e-09
2.955492582097016202e+04,2.608867788467250648e-09
2.956492748791465419e+04,2.604842785913774605e-09
2.957492915485914273e+04,2.600070381220120908e-09
2.958493082180363490e+04,2.595757386814057099e-09
2.959493248874812707e+04,2.591509451477236325e-09
2.960493415569261560e+04,2.586833636186725016e-09
2.961493582263710778e+04,2.582701164044465258e-09
2.962493748958159995e+04,2.578250724027952856e-09
2.963493915652608848e+04,2.573844248843215610e-09
2.964494082347058065e+04,2.569461532431205342e-09
2.965494249041506919e+04,2.565131884679772156e-09
2.966494415735956136e+04,2.560743395108033837e-09
2.967494582430405353e+04,2.556290956690077110e-09
2.968494749124854206e+04,2.552307698522326973e-09
2.969494915819303424e+04,2.547712041334193600e-09
2.970495082513752277e+04,2.543351529382675835e-09
2.971495249208201494e+04,2.539117360811360413e-09
2.972495415902650711e+04,2.535004206549729133e-09
2.973495582597099565e+04,2.530632592367965117e-09
2.974495749291548782e+04,2.526590492379909847e-09
2.975495915985997635e+04,2.522291708828561241e-09
2.976496082680446852e+04,2.517945851820968528e-09
2.977496249374896070e+04,2.513742325405132760e-09
2.978496416069344923e+04,2.509747742962531447e-09
2.979496582763794140e+04,2.505526008889091827e-09
2.980496749458242994e+04,2.501164164669944512e-09
2.981496916152692211e+04,2.497090756392594812e-09
2.982497082847141428e+04,2.492933637299188376e-09
2.983497249541590281e+04,2.488722561366785158e-09
2.984497416236039498e+04,2.484635608368535031e-09
2.985497582930488716e+04,2.480764482726272036e-09
2.986497749624937569e+04,2.476430838171950199e-09
2.987497916319386786e+04,2.472413163090436683e-09
2.988498083013835640e+04,2.468272253253189774e-09
2.989498249708284857e+04,2.464082049513649508e-09
2.990498416402734074e+04,2.460209813648361887e-09
2.991498583097182927e+04,2.456277847784349433e-09
2.992498749791632144e+04,2.452180236645062905e-09
2.993498916486080998e+04,2.448141023236871661e-09
2.994499083180530215e+04,2.444201951945501605e-09
2.995499249874979432e+04,2.439992874414542712e-09
2.996499416569428286e+04,2.436076673717479935e-09
2.997499583263877503e+04,2.432257062423559546e-09
2.998499749958326356e+04,2.428336864923608118e-09
2.999499916652775573e+04,2.424292322444898673e-09
3.000500083347224790e+04,2.420486699961088561e-09
3.001500250041673644e+04,2.416384203840493683e-09
3.002500416736122861e+04,2.412434252363482301e-09
3.003500583430571714e+04,2.408669264042373470e-09
3.004500750125020932e+04,2.404758836505038744e-09
3.005500916819470149e+04,2.400970089411202935e-09
3.006501083513919002e+04,2.396713938423999934e-09
3.007501250208368219e+04,2.393142350953780806e-09
3.008501416902817436e+04,2.389223041632249078e-09
3.009501583597266290e+04,2.385510455837902555e-09
3.010501750291715507e+04,2.381638886106429709e-09
3.011501916986164360e+04,2.377797292396621742e-09
3.012502083680613578e+04,2.374010987793440108e-09
3.013502250375062795e+04,2.370417417907333402e-09
3.014502417069511648e+04,2.366282281229814544e-09
3.015502583763960865e+04,2.362495088448213210e-09
3.016502750458409719e+04,2.359059614320813125e-09
3.017502917152858936e+04,2.355117434404974119e-09
3.018503083847308153e+04,2.351550731916063341e-09
3.019503250541757006e+04,2.347567029659103355e-09
3.020503417236206224e+04,2.344074045979027687e-09
3.021503583930655077e+04,2.340211358031751843e-09
3.022503750625104294e+04,2.336497662014380694e-09
3.023503917319553511e+04,2.332756876555208692e-09
3.024504084014002365e+04,2.329242798637665146e-09
3.025504250708451582e+04,2.325531323066343248e-09
3.026504417402900435e+04,2.321741465749482813e-09
3.027504584097349652e+04,2.318303105042218704e-09
3.028504750791798870e+04,2.314690439320088444e-09
3.029504917486247723e+04,2.311104640995154114e-09
3.030505084180696940e+04,2.307079416397073146e-09
3.031505250875146157e+04,2.303572443906887202e-09
3.032505417569595011e+04,2.300193147064533150e-09
3.033505584264044228e+04,2.296473011753619176e-09
3.034505750958493081e+04,2.292857903540834741e-09
3.035505917652942298e+04,2.289449518855235510e-09
3.036506084347391516e+04,2.285970523985270120e-09
3.037506251041840369e+04,2.282329658598314381e-09
3.038506417736289586e+04,2.278869981608977469e-09
3.039506584430738440e+04,2.275274191276821512e-09
3.040506751125187657e+04,2.271743460013908589e-09
3.041506917819636874e+04,2.268149223993987107e-09
3.042507084514085727e+04,2.264956666664375007e-09
3.043507251208534944e+04,2.261072218345816509e-09
3.044507417902983798e+04,2.257800835181456023e-09
3.045507584597433015e+04,2.254135544887958531e-09
3.046507751291882232e+04,2.251056230306858197e-09
3.047507917986331086e+04,2.247319663695179770e-09
3.048508084680780303e+04,2.243827346148918878e-09
3.049508251375229156e+04,2.240410523768332496e-09
3.050508418069678373e+04,2.237021679007966668e-09
3.051508584764127590e+04,2.233635942872069791e-09
3.052508751458576444e+04,2.230135409675426672e-09
3.053508918153025661e+04,2.226694828522113312e-09
3.054509084847474878e+04,2.223729644867944444e-09
3.055509251541923732e+04,2.220239991856942652e-09
3.056509418236372949e+04,2.216872685423254552e-09
3.057509584930821802e+04,2.213320637878268826e-09
3.058509751625271019e+04,2.209964433674826978e-09
3.059509918319720236e+04,2.206625326905964357e-09
3.060510085014169090e+04,2.203404347866921853e-09
3.061510251708618307e+04,2.200175153177497123e-09
3.062510418403067160e+04,2.196837378676264052e-09
3.063510585097516378e+04,2.193214720946912166e-09
3.064510751791965595e+04,2.190002623692066663e-09
3.065510918486414448e+04,2.186707037665769349e-09
3.066511085180863665e+04,2.183701441893504125e-09
3.067511251875312519e+04,2.180251756911388838e-09
3.068511418569761736e+04,2.177104052591971595e-09
3.069511585264210953e+04,2.173580204711811348e-09
3.070511751958659806e+04,2.170539525891967969e-09
3.071511918653109024e+04,2.167474422165582837e-09
3.072512085347557877e+04,2.164201706733592800e-09
3.073512252042007094e+04,2.160866818812223755e-09
3.074512418736456311e+04,2.157627410070972473e-09
3.075512585430905165e+04,2.154630696082904251e-09
3.076512752125354382e+04,2.151402611616504146e-09
3.077512918819803599e+04,2.148254463207877052e-09
3.078513085514252452e+04,2.144995070452182517e-09
3.079513252208701670e+04,2.141775867769979413e-09
3.080513418903150523e+04,2.138792032368996843e-09
3.081513585597599740e+04,2.135499777011773404e-09
3.082513752292048957e+04,2.132366061502466437e-09
3.083513918986497811e+04,2.129176612797323287e-09
3.084514085680947028e+04,2.126226972265499171e-09
3.085514252375395881e+04,2.123041520363244672e-09
3.086514419069845098e+04,2.119982855930402366e-09
3.087514585764294316e+04,2.116851582911749574e-09
3.088514752458743169e+04,2.113443642315360194e-09
3.089514919153192386e+04,2.110691621481919356e-09
3.090515085847641240e+04,2.107616081659102747e-09
3.091515252542090457e+04,2.104460605778513127e-09
3.092515419236539674e+04,2.101467888593333555e-09
3.093515585930988527e+04,2.098655249582748183e-09
3.094515752625437744e+04,2.095412510172423026e-09
3.095515919319886962e+04,2.092081174964732782e-09
3.096516086014335815e+04,2.089449058217951460e-09
3.097516252708785032e+04,2.086387285160640204e-09
3.098516419403233886e+04,2.083270445041307539e-09
3.099516586097683103e+04,2.080321692687903123e-09
3.100516752792132320e+04,2.077415350854039389e-09
3.101516919486581173e+04,2.074254767947536493e-09
3.102517086181030390e+04,2.071269156189714522e-09
3.103517252875479244e+04,2.068382354281084190e-09
3.104517419569928461e+04,2.065369208992251515e-09
3.105517586264377678e+04,2.062464643515227181e-09
3.106517752958826532e+04,2.059469705883998358e-09
3.107517919653275749e+04,2.056541159589642120e-09
3.108518086347724602e+04,2.053658354483900439e-09
3.109518253042173819e+04,2.050801306552330061e-09
3.110518419736623036e+04,2.047704228402835724e-09
3.111518586431071890e+04,2.044946212365061911e-09
3.112518753125521107e+04,2.041937730012932661e-09
3.113518919819969960e+04,2.039048929702858004e-09
3.114519086514419178e+04,2.036131041549538168e-09
3.115519253208868395e+04,2.033777146692727911e-09
3.116519419903317248e+04,2.030366319516474505e-09
3.117519586597766465e+04,2.027765066969777763e-09
3.118519753292215682e+04,2.024977518999548920e-09
3.119519919986664536e+04,2.022005007873417526e-09
3.120520086681113753e+04,2.019090672433776490e-09
3.121520253375562606e+04,2.016071531940610839e-09
3.122520420070011824e+04,2.013637923070632496e-09
3.123520586764461041e+04,2.010448030276279496e-09
3.124520753458909894e+04,2.007832788919472478e-09
3.125520920153359111e+04,2.005298593843463095e-09
3.126521086847807965e+04,2.001985244248771778e-09
3.127521253542257182e+04,1.999256982188057918e-09
3.128521420236706399e+04,1.996800058634562447e-09
3.129521586931155252e+04,1.993992748694495276e-09
3.130521753625604470e+04,1.990885012403964538e-09
3.131521920320053323e+04,1.988393449892100762e-09
3.132522087014502540e+04,1.985623665490265921e-09
3.133522253708951757e+04,1.982772612763028519e-09
3.134522420403400611e+04,1.980236419285574812e-09
3.135522587097849828e+04,1.977243035966580464e-09
3.136522753792298681e+04,1.974616026245712419e-09
3.137522920486747898e+04,1.971952601209636669e-09
3.138523087181197116e+04,1.969360674536346778e-09
3.139523253875645969e+04,1.966566687272575109e-09
3.140523420570095186e+04,1.964109097585264863e-09
3.141523587264544403e+04,1.961006690365252325e-09
3.142523753958993257e+04,1.958288864400969942e-09
3.143523920653442474e+04,1.955700490441358852e-09
3.144524087347891327e+04,1.953208039751075376e-09
3.145524254042340544e+04,1.950392514160625979e-09
3.146524420736789762e+04,1.947680461356071646e-09
3.147524587431238615e+04,1.945173799811072968e-09
3.148524754125687832e+04,1.942275895672196384e-09
3.149524920820136686e+04,1.939840954534588491e-09
3.150525087514585903e+04,1.937269233920346778e-09
3.151525254209035120e+04,1.934583826468383450e-09
3.152525420903483973e+04,1.931779625152785229e-09
3.153525587597933190e+04,1.929325588179153783e-09
3.154525754292382044e+04,1.926866000090399211e-09
3.155525920986831261e+04,1.924084003235293494e-09
3.156526087681280478e+04,1.921304226826237027e-09
3.157526254375729332e+04,1.918907699405281164e-09
3.158526421070178549e+04,1.916486525033178623e-09
3.159526587764627402e+04,1.913701863642813805e-09
3.160526754459076619e+04,1.911030222956355829e-09
3.161526921153525836e+04,1.908711411147123727e-09
3.162527087847974690e+04,1.905973823213003016e-09
3.163527254542423907e+04,1.903642576905895112e-09
3.164527421236873124e+04,1.900895663098367550e-09
3.165527587931321978e+04,1.898626145191428805e-09
3.166527754625771195e+04,1.896003798407264185e-09
3.167527921320220048e+04,1.893358358984187362e-09
3.168528088014669265e+04,1.890959167027972399e-09
3.169528254709118482e+04,1.888434519869974793e-09
3.170528421403567336e+04,1.885974931781220221e-09
3.171528588098016553e+04,1.883420752690767586e-09
3.172528754792465406e+04,1.880834821221810671e-09
3.173528921486914624e+04,1.878338373728638544e-09
3.174529088181363841e+04,1.876059085859083098e-09
3.175529254875812694e+04,1.873540877994628318e-09
3.176529421570261911e+04,1.870908983292451921e-09
3.177529588264710765e+04,1.868577292896134168e-09
3.178529754959159982e+04,1.866097054659121568e-09
3.179529921653609199e+04,1.863645682220749222e-09
3.180530088348058052e+04,1.861326537344609733e-09
3.181530255042507270e+04,1.858749265615244894e-09
3.182530421736956123e+04,1.856247378029252104e-09
3.183530588431405340e+04,1.853869613377412406e-09
3.184530755125854557e+04,1.851436670641248838e-09
3.185530921820303411e+04,1.848930564207762473e-09
3.186531088514752628e+04,1.846651609405114414e-09
3.187531255209201845e+04,1.844151942265170874e-09
3.188531421903650698e+04,1.841745644881598309e-09
3.189531588598099916e+04,1.839412622217651005e-09
3.190531755292548769e+04,1.837121565984034532e-09
3.191531921986997986e+04,1.834689844493198052e-09
3.192532088681447203e+04,1.832237805921010931e-09
3.193532255375896057e+04,1.829990270429959764e-09
3.194532422070345274e+04,1.827664020126462674e-09
3.195532588764794127e+04,1.825269380084648674e-09
3.196532755459243344e+04,1.822823891828306841e-09
3.197532922153692562e+04,1.820487982584495512e-09
3.198533088848141415e+04,1.818250550122968434e-09
3.199533255542590632e+04,1.816092609630004517e-09
3.200533422237039485e+04,1.813295735786368823e-09
3.201533588931488703e+04,1.811069738621995384e-09
3.202533755625937920e+04,1.808929450675123007e-09
3.203533922320386773e+04,1.806694460704250105e-09
3.204534089014835990e+04,1.804358107371228925e-09
3.205534255709284844e+04,1.802003213313696506e-09
3.206534422403734061e+04,1.799560278570311311e-09
3.207534589098183278e+04,1.797313298190772457e-09
3.208534755792632131e+04,1.794903226048916167e-09
3.209534922487081349e+04,1.792991644045116573e-09
3.210535089181530566e+04,1.790708581417277401e-09
3.211535255875979419e+04,1.788243775280307091e-09
3.212535422570428636e+04,1.785951830868270918e-09
3.213535589264877490e+04,1.783734271398884630e-09
3.214535755959326707e+04,1.781746084006385900e-09
3.215535922653775924e+04,1.778992730905315511e-09
3.216536089348224777e+04,1.777098024291490219e-09
3.217536256042673995e+04,1.774698721312972793e-09
3.218536422737122848e+04,1.772648916542607367e-09
3.219536589431572065e+04,1.770488422536686812e-09
3.220536756126021282e+04,1.767905155602988998e-09
3.221536922820470136e+04,1.766048640661210811e-09
3.222537089514919353e+04,1.763621138017867906e-09
3.223537256209368206e+04,1.761647827613899153e-09
3.224537422903817424e+04,1.759344891993919191e-09
3.225537589598266641e+04,1.756950696041315041e-09
3.226537756292715494e+04,1.754998812941721553e-09
3.227537922987164711e+04,1.752622380557511406e-09
3.228538089681613565e+04,1.750410372203248244e-09
3.229538256376062782e+04,1.748274414126171905e-09
3.230538423070511999e+04,1.746429001414639970e-09
3.231538589764960852e+04,1.743866939740712496e-09
3.232538756459410070e+04,1.741926158871365260e-09
3.233538923153859287e+04,1.739862698357796944e-09
3.234539089848308140e+04,1.737471500007359282e-09
3.235539256542757357e+04,1.735426469195999744e-09
3.236539423237206211e+04,1.733392984704096307e-09
3.237539589931655428e+04,1.731062737597710566e-09
3.238539756626104645e+04,1.728963416880446857e-09
3.239539923320553498e+04,1.726982890026818040e-09
3.240540090015002716e+04,1.724994036500504535e-09
3.241540256709451569e+04,1.722585518670882720e-09
3.242540423403900786e+04,1.720611542133099192e-09
3.243540590098350003e+04,1.718612585577261598e-09
3.244540756792798857e+04,1.716195185963442782e-09
3.245540923487248074e+04,1.714104858052678537e-09
3.246541090181696927e+04,1.712330832681630000e-09
3.247541256876146144e+04,1.710035446578217488e-09
3.248541423570595362e+04,1.707991970079092425e-09
3.249541590265044215e+04,1.705960372966330851e-09
3.250541756959493432e+04,1.703957197562999681e-09
3.251541923653942285e+04,1.701780272256314674e-09
3.252542090348391503e+04,1.699582807823674102e-09
3.253542257042840720e+04,1.697796458977052225e-09
3.254542423737289573e+04,1.695621087982601694e-09
3.255542590431738790e+04,1.693652551537638828e-09
3.256542757126188008e+04,1.691604190057205415e-09
3.257542923820636861e+04,1.689375528357572875e-09
3.258543090515086078e+04,1.687262329852501352e-09
3.259543257209534931e+04,1.685470207846151425e-09
3.260543423903984149e+04,1.683415296049872723e-09
3.261543590598433366e+04,1.681535133357670020e-09
3.262543757292882219e+04,1.679387739983440042e-09
3.263543923987331436e+04,1.677185834658700969e-09
3.264544090681780290e+04,1.675279248658512188e-09
3.265544257376229507e+04,1.673334026897066451e-09
3.266544424070678724e+04,1.671369931344202087e-09
3.267544590765127577e+04,1.669260174530506902e-09
3.268544757459576795e+04,1.667559867968293474e-09
3.269544924154025648e+04,1.665341753387394874e-09
3.270545090848474865e+04,1.663275517316264995e-09
3.271545257542924082e+04,1.661498383320747507e-09
3.272545424237372936e+04,1.659538506615376718e-09
3.273545590931822153e+04,1.657411319300194918e-09
3.274545757626271006e+04,1.655572789971415659e-09
3.275545924320720223e+04,1.653412740054704955e-09
3.276546091015169441e+04,1.651763059662414435e-09
3.277546257709618658e+04,1.649705372308574169e-09
3.278546424404067511e+04,1.647606828747427699e-09
3.279546591098516365e+04,1.645755975943075100e-09
3.280546757792965946e+04,1.643858382749385783e-09
3.281546924487414799e+04,1.641943137009604925e-09
3.282547091181863652e+04,1.640047764261964858e-09
3.283547257876312506e+04,1.638100655121377258e-09
3.284547424570762087e+04,1.636158208917493084e-09
3.285547591265210940e+04,1.634267499106556443e-09
3.286547757959659793e+04,1.632274648777354287e-09
3.287547924654109374e+04,1.630369173000190131e-09
3.288548091348558228e+04,1.628428059063935507e-09
3.289548258043007081e+04,1.626723533654228504e-09
3.290548424737456662e+04,1.624627654628341134e-09
3.291548591431905515e+04,1.622797118905339175e-09
3.292548758126354369e+04,1.620782730249459291e-09
3.293548924820803950e+04,1.619042233613754433e-09
3.294549091515252803e+04,1.617224798522443052e-09
3.295549258209701657e+04,1.615548583799863991e-09
3.296549424904150510e+04,1.613341571449211642e-09
3.297549591598600091e+04,1.611467959072854228e-09
3.298549758293048944e+04,1.609695154947132778e-09
3.299549924987497798e+04,1.608035371525318169e-09
3.300550091681947379e+04,1.606017874244969335e-09
3.301550258376396232e+04,1.604275046140912764e-09
3.302550425070845085e+04,1.602101673547906557e-09
3.303550591765294666e+04,1.600459764716788413e-09
3.304550758459743520e+04,1.598683185832783238e-09
3.305550925154192373e+04,1.596892174049457935e-09
3.306551091848641227e+04,1.594793075376799152e-09
3.307551258543090808e+04,1.593220555484720080e-09
3.308551425237539661e+04,1.591308973480920486e-09
3.309551591931988514e+04,1.589508302757280944e-09
3.310551758626438095e+04,1.587524445234578252e-09
3.311551925320886949e+04,1.585876652221429595e-09
3.312552092015335802e+04,1.584202879989504709e-09
3.313552258709785383e+04,1.582345143802399434e-09
3.314552425404234236e+04,1.580468644846177995e-09
3.315552592098683090e+04,1.578616126707288458e-09
3.316552758793132671e+04,1.576994201890613567e-09
3.317552925487581524e+04,1.575127250852403904e-09
3.318553092182030377e+04,1.573260521858799166e-09
3.319553258876479231e+04,1.571686336632183156e-09
3.320553425570928812e+04,1.569832486225664070e-09
3.321553592265377665e+04,1.568066898549602683e-09
3.322553758959826519e+04,1.566241025763304151e-09
3.323553925654276100e+04,1.564388396602112152e-09
3.324554092348724953e+04,1.562720841619125167e-09
3.325554259043173806e+04,1.561010765094295039e-09
3.326554425737623387e+04,1.559111506566068783e-09
3.327554592432072241e+04,1.557571405186308766e-09
3.328554759126521094e+04,1.555838791134078747e-09
3.329554925820969947e+04,1.554020023775137815e-09
3.330555092515419528e+04,1.552276085448056619e-09
3.331555259209868382e+04,1.550610972955723810e-09
3.332555425904317235e+04,1.548801753514794655e-09
3.333555592598766816e+04,1.547191597062180790e-09
3.334555759293215669e+04,1.545324312957063739e-09
3.335555925987664523e+04,1.543630556710695600e-09
3.336556092682114104e+04,1.541864302900819439e-09
3.337556259376562957e+04,1.540152338996847448e-09
3.338556426071011811e+04,1.538481342322484124e-09
3.339556592765461392e+04,1.536754168363074768e-09
3.340556759459910245e+04,1.535109928063604912e-09
3.341556926154359098e+04,1.533497440142639334e-09
3.342557092848807952e+04,1.531585969161142202e-09
3.343557259543257533e+04,1.530022442075562594e-09
3.344557426237706386e+04,1.528515536364238869e-09
3.345557592932155239e+04,1.526480719604705882e-09
3.346557759626604820e+04,1.524928405771674989e-09
3.347557926321053674e+04,1.523391079949476534e-09
3.348558093015502527e+04,1.521693993034034520e-09
3.349558259709952108e+04,1.520133352528318937e-09
3.350558426404400961e+04,1.518329240113303058e-09
3.351558593098849815e+04,1.516660019795779135e-09
3.352558759793298668e+04,1.514987135742273949e-09
3.353558926487748249e+04,1.513261738139703994e-09
3.354559093182197103e+04,1.511782032892483585e-09
3.355559259876645956e+04,1.509917968434137947e-09
3.356559426571095537e+04,1.508372204916952342e-09
3.357559593265544390e+04,1.506902602699256022e-09
3.358559759959993244e+04,1.505109814559091319e-09
3.359559926654442825e+04,1.503493995969051866e-09
3.360560093348891678e+04,1.501733737363508681e-09
3.361560260043340531e+04,1.500168211876484747e-09
3.362560426737790112e+04,1.498570822988654072e-09
3.363560593432238966e+04,1.497244883630344248e-09
3.364560760126687819e+04,1.495348733726586943e-09
3.365560926821136673e+04,1.493859813628262145e-09
3.366561093515586253e+04,1.492048373741283740e-09
3.367561260210035107e+04,1.490414347493640435e-09
3.368561426904483960e+04,1.489000811538687685e-09
3.369561593598933541e+04,1.487239331687817412e-09
3.370561760293382395e+04,1.485707334936137158e-09
3.371561926987831248e+04,1.484220857328466536e-09
3.372562093682280829e+04,1.482757694404313042e-09
3.373562260376729682e+04,1.481016420612490947e-09
3.374562427071178536e+04,1.479281919181119065e-09
3.375562593765627389e+04,1.477581168529695788e-09
3.376562760460076970e+04,1.476290201196661656e-09
3.377562927154525823e+04,1.474642852272722848e-09
3.378563093848974677e+04,1.472965083237909312e-09
3.379563260543424258e+04,1.471615829196082359e-09
3.380563427237873111e+04,1.470034982631318599e-09
3.381563593932321965e+04,1.468482224709077855e-09
3.382563760626771546e+04,1.466944010708459700e-09
3.383563927321220399e+04,1.465099486175347465e-09
3.384564094015669252e+04,1.463666632339766238e-09
3.385564260710118833e+04,1.462221899117821522e-09
3.386564427404567687e+04,1.460611187553695345e-09
3.387564594099016540e+04,1.459241616430517752e-09
3.388564760793465393e+04,1.457628906464947249e-09
3.389564927487914974e+04,1.455962239660379964e-09
3.390565094182363828e+04,1.454415921031682046e-09
3.391565260876812681e+04,1.452743592089689173e-09
3.392565427571262262e+04,1.451358921933376678e-09
3.393565594265711115e+04,1.449808717524092572e-09
3.394565760960159969e+04,1.448565711825722246e-09
3.395565927654609550e+04,1.446775255153909256e-09
3.396566094349058403e+04,1.445377484365906184e-09
3.397566261043507257e+04,1.443725583527566414e-09
3.398566427737956110e+04,1.442192698597466460e-09
3.399566594432405691e+04,1.440799146656956964e-09
3.400566761126854544e+04,1.439548147352809337e-09
3.401566927821303398e+04,1.437723273767232968e-09
3.402567094515752979e+04,1.436348151528932249e-09
3.403567261210201832e+04,1.434817598067184008e-09
3.404567427904650685e+04,1.433226759495198621e-09
3.405567594599100266e+04,1.431712748356517295e-09
3.406567761293549120e+04,1.430434104499056502e-09
3.407567927987997973e+04,1.429097951088920126e-09
3.408568094682447554e+04,1.427399975995058412e-09
3.409568261376896407e+04,1.425890516770778049e-09
3.410568428071345261e+04,1.424402817917780339e-09
3.411568594765794114e+04,1.422939321926719458e-09
3.412568761460243695e+04,1.421408324375761367e-09
3.413568928154692549e+04,1.419947381897657124e-09
3.414569094849141402e+04,1.418546058395975251e-09
3.415569261543590983e+04,1.417211681342678276e-09
3.416569428238039836e+04,1.415702333140700375e-09
3.417569594932488690e+04,1.414125150311917878e-09
3.418569761626938271e+04,1.412816086343582356e-09
3.419569928321387124e+04,1.411272210205538613e-09
3.420570095015835977e+04,1.409844352373568199e-09
3.421570261710285558e+04,1.408473226938156131e-09
3.422570428404734412e+04,1.406995853159287435e-09
3.423570595099183265e+04,1.405406679921838986e-09
3.424570761793632118e+04,1.404229732493433858e-09
3.425570928488081699e+04,1.402605587230709716e-09
3.426571095182530553e+04,1.401392224487096883e-09
3.427571261876979406e+04,1.399947158198244779e-09
3.428571428571428987e+04,1.398377968975239583e-09
3.429571595265877841e+04,1.396873394732267570e-09
3.430571761960326694e+04,1.395603188569793929e-09
3.431571928654776275e+04,1.394153237299633474e-09
3.432572095349225128e+04,1.392886028739326321e-09
3.433572262043673982e+04,1.391368020797756344e-09
3.434572428738122835e+04,1.389955484043525757e-09
3.435572595432572416e+04,1.388423931381055354e-09
3.436572762127021269e+04,1.387067904978778188e-09
3.437572928821470123e+04,1.385831005507043301e-09
3.438573095515919704e+04,1.384393932823968498e-09
3.439573262210368557e+04,1.382921888115618003e-09
3.440573428904817411e+04,1.381579073367333876e-09
3.441573595599266991e+04,1.380003777917693242e-09
3.442573762293715845e+04,1.378822944708701925e-09
3.443573928988164698e+04,1.377504665889262014e-09
3.444574095682614279e+04,1.376001645958524477e-09
3.445574262377063133e+04,1.374519165153742506e-09
3.446574429071511986e+04,1.373204883137191246e-09
3.447574595765960839e+04,1.371888935786103048e-09
3.448574762460410420e+04,1.370497382247037876e-09
3.449574929154859274e+04,1.369253599392550313e-09
3.450575095849308127e+04,1.367757573866867915e-09
3.451575262543757708e+04,1.366581181549975099e-09
3.452575429238206561e+04,1.364987345375823224e-09
3.453575595932655415e+04,1.363871349191470017e-09
3.454575762627104996e+04,1.362369994595269418e-09
3.455575929321553849e+04,1.360944912320860567e-09
3.456576096016002703e+04,1.359662271660511124e-09
3.457576262710451556e+04,1.358323120648208260e-09
3.458576429404901137e+04,1.357082557440492110e-09
3.459576596099349990e+04,1.355760170795861086e-09
3.460576762793798844e+04,1.354478196269326418e-09
3.461576929488248425e+04,1.352838840951164912e-09
3.462577096182697278e+04,1.351546985439711079e-09
3.463577262877146131e+04,1.350404010835859481e-09
3.464577429571595712e+04,1.348945288803804488e-09
3.465577596266044566e+04,1.347605471657686849e-09
3.466577762960493419e+04,1.346428746273886645e-09
3.467577929654943000e+04,1.345069500224838066e-09
3.468578096349391853e+04,1.343904099115889039e-09
3.469578263043840707e+04,1.342325361974872067e-09
3.470578429738289560e+04,1.341006639066222306e-09
3.471578596432739141e+04,1.339784061471505083e-09
3.472578763127187995e+04,1.338465005495947935e-09
3.473578929821636848e+04,1.337259081246600090e-09
3.474579096516086429e+04,1.335804022950526360e-09
3.475579263210535282e+04,1.334292343280196746e-09
3.476579429904984136e+04,1.333201549158502530e-09
3.477579596599433717e+04,1.332093546579926624e-09
3.478579763293882570e+04,1.330663690346511885e-09
3.479579929988331423e+04,1.329308552122654419e-09
3.480580096682780277e+04,1.328050891480359041e-09
3.481580263377229858e+04,1.326768028775404673e-09
3.482580430071678711e+04,1.325654697126310566e-09
3.483580596766127564e+04,1.324259812918171519e-09
3.484580763460577145e+04,1.322902232203659878e-09
3.485580930155025999e+04,1.321768805517820056e-09
3.486581096849474852e+04,1.320563436379984523e-09
3.487581263543924433e+04,1.319249265385735725e-09
3.488581430238373287e+04,1.317823627999814562e-09
3.489581596932822140e+04,1.316594500089252051e-09
3.490581763627271721e+04,1.315267339485615139e-09
3.491581930321720574e+04,1.314145459119231418e-09
3.492582097016169428e+04,1.312803643571669454e-09
3.493582263710618281e+04,1.311499686629247208e-09
3.494582430405067862e+04,1.310315966840391866e-09
3.495582597099516715e+04,1.309065078558546702e-09
3.496582763793965569e+04,1.307914776482732577e-09
3.497582930488415150e+04,1.306550534430073185e-09
3.498583097182864003e+04,1.305269781148865604e-09
3.499583263877312856e+04,1.304077401620418186e-09
3.500583430571762437e+04,1.302887353560322481e-09
3.501583597266211291e+04,1.301724505964330092e-09
3.502583763960660144e+04,1.300413554616852707e-09
3.503583930655108998e+04,1.299049423586495777e-09
3.504584097349558579e+04,1.297860485749424697e-09
3.505584264044007432e+04,1.296564522412779752e-09
3.506584430738456285e+04,1.295513918364576966e-09
3.507584597432905866e+04,1.294354734504565840e-09
3.508584764127354720e+04,1.292999374236103449e-09
3.509584930821803573e+04,1.291680096215941376e-09
3.510585097516253154e+04,1.290497819717018047e-09
3.511585264210702007e+04,1.289318207753353818e-09
3.512585430905150861e+04,1.288016138190073434e-09
3.513585597599600442e+04,1.286938888789279645e-09
3.514585764294049295e+04,1.285837214481944102e-09
3.515585930988498149e+04,1.284467754381068971e-09
3.516586097682947002e+04,1.283238848515111385e-09
3.517586264377396583e+04,1.282021377946307439e-09
3.518586431071845436e+04,1.280716865892372880e-09
3.519586597766294290e+04,1.279593098146847296e-09
3.520586764460743871e+04,1.278565364692951789e-09
3.521586931155192724e+04,1.277422723156007578e-09
3.522587097849641577e+04,1.276207695077857807e-09
3.523587264544091158e+04,1.274894967373541022e-09
3.524587431238540012e+04,1.273708138960216729e-09
3.525587597932988865e+04,1.272537741847656889e-09
3.526587764627437718e+04,1.271287741744231425e-09
3.527587931321887299e+04,1.270089811100660881e-09
3.528588098016336153e+04,1.269052529728753598e-09
3.529588264710785006e+04,1.267842164587307252e-09
3.530588431405234587e+04,1.266740823346879097e-09
3.531588598099683441e+04,1.265543891904030716e-09
3.532588764794132294e+04,1.264140236933997130e-09
3.533588931488581875e+04,1.263038229559754200e-09
3.534589098183030728e+04,1.261970639099274649e-09
3.535589264877479582e+04,1.260780924106086331e-09
3.536589431571929163e+04,1.259442883316808093e-09
3.537589598266378016e+04,1.258531057146683452e-09
3.538589764960826869e+04,1.257402071352942130e-09
3.539589931655275723e+04,1.256187265319397284e-09
3.540590098349725304e+04,1.254986226051357789e-09
3.541590265044174157e+04,1.253844805759740666e-09
3.542590431738623010e+04,1.252763670578360689e-09
3.543590598433072591e+04,1.251571957183728045e-09
3.544590765127521445e+04,1.250271663977287062e-09
3.545590931821970298e+04,1.249151448945440279e-09
3.546591098516419879e+04,1.248081415994306553e-09
3.547591265210868733e+04,1.247070668952687811e-09
3.548591431905317586e+04,1.245964886820161155e-09
3.549591598599766439e+04,1.244640945863295656e-09
3.550591765294216020e+04,1.243531277950182812e-09
3.551591931988664874e+04,1.242440483828488595e-09
3.552592098683113727e+04,1.241217351122259061e-09
3.553592265377563308e+04,1.240067493135654786e-09
3.554592432072012161e+04,1.238921409907334237e-09
3.555592598766461015e+04,1.237876356974254577e-09
3.556592765460910596e+04,1.236827418260588729e-09
3.557592932155359449e+04,1.235669233601299766e-09
3.558593098849808302e+04,1.234522595261466904e-09
3.559593265544257883e+04,1.233493973629151697e-09
3.560593432238706737e+04,1.232366320103039925e-09
3.561593598933155590e+04,1.231169499682494006e-09
3.562593765627604444e+04,1.230057389278726987e-09
3.563593932322054025e+04,1.228990353929759749e-09
3.564594099016502878e+04,1.228015467091836399e-09
3.565594265710951731e+04,1.226824197786413606e-09
3.566594432405401312e+04,1.225682000338679245e-09
3.567594599099850166e+04,1.224531809285167583e-09
3.568594765794299019e+04,1.223390944105062772e-09
3.569594932488748600e+04,1.222239420783921560e-09
3.570595099183197453e+04,1.221272749596380436e-09
3.571595265877646307e+04,1.220213707853190499e-09
3.572595432572095160e+04,1.219265022278648303e-09
3.573595599266544741e+04,1.217996814517618986e-09
3.574595765960993594e+04,1.216908795953486333e-09
3.575595932655442448e+04,1.215848088875759458e-09
3.576596099349892029e+04,1.214792377801643397e-09
3.577596266044340882e+04,1.213659284182710962e-09
3.578596432738789736e+04,1.212434819208851877e-09
3.579596599433239317e+04,1.211535538558905500e-09
3.580596766127688170e+04,1.210485711666819952e-09
3.581596932822137023e+04,1.209460531725881083e-09
3.582597099516586604e+04,1.208205868685752193e-09
3.583597266211035458e+04,1.207140054582112043e-09
3.584597432905484311e+04,1.206000743714241707e-09
3.585597599599933164e+04,1.205193167486129369e-09
3.586597766294382745e+04,1.204160882117832898e-09
3.587597932988831599e+04,1.202890786977661719e-09
3.588598099683280452e+04,1.201760801983198235e-09
3.589598266377730033e+04,1.200714971894001337e-09
3.590598433072178887e+04,1.199729759981948973e-09
3.591598599766627740e+04,1.198819044034848957e-09
3.592598766461077321e+04,1.197570487221355506e-09
3.593598933155526174e+04,1.196401866465635067e-09
3.594599099849975028e+04,1.195564869327370161e-09
3.595599266544423881e+04,1.194536580761962341e-09
3.596599433238873462e+04,1.193447562997107525e-09
3.597599599933322315e+04,1.192491883017510190e-09
3.598599766627771169e+04,1.191493903540674637e-09
3.599599933322220750e+04,1.190338383416644774e-09
3.600600100016669603e+04,1.189333298512451620e-09
3.601600266711118456e+04,1.188258047513102156e-09
3.602600433405568037e+04,1.187185572071314255e-09
3.603600600100016891e+04,1.186082232429441774e-09
3.604600766794465744e+04,1.185102793677117461e-09
3.605600933488915325e+04,1.184166098511241216e-09
3.606601100183364179e+04,1.183021014483642830e-09
3.607601266877813032e+04,1.181842290698398301e-09
3.608601433572261885e+04,1.180966213709666590e-09
3.609601600266711466e+04,1.180160524860696114e-09
3.610601766961160320e+04,1.179137121276596645e-09
3.611601933655609173e+04,1.177814290542755771e-09
3.612602100350058754e+04,1.176890251919360253e-09
3.613602267044507607e+04,1.175824104748812715e-09
3.614602433738956461e+04,1.174641162116074611e-09
3.615602600433406042e+04,1.173837360646245997e-09
3.616602767127854895e+04,1.172860475406878322e-09
3.617602933822303748e+04,1.171904684404978525e-09
3.618603100516752602e+04,1.170996966060044997e-09
3.619603267211202183e+04,1.169934815692386110e-09
3.620603433905651036e+04,1.168750318747413530e-09
3.621603600600099890e+04,1.167833496573678076e-09
3.622603767294549471e+04,1.166830188026324322e-09
3.623603933988998324e+04,1.165861518437338873e-09
3.624604100683447177e+04,1.164751295412713716e-09
3.625604267377896758e+04,1.163868224018926867e-09
3.626604434072345612e+04,1.162861140713289387e-09
3.627604600766794465e+04,1.161702289920185649e-09
3.628604767461244046e+04,1.160705864755584571e-09
3.629604934155692899e+04,1.159976670273010768e-09
3.630605100850141753e+04,1.158784734833773200e-09
3.631605267544590606e+04,1.157893780856511512e-09
3.632605434239040187e+04,1.156955642400703255e-09
3.633605600933489040e+04,1.155895712479093618e-09
3.634605767627937894e+04,1.155028295229953983e-09
3.635605934322387475e+04,1.153903084194496387e-09
3.636606101016836328e+04,1.152833828399479899e-09
3.637606267711285182e+04,1.151872375260154513e-09
3.638606434405734763e+04,1.150802786398230637e-09
3.639606601100183616e+04,1.150045947362343668e-09
3.640606767794632469e+04,1.149057293758914966e-09
3.641606934489081323e+04,1.148074746382121702e-09
3.642607101183530904e+04,1.146962080866842371e-09
3.643607267877979757e+04,1.146142958319273930e-09
3.644607434572428610e+04,1.145187056295071670e-09
3.645607601266878191e+04,1.144203953806766094e-09
3.646607767961327045e+04,1.143154126914680546e-09
3.647607934655775898e+04,1.142337113790858893e-09
3.648608101350225479e+04,1.141323813236283513e-09
3.649608268044674332e+04,1.140380123665352130e-09
3.650608434739123186e+04,1.139348282386265510e-09
3.651608601433572767e+04,1.138389826849106612e-09
3.652608768128021620e+04,1.137462679601242144e-09
3.653608934822470474e+04,1.136646110566630341e-09
3.654609101516919327e+04,1.135597393897569418e-09
3.655609268211368908e+04,1.134535354552212993e-09
3.656609434905817761e+04,1.133551141840882792e-09
3.657609601600266615e+04,1.132703264516976560e-09
3.658609768294716196e+04,1.131875926319025893e-09
3.659609934989165049e+04,1.130874616173116465e-09
3.660610101683613902e+04,1.129804361177377814e-09
3.661610268378063483e+04,1.128913518222418588e-09
3.662610435072512337e+04,1.128023896512786450e-09
3.663610601766961190e+04,1.127128279598821337e-09
3.664610768461410044e+04,1.126052029398749710e-09
3.665610935155859625e+04,1.125250559397272809e-09
3.666611101850308478e+04,1.124484838577188839e-09
3.667611268544757331e+04,1.123316217821468399e-09
3.668611435239206912e+04,1.122318349366935308e-09
3.669611601933655766e+04,1.121448045537931648e-09
3.670611768628104619e+04,1.120541326393720283e-09
3.671611935322554200e+04,1.119565440355074770e-09
3.672612102017003053e+04,1.118638293107210302e-09
3.673612268711451907e+04,1.117741343925615638e-09
3.674612435405901488e+04,1.116780445897802565e-09
3.675612602100350341e+04,1.115939785023556396e-09
3.676612768794799194e+04,1.115009751195827903e-09
3.677612935489248048e+04,1.114162095916526596e-09
3.678613102183697629e+04,1.113378167438838773e-09
3.679613268878146482e+04,1.112253511514893489e-09
3.680613435572595336e+04,1.111350123039755999e-09
3.681613602267044917e+04,1.110335379195248606e-09
3.682613768961493770e+04,1.109514036201630915e-09
3.683613935655942623e+04,1.108687808226704874e-09
3.684614102350392204e+04,1.107737901406835590e-09
3.685614269044841058e+04,1.106851832410882253e-09
3.686614435739289911e+04,1.105940783396874849e-09
3.687614602433738764e+04,1.105041391724626010e-09
3.688614769128188345e+04,1.104171865051739587e-09
3.689614935822637199e+04,1.103291125126304451e-09
3.690615102517086052e+04,1.102271163233581319e-09
3.691615269211535633e+04,1.101332580688563212e-09
3.692615435905984486e+04,1.100463831171794027e-09
3.693615602600433340e+04,1.099657032099798926e-09
3.694615769294882921e+04,1.098683255484900201e-09
3.695615935989331774e+04,1.097839152919277694e-09
3.696616102683780628e+04,1.097009261208370390e-09
3.697616269378230209e+04,1.096180368698185248e-09
3.698616436072679062e+04,1.095113444371520472e-09
3.699616602767127915e+04,1.094342838570128151e-09
3.700616769461576769e+04,1.093468537938235841e-09
3.701616936156026350e+04,1.092562151860931863e-09
3.702617102850475203e+04,1.091624679538938381e-09
3.703617269544924056e+04,1.090641577050632804e-09
3.704617436239373637e+04,1.089794365860541348e-09
3.705617602933822491e+04,1.088989343145385646e-09
3.706617769628271344e+04,1.088170664687027056e-09
3.707617936322720925e+04,1.087238521435551775e-09
3.708618103017169778e+04,1.086410961192996183e-09
3.709618269711618632e+04,1.085616485596574421e-09
3.710618436406067485e+04,1.084586642718932126e-09
3.711618603100517066e+04,1.083794054501652226e-09
3.712618769794965920e+04,1.082900991100643751e-09
3.713618936489414773e+04,1.082143152864034619e-09
3.714619103183864354e+04,1.081185141416085571e-09
3.715619269878313207e+04,1.080316280877013924e-09
3.716619436572762061e+04,1.079473732623625892e-09
3.717619603267211642e+04,1.078591771452863668e-09
3.718619769961660495e+04,1.077604450117064516e-09
3.719619936656109348e+04,1.076744027272980020e-09
3.720620103350558929e+04,1.075984079612624100e-09
3.721620270045007783e+04,1.075114774984342603e-09
3.722620436739456636e+04,1.074344280205252744e-09
3.723620603433905490e+04,1.073536703977140405e-09
3.724620770128355070e+04,1.072706035110115863e-09
3.725620936822803924e+04,1.071712718569983736e-09
3.726621103517252777e+04,1.070875832454021293e-09
3.727621270211702358e+04,1.070124322488652524e-09
3.728621436906151212e+04,1.069264787822987728e-09
3.729621603600600065e+04,1.068313881802396281e-09
3.730621770295049646e+04,1.067465449366977737e-09
3.731621936989498499e+04,1.066661647897149123e-09
3.732622103683947353e+04,1.065788124421374050e-09
3.733622270378396206e+04,1.065025845292666418e-09
3.734622437072845787e+04,1.064216048618504828e-09
3.735622603767294640e+04,1.063213073138058462e-09
3.736622770461743494e+04,1.062340548863005552e-09
3.737622937156193075e+04,1.061719823169937627e-09
3.738623103850641928e+04,1.060770249416975730e-09
3.739623270545090782e+04,1.060005860864521310e-09
3.740623437239540362e+04,1.059301535377699111e-09
3.741623603933989216e+04,1.058418130917004873e-09
3.742623770628438069e+04,1.057370524470968576e-09
3.743623937322887650e+04,1.056518539321871231e-09
3.744624104017336504e+04,1.055670995064872386e-09
3.745624270711785357e+04,1.054946019429792159e-09
3.746624437406234210e+04,1.054263232269647688e-09
3.747624604100683791e+04,1.053509057769019819e-09
3.748624770795132645e+04,1.052746778640312186e-09
3.749624937489581498e+04,1.051652542827241632e-09
3.750625104184031079e+04,1.050795450652231011e-09
3.751625270878479932e+04,1.050044384776072093e-09
3.752625437572928786e+04,1.049268671948766496e-09
3.753625604267378367e+04,1.048476527820696447e-09
3.754625770961827220e+04,1.047612108173723300e-09
3.755625937656276074e+04,1.046770004009545119e-09
3.756626104350724927e+04,1.045987074732579458e-09
3.757626271045174508e+04,1.045258213316913043e-09
3.758626437739623361e+04,1.044471953370873507e-09
3.759626604434072215e+04,1.043564679115149829e-09
3.760626771128521796e+04,1.042815056528922923e-09
3.761626937822970649e+04,1.042138819684623741e-09
3.762627104517419502e+04,1.041210562213734647e-09
3.763627271211869083e+04,1.040140196195693534e-09
3.764627437906317937e+04,1.039308306083341904e-09
3.765627604600766790e+04,1.038605978997964030e-09
3.766627771295216371e+04,1.037933516911948573e-09
3.767627937989665224e+04,1.037237740142415987e-09
3.768628104684114078e+04,1.036467689452535978e-09
3.769628271378562931e+04,1.035669106030923103e-09
3.770628438073012512e+04,1.034807906030721369e-09
3.771628604767461366e+04,1.034023089374613846e-09
3.772628771461910219e+04,1.033229501956611784e-09
3.773628938156359800e+04,1.032437468850844198e-09
3.774629104850808653e+04,1.031587038013981328e-09
3.775629271545257507e+04,1.030799556822614704e-09
3.776629438239707088e+04,1.029943463848326246e-09
3.777629604934155941e+04,1.029229479421189808e-09
3.778629771628604794e+04,1.028250151691167957e-09
3.779629938323053648e+04,1.027584461965602713e-09
3.780630105017503229e+04,1.026929874470283721e-09
3.781630271711952082e+04,1.026255413982823939e-09
3.782630438406400935e+04,1.025392215581177879e-09
3.783630605100850516e+04,1.024627604984118534e-09
3.784630771795299370e+04,1.023749418571640035e-09
3.785630938489748223e+04,1.023027662583331221e-09
3.786631105184197804e+04,1.022298912189967268e-09
3.787631271878646658e+04,1.021466911055313176e-09
3.788631438573095511e+04,1.020718287669808433e-09
3.789631605267545092e+04,1.019698103732480376e-09
3.790631771961993945e+04,1.019072715102709026e-09
3.791631938656442799e+04,1.018336970304289935e-09
3.792632105350891652e+04,1.017530948388412071e-09
3.793632272045341233e+04,1.016763895300698550e-09
3.794632438739790086e+04,1.016038031487198623e-09
3.795632605434238940e+04,1.015356354550078777e-09
3.796632772128688521e+04,1.014646588970435914e-09
3.797632938823137374e+04,1.013767847446445103e-09
3.798633105517586228e+04,1.012999906180311882e-09
3.799633272212035808e+04,1.012274375433719342e-09
3.800633438906484662e+04,1.011460026845156790e-09
3.801633605600933515e+04,1.010539985024649923e-09
3.802633772295382369e+04,1.009848205058005988e-09
3.803633938989831950e+04,1.009230699011709476e-09
3.804634105684280803e+04,1.008364614030199391e-09
3.805634272378729656e+04,1.007707028932713911e-09
3.806634439073179237e+04,1.006913108447804461e-09
3.807634605767628091e+04,1.006213223853080763e-09
3.808634772462076944e+04,1.005435512624330840e-09
3.809634939156526525e+04,1.004827332451441180e-09
3.810635105850975378e+04,1.003896521467595448e-09
3.811635272545424232e+04,1.003079064254563946e-09
3.812635439239873813e+04,1.002415039863535640e-09
3.813635605934322666e+04,1.001699057034954876e-09
3.814635772628771520e+04,1.000952987162406771e-09
3.815635939323220373e+04,1.000246330207232859e-09
3.816636106017669954e+04,9.993553762299711707e-10
3.817636272712118807e+04,9.985795523803631113e-10
3.818636439406567661e+04,9.979203019483406933e-10
3.819636606101017242e+04,9.971984349377294166e-10
3.820636772795466095e+04,9.965981373483145944e-10
3.821636939489914948e+04,9.957895619194800929e-10
3.822637106184364529e+04,9.951682811148998553e-10
3.823637272878813383e+04,9.942849876765080808e-10
3.824637439573262236e+04,9.935079425815729337e-10
3.825637606267711089e+04,9.929486122217667798e-10
3.826637772962160670e+04,9.921637955656592567e-10
3.827637939656609524e+04,9.910444687122321739e-10
3.828638106351058377e+04,9.904116415881958346e-10
3.829638273045507958e+04,9.898375452621621662e-10
3.830638439739956812e+04,9.893057484333667162e-10
3.831638606434405665e+04,9.885459117953132591e-10
3.832638773128855246e+04,9.877146878167764044e-10
3.833638939823304099e+04,9.869808303974991759e-10
3.834639106517752953e+04,9.862564098739312612e-10
3.835639273212202534e+04,9.855286586812894711e-10
3.836639439906651387e+04,9.847742621360566773e-10
3.837639606601100240e+04,9.841193415738302974e-10
3.838639773295549094e+04,9.833706071660230918e-10
3.839639939989998675e+04,9.827197944289878251e-10
3.840640106684447528e+04,9.819736135341372574e-10
3.841640273378896381e+04,9.811809142945548956e-10
3.842640440073345962e+04,9.804151934744709251e-10
3.843640606767794816e+04,9.796817801444035467e-10
3.844640773462243669e+04,9.791413235760160205e-10
3.845640940156693250e+04,9.784977272886408173e-10
3.846641106851142104e+04,9.776438547604016094e-10
3.847641273545590957e+04,9.769082209842849807e-10
3.848641440240039810e+04,9.763109209970366464e-10
3.849641606934489391e+04,9.756331298405029884e-10
3.850641773628938245e+04,9.747683771266224539e-10
3.851641940323387098e+04,9.741046858025015354e-10
3.852642107017836679e+04,9.733374106701830897e-10
3.853642273712285532e+04,9.727479932664095941e-10
3.854642440406734386e+04,9.719068883029535755e-10
3.855642607101183967e+04,9.712155524255194905e-10
3.856642773795632820e+04,9.705644066215768362e-10
3.857642940490081673e+04,9.698915004463515288e-10
3.858643107184531254e+04,9.692120439552809330e-10
3.859643273878980108e+04,9.685352519994694376e-10
3.860643440573428961e+04,9.678895462883474465e-10
3.861643607267877815e+04,9.671640155417549067e-10
3.862643773962327396e+04,9.664573585865809946e-10
3.863643940656776249e+04,9.655366506322593523e-10
3.864644107351225102e+04,9.649513410536769698e-10
3.865644274045674683e+04,9.642545650834222215e-10
3.866644440740123537e+04,9.635717779232777502e-10
3.867644607434572390e+04,9.629498309848827375e-10
3.868644774129021971e+04,9.623395413882462890e-10
3.869644940823470824e+04,9.617109331117035254e-10
3.870645107517919678e+04,9.608448481301934407e-10
3.871645274212369259e+04,9.599973038731945962e-10
3.872645440906818112e+04,9.594616212638129582e-10
3.873645607601266966e+04,9.588037030994200904e-10
3.874645774295715819e+04,9.581805349156979901e-10
3.875645940990165400e+04,9.575230608405149724e-10
3.876646107684614253e+04,9.568063008558169713e-10
3.877646274379063107e+04,9.560892078042115827e-10
3.878646441073512688e+04,9.553660085259707557e-10
3.879646607767961541e+04,9.546328172405083023e-10
3.880646774462410394e+04,9.540864764900902628e-10
3.881646941156859975e+04,9.534255607235309071e-10
3.882647107851308829e+04,9.526028854622836661e-10
3.883647274545757682e+04,9.519208754582564325e-10
3.884647441240206535e+04,9.513018150997254452e-10
3.885647607934656116e+04,9.507151732535135125e-10
3.886647774629104970e+04,9.501214259799439787e-10
3.887647941323553823e+04,9.493915653635554008e-10
3.888648108018003404e+04,9.487538532582107109e-10
3.889648274712452258e+04,9.478386964190121944e-10
3.890648441406901111e+04,9.472764794793420151e-10
3.891648608101350692e+04,9.465539463349159632e-10
3.892648774795799545e+04,9.459830696556537077e-10
3.893648941490248399e+04,9.453836602446585857e-10
3.894649108184697980e+04,9.447371773774193571e-10
3.895649274879146833e+04,9.440429549201212467e-10
3.896649441573595686e+04,9.433513969980822367e-10
3.897649608268044540e+04,9.426086577946080070e-10
3.898649774962494121e+04,9.419431901136476881e-10
3.899649941656942974e+04,9.412529644592382283e-10
3.900650108351391827e+04,9.405497491954406541e-10
3.901650275045841408e+04,9.399616640592967087e-10
3.902650441740290262e+04,9.393404942770189336e-10
3.903650608434739115e+04,9.386138533074017687e-10
3.904650775129188696e+04,9.380193288777149974e-10
3.905650941823637550e+04,9.374353515667621650e-10
3.906651108518086403e+04,9.368071873794292515e-10
3.907651275212535256e+04,9.362260966483404445e-10
3.908651441906984837e+04,9.353627872243919228e-10
3.909651608601433691e+04,9.347123075542640436e-10
3.910651775295882544e+04,9.340584972150622889e-10
3.911651941990332125e+04,9.334497619306603156e-10
3.912652108684780978e+04,9.327234540279505381e-10
3.913652275379229832e+04,9.321821092811433118e-10
3.914652442073679413e+04,9.316033500184062177e-10
3.915652608768128266e+04,9.309662485357250716e-10
3.916652775462577119e+04,9.301543979489679259e-10
3.917652942157026700e+04,9.295488268001861343e-10
3.918653108851475554e+04,9.288712576882574012e-10
3.919653275545924407e+04,9.282682955635834787e-10
3.920653442240373261e+04,9.275514800677342464e-10
3.921653608934822842e+04,9.270647582937385778e-10
3.922653775629271695e+04,9.263799727321497812e-10
3.923653942323720548e+04,9.257876132373610290e-10
3.924654109018170129e+04,9.251612809180187469e-10
3.925654275712618983e+04,9.244385812401390012e-10
3.926654442407067836e+04,9.238089182517228437e-10
3.927654609101517417e+04,9.231828634881367179e-10
3.928654775795966270e+04,9.225404329349373711e-10
3.929654942490415124e+04,9.218008578670833231e-10
3.930655109184863977e+04,9.211978957424094006e-10
3.931655275879313558e+04,9.206960194241275985e-10
3.932655442573762411e+04,9.201093775779156658e-10
3.933655609268211265e+04,9.194305317095086139e-10
3.934655775962660846e+04,9.187424154788459418e-10
3.935655942657109699e+04,9.180739501957191351e-10
3.936656109351558553e+04,9.174974113790312913e-10
3.937656276046008134e+04,9.168546477589245569e-10
3.938656442740456987e+04,9.161262859436192230e-10
3.939656609434905840e+04,9.155881053324321783e-10
3.940656776129355421e+04,9.151100432980285859e-10
3.941656942823804275e+04,9.144306978292604526e-10
3.942657109518253128e+04,9.137174905582412521e-10
3.943657276212701981e+04,9.131551625962686103e-10
3.944657442907151562e+04,9.126354671984415745e-10
3.945657609601600416e+04,9.119598964879571668e-10
3.946657776296049269e+04,9.112038901193386664e-10
3.947657942990498850e+04,9.105683429488919955e-10
3.948658109684947703e+04,9.098397035778305053e-10
3.949658276379396557e+04,9.093532593595909930e-10
3.950658443073846138e+04,9.087859353940075380e-10
3.951658609768294991e+04,9.080846630205030579e-10
3.952658776462743845e+04,9.074931361929827744e-10
3.953658943157192698e+04,9.069507367343021542e-10
3.954659109851642279e+04,9.064633488264917105e-10
3.955659276546091132e+04,9.057456451522227781e-10
3.956659443240539986e+04,9.051402405368946802e-10
3.957659609934989567e+04,9.046212667840336508e-10
3.958659776629438420e+04,9.039139436950449635e-10
3.959659943323887273e+04,9.031257408587123336e-10
3.960660110018336854e+04,9.024471170349102067e-10
3.961660276712785708e+04,9.019596736159485317e-10
3.962660443407234561e+04,9.012725565860080224e-10
3.963660610101684142e+04,9.008144785660476828e-10
3.964660776796132996e+04,9.001391299001682000e-10
3.965660943490581849e+04,8.996052236476259623e-10
3.966661110185030702e+04,8.991793976065309835e-10
3.967661276879480283e+04,8.987053323750160416e-10
3.968661443573929137e+04,8.978470744658295644e-10
3.969661610268377990e+04,8.971944298608036661e-10
3.970661776962827571e+04,8.965281295125748784e-10
3.971661943657276424e+04,8.959327169044684069e-10
3.972662110351725278e+04,8.952129038064526867e-10
3.973662277046174859e+04,8.946612894966676777e-10
3.974662443740623712e+04,8.940657658662587437e-10
3.975662610435072565e+04,8.935915896124413393e-10
3.976662777129521419e+04,8.931924644350885956e-10
3.977662943823971000e+04,8.925500338818892487e-10
3.978663110518419853e+04,8.919298077891824050e-10
3.979663277212868707e+04,8.912967031093899095e-10
3.980663443907318288e+04,8.906605453162796948e-10
3.981663610601767141e+04,8.898696224335367333e-10
3.982663777296215994e+04,8.893245029284457814e-10
3.983663943990665575e+04,8.888036417964428892e-10
3.984664110685114429e+04,8.882962143630379614e-10
3.985664277379563282e+04,8.877635848669740426e-10
3.986664444074012863e+04,8.871164358659200389e-10
3.987664610768461716e+04,8.863487166443917431e-10
3.988664777462910570e+04,8.859216693579696766e-10
3.989664944157359423e+04,8.852391042424301304e-10
3.990665110851809004e+04,8.847303445413956524e-10
3.991665277546257857e+04,8.842049314949917971e-10
3.992665444240706711e+04,8.835111531269035368e-10
3.993665610935156292e+04,8.829794673204105493e-10
3.994665777629605145e+04,8.823890507159148910e-10
3.995665944324053999e+04,8.817871988142655937e-10
3.996666111018503580e+04,8.812223728504875453e-10
3.997666277712952433e+04,8.806163021013446723e-10
3.998666444407401286e+04,8.800916106999068234e-10
3.999666611101850140e+04,8.795345562973011511e-10
4.000666777796299721e+04,8.788901828538087102e-10
4.001666944490748574e+04,8.784313831888823643e-10
4.002667111185197427e+04,8.778356375138685053e-10
4.003667277879647008e+04,8.771315340716512310e-10
4.004667444574095862e+04,8.763386682986151754e-10
4.005667611268544715e+04,8.758860858826267304e-10
4.006667777962994296e+04,8.753508473624549424e-10
4.007667944657443149e+04,8.749514446293460423e-10
4.008668111351892003e+04,8.744635016100232860e-10
4.009668278046341584e+04,8.738568757493681005e-10
4.010668444740790437e+04,8.730730027828315087e-10
4.011668611435239291e+04,8.725632993922260994e-10
4.012668778129688144e+04,8.720569266706945655e-10
4.013668944824137725e+04,8.714557964140112745e-10
4.014669111518586578e+04,8.708487264641462389e-10
4.015669278213035432e+04,8.703539555732220379e-10
4.016669444907485013e+04,8.697769726673243440e-10
4.017669611601933866e+04,8.693496478251461212e-10
4.018669778296382719e+04,8.685506758254746273e-10
4.019669944990832300e+04,8.679654217580434761e-10
4.020670111685281154e+04,8.673998186381481901e-10
4.021670278379730007e+04,8.668914475151723309e-10
4.022670445074178861e+04,8.663770256767122646e-10
4.023670611768628441e+04,8.657511929577310639e-10
4.024670778463077295e+04,8.652185634616671450e-10
4.025670945157526148e+04,8.646881544116524765e-10
4.026671111851975729e+04,8.640977378071568182e-10
4.027671278546424583e+04,8.635607229301456300e-10
4.028671445240873436e+04,8.629089109923882006e-10
4.029671611935323017e+04,8.624650438271430630e-10
4.030671778629771870e+04,8.619734925829902750e-10
4.031671945324220724e+04,8.615921309740315337e-10
4.032672112018670305e+04,8.606934054355974695e-10
4.033672278713119158e+04,8.601813150654891160e-10
4.034672445407568011e+04,8.595639200414950665e-10
4.035672612102016865e+04,8.591365951993168437e-10
4.036672778796466446e+04,8.585653854531472007e-10
4.037672945490915299e+04,8.579456034496502070e-10
4.038673112185364153e+04,8.575291032819620796e-10
4.039673278879813734e+04,8.569410181458181341e-10
4.040673445574262587e+04,8.563563191898992955e-10
4.041673612268711440e+04,8.557436426137599028e-10
4.042673778963161021e+04,8.551463981376627999e-10
4.043673945657609875e+04,8.546113816620959369e-10
4.044674112352058728e+04,8.541672369410946430e-10
4.045674279046507581e+04,8.537457962809469336e-10
4.046674445740957162e+04,8.532310413755794798e-10
4.047674612435406016e+04,8.524625449979339464e-10
4.048674779129854869e+04,8.519995264855140249e-10
4.049674945824304450e+04,8.514015603644509156e-10
4.050675112518753303e+04,8.509919435795154641e-10
4.051675279213202157e+04,8.503184822927778441e-10
4.052675445907651738e+04,8.497763048787021489e-10
4.053675612602100591e+04,8.492364034218269353e-10
4.054675779296549445e+04,8.487099356635496861e-10
4.055675945990999026e+04,8.481421676087563810e-10
4.056676112685447879e+04,8.474447255046868577e-10
4.057676279379896732e+04,8.470648071856601291e-10
4.058676446074345586e+04,8.465727008299950285e-10
4.059676612768795167e+04,8.459593581200408607e-10
4.060676779463244020e+04,8.455022237896514525e-10
4.061676946157692873e+04,8.449995148041011817e-10
4.062677112852142454e+04,8.445676380475219958e-10
4.063677279546591308e+04,8.439460796871856019e-10
4.064677446241040161e+04,8.434236642429482345e-10
4.065677612935489742e+04,8.428576170338430984e-10
4.066677779629938595e+04,8.422521013962125380e-10
4.067677946324387449e+04,8.416764507579443944e-10
4.068678113018836302e+04,8.412181506933791297e-10
4.069678279713285883e+04,8.407525231568513391e-10
4.070678446407734737e+04,8.402432083443045485e-10
4.071678613102183590e+04,8.396033868152130708e-10
4.072678779796633171e+04,8.390387273848887162e-10
4.073678946491082024e+04,8.385729333149072318e-10
4.074679113185530878e+04,8.379560378912742635e-10
4.075679279879980459e+04,8.375937721183390750e-10
4.076679446574429312e+04,8.370664716927933569e-10
4.077679613268878165e+04,8.364828829598991433e-10
4.078679779963327746e+04,8.358704839395159070e-10
4.079679946657776600e+04,8.354634206675370933e-10
4.080680113352225453e+04,8.348898794530157375e-10
4.081680280046674307e+04,8.344326896114750980e-10
4.082680446741123887e+04,8.340082513491609006e-10
4.083680613435572741e+04,8.335128143244219245e-10
4.084680780130021594e+04,8.328518985578625689e-10
4.085680946824471175e+04,8.322186273446163796e-10
4.086681113518920029e+04,8.316380917250398852e-10
4.087681280213368882e+04,8.311774046809716765e-10
4.088681446907818463e+04,8.306813570335691566e-10
4.089681613602267316e+04,8.302623033529243912e-10
4.090681780296716170e+04,8.296064946122783113e-10
4.091681946991165023e+04,8.291475284138982715e-10
4.092682113685614604e+04,8.287053265831900717e-10
4.093682280380063457e+04,8.282191599207067156e-10
4.094682447074512311e+04,8.277016849689289302e-10
4.095682613768961892e+04,8.271788809466329440e-10
4.096682780463410745e+04,8.266374251775232551e-10
4.097682947157859599e+04,8.260708783680570377e-10
4.098683113852309179e+04,8.256024752739676842e-10
4.099683280546758033e+04,8.251166971895429469e-10
4.100683447241206886e+04,8.245732430189889328e-10
4.101683613935656467e+04,8.240322313390890940e-10
4.102683780630105321e+04,8.235394033384579870e-10
4.103683947324554174e+04,8.231442194528426626e-10
4.104684114019003027e+04,8.225381487036997896e-10
4.105684280713452608e+04,8.220499836397721083e-10
4.106684447407901462e+04,8.214708357989763954e-10
4.107684614102350315e+04,8.209812829562679326e-10
4.108684780796799896e+04,8.205619517198670110e-10
4.109684947491248749e+04,8.200954360049195202e-10
4.110685114185697603e+04,8.196240908198149100e-10
4.111685280880147184e+04,8.189896538723928643e-10
4.112685447574596037e+04,8.184604105565540522e-10
4.113685614269044891e+04,8.179585897494234814e-10
4.114685780963493744e+04,8.175179977421009880e-10
4.115685947657943325e+04,8.168966614263695192e-10
4.116686114352392178e+04,8.163600906385681810e-10
4.117686281046841032e+04,8.159716236022518387e-10
4.118686447741290613e+04,8.153756003714818235e-10
4.119686614435739466e+04,8.149642072297069717e-10
4.120686781130188319e+04,8.145825680649920741e-10
4.121686947824637900e+04,8.140778606779974780e-10
4.122687114519086754e+04,8.136383788936996098e-10
4.123687281213535607e+04,8.130746076417949553e-10
4.124687447907985188e+04,8.125451977925024494e-10
4.125687614602434041e+04,8.120197292349473628e-10
4.126687781296882895e+04,8.114137695081069523e-10
4.127687947991331748e+04,8.109742322126578529e-10
4.128688114685781329e+04,8.105914828249183302e-10
4.129688281380230183e+04,8.100788373432976641e-10
4.130688448074679036e+04,8.094633296984454773e-10
4.131688614769128617e+04,8.089139913458609499e-10
4.132688781463577470e+04,8.084535263463976662e-10
4.133688948158026324e+04,8.080257019038583621e-10
4.134689114852475905e+04,8.076304069959405751e-10
4.135689281546924758e+04,8.071895929440131567e-10
4.136689448241373611e+04,8.066203260881366077e-10
4.137689614935822465e+04,8.061576961537753050e-10
4.138689781630272046e+04,8.057591260879348738e-10
4.139689948324720899e+04,8.050649591417879947e-10
4.140690115019169752e+04,8.045843991055789957e-10
4.141690281713619333e+04,8.041084464949221911e-10
4.142690448408068187e+04,8.035978549258970816e-10
4.143690615102517040e+04,8.031713072398360964e-10
4.144690781796966621e+04,8.027424835965746297e-10
4.145690948491415475e+04,8.022843500654630589e-10
4.146691115185864328e+04,8.017178587671480727e-10
4.147691281880313909e+04,8.010396790325557959e-10
4.148691448574762762e+04,8.006862395326663773e-10
4.149691615269211616e+04,8.002677409635339245e-10
4.150691781963660469e+04,7.998772200146220257e-10
4.151691948658110050e+04,7.995438755514783224e-10
4.152692115352558903e+04,7.990493822163102777e-10
4.153692282047007757e+04,7.985169747648512839e-10
4.154692448741457338e+04,7.979320537643275202e-10
4.155692615435906191e+04,7.974321203363388122e-10
4.156692782130355045e+04,7.968001258795709418e-10
4.157692948824804625e+04,7.962513426384987270e-10
4.158693115519253479e+04,7.958894099324709259e-10
4.159693282213702332e+04,7.953928071735560934e-10
4.160693448908151186e+04,7.949940150631107372e-10
4.161693615602600767e+04,7.945138436049603570e-10
4.162693782297049620e+04,7.940416657525872779e-10
4.163693948991498473e+04,7.934861101510648496e-10
4.164694115685948054e+04,7.930768819441880169e-10
4.165694282380396908e+04,7.926395650947881677e-10
4.166694449074845761e+04,7.922861811060499804e-10
4.167694615769295342e+04,7.916891031634065712e-10
4.168694782463744195e+04,7.912822619360326826e-10
4.169694949158193049e+04,7.907638988058351970e-10
4.170695115852642630e+04,7.902687948480036084e-10
4.171695282547091483e+04,7.897886789010044595e-10
4.172695449241540337e+04,7.894124798291102252e-10
4.173695615935989190e+04,7.887863140432216369e-10
4.174695782630438771e+04,7.883252939322460406e-10
4.175695949324887624e+04,7.879664143395359588e-10
4.176696116019336478e+04,7.875461394135641058e-10
4.177696282713786059e+04,7.870069596016548985e-10
4.178696449408234912e+04,7.865697537745575119e-10
4.179696616102683765e+04,7.860661010994363096e-10
4.180696782797133346e+04,7.856886807822149876e-10
4.181696949491582200e+04,7.852208883107891779e-10
4.182697116186031053e+04,7.847394956073117100e-10
4.183697282880479906e+04,7.842983484884769041e-10
4.184697449574929487e+04,7.837555049405864338e-10
4.185697616269378341e+04,7.833354520592195058e-10
4.186697782963827194e+04,7.827997139386866365e-10
4.187697949658276775e+04,7.824535463996085127e-10
4.188698116352725629e+04,7.818791170066674567e-10
4.189698283047174482e+04,7.813336089235178861e-10
4.190698449741624063e+04,7.809623503440832337e-10
4.191698616436072916e+04,7.805551760498019576e-10
4.192698783130521770e+04,7.800927126488943486e-10
4.193698949824971351e+04,7.797383294594339986e-10
4.194699116519420204e+04,7.792083644986291802e-10
4.195699283213869057e+04,7.786978839519065332e-10
4.196699449908317911e+04,7.782273159229191606e-10
4.197699616602767492e+04,7.778674926406381473e-10
4.198699783297216345e+04,7.774998977971847580e-10
4.199699949991665198e+04,7.768160559251668928e-10
4.200700116686114779e+04,7.763014675532531328e-10
4.201700283380563633e+04,7.759548004138139277e-10
4.202700450075012486e+04,7.754593633890749516e-10
4.203700616769462067e+04,7.750453612231922307e-10
4.204700783463910921e+04,7.746764341121092912e-10
4.205700950158359774e+04,7.741559060470137865e-10
4.206701116852808627e+04,7.736633000909876046e-10
4.207701283547258208e+04,7.733328422077079267e-10
4.208701450241707062e+04,7.729174522630444244e-10
4.209701616936155915e+04,7.724457740110324266e-10
4.210701783630605496e+04,7.719382355553250363e-10
4.211701950325054349e+04,7.714633376565416256e-10
4.212702117019503203e+04,7.709685667656174246e-10
4.213702283713952784e+04,7.704387683382662999e-10
4.214702450408401637e+04,7.700718951397789169e-10
4.215702617102850490e+04,7.696649428901025658e-10
4.216702783797300071e+04,7.692363968025972554e-10
4.217702950491748925e+04,7.688074066258820949e-10
4.218703117186197778e+04,7.683051972406929053e-10
4.219703283880646632e+04,7.678878088945850777e-10
4.220703450575096213e+04,7.675269309004306706e-10
4.221703617269545066e+04,7.671462354252867044e-10
4.222703783963993919e+04,7.666112744608710727e-10
4.223703950658443500e+04,7.661121737001508336e-10
4.224704117352892354e+04,7.657413592099260313e-10
4.225704284047341207e+04,7.652357081333605038e-10
4.226704450741790788e+04,7.648169875196231260e-10
4.227704617436239641e+04,7.642960708764690025e-10
4.228704784130688495e+04,7.639973098605423729e-10
4.229704950825137348e+04,7.635655996374168808e-10
4.230705117519586929e+04,7.630703291461315985e-10
4.231705284214035782e+04,7.625712838965625906e-10
4.232705450908484636e+04,7.620896691484801977e-10
4.233705617602934217e+04,7.615920671888432025e-10
4.234705784297383070e+04,7.611930530337929213e-10
4.235705950991831924e+04,7.608074170661893731e-10
4.236706117686281505e+04,7.605145957434444881e-10
4.237706284380730358e+04,7.601659857137121890e-10
4.238706451075179211e+04,7.596943629728514225e-10
4.239706617769628792e+04,7.590952866287636880e-10
4.240706784464077646e+04,7.585702621604184515e-10
4.241706951158526499e+04,7.581996142036473429e-10
4.242707117852975352e+04,7.578189742396546080e-10
4.243707284547424933e+04,7.575246541158264790e-10
4.244707451241873787e+04,7.570750137908532906e-10
4.245707617936322640e+04,7.565647552887355687e-10
4.246707784630772221e+04,7.561098414043954108e-10
4.247707951325221075e+04,7.556645309492182605e-10
4.248708118019669928e+04,7.550622904695103443e-10
4.249708284714119509e+04,7.546939184699397174e-10
4.250708451408568362e+04,7.543873303816894804e-10
4.251708618103017216e+04,7.538898949555061790e-10
4.252708784797466069e+04,7.534685098065097009e-10
4.253708951491915650e+04,7.532028889478681322e-10
4.254709118186364503e+04,7.528497270037348699e-10
4.255709284880813357e+04,7.522240608182073629e-10
4.256709451575262938e+04,7.517861888572952012e-10
4.257709618269711791e+04,7.513288324823008679e-10
4.258709784964160644e+04,7.507984234322861994e-10
4.259709951658610225e+04,7.504540877611987071e-10
4.260710118353059079e+04,7.501662624420646353e-10
4.261710285047507932e+04,7.497281129253963172e-10
4.262710451741957513e+04,7.492793052676915977e-10
4.263710618436406367e+04,7.488932807220294308e-10
4.264710785130855220e+04,7.484473596441887366e-10
4.265710951825304073e+04,7.480445707308547298e-10
4.266711118519753654e+04,7.475863816885919277e-10
4.267711285214202508e+04,7.470896123962234014e-10
4.268711451908651361e+04,7.466978702019844150e-10
4.269711618603100942e+04,7.462945816882893268e-10
4.270711785297549795e+04,7.458932360648873328e-10
4.271711951991998649e+04,7.454984962684818584e-10
4.272712118686448230e+04,7.449973971063172939e-10
4.273712285380897083e+04,7.446140926070654587e-10
4.274712452075345936e+04,7.441323668366806032e-10
4.275712618769794790e+04,7.437903626339448238e-10
4.276712785464244371e+04,7.434472482081844191e-10
4.277712952158693224e+04,7.429979409501186183e-10
4.278713118853142078e+04,7.425353110157573155e-10
4.279713285547591659e+04,7.420954406534008285e-10
4.280713452242040512e+04,7.416938729853939094e-10
4.281713618936489365e+04,7.413176739134996751e-10
4.282713785630938946e+04,7.408880176029697395e-10
4.283713952325387800e+04,7.404415969247679641e-10
4.284714119019836653e+04,7.400319246286812813e-10
4.285714285714286234e+04,7.396063761433424588e-10
4.286714452408735087e+04,7.390857925670957229e-10
4.287714619103183941e+04,7.386348754856442156e-10
4.288714785797632794e+04,7.382475186723524985e-10
4.289714952492082375e+04,7.380053790306817518e-10
4.290715119186531228e+04,7.376283472915190487e-10
4.291715285880980082e+04,7.372575328012942464e-10
4.292715452575429663e+04,7.367617071984966515e-10
4.293715619269878516e+04,7.363224474588037083e-10
4.294715785964327370e+04,7.360176357273928716e-10
4.295715952658776951e+04,7.357413567277149014e-10
4.296716119353225804e+04,7.352449760134049939e-10
4.297716286047674657e+04,7.347377151134537598e-10
4.298716452742123511e+04,7.343390340253108661e-10
4.299716619436573092e+04,7.338954999269731161e-10
4.300716786131021945e+04,7.334627349919742301e-10
4.301716952825470798e+04,7.330208662281734178e-10
4.302717119519920379e+04,7.325524631340840642e-10
4.303717286214369233e+04,7.321608319621475403e-10
4.304717452908818086e+04,7.317805250650621929e-10
4.305717619603267667e+04,7.314282512993486307e-10
4.306717786297716520e+04,7.309861604909428934e-10
4.307717952992165374e+04,7.306336091694731749e-10
4.308718119686614955e+04,7.302199955816490728e-10
4.309718286381063808e+04,7.298315840564839618e-10
4.310718453075512662e+04,7.294169712679376971e-10
4.311718619769961515e+04,7.290975601037530396e-10
4.312718786464411096e+04,7.287928038834934341e-10
4.313718953158859949e+04,7.284238767724104946e-10
4.314719119853308803e+04,7.279604696819319543e-10
4.315719286547758384e+04,7.274413293956172311e-10
4.316719453242207237e+04,7.269593815806274506e-10
4.317719619936656090e+04,7.265247292664867018e-10
4.318719786631105671e+04,7.261839463090780100e-10
4.319719953325554525e+04,7.258564860279648201e-10
4.320720120020003378e+04,7.254299383419038350e-10
4.321720286714452232e+04,7.249720268553971891e-10
4.322720453408901813e+04,7.247035194168915950e-10
4.323720620103350666e+04,7.242017541209122555e-10
4.324720786797799519e+04,7.239179811158180655e-10
4.325720953492249100e+04,7.235602117461326088e-10
4.326721120186697954e+04,7.231183429823317965e-10
4.327721286881146807e+04,7.227368703510705927e-10
4.328721453575596388e+04,7.223657227939384029e-10
4.329721620270045241e+04,7.218942665865313302e-10
4.330721786964494095e+04,7.215821828943091987e-10
4.331721953658943676e+04,7.211609642787664143e-10
4.332722120353392529e+04,7.207267005426842843e-10
4.333722287047841382e+04,7.202248242244024823e-10
4.334722453742290236e+04,7.198049378764892481e-10
4.335722620436739817e+04,7.193213247269625299e-10
4.336722787131188670e+04,7.189527861939382092e-10
4.337722953825637524e+04,7.187316852785841093e-10
4.338723120520087105e+04,7.183296735213673401e-10
4.339723287214535958e+04,7.180217531654875529e-10
4.340723453908984811e+04,7.175608995879656504e-10
4.341723620603434392e+04,7.172105687125451823e-10
4.342723787297883246e+04,7.168884930131014244e-10
4.343723953992332099e+04,7.165534277042695521e-10
4.344724120686781680e+04,7.161129467192495213e-10
4.345724287381230533e+04,7.157632264664925970e-10
4.346724454075679387e+04,7.153185266339789905e-10
4.347724620770128240e+04,7.149929537320076633e-10
4.348724787464577821e+04,7.145666280905516032e-10
4.349724954159026674e+04,7.140811830730342535e-10
4.350725120853475528e+04,7.135601554075776676e-10
4.351725287547925109e+04,7.132327506376157089e-10
4.352725454242373962e+04,7.128316270588186399e-10
4.353725620936822816e+04,7.125385836914688298e-10
4.354725787631272397e+04,7.121692124911760402e-10
4.355725954325721250e+04,7.117531009015465315e-10
4.356726121020170103e+04,7.113346578435653100e-10
4.357726287714618957e+04,7.109846600350522294e-10
4.358726454409068538e+04,7.106266131096106164e-10
4.359726621103517391e+04,7.102577415096789082e-10
4.360726787797966244e+04,7.099792975751029189e-10
4.361726954492415825e+04,7.096316867460927824e-10
4.362727121186864679e+04,7.092214038273425558e-10
4.363727287881313532e+04,7.087813114203811438e-10
4.364727454575763113e+04,7.082471831232339810e-10
4.365727621270211966e+04,7.079492547745758202e-10
4.366727787964660820e+04,7.075705021897249480e-10
4.367727954659110401e+04,7.071981888984169018e-10
4.368728121353559254e+04,7.068314267222319813e-10
4.369728288048008108e+04,7.064807627799041256e-10
4.370728454742456961e+04,7.061931595053749788e-10
4.371728621436906542e+04,7.057938122834173100e-10
4.372728788131355395e+04,7.053953532398793413e-10
4.373728954825804249e+04,7.049414940674125774e-10
4.374729121520253830e+04,7.045963257290566162e-10
4.375729288214702683e+04,7.042640914889375381e-10
4.376729454909151536e+04,7.038423177618824411e-10
4.377729621603601117e+04,7.034855475929191471e-10
4.378729788298049971e+04,7.030151460973854682e-10
4.379729954992498824e+04,7.026868531490038094e-10
4.380730121686947678e+04,7.024125725507701645e-10
4.381730288381397258e+04,7.020061199014548947e-10
4.382730455075846112e+04,7.016717207264377976e-10
4.383730621770294965e+04,7.012542768691787387e-10
4.384730788464744546e+04,7.008179592205010522e-10
4.385730955159193400e+04,7.004916646735637187e-10
4.386731121853642253e+04,7.000276469604216345e-10
4.387731288548091834e+04,6.997183388257610659e-10
4.388731455242540687e+04,6.993234324959018977e-10
4.389731621936989541e+04,6.989161471793181590e-10
4.390731788631439122e+04,6.986152212284935104e-10
4.391731955325887975e+04,6.983295053331062263e-10
4.392732122020336828e+04,6.978680966440720113e-10
4.393732288714785682e+04,6.975994226721127234e-10
4.394732455409235263e+04,6.970562460573148655e-10
4.395732622103684116e+04,6.967995069828702981e-10
4.396732788798132970e+04,6.963318810448981822e-10
4.397732955492582551e+04,6.960243492670770138e-10
4.398733122187031404e+04,6.957162623777435329e-10
4.399733288881480257e+04,6.954148923377090341e-10
4.400733455575929838e+04,6.950321429499695114e-10
4.401733622270378692e+04,6.945768404875707347e-10
4.402733788964827545e+04,6.941999752818617253e-10
4.403733955659276398e+04,6.938736807349243918e-10
4.404734122353725979e+04,6.934555152326993266e-10
4.405734289048174833e+04,6.930913620806222752e-10
4.406734455742623686e+04,6.928146945028856862e-10
4.407734622437073267e+04,6.923763229416124432e-10
4.408734789131522120e+04,6.920168882373900487e-10
4.409734955825970974e+04,6.915726324940862924e-10
4.410735122520420555e+04,6.913075667469570362e-10
4.411735289214869408e+04,6.909777194863409022e-10
4.412735455909318262e+04,6.906575311660390071e-10
4.413735622603767843e+04,6.902996507740510879e-10
4.414735789298216696e+04,6.899836813012427683e-10
4.415735955992665549e+04,6.896228033070883612e-10
4.416736122687114403e+04,6.892506565492340087e-10
4.417736289381563984e+04,6.887725390036791850e-10
4.418736456076012837e+04,6.883931202850135378e-10
4.419736622770461690e+04,6.880103153861227838e-10
4.420736789464911271e+04,6.876698654956214796e-10
4.421736956159360125e+04,6.873416835695422833e-10
4.422737122853808978e+04,6.870026769689729917e-10
4.423737289548258559e+04,6.866327506571678896e-10
4.424737456242707412e+04,6.863463686279658305e-10
4.425737622937156266e+04,6.861166634841708856e-10
4.426737789631605119e+04,6.855209733203082578e-10
4.427737956326054700e+04,6.850897626975438470e-10
4.428738123020503554e+04,6.846662681248005811e-10
4.429738289714952407e+04,6.844563249508439640e-10
4.430738456409401988e+04,6.842362787473632579e-10
4.431738623103850841e+04,6.838527522035064976e-10
4.432738789798299695e+04,6.834577903624960982e-10
4.433738956492749276e+04,6.831151755370967749e-10
4.434739123187198129e+04,6.828465015651374870e-10
4.435739289881646982e+04,6.824551479489571193e-10
4.436739456576096563e+04,6.820676801133629397e-10
4.437739623270545417e+04,6.817164055483715401e-10
4.438739789964994270e+04,6.813383746084866743e-10
4.439739956659443123e+04,6.809406372099147120e-10
4.440740123353892704e+04,6.805200847281867027e-10
4.441740290048341558e+04,6.801558760649584201e-10
4.442740456742790411e+04,6.799033003268561970e-10
4.443740623437239992e+04,6.796295748401348646e-10
4.444740790131688846e+04,6.792517104337036926e-10
4.445740956826137699e+04,6.789394046968766361e-10
4.446741123520587280e+04,6.785853545743236737e-10
4.447741290215036133e+04,6.782370221003475308e-10
4.448741456909484987e+04,6.777246541744830211e-10
4.449741623603933840e+04,6.774126815045633521e-10
4.450741790298383421e+04,6.770780047737900986e-10
4.451741956992832274e+04,6.767527094275749278e-10
4.452742123687281128e+04,6.763830606715259819e-10
4.453742290381730709e+04,6.760861315235899838e-10
4.454742457076179562e+04,6.757867043738485791e-10
4.455742623770628416e+04,6.754548032006368885e-10
4.456742790465077996e+04,6.750210945760670711e-10
4.457742957159526850e+04,6.747117864414065025e-10
4.458743123853975703e+04,6.743792191343800368e-10
4.459743290548425284e+04,6.739778179998268115e-10
4.460743457242874138e+04,6.736617375047160294e-10
4.461743623937322991e+04,6.732800428288499006e-10
4.462743790631771844e+04,6.728899659691478519e-10
4.463743957326221425e+04,6.726569301562790315e-10
4.464744124020670279e+04,6.723636647443242964e-10
4.465744290715119132e+04,6.720337619725569311e-10
4.466744457409568713e+04,6.717262301947357628e-10
4.467744624104017566e+04,6.713982703132614915e-10
4.468744790798466420e+04,6.710438871238011416e-10
4.469744957492916001e+04,6.706248889543076075e-10
4.470745124187364854e+04,6.701819654786334013e-10
4.471745290881813708e+04,6.698571697327793117e-10
4.472745457576262561e+04,6.694678700291945006e-10
4.473745624270712142e+04,6.691583953610802382e-10
4.474745790965160995e+04,6.688642972818570342e-10
4.475745957659609849e+04,6.685357822888704504e-10
4.476746124354059430e+04,6.683244513361330519e-10
4.477746291048508283e+04,6.679874431370080856e-10
4.478746457742957136e+04,6.676888486545351498e-10
4.479746624437406717e+04,6.672423724651821431e-10
4.480746791131855571e+04,6.668496310702209939e-10
4.481746957826304424e+04,6.665452634280200073e-10
4.482747124520754005e+04,6.661492468751362139e-10
4.483747291215202858e+04,6.658186224584028423e-10
4.484747457909651712e+04,6.654566897523750413e-10
4.485747624604100565e+04,6.651738604368517827e-10
4.486747791298550146e+04,6.648189221358791201e-10
4.487747957992999000e+04,6.645028971519195693e-10
4.488748124687447853e+04,6.641561745013291329e-10
4.489748291381897434e+04,6.638283256421573242e-10
4.490748458076346287e+04,6.634973126473653338e-10
4.491748624770795141e+04,6.632526750038891805e-10
4.492748791465244722e+04,6.629168325389400707e-10
4.493748958159693575e+04,6.625361370637961045e-10
4.494749124854142428e+04,6.621890258351470493e-10
4.495749291548591282e+04,6.618685599590889979e-10
4.496749458243040863e+04,6.614441216967748005e-10
4.497749624937489716e+04,6.610938463325055636e-10
4.498749791631938569e+04,6.608699143484386695e-10
4.499749958326388150e+04,6.605158642258857071e-10
4.500750125020837004e+04,6.601610369472155071e-10
4.501750291715285857e+04,6.598170898541866336e-10
4.502750458409735438e+04,6.595022306044029392e-10
4.503750625104184292e+04,6.591643897380095041e-10
4.504750791798633145e+04,6.588523060457873726e-10
4.505750958493082726e+04,6.585026968153329108e-10
4.506751125187531579e+04,6.582394629361942862e-10
4.507751291881980433e+04,6.578556588365813695e-10
4.508751458576429286e+04,6.576419409043410269e-10
4.509751625270878867e+04,6.573298572121188954e-10
4.510751791965327720e+04,6.570460286958734741e-10
4.511751958659776574e+04,6.566593380163965321e-10
4.512752125354226155e+04,6.562778098739840971e-10
4.513752292048675008e+04,6.558896759045751423e-10
4.514752458743123861e+04,6.555042064704252880e-10
4.515752625437573442e+04,6.551959530476381133e-10
4.516752792132022296e+04,6.548953046525696209e-10
4.517752958826471149e+04,6.545526898271702976e-10
4.518753125520920003e+04,6.542837938106060847e-10
4.519753292215369584e+04,6.539732089194671971e-10
4.520753458909818437e+04,6.536352015196200682e-10
4.521753625604267290e+04,6.533074081715994907e-10
4.522753792298716871e+04,6.529944363009576591e-10
4.523753958993165725e+04,6.526328921729884769e-10
4.524754125687614578e+04,6.522882789461448283e-10
4.525754292382064159e+04,6.520224360428983346e-10
4.526754459076513012e+04,6.516673312084719782e-10
4.527754625770961866e+04,6.513574679622990971e-10
4.528754792465411447e+04,6.510156858041682426e-10
4.529754959159860300e+04,6.506857275212496461e-10
4.530755125854309154e+04,6.503397265156252161e-10
4.531755292548758007e+04,6.501392757485291440e-10
4.532755459243207588e+04,6.497977156350032146e-10
4.533755625937656441e+04,6.494323412375990756e-10
4.534755792632105295e+04,6.491504556116467484e-10
4.535755959326554876e+04,6.487867465487795471e-10
4.536756126021003729e+04,6.485577630499506085e-10
4.537756292715452582e+04,6.481477576869565382e-10
4.538756459409902163e+04,6.479167202755320432e-10
4.539756626104351017e+04,6.475282532392157009e-10
4.540756792798799870e+04,6.471969626886675542e-10
4.541756959493248723e+04,6.469286772947668851e-10
4.542757126187698304e+04,6.465498691987647817e-10
4.543757292882147158e+04,6.462390067518697379e-10
4.544757459576596011e+04,6.459571211259174106e-10
4.545757626271045592e+04,6.456213341721195320e-10
4.546757792965494446e+04,6.453008682960614806e-10
4.547757959659943299e+04,6.449802913977009666e-10
4.548758126354392880e+04,6.447039568868717652e-10
4.549758293048841733e+04,6.443501843200749590e-10
4.550758459743290587e+04,6.439918598388771898e-10
4.551758626437740168e+04,6.437507749090798370e-10
4.552758793132189021e+04,6.434252020071085099e-10
4.553758959826637874e+04,6.431801202744225066e-10
4.554759126521086728e+04,6.428217402820735060e-10
4.555759293215536309e+04,6.425168175283602068e-10
4.556759459909985162e+04,6.422026799235425187e-10
4.557759626604434015e+04,6.419528242318506273e-10
4.558759793298883596e+04,6.416111530960222353e-10
4.559759959993332450e+04,6.411681741091967979e-10
4.560760126687781303e+04,6.408532593482618722e-10
4.561760293382230884e+04,6.405842523093951968e-10
4.562760460076679738e+04,6.403059193971216700e-10
4.563760626771128591e+04,6.399166752046880902e-10
4.564760793465577444e+04,6.396602691971509103e-10
4.565760960160027025e+04,6.394063611914191370e-10
4.566761126854475879e+04,6.390553086710326625e-10
4.567761293548924732e+04,6.387445017352888499e-10
4.568761460243374313e+04,6.384652806445956230e-10
4.569761626937823166e+04,6.381603023797310925e-10
4.570761793632272020e+04,6.378385597471947221e-10
4.571761960326721601e+04,6.374492045324586798e-10
4.572762127021170454e+04,6.371957406159367565e-10
4.573762293715619307e+04,6.368495175657074014e-10
4.574762460410068888e+04,6.366238647359523384e-10
4.575762627104517742e+04,6.362915749846820290e-10
4.576762793798966595e+04,6.360295623508704921e-10
4.577762960493415449e+04,6.356783432970303238e-10
4.578763127187865030e+04,6.353670922720766612e-10
4.579763293882313883e+04,6.350718284586776008e-10
4.580763460576762736e+04,6.347704029074918708e-10
4.581763627271212317e+04,6.344419989368077495e-10
4.582763793965661171e+04,6.341457914338377577e-10
4.583763960660110024e+04,6.337034785808270954e-10
4.584764127354559605e+04,6.334787694406429637e-10
4.585764294049008458e+04,6.330817536870370077e-10
4.586764460743457312e+04,6.328521595655445253e-10
4.587764627437906165e+04,6.324730184026350344e-10
4.588764794132355746e+04,6.321694834277025166e-10
4.589764960826804599e+04,6.319134659982239555e-10
4.590765127521253453e+04,6.316753786705930906e-10
4.591765294215703034e+04,6.314179734623337481e-10
4.592765460910151887e+04,6.311371980594060460e-10
4.593765627604600741e+04,6.307719901954556008e-10
4.594765794299050322e+04,6.305604371981132772e-10
4.595765960993499175e+04,6.302193766849484291e-10
4.596766127687948028e+04,6.298989663200416089e-10
4.597766294382397609e+04,6.295547416712565791e-10
4.598766461076846463e+04,6.293340293339610980e-10
4.599766627771295316e+04,6.289594955966038015e-10
4.600766794465744169e+04,6.286640652497510473e-10
4.601766961160193750e+04,6.284345821505610274e-10
4.602767127854642604e+04,6.281888342840602490e-10
4.603767294549091457e+04,6.277987019132069690e-10
4.604767461243541038e+04,6.274899488900587130e-10
4.605767627937989892e+04,6.272661279282942814e-10
4.606767794632438745e+04,6.269338381770239721e-10
4.607767961326888326e+04,6.265306051744801152e-10
4.608768128021337179e+04,6.262793617040074423e-10
4.609768294715786033e+04,6.259514573336844023e-10
4.610768461410234886e+04,6.256380968849839519e-10
4.611768628104684467e+04,6.253860207472428101e-10
4.612768794799133320e+04,6.250959194709082567e-10
4.613768961493582174e+04,6.247806161319147122e-10
4.614769128188031755e+04,6.244176842251647486e-10
4.615769294882480608e+04,6.241219763225558381e-10
4.616769461576929461e+04,6.238212169051848832e-10
4.617769628271379042e+04,6.236077210175494656e-10
4.618769794965827896e+04,6.232483973356295337e-10
4.619769961660276749e+04,6.230163052123316447e-10
4.620770128354726330e+04,6.227772741951298485e-10
4.621770295049175184e+04,6.225145399163523052e-10
4.622770461743624037e+04,6.222410364742358979e-10
4.623770628438072890e+04,6.218641157573756573e-10
4.624770795132522471e+04,6.215358783201452297e-10
4.625770961826971325e+04,6.211932079835946752e-10
4.626771128521420178e+04,6.209773806276075447e-10
4.627771295215869759e+04,6.207129255031418325e-10
4.628771461910318612e+04,6.204435853973677695e-10
4.629771628604767466e+04,6.201614222156592859e-10
4.630771795299217047e+04,6.198983548699743551e-10
4.631771961993665900e+04,6.196568258509671523e-10
4.632772128688114753e+04,6.192752977085547172e-10
4.633772295382563607e+04,6.189410650669913139e-10
4.634772462077013188e+04,6.186032242005978787e-10
4.635772628771462041e+04,6.181116174452938594e-10
4.636772795465910895e+04,6.178781375432151890e-10
4.637772962160360476e+04,6.175778777262053154e-10
4.638773128854809329e+04,6.173643818385698978e-10
4.639773295549258182e+04,6.171479993710704548e-10
4.640773462243707763e+04,6.168732191724757286e-10
4.641773628938156617e+04,6.166831489906599018e-10
4.642773795632605470e+04,6.163518584401117550e-10
4.643773962327055051e+04,6.160537635579999005e-10
4.644774129021503904e+04,6.158000220857218210e-10
4.645774295715952758e+04,6.155725373879761264e-10
4.646774462410401611e+04,6.151950060484523419e-10
4.647774629104851192e+04,6.148393461025136730e-10
4.648774795799300045e+04,6.145314812577851171e-10
4.649774962493748899e+04,6.142727992930474556e-10
4.650775129188198480e+04,6.139236341518028439e-10
4.651775295882647333e+04,6.136660624100898076e-10
4.652775462577096187e+04,6.134512897659760711e-10
4.653775629271545768e+04,6.131786745022793639e-10
4.654775795965994621e+04,6.129025065249038562e-10
4.655775962660443474e+04,6.126226748115470855e-10
4.656776129354892328e+04,6.122411466691346504e-10
4.657776296049341909e+04,6.120066120551825861e-10
4.658776462743790762e+04,6.117300554997484596e-10
4.659776629438239615e+04,6.113943795682530435e-10
4.660776796132689196e+04,6.110415506910271688e-10
4.661776962827138050e+04,6.107828132151382761e-10
4.662777129521586903e+04,6.105996819272263565e-10
4.663777296216036484e+04,6.102346961078808363e-10
4.664777462910485337e+04,6.100283056476030197e-10
4.665777629604934191e+04,6.097112814629213062e-10
4.666777796299383772e+04,6.094518223420664071e-10
4.667777962993832625e+04,6.091325777113354434e-10
4.668778129688281479e+04,6.088251014446655063e-10
4.669778296382730332e+04,6.085187354010201943e-10
4.670778463077179913e+04,6.082491732506412063e-10
4.671778629771628766e+04,6.080111414341615728e-10
4.672778796466077620e+04,6.077915393198907168e-10
4.673778963160527201e+04,6.074277747458722843e-10
4.674779129854976054e+04,6.072017333380586024e-10
4.675779296549424907e+04,6.069166280653348622e-10
4.676779463243874488e+04,6.067278901511485856e-10
4.677779629938323342e+04,6.064211355294446548e-10
4.678779796632772195e+04,6.061093293929786796e-10
4.679779963327221049e+04,6.057536694470400107e-10
4.680780130021670630e+04,6.054867163207688918e-10
4.681780296716119483e+04,6.052425782776538199e-10
4.682780463410568336e+04,6.049502010441187849e-10
4.683780630105017917e+04,6.046968481498993242e-10
4.684780796799466771e+04,6.043411326928094240e-10
4.685780963493915624e+04,6.041010469637342339e-10
4.686781130188365205e+04,6.038329836144384899e-10
4.687781296882814058e+04,6.035091315581553317e-10
4.688781463577262912e+04,6.032687682733239853e-10
4.689781630271712493e+04,6.029666765883234802e-10
4.690781796966161346e+04,6.026811272263898900e-10
4.691781963660610199e+04,6.024924448233548446e-10
4.692782130355059053e+04,6.022565779417732301e-10
4.693782297049508634e+04,6.020050014043931697e-10
4.694782463743957487e+04,6.016339648695634423e-10
4.695782630438406341e+04,6.013499143087130960e-10
4.696782797132855922e+04,6.011018904850118361e-10
4.697782963827304775e+04,6.008782915678523295e-10
4.698783130521753628e+04,6.005922981167088892e-10
4.699783297216203209e+04,6.002764396662030322e-10
4.700783463910652063e+04,5.999594709926725500e-10
4.701783630605100916e+04,5.997487506625986953e-10
4.702783797299549769e+04,5.993932572501137201e-10
4.703783963993999350e+04,5.992119578301924321e-10
4.704784130688448204e+04,5.989231333103361976e-10
4.705784297382897057e+04,5.986319773221282503e-10
4.706784464077346638e+04,5.982148665317765790e-10
4.707784630771795491e+04,5.979796657840097396e-10
4.708784797466244345e+04,5.977682238089698785e-10
4.709784964160693926e+04,5.974744587966540621e-10
4.710785130855142779e+04,5.971950156613559102e-10
4.711785297549591633e+04,5.969894578683465625e-10
4.712785464244041214e+04,5.967624727709619492e-10
4.713785630938490067e+04,5.964666538460505762e-10
4.714785797632938920e+04,5.961555138433993761e-10
4.715785964327387774e+04,5.958281645845886487e-10
4.716786131021837355e+04,5.955277937452763126e-10
4.717786297716286208e+04,5.953034176719995685e-10
4.718786464410735061e+04,5.949916115355335933e-10
4.719786631105184642e+04,5.947219383628521427e-10
4.720786797799633496e+04,5.945449133015756615e-10
4.721786964494082349e+04,5.943325276369648691e-10
4.722787131188531930e+04,5.940605229959317057e-10
4.723787297882980783e+04,5.938151081963383149e-10
4.724787464577429637e+04,5.935262836764820804e-10
4.725787631271878490e+04,5.932208613224076998e-10
4.726787797966328071e+04,5.928776358743448327e-10
4.727787964660776925e+04,5.926508173104139132e-10
4.728788131355225778e+04,5.924376544896858832e-10
4.729788298049675359e+04,5.921477752579562548e-10
4.730788464744124212e+04,5.918618928291152770e-10
4.731788631438573066e+04,5.915066214612352269e-10
4.732788798133022647e+04,5.912530465224108411e-10
4.733788964827471500e+04,5.910769096395540600e-10
4.734789131521920353e+04,5.908638023299772613e-10
4.735789298216369934e+04,5.905333999578488147e-10
4.736789464910818788e+04,5.903484368019462636e-10
4.737789631605267641e+04,5.899742916426475858e-10
4.738789798299716495e+04,5.896864663235135140e-10
4.739789964994166075e+04,5.894709720344337711e-10
4.740790131688614929e+04,5.892777377169977626e-10
4.741790298383063782e+04,5.890508081307643806e-10
4.742790465077513363e+04,5.888252663233117801e-10
4.743790631771962217e+04,5.884430720470845699e-10
4.744790798466411070e+04,5.881391484940934333e-10
4.745790965160860651e+04,5.878096898115359181e-10
4.746791131855309504e+04,5.875289144086082160e-10
4.747791298549758358e+04,5.873114217180841479e-10
4.748791465244207211e+04,5.870297581367367457e-10
4.749791631938656792e+04,5.868054375746112328e-10
4.750791798633105645e+04,5.866216956640357694e-10
4.751791965327554499e+04,5.862875185336235972e-10
4.752792132022004080e+04,5.860993357309496332e-10
4.753792298716452933e+04,5.859013274545077365e-10
4.754792465410901787e+04,5.856097828882411704e-10
4.755792632105351367e+04,5.852819340290693617e-10
4.756792798799800221e+04,5.849334350216395251e-10
4.757792965494249074e+04,5.846363393402498332e-10
4.758793132188698655e+04,5.844266182108981411e-10
4.759793298883147509e+04,5.841178651877498851e-10
4.760793465577596362e+04,5.839165262422341129e-10
4.761793632272045215e+04,5.837185179657922163e-10
4.762793798966494796e+04,5.834130956117178357e-10
4.763793965660943650e+04,5.831616856077914690e-10
4.764794132355392503e+04,5.829038363103222764e-10
4.765794299049842084e+04,5.826689131183115933e-10
4.766794465744290937e+04,5.825266935488571107e-10
4.767794632438739791e+04,5.822675674949095992e-10
4.768794799133189372e+04,5.820058324168542185e-10
4.769794965827638225e+04,5.816961357041350311e-10
4.770795132522087079e+04,5.814274062210245120e-10
4.771795299216535932e+04,5.811539582900593359e-10
4.772795465910985513e+04,5.808710734633848460e-10
4.773795632605434366e+04,5.805480540743701567e-10
4.774795799299883220e+04,5.802716085412384928e-10
4.775795965994332801e+04,5.800372404607401222e-10
4.776796132688781654e+04,5.797862745460236056e-10
4.777796299383230507e+04,5.795564028687749669e-10
4.778796466077680088e+04,5.793244217677795405e-10
4.779796632772128942e+04,5.790294355101366364e-10
4.780796799466577795e+04,5.787602619378162672e-10
4.781796966161027376e+04,5.785034118410692372e-10
4.782797132855476229e+04,5.782663792253117663e-10
4.783797299549925083e+04,5.780663170362743131e-10
4.784797466244373936e+04,5.776748523977914829e-10
4.785797632938823517e+04,5.774467570773822445e-10
4.786797799633272371e+04,5.772308186990926515e-10
4.787797966327721224e+04,5.769599242810841133e-10
4.788798133022170805e+04,5.767549215995870782e-10
4.789798299716619658e+04,5.765504740296023556e-10
4.790798466411068512e+04,5.763396981883772696e-10
4.791798633105518093e+04,5.761439658691358545e-10
4.792798799799966946e+04,5.758186150117694524e-10
4.793798966494415799e+04,5.756071730367295913e-10
4.794799133188865380e+04,5.754149379200157455e-10
4.795799299883314234e+04,5.750482867661332875e-10
4.796799466577763087e+04,5.747242681763964356e-10
4.797799633272211940e+04,5.744487663328357030e-10
4.798799799966661521e+04,5.741941366821379233e-10
4.799799966661110375e+04,5.739424491224554004e-10
4.800800133355559228e+04,5.737774699809961021e-10
4.801800300050008809e+04,5.734719366046192590e-10
4.802800466744457663e+04,5.732272989611431058e-10
4.803800633438906516e+04,5.729843266522038903e-10
4.804800800133356097e+04,5.726816243445398413e-10
4.805800966827804950e+04,5.724256624262125115e-10
4.806801133522253804e+04,5.721642604150645184e-10
4.807801300216702657e+04,5.720075524351386775e-10
4.808801466911152238e+04,5.717510909164502664e-10
4.809801633605601091e+04,5.714723139149668896e-10
4.810801800300049945e+04,5.712146866621026220e-10
4.811801966994499526e+04,5.709767103567742197e-10
4.812802133688948379e+04,5.707213590611104337e-10
4.813802300383397233e+04,5.705237393627271558e-10
4.814802467077846813e+04,5.702293082165965643e-10
4.815802633772295667e+04,5.700416250142836816e-10
4.816802800466744520e+04,5.697500804480171155e-10
4.817802967161194101e+04,5.695734439647992531e-10
4.818803133855642955e+04,5.693608917667347669e-10
4.819803300550091808e+04,5.690241611233659569e-10
4.820803467244540661e+04,5.688020610072896943e-10
4.821803633938990242e+04,5.684432369257308437e-10
4.822803800633439096e+04,5.682251891236944630e-10
4.823803967327887949e+04,5.680272363584037976e-10
4.824804134022337530e+04,5.677810444026931691e-10
4.825804300716786383e+04,5.674982150871699105e-10
4.826804467411235237e+04,5.672161074166126582e-10
4.827804634105684818e+04,5.669652525241986041e-10
4.828804800800133671e+04,5.667582514412572436e-10
4.829804967494582525e+04,5.664934632498841438e-10
4.830805134189031378e+04,5.663148838763731874e-10
4.831805300883480959e+04,5.660792390393964979e-10
4.832805467577929812e+04,5.658250534779085683e-10
4.833805634272378666e+04,5.655718671171428014e-10
4.834805800966828247e+04,5.653695289709048666e-10
4.835805967661277100e+04,5.650784840049993818e-10
4.836806134355725953e+04,5.648785883494156224e-10
4.837806301050175534e+04,5.646386136426428948e-10
4.838806467744624388e+04,5.643827072354667962e-10
4.839806634439073241e+04,5.641473399542462630e-10
4.840806801133522822e+04,5.638976507960080653e-10
4.841806967827971675e+04,5.636634492489633885e-10
4.842807134522420529e+04,5.633798427773228923e-10
4.843807301216869382e+04,5.631001220862685841e-10
4.844807467911318963e+04,5.628801869050903406e-10
4.845807634605767817e+04,5.626778487588524058e-10
4.846807801300216670e+04,5.624003485138473479e-10
4.847807967994666251e+04,5.620951482043778924e-10
4.848808134689115104e+04,5.618230880521934978e-10
4.849808301383563958e+04,5.616392906304668031e-10
4.850808468078013539e+04,5.614974041279197081e-10
4.851808634772462392e+04,5.612624254247577937e-10
4.852808801466911245e+04,5.609372966119963166e-10
4.853808968161360099e+04,5.606545783187755205e-10
4.854809134855809680e+04,5.604889885546526784e-10
4.855809301550258533e+04,5.602621144795705277e-10
4.856809468244707386e+04,5.600135910555081864e-10
4.857809634939156967e+04,5.598593255662365209e-10
4.858809801633605821e+04,5.595246488354632675e-10
4.859809968328054674e+04,5.593023821859333111e-10
4.860810135022504255e+04,5.591355711764833814e-10
4.861810301716953109e+04,5.588073337392529538e-10
4.862810468411401962e+04,5.585852336231766913e-10
4.863810635105851543e+04,5.583752904492200742e-10
4.864810801800300396e+04,5.580966244700391599e-10
4.865810968494749250e+04,5.578191242250341020e-10
4.866811135189198103e+04,5.575458428275226197e-10
4.867811301883647684e+04,5.573684846993387509e-10
4.868811468578096537e+04,5.571756944711125925e-10
4.869811635272545391e+04,5.569940064731326856e-10
4.870811801966994972e+04,5.566841987381110357e-10
4.871811968661443825e+04,5.564356753140486944e-10
4.872812135355892678e+04,5.562226235156231269e-10
4.873812302050342259e+04,5.559928628606769507e-10
4.874812468744791113e+04,5.558573601405214504e-10
4.875812635439239966e+04,5.556105020509960468e-10
4.876812802133688820e+04,5.553185133955196306e-10
4.877812968828138401e+04,5.549896653356256593e-10
4.878813135522587254e+04,5.547968751073995008e-10
4.879813302217036107e+04,5.545481851498834658e-10
4.880813468911485688e+04,5.542962755455960178e-10
4.881813635605934542e+04,5.540585767960237717e-10
4.882813802300383395e+04,5.539093073103629195e-10
4.883813968994832976e+04,5.536572866837730089e-10
4.884814135689281829e+04,5.533360991627489511e-10
4.885814302383730683e+04,5.531370361744336606e-10
4.886814469078180264e+04,5.528979496460806331e-10
4.887814635772629117e+04,5.524909973964042820e-10
4.888814802467077971e+04,5.522948764991042481e-10
4.889814969161526824e+04,5.521184065493400794e-10
4.890815135855976405e+04,5.518907553181406911e-10
4.891815302550425258e+04,5.517051815395745962e-10
4.892815469244874112e+04,5.515141676681878380e-10
4.893815635939323693e+04,5.512850176359052057e-10
4.894815802633772546e+04,5.511540668301506685e-10
4.895815969328221399e+04,5.509369627176852191e-10
4.896816136022670980e+04,5.506045064329612160e-10
4.897816302717119834e+04,5.503130173778458811e-10
4.898816469411568687e+04,5.500945254865996503e-10
4.899816636106017540e+04,5.498221322675078682e-10
4.900816802800467121e+04,5.496657018433381836e-10
4.901816969494915975e+04,5.495062183058507799e-10
4.902817136189364828e+04,5.492476473634155809e-10
4.903817302883814409e+04,5.490718435474661874e-10
4.904817469578263263e+04,5.488535181896736503e-10
4.905817636272712116e+04,5.485978338271024768e-10
4.906817802967161697e+04,5.483338783029978458e-10
4.907817969661610550e+04,5.481735620982419732e-10
4.908818136356059404e+04,5.478300035832717185e-10
4.909818303050508985e+04,5.475623288120345933e-10
4.910818469744957838e+04,5.472982622656274998e-10
4.911818636439406691e+04,5.470587316480646223e-10
4.912818803133855545e+04,5.468457908719415173e-10
4.913818969828305126e+04,5.466656016750448543e-10
4.914819136522753979e+04,5.464059760207362615e-10
4.915819303217202832e+04,5.461599505984793268e-10
4.916819469911652413e+04,5.459631635673645178e-10
4.917819636606101267e+04,5.457566620847842387e-10
4.918819803300550120e+04,5.456004537052194792e-10
4.919819969994999701e+04,5.454028340068362013e-10
4.920820136689448555e+04,5.451150086877021295e-10
4.921820303383897408e+04,5.449281026415064844e-10
4.922820470078346261e+04,5.447770012878550006e-10
4.923820636772795842e+04,5.444177886282375312e-10
4.924820803467244696e+04,5.441231354375020146e-10
4.925820970161693549e+04,5.439069750146074966e-10
4.926821136856143130e+04,5.436529004754220296e-10
4.927821303550591983e+04,5.434980243634868202e-10
4.928821470245040837e+04,5.432314043041230889e-10
4.929821636939490418e+04,5.430347838064619737e-10
4.930821803633939271e+04,5.428000826590562156e-10
4.931821970328388124e+04,5.425641602663233698e-10
4.932822137022837705e+04,5.423996807252251529e-10
4.933822303717286559e+04,5.421489923662647925e-10
4.934822470411735412e+04,5.419544257811992338e-10
4.935822637106184266e+04,5.416687098858119498e-10
4.936822803800633847e+04,5.414204085063545335e-10
4.937822970495082700e+04,5.412620907030429862e-10
4.938823137189531553e+04,5.410981107623058506e-10
4.939823303883981134e+04,5.409002690193176477e-10
4.940823470578429988e+04,5.406785019701487727e-10
4.941823637272878841e+04,5.404240388529046868e-10
4.942823803967328422e+04,5.401609715072197559e-10
4.943823970661777275e+04,5.399862224031437563e-10
4.944824137356226129e+04,5.396976754390436781e-10
4.945824304050674982e+04,5.393979707335461171e-10
4.946824470745124563e+04,5.391869173365648749e-10
4.947824637439573416e+04,5.389640955755226059e-10
4.948824804134022270e+04,5.387477686191743942e-10
4.949824970828471851e+04,5.385584200823245737e-10
4.950825137522920704e+04,5.383624657184782336e-10
4.951825304217369558e+04,5.381341483534640702e-10
4.952825470911819139e+04,5.379270917593714785e-10
4.953825637606267992e+04,5.377360778879847203e-10
4.954825804300716845e+04,5.373619882398372738e-10
4.955825970995166426e+04,5.372349787258201559e-10
4.956826137689615280e+04,5.370796585246750965e-10
4.957826304384064133e+04,5.368296362995295112e-10
4.958826471078512986e+04,5.366700972508908762e-10
4.959826637772962567e+04,5.364222954717945413e-10
4.960826804467411421e+04,5.361161514727541544e-10
4.961826971161860274e+04,5.359295229823146656e-10
4.962827137856309855e+04,5.357796428739902694e-10
4.963827304550758709e+04,5.355702548115459649e-10
4.964827471245207562e+04,5.353203436087028422e-10
4.965827637939657143e+04,5.350101472956225734e-10
4.966827804634105996e+04,5.348055331921841571e-10
4.967827971328554850e+04,5.346445508536135094e-10
4.968828138023003703e+04,5.344398257278726305e-10
4.969828304717453284e+04,5.341306841266657557e-10
4.970828471411902137e+04,5.338480213445961908e-10
4.971828638106350991e+04,5.337045250186633893e-10
4.972828804800800572e+04,5.334708230719797939e-10
4.973828971495249425e+04,5.333287145248277739e-10
4.974829138189698278e+04,5.331430297239592164e-10
4.975829304884147859e+04,5.329373609086474062e-10
4.976829471578596713e+04,5.327229768425922884e-10
4.977829638273045566e+04,5.325066498862440767e-10
4.978829804967495147e+04,5.323175233939991813e-10
4.979829971661944001e+04,5.321034168837002198e-10
4.980830138356392854e+04,5.318588347513752979e-10
4.981830305050841707e+04,5.316208584460468956e-10
4.982830471745291288e+04,5.313182116495340779e-10
4.983830638439740142e+04,5.310775708089465752e-10
4.984830805134188995e+04,5.307979611401947295e-10
4.985830971828638576e+04,5.306879935496056078e-10
4.986831138523087429e+04,5.304423567054072919e-10
4.987831305217536283e+04,5.302749905844450495e-10
4.988831471911985864e+04,5.300230809801576015e-10
4.989831638606434717e+04,5.298160243860650098e-10
4.990831805300883570e+04,5.296600935622564066e-10
4.991831971995332424e+04,5.293084859303576195e-10
4.992832138689782005e+04,5.291379001626239642e-10
4.993832305384230858e+04,5.289081395076777881e-10
4.994832472078679712e+04,5.286653892433434976e-10
4.995832638773129293e+04,5.285145099342969388e-10
4.996832805467578146e+04,5.283661286270557866e-10
4.997832972162026999e+04,5.281143300450708011e-10
4.998833138856476580e+04,5.278960601984294954e-10
4.999833305550925434e+04,5.276983849888949862e-10
5.000833472245374287e+04,5.274256587028958165e-10
5.001833638939823868e+04,5.273044778597579807e-10
5.002833805634272721e+04,5.271481584578907587e-10
5.003833972328721575e+04,5.269656933037936142e-10
5.004834139023170428e+04,5.267809521924959881e-10
5.005834305717620009e+04,5.265883840088747547e-10
5.006834472412068862e+04,5.263682822942428174e-10
5.007834639106517716e+04,5.261130975320327252e-10
5.008834805800967297e+04,5.257904112099254235e-10
5.009834972495416150e+04,5.255570978413004468e-10
5.010835139189865004e+04,5.253537049831891181e-10
5.011835305884314585e+04,5.251453161214669763e-10
5.012835472578763438e+04,5.249367607262911406e-10
5.013835639273212291e+04,5.247516865480861270e-10
5.014835805967661145e+04,5.244942258286755532e-10
5.015835972662110726e+04,5.242283829254290595e-10
5.016836139356559579e+04,5.241172496006640813e-10
5.017836306051008432e+04,5.238314781941255660e-10
5.018836472745458013e+04,5.235665789804500037e-10
5.019836639439906867e+04,5.233880551180902785e-10
5.020836806134355720e+04,5.231960975571325889e-10
5.021836972828805301e+04,5.230015309720670302e-10
5.022837139523254154e+04,5.228323884942653876e-10
5.023837306217703008e+04,5.226168386940344135e-10
5.024837472912152589e+04,5.224399801662116261e-10
5.025837639606601442e+04,5.222122734238610064e-10
5.026837806301050296e+04,5.220888721346739203e-10
5.027837972995499149e+04,5.218662724182365764e-10
5.028838139689948730e+04,5.217670184798350874e-10
5.029838306384397583e+04,5.214738640901828148e-10
5.030838473078846437e+04,5.211944764660358942e-10
5.031838639773296018e+04,5.210843978531443099e-10
5.032838806467744871e+04,5.208548592428030588e-10
5.033838973162193724e+04,5.206571840332685497e-10
5.034839139856643305e+04,5.204180975049155222e-10
5.035839306551092159e+04,5.201610808747147985e-10
5.036839473245541012e+04,5.199622399310044329e-10
5.037839639939989866e+04,5.197118846389514601e-10
5.038839806634439446e+04,5.195455732298626117e-10
5.039839973328888300e+04,5.193007690529327647e-10
5.040840140023337153e+04,5.191215790567582644e-10
5.041840306717786734e+04,5.188892648888554504e-10
5.042840473412235588e+04,5.186571727655575614e-10
5.043840640106684441e+04,5.185124551942976723e-10
5.044840806801134022e+04,5.182881901433233907e-10
5.045840973495582875e+04,5.181367557227645193e-10
5.046841140190031729e+04,5.178629747248919557e-10
5.047841306884481310e+04,5.176767903236623170e-10
5.048841473578930163e+04,5.173554362691845654e-10
5.049841640273379016e+04,5.172242634188251031e-10
5.050841806967827870e+04,5.170636141471618430e-10
5.051841973662277451e+04,5.168623307127973021e-10
5.052842140356726304e+04,5.166913563670050280e-10
5.053842307051175158e+04,5.165749494828730803e-10
5.054842473745624739e+04,5.163875438363163539e-10
5.055842640440073592e+04,5.161449601054357572e-10
5.056842807134522445e+04,5.158647398140203677e-10
5.057842973828972026e+04,5.156784999016394977e-10
5.058843140523420880e+04,5.154444648880485147e-10
5.059843307217869733e+04,5.151260529245860198e-10
5.060843473912318586e+04,5.149695114781138727e-10
5.061843640606768167e+04,5.147419157580657156e-10
5.062843807301217021e+04,5.145328052513775674e-10
5.063843973995665874e+04,5.143491188519533353e-10
5.064844140690115455e+04,5.141624348503626152e-10
5.065844307384564308e+04,5.140287639981977463e-10
5.066844474079013162e+04,5.137810732414038739e-10
5.067844640773462743e+04,5.135679659318270751e-10
5.068844807467911596e+04,5.134179192900489852e-10
5.069844974162360450e+04,5.132769209659215903e-10
5.070845140856810031e+04,5.130565416955334967e-10
5.071845307551258884e+04,5.129494606848084004e-10
5.072845474245707737e+04,5.127434588025892026e-10
5.073845640940156591e+04,5.125270763350897596e-10
5.074845807634606172e+04,5.122692825487717982e-10
5.075845974329055025e+04,5.120126544966296933e-10
5.076846141023503878e+04,5.118081514154937395e-10
5.077846307717953459e+04,5.116335133337202024e-10
5.078846474412402313e+04,5.112842371701731281e-10
5.079846641106851166e+04,5.110469825098107322e-10
5.080846807801300747e+04,5.108620193539081811e-10
5.081846974495749600e+04,5.107295142359191686e-10
5.082847141190198454e+04,5.105518785519791436e-10
5.083847307884647307e+04,5.103735212230731122e-10
5.084847474579096888e+04,5.102594458072928774e-10
5.085847641273545742e+04,5.100243005706772692e-10
5.086847807967994595e+04,5.097683941635011706e-10
5.087847974662444176e+04,5.095880939443020452e-10
5.088848141356893029e+04,5.094227262247841281e-10
5.089848308051341883e+04,5.093078181417354244e-10
5.090848474745791464e+04,5.090716181932464224e-10
5.091848641440240317e+04,5.087841259410197381e-10
5.092848808134689170e+04,5.086346899219051920e-10
5.093848974829138751e+04,5.083843901410034505e-10
5.094849141523587605e+04,5.081437493004159478e-10
5.095849308218036458e+04,5.079550668973809024e-10
5.096849474912485312e+04,5.077470111025661481e-10
5.097849641606934892e+04,5.075638798146542285e-10
5.098849808301383746e+04,5.073401143640410282e-10
5.099849974995832599e+04,5.071700281966684543e-10
5.100850141690282180e+04,5.070551201136197506e-10
5.101850308384731034e+04,5.068565567256655413e-10
5.102850475079179887e+04,5.066527197783443626e-10
5.103850641773629468e+04,5.065058927833376856e-10
5.104850808468078321e+04,5.062931740518195056e-10
5.105850975162527175e+04,5.061363550495912023e-10
5.106851141856976028e+04,5.059097585302652078e-10
5.107851308551425609e+04,5.057639307359806935e-10
5.108851475245874462e+04,5.055452723112807689e-10
5.109851641940323316e+04,5.053503171481565914e-10
5.110851808634772897e+04,5.050472262624339237e-10
5.111851975329221750e+04,5.048553242126274654e-10
5.112852142023670604e+04,5.046101869687902308e-10
5.113852308718120184e+04,5.044818451871435627e-10
5.114852475412569038e+04,5.043080952837897257e-10
5.115852642107017891e+04,5.041572714858943982e-10
5.116852808801467472e+04,5.038651162969642883e-10
5.117852975495916326e+04,5.037354977588393012e-10
5.118853142190365179e+04,5.033992667158315726e-10
5.119853308884814032e+04,5.032002037275162820e-10
5.120853475579263613e+04,5.030796335070419900e-10
5.121853642273712467e+04,5.029163752112708607e-10
5.122853808968161320e+04,5.027186444905851204e-10
5.123853975662610901e+04,5.025622695775666671e-10
5.124854142357059754e+04,5.024086702221097767e-10
5.125854309051508608e+04,5.021792981452222193e-10
5.126854475745958189e+04,5.019472060219243303e-10
5.127854642440407042e+04,5.016370097088440616e-10
5.128854809134855896e+04,5.014297310701465449e-10
5.129854975829304749e+04,5.012353865296859112e-10
5.130855142523754330e+04,5.011082104822150995e-10
5.131855309218203183e+04,5.009981873804747465e-10
5.132855475912652037e+04,5.008067294198781383e-10
5.133855642607101618e+04,5.006758896364260636e-10
5.134855809301550471e+04,5.004464620483872750e-10
5.135855975995999324e+04,5.002624425820556553e-10
5.136856142690448905e+04,5.001136171856046531e-10
5.137856309384897759e+04,4.999362035462695530e-10
5.138856476079346612e+04,4.997551816821044213e-10
5.139856642773796193e+04,4.995606150970388626e-10
5.140856809468245046e+04,4.993398472485921502e-10
5.141856976162693900e+04,4.991509428009521798e-10
5.142857142857142753e+04,4.989021418211336822e-10
5.143857309551592334e+04,4.986733248557584375e-10
5.144857476246041188e+04,4.984619383918698077e-10
5.145857642940490041e+04,4.982539381082062846e-10
5.146857809634939622e+04,4.981262624603743916e-10
5.147857976329388475e+04,4.979310852526452891e-10
5.148858143023837329e+04,4.976823952951292540e-10
5.149858309718286910e+04,4.974418099656929826e-10
5.150858476412735763e+04,4.973308431743816982e-10
5.151858643107184616e+04,4.971972278333680606e-10
5.152858809801633470e+04,4.970696076966873989e-10
5.153858976496083051e+04,4.968265243654457208e-10
5.154859143190531904e+04,4.966499433933790897e-10
5.155859309884980757e+04,4.964282873665126772e-10
5.156859476579430338e+04,4.962408817199559508e-10
5.157859643273879192e+04,4.960264421427496018e-10
5.158859809968328045e+04,4.958751187444931929e-10
5.159859976662777626e+04,4.956798860256128592e-10
5.160860143357226480e+04,4.954229804177145979e-10
5.161860310051675333e+04,4.952181442696712566e-10
5.162860476746124914e+04,4.950215792831613726e-10
5.163860643440573767e+04,4.948810805593950590e-10
5.164860810135022621e+04,4.947220411111175054e-10
5.165860976829471474e+04,4.945028830860564995e-10
5.166861143523921055e+04,4.943975229210195721e-10
5.167861310218369908e+04,4.941799192081930414e-10
5.168861476912818762e+04,4.939769704392915628e-10
5.169861643607268343e+04,4.938043862701135822e-10
5.170861810301717196e+04,4.936404618405276779e-10
5.171861976996166050e+04,4.934443964543788752e-10
5.172862143690615630e+04,4.933010111507485362e-10
5.173862310385064484e+04,4.931406949459926636e-10
5.174862477079513337e+04,4.928765173772831076e-10
5.175862643773962191e+04,4.927501184859295336e-10
5.176862810468411772e+04,4.925337360184300906e-10
5.177862977162860625e+04,4.923689789215757173e-10
5.178863143857309478e+04,4.920737706193278882e-10
5.179863310551759059e+04,4.918787044339012482e-10
5.180863477246207913e+04,4.916451690206713465e-10
5.181863643940656766e+04,4.914759710317184727e-10
5.182863810635106347e+04,4.913584539245618998e-10
5.183863977329555200e+04,4.912044659910463906e-10
5.184864144024004054e+04,4.910357120913033668e-10
5.185864310718453635e+04,4.907690365207884042e-10
5.186864477412902488e+04,4.905945649724685609e-10
5.187864644107351342e+04,4.904743278189016564e-10
5.188864810801800195e+04,4.903250583332408041e-10
5.189864977496249776e+04,4.901019590164423789e-10
5.190865144190698629e+04,4.899043948292103323e-10
5.191865310885147483e+04,4.897259264780018384e-10
5.192865477579597064e+04,4.896010263877315083e-10
5.193865644274045917e+04,4.894302740865441592e-10
5.194865810968494770e+04,4.892562466274341659e-10
5.195865977662944351e+04,4.889519344963844105e-10
5.196866144357393205e+04,4.887712456991266663e-10
5.197866311051842058e+04,4.885609694582626616e-10
5.198866477746290911e+04,4.883427551227725871e-10
5.199866644440740492e+04,4.881368642628558518e-10
5.200866811135189346e+04,4.880001958085244951e-10
5.201866977829638199e+04,4.878224491022820075e-10
5.202867144524087780e+04,4.877210302289824995e-10
5.203867311218536634e+04,4.875521653069370132e-10
5.204867477912985487e+04,4.873923487025422219e-10
5.205867644607435068e+04,4.871628656033522020e-10
5.206867811301883921e+04,4.869547542973862164e-10
5.207867977996332775e+04,4.867599101565645014e-10
5.208868144690782356e+04,4.866460012742379604e-10
5.209868311385231209e+04,4.864721958597328921e-10
5.210868478079680062e+04,4.862606428623905686e-10
5.211868644774128916e+04,4.859992963623938067e-10
5.212868811468578497e+04,4.857287350112926561e-10
5.213868978163027350e+04,4.855998381181336754e-10
5.214869144857476203e+04,4.854524560116146858e-10
5.215869311551925784e+04,4.852525603560309264e-10
5.216869478246374638e+04,4.850481127860462038e-10
5.217869644940823491e+04,4.849098900194803718e-10
5.218869811635273072e+04,4.847516277273200558e-10
5.219869978329721926e+04,4.846156809179547054e-10
5.220870145024170779e+04,4.845155943122847475e-10
5.221870311718619632e+04,4.842859446796410339e-10
5.222870478413069213e+04,4.840559619800899327e-10
5.223870645107518067e+04,4.839055267602532240e-10
5.224870811801966920e+04,4.837755751552208494e-10
5.225870978496416501e+04,4.836037126310088752e-10
5.226871145190865354e+04,4.834057043545669785e-10
5.227871311885314208e+04,4.832844124891266802e-10
5.228871478579763789e+04,4.830110200693127354e-10
5.229871645274212642e+04,4.828318300731382351e-10
5.230871811968661495e+04,4.826626320841853612e-10
5.231871978663111076e+04,4.824675658987587212e-10
5.232872145357559930e+04,4.822841015439394141e-10
5.233872312052008783e+04,4.820999710553053319e-10
5.234872478746457637e+04,4.819580845527582369e-10
5.235872645440907218e+04,4.818238585890810555e-10
5.236872812135356071e+04,4.816705367893803214e-10
5.237872978829804924e+04,4.814784682061201693e-10
5.238873145524254505e+04,4.811802067905546210e-10
5.239873312218703359e+04,4.809314058107361234e-10
5.240873478913152212e+04,4.808238807108011770e-10
5.241873645607601793e+04,4.807059750255859853e-10
5.242873812302050646e+04,4.804897590915402361e-10
5.243873978996499500e+04,4.803200615022262809e-10
5.244874145690949081e+04,4.801475883553507629e-10
5.245874312385397934e+04,4.799759478757437137e-10
5.246874479079846787e+04,4.797987562810135387e-10
5.247874645774295641e+04,4.796205099744099698e-10
5.248874812468745222e+04,4.794073471536819397e-10
5.249874979163194075e+04,4.792825580857140721e-10
5.250875145857642929e+04,4.791534391479501664e-10
5.251875312552092510e+04,4.789885710287933307e-10
5.252875479246541363e+04,4.788330287830433463e-10
5.253875645940990216e+04,4.785687401920313278e-10
5.254875812635439797e+04,4.783564655497229978e-10
5.255875979329888651e+04,4.781955387223035814e-10
5.256876146024337504e+04,4.780172369045487812e-10
5.257876312718786357e+04,4.778175632935699468e-10
5.258876479413235938e+04,4.776747331014519204e-10
5.259876646107684792e+04,4.775412842938919766e-10
5.260876812802133645e+04,4.773874073826789299e-10
5.261876979496583226e+04,4.772415240772431844e-10
5.262877146191032080e+04,4.770495665162854948e-10
5.263877312885480933e+04,4.768661576726174189e-10
5.264877479579930514e+04,4.766299577241284169e-10
5.265877646274379367e+04,4.764433292336889281e-10
5.266877812968828221e+04,4.763002214858147454e-10
5.267877979663277802e+04,4.760724592323128945e-10
5.268878146357726655e+04,4.758276550553830475e-10
5.269878313052175508e+04,4.756625648916212867e-10
5.270878479746624362e+04,4.755519866783686211e-10
5.271878646441073943e+04,4.754007743024146748e-10
5.272878813135522796e+04,4.752522819728710601e-10
5.273878979829971649e+04,4.750955739929452193e-10
5.274879146524421230e+04,4.749243220913967889e-10
5.275879313218870084e+04,4.747130466498106216e-10
5.276879479913318937e+04,4.745572268483044809e-10
5.277879646607768518e+04,4.744490911257059906e-10
5.278879813302217372e+04,4.743073156454613581e-10
5.279879979996666225e+04,4.741446124612025415e-10
5.280880146691115078e+04,4.739510450768591454e-10
5.281880313385564659e+04,4.737367165219552589e-10
5.282880480080013513e+04,4.734338476808375162e-10
5.283880646774462366e+04,4.732221281500414989e-10
5.284880813468911947e+04,4.730751901327323594e-10
5.285880980163360800e+04,4.729714397910811385e-10
5.286881146857809654e+04,4.727511715429955075e-10
5.287881313552259235e+04,4.725433377927856782e-10
5.288881480246708088e+04,4.723928470617977382e-10
5.289881646941156941e+04,4.721743551705515074e-10
5.290881813635606522e+04,4.720077662057065027e-10
5.291881980330055376e+04,4.718760937549859591e-10
5.292882147024504229e+04,4.717619073169032617e-10
5.293882313718953083e+04,4.716104728963443904e-10
5.294882480413402664e+04,4.714688084384022204e-10
5.295882647107851517e+04,4.713282542034846756e-10
5.296882813802300370e+04,4.711863677009375806e-10
5.297882980496749951e+04,4.710188905576728757e-10
5.298883147191198805e+04,4.708151091215029282e-10
5.299883313885647658e+04,4.705673628535578246e-10
5.300883480580097239e+04,4.704701628277518921e-10
5.301883647274546092e+04,4.703263334349117031e-10
5.302883813968994946e+04,4.701904421366975839e-10
5.303883980663443799e+04,4.700307920657564864e-10
5.304884147357893380e+04,4.698341160569441399e-10
5.305884314052342233e+04,4.696787403446478493e-10
5.306884480746791087e+04,4.695129285359200821e-10
5.307884647441240668e+04,4.694171718000461624e-10
5.308884814135689521e+04,4.692318200660849925e-10
5.309884980830138375e+04,4.689792998391340006e-10
5.310885147524587956e+04,4.687044086182368119e-10
5.311885314219036809e+04,4.685469789933449647e-10
5.312885480913485662e+04,4.683992083087673564e-10
5.313885647607935243e+04,4.682254028942622881e-10
5.314885814302384097e+04,4.680674736690093596e-10
5.315885980996832950e+04,4.679330256607272531e-10
5.316886147691281803e+04,4.677713216771905991e-10
5.317886314385731384e+04,4.675607123694192069e-10
5.318886481080180238e+04,4.673937348265155833e-10
5.319886647774629091e+04,4.672860987042781744e-10
5.320886814469078672e+04,4.670929754091446284e-10
5.321886981163527525e+04,4.668535003027329822e-10
5.322887147857976379e+04,4.666605990522043612e-10
5.323887314552425960e+04,4.665183794827498787e-10
5.324887481246874813e+04,4.663966435280997302e-10
5.325887647941323667e+04,4.661892538670997510e-10
5.326887814635772520e+04,4.660097863151690945e-10
5.327887981330222101e+04,4.658863295148307770e-10
5.328888148024670954e+04,4.657165764143655906e-10
5.329888314719119808e+04,4.655957841492863736e-10
5.330888481413569389e+04,4.654658602998296146e-10
5.331888648108018242e+04,4.652113416714342975e-10
5.332888814802467095e+04,4.650108353931869942e-10
5.333888981496916676e+04,4.648428031384099768e-10
5.334889148191365530e+04,4.647068285734690107e-10
5.335889314885814383e+04,4.644999385128301128e-10
5.336889481580263964e+04,4.643637974144354530e-10
5.337889648274712818e+04,4.642653761433024329e-10
5.338889814969161671e+04,4.641465822796675411e-10
5.339889981663610524e+04,4.639769402015048172e-10
5.340890148358060105e+04,4.638092687692108029e-10
5.341890315052508959e+04,4.636509787214748712e-10
5.342890481746957812e+04,4.634858330465618792e-10
5.343890648441407393e+04,4.632498828982534178e-10
5.344890815135856246e+04,4.630568706254223343e-10
5.345890981830305100e+04,4.629151506563289331e-10
5.346891148524754681e+04,4.627648819699459182e-10
5.347891315219203534e+04,4.625751170994618633e-10
5.348891481913652387e+04,4.624138572051350593e-10
5.349891648608101241e+04,4.622622840066981098e-10
5.350891815302550822e+04,4.621430460538533680e-10
5.351891981996999675e+04,4.620019644629991262e-10
5.352892148691448529e+04,4.618810889311930623e-10
5.353892315385898110e+04,4.616335369522772680e-10
5.354892482080346963e+04,4.613917581330895246e-10
5.355892648774795816e+04,4.611950821242771781e-10
5.356892815469245397e+04,4.609616022221985077e-10
5.357892982163694251e+04,4.608497194968919075e-10
5.358893148858143104e+04,4.606961478970106327e-10
5.359893315552592685e+04,4.605636982901728516e-10
5.360893482247041538e+04,4.604414349795860062e-10
5.361893648941490392e+04,4.602969394529310421e-10
5.362893815635939245e+04,4.601799219461355506e-10
5.363893982330388826e+04,4.600312075719870109e-10
5.364894149024837679e+04,4.598288971813246917e-10
5.365894315719286533e+04,4.596993341543509359e-10
5.366894482413736114e+04,4.595209213142936733e-10
5.367894649108184967e+04,4.593650737572119169e-10
5.368894815802633821e+04,4.592234648104209782e-10
5.369894982497083402e+04,4.590794411285514798e-10
5.370895149191532255e+04,4.589552626832471560e-10
5.371895315885981108e+04,4.588345259293191702e-10
5.372895482580429962e+04,4.586386270766240614e-10
5.373895649274879543e+04,4.583969592797387804e-10
5.374895815969328396e+04,4.581792445446097872e-10
5.375895982663777249e+04,4.580362755746136827e-10
5.376896149358226830e+04,4.578732115678718628e-10
5.377896316052675684e+04,4.577158652097068625e-10
5.378896482747124537e+04,4.574240708432597557e-10
5.379896649441574118e+04,4.572634770827477269e-10
5.380896816136022971e+04,4.570981926299566567e-10
5.381896982830471825e+04,4.569965794676278392e-10
5.382897149524921406e+04,4.568423972450830206e-10
5.383897316219370259e+04,4.567105582609087833e-10
5.384897482913819113e+04,4.565662015121318973e-10
5.385897649608267966e+04,4.564355560177091320e-10
5.386897816302717547e+04,4.563033284554762758e-10
5.387897982997166400e+04,4.561642175104907437e-10
5.388898149691615254e+04,4.560189170721429264e-10
5.389898316386064835e+04,4.558572685997575036e-10
5.390898483080513688e+04,4.556496291385769837e-10
5.391898649774962541e+04,4.554302768244866684e-10
5.392898816469412122e+04,4.552603016794165569e-10
5.393898983163860976e+04,4.551519439122131416e-10
5.394899149858309829e+04,4.550440579897951920e-10
5.395899316552758683e+04,4.548597332121318004e-10
5.396899483247208263e+04,4.547550669364852638e-10
5.397899649941657117e+04,4.545601672845123176e-10
5.398899816636105970e+04,4.544380982629547816e-10
5.399899983330555551e+04,4.542550779973453245e-10
5.400900150025004405e+04,4.540610110126408472e-10
5.401900316719453258e+04,4.539017772753339841e-10
5.402900483413902839e+04,4.537314968189321007e-10
5.403900650108351692e+04,4.536190589821131880e-10
5.404900816802800546e+04,4.534401187861192284e-10
5.405900983497250127e+04,4.531905684057591088e-10
5.406901150191698980e+04,4.530289476889493017e-10
5.407901316886147833e+04,4.528444563778322163e-10
5.408901483580596687e+04,4.526969910045863799e-10
5.409901650275046268e+04,4.525390617793334513e-10
5.410901816969495121e+04,4.524171037800783779e-10
5.411901983663943975e+04,4.522753005442581298e-10
5.412902150358393556e+04,4.521704122240066681e-10
5.413902317052842409e+04,4.519142282610744132e-10
5.414902483747291262e+04,4.517960727756786810e-10
5.415902650441740843e+04,4.516750307104189233e-10
5.416902817136189697e+04,4.515109119918037095e-10
5.417902983830638550e+04,4.513226181668272829e-10
5.418903150525087403e+04,4.511510887095226963e-10
5.419903317219536984e+04,4.510106177413319983e-10
5.420903483913985838e+04,4.509059237101098461e-10
5.421903650608434691e+04,4.507249018459447143e-10
5.422903817302884272e+04,4.505972539536884369e-10
5.423903983997333125e+04,4.504414896633335275e-10
5.424904150691781979e+04,4.503350192752719749e-10
5.425904317386231560e+04,4.500983752375731228e-10
5.426904484080680413e+04,4.500231576276547685e-10
5.427904650775129267e+04,4.498876549074992681e-10
5.428904817469578848e+04,4.497584249474328999e-10
5.429904984164027701e+04,4.495339378518536932e-10
5.430905150858476554e+04,4.493339866851187026e-10
5.431905317552925408e+04,4.492169969338988267e-10
5.432905484247374989e+04,4.491093053005101865e-10
5.433905650941823842e+04,4.488980021033484036e-10
5.434905817636272695e+04,4.487408222786370970e-10
5.435905984330722276e+04,4.485661564412879443e-10
5.436906151025171130e+04,4.484091986611815628e-10
5.437906317719619983e+04,4.481286175472831701e-10
5.438906484414069564e+04,4.480270598961055839e-10
5.439906651108518417e+04,4.479357440523301648e-10
5.440906817802967271e+04,4.478003523544771269e-10
5.441906984497416124e+04,4.476344850345981285e-10
5.442907151191865705e+04,4.474723647174272401e-10
5.443907317886314559e+04,4.473515169411967918e-10
5.444907484580763412e+04,4.471987224974327546e-10
5.445907651275212993e+04,4.470290804192700307e-10
5.446907817969661846e+04,4.468992398365401186e-10
5.447907984664110700e+04,4.467297642918310885e-10
5.448908151358560281e+04,4.466066405584001586e-10
5.449908318053009134e+04,4.463744929239510384e-10
5.450908484747457987e+04,4.461828129187495051e-10
5.451908651441907568e+04,4.460311564535857087e-10
5.452908818136356422e+04,4.458926283756881048e-10
5.453908984830805275e+04,4.457060553963998473e-10
5.454909151525254129e+04,4.455631419375549740e-10
5.455909318219703709e+04,4.454442092960420041e-10
5.456909484914152563e+04,4.452799517995487122e-10
5.457909651608601416e+04,4.451889690226806806e-10
5.458909818303050997e+04,4.450435575620304007e-10
5.459909984997499851e+04,4.449297041908550909e-10
5.460910151691948704e+04,4.447607837576583734e-10
5.461910318386398285e+04,4.446111812050901335e-10
5.462910485080847138e+04,4.445054324619945874e-10
5.463910651775295992e+04,4.443489465266736715e-10
5.464910818469744845e+04,4.441512435615635468e-10
5.465910985164194426e+04,4.439902334674172835e-10
5.466911151858643279e+04,4.438417411378736688e-10
5.467911318553092133e+04,4.436911671401588819e-10
5.468911485247541714e+04,4.435482814368896243e-10
5.469911651941990567e+04,4.433735045772380090e-10
5.470911818636439421e+04,4.431651989822427140e-10
5.471911985330889001e+04,4.430512345887649417e-10
5.472912152025337855e+04,4.428835909120465431e-10
5.473912318719786708e+04,4.426780608746128109e-10
5.474912485414236289e+04,4.425264321650246302e-10
5.475912652108685143e+04,4.424218491561049404e-10
5.476912818803133996e+04,4.422565091921626390e-10
5.477912985497582849e+04,4.421603638782301005e-10
5.478913152192032430e+04,4.419729859872489897e-10
5.479913318886481284e+04,4.417823884494964659e-10
5.480913485580930137e+04,4.416896293157890341e-10
5.481913652275379718e+04,4.414877630143365650e-10
5.482913818969828571e+04,4.414014986853231903e-10
5.483913985664277425e+04,4.412716303470176626e-10
5.484914152358727006e+04,4.411851162178237473e-10
5.485914319053175859e+04,4.411011833571620855e-10
5.486914485747624713e+04,4.408479692408207029e-10
5.487914652442073566e+04,4.407104958747964929e-10
5.488914819136523147e+04,4.405440456878295663e-10
5.489914985830972000e+04,4.403551412401895959e-10
5.490915152525420854e+04,4.401748132654148549e-10
5.491915319219870435e+04,4.400103892354678692e-10
5.492915485914319288e+04,4.398593711485432323e-10
5.493915652608768141e+04,4.397696096170022884e-10
5.494915819303217722e+04,4.396194519529217359e-10
5.495915985997666576e+04,4.395101227405717736e-10
5.496916152692115429e+04,4.393709840400106259e-10
5.497916319386565010e+04,4.391748631427105920e-10
5.498916486081013863e+04,4.389641428126367373e-10
5.499916652775462717e+04,4.388550078893160844e-10
5.500916819469911570e+04,4.387399055172380713e-10
5.501916986164361151e+04,4.386323249061518936e-10
5.502917152858810005e+04,4.384299312487627276e-10
5.503917319553258858e+04,4.383260698848090442e-10
5.504917486247708439e+04,4.381962848132303634e-10
5.505917652942157292e+04,4.380690532546083205e-10
5.506917819636606146e+04,4.379223372819041060e-10
5.507917986331055727e+04,4.377314899439710416e-10
5.508918153025504580e+04,4.376002893380359637e-10
5.509918319719953433e+04,4.374604567480844253e-10
5.510918486414402287e+04,4.371823458804158236e-10
5.511918653108851868e+04,4.370822592747458657e-10
5.512918819803300721e+04,4.368783113051222244e-10
5.513918986497749574e+04,4.367551598161156790e-10
5.514919153192199155e+04,4.366098871333434772e-10
5.515919319886648009e+04,4.364364147857457965e-10
5.516919486581096862e+04,4.363130967632855572e-10
5.517919653275546443e+04,4.361490613113971904e-10
5.518919819969995297e+04,4.359832772582450389e-10
5.519919986664444150e+04,4.358299277029686891e-10
5.520920153358893731e+04,4.357079141925623844e-10
5.521920320053342584e+04,4.355895921737129584e-10
5.522920486747791438e+04,4.354846760978858811e-10
5.523920653442240291e+04,4.352445903688106910e-10
5.524920820136689872e+04,4.351338733776799472e-10
5.525920986831138725e+04,4.350501070504719792e-10
5.526921153525587579e+04,4.349684501470107989e-10
5.527921320220037160e+04,4.348294779799033449e-10
5.528921486914486013e+04,4.347018578432226832e-10
5.529921653608934866e+04,4.345984960796300811e-10
5.530921820303384447e+04,4.344204995732070529e-10
5.531921986997833301e+04,4.343273796170166179e-10
5.532922153692282154e+04,4.341987047684625622e-10
5.533922320386731008e+04,4.340384163192823053e-10
5.534922487081180589e+04,4.338438219786411310e-10
5.535922653775629442e+04,4.335990733128625152e-10
5.536922820470078295e+04,4.334140546458087329e-10
5.537922987164527876e+04,4.332732783662862630e-10
5.538923153858976730e+04,4.331454639405762919e-10
5.539923320553425583e+04,4.329407665704110286e-10
5.540923487247875164e+04,4.328149227905697671e-10
5.541923653942324017e+04,4.326828617617906048e-10
5.542923820636772871e+04,4.325953206762989112e-10
5.543923987331222452e+04,4.324477442807506122e-10
5.544924154025671305e+04,4.323699731578756200e-10
5.545924320720120159e+04,4.322102953313589069e-10
5.546924487414569012e+04,4.321089597247862457e-10
5.547924654109018593e+04,4.320355184717072916e-10
5.548924820803467446e+04,4.318351509713380665e-10
5.549924987497916300e+04,4.316524637726359970e-10
5.550925154192365881e+04,4.314810175820582572e-10
5.551925320886814734e+04,4.313378820786084589e-10
5.552925487581263587e+04,4.311658252653671752e-10
5.553925654275713168e+04,4.310143353336570726e-10
5.554925820970162022e+04,4.308957912702027215e-10
5.555925987664610875e+04,4.307344758647246863e-10
5.556926154359059728e+04,4.305757972389301358e-10
5.557926321053509309e+04,4.303876144362561718e-10
5.558926487747958163e+04,4.302688205726212800e-10
5.559926654442407016e+04,4.301375089443837396e-10
5.560926821136856597e+04,4.300223233055788796e-10
5.561926987831305451e+04,4.298127409541052657e-10
5.562927154525754304e+04,4.296738520537246586e-10
5.563927321220203885e+04,4.295331867965046513e-10
5.564927487914652738e+04,4.294149202888064565e-10
5.565927654609101592e+04,4.293045918757343316e-10
5.566927821303551173e+04,4.291923205723691126e-10
5.567927987998000026e+04,4.290922894778503860e-10
5.568928154692448879e+04,4.289703037230196969e-10
5.569928321386897733e+04,4.288329413792979494e-10
5.570928488081347314e+04,4.285787003066587886e-10
5.571928654775796167e+04,4.283620402834031893e-10
5.572928821470245020e+04,4.282185162018947722e-10
5.573928988164694601e+04,4.280735210748787267e-10
5.574929154859143455e+04,4.279188392519728268e-10
5.575929321553592308e+04,4.278436216420544724e-10
5.576929488248041889e+04,4.277230236660045648e-10
5.577929654942490743e+04,4.276218823484612130e-10
5.578929821636939596e+04,4.274968434803128048e-10
5.579929988331388449e+04,4.274005038773509568e-10
5.580930155025838030e+04,4.272761311430173237e-10
5.581930321720286884e+04,4.271032971736588024e-10
5.582930488414735737e+04,4.269913034260497398e-10
5.583930655109185318e+04,4.268591591305437305e-10
5.584930821803634171e+04,4.267537156987799563e-10
5.585930988498083025e+04,4.266403341723901121e-10
5.586931155192532606e+04,4.264772701656482923e-10
5.587931321886981459e+04,4.262423469736376092e-10
5.588931488581430312e+04,4.261200281518995325e-10
5.589931655275879893e+04,4.258977892579451918e-10
5.590931821970328747e+04,4.257577623789643440e-10
5.591931988664777600e+04,4.255895635907336327e-10
5.592932155359226454e+04,4.254541718928805949e-10
5.593932322053676035e+04,4.252966312456862852e-10
5.594932488748124888e+04,4.251846930092284538e-10
5.595932655442573741e+04,4.251007879041424076e-10
5.596932822137023322e+04,4.249362806074685750e-10
5.597932988831472176e+04,4.248590368405302797e-10
5.598933155525921029e+04,4.247298346360395271e-10
5.599933322220370610e+04,4.246213103353824181e-10
5.600933488914819463e+04,4.244161688760073048e-10
5.601933655609268317e+04,4.242450557523369525e-10
5.602933822303717170e+04,4.241133555460407933e-10
5.603933988998166751e+04,4.239738837785722581e-10
5.604934155692615604e+04,4.238933926092869342e-10
5.605934322387064458e+04,4.237306339138768863e-10
5.606934489081514039e+04,4.236115069833346070e-10
5.607934655775962892e+04,4.234650408108109332e-10
5.608934822470411746e+04,4.233246808649226978e-10
5.609934989164861327e+04,4.232055816899560341e-10
5.610935155859310180e+04,4.231209271843283659e-10
5.611935322553759033e+04,4.229770700359125613e-10
5.612935489248208614e+04,4.228190297883571702e-10
5.613935655942657468e+04,4.226372862792260321e-10
5.614935822637106321e+04,4.225158556359076556e-10
5.615935989331555174e+04,4.223310035023075670e-10
5.616936156026004755e+04,4.222080740579059466e-10
5.617936322720453609e+04,4.219689597739773035e-10
5.618936489414902462e+04,4.218409510592380229e-10
5.619936656109352043e+04,4.217458327016032626e-10
5.620936822803800897e+04,4.216780813415255125e-10
5.621936989498249750e+04,4.215676141505753094e-10
5.622937156192699331e+04,4.212894755273310921e-10
5.623937322887148184e+04,4.211521131836093446e-10
5.624937489581597038e+04,4.210632398304881008e-10
5.625937656276045891e+04,4.209159409906959581e-10
5.626937822970495472e+04,4.207848514070633428e-10
5.627937989664944325e+04,4.206566206477191372e-10
5.628938156359393179e+04,4.205255865752377531e-10
5.629938323053842760e+04,4.204292192167002895e-10
5.630938489748291613e+04,4.203296322113914130e-10
5.631938656442740466e+04,4.201793080138571668e-10
5.632938823137190047e+04,4.200326753078797992e-10
5.633938989831638901e+04,4.199000036564370930e-10
5.634939156526087754e+04,4.197864000854423239e-10
5.635939323220537335e+04,4.196974434655942332e-10
5.636939489914986189e+04,4.195618297231362703e-10
5.637939656609435042e+04,4.194383729227979529e-10
5.638939823303883895e+04,4.192717839579529482e-10
5.639939989998333476e+04,4.190865987574454721e-10
5.640940156692782330e+04,4.189295021994610124e-10
5.641940323387231183e+04,4.188025759521707414e-10
5.642940490081680764e+04,4.186686830554009475e-10
5.643940656776129617e+04,4.185142510326755882e-10
5.644940823470578471e+04,4.183576818306278255e-10
5.645940990165028052e+04,4.182607316050024338e-10
5.646941156859476905e+04,4.181564539074145159e-10
5.647941323553925758e+04,4.180305268608464075e-10
5.648941490248374612e+04,4.178420109912650560e-10
5.649941656942824193e+04,4.177050372256019273e-10
5.650941823637273046e+04,4.176054502202930507e-10
5.651941990331721900e+04,4.175003120998610484e-10
5.652942157026171481e+04,4.173126844086993970e-10
5.653942323720620334e+04,4.172029943738664315e-10
5.654942490415069187e+04,4.170944423176337068e-10
5.655942657109518768e+04,4.169281864196960896e-10
5.656942823803967622e+04,4.167713396618921706e-10
5.657942990498416475e+04,4.165811862133494969e-10
5.658943157192866056e+04,4.164027178621410030e-10
5.659943323887314909e+04,4.162857281109211272e-10
5.660943490581763763e+04,4.161669342472862354e-10
5.661943657276212616e+04,4.160636835059960958e-10
5.662943823970662197e+04,4.159962097016745020e-10
5.663943990665111050e+04,4.158503819073899876e-10
5.664944157359559904e+04,4.157363620027609841e-10
5.665944324054009485e+04,4.155443211750764476e-10
5.666944490748458338e+04,4.153826449471154092e-10
5.667944657442907192e+04,4.152356236630794228e-10
5.668944824137356773e+04,4.151258503615196105e-10
5.669944990831805626e+04,4.150495502841522466e-10
5.670945157526254479e+04,4.149673660247543694e-10
5.671945324220703333e+04,4.148706100881582870e-10
5.672945490915152914e+04,4.147887311400921817e-10
5.673945657609601767e+04,4.146535614868440689e-10
5.674945824304050620e+04,4.145260246168902540e-10
5.675945990998500201e+04,4.143323184546687799e-10
5.676946157692949055e+04,4.141577913951977052e-10
5.677946324387397908e+04,4.140224274529202830e-10
5.678946491081847489e+04,4.138507592177376182e-10
5.679946657776296342e+04,4.136899989237718955e-10
5.680946824470745196e+04,4.135641273883550184e-10
5.681946991165194777e+04,4.134492193053063147e-10
5.682947157859643630e+04,4.132602315909394974e-10
5.683947324554092484e+04,4.131501529780479132e-10
5.684947491248541337e+04,4.130332464935548842e-10
5.685947657942990918e+04,4.129478980985368253e-10
5.686947824637439771e+04,4.128550279425269309e-10
5.687947991331888625e+04,4.127496677774900036e-10
5.688948158026338206e+04,4.126199659726381697e-10
5.689948324720787059e+04,4.124704189312211611e-10
5.690948491415235912e+04,4.123298924518792319e-10
5.691948658109685493e+04,4.121932239975478751e-10
5.692948824804134347e+04,4.120443708455212573e-10
5.693948991498583200e+04,4.118716201428895829e-10
5.694949158193032781e+04,4.117157170746565953e-10
5.695949324887481635e+04,4.116231522299784729e-10
5.696949491581930488e+04,4.115215945788008867e-10
5.697949658276379341e+04,4.114003304689362039e-10
5.698949824970828922e+04,4.112573614989400994e-10
5.699949991665277776e+04,4.110645435151383253e-10
5.700950158359726629e+04,4.109469986524061369e-10
5.701950325054176210e+04,4.108311191242108862e-10
5.702950491748625063e+04,4.107265361152911964e-10
5.703950658443073917e+04,4.106640028034291845e-10
5.704950825137523498e+04,4.105350503991189726e-10
5.705950991831972351e+04,4.104346307265416272e-10
5.706951158526421204e+04,4.101904926834265552e-10
5.707951325220870058e+04,4.100436656884198783e-10
5.708951491915319639e+04,4.098633654692207529e-10
5.709951658609768492e+04,4.097650552203901952e-10
5.710951825304217346e+04,4.096741001990977793e-10
5.711951991998666927e+04,4.095183081531672542e-10
5.712952158693115780e+04,4.094330707804516578e-10
5.713952325387564633e+04,4.092952365919444446e-10
5.714952492082014214e+04,4.091539329564852778e-10
5.715952658776463068e+04,4.089820426766976880e-10
5.716952825470911921e+04,4.089000804619047358e-10
5.717952992165361502e+04,4.088090144183098573e-10
5.718953158859810355e+04,4.086913585332752064e-10
5.719953325554259209e+04,4.085387583785404786e-10
5.720953492248708062e+04,4.083212379324407948e-10
5.721953658943157643e+04,4.082142679440181610e-10
5.722953825637606496e+04,4.080838167386247051e-10
5.723953992332055350e+04,4.079775683951680776e-10
5.724954159026504931e+04,4.078747062319365568e-10
5.725954325720953784e+04,4.077570225913262902e-10
5.726954492415402638e+04,4.076522730489529067e-10
5.727954659109852219e+04,4.075233484002183104e-10
5.728954825804301072e+04,4.074264259301685343e-10
5.729954992498749925e+04,4.073118786696028337e-10
5.730955159193198779e+04,4.072108483743619445e-10
5.731955325887648360e+04,4.070701831171419371e-10
5.732955492582097213e+04,4.068552994507257381e-10
5.733955659276546066e+04,4.066521841483705657e-10
5.734955825970995647e+04,4.065357772642386180e-10
5.735955992665444501e+04,4.064101277734266660e-10
5.736956159359893354e+04,4.063391567665775028e-10
5.737956326054342935e+04,4.062127301196483131e-10
5.738956492748791788e+04,4.060879965628316768e-10
5.739956659443240642e+04,4.059723668348169667e-10
5.740956826137690223e+04,4.058502423021081995e-10
5.741956992832139076e+04,4.057026936621355162e-10
5.742957159526587930e+04,4.056046887246367305e-10
5.743957326221036783e+04,4.055029922955810662e-10
5.744957492915486364e+04,4.054139524090061286e-10
5.745957659609935217e+04,4.052763957762550717e-10
5.746957826304384071e+04,4.051402546778604119e-10
5.747957992998833652e+04,4.049799384731045393e-10
5.748958159693282505e+04,4.047269741569436974e-10
5.749958326387731358e+04,4.046371571142515222e-10
5.750958493082180939e+04,4.045414836451044494e-10
5.751958659776629793e+04,4.044182488893710570e-10
5.752958826471078646e+04,4.042826073913374785e-10
5.753958993165527500e+04,4.042010892657543764e-10
5.754959159859977080e+04,4.040862922050081352e-10
5.755959326554425934e+04,4.039716616777155878e-10
5.756959493248874787e+04,4.038190337674052444e-10
5.757959659943324368e+04,4.037062073525277128e-10
5.758959826637773222e+04,4.035842771088482550e-10
5.759959993332222075e+04,4.034614031755978658e-10
5.760960160026671656e+04,4.033638978384601614e-10
5.761960326721120509e+04,4.032076894588954019e-10
5.762960493415569363e+04,4.030796529885805057e-10
5.763960660110018944e+04,4.029718503328894030e-10
5.764960826804467797e+04,4.028655742338571599e-10
5.765960993498916650e+04,4.026527722356121330e-10
5.766961160193365504e+04,4.025918765027114432e-10
5.767961326887815085e+04,4.024206523567386284e-10
5.768961493582263938e+04,4.022919497526089572e-10
5.769961660276712792e+04,4.021723787328568278e-10
5.770961826971162373e+04,4.020615229638480059e-10
5.771961993665611226e+04,4.019855281978124140e-10
5.772962160360060079e+04,4.019015120704239052e-10
5.773962327054509660e+04,4.017431665115367423e-10
5.774962493748958514e+04,4.016576515830649896e-10
5.775962660443407367e+04,4.015283938674230058e-10
5.776962827137856220e+04,4.013454846241160112e-10
5.777962993832305801e+04,4.012487286875199288e-10
5.778963160526754655e+04,4.010924370412283224e-10
5.779963327221203508e+04,4.009182152930890197e-10
5.780963493915653089e+04,4.007811305051234285e-10
5.781963660610101942e+04,4.006826814784147928e-10
5.782963827304550796e+04,4.005746012669675338e-10
5.783963993999000377e+04,4.004531983792247729e-10
5.784964160693449230e+04,4.002986830897725667e-10
5.785964327387898084e+04,4.001776132689371934e-10
5.786964494082347665e+04,4.000713094143293347e-10
5.787964660776796518e+04,3.999877096205750604e-10
5.788964827471245371e+04,3.998396058690900645e-10
5.789964994165694225e+04,3.996651620763458368e-10
5.790965160860143806e+04,3.994929664852264750e-10
5.791965327554592659e+04,3.994181096977911238e-10
5.792965494249041512e+04,3.992685071452228840e-10
5.793965660943491093e+04,3.992086106130443568e-10
5.794965827637939947e+04,3.990925645513954123e-10
5.795965994332388800e+04,3.989826802275331374e-10
5.796966161026838381e+04,3.989121810654694400e-10
5.797966327721287234e+04,3.988245844688265151e-10
5.798966494415736088e+04,3.987146446338130090e-10
5.799966661110184941e+04,3.986482810525160403e-10
5.800966827804634522e+04,3.984569063586462789e-10
5.801966994499083376e+04,3.983061658274777983e-10
5.802967161193532229e+04,3.982245921907434649e-10
5.803967327887981810e+04,3.980500651312723903e-10
5.804967494582430663e+04,3.978953833083664904e-10
5.805967661276879517e+04,3.977502216478967512e-10
5.806967827971329098e+04,3.976271811811926682e-10
5.807967994665777951e+04,3.974806872530933788e-10
5.808968161360226804e+04,3.974033879750038523e-10
5.809968328054676385e+04,3.972460416168388520e-10
5.810968494749125239e+04,3.971377671163622836e-10
5.811968661443574092e+04,3.969822803817635304e-10
5.812968828138022945e+04,3.968595174708156037e-10
5.813968994832472526e+04,3.967476069899333879e-10
5.814969161526921380e+04,3.966698913782096270e-10
5.815969328221370233e+04,3.966036110636395051e-10
5.816969494915819814e+04,3.964776840170713967e-10
5.817969661610268668e+04,3.963144534768758831e-10
5.818969828304717521e+04,3.961838357380287334e-10
5.819969994999167102e+04,3.960084760112891900e-10
5.820970161693615955e+04,3.958759431377245619e-10
5.821970328388064809e+04,3.957976724144884884e-10
5.822970495082513662e+04,3.956743821476038647e-10
5.823970661776963243e+04,3.955514249476266286e-10
5.824970828471412096e+04,3.954266358796587610e-10
5.825970995165860950e+04,3.953425364855434054e-10
5.826971161860310531e+04,3.951912963540138435e-10
5.827971328554759384e+04,3.950988425316381836e-10
5.828971495249208238e+04,3.949774951550466540e-10
5.829971661943657818e+04,3.948572580014797495e-10
5.830971828638106672e+04,3.947397964054744079e-10
5.831971995332555525e+04,3.946586113467986934e-10
5.832972162027005106e+04,3.944919391152268417e-10
5.833972328721453960e+04,3.943838033926283515e-10
5.834972495415902813e+04,3.942756954256054769e-10
5.835972662110351666e+04,3.941566795173656601e-10
5.836972828804801247e+04,3.939955584009169343e-10
5.837972995499250101e+04,3.938693260430170540e-10
5.838973162193698954e+04,3.937326298331100816e-10
5.839973328888148535e+04,3.936165837714611371e-10
5.840973495582597388e+04,3.935361203577514289e-10
5.841973662277046242e+04,3.934319536824659735e-10
5.842973828971495823e+04,3.933327552552157158e-10
5.843973995665944676e+04,3.932123238126195020e-10
5.844974162360393530e+04,3.931126535405837785e-10
5.845974329054842383e+04,3.928974090516845763e-10
5.846974495749291964e+04,3.927476954768138739e-10
5.847974662443740817e+04,3.926741154458568417e-10
5.848974829138189671e+04,3.925454405973027860e-10
5.849974995832639252e+04,3.924304214919516198e-10
5.850975162527088105e+04,3.922912550358148565e-10
5.851975329221536958e+04,3.921690472363792423e-10
5.852975495915986539e+04,3.920408997437618837e-10
5.853975662610435393e+04,3.919371216465350471e-10
5.854975829304884246e+04,3.918337876385180607e-10
5.855975995999333827e+04,3.917698110367240361e-10
5.856976162693782680e+04,3.916535151748945509e-10
5.857976329388231534e+04,3.915430479839443478e-10
5.858976496082680387e+04,3.914331914156576886e-10
5.859976662777129968e+04,3.913595003623981938e-10
5.860976829471578822e+04,3.912678792072910028e-10
5.861976996166027675e+04,3.910715085098104282e-10
5.862977162860477256e+04,3.909567947157910339e-10
5.863977329554926109e+04,3.908302848021349973e-10
5.864977496249374963e+04,3.907512091672060706e-10
5.865977662943824544e+04,3.906218681848372398e-10
5.866977829638273397e+04,3.904725986991763875e-10
5.867977996332722250e+04,3.903491141432624545e-10
5.868978163027171104e+04,3.902570488989454134e-10
5.869978329721620685e+04,3.901648448767502941e-10
5.870978496416069538e+04,3.900237077747448211e-10
5.871978663110518391e+04,3.899167377863221873e-10
5.872978829804967972e+04,3.897984990341996081e-10
5.873978996499416826e+04,3.896643285816736579e-10
5.874979163193865679e+04,3.895409828036378030e-10
5.875979329888315260e+04,3.893785294195595270e-10
5.876979496582764114e+04,3.892571820429679974e-10
5.877979663277212967e+04,3.891313660187023515e-10
5.878979829971662548e+04,3.890559263641790722e-10
5.879979996666111401e+04,3.888897814885439175e-10
5.880980163360560255e+04,3.887987987116758859e-10
5.881980330055009108e+04,3.886816424270023163e-10
5.882980496749458689e+04,3.885606558728937898e-10
5.883980663443907542e+04,3.883922627956337692e-10
5.884980830138356396e+04,3.883091070910893450e-10
5.885980996832805977e+04,3.882161536683526037e-10
5.886981163527254830e+04,3.881308330289101605e-10
5.887981330221703683e+04,3.880233634401264453e-10
5.888981496916153264e+04,3.878777854460224717e-10
5.889981663610602118e+04,3.877597409829292019e-10
5.890981830305050971e+04,3.876019505355543515e-10
5.891981996999499825e+04,3.874978393714201275e-10
5.892982163693949406e+04,3.873792397968145451e-10
5.893982330388398259e+04,3.872443476993225886e-10
5.894982497082847112e+04,3.871687137557699998e-10
5.895982663777296693e+04,3.870588571874833406e-10
5.896982830471745547e+04,3.869399245459703707e-10
5.897982997166194400e+04,3.868231568393554198e-10
5.898983163860643981e+04,3.867501874310619314e-10
5.899983330555092834e+04,3.866727493750943268e-10
5.900983497249541688e+04,3.865838760219730830e-10
5.901983663943991269e+04,3.864765452110674460e-10
5.902983830638440122e+04,3.864073783166332987e-10
5.903983997332888976e+04,3.862246356067799979e-10
5.904984164027337829e+04,3.861234665336610306e-10
5.905984330721787410e+04,3.859819130980213231e-10
5.906984497416236263e+04,3.858156849556593215e-10
5.907984664110685117e+04,3.856613084440851935e-10
5.908984830805134698e+04,3.855774033389991473e-10
5.909984997499583551e+04,3.854291052984848420e-10
5.910985164194032404e+04,3.853327656955229941e-10
5.911985330888481985e+04,3.852405061621766436e-10
5.912985497582930839e+04,3.850779140002202894e-10
5.913985664277379692e+04,3.849846275105761606e-10
5.914985830971828545e+04,3.848767415881582110e-10
5.915985997666278126e+04,3.848157903441062899e-10
5.916986164360726980e+04,3.847261953460190398e-10
5.917986331055175833e+04,3.845848361994086417e-10
5.918986497749625414e+04,3.845146423486767162e-10
5.919986664444074268e+04,3.844076446046784667e-10
5.920986831138523121e+04,3.842399454168088369e-10
5.921986997832972702e+04,3.840999740489792202e-10
5.922987164527421555e+04,3.839671358640828203e-10
5.923987331221870409e+04,3.838845907822019399e-10
5.924987497916319990e+04,3.837395678996102788e-10
5.925987664610768843e+04,3.835986805977853464e-10
5.926987831305217696e+04,3.834638440114446212e-10
5.927987997999666550e+04,3.833365569416713470e-10
5.928988164694116131e+04,3.832460460095887811e-10
5.929988331388564984e+04,3.831336914394967152e-10
5.930988498083013837e+04,3.830207817578923368e-10
5.931988664777463418e+04,3.829183359282950505e-10
5.932988831471912272e+04,3.828398431604540519e-10
5.933988998166361125e+04,3.827733963124302363e-10
5.934989164860810706e+04,3.827076711093724271e-10
5.935989331555259560e+04,3.825848804428488847e-10
5.936989498249708413e+04,3.824491001669372281e-10
5.937989664944157266e+04,3.823365513078158529e-10
5.938989831638606847e+04,3.822108463058526695e-10
5.939989998333055701e+04,3.821375160750761779e-10
5.940990165027504554e+04,3.820325444880978694e-10
5.941990331721954135e+04,3.819024541051874166e-10
5.942990498416402988e+04,3.817707816544668731e-10
5.943990665110851842e+04,3.816265914391436809e-10
5.944990831805301423e+04,3.815310845034503018e-10
5.945990998499750276e+04,3.814079052588681407e-10
5.946991165194199129e+04,3.812856419482812953e-10
5.947991331888648710e+04,3.811377324858256088e-10
5.948991498583097564e+04,3.810419757499516891e-10
5.949991665277546417e+04,3.808669768456951488e-10
5.950991831971995271e+04,3.807208159845032469e-10
5.951991998666444852e+04,3.806558956931382909e-10
5.952992165360893705e+04,3.805397386091868839e-10
5.953992332055342558e+04,3.804337123103351814e-10
5.954992498749792139e+04,3.803460879581166409e-10
5.955992665444240993e+04,3.802226589133539392e-10
5.956992832138689846e+04,3.801358117172526363e-10
5.957992998833139427e+04,3.800395276254420196e-10
5.958993165527588280e+04,3.799514036728623978e-10
5.959993332222037134e+04,3.798447112401959203e-10
5.960993498916485987e+04,3.797558933982259077e-10
5.961993665610935568e+04,3.795991854183000669e-10
5.962993832305384421e+04,3.794785041755233124e-10
5.963993998999833275e+04,3.793791947259705921e-10
5.964994165694282856e+04,3.792850478134823788e-10
5.965994332388731709e+04,3.792025304871771141e-10
5.966994499083180563e+04,3.790383007462594378e-10
5.967994665777630144e+04,3.789482894145379532e-10
5.968994832472078997e+04,3.787996860626918760e-10
5.969994999166527850e+04,3.787272717659107002e-10
5.970995165860977431e+04,3.786423952156781070e-10
5.971995332555426285e+04,3.785667335165499026e-10
5.972995499249875138e+04,3.784683122454168824e-10
5.973995665944323991e+04,3.783813817825887327e-10
5.974995832638773572e+04,3.782726631929023142e-10
5.975995999333222426e+04,3.781867319307963271e-10
5.976996166027671279e+04,3.780905311057125573e-10
5.977996332722120860e+04,3.779470902909309871e-10
5.978996499416569714e+04,3.778374002560980216e-10
5.979996666111018567e+04,3.776711443581604044e-10
5.980996832805468148e+04,3.775828816277027045e-10
5.981996999499917001e+04,3.774425494373900847e-10
5.982997166194365855e+04,3.773523715722149063e-10
5.983997332888814708e+04,3.772098466914286519e-10
5.984997499583264289e+04,3.770880274700516566e-10
5.985997666277713142e+04,3.769375089834881010e-10
5.986997832972161996e+04,3.767743617100194342e-10
5.987997999666611577e+04,3.766339740085555832e-10
5.988998166361060430e+04,3.765287803769723496e-10
5.989998333055509283e+04,3.763907241438602114e-10
5.990998499749958864e+04,3.763008515900168049e-10
5.991998666444407718e+04,3.761966571591557340e-10
5.992998833138856571e+04,3.761070899166440995e-10
5.993998999833306152e+04,3.759832722938227789e-10
5.994999166527755006e+04,3.758878763804318623e-10
5.995999333222203859e+04,3.758059974323657570e-10
5.996999499916652712e+04,3.756899513707168126e-10
5.997999666611102293e+04,3.756280286815183445e-10
5.998999833305551147e+04,3.755344091249668281e-10
6.000000000000000000e+04,3.754323518734281606e-10
