# kappa, training_loss
0.000000000000000000e+00,3.111444711685180664e-01
3.459589015952004853e-01,2.531057894229888916e-01
4.392482314775383867e-01,2.451149821281433105e-01
4.954363861777400513e-01,2.374370545148849487e-01
5.357720918135293608e-01,2.336385697126388550e-01
5.672595083447434794e-01,2.304819524288177490e-01
5.930907635535410671e-01,2.280406206846237183e-01
6.149917817214055615e-01,2.257888168096542358e-01
6.340021001630319342e-01,2.237799018621444702e-01
6.507965873818838398e-01,2.219193726778030396e-01
6.658382904736565022e-01,2.201864272356033325e-01
6.794587442759913998e-01,2.185634225606918335e-01
6.919034942584628700e-01,2.169847637414932251e-01
7.033594816068275968e-01,2.154634892940521240e-01
7.139723260658095150e-01,2.139787822961807251e-01
7.238576728898482582e-01,2.125409841537475586e-01
7.331088938900989227e-01,2.111444771289825439e-01
7.418024638556233175e-01,2.097938656806945801e-01
7.500018066688997065e-01,2.084803879261016846e-01
7.577601057719879352e-01,2.072005867958068848e-01
7.651223965958476869e-01,2.059521675109863281e-01
7.721271504307702926e-01,2.047239840030670166e-01
7.788074912118712056e-01,2.035083025693893433e-01
7.851921428055662622e-01,2.023107707500457764e-01
7.913061753967588485e-01,2.011263072490692139e-01
7.971716000308491923e-01,1.999501734972000122e-01
8.028078469354584801e-01,1.987784057855606079e-01
8.082321538615222511e-01,1.976176053285598755e-01
8.134598840216815674e-01,1.964551955461502075e-01
8.185047884076200875e-01,1.953051686286926270e-01
8.233792237692867388e-01,1.941604763269424438e-01
8.280943349557937649e-01,1.930155456066131592e-01
8.326602083891524453e-01,1.918810009956359863e-01
8.370860019870475233e-01,1.907529830932617188e-01
8.413800557425805682e-01,1.896335184574127197e-01
8.455499863170587993e-01,1.885197162628173828e-01
8.496027683416239595e-01,1.874156743288040161e-01
8.535448046076362649e-01,1.863215714693069458e-01
8.573819869196814825e-01,1.852349042892456055e-01
8.611197490632285234e-01,1.841581910848617554e-01
8.647631130821671341e-01,1.830902844667434692e-01
8.683167298552938451e-01,1.820278316736221313e-01
8.717849147943127486e-01,1.809716522693634033e-01
8.751716793507015035e-01,1.799198240041732788e-01
8.784807589083916124e-01,1.788717806339263916e-01
8.817156375486330244e-01,1.778234094381332397e-01
8.848795700987204249e-01,1.767793595790863037e-01
8.879756018143981633e-01,1.757420897483825684e-01
8.910065859943040456e-01,1.747094988822937012e-01
8.939751997818218276e-01,1.736771613359451294e-01
8.968839583736623045e-01,1.726470440626144409e-01
8.997352278241469437e-01,1.716212183237075806e-01
9.025312366085197491e-01,1.706009209156036377e-01
9.052740860868754291e-01,1.695874184370040894e-01
9.079657599917980715e-01,1.685802638530731201e-01
9.106081330470138235e-01,1.675773859024047852e-01
9.132029788108537716e-01,1.665813326835632324e-01
9.157519768267176064e-01,1.655873209238052368e-01
9.182567191527407635e-01,1.645958423614501953e-01
9.207187163342355207e-01,1.636093407869338989e-01
9.231394028750167235e-01,1.626290231943130493e-01
9.255201422572324477e-01,1.616537272930145264e-01
9.278622315536849685e-01,1.606841236352920532e-01
9.301669056717069006e-01,1.597213298082351685e-01
9.324353412633560323e-01,1.587651371955871582e-01
9.346686603329257270e-01,1.578144133090972900e-01
9.368679335694584109e-01,1.568687260150909424e-01
9.390341834290427681e-01,1.559273898601531982e-01
9.411683869891029897e-01,1.549898236989974976e-01
9.432714785946274549e-01,1.540548354387283325e-01
9.453443523142729399e-01,1.531206071376800537e-01
9.473878642225076474e-01,1.521930098533630371e-01
9.494028345223683996e-01,1.512704193592071533e-01
9.513900495220098952e-01,1.503525078296661377e-01
9.533502634769637218e-01,1.494400203227996826e-01
9.552842003089099254e-01,1.485334187746047974e-01
9.571925552107636292e-01,1.476311385631561279e-01
9.590759961469810246e-01,1.467316746711730957e-01
9.609351652571875846e-01,1.458374112844467163e-01
9.627706801705113726e-01,1.449475735425949097e-01
9.645831352373486212e-01,1.440613567829132080e-01
9.663731026847116601e-01,1.431796103715896606e-01
9.681411337007792550e-01,1.423023194074630737e-01
9.698877594537900215e-01,1.414288133382797241e-01
9.716134920499919225e-01,1.405596584081649780e-01
9.733188254349738333e-01,1.396940946578979492e-01
9.750042362423431141e-01,1.388324648141860962e-01
9.766701845934007142e-01,1.379753649234771729e-01
9.783171148511704551e-01,1.371224522590637207e-01
9.799454563318716893e-01,1.362738758325576782e-01
9.815556239766881630e-01,1.354285925626754761e-01
9.831480189864598707e-01,1.345887035131454468e-01
9.847230294217282909e-01,1.337514668703079224e-01
9.862810307703816504e-01,1.329205483198165894e-01
9.878223864849721148e-01,1.320953518152236938e-01
9.893474484916348066e-01,1.312711387872695923e-01
9.908565576723874502e-01,1.304616183042526245e-01
9.923500443224636536e-01,1.296456307172775269e-01
9.938282285842179320e-01,1.288408041000366211e-01
9.952914208590244449e-01,1.280491352081298828e-01
9.967399221984984958e-01,1.272516250610351562e-01
9.981740246762715874e-01,1.264798939228057861e-01
9.995940117414702231e-01,1.256966441869735718e-01
1.001000158554967268e+00,1.249184533953666687e-01
1.002392732309404844e+00,1.241510733962059021e-01
1.003771992533918134e+00,1.233991906046867371e-01
1.005138191384430835e+00,1.226327866315841675e-01
1.006491573920335059e+00,1.218956857919692993e-01
1.007832378368310744e+00,1.211432218551635742e-01
1.009160836374001224e+00,1.204027086496353149e-01
1.010477173242205984e+00,1.196836382150650024e-01
1.011781608166212099e+00,1.189462095499038696e-01
1.013074354446854342e+00,1.182211413979530334e-01
1.014355619701844180e+00,1.175172105431556702e-01
1.015625606065887254e+00,1.167918294668197632e-01
1.016884510382068063e+00,1.160890087485313416e-01
1.018132524384956605e+00,1.153918802738189697e-01
1.019369834875863745e+00,1.146824657917022705e-01
1.020596623890643651e+00,1.140094920992851257e-01
1.021813068860422780e+00,1.133164241909980774e-01
1.023019342765608686e+00,1.126245111227035522e-01
1.024215614283513043e+00,1.119597479701042175e-01
1.025402047929905747e+00,1.112800613045692444e-01
1.026578804194794081e+00,1.106161922216415405e-01
1.027746039672710499e+00,1.099691390991210938e-01
1.028903907187771694e+00,1.092947125434875488e-01
1.030052555913757883e+00,1.086504831910133362e-01
1.031192131489450770e+00,1.080170720815658569e-01
1.032322776129452446e+00,1.073559448122978210e-01
1.033444628730692205e+00,1.067281439900398254e-01
1.034557824974828844e+00,1.061072126030921936e-01
1.035662497426728335e+00,1.054584905505180359e-01
1.036758775629202489e+00,1.048487797379493713e-01
1.037846786194173809e+00,1.042321994900703430e-01
1.038926652890428182e+00,1.036040261387825012e-01
1.039998496728109512e+00,1.030280962586402893e-01
1.041062436040096406e+00,1.024008393287658691e-01
1.042118586560402127e+00,1.018002182245254517e-01
1.043167061499723491e+00,1.012318953871726990e-01
1.044207971618266395e+00,1.006188243627548218e-01
1.045241425295961868e+00,1.000493988394737244e-01
1.046267528600184571e+00,9.947409480810165405e-02
1.047286385351081872e+00,9.888139367103576660e-02
1.048298097184609423e+00,9.834521263837814331e-02
1.049302763613374712e+00,9.774902462959289551e-02
1.050300482085374520e+00,9.719440340995788574e-02
1.051291348040716223e+00,9.664607793092727661e-02
1.052275454966405510e+00,9.607083350419998169e-02
1.053252894449275612e+00,9.555405378341674805e-02
1.054223756227137487e+00,9.497630596160888672e-02
1.055188128238219614e+00,9.444901347160339355e-02
1.056146096668967527e+00,9.390600025653839111e-02
1.057097746000264182e+00,9.336306899785995483e-02
1.058043159052139304e+00,9.285573661327362061e-02
1.058982417027020118e+00,9.230563789606094360e-02
1.059915599551585430e+00,9.180366992950439453e-02
1.060842784717273890e+00,9.126967191696166992e-02
1.061764049119499065e+00,9.075788408517837524e-02
1.062679467895619734e+00,9.026063233613967896e-02
1.063589114761714693e+00,8.972880989313125610e-02
1.064493062048202932e+00,8.926627784967422485e-02
1.065391380734357574e+00,8.872989565134048462e-02
1.066284140481750242e+00,8.824808150529861450e-02
1.067171409666666904e+00,8.776363730430603027e-02
1.068053255411534064e+00,8.725310117006301880e-02
1.068929743615389283e+00,8.680519461631774902e-02
1.069800938983432648e+00,8.628999441862106323e-02
1.070666905055689400e+00,8.583017438650131226e-02
1.071527704234821021e+00,8.534889668226242065e-02
1.072383397813107209e+00,8.486915379762649536e-02
1.073234045998635811e+00,8.442110568284988403e-02
1.074079707940723605e+00,8.393019437789916992e-02
1.074920441754596334e+00,8.350738137960433960e-02
1.075756304545354203e+00,8.300963044166564941e-02
1.076587352431247258e+00,8.257544785737991333e-02
1.077413640566283526e+00,8.211637288331985474e-02
1.078235223162194334e+00,8.165913820266723633e-02
1.079052153509776568e+00,8.123406767845153809e-02
1.079864483999635194e+00,8.076503872871398926e-02
1.080672266142344684e+00,8.035944402217864990e-02
1.081475550588048673e+00,7.988733798265457153e-02
1.082274387145517602e+00,7.949902862310409546e-02
1.083068824800681451e+00,7.902586460113525391e-02
1.083858911734654873e+00,7.860950380563735962e-02
1.084644695341271170e+00,7.818184792995452881e-02
1.085426222244142425e+00,7.775560021400451660e-02
1.086203538313258443e+00,7.735909521579742432e-02
1.086976688681142944e+00,7.691003382205963135e-02
1.087745717758576536e+00,7.652889192104339600e-02
1.088510669249905582e+00,7.608793675899505615e-02
1.089271586167944728e+00,7.569663226604461670e-02
1.090028510848491283e+00,7.528035342693328857e-02
1.090781484964458370e+00,7.486937195062637329e-02
1.091530549539642125e+00,7.448026537895202637e-02
1.092275744962134088e+00,7.406235486268997192e-02
1.093017110997387409e+00,7.369994372129440308e-02
1.093754686800950671e+00,7.326843589544296265e-02
1.094488510930875957e+00,7.290986180305480957e-02
1.095218621359815403e+00,7.248768210411071777e-02
1.095945055486811093e+00,7.214750349521636963e-02
1.096667850148790313e+00,7.171956449747085571e-02
1.097387041631774585e+00,7.135878503322601318e-02
1.098102665681810475e+00,7.095966488122940063e-02
1.098814757515629958e+00,7.061758637428283691e-02
1.099523351831051432e+00,7.022093236446380615e-02
1.100228482817122044e+00,6.983986496925354004e-02
1.100930184164018444e+00,6.949359178543090820e-02
1.101628489072704609e+00,6.910084187984466553e-02
1.102323430264357418e+00,6.876249611377716064e-02
1.103015039989568402e+00,6.837500631809234619e-02
1.103703350037322783e+00,6.804806739091873169e-02
1.104388391743768238e+00,6.765557080507278442e-02
1.105070196000774496e+00,6.733991205692291260e-02
1.105748793264292651e+00,6.694682687520980835e-02
1.106424213562518855e+00,6.663530319929122925e-02
1.107096486503866828e+00,6.624788790941238403e-02
1.107765641284756297e+00,6.593491137027740479e-02
1.108431706697221797e+00,6.555803120136260986e-02
1.109094711136345834e+00,6.524002552032470703e-02
1.109754682607522636e+00,6.487711519002914429e-02
1.110411648733556467e+00,6.455587595701217651e-02
1.111065636761598974e+00,6.419961154460906982e-02
1.111716673569929759e+00,6.389047950506210327e-02
1.112364785674585077e+00,6.353828310966491699e-02
1.113009999235837544e+00,6.320640444755554199e-02
1.113652340064533730e+00,6.287463009357452393e-02
1.114291833628287209e+00,6.255682557821273804e-02
1.114928505057539709e+00,6.222716346383094788e-02
1.115562379151485484e+00,6.189898401498794556e-02
1.116193480383868453e+00,6.157871708273887634e-02
1.116821832908651224e+00,6.126243248581886292e-02
1.117447460565562434e+00,6.094465032219886780e-02
1.118070386885524181e+00,6.062192097306251526e-02
1.118690635095962005e+00,6.030704826116561890e-02
1.119308228126002946e+00,6.000491976737976074e-02
1.119923188611560150e+00,5.968233570456504822e-02
1.120535538900311989e+00,5.938581377267837524e-02
1.121145301056575283e+00,5.906498804688453674e-02
1.121752496866074811e+00,5.877419188618659973e-02
1.122357147840614688e+00,5.845614522695541382e-02
1.122959275222650710e+00,5.816566571593284607e-02
1.123558899989768545e+00,5.785386636853218079e-02
1.124156042859069560e+00,5.756353586912155151e-02
1.124750724291464721e+00,5.725528299808502197e-02
1.125342964495882114e+00,5.697518214583396912e-02
1.125932783433387430e+00,5.666834488511085510e-02
1.126520200821220952e+00,5.638268217444419861e-02
1.127105236136752842e+00,5.609161406755447388e-02
1.127687908621357371e+00,5.579791218042373657e-02
1.128268237284210995e+00,5.552674457430839539e-02
1.128846240906013376e+00,5.521977320313453674e-02
1.129421938042634244e+00,5.495934933423995972e-02
1.129995347028687203e+00,5.465544387698173523e-02
1.130566485981034486e+00,5.439476296305656433e-02
1.131135372802220873e+00,5.409847199916839600e-02
1.131702025183840998e+00,5.383781716227531433e-02
1.132266460609840486e+00,5.354534834623336792e-02
1.132828696359752696e+00,5.329389497637748718e-02
1.133388749511873961e+00,5.299869179725646973e-02
1.133946636946374875e+00,5.273962393403053284e-02
1.134502375348353853e+00,5.246723443269729614e-02
1.135055981210831622e+00,5.220619216561317444e-02
1.135607470837687316e+00,5.192856863141059875e-02
1.136156860346540176e+00,5.166744068264961243e-02
1.136704165671576172e+00,5.140916630625724792e-02
1.137249402566320455e+00,5.114464834332466125e-02
1.137792586606358514e+00,5.088366568088531494e-02
1.138333733192005592e+00,5.061805993318557739e-02
1.138872857550927042e+00,5.038139969110488892e-02
1.139409974740709375e+00,5.011573806405067444e-02
1.139945099651383131e+00,4.985192790627479553e-02
1.140478247007901125e+00,4.961531981825828552e-02
1.141009431372567162e+00,4.934670403599739075e-02
1.141538667147425468e+00,4.911243915557861328e-02
1.142065968576601920e+00,4.885049909353256226e-02
1.142591349748605101e+00,4.861021414399147034e-02
1.143114824598584045e+00,4.836397990584373474e-02
1.143636406910547576e+00,4.811295494437217712e-02
1.144156110319540343e+00,4.789238795638084412e-02
1.144673948313783329e+00,4.763024300336837769e-02
1.145189934236772844e+00,4.740335047245025635e-02
1.145704081289344645e+00,4.714674130082130432e-02
1.146216402531699874e+00,4.694629833102226257e-02
1.146726910885395245e+00,4.667109996080398560e-02
1.147235619135299922e+00,4.647888988256454468e-02
1.147742539931515537e+00,4.620246589183807373e-02
1.148247685791263573e+00,4.600952565670013428e-02
1.148751069100740541e+00,4.573892056941986084e-02
1.149252702116940084e+00,4.554925486445426941e-02
1.149752596969443985e+00,4.528129845857620239e-02
1.150250765662181429e+00,4.508824273943901062e-02
1.150747220075159172e+00,4.482917115092277527e-02
1.151241971966161071e+00,4.462652280926704407e-02
1.151735032972418749e+00,4.438558220863342285e-02
1.152226414612254946e+00,4.418373480439186096e-02
1.152716128286697339e+00,4.394070059061050415e-02
1.153204185281065053e+00,4.373619332909584045e-02
1.153690596766530962e+00,4.350842535495758057e-02
1.154175373801654247e+00,4.330159723758697510e-02
1.154658527333889628e+00,4.307453334331512451e-02
1.155140068201070624e+00,4.286130145192146301e-02
1.155620007132869276e+00,4.265875741839408875e-02
1.156098354752228108e+00,4.243080317974090576e-02
1.156575121576774112e+00,4.224521294236183167e-02
1.157050318020203639e+00,4.200905188918113708e-02
1.157523954393649301e+00,4.182265326380729675e-02
1.157996040907020685e+00,4.159071296453475952e-02
1.158466587670325953e+00,4.141613468527793884e-02
1.158935604694971033e+00,4.117666184902191162e-02
1.159403101895037258e+00,4.101302847266197205e-02
1.159869089088538807e+00,4.076874256134033203e-02
1.160333575998660383e+00,4.060052707791328430e-02
1.160796572254974013e+00,4.036574065685272217e-02
1.161258087394636762e+00,4.019220545887947083e-02
1.161718130863570009e+00,3.996731340885162354e-02
1.162176712017619851e+00,3.977886959910392761e-02
1.162633840123697304e+00,3.958214074373245239e-02
1.163089524360903404e+00,3.937957808375358582e-02
1.163543773821634097e+00,3.919949382543563843e-02
1.163996597512669595e+00,3.898686543107032776e-02
1.164448004356245958e+00,3.882072120904922485e-02
1.164898003191108256e+00,3.859803453087806702e-02
1.165346602773551732e+00,3.844229504466056824e-02
1.165793811778442102e+00,3.821727260947227478e-02
1.166239638800222522e+00,3.805960714817047119e-02
1.166684092353905244e+00,3.783978894352912903e-02
1.167127180876046388e+00,3.768492862582206726e-02
1.167568912725708286e+00,3.746719285845756531e-02
1.168009296185403834e+00,3.729812055826187134e-02
1.168448339462030194e+00,3.710212558507919312e-02
1.168886050687785394e+00,3.693709895014762878e-02
1.169322437921071822e+00,3.673411160707473755e-02
1.169757509147387298e+00,3.655774518847465515e-02
1.170191272280201700e+00,3.638464957475662231e-02
1.170623735161820056e+00,3.619721159338951111e-02
1.171054905564233639e+00,3.602977097034454346e-02
1.171484791189958408e+00,3.583467379212379456e-02
1.171913399672859457e+00,3.569988161325454712e-02
1.172340738578966146e+00,3.548239171504974365e-02
1.172766815407271901e+00,3.534439206123352051e-02
1.173191637590524916e+00,3.513390943408012390e-02
1.173615212496004645e+00,3.499134257435798645e-02
1.174037547426290296e+00,3.479010984301567078e-02
1.174458649620016004e+00,3.462598100304603577e-02
1.174878526252612465e+00,3.446179628372192383e-02
1.175297184437045006e+00,3.429401293396949768e-02
1.175714631224533235e+00,3.411550074815750122e-02
1.176130873605264471e+00,3.395222127437591553e-02
1.176545918509096511e+00,3.378743678331375122e-02
1.176959772806250193e+00,3.361693024635314941e-02
1.177372443307990402e+00,3.346426784992218018e-02
1.177783936767299977e+00,3.328206762671470642e-02
1.178194259879542072e+00,3.316145017743110657e-02
1.178603419283114073e+00,3.295633941888809204e-02
1.179011421560091977e+00,3.282732516527175903e-02
1.179418273236866099e+00,3.263413161039352417e-02
1.179823980784766357e+00,3.248872607946395874e-02
1.180228550620680883e+00,3.232073783874511719e-02
1.180631989107665092e+00,3.217495605349540710e-02
1.181034302555541649e+00,3.200177475810050964e-02
1.181435497221491993e+00,3.185779973864555359e-02
1.181835579310641871e+00,3.169249370694160461e-02
1.182234554976636431e+00,3.153080493211746216e-02
1.182632430322206885e+00,3.142216056585311890e-02
1.183029211399732938e+00,3.122355230152606964e-02
1.183424904211793471e+00,3.109300509095191956e-02
1.183819514711712095e+00,3.092424198985099792e-02
1.184213048804093837e+00,3.078108467161655426e-02
1.184605512345357381e+00,3.061679005622863770e-02
1.184996911144254428e+00,3.047904558479785919e-02
1.185387250962389061e+00,3.032389469444751740e-02
1.185776537514724893e+00,3.018835932016372681e-02
1.186164776470086890e+00,3.002584725618362427e-02
1.186551973451658082e+00,2.987819164991378784e-02
1.186938134037466508e+00,2.975799515843391418e-02
1.187323263760868386e+00,2.958578430116176605e-02
1.187707368111023731e+00,2.947128005325794220e-02
1.188090452533366204e+00,2.929692342877388000e-02
1.188472522430065625e+00,2.918823808431625366e-02
1.188853583160484728e+00,2.901188284158706665e-02
1.189233640041631457e+00,2.887273766100406647e-02
1.189612698348603281e+00,2.875160798430442810e-02
1.189990763315026623e+00,2.860178239643573761e-02
1.190367840133490285e+00,2.845383249223232269e-02
1.190743933955974221e+00,2.831823937594890594e-02
1.191119049894270532e+00,2.818732894957065582e-02
1.191493193020401353e+00,2.803566865622997284e-02
1.191866368367030304e+00,2.792951650917530060e-02
1.192238580927867719e+00,2.776337601244449615e-02
1.192609835658072992e+00,2.765762805938720703e-02
1.192980137474649371e+00,2.749351784586906433e-02
1.193349491256835204e+00,2.737335674464702606e-02
1.193717901846489182e+00,2.723064459860324860e-02
1.194085374048471593e+00,2.710064314305782318e-02
1.194451912631020685e+00,2.697294764220714569e-02
1.194817522326123038e+00,2.683232910931110382e-02
1.195182207829880383e+00,2.673085778951644897e-02
1.195545973802871975e+00,2.657104469835758209e-02
1.195908824870511422e+00,2.644481696188449860e-02
1.196270765623400179e+00,2.633729204535484314e-02
1.196631800617675045e+00,2.618757635354995728e-02
1.196991934375353894e+00,2.608072385191917419e-02
1.197351171384673396e+00,2.593174390494823456e-02
1.197709516100426308e+00,2.583903819322586060e-02
1.198066972944292763e+00,2.568077296018600464e-02
1.198423546305166010e+00,2.558446861803531647e-02
1.198779240539478597e+00,2.543270774185657501e-02
1.199134059971519006e+00,2.531034499406814575e-02
1.199488008893748736e+00,2.521833404898643494e-02
1.199841091567112938e+00,2.506439574062824249e-02
1.200193312221349062e+00,2.497473917901515961e-02
1.200544675055289945e+00,2.482148446142673492e-02
1.200895184237165125e+00,2.472707070410251617e-02
1.201244843904897053e+00,2.458284609019756317e-02
1.201593658166393297e+00,2.447454445064067841e-02
1.201941631099838093e+00,2.435070462524890900e-02
1.202288766753976335e+00,2.422612160444259644e-02
1.202635069148398239e+00,2.414051815867424011e-02
1.202980542273817122e+00,2.399285882711410522e-02
1.203325190092345398e+00,2.389230951666831970e-02
1.203669016537768366e+00,2.376469410955905914e-02
1.204012025515812434e+00,2.364546433091163635e-02
1.204354220904411799e+00,2.357418462634086609e-02
1.204695606553972009e+00,2.341792918741703033e-02
1.205036186287628874e+00,2.332727238535881042e-02
1.205375963901505809e+00,2.319149114191532135e-02
1.205714943164967856e+00,2.310851030051708221e-02
1.206053127820873261e+00,2.296850085258483887e-02
1.206390521585819497e+00,2.286136336624622345e-02
1.206727128150390849e+00,2.275935374200344086e-02
1.207062951179397992e+00,2.264404110610485077e-02
1.207397994312119138e+00,2.253480814397335052e-02
1.207732261162537180e+00,2.242214977741241455e-02
1.208065755319571721e+00,2.232565917074680328e-02
1.208398480347311565e+00,2.220275439321994781e-02
1.208730439785242305e+00,2.211569249629974365e-02
1.209061637148473922e+00,2.199014276266098022e-02
1.209392075927962384e+00,2.190066687762737274e-02
1.209721759590731471e+00,2.177943289279937744e-02
1.210050691580090376e+00,2.167195826768875122e-02
1.210378875315849534e+00,2.160648629069328308e-02
1.210706314194534894e+00,2.146369963884353638e-02
1.211033011589597308e+00,2.138413302600383759e-02
1.211358970851622807e+00,2.125697582960128784e-02
1.211684195308537548e+00,2.117490395903587341e-02
1.212008688265811651e+00,2.105408534407615662e-02
1.212332453006661481e+00,2.095114625990390778e-02
1.212655492792247935e+00,2.088269032537937164e-02
1.212977810861875838e+00,2.074938826262950897e-02
1.213299410433185566e+00,2.067617140710353851e-02
1.213620294702348001e+00,2.054951712489128113e-02
1.213940466844254829e+00,2.045556716620922089e-02
1.214259930012706601e+00,2.036269195377826691e-02
1.214578687340598817e+00,2.025480940937995911e-02
1.214896741940107550e+00,2.017915621399879456e-02
1.215214096902870411e+00,2.005864866077899933e-02
1.215530755300167520e+00,1.997414790093898773e-02
1.215846720183099361e+00,1.986903510987758636e-02
1.216161994582764638e+00,1.977892778813838959e-02
1.216476581510432364e+00,1.967832073569297791e-02
1.216790483957715940e+00,1.958650536835193634e-02
1.217103704896745020e+00,1.949286460876464844e-02
1.217416247280330710e+00,1.939151436090469360e-02
1.217728114042136545e+00,1.932803541421890259e-02
1.218039308096841689e+00,1.920472644269466400e-02
1.218349832340304140e+00,1.911757141351699829e-02
1.218659689649723710e+00,1.902891509234905243e-02
1.218968882883800342e+00,1.892982237040996552e-02
1.219277414882894428e+00,1.885585300624370575e-02
1.219585288469181350e+00,1.874590106308460236e-02
1.219892506446807579e+00,1.866712421178817749e-02
1.220199071602043217e+00,1.856844685971736908e-02
1.220504986703434769e+00,1.848359778523445129e-02
1.220810254501953462e+00,1.839265413582324982e-02
1.221114877731144688e+00,1.830070652067661285e-02
1.221418859107275878e+00,1.822367869317531586e-02
1.221722201329479063e+00,1.812253706157207489e-02
1.222024907079897416e+00,1.805861294269561768e-02
1.222326979023826476e+00,1.794834807515144348e-02
1.222628419809853817e+00,1.786804199218750000e-02
1.222929232070001149e+00,1.778286695480346680e-02
1.223229418419859105e+00,1.768955960869789124e-02
1.223528981458726239e+00,1.763360761106014252e-02
1.223827923769742476e+00,1.751894317567348480e-02
1.224126247920023003e+00,1.745522953569889069e-02
1.224423956460791496e+00,1.735120825469493866e-02
1.224721051927509796e+00,1.727257668972015381e-02
1.225017536840008026e+00,1.719181798398494720e-02
1.225313413702613374e+00,1.710333302617073059e-02
1.225608685004275999e+00,1.703345775604248047e-02
1.225903353218694702e+00,1.693631522357463837e-02
1.226197420804443050e+00,1.686388440430164337e-02
1.226490890205089723e+00,1.677724160254001617e-02
1.226783763849322639e+00,1.670462079346179962e-02
1.227076044151067524e+00,1.661542989313602448e-02
1.227367733509609593e+00,1.653316244482994080e-02
1.227658834309709901e+00,1.647809334099292755e-02
1.227949348921723027e+00,1.637336798012256622e-02
1.228239279701712983e+00,1.629799976944923401e-02
1.228528628991567340e+00,1.622457988560199738e-02
1.228817399119111586e+00,1.614316366612911224e-02
1.229105592398220370e+00,1.606777496635913849e-02
1.229393211128929853e+00,1.598257385194301605e-02
1.229680257597547399e+00,1.593220792710781097e-02
1.229966734076759938e+00,1.582878828048706055e-02
1.230252642825743203e+00,1.576867699623107910e-02
1.230537986090267655e+00,1.567800529301166534e-02
1.230822766102804611e+00,1.560107711702585220e-02
1.231106985082631722e+00,1.555565185844898224e-02
1.231390645235935111e+00,1.545111835002899170e-02
1.231673748755914177e+00,1.539877150207757950e-02
1.231956297822881297e+00,1.530221849679946899e-02
1.232238294604364404e+00,1.523951999843120575e-02
1.232519741255205137e+00,1.515807956457138062e-02
1.232800639917659424e+00,1.508261077105998993e-02
1.233080992721493629e+00,1.503139268606901169e-02
1.233360801784081806e+00,1.493683084845542908e-02
1.233640069210502732e+00,1.488023810088634491e-02
1.233918797093633835e+00,1.479416806250810623e-02
1.234196987514246002e+00,1.472623553127050400e-02
1.234474642541095735e+00,1.465782243758440018e-02
1.234751764231018401e+00,1.458071544766426086e-02
1.235028354629019720e+00,1.452855300158262253e-02
1.235304415768365471e+00,1.443978212773799896e-02
1.235579949670672306e+00,1.438818499445915222e-02
1.235854958345995458e+00,1.430151984095573425e-02
1.236129443792917337e+00,1.424229051917791367e-02
1.236403407998634796e+00,1.416625455021858215e-02
1.236676852939044835e+00,1.409500092267990112e-02
1.236949780578830760e+00,1.405260432511568069e-02
1.237222192871547000e+00,1.395988091826438904e-02
1.237494091759701265e+00,1.391191408038139343e-02
1.237765479174840699e+00,1.382597628980875015e-02
1.238036357037631818e+00,1.376274973154067993e-02
1.238306727257941997e+00,1.370241027325391769e-02
1.238576591734922516e+00,1.362750213593244553e-02
1.238845952357085833e+00,1.358172297477722168e-02
1.239114811002387295e+00,1.349674072116613388e-02
1.239383169538301521e+00,1.344145461916923523e-02
1.239651029821901895e+00,1.336971670389175415e-02
1.239918393699936949e+00,1.330204587429761887e-02
1.240185263008907190e+00,1.324430201202630997e-02
1.240451639575139708e+00,1.317818462848663330e-02
1.240717525214864336e+00,1.312549132853746414e-02
1.240982921734288036e+00,1.304883044213056564e-02
1.241247830929667728e+00,1.299214176833629608e-02
1.241512254587382458e+00,1.292660366743803024e-02
1.241776194484008666e+00,1.286134589463472366e-02
1.242039652386388582e+00,1.281721051782369614e-02
1.242302630051703050e+00,1.273760292679071426e-02
1.242565129227541032e+00,1.269384287297725677e-02
1.242827151651969331e+00,1.261568535119295120e-02
1.243088699053602753e+00,1.255574636161327362e-02
1.243349773151670723e+00,1.251075975596904755e-02
1.243610375656086786e+00,1.243410911411046982e-02
1.243870508267514330e+00,1.239271927624940872e-02
1.244130172677434087e+00,1.231509074568748474e-02
1.244389370568210085e+00,1.226316858083009720e-02
1.244648103613155365e+00,1.220156624913215637e-02
1.244906373476595274e+00,1.213814504444599152e-02
1.245164181813933180e+00,1.210324093699455261e-02
1.245421530271714428e+00,1.202177070081233978e-02
1.245678420487687399e+00,1.197434496134519577e-02
1.245934854090868127e+00,1.190897449851036072e-02
1.246190832701601803e+00,1.184966135770082474e-02
1.246446357931622950e+00,1.181303616613149643e-02
1.246701431384118264e+00,1.173570193350315094e-02
1.246956054653785673e+00,1.168329548090696335e-02
1.247210229326893849e+00,1.163017377257347107e-02
1.247463956981342825e+00,1.156837400048971176e-02
1.247717239186721727e+00,1.152935996651649475e-02
1.247970077504367836e+00,1.145714428275823593e-02
1.248222473487422990e+00,1.141611859202384949e-02
1.248474428680892645e+00,1.134853344410657883e-02
1.248725944621701167e+00,1.129833422601222992e-02
1.248977022838748452e+00,1.124447397887706757e-02
1.249227664852966102e+00,1.118656247854232788e-02
1.249477872177372495e+00,1.114502362906932831e-02
1.249727646317127405e+00,1.107834465801715851e-02
1.249976988769586406e+00,1.103829964995384216e-02
1.250225901024355046e+00,1.097307261079549789e-02
1.250474384563341479e+00,1.091961748898029327e-02
1.250722440860810192e+00,1.088473945856094360e-02
1.250970071383434190e+00,1.081483997404575348e-02
1.251217277590347399e+00,1.077452953904867172e-02
1.251464060933195066e+00,1.071278471499681473e-02
1.251710422856185945e+00,1.066028047353029251e-02
1.251956364796143806e+00,1.062691211700439453e-02
1.252201888182555178e+00,1.055782288312911987e-02
1.252446994437621530e+00,1.050741132348775864e-02
1.252691684976307895e+00,1.047669257968664169e-02
1.252935961206391724e+00,1.040744502097368240e-02
1.253179824528511510e+00,1.037013716995716095e-02
1.253423276336215419e+00,1.030722167342901230e-02
1.253666318016008585e+00,1.026655361056327820e-02
1.253908950947400402e+00,1.021096576005220413e-02
1.254151176502952270e+00,1.016006153076887131e-02
1.254392996048323106e+00,1.013051997870206833e-02
1.254634410942316425e+00,1.006272528320550919e-02
1.254875422536925855e+00,1.002548076212406158e-02
1.255116032177380436e+00,9.967897087335586548e-03
1.255356241202189693e+00,9.921395219862461090e-03
1.255596050943188713e+00,9.877495467662811279e-03
1.255835462725581664e+00,9.823902510106563568e-03
1.256074477867986872e+00,9.785559028387069702e-03
1.256313097682478785e+00,9.731360711157321930e-03
1.256551323474633053e+00,9.687964804470539093e-03
1.256789156543567820e+00,9.640729986131191254e-03
1.257026598181987476e+00,9.590808302164077759e-03
1.257263649676223727e+00,9.564951062202453613e-03
1.257500312306277790e+00,9.499217383563518524e-03
1.257736587345863022e+00,9.461393579840660095e-03
1.257972476062443112e+00,9.409861639142036438e-03
1.258207979717276714e+00,9.364402852952480316e-03
1.258443099565454970e+00,9.329891763627529144e-03
1.258677836855942589e+00,9.274282492697238922e-03
1.258912192831618260e+00,9.245174936950206757e-03
1.259146168729312620e+00,9.186127223074436188e-03
1.259379765779849336e+00,9.150010533630847931e-03
1.259612985208082847e+00,9.099896065890789032e-03
1.259845828232936560e+00,9.057624265551567078e-03
1.260078296067441928e+00,9.017316624522209167e-03
1.260310389918775975e+00,8.968931622803211212e-03
1.260542110988298603e+00,8.937697857618331909e-03
1.260773460471590779e+00,8.883478119969367981e-03
1.261004439558490509e+00,8.849550038576126099e-03
1.261235049433130584e+00,8.798983879387378693e-03
1.261465291273973666e+00,8.759022690355777740e-03
1.261695166253850031e+00,8.720475248992443085e-03
1.261924675539992435e+00,8.672383613884449005e-03
1.262153820294071416e+00,8.641599677503108978e-03
1.262382601672231264e+00,8.590171113610267639e-03
1.262611020825124886e+00,8.549126796424388885e-03
1.262839078897948220e+00,8.518161252140998840e-03
1.263066777030474874e+00,8.466299623250961304e-03
1.263294116357090768e+00,8.425991982221603394e-03
1.263521098006826993e+00,8.402685634791851044e-03
1.263747723103393561e+00,8.345348760485649109e-03
1.263973992765214938e+00,8.322531357407569885e-03
1.264199908105460013e+00,8.265581913292407990e-03
1.264425470232076965e+00,8.228879421949386597e-03
1.264650680247825010e+00,8.191756904125213623e-03
1.264875539250307268e+00,8.148634806275367737e-03
1.265100048332003180e+00,8.119625970721244812e-03
1.265324208580299148e+00,8.070126175880432129e-03
1.265548021077520513e+00,8.044524118304252625e-03
1.265771486900963971e+00,7.993817329406738281e-03
1.265994607122928217e+00,7.962683215737342834e-03
1.266217382810743253e+00,7.919047959148883820e-03
1.266439815026803473e+00,7.883182726800441742e-03
1.266661904828596308e+00,7.845843210816383362e-03
1.266883653268733090e+00,7.805480621755123138e-03
1.267105061394978804e+00,7.775863632559776306e-03
1.267326130250282290e+00,7.730014622211456299e-03
1.267546860872804881e+00,7.697999477386474609e-03
1.267767254295949497e+00,7.659135386347770691e-03
1.267987311548391727e+00,7.619606796652078629e-03
1.268207033654106031e+00,7.594971917569637299e-03
1.268426421632395718e+00,7.547156885266304016e-03
1.268645476497920699e+00,7.516083307564258575e-03
1.268864199260726799e+00,7.477058097720146179e-03
1.269082590926272180e+00,7.439902983605861664e-03
1.269300652495456205e+00,7.412162609398365021e-03
1.269518384964646085e+00,7.368105929344892502e-03
1.269735789325705300e+00,7.342181168496608734e-03
1.269952866566019800e+00,7.298707496374845505e-03
1.270169617668524653e+00,7.265822961926460266e-03
1.270386043611732019e+00,7.233290467411279678e-03
1.270602145369756464e+00,7.194206118583679199e-03
1.270817923912341607e+00,7.168608717620372772e-03
1.271033380204887209e+00,7.125150877982378006e-03
1.271248515208473151e+00,7.094609551131725311e-03
1.271463329879886528e+00,7.060323376208543777e-03
1.271677825171647402e+00,7.022836245596408844e-03
1.271892002032032787e+00,7.002117577940225601e-03
1.272105861405103289e+00,6.956031545996665955e-03
1.272319404230726869e+00,6.929101422429084778e-03
1.272532631444604823e+00,6.890939082950353622e-03
1.272745543978294869e+00,6.857919041067361832e-03
1.272958142759237576e+00,6.830526515841484070e-03
1.273170428710778346e+00,6.791212130337953568e-03
1.273382402752193165e+00,6.769736297428607941e-03
1.273594065798711927e+00,6.726472172886133194e-03
1.273805418761541519e+00,6.697908043861389160e-03
1.274016462547890916e+00,6.665269844233989716e-03
1.274227198060993160e+00,6.631244439631700516e-03
1.274437626200128459e+00,6.606827955693006516e-03
1.274647747860648606e+00,6.567214615643024445e-03
1.274857563933998295e+00,6.543887313455343246e-03
1.275067075307738662e+00,6.505620200186967850e-03
1.275276282865570376e+00,6.475489586591720581e-03
1.275485187487354288e+00,6.447263993322849274e-03
1.275693790049134968e+00,6.411673501133918762e-03
1.275902091423162021e+00,6.389582529664039612e-03
1.276110092477913405e+00,6.350848823785781860e-03
1.276317794078114742e+00,6.324487272650003433e-03
1.276525197084763530e+00,6.291697733104228973e-03
1.276732302355148230e+00,6.260270718485116959e-03
1.276939110742870920e+00,6.237861700356006622e-03
1.277145623097868166e+00,6.199775729328393936e-03
1.277351840266432115e+00,6.173200905323028564e-03
1.277557763091230258e+00,6.143704988062381744e-03
1.277763392411327636e+00,6.111344788223505020e-03
1.277968729062206377e+00,6.090449169278144836e-03
1.278173773875786123e+00,6.052478682249784470e-03
1.278378527680444243e+00,6.029376294463872910e-03
1.278582991301037142e+00,5.995579063892364502e-03
1.278787165558917804e+00,5.965565331280231476e-03
1.278991051271957557e+00,5.950393620878458023e-03
1.279194649254565386e+00,5.908547900617122650e-03
1.279397960317706362e+00,5.881995894014835358e-03
1.279600985268922742e+00,5.855550058186054230e-03
1.279803724912351504e+00,5.823847372084856033e-03
1.280006180048745001e+00,5.805768072605133057e-03
1.280208351475488948e+00,5.768571514636278152e-03
1.280410239986620624e+00,5.740462336689233780e-03
1.280611846372850193e+00,5.726763047277927399e-03
1.280813171421576024e+00,5.685634445399045944e-03
1.281014215916905119e+00,5.665328819304704666e-03
1.281214980639671985e+00,5.632213316857814789e-03
1.281415466367454181e+00,5.609685089439153671e-03
1.281615673874592964e+00,5.578904412686824799e-03
1.281815603932210390e+00,5.552916321903467178e-03
1.282015257308227296e+00,5.527937784790992737e-03
1.282214634767379735e+00,5.498855374753475189e-03
1.282413737071238513e+00,5.477727390825748444e-03
1.282612564978225400e+00,5.445168819278478622e-03
1.282811119243630893e+00,5.424203351140022278e-03
1.283009400619631313e+00,5.394265986979007721e-03
1.283207409855305459e+00,5.367417819797992706e-03
1.283405147696652815e+00,5.350851453840732574e-03
1.283602614886609095e+00,5.315782502293586731e-03
1.283799812165063337e+00,5.297009367495775223e-03
1.283996740268875225e+00,5.265932530164718628e-03
1.284193399931891078e+00,5.243143532425165176e-03
1.284389791884960053e+00,5.217247176915407181e-03
1.284585916855950805e+00,5.191088188439607620e-03
1.284781775569767026e+00,5.170056596398353577e-03
1.284977368748365212e+00,5.140722729265689850e-03
1.285172697110768425e+00,5.123009439557790756e-03
1.285367761373083395e+00,5.091206170618534088e-03
1.285562562248516727e+00,5.070640239864587784e-03
1.285757100447388890e+00,5.044575314968824387e-03
1.285951376677151314e+00,5.019521340727806091e-03
1.286145391642401270e+00,4.999511409550905228e-03
1.286339146044897186e+00,4.971384536474943161e-03
1.286532640583573306e+00,4.952055402100086212e-03
1.286725875954556786e+00,4.924101755023002625e-03
1.286918852851179906e+00,4.901441745460033417e-03
1.287111571963996948e+00,4.880341235548257828e-03
1.287304033980798623e+00,4.852513782680034637e-03
1.287496239586626512e+00,4.833186045289039612e-03
1.287688189463788380e+00,4.807759542018175125e-03
1.287879884291871058e+00,4.783086478710174561e-03
1.288071324747757096e+00,4.768444690853357315e-03
1.288262511505637420e+00,4.737295210361480713e-03
1.288453445237026873e+00,4.720488563179969788e-03
1.288644126610776652e+00,4.692856688052415848e-03
1.288834556293090072e+00,4.671742673963308334e-03
1.289024734947535888e+00,4.650259856134653091e-03
1.289214663235061620e+00,4.625926259905099869e-03
1.289404341814007982e+00,4.608241841197013855e-03
1.289593771340123318e+00,4.581810440868139267e-03
1.289782952466574706e+00,4.563887137919664383e-03
1.289971885843964605e+00,4.537995904684066772e-03
1.290160572120341742e+00,4.517162218689918518e-03
1.290349011941215984e+00,4.497670568525791168e-03
1.290537205949570998e+00,4.472651518881320953e-03
1.290725154785877127e+00,4.456054419279098511e-03
1.290912859088105380e+00,4.430152010172605515e-03
1.291100319491739645e+00,4.409048240631818771e-03
1.291287536629789789e+00,4.392144735902547836e-03
1.291474511132804315e+00,4.365874454379081726e-03
1.291661243628883682e+00,4.348518792539834976e-03
1.291847734743692300e+00,4.325421061366796494e-03
1.292033985100471183e+00,4.305576439946889877e-03
1.292219995320051940e+00,4.285833798348903656e-03
1.292405766020866098e+00,4.262980073690414429e-03
1.292591297818960649e+00,4.246579483151435852e-03
1.292776591328008040e+00,4.222352523356676102e-03
1.292961647159319938e+00,4.206300247460603714e-03
1.293146465921857891e+00,4.181590396910905838e-03
1.293331048222246871e+00,4.162398166954517365e-03
1.293515394664785267e+00,4.144696053117513657e-03
1.293699505851459541e+00,4.121466074138879776e-03
1.293883382381952885e+00,4.107496701180934906e-03
1.294067024853659653e+00,4.082003142684698105e-03
1.294250433861694694e+00,4.063212312757968903e-03
1.294433609998906887e+00,4.046529065817594528e-03
1.294616553855889585e+00,4.023891873657703400e-03
1.294799266020991713e+00,4.009148571640253067e-03
1.294981747080330203e+00,3.984983544796705246e-03
1.295163997617800877e+00,3.971070051193237305e-03
1.295346018215089101e+00,3.947479650378227234e-03
1.295527809451681778e+00,3.931959625333547592e-03
1.295709371904876894e+00,3.910112660378217697e-03
1.295890706149796845e+00,3.892641048878431320e-03
1.296071812759397757e+00,3.873432753607630730e-03
1.296252692304480147e+00,3.853664267808198929e-03
1.296433345353701139e+00,3.839813405647873878e-03
1.296613772473583559e+00,3.816500771790742874e-03
1.296793974228527491e+00,3.800269681960344315e-03
1.296973951180821594e+00,3.781336126849055290e-03
1.297153703890651544e+00,3.761727362871170044e-03
1.297333232916112467e+00,3.749508643522858620e-03
1.297512538813218486e+00,3.725741058588027954e-03
1.297691622135913159e+00,3.712089499458670616e-03
1.297870483436079470e+00,3.690729849040508270e-03
1.298049123263550930e+00,3.674996085464954376e-03
1.298227542166120241e+00,3.656311659142374992e-03
1.298405740689550836e+00,3.638239577412605286e-03
1.298583719377586654e+00,3.623078810051083565e-03
1.298761478771960576e+00,3.602388780564069748e-03
1.298939019412406637e+00,3.588617546483874321e-03
1.299116341836668020e+00,3.568756859749555588e-03
1.299293446580508160e+00,3.551702015101909637e-03
1.299470334177718511e+00,3.537058830261230469e-03
1.299647005160131208e+00,3.516572061926126480e-03
1.299823460057625502e+00,3.503737505525350571e-03
1.299999699398139974e+00,3.483640495687723160e-03
1.300175723707679420e+00,3.467705100774765015e-03
1.300351533510326618e+00,3.452183911576867104e-03
1.300527129328250764e+00,3.432994009926915169e-03
1.300702511681716134e+00,3.422198351472616196e-03
1.300877681089092075e+00,3.399980952963232994e-03
1.301052638066862555e+00,3.383600851520895958e-03
1.301227383129633708e+00,3.374682506546378136e-03
1.301401916790145386e+00,3.351324005052447319e-03
1.301576239559277592e+00,3.341318340972065926e-03
1.301750351946061368e+00,3.319126786664128304e-03
1.301924254457686558e+00,3.302990924566984177e-03
1.302097947599511363e+00,3.291243687272071838e-03
1.302271431875070773e+00,3.271812805905938148e-03
1.302444707786085898e+00,3.255568677559494972e-03
1.302617775832471514e+00,3.247420769184827805e-03
1.302790636512345834e+00,3.224534448236227036e-03
1.302963290322038503e+00,3.215262433513998985e-03
1.303135737756100143e+00,3.193688811734318733e-03
1.303307979307308573e+00,3.178755519911646843e-03
1.303480015466680131e+00,3.166421782225370407e-03
1.303651846723475893e+00,3.147949930280447006e-03
1.303823473565211000e+00,3.139329142868518829e-03
1.303994896477663534e+00,3.117658896371722221e-03
1.304166115944880744e+00,3.105861600488424301e-03
1.304337132449189030e+00,3.088423283770680428e-03
1.304507946471202384e+00,3.075069515034556389e-03
1.304678558489828166e+00,3.059719456359744072e-03
1.304848968982277757e+00,3.044806420803070068e-03
1.305019178424073223e+00,3.030929015949368477e-03
1.305189187289055530e+00,3.014921443536877632e-03
1.305358996049392761e+00,3.003598656505346298e-03
1.305528605175586776e+00,2.985804574564099312e-03
1.305698015136483647e+00,2.975419629365205765e-03
1.305867226399277436e+00,2.957287477329373360e-03
1.306036239429522405e+00,2.944082953035831451e-03
1.306205054691137457e+00,2.930970629677176476e-03
1.306373672646415018e+00,2.915447577834129333e-03
1.306542093756028144e+00,2.903596498072147369e-03
1.306710318479038957e+00,2.887300681322813034e-03
1.306878347272905083e+00,2.875776728615164757e-03
1.307046180593488538e+00,2.859966130927205086e-03
1.307213818895060831e+00,2.846887102350592613e-03
1.307381262630313179e+00,2.833834383636713028e-03
1.307548512250361394e+00,2.818596549332141876e-03
1.307715568204754319e+00,2.807779936119914055e-03
1.307882430941481156e+00,2.791364910081028938e-03
1.308049100906978568e+00,2.779641654342412949e-03
1.308215578546137792e+00,2.765867626294493675e-03
1.308381864302311293e+00,2.751583699136972427e-03
1.308547958617320761e+00,2.741066738963127136e-03
1.308713861931463107e+00,2.724953694269061089e-03
1.308879574683518454e+00,2.712907735258340836e-03
1.309045097310756578e+00,2.700629178434610367e-03
1.309210430248943791e+00,2.685863524675369263e-03
1.309375573932350267e+00,2.676995703950524330e-03
1.309540528793756042e+00,2.660143189132213593e-03
1.309705295264458780e+00,2.648596884682774544e-03
1.309869873774280213e+00,2.636455465108156204e-03
1.310034264751572364e+00,2.622439293190836906e-03
1.310198468623224644e+00,2.612154232338070869e-03
1.310362485814670963e+00,2.596906153485178947e-03
1.310526316749895281e+00,2.585711190477013588e-03
1.310689961851439378e+00,2.573526930063962936e-03
1.310853421540408181e+00,2.559561980888247490e-03
1.311016696236477763e+00,2.551031764596700668e-03
1.311179786357899557e+00,2.535111038014292717e-03
1.311342692321509462e+00,2.524677896872162819e-03
1.311505414542732284e+00,2.511634025722742081e-03
1.311667953435588840e+00,2.498802030459046364e-03
1.311830309412702400e+00,2.490021055564284325e-03
1.311992482885304234e+00,2.474765293300151825e-03
1.312154474263240722e+00,2.464634366333484650e-03
1.312316283954979346e+00,2.451936714351177216e-03
1.312477912367614463e+00,2.439064672216773033e-03
1.312639359906873970e+00,2.431561937555670738e-03
1.312800626977125074e+00,2.415887312963604927e-03
1.312961713981379841e+00,2.405283739790320396e-03
1.313122621321302974e+00,2.394079929217696190e-03
1.313283349397216249e+00,2.380963647738099098e-03
1.313443898608104510e+00,2.371527254581451416e-03
1.313604269351623000e+00,2.358753234148025513e-03
1.313764462024101354e+00,2.346756402403116226e-03
1.313924477020550929e+00,2.340671140700578690e-03
1.314084314734670356e+00,2.324357628822326660e-03
1.314243975558850863e+00,2.316978061571717262e-03
1.314403459884182057e+00,2.302218228578567505e-03
1.314562768100458579e+00,2.293136436492204666e-03
1.314721900596185433e+00,2.280559623613953590e-03
1.314880857758582211e+00,2.270380966365337372e-03
1.315039639973591301e+00,2.259353874251246452e-03
1.315198247625881445e+00,2.248294185847043991e-03
1.315356681098854175e+00,2.238143701106309891e-03
1.315514940774650032e+00,2.225918229669332504e-03
1.315673027034151898e+00,2.218005713075399399e-03
1.315830940256992987e+00,2.204646589234471321e-03
1.315988680821561507e+00,2.194062573835253716e-03
1.316146249105005106e+00,2.186371246352791786e-03
1.316303645483237084e+00,2.172645879909396172e-03
1.316460870330942168e+00,2.164784818887710571e-03
1.316617924021581176e+00,2.152282977476716042e-03
1.316774806927397012e+00,2.141984878107905388e-03
1.316931519419418661e+00,2.133167348802089691e-03
1.317088061867468074e+00,2.121345838531851768e-03
1.317244434640164608e+00,2.113165333867073059e-03
1.317400638104929689e+00,2.100464887917041779e-03
1.317556672627993253e+00,2.091530244797468185e-03
1.317712538574397962e+00,2.081381389871239662e-03
1.317868236308004537e+00,2.071063499897718430e-03
1.318023766191497081e+00,2.061982173472642899e-03
1.318179128586388194e+00,2.051002113148570061e-03
1.318334323853022738e+00,2.042955486103892326e-03
1.318489352350585175e+00,2.030982868745923042e-03
1.318644214437103113e+00,2.024352084845304489e-03
1.318798910469451746e+00,2.011714270338416100e-03
1.318953440803359856e+00,2.003627130761742592e-03
1.319107805793414689e+00,1.992892939597368240e-03
1.319262005793065962e+00,1.983788330107927322e-03
1.319416041154632069e+00,1.974196638911962509e-03
1.319569912229302533e+00,1.964374212548136711e-03
1.319723619367146661e+00,1.956101972609758377e-03
1.319877162917113766e+00,1.945216092281043530e-03
1.320030543227042052e+00,1.937378314323723316e-03
1.320183760643659943e+00,1.926627825014293194e-03
1.320336815512593631e+00,1.917973044328391552e-03
1.320489708178369748e+00,1.909070881083607674e-03
1.320642438984420464e+00,1.898849382996559143e-03
1.320795008273089488e+00,1.891942578367888927e-03
1.320947416385634288e+00,1.880556810647249222e-03
1.321099663662232748e+00,1.873015193268656731e-03
1.321251750441986728e+00,1.863055513240396976e-03
1.321403677062926718e+00,1.853558700531721115e-03
1.321555443862016288e+00,1.846961211413145065e-03
1.321707051175156966e+00,1.835917588323354721e-03
1.321858499337192461e+00,1.828890526667237282e-03
1.322009788681912879e+00,1.818251796066761017e-03
1.322160919542059165e+00,1.809754758141934872e-03
1.322311892249328213e+00,1.802179496735334396e-03
1.322462707134375970e+00,1.791785587556660175e-03
1.322613364526823210e+00,1.784107880666851997e-03
1.322763864755258645e+00,1.775635872036218643e-03
1.322914208147244031e+00,1.766697503626346588e-03
1.323064395029317941e+00,1.759166829288005829e-03
1.323214425726999988e+00,1.749538932926952839e-03
1.323364300564795926e+00,1.742555759847164154e-03
1.323514019866200320e+00,1.732575590722262859e-03
1.323663583953702760e+00,1.725671347230672836e-03
1.323812993148789863e+00,1.716514932923018932e-03
1.323962247771951262e+00,1.708778319880366325e-03
1.324111348142682054e+00,1.700215158052742481e-03
1.324260294579488573e+00,1.691646291874349117e-03
1.324409087399891272e+00,1.684692339040338993e-03
1.324557726920429612e+00,1.675263745710253716e-03
1.324706213456664949e+00,1.668088836595416069e-03
1.324854547323185860e+00,1.659676549024879932e-03
1.325002728833611476e+00,1.651879283599555492e-03
1.325150758300595699e+00,1.643880386836826801e-03
1.325298636035830091e+00,1.635416992940008640e-03
1.325446362350050089e+00,1.628249301575124264e-03
1.325593937553036339e+00,1.620332477614283562e-03
1.325741361953621134e+00,1.611914834938943386e-03
1.325888635859689302e+00,1.604983815923333168e-03
1.326035759578185536e+00,1.597015769220888615e-03
1.326182733415115056e+00,1.588663784787058830e-03
1.326329557675549387e+00,1.582666300237178802e-03
1.326476232663629684e+00,1.573342713527381420e-03
1.326622758682570291e+00,1.565804239362478256e-03
1.326769136034662067e+00,1.560079515911638737e-03
1.326915365021277493e+00,1.550440094433724880e-03
1.327061445942873563e+00,1.545329811051487923e-03
1.327207379098994666e+00,1.535735325887799263e-03
1.327353164788278139e+00,1.529172295704483986e-03
1.327498803308456043e+00,1.521677593700587749e-03
1.327644294956360493e+00,1.513660186901688576e-03
1.327789640027925211e+00,1.508429879322648048e-03
1.327934838818192187e+00,1.499007805250585079e-03
1.328079891621312125e+00,1.493897987529635429e-03
1.328224798730549328e+00,1.484679058194160461e-03
1.328369560438286356e+00,1.477624056860804558e-03
1.328514177036025590e+00,1.472300617024302483e-03
1.328658648814394327e+00,1.463296241126954556e-03
1.328802976063146568e+00,1.457404112443327904e-03
1.328947159071168782e+00,1.449957955628633499e-03
1.329091198126481910e+00,1.442857668735086918e-03
1.329235093516244248e+00,1.436215592548251152e-03
1.329378845526756781e+00,1.428731367923319340e-03
1.329522454443464730e+00,1.422931789420545101e-03
1.329665920550962221e+00,1.414960017427802086e-03
1.329809244132994950e+00,1.409116084687411785e-03
1.329952425472463950e+00,1.401572139002382755e-03
1.330095464851428266e+00,1.394798397086560726e-03
1.330238362551110054e+00,1.388976816087961197e-03
1.330381118851895250e+00,1.381499459967017174e-03
1.330523734033339345e+00,1.375749125145375729e-03
1.330666208374168491e+00,1.367815420962870121e-03
1.330808542152285057e+00,1.361375674605369568e-03
1.330950735644769178e+00,1.356256660073995590e-03
1.331092789127881870e+00,1.348067191429436207e-03
1.331234702877070353e+00,1.343309762887656689e-03
1.331376477166968719e+00,1.335504930466413498e-03
1.331518112271402154e+00,1.329789170995354652e-03
1.331659608463390709e+00,1.322885393165051937e-03
1.331800966015151744e+00,1.316300709731876850e-03
1.331942185198102813e+00,1.310938852839171886e-03
1.332083266282866107e+00,1.303502125665545464e-03
1.332224209539269566e+00,1.298657152801752090e-03
1.332365015236351979e+00,1.291056047193706036e-03
1.332505683642364769e+00,1.285356120206415653e-03
1.332646215024775538e+00,1.279195654205977917e-03
1.332786609650270959e+00,1.272309804335236549e-03
1.332926867784759661e+00,1.267987070605158806e-03
1.333066989693376003e+00,1.260212273336946964e-03
1.333206975640482517e+00,1.254856237210333347e-03
1.333346825889672571e+00,1.248554443009197712e-03
1.333486540703773482e+00,1.242027035914361477e-03
1.333626120344850507e+00,1.237606862559914589e-03
1.333765565074208848e+00,1.229999121278524399e-03
1.333904875152396086e+00,1.224677078425884247e-03
1.334044050839206408e+00,1.218722900375723839e-03
1.334183092393682601e+00,1.212313771247863770e-03
1.334322000074118941e+00,1.208216068334877491e-03
1.334460774138064965e+00,1.200895290821790695e-03
1.334599414842327025e+00,1.195930875837802887e-03
1.334737922442972513e+00,1.189689384773373604e-03
1.334876297195331407e+00,1.184332999400794506e-03
1.335014539354000274e+00,1.178216305561363697e-03
1.335152649172843820e+00,1.172256423160433769e-03
1.335290626904998890e+00,1.167833455838263035e-03
1.335428472802876465e+00,1.160978805273771286e-03
1.335566187118164994e+00,1.156343962065875530e-03
1.335703770101832610e+00,1.149918301962316036e-03
1.335841222004130024e+00,1.144111738540232182e-03
1.335978543074593627e+00,1.140371081419289112e-03
1.336115733562047936e+00,1.133237848989665508e-03
1.336252793714607590e+00,1.128578791394829750e-03
1.336389723779682237e+00,1.122745918110013008e-03
1.336526524003975869e+00,1.117171603254973888e-03
1.336663194633493257e+00,1.112488447688519955e-03
1.336799735913538845e+00,1.106119947507977486e-03
1.336936148088722742e+00,1.101869158446788788e-03
1.337072431402960948e+00,1.095871441066265106e-03
1.337208586099479346e+00,1.090280362404882908e-03
1.337344612420815260e+00,1.086402917280793190e-03
1.337480510608821671e+00,1.079867477528750896e-03
1.337616280904667443e+00,1.075412379577755928e-03
1.337751923548842203e+00,1.069633988663554192e-03
1.337887438781157456e+00,1.064209383912384510e-03
1.338022826840749469e+00,1.060620881617069244e-03
1.338158087966082377e+00,1.054192893207073212e-03
1.338293222394949744e+00,1.049660611897706985e-03
1.338428230364477445e+00,1.044422271661460400e-03
1.338563112111126996e+00,1.039320020936429501e-03
1.338697867870696223e+00,1.034616143442690372e-03
1.338832497878324368e+00,1.029475242830812931e-03
1.338967002368491199e+00,1.024399185553193092e-03
1.339101381575022343e+00,1.019558636471629143e-03
1.339235635731090834e+00,1.014305627904832363e-03
1.339369765069218676e+00,1.009594881907105446e-03
1.339503769821280388e+00,1.005409169010818005e-03
1.339637650218504561e+00,9.995660511776804924e-04
1.339771406491476746e+00,9.953101398423314095e-04
1.339905038870142562e+00,9.905322222039103508e-04
1.340038547583808137e+00,9.851773502305150032e-04
1.340171932861143889e+00,9.818824473768472672e-04
1.340305194930186738e+00,9.757353691384196281e-04
1.340438334018342781e+00,9.716150816529989243e-04
1.340571350352387503e+00,9.668393759056925774e-04
1.340704244158471559e+00,9.617429459467530251e-04
1.340837015662120324e+00,9.586757514625787735e-04
1.340969665088237006e+00,9.525197674520313740e-04
1.341102192661105308e+00,9.489776566624641418e-04
1.341234598604391204e+00,9.435195825062692165e-04
1.341366883141145383e+00,9.393138461746275425e-04
1.341499046493805913e+00,9.347642771899700165e-04
1.341631088884200018e+00,9.298606892116367817e-04
1.341763010533545852e+00,9.264693944714963436e-04
1.341894811662455389e+00,9.208919364027678967e-04
1.342026492490937750e+00,9.170111152343451977e-04
1.342158053238398319e+00,9.123414056375622749e-04
1.342289494123643845e+00,9.075357229448854923e-04
1.342420815364883779e+00,9.049426880665123463e-04
1.342552017179731383e+00,8.988187764771282673e-04
1.342683099785207501e+00,8.954242221079766750e-04
1.342814063397741453e+00,8.903259877115488052e-04
1.342944908233174139e+00,8.858173387125134468e-04
1.343075634506759819e+00,8.835921762511134148e-04
1.343206242433166997e+00,8.773797890171408653e-04
1.343336732226483088e+00,8.740207413211464882e-04
1.343467104100214637e+00,8.691050461493432522e-04
1.343597358267289099e+00,8.650936069898307323e-04
1.343727494940059275e+00,8.613116806373000145e-04
1.343857514330302649e+00,8.569037890993058681e-04
1.343987416649224498e+00,8.529979386366903782e-04
1.344117202107461662e+00,8.485223515890538692e-04
1.344246870915080772e+00,8.450908353552222252e-04
1.344376423281584243e+00,8.403597748838365078e-04
1.344505859415909832e+00,8.369344286620616913e-04
1.344635179526433966e+00,8.323299116455018520e-04
1.344764383820972853e+00,8.284448413178324699e-04
1.344893472506784704e+00,8.246232755482196808e-04
1.345022445790572174e+00,8.202618337236344814e-04
1.345151303878484361e+00,8.170006331056356430e-04
1.345280046976117694e+00,8.124960004352033138e-04
1.345408675288519040e+00,8.087883470579981804e-04
1.345537189020187263e+00,8.050489122979342937e-04
1.345665588375075883e+00,8.008276927284896374e-04
1.345793873556593301e+00,7.975793560035526752e-04
1.345922044767605907e+00,7.931157597340643406e-04
1.346050102210440969e+00,7.891720742918550968e-04
1.346178046086886404e+00,7.864561048336327076e-04
1.346305876598193674e+00,7.816107245162129402e-04
1.346433593945080665e+00,7.783525506965816021e-04
1.346561198327732134e+00,7.744359318166971207e-04
1.346688689945801487e+00,7.703321170993149281e-04
1.346816068998414551e+00,7.675163797102868557e-04
1.346943335684169574e+00,7.630937616340816021e-04
1.347070490201139448e+00,7.594657945446670055e-04
1.347197532746873927e+00,7.563535473309457302e-04
1.347324463518401627e+00,7.521875086240470409e-04
1.347451282712231357e+00,7.486662943847477436e-04
1.347577990524354119e+00,7.451911224052309990e-04
1.347704587150245326e+00,7.413299172185361385e-04
1.347831072784865469e+00,7.384622585959732533e-04
1.347957447622663896e+00,7.342612370848655701e-04
1.348083711857577915e+00,7.307471823878586292e-04
1.348209865683037245e+00,7.276525720953941345e-04
1.348335909291964896e+00,7.236971287056803703e-04
1.348461842876776950e+00,7.205996080301702023e-04
1.348587666629387671e+00,7.168982992880046368e-04
1.348713380741209056e+00,7.133951294235885143e-04
1.348838985403153057e+00,7.103935349732637405e-04
1.348964480805634025e+00,7.064506062306463718e-04
1.349089867138568710e+00,7.032887078821659088e-04
1.349215144591380255e+00,6.998967146500945091e-04
1.349340313352998200e+00,6.963164196349680424e-04
1.349465373611860475e+00,6.934009143151342869e-04
1.349590325555916293e+00,6.897207349538803101e-04
1.349715169372625923e+00,6.864616298116743565e-04
1.349839905248964467e+00,6.833663792349398136e-04
1.349964533371421416e+00,6.798710674047470093e-04
1.350089053926003979e+00,6.766674923710525036e-04
1.350213467098238196e+00,6.734229973517358303e-04
1.350337773073170045e+00,6.703119142912328243e-04
1.350461972035368108e+00,6.667734123766422272e-04
1.350586064168924683e+00,6.636930047534406185e-04
1.350710049657456890e+00,6.607365212403237820e-04
1.350833928684109564e+00,6.570995319634675980e-04
1.350957701431555691e+00,6.547313532792031765e-04
1.351081368081998635e+00,6.508690421469509602e-04
1.351204928817173689e+00,6.480054580606520176e-04
1.351328383818349410e+00,6.448469939641654491e-04
1.351451733266329613e+00,6.414542440325021744e-04
1.351574977341454709e+00,6.390202324837446213e-04
1.351698116223603252e+00,6.353515200316905975e-04
1.351821150092193502e+00,6.325934082269668579e-04
1.351944079126185416e+00,6.294137565419077873e-04
1.352066903504081541e+00,6.260798545554280281e-04
1.352189623403929009e+00,6.240818183869123459e-04
1.352312239003321093e+00,6.201164214871823788e-04
1.352434750479398096e+00,6.175118032842874527e-04
1.352557158008850680e+00,6.144970539025962353e-04
1.352679461767918978e+00,6.113493000157177448e-04
1.352801661932395261e+00,6.087930523790419102e-04
1.352923758677626376e+00,6.055925041437149048e-04
1.353045752178513528e+00,6.030285730957984924e-04
1.353167642609515164e+00,5.997287225909531116e-04
1.353289430144647643e+00,5.969742196612060070e-04
1.353411114957486561e+00,5.941920098848640919e-04
1.353532697221170089e+00,5.911688203923404217e-04
1.353654177108396750e+00,5.885546561330556870e-04
1.353775554791431857e+00,5.854033515788614750e-04
1.353896830442104182e+00,5.829231231473386288e-04
1.354018004231810401e+00,5.798692000098526478e-04
1.354139076331515756e+00,5.772875156253576279e-04
1.354260046911754944e+00,5.744863301515579224e-04
1.354380916142634783e+00,5.715570296160876751e-04
1.354501684193834210e+00,5.687245284207165241e-04
1.354622351234606503e+00,5.664932541549205780e-04
1.354742917433781058e+00,5.633837427012622356e-04
1.354863382959763607e+00,5.606504273600876331e-04
1.354983747980539333e+00,5.584354512393474579e-04
1.355104012663672641e+00,5.552053917199373245e-04
1.355224177176309164e+00,5.527799366973340511e-04
1.355344241685177531e+00,5.501126870512962341e-04
1.355464206356590928e+00,5.472483462654054165e-04
1.355584071356446429e+00,5.448837182484567165e-04
1.355703836850229660e+00,5.421943496912717819e-04
1.355823503003013908e+00,5.393367609940469265e-04
1.355943069979461457e+00,5.371813895180821419e-04
1.356062537943826030e+00,5.343420780263841152e-04
1.356181907059953673e+00,5.316956085152924061e-04
1.356301177491283871e+00,5.295595619827508926e-04
1.356420349400851322e+00,5.266495281830430031e-04
1.356539422951286822e+00,5.243833293206989765e-04
1.356658398304818824e+00,5.216051940806210041e-04
1.356777275623274770e+00,5.191862001083791256e-04
1.356896055068082863e+00,5.167715135030448437e-04
1.357014736800272070e+00,5.141172441653907299e-04
1.357133320980474567e+00,5.118242115713655949e-04
1.357251807768927288e+00,5.091972998343408108e-04
1.357370197325472150e+00,5.067649763077497482e-04
1.357488489809558274e+00,5.045897560194134712e-04
1.357606685380242206e+00,5.016936920583248138e-04
1.357724784196190360e+00,4.992252215743064880e-04
1.357842786415679903e+00,4.980625817552208900e-04
1.357960692196600094e+00,4.944782122038304806e-04
1.358078501696452722e+00,4.920587525703012943e-04
1.358196215072354329e+00,4.899416817352175713e-04
1.358313832481037986e+00,4.875218728557229042e-04
1.358431354078852404e+00,4.850241530220955610e-04
1.358548780021765268e+00,4.827316151931881905e-04
1.358666110465363674e+00,4.809274978470057249e-04
1.358783345564855471e+00,4.780551826115697622e-04
1.358900485475070363e+00,4.770998784806579351e-04
1.359017530350460801e+00,4.734778194688260555e-04
1.359134480345104867e+00,4.716338880825787783e-04
1.359251335612704725e+00,4.690165515057742596e-04
1.359368096306589946e+00,4.671369097195565701e-04
1.359484762579718620e+00,4.645866865757852793e-04
1.359601334584677579e+00,4.624767170753329992e-04
1.359717812473683951e+00,4.602347325999289751e-04
1.359834196398586714e+00,4.579684173222631216e-04
1.359950486510867806e+00,4.560475645121186972e-04
1.360066682961642792e+00,4.536446067504584789e-04
1.360182785901662195e+00,4.516301851253956556e-04
1.360298795481313938e+00,4.492583102546632290e-04
1.360414711850622460e+00,4.471826832741498947e-04
1.360530535159250931e+00,4.450248670764267445e-04
1.360646265556502588e+00,4.428642569109797478e-04
1.360761903191321842e+00,4.407180531416088343e-04
1.360877448212295171e+00,4.387822118587791920e-04
1.360992900767651781e+00,4.363334446679800749e-04
1.361108261005265829e+00,4.346318601164966822e-04
1.361223529072657090e+00,4.322816675994545221e-04
1.361338705116991621e+00,4.302856395952403545e-04
1.361453789285083760e+00,4.282348963897675276e-04
1.361568781723396349e+00,4.259715788066387177e-04
1.361683682578042287e+00,4.243493021931499243e-04
1.361798491994786309e+00,4.218963440507650375e-04
1.361913210119044315e+00,4.199852701276540756e-04
1.362027837095886929e+00,4.181731201242655516e-04
1.362142373070038159e+00,4.158563097007572651e-04
1.362256818185878293e+00,4.143912228755652905e-04
1.362371172587443446e+00,4.118834331165999174e-04
1.362485436418428453e+00,4.100324003957211971e-04
1.362599609822186419e+00,4.081341612618416548e-04
1.362713692941730503e+00,4.060203500557690859e-04
1.362827685919735465e+00,4.042681539431214333e-04
1.362941588898536560e+00,4.021305066999047995e-04
1.363055402020133977e+00,4.004184738732874393e-04
1.363169125426191064e+00,3.982728812843561172e-04
1.363282759258036547e+00,3.966029325965791941e-04
1.363396303656665864e+00,3.944993659388273954e-04
1.363509758762741386e+00,3.925945784430950880e-04
1.363623124716593971e+00,3.909812658093869686e-04
1.363736401658224073e+00,3.889036888722330332e-04
1.363849589727302636e+00,3.871591179631650448e-04
1.363962689063171974e+00,3.850419889204204082e-04
1.364075699804846664e+00,3.834683739114552736e-04
1.364188622091015768e+00,3.814562223851680756e-04
1.364301456060041717e+00,3.795492229983210564e-04
1.364414201849964092e+00,3.780953702516853809e-04
1.364526859598497399e+00,3.759274259209632874e-04
1.364639429443034846e+00,3.743628039956092834e-04
1.364751911520648120e+00,3.723753034137189388e-04
1.364864305968088720e+00,3.705078852362930775e-04
1.364976612921787957e+00,3.691286256071180105e-04
1.365088832517859618e+00,3.668971476145088673e-04
1.365200964892099744e+00,3.655601467471569777e-04
1.365313010179987963e+00,3.634456952568143606e-04
1.365424968516689042e+00,3.618109331000596285e-04
1.365536840037052224e+00,3.600929630920290947e-04
1.365648624875614114e+00,3.582073259167373180e-04
1.365760323166599122e+00,3.568950924091041088e-04
1.365871935043919017e+00,3.547492378856986761e-04
1.365983460641176039e+00,3.533317067194730043e-04
1.366094900091662234e+00,3.514777927193790674e-04
1.366206253528361447e+00,3.496442222967743874e-04
1.366317521083949327e+00,3.484677290543913841e-04
1.366428702890795543e+00,3.463603206910192966e-04
1.366539799080962680e+00,3.448946226853877306e-04
1.366650809786210008e+00,3.431160585023462772e-04
1.366761735137991707e+00,3.413865633774548769e-04
1.366872575267459533e+00,3.400772402528673410e-04
1.366983330305463040e+00,3.380970738362520933e-04
1.367094000382550911e+00,3.364803560543805361e-04
1.367204585628970959e+00,3.351441118866205215e-04
1.367315086174672567e+00,3.333705244585871696e-04
1.367425502149306027e+00,3.319956595078110695e-04
1.367535833682224755e+00,3.301847900729626417e-04
1.367646080902485073e+00,3.287540457677096128e-04
1.367756243938847760e+00,3.270125307608395815e-04
1.367866322919779609e+00,3.254655748605728149e-04
1.367976317973452538e+00,3.240196674596518278e-04
1.368086229227746253e+00,3.222281229682266712e-04
1.368196056810247807e+00,3.209804708603769541e-04
1.368305800848253817e+00,3.191906725987792015e-04
1.368415461468769800e+00,3.177848411723971367e-04
1.368525038798512616e+00,3.162157954648137093e-04
1.368634532963910466e+00,3.145896480418741703e-04
1.368743944091103115e+00,3.134845464956015348e-04
1.368853272305945001e+00,3.115622384939342737e-04
1.368962517734003015e+00,3.103743365500122309e-04
1.369071680500560273e+00,3.086243523284792900e-04
1.369180760730615232e+00,3.072975960094481707e-04
1.369289758548883018e+00,3.057616995647549629e-04
1.369398674079796763e+00,3.041850577574223280e-04
1.369507507447506933e+00,3.030281804967671633e-04
1.369616258775884221e+00,3.012511006090790033e-04
1.369724928188519097e+00,3.000449505634605885e-04
1.369833515808722924e+00,2.984080056194216013e-04
1.369942021759529061e+00,2.969682973343878984e-04
1.370050446163692870e+00,2.957410761155188084e-04
1.370158789143693934e+00,2.940601843874901533e-04
1.370267050821735388e+00,2.930875634774565697e-04
1.370375231319745923e+00,2.912713098339736462e-04
1.370483330759380225e+00,2.899580285884439945e-04
1.370591349262019421e+00,2.886418078560382128e-04
1.370699286948772189e+00,2.872137119993567467e-04
1.370807143940475870e+00,2.858529624063521624e-04
1.370914920357696687e+00,2.843071997631341219e-04
1.371022616320730858e+00,2.833952894434332848e-04
1.371130231949605705e+00,2.816173073370009661e-04
1.371237767364080318e+00,2.805076073855161667e-04
1.371345222683645337e+00,2.789753489196300507e-04
1.371452598027525172e+00,2.777683548629283905e-04
1.371559893514678441e+00,2.763692464213818312e-04
1.371667109263798201e+00,2.751284628175199032e-04
1.371774245393312830e+00,2.737310423981398344e-04
1.371881302021388027e+00,2.723828365560621023e-04
1.371988279265925259e+00,2.712256973609328270e-04
1.372095177244565090e+00,2.697030140552669764e-04
1.372201996074686070e+00,2.684555365703999996e-04
1.372308735873406738e+00,2.673287235666066408e-04
1.372415396757585615e+00,2.658668672665953636e-04
1.372521978843821877e+00,2.648582740221172571e-04
1.372628482248457127e+00,2.632901014294475317e-04
1.372734907087575174e+00,2.623577893245965242e-04
1.372841253477002921e+00,2.607920905575156212e-04
1.372947521532311699e+00,2.596994163468480110e-04
1.373053711368817265e+00,2.583724563010036945e-04
1.373159823101581356e+00,2.571464574430137873e-04
1.373265856845411914e+00,2.559665881562978029e-04
1.373371812714863305e+00,2.546320320107042789e-04
1.373477690824238540e+00,2.535772509872913361e-04
1.373583491287588609e+00,2.521844580769538879e-04
1.373689214218714261e+00,2.511497004888951778e-04
1.373794859731165330e+00,2.497591776773333549e-04
1.373900427938243629e+00,2.486376615706831217e-04
1.374005918953001615e+00,2.474634966347366571e-04
1.374111332888243719e+00,2.461464318912476301e-04
1.374216669856528128e+00,2.452172921039164066e-04
1.374321929970165668e+00,2.438363299006596208e-04
1.374427113341222917e+00,2.426356659270823002e-04
1.374532220081519540e+00,2.417474461253732443e-04
1.374637250302632951e+00,2.402854443062096834e-04
1.374742204115895650e+00,2.393948088865727186e-04
1.374847081632398105e+00,2.380341902608051896e-04
1.374951882962988536e+00,2.369871072005480528e-04
1.375056608218273801e+00,2.358130877837538719e-04
1.375161257508619395e+00,2.346342807868495584e-04
1.375265830944151890e+00,2.336429315619170666e-04
1.375370328634757611e+00,2.323534863535314798e-04
1.375474750690084846e+00,2.314898010808974504e-04
1.375579097219544078e+00,2.301161002833396196e-04
1.375683368332308198e+00,2.290320990141481161e-04
1.375787564137313623e+00,2.281391061842441559e-04
1.375891684743260734e+00,2.268372045364230871e-04
1.375995730258614991e+00,2.259686880279332399e-04
1.376099700791607816e+00,2.246902440674602985e-04
1.376203596450235711e+00,2.237529988633468747e-04
1.376307417342262696e+00,2.225932548753917217e-04
1.376411163575220531e+00,2.215503918705508113e-04
1.376514835256408498e+00,2.204624615842476487e-04
1.376618432492894950e+00,2.193793770857155323e-04
1.376721955391518426e+00,2.184234617743641138e-04
1.376825404058886981e+00,2.173227258026599884e-04
1.376928778601379078e+00,2.162538439733907580e-04
1.377032079125145581e+00,2.152428787667304277e-04
1.377135305736109094e+00,2.141613367712125182e-04
1.377238458539964849e+00,2.131386427208781242e-04
1.377341537642182256e+00,2.121969591826200485e-04
1.377444543148003797e+00,2.111236972268670797e-04
1.377547475162447244e+00,2.101077989209443331e-04
1.377650333790305881e+00,2.091521164402365685e-04
1.377753119136148507e+00,2.081015118164941669e-04
1.377855831304320988e+00,2.070479386020451784e-04
1.377958470398946700e+00,2.061466657323762774e-04
1.378061036523926308e+00,2.051005722023546696e-04
1.378163529782939323e+00,2.041094267042353749e-04
1.378265950279444541e+00,2.032363845501095057e-04
1.378368298116680268e+00,2.021010150201618671e-04
1.378470573397665877e+00,2.011657925322651863e-04
1.378572776225201357e+00,2.003669651458039880e-04
1.378674906701867986e+00,1.992102916119620204e-04
1.378776964930030102e+00,1.983090623980388045e-04
1.378878951011834664e+00,1.974302285816520452e-04
1.378980865049211912e+00,1.963521499419584870e-04
1.379082707143876707e+00,1.955597545020282269e-04
1.379184477397328079e+00,1.945382973644882441e-04
1.379286175910851009e+00,1.936530316015705466e-04
1.379387802785515760e+00,1.927132107084617019e-04
1.379489358122179654e+00,1.917364279506728053e-04
1.379590842021487074e+00,1.909409038489684463e-04
1.379692254583870570e+00,1.898911432363092899e-04
1.379793595909549753e+00,1.890016719698905945e-04
1.379894866098534845e+00,1.881757489172741771e-04
1.379996065250624460e+00,1.871750719146803021e-04
1.380097193465407823e+00,1.864092773757874966e-04
1.380198250842264551e+00,1.853427093010395765e-04
1.380299237480365759e+00,1.845095539465546608e-04
1.380400153478674508e+00,1.836856827139854431e-04
1.380500998935946688e+00,1.826716033974662423e-04
1.380601773950730360e+00,1.820509351091459394e-04
1.380702478621367968e+00,1.809477107599377632e-04
1.380803113045995678e+00,1.802098267944529653e-04
1.380903677322544487e+00,1.792456605471670628e-04
1.381004171548741555e+00,1.783964253263548017e-04
1.381104595822108649e+00,1.776461285771802068e-04
1.381204950239965257e+00,1.766599889378994703e-04
1.381305234899426804e+00,1.759465812938287854e-04
1.381405449897407323e+00,1.749671646393835545e-04
1.381505595330618119e+00,1.741199230309575796e-04
1.381605671295570215e+00,1.734804682200774550e-04
1.381705677888573236e+00,1.724599860608577728e-04
1.381805615205736748e+00,1.717801205813884735e-04
1.381905483342970697e+00,1.707644696580246091e-04
1.382005282395986523e+00,1.701774162938818336e-04
1.382105012460296267e+00,1.691599318291991949e-04
1.382204673631215019e+00,1.684575690887868404e-04
1.382304266003859805e+00,1.675560197327286005e-04
1.382403789673150918e+00,1.667000033194199204e-04
1.382503244733812808e+00,1.661840069573372602e-04
1.382602631280373195e+00,1.651346101425588131e-04
1.382701949407165509e+00,1.644806179683655500e-04
1.382801199208328002e+00,1.636019151192158461e-04
1.382900380777804861e+00,1.628709869692102075e-04
1.382999494209346869e+00,1.620746334083378315e-04
1.383098539596511412e+00,1.612806518096476793e-04
1.383197517032663582e+00,1.605637953616678715e-04
1.383296426610976182e+00,1.597014197614043951e-04
1.383395268424430835e+00,1.589614985277876258e-04
1.383494042565817539e+00,1.582300756126642227e-04
1.383592749127736887e+00,1.574085472384467721e-04
1.383691388202598516e+00,1.567895087646320462e-04
1.383789959882623100e+00,1.558918738737702370e-04
1.383888464259842799e+00,1.552778703626245260e-04
1.383986901426100369e+00,1.544074912089854479e-04
1.384085271473051604e+00,1.536762865725904703e-04
1.384183574492164892e+00,1.530282461317256093e-04
1.384281810574720994e+00,1.522148522781208158e-04
1.384379979811815264e+00,1.515873882453888655e-04
1.384478082294356538e+00,1.507193228462710977e-04
1.384576118113068466e+00,1.501957012806087732e-04
1.384674087358490624e+00,1.492549490649253130e-04
1.384771990120977181e+00,1.486510736867785454e-04
1.384869826490699118e+00,1.479008205933496356e-04
1.384967596557643787e+00,1.471548748668283224e-04
1.385065300411616240e+00,1.466062385588884354e-04
1.385162938142238120e+00,1.457220350857824087e-04
1.385260509838950549e+00,1.452066499041393399e-04
1.385358015591012348e+00,1.443430082872509956e-04
1.385455455487502041e+00,1.436657330486923456e-04
1.385552829617317183e+00,1.430588017683476210e-04
1.385650138069176140e+00,1.422582572558894753e-04
1.385747380931617423e+00,1.418055762769654393e-04
1.385844558293000794e+00,1.408955722581595182e-04
1.385941670241507495e+00,1.402277266606688499e-04
1.386038716865141129e+00,1.397278101649135351e-04
1.386135698251727000e+00,1.388845557812601328e-04
1.386232614488914772e+00,1.383541239192709327e-04
1.386329465664176253e+00,1.375875290250405669e-04
1.386426251864807613e+00,1.369885430904105306e-04
1.386522973177929829e+00,1.362486800644546747e-04
1.386619629690488686e+00,1.356001157546415925e-04
1.386716221489254774e+00,1.351204555248841643e-04
1.386812748660825267e+00,1.343110488960519433e-04
1.386909211291623256e+00,1.337495777988806367e-04
1.387005609467898193e+00,1.330510276602581143e-04
1.387101943275727667e+00,1.324187760474160314e-04
1.387198212801016295e+00,1.318112190347164869e-04
1.387294418129496831e+00,1.311488158535212278e-04
1.387390559346731056e+00,1.305159385083243251e-04
1.387486636538109552e+00,1.298998977290466428e-04
1.387582649788852152e+00,1.293132081627845764e-04
1.387678599184009043e+00,1.286899496335536242e-04
1.387774484808460995e+00,1.280559226870536804e-04
1.387870306746919136e+00,1.274847454624250531e-04
1.387966065083925837e+00,1.268148625968024135e-04
1.388061759903856052e+00,1.261872239410877228e-04
1.388157391290916198e+00,1.256231334991753101e-04
1.388252959329145941e+00,1.250257773790508509e-04
1.388348464102417079e+00,1.243802980752661824e-04
1.388443905694435987e+00,1.237756659975275397e-04
1.388539284188742728e+00,1.232777140103280544e-04
1.388634599668711278e+00,1.226258318638429046e-04
1.388729852217551075e+00,1.220941776409745216e-04
1.388825041918306358e+00,1.214277945109643042e-04
1.388920168853857939e+00,1.208880639751441777e-04
1.389015233106921876e+00,1.203204446937888861e-04
1.389110234760051243e+00,1.197097371914424002e-04
1.389205173895636136e+00,1.191693954751826823e-04
1.389300050595903668e+00,1.185423461720347404e-04
1.389394864942919305e+00,1.180189792648889124e-04
1.389489617018587087e+00,1.174548233393579721e-04
1.389584306904649402e+00,1.168373783002607524e-04
1.389678934682687439e+00,1.163245615316554904e-04
1.389773500434122289e+00,1.157421938842162490e-04
1.389868004240215393e+00,1.152128461399115622e-04
1.389962446182068323e+00,1.146661015809513628e-04
1.390056826340622775e+00,1.140917520388029516e-04
1.390151144796663019e+00,1.135801794589497149e-04
1.390245401630814337e+00,1.129889569710940123e-04
1.390339596923543697e+00,1.124338596127927303e-04
1.390433730755161301e+00,1.119942899094894528e-04
1.390527803205819479e+00,1.113421021727845073e-04
1.390621814355514685e+00,1.108089636545628309e-04
1.390715764284086386e+00,1.104408438550308347e-04
1.390809653071218621e+00,1.097579006454907358e-04
1.390903480796439551e+00,1.093267856049351394e-04
1.390997247539123016e+00,1.086812844732776284e-04
1.391090953378487427e+00,1.082781309378333390e-04
1.391184598393597094e+00,1.076775661204010248e-04
1.391278182663362895e+00,1.072146988008171320e-04
1.391371706266541608e+00,1.066577169694937766e-04
1.391465169281737468e+00,1.061137445503845811e-04
1.391558571787401499e+00,1.057539921021088958e-04
1.391651913861833290e+00,1.051151266437955201e-04
1.391745195583179884e+00,1.046970792231149971e-04
1.391838417029436670e+00,1.041321229422464967e-04
1.391931578278448711e+00,1.036213579936884344e-04
1.392024679407909860e+00,1.031237698043696582e-04
1.392117720495363420e+00,1.026995887514203787e-04
1.392210701618203483e+00,1.021506031975150108e-04
1.392303622853674039e+00,1.017096001305617392e-04
1.392396484278869639e+00,1.011955973808653653e-04
1.392489285970737178e+00,1.007039754767902195e-04
1.392582028006073891e+00,1.002189819701015949e-04
1.392674710461530019e+00,9.974884596886113286e-05
1.392767333413607478e+00,9.927398059517145157e-05
1.392859896938661191e+00,9.879034041659906507e-05
1.392952401112899308e+00,9.828549082158133388e-05
1.393044846012383209e+00,9.789743489818647504e-05
1.393137231713028390e+00,9.733397746458649635e-05
1.393229558290604686e+00,9.687525016488507390e-05
1.393321825820736271e+00,9.649023559177294374e-05
1.393414034378902100e+00,9.595229494152590632e-05
1.393506184040437468e+00,9.548533853376284242e-05
1.393598274880532228e+00,9.512279939372092485e-05
1.393690306974233462e+00,9.456990665057674050e-05
1.393782280396443474e+00,9.414109081262722611e-05
1.393874195221922463e+00,9.371820488013327122e-05
1.393966051525287408e+00,9.322394180344417691e-05
1.394057849381012737e+00,9.283900726586580276e-05
1.394149588863431211e+00,9.237133053829893470e-05
1.394241270046733261e+00,9.191605931846424937e-05
1.394332893004968765e+00,9.144387877313420177e-05
1.394424457812045715e+00,9.110449173022061586e-05
1.394515964541732211e+00,9.059230796992778778e-05
1.394607413267655582e+00,9.019800927489995956e-05
1.394698804063303710e+00,8.974994125310331583e-05
1.394790137002024366e+00,8.932367200031876564e-05
1.394881412157026546e+00,8.890688332030549645e-05
1.394972629601380243e+00,8.846763375913724303e-05
1.395063789408016897e+00,8.807492122286930680e-05
1.395154891649729390e+00,8.761232311371713877e-05
1.395245936399173825e+00,8.720251207705587149e-05
1.395336923728867751e+00,8.680036262376233935e-05
1.395427853711192157e+00,8.634429832454770803e-05
1.395518726418391253e+00,8.596593397669494152e-05
1.395609541922572694e+00,8.553553925594314933e-05
1.395700300295708018e+00,8.510617044521495700e-05
1.395791001609633097e+00,8.470212924294173717e-05
1.395881645936048576e+00,8.432235335931181908e-05
1.395972233346519431e+00,8.392459858441725373e-05
1.396062763912476523e+00,8.349544805241748691e-05
1.396153237705216155e+00,8.310506382258608937e-05
1.396243654795900735e+00,8.271669503301382065e-05
1.396334015255558558e+00,8.231394167523831129e-05
1.396424319155084692e+00,8.195626287488266826e-05
1.396514566565241200e+00,8.151423389790579677e-05
1.396604757556657583e+00,8.116478420561179519e-05
1.396694892199831006e+00,8.075288496911525726e-05
1.396784970565126072e+00,8.035913924686610699e-05
1.396874992722776376e+00,7.999949593795463443e-05
1.396964958742883622e+00,7.959143113112077117e-05
1.397054868695418284e+00,7.923884550109505653e-05
1.397144722650220716e+00,7.884479418862611055e-05
1.397234520677000269e+00,7.846152584534138441e-05
1.397324262845336840e+00,7.809603266650810838e-05
1.397413949224679985e+00,7.771225500619038939e-05
1.397503579884350033e+00,7.735964754829183221e-05
1.397593154893538081e+00,7.693976658629253507e-05
1.397682674321306884e+00,7.661897689104080200e-05
1.397772138236589967e+00,7.623829878866672516e-05
1.397861546708193625e+00,7.585494313389062881e-05
1.397950899804795144e+00,7.554030162282288074e-05
1.398040197594945022e+00,7.511522562708705664e-05
1.398129440147066971e+00,7.484837260562926531e-05
1.398218627529456803e+00,7.440421177307143807e-05
1.398307759810284212e+00,7.406385702779516578e-05
1.398396837057592990e+00,7.373603148153051734e-05
1.398485859339300363e+00,7.334358815569430590e-05
1.398574826723197884e+00,7.305293547688052058e-05
1.398663739276952755e+00,7.263915176736190915e-05
1.398752597068105619e+00,7.237964746309444308e-05
1.398841400164073656e+00,7.193631608970463276e-05
1.398930148632149040e+00,7.158358494052663445e-05
1.399018842539500262e+00,7.123980321921408176e-05
1.399107481953171028e+00,7.110489241313189268e-05
1.399196066940083139e+00,7.056507456582039595e-05
1.399284597567033384e+00,7.033002475509420037e-05
1.399373073900697317e+00,6.989773100940510631e-05
1.399461496007626815e+00,6.967407534830272198e-05
1.399549863954251627e+00,6.922734610270708799e-05
1.399638177806880046e+00,6.889309588586911559e-05
1.399726437631698239e+00,6.872367521282285452e-05
1.399814643494770694e+00,6.824394222348928452e-05
1.399902795462041549e+00,6.801300332881510258e-05
1.399990893599333264e+00,6.760018732165917754e-05
1.400078937972348836e+00,6.734402268193662167e-05
1.400166928646669806e+00,6.696119089610874653e-05
1.400254865687758921e+00,6.668213609373196959e-05
1.400342749160959022e+00,6.632932490902021527e-05
1.400430579131492603e+00,6.607132672797888517e-05
1.400518355664464476e+00,6.568871322087943554e-05
1.400606078824859990e+00,6.541294715134426951e-05
1.400693748677546369e+00,6.507618672912940383e-05
1.400781365287272040e+00,6.478462455561384559e-05
1.400868928718668638e+00,6.445167673518881202e-05
1.400956439036248558e+00,6.412727816496044397e-05
1.401043896304408509e+00,6.391224451363086700e-05
1.401131300587427075e+00,6.350762851070612669e-05
1.401218651949466487e+00,6.327772280201315880e-05
1.401305950454572846e+00,6.291620957199484110e-05
1.401393196166675237e+00,6.267120625125244260e-05
1.401480389149587724e+00,6.232334999367594719e-05
1.401567529467007800e+00,6.204750388860702515e-05
1.401654617182518159e+00,6.173562724143266678e-05
1.401741652359586920e+00,6.141872290754690766e-05
1.401828635061566297e+00,6.120923353591933846e-05
1.401915565351694593e+00,6.082999971113167703e-05
1.402002443293095979e+00,6.054747427697293460e-05
1.402089268948780720e+00,6.031992961652576923e-05
1.402176042381644505e+00,5.996281834086403251e-05
1.402262763654470445e+00,5.978222179692238569e-05
1.402349432829928855e+00,5.939247421338222921e-05
1.402436049970575915e+00,5.916188820265233517e-05
1.402522615138856565e+00,5.883657286176458001e-05
1.402609128397102056e+00,5.854209666722454131e-05
1.402695589807532617e+00,5.827207496622577310e-05
1.402781999432256343e+00,5.801876613986678421e-05
1.402868357333269644e+00,5.777809565188363194e-05
1.402954663572458127e+00,5.743894871557131410e-05
1.403040918211595267e+00,5.715812949347309768e-05
1.403127121312345738e+00,5.688996679964475334e-05
1.403213272936261857e+00,5.667048390023410320e-05
1.403299373144786699e+00,5.637595677399076521e-05
1.403385421999253202e+00,5.610345397144556046e-05
1.403471419560884392e+00,5.583752135862596333e-05
1.403557365890794717e+00,5.557875920203514397e-05
1.403643261049988045e+00,5.531589704332873225e-05
1.403729105099360774e+00,5.504518776433542371e-05
1.403814898099699615e+00,5.479221727000549436e-05
1.403900640111683584e+00,5.452162440633401275e-05
1.403986331195883341e+00,5.426056304713711143e-05
1.404071971412761410e+00,5.399497604230418801e-05
1.404157560822673290e+00,5.374102329369634390e-05
1.404243099485866564e+00,5.349688217393122613e-05
1.404328587462482014e+00,5.321138451108708978e-05
1.404414024812553397e+00,5.300992415868677199e-05
1.404499411596007885e+00,5.270037945592775941e-05
1.404584747872666739e+00,5.247669105301611125e-05
1.404670033702244636e+00,5.221678657107986510e-05
1.404755269144350560e+00,5.196086567593738437e-05
1.404840454258487581e+00,5.173685349291190505e-05
1.404925589104054184e+00,5.146413968759588897e-05
1.405010673740342941e+00,5.125745883560739458e-05
1.405095708226542506e+00,5.096053791930899024e-05
1.405180692621735838e+00,5.079718175693415105e-05
1.405265626984902871e+00,5.047789090895093977e-05
1.405350511374917621e+00,5.025177961215376854e-05
1.405435345850552409e+00,5.003204933018423617e-05
1.405520130470473639e+00,4.976602212991565466e-05
1.405604865293246464e+00,4.957657438353635371e-05
1.405689550377331898e+00,4.929722854285500944e-05
1.405774185781087704e+00,4.909259587293490767e-05
1.405858771562769505e+00,4.882950815954245627e-05
1.405943307780530782e+00,4.862677087658084929e-05
1.406027794492422212e+00,4.836908556171692908e-05
1.406112231756392994e+00,4.815911961486563087e-05
1.406196619630290412e+00,4.791110040969215333e-05
1.406280958171860274e+00,4.767979771713726223e-05
1.406365247438747579e+00,4.747398270410485566e-05
1.406449487488495853e+00,4.721364530269056559e-05
1.406533678378548036e+00,4.704242746811360121e-05
1.406617820166246702e+00,4.677021206589415669e-05
1.406701912908834062e+00,4.656738019548356533e-05
1.406785956663451964e+00,4.634174547391012311e-05
1.406869951487143222e+00,4.611218901118263602e-05
1.406953897436850287e+00,4.590483149513602257e-05
1.407037794569417022e+00,4.566983261611312628e-05
1.407121642941587147e+00,4.547935168375261128e-05
1.407205442610006463e+00,4.524418545770458877e-05
1.407289193631221735e+00,4.502792944549582899e-05
1.407372896061681589e+00,4.483185330173000693e-05
1.407456549957735614e+00,4.458969488041475415e-05
1.407540155375636370e+00,4.441837882040999830e-05
1.407623712371538494e+00,4.416261799633502960e-05
1.407707221001498699e+00,4.397500742925330997e-05
1.407790681321476445e+00,4.375147545943036675e-05
1.407874093387335046e+00,4.352270116214640439e-05
1.407957457254839673e+00,4.337959035183303058e-05
1.408040772979659572e+00,4.311715747462585568e-05
1.408124040617367623e+00,4.293596794013865292e-05
1.408207260223440560e+00,4.272012665751390159e-05
1.408290431853258751e+00,4.251232894603163004e-05
1.408373555562107304e+00,4.233781146467663348e-05
1.408456631405175630e+00,4.212349449517205358e-05
1.408539659437557656e+00,4.191540210740640759e-05
1.408622639714252722e+00,4.171007822151295841e-05
1.408705572290164909e+00,4.154125781496986747e-05
1.408788457220103707e+00,4.130506567889824510e-05
1.408871294558784681e+00,4.112808528589084744e-05
1.408954084360828585e+00,4.093363168067298830e-05
1.409036826680762244e+00,4.075365359312854707e-05
1.409119521573019229e+00,4.052641452290117741e-05
1.409202169091938739e+00,4.032839569845236838e-05
1.409284769291767825e+00,4.015286685898900032e-05
1.409367322226658947e+00,3.996608938905410469e-05
1.409449827950673084e+00,3.978874883614480495e-05
1.409532286517777511e+00,3.958140950999222696e-05
1.409614697981847353e+00,3.939181624446064234e-05
1.409697062396665812e+00,3.922647738363593817e-05
1.409779379815923273e+00,3.901590753230266273e-05
1.409861650293218860e+00,3.886113699991255999e-05
1.409943873882059995e+00,3.863791425828821957e-05
1.410026050635862838e+00,3.847348489216528833e-05
1.410108180607951400e+00,3.828461194643750787e-05
1.410190263851559322e+00,3.811236456385813653e-05
1.410272300419830094e+00,3.791931158048100770e-05
1.410354290365815499e+00,3.772278796532191336e-05
1.410436233742477175e+00,3.760991967283189297e-05
1.410518130602687270e+00,3.736546932486817241e-05
1.410599980999226899e+00,3.720873428392224014e-05
1.410681784984788356e+00,3.702437243191525340e-05
1.410763542611973342e+00,3.683385875774547458e-05
1.410845253933295185e+00,3.672324237413704395e-05
1.410926919001177726e+00,3.648379424703307450e-05
1.411008537867955548e+00,3.634812674135901034e-05
1.411090110585874413e+00,3.614349770941771567e-05
1.411171637207091711e+00,3.596611350076273084e-05
1.411253117783676903e+00,3.584467049222439528e-05
1.411334552367610407e+00,3.562355777830816805e-05
1.411415941010785380e+00,3.545283470884896815e-05
1.411497283765006605e+00,3.535596260917373002e-05
1.411578580681992046e+00,3.511678733048029244e-05
1.411659831813371513e+00,3.499018566799350083e-05
1.411741037210687999e+00,3.478639700915664434e-05
1.411822196925397233e+00,3.461792948655784130e-05
1.411903311008869011e+00,3.452154487604275346e-05
1.411984379512385424e+00,3.429573553148657084e-05
1.412065402487142851e+00,3.416427352931350470e-05
1.412146379984251521e+00,3.398008993826806545e-05
1.412227312054734618e+00,3.382614886504597962e-05
1.412308198749530952e+00,3.366217060829512775e-05
1.412389040119492956e+00,3.350461702211759984e-05
1.412469836215387353e+00,3.334293432999402285e-05
1.412550587087896048e+00,3.318361996207386255e-05
1.412631292787616344e+00,3.301737888250499964e-05
1.412711953365059392e+00,3.288120569777674973e-05
1.412792568870653076e+00,3.270748129580169916e-05
1.412873139354739793e+00,3.256167838117107749e-05
1.412953664867577563e+00,3.240658406866714358e-05
1.413034145459341584e+00,3.225526234018616378e-05
1.413114581180121787e+00,3.209645001334138215e-05
1.413194972079924838e+00,3.193707379978150129e-05
1.413275318208674136e+00,3.180788553436286747e-05
1.413355619616208925e+00,3.162624852848239243e-05
1.413435876352286291e+00,3.151117925881408155e-05
1.413516088466579390e+00,3.133085920126177371e-05
1.413596256008679664e+00,3.117811502306722105e-05
1.413676379028094399e+00,3.106808435404673219e-05
1.413756457574250280e+00,3.088691664743237197e-05
1.413836491696489839e+00,3.075641870964318514e-05
1.413916481444075002e+00,3.059027949348092079e-05
1.413996426866185097e+00,3.044665027118753642e-05
1.414076328011918182e+00,3.032323729712516069e-05
1.414156184930289939e+00,3.015384936588816345e-05
1.414235997670235889e+00,3.005905637110117823e-05
1.414315766280609399e+00,2.987274092447478324e-05
1.414395490810183231e+00,2.976104769913945347e-05
1.414475171307649548e+00,2.959704943350516260e-05
1.414554807821619464e+00,2.947161192423664033e-05
1.414634400400623715e+00,2.931199560407549143e-05
1.414713949093113099e+00,2.918979407695587724e-05
1.414793453947458035e+00,2.903893800976220518e-05
1.414872915011948784e+00,2.890530959120951593e-05
1.414952332334796559e+00,2.876618964364752173e-05
1.415031705964131969e+00,2.862920155166648328e-05
1.415111035948007467e+00,2.849427437467966229e-05
1.415190322334395567e+00,2.835048144333995879e-05
1.415269565171189292e+00,2.823476097546517849e-05
1.415348764506203949e+00,2.808898534567561001e-05
1.415427920387174909e+00,2.796106855385005474e-05
1.415507032861760273e+00,2.782716001092921942e-05
1.415586101977538425e+00,2.768668491626158357e-05
1.415665127782010702e+00,2.756705544015858322e-05
1.415744110322599614e+00,2.742901597230229527e-05
1.415823049646650844e+00,2.729529114731121808e-05
1.415901945801431028e+00,2.718710857152473181e-05
1.415980798834130416e+00,2.703046811802778393e-05
1.416059608791861102e+00,2.692302950890734792e-05
1.416138375721659237e+00,2.677986776689067483e-05
1.416217099670482371e+00,2.664496241777669638e-05
1.416295780685212558e+00,2.656345895957201719e-05
1.416374418812653913e+00,2.639521517266985029e-05
1.416453014099535945e+00,2.630112430779263377e-05
1.416531566592509561e+00,2.614579716464504600e-05
1.416610076338151503e+00,2.601900996523909271e-05
1.416688543382961019e+00,2.593704994069412351e-05
1.416766967773362751e+00,2.577533632575068623e-05
1.416845349555704292e+00,2.568470154074020684e-05
1.416923688776259294e+00,2.553216472733765841e-05
1.417001985481224802e+00,2.542782931413967162e-05
1.417080239716723478e+00,2.529322409827727824e-05
1.417158451528802265e+00,2.516541462682653219e-05
1.417236620963433946e+00,2.504754593246616423e-05
1.417314748066516694e+00,2.495689295756164938e-05
1.417392832883872966e+00,2.480979674146510661e-05
1.417470875461252611e+00,2.474141001584939659e-05
1.417548875844329537e+00,2.457584741932805628e-05
1.417626834078704601e+00,2.450207648507785052e-05
1.417704750209904940e+00,2.434341877233237028e-05
1.417782624283383752e+00,2.426068203931208700e-05
1.417860456344519848e+00,2.411630157439503819e-05
1.417938246438619876e+00,2.401593337708618492e-05
1.418015994610916319e+00,2.389144901826512069e-05
1.418093700906569277e+00,2.377520104346331209e-05
1.418171365370665571e+00,2.368190143897663802e-05
1.418248988048218751e+00,2.354763091716449708e-05
1.418326568984170866e+00,2.345289249205961823e-05
1.418404108223390470e+00,2.333051270397845656e-05
1.418481605810674839e+00,2.323110675206407905e-05
1.418559061790747755e+00,2.311088428541552275e-05
1.418636476208261721e+00,2.300409869349095970e-05
1.418713849107798186e+00,2.290238990099169314e-05
1.418791180533865548e+00,2.278783904330339283e-05
1.418868470530901149e+00,2.268084608658682555e-05
1.418945719143271500e+00,2.257234154967591166e-05
1.419022926415271169e+00,2.246787153126206249e-05
1.419100092391123891e+00,2.235980355180799961e-05
1.419177217114982792e+00,2.225113530585076660e-05
1.419254300630929722e+00,2.214857522631064057e-05
1.419331342982975919e+00,2.204656266258098185e-05
1.419408344215062678e+00,2.193976615671999753e-05
1.419485304371060685e+00,2.183895412599667907e-05
1.419562223494770015e+00,2.173500070057343692e-05
1.419639101629921685e+00,2.162523924198467284e-05
1.419715938820175660e+00,2.153836794605012983e-05
1.419792735109123294e+00,2.142344055755529553e-05
1.419869490540285772e+00,2.132343797711655498e-05
1.419946205157115005e+00,2.123042941093444824e-05
1.420022879002993177e+00,2.112159927492029965e-05
1.420099512121234531e+00,2.102480539178941399e-05
1.420176104555082697e+00,2.093028888339176774e-05
1.420252656347713582e+00,2.082503669953439385e-05
1.420329167542234483e+00,2.072863389912527055e-05
1.420405638181683416e+00,2.063641477434430271e-05
1.420482068309030455e+00,2.052230956905987114e-05
1.420558457967177279e+00,2.044093344011344016e-05
1.420634807198957628e+00,2.033330747508443892e-05
1.420711116047137068e+00,2.024020432145334780e-05
1.420787384554413668e+00,2.014499841607175767e-05
1.420863612763417105e+00,2.004353882512077689e-05
1.420939800716710444e+00,1.996554601646494120e-05
1.421015948456788580e+00,1.985297967621590942e-05
1.421092056026079575e+00,1.977230385818984360e-05
1.421168123466944211e+00,1.967205753317102790e-05
1.421244150821676433e+00,1.957177119038533419e-05
1.421320138132503352e+00,1.950424484675750136e-05
1.421396085441585244e+00,1.938509922183584422e-05
1.421471992791015992e+00,1.929154859681148082e-05
1.421547860222822868e+00,1.920299837365746498e-05
1.421623687778967415e+00,1.912789957714267075e-05
1.421699475501343679e+00,1.903026532090734690e-05
1.421775223431781754e+00,1.893537955766078085e-05
1.421850931612044233e+00,1.885418168967589736e-05
1.421926600083828651e+00,1.875933594419620931e-05
1.422002228888767039e+00,1.867352148110512644e-05
1.422077818068425703e+00,1.858687392086721957e-05
1.422153367664305668e+00,1.849397995101753622e-05
1.422228877717842899e+00,1.841306948335841298e-05
1.422304348270408525e+00,1.832132329582236707e-05
1.422379779363308838e+00,1.824363789637573063e-05
1.422455171037784405e+00,1.814846291381400079e-05
1.422530523335012287e+00,1.806815271265804768e-05
1.422605836296105153e+00,1.797476033971179277e-05
1.422681109962109947e+00,1.790958594938274473e-05
1.422756344374010995e+00,1.780285856511909515e-05
1.422831539572727344e+00,1.772428549884352833e-05
1.422906695599114757e+00,1.764942862791940570e-05
1.422981812493965270e+00,1.755503762979060411e-05
1.423056890298006527e+00,1.748738213791511953e-05
1.423131929051903111e+00,1.738645732984878123e-05
1.423206928796256543e+00,1.731452539388556033e-05
1.423281889571604175e+00,1.722900742606725544e-05
1.423356811418420964e+00,1.714364589133765548e-05
1.423431694377118584e+00,1.708081072138156742e-05
1.423506538488045203e+00,1.698118103377055377e-05
1.423581343791487486e+00,1.690760836936533451e-05
1.423656110327668589e+00,1.682935908320359886e-05
1.423730838136749499e+00,1.674685154284816235e-05
1.423805527258828363e+00,1.667272408667486161e-05
1.423880177733941377e+00,1.658485052757896483e-05
1.423954789602063009e+00,1.650573722145054489e-05
1.424029362903104889e+00,1.643918221816420555e-05
1.424103897676918029e+00,1.635305306990630925e-05
1.424178393963290157e+00,1.627836536499671638e-05
1.424252851801948605e+00,1.620410694158636034e-05
1.424327271232558978e+00,1.611919105926062912e-05
1.424401652294724929e+00,1.605650686542503536e-05
1.424475995027989716e+00,1.597233131178654730e-05
1.424550299471834869e+00,1.590603642398491502e-05
1.424624565665681075e+00,1.582292316015809774e-05
1.424698793648888628e+00,1.575177520862780511e-05
1.424772983460756759e+00,1.567529761814512312e-05
1.424847135140523635e+00,1.560061900818254799e-05
1.424921248727367917e+00,1.553162292111665010e-05
1.424995324260407203e+00,1.545425948279444128e-05
1.425069361778699140e+00,1.537999196443706751e-05
1.425143361321241198e+00,1.531645830255001783e-05
1.425217322926970676e+00,1.523623996035894379e-05
1.425291246634765807e+00,1.517115470051066950e-05
1.425365132483443986e+00,1.509361209173221141e-05
1.425438980511763321e+00,1.502526356489397585e-05
1.425512790758423298e+00,1.495162996434373781e-05
1.425586563262063233e+00,1.487546342104906216e-05
1.425660298061262932e+00,1.481283015891676769e-05
1.425733995194543580e+00,1.474220971431350335e-05
1.425807654700367522e+00,1.466939102101605386e-05
1.425881276617137816e+00,1.460621297155739740e-05
1.425954860983199124e+00,1.453384538763202727e-05
1.426028407836836820e+00,1.446964688511798158e-05
1.426101917216278547e+00,1.439834522898308933e-05
1.426175389159692886e+00,1.432342833140864968e-05
1.426248823705190905e+00,1.425589016434969380e-05
1.426322220890824388e+00,1.421834076609229669e-05
1.426395580754588277e+00,1.412251003785058856e-05
1.426468903334418448e+00,1.407729905622545630e-05
1.426542188668194155e+00,1.399196935381041840e-05
1.426615436793736036e+00,1.392626109009142965e-05
1.426688647748807215e+00,1.387565680488478392e-05
1.426761821571113975e+00,1.379782861476996914e-05
1.426834958298304423e+00,1.374131443299120292e-05
1.426908057967970489e+00,1.366899596177972853e-05
1.426981120617645926e+00,1.361237445962615311e-05
1.427054146284807867e+00,1.353603420284343883e-05
1.427127135006877268e+00,1.347483339486643672e-05
1.427200086821217129e+00,1.342097220913274214e-05
1.427273001765134497e+00,1.334907392447348684e-05
1.427345879875879575e+00,1.329615042777732015e-05
1.427418721190646833e+00,1.322463231190340593e-05
1.427491525746573453e+00,1.317096757702529430e-05
1.427564293580741106e+00,1.309969229623675346e-05
1.427637024730174842e+00,1.304029228776926175e-05
1.427709719231844643e+00,1.298546430916758254e-05
1.427782377122663648e+00,1.291717217100085691e-05
1.427854998439489709e+00,1.285979396925540641e-05
1.427927583219125163e+00,1.280313063034554943e-05
1.428000131498316172e+00,1.273634552489966154e-05
1.428072643313754719e+00,1.268633604922797531e-05
1.428145118702075944e+00,1.261653687834041193e-05
1.428217557699861251e+00,1.256498671864392236e-05
1.428289960343636311e+00,1.249924753210507333e-05
1.428362326669871285e+00,1.244354552909499034e-05
1.428434656714982598e+00,1.238487766386242583e-05
1.428506950515330942e+00,1.231937403645133600e-05
1.428579208107223053e+00,1.226170024892780930e-05
1.428651429526910821e+00,1.222655737365130335e-05
1.428723614810591958e+00,1.214727581100305542e-05
1.428795763994409329e+00,1.209123456646921113e-05
1.428867877114452511e+00,1.204782347485888749e-05
1.428939954206755791e+00,1.197759320348268375e-05
1.429011995307300831e+00,1.193904881802154705e-05
1.429084000452014225e+00,1.186464123748010024e-05
1.429155969676769500e+00,1.180962317448575050e-05
1.429227903017386003e+00,1.176865953311789781e-05
1.429299800509630680e+00,1.169816823676228523e-05
1.429371662189215408e+00,1.164508285000920296e-05
1.429443488091799663e+00,1.160284409706946462e-05
1.429515278252989630e+00,1.154061010311124846e-05
1.429587032708338201e+00,1.148780665971571580e-05
1.429658751493345425e+00,1.143342251452850178e-05
1.429730434643458281e+00,1.138114294008119032e-05
1.429802082194070900e+00,1.132606666942592710e-05
1.429873694180525012e+00,1.127468294725986198e-05
1.429945270638109500e+00,1.122190224123187363e-05
1.430016811602060622e+00,1.116690782509976998e-05
1.430088317107562235e+00,1.112022710003657266e-05
1.430159787189746678e+00,1.106214222090784460e-05
1.430231221883692561e+00,1.100739791581872851e-05
1.430302621224428306e+00,1.097110816772328690e-05
1.430373985246929047e+00,1.090212481358321384e-05
1.430445313986117961e+00,1.085045641957549378e-05
1.430516607476867152e+00,1.080206584447296336e-05
1.430587865753996990e+00,1.075361979019362479e-05
1.430659088852275884e+00,1.071901169780176133e-05
1.430730276806420953e+00,1.065069864125689492e-05
1.430801429651098022e+00,1.060080012393882498e-05
1.430872547420921403e+00,1.056625933415489271e-05
1.430943630150454338e+00,1.050841092364862561e-05
1.431014677874209662e+00,1.045829958457034081e-05
1.431085690626648033e+00,1.040772804117295891e-05
1.431156668442180147e+00,1.036057619785424322e-05
1.431227611355165852e+00,1.031287774821976200e-05
1.431298519399913483e+00,1.026304653350962326e-05
1.431369392610682301e+00,1.021567459247307852e-05
1.431440231021680054e+00,1.016988426272291690e-05
1.431511034667063642e+00,1.011809854389866814e-05
1.431581803580941337e+00,1.007806440611602738e-05
1.431652537797370117e+00,1.002626868285005912e-05
1.431723237350356781e+00,9.983136806113179773e-06
1.431793902273858388e+00,9.931474778568372130e-06
1.431864532601782702e+00,9.883881830319296569e-06
1.431935128367986865e+00,9.844433407124597579e-06
1.432005689606278720e+00,9.790825970412697643e-06
1.432076216350416376e+00,9.750176104716956615e-06
1.432146708634108867e+00,9.701150702312588692e-06
1.432217166491015492e+00,9.653675988374743611e-06
1.432287589954746476e+00,9.615308954380452633e-06
1.432357979058862085e+00,9.565427717461716384e-06
1.432428333836874401e+00,9.522096661385148764e-06
1.432498654322246434e+00,9.481613233219832182e-06
1.432568940548391678e+00,9.432234037376474589e-06
1.432639192548675222e+00,9.388041689817328006e-06
1.432709410356413970e+00,9.351831977255642414e-06
1.432779594004874868e+00,9.301428690378088504e-06
1.432849743527277342e+00,9.264066648029256612e-06
1.432919858956792192e+00,9.215576028509531170e-06
1.432989940326542255e+00,9.175275408779270947e-06
1.433059987669600854e+00,9.131758815783541650e-06
1.433130001018994459e+00,9.087552825803868473e-06
1.433199980407700913e+00,9.048116226040292531e-06
1.433269925868650319e+00,9.003578270494472235e-06
1.433339837434724817e+00,8.962875654106028378e-06
1.433409715138758367e+00,8.919034371501766145e-06
1.433479559013538074e+00,8.874832928995601833e-06
1.433549369091802417e+00,8.845912816468626261e-06
1.433619145406243689e+00,8.793158485786989331e-06
1.433688887989505556e+00,8.756470379012171179e-06
1.433758596874184832e+00,8.714340765436645597e-06
1.433828272092831257e+00,8.671925570524763316e-06
1.433897913677947056e+00,8.635024641989730299e-06
1.433967521661987821e+00,8.588920536567457020e-06
1.434037096077361850e+00,8.551055543648544699e-06
1.434106636956431036e+00,8.516777597833424807e-06
1.434176144331509972e+00,8.470575266983360052e-06
1.434245618234866626e+00,8.435489689873065799e-06
1.434315058698723000e+00,8.393826647079549730e-06
1.434384465755253357e+00,8.352138138434384018e-06
1.434453839436586886e+00,8.323367183038499206e-06
1.434523179774805923e+00,8.276330845546908677e-06
1.434592486801945954e+00,8.244424861914012581e-06
1.434661760549997389e+00,8.199445801437832415e-06
1.434731001050904231e+00,8.169471584551502019e-06
1.434800208336563854e+00,8.123288353090174496e-06
1.434869382438828556e+00,8.094343684206251055e-06
1.434938523389504228e+00,8.047024493862409145e-06
1.435007631220351465e+00,8.008677468751557171e-06
1.435076705963085342e+00,7.981204362295102328e-06
1.435145747649374748e+00,7.937364898680243641e-06
1.435214756310844164e+00,7.904258382041007280e-06
1.435283731979071886e+00,7.862323400331661105e-06
1.435352674685590690e+00,7.833173185645136982e-06
1.435421584461889388e+00,7.789783921907655895e-06
1.435490461339410606e+00,7.758198080409783870e-06
1.435559305349552117e+00,7.718918823229614645e-06
1.435628116523667064e+00,7.684311640332452953e-06
1.435696894893063735e+00,7.648924110981170088e-06
1.435765640489005568e+00,7.610838565597077832e-06
1.435834353342711367e+00,7.579948032798711210e-06
1.435903033485355307e+00,7.541465492977295071e-06
1.435971680948067153e+00,7.506878318963572383e-06
1.436040295761931596e+00,7.473161531379446387e-06
1.436108877957990249e+00,7.437527528963983059e-06
1.436177427567239206e+00,7.400753929687198251e-06
1.436245944620631487e+00,7.369568720605457202e-06
1.436314429149075478e+00,7.333771918638376519e-06
1.436382881183435156e+00,7.299496246560011059e-06
1.436451300754531868e+00,7.268327408382901922e-06
1.436519687893141439e+00,7.230882147268857807e-06
1.436588042629997286e+00,7.201994776551146060e-06
1.436656364995788637e+00,7.165595889091491699e-06
1.436724655021161423e+00,7.131683560146484524e-06
1.436792912736717387e+00,7.101940354914404452e-06
1.436861138173015640e+00,7.067109436320606619e-06
1.436929331360571549e+00,7.034797818050719798e-06
1.436997492329857407e+00,7.000171990512171760e-06
1.437065621111301983e+00,6.973250037844991311e-06
1.437133717735291860e+00,6.935852070455439389e-06
1.437201782232169434e+00,6.909483545314287767e-06
1.437269814632234910e+00,6.871408913866616786e-06
1.437337814965745419e+00,6.842642960691591725e-06
1.437405783262915238e+00,6.809438673371914774e-06
1.437473719553916451e+00,6.776954251108691096e-06
1.437541623868877849e+00,6.748568921466358006e-06
1.437609496237886475e+00,6.714135452057234943e-06
1.437677336690985852e+00,6.688037501589860767e-06
1.437745145258178203e+00,6.652091087744338438e-06
1.437812921969423119e+00,6.622029559366637841e-06
1.437880666854637335e+00,6.593237685592612252e-06
1.437948379943696953e+00,6.559835128427948803e-06
1.438016061266434331e+00,6.532519819302251562e-06
1.438083710852640973e+00,6.501012649096082896e-06
1.438151328732065970e+00,6.469655545515706763e-06
1.438218914934417114e+00,6.445462986448546872e-06
1.438286469489359565e+00,6.408859007933642715e-06
1.438353992426518291e+00,6.378589205269236118e-06
1.438421483775474741e+00,6.361065061355475336e-06
1.438488943565770839e+00,6.319777639873791486e-06
1.438556371826905877e+00,6.298675089055905119e-06
1.438623768588337848e+00,6.261990620259894058e-06
1.438691133879484108e+00,6.234824923012638465e-06
1.438758467729720048e+00,6.206203124747844413e-06
1.438825770168380869e+00,6.179676802275935188e-06
1.438893041224759584e+00,6.149309228931088001e-06
1.438960280928109459e+00,6.124570973042864352e-06
1.439027489307641794e+00,6.092383046052418649e-06
1.439094666392528143e+00,6.064412445994094014e-06
1.439161812211898317e+00,6.038258106855209917e-06
1.439228926794842156e+00,6.009162461850792170e-06
1.439296010170408646e+00,5.979888555884826928e-06
1.439363062367606361e+00,5.957608664175495505e-06
1.439430083415403461e+00,5.925615823798580095e-06
1.439497073342727251e+00,5.903083092562155798e-06
1.439564032178465736e+00,5.870514087291667238e-06
1.439630959951466060e+00,5.845790383318671957e-06
1.439697856690535183e+00,5.819124453410040587e-06
1.439764722424440313e+00,5.790129762317519635e-06
1.439831557181908916e+00,5.766491540271090344e-06
1.439898360991627380e+00,5.736390903621213511e-06
1.439965133882243675e+00,5.709841843781759962e-06
1.440031875882365364e+00,5.688714281859574839e-06
1.440098587020560039e+00,5.658374902850482613e-06
1.440165267325356657e+00,5.635895377054112032e-06
1.440231916825243097e+00,5.606886588793713599e-06
1.440298535548669490e+00,5.582461199082899839e-06
1.440365123524045110e+00,5.555744337470969185e-06
1.440431680779741042e+00,5.530301223188871518e-06
1.440498207344088177e+00,5.504375621967483312e-06
1.440564703245379441e+00,5.482836058945395052e-06
1.440631168511867122e+00,5.453144694911316037e-06
1.440697603171765540e+00,5.433322257886175066e-06
1.440764007253249712e+00,5.403096110967453569e-06
1.440830380784456022e+00,5.380305992730427533e-06
1.440896723793481993e+00,5.355284429242601618e-06
1.440963036308385625e+00,5.328342012944631279e-06
1.441029318357187394e+00,5.309872449288377538e-06
1.441095569967868473e+00,5.280066034174524248e-06
1.441161791168371842e+00,5.258789315121248364e-06
1.441227981986601625e+00,5.233227511780569330e-06
1.441294142450424198e+00,5.211063125898363069e-06
1.441360272587666858e+00,5.185087047721026465e-06
1.441426372426119151e+00,5.162056368135381490e-06
1.441492441993532214e+00,5.139203949511284009e-06
1.441558481317619211e+00,5.113256065669702366e-06
1.441624490426055338e+00,5.093782419862691313e-06
1.441690469346477377e+00,5.066491667093941942e-06
1.441756418106485027e+00,5.044633780926233158e-06
1.441822336733639354e+00,5.023130597692215815e-06
1.441888225255463896e+00,4.996132702217437327e-06
1.441954083699444888e+00,4.976740456186234951e-06
1.442019912093030154e+00,4.951482878823298961e-06
1.442085710463631099e+00,4.928552243654849008e-06
1.442151478838620271e+00,4.909741164738079533e-06
1.442217217245334027e+00,4.883589554083300754e-06
1.442282925711070973e+00,4.864120001002447680e-06
1.442348604263091527e+00,4.838721906708087772e-06
1.442414252928620355e+00,4.822148184757679701e-06
1.442479871734843933e+00,4.794273081643041223e-06
1.442545460708912319e+00,4.778466063726227731e-06
1.442611019877938272e+00,4.750549578602658585e-06
1.442676549268997244e+00,4.732697561848908663e-06
1.442742048909128494e+00,4.708473170467186719e-06
1.442807518825333979e+00,4.687863565777661279e-06
1.442872959044579018e+00,4.666365384764503688e-06
1.442938369593792736e+00,4.645006356440717354e-06
1.443003750499866511e+00,4.623489985533524305e-06
1.443069101789656417e+00,4.602660737873520702e-06
1.443134423489981222e+00,4.581303528539137915e-06
1.443199715627623503e+00,4.560599336400628090e-06
1.443264978229330087e+00,4.539730980468448251e-06
1.443330211321810497e+00,4.519277354120276868e-06
1.443395414931738729e+00,4.499216629483271390e-06
1.443460589085752366e+00,4.476808499020989984e-06
1.443525733810452794e+00,4.457902832655236125e-06
1.443590849132406095e+00,4.436305516719585285e-06
1.443655935078141495e+00,4.414705472299829125e-06
1.443720991674152687e+00,4.397742486617062241e-06
1.443786018946897398e+00,4.375840489956317469e-06
1.443851016922798047e+00,4.354586508270585909e-06
1.443915985628241083e+00,4.335653102316427976e-06
1.443980925089576983e+00,4.317449111113091931e-06
1.444045835333121364e+00,4.298511612432776019e-06
1.444110716385153648e+00,4.276685558579629287e-06
1.444175568271918175e+00,4.258191893313778564e-06
1.444240391019623981e+00,4.238569090375676751e-06
1.444305184654444574e+00,4.220393293508095667e-06
1.444369949202518155e+00,4.199504928692476824e-06
1.444434684689948067e+00,4.181914391665486619e-06
1.444499391142802347e+00,4.161578090133843943e-06
1.444564068587113947e+00,4.142802936257794499e-06
1.444628717048880739e+00,4.125733539694920182e-06
1.444693336554065732e+00,4.104275376448640600e-06
1.444757927128597297e+00,4.089783942617941648e-06
1.444822488798368942e+00,4.066876499564386904e-06
1.444887021589238874e+00,4.050641564390389249e-06
1.444951525527031322e+00,4.031011940242024139e-06
1.445016000637535214e+00,4.014938895124942064e-06
1.445080446946505726e+00,3.994095095549710095e-06
1.445144864479662949e+00,3.975640083808684722e-06
1.445209253262692783e+00,3.959934474551118910e-06
1.445273613321246264e+00,3.940851001971168444e-06
1.445337944680940900e+00,3.923561507690465078e-06
1.445402247367359561e+00,3.904969162249471992e-06
1.445466521406050919e+00,3.887662387569434941e-06
1.445530766822529234e+00,3.870183718390762806e-06
1.445594983642275455e+00,3.852288045891327783e-06
1.445659171890735450e+00,3.835461029666475952e-06
1.445723331593322447e+00,3.817147444351576269e-06
1.445787462775414367e+00,3.801199227382312529e-06
1.445851565462356270e+00,3.782594376389170066e-06
1.445915639679459241e+00,3.764741677514393814e-06
1.445979685452000840e+00,3.750393489099224098e-06
1.446043702805224207e+00,3.730064236151520163e-06
1.446107691764339620e+00,3.715798129633185454e-06
1.446171652354524051e+00,3.696809244502219371e-06
1.446235584600919832e+00,3.679191877381526865e-06
1.446299488528637323e+00,3.662600647658109665e-06
1.446363364162752019e+00,3.650287453638156876e-06
1.446427211528307888e+00,3.629465254562092014e-06
1.446491030650314036e+00,3.620885991040267982e-06
1.446554821553747594e+00,3.596812348405364901e-06
1.446618584263551277e+00,3.585177864806610160e-06
1.446682318804636491e+00,3.564223561625112779e-06
1.446746025201880004e+00,3.553544274836895056e-06
1.446809703480126386e+00,3.532259370331303217e-06
1.446873353664187567e+00,3.518314088069018908e-06
1.446936975778842172e+00,3.501317223708610982e-06
1.447000569848835960e+00,3.486816467557218857e-06
1.447064135898882498e+00,3.469947159828734584e-06
1.447127673953662264e+00,3.455555088294204324e-06
1.447191184037823763e+00,3.438968178670620546e-06
1.447254666175982196e+00,3.424613169045187533e-06
1.447318120392720342e+00,3.407402573429862969e-06
1.447381546712589229e+00,3.393480028535122983e-06
1.447444945160106800e+00,3.377499751877621748e-06
1.447508315759759467e+00,3.360983328093425371e-06
1.447571658536000339e+00,3.347621031934977509e-06
1.447634973513251655e+00,3.331476364110130817e-06
1.447698260715902130e+00,3.317402615721221082e-06
1.447761520168308946e+00,3.301067863503703848e-06
1.447824751894797979e+00,3.285591219537309371e-06
1.447887955919662017e+00,3.274515165685443208e-06
1.447951132267162544e+00,3.256187028455315158e-06
1.448014280961529510e+00,3.243397941332659684e-06
1.448077402026960003e+00,3.227209163014777005e-06
1.448140495487620028e+00,3.212324372725561261e-06
1.448203561367644054e+00,3.200651235601981170e-06
1.448266599691134582e+00,3.184997922289767303e-06
1.448329610482163021e+00,3.170314812450669706e-06
1.448392593764768588e+00,3.155486865580314770e-06
1.448455549562959188e+00,3.142846935588750057e-06
1.448518477900711643e+00,3.126912588413688354e-06
1.448581378801971242e+00,3.114654191449517384e-06
1.448644252290651746e+00,3.098688239333569072e-06
1.448707098390636494e+00,3.085551725234836340e-06
1.448769917125776185e+00,3.071556648137629963e-06
1.448832708519891765e+00,3.058127504118601792e-06
1.448895472596772427e+00,3.043677679670508951e-06
1.448958209380176054e+00,3.029298795809154399e-06
1.449020918893830334e+00,3.018743882421404123e-06
1.449083601161431423e+00,3.002606263180496171e-06
1.449146256206644834e+00,2.991329665746889077e-06
1.449208884053104995e+00,2.975675670313648880e-06
1.449271484724416359e+00,2.964722398246522062e-06
1.449334058244151402e+00,2.948843984995619394e-06
1.449396604635853070e+00,2.937724502771743573e-06
1.449459123923033443e+00,2.922457497334107757e-06
1.449521616129173074e+00,2.909311660914681852e-06
1.449584081277723868e+00,2.898554839703137986e-06
1.449646519392105315e+00,2.883493380068102852e-06
1.449708930495707815e+00,2.872283403121400625e-06
1.449771314611891349e+00,2.857524350474704988e-06
1.449833671763984588e+00,2.845948074536863714e-06
1.449896001975287119e+00,2.832937525454326533e-06
1.449958305269067882e+00,2.820524969138205051e-06
1.450020581668565622e+00,2.807466216836473905e-06
1.450082831196988886e+00,2.794643705783528276e-06
1.450145053877516910e+00,2.782387127808760852e-06
1.450207249733297843e+00,2.770395440165884793e-06
1.450269418787450970e+00,2.756798494374379516e-06
1.450331561063064711e+00,2.745407755355699919e-06
1.450393676583198621e+00,2.733415385591797531e-06
1.450455765370881833e+00,2.721064220168045722e-06
1.450517827449113950e+00,2.708430429265717976e-06
1.450579862840865042e+00,2.695992861845297739e-06
1.450641871569075425e+00,2.684809260244946927e-06
1.450703853656655662e+00,2.672052687557879835e-06
1.450765809126487005e+00,2.659819529071683064e-06
1.450827738001421618e+00,2.649428552103927359e-06
1.450889640304281469e+00,2.636277940837317146e-06
1.450951516057859658e+00,2.625162551339599304e-06
1.451013365284919976e+00,2.612700200188555755e-06
1.451075188008196681e+00,2.602219183245324530e-06
1.451136984250394724e+00,2.589930545582319610e-06
1.451198754034191074e+00,2.578077328507788479e-06
1.451260497382231618e+00,2.567413730503176339e-06
1.451322214317134707e+00,2.554425918788183481e-06
1.451383904861489382e+00,2.542937409089063294e-06
1.451445569037855154e+00,2.532712187530705705e-06
1.451507206868762889e+00,2.520698899388662539e-06
1.451568818376715253e+00,2.509321575416834094e-06
1.451630403584184936e+00,2.500032906027627178e-06
1.451691962513616874e+00,2.486799530743155628e-06
1.451753495187426468e+00,2.477476300555281341e-06
1.451815001628001145e+00,2.464946192048955709e-06
1.451876481857699464e+00,2.454749846947379410e-06
1.451937935898851340e+00,2.443764287818339653e-06
1.451999363773757823e+00,2.433770760035258718e-06
1.452060765504692430e+00,2.421653107376187108e-06
1.452122141113898923e+00,2.411988361927797087e-06
1.452183490623594198e+00,2.400310222583357245e-06
1.452244814055965616e+00,2.390147756159421988e-06
1.452306111433173008e+00,2.379058514634380117e-06
1.452367382777346894e+00,2.368528612350928597e-06
1.452428628110591369e+00,2.358056462981039658e-06
1.452489847454980998e+00,2.347985628148308024e-06
1.452551040832562368e+00,2.337173782507306896e-06
1.452612208265354754e+00,2.326750063730287366e-06
1.452673349775349010e+00,2.316922291356604546e-06
1.452734465384507567e+00,2.305860562046291307e-06
1.452795555114765769e+00,2.295359536219621077e-06
1.452856618988030535e+00,2.287018560309661552e-06
1.452917657026181253e+00,2.275413635288714431e-06
1.452978669251069777e+00,2.266216142743360251e-06
1.453039655684519760e+00,2.255158733532880433e-06
1.453100616348327323e+00,2.245782980025978759e-06
1.453161551264261053e+00,2.235412011941662058e-06
1.453222460454062226e+00,2.225667230959516019e-06
1.453283343939443917e+00,2.215836730101727881e-06
1.453344201742092334e+00,2.205782038799952716e-06
1.453405033883666375e+00,2.196387413277989253e-06
1.453465840385796515e+00,2.186142182836192660e-06
1.453526621270087249e+00,2.177177520934492350e-06
1.453587376558114652e+00,2.166782905987929553e-06
1.453648106271428375e+00,2.157310746042639948e-06
1.453708810431550091e+00,2.148267867596587166e-06
1.453769489059975495e+00,2.138387344530201517e-06
1.453830142178171636e+00,2.128929736500140280e-06
1.453890769807579808e+00,2.119670853062416427e-06
1.453951371969613549e+00,2.110612058459082618e-06
1.454011948685659750e+00,2.100755864375969395e-06
1.454072499977078214e+00,2.092053591695730574e-06
1.454133025865201656e+00,2.082293349303654395e-06
1.454193526371336587e+00,2.073346195174963214e-06
1.454254001516762207e+00,2.064499085463467054e-06
1.454314451322730850e+00,2.054538072115974501e-06
1.454374875810468426e+00,2.046818053713650443e-06
1.454435275001174865e+00,2.036255636994610541e-06
1.454495648916021899e+00,2.027348273259121925e-06
1.454555997576156168e+00,2.019273097175755538e-06
1.454616321002696999e+00,2.009254558288375847e-06
1.454676619216737077e+00,2.002918336074799299e-06
1.454736892239343549e+00,1.991593308048322797e-06
1.454797140091556251e+00,1.984820983125246130e-06
1.454857362794389042e+00,1.974140104721300304e-06
1.454917560368829799e+00,1.965579713214538060e-06
1.454977732835839532e+00,1.957761014637071639e-06
1.455037880216353274e+00,1.948600129253463820e-06
1.455098002531280077e+00,1.940261881827609614e-06
1.455158099801502569e+00,1.931455244630342349e-06
1.455218172047877401e+00,1.923295712913386524e-06
1.455278219291235686e+00,1.914484300868934952e-06
1.455338241552381673e+00,1.906679131025157403e-06
1.455398238852093851e+00,1.897446963994298130e-06
1.455458211211125397e+00,1.889183749881340191e-06
1.455518158650202620e+00,1.881647108348261099e-06
1.455578081190027628e+00,1.873037035693414509e-06
1.455637978851274772e+00,1.864897399173059966e-06
1.455697851654594199e+00,1.856557560131477658e-06
1.455757699620608969e+00,1.848556394179468043e-06
1.455817522769918160e+00,1.840500090111163445e-06
1.455877321123093981e+00,1.832200496210134588e-06
1.455937094700683776e+00,1.824251853577152360e-06
1.455996843523208240e+00,1.816219992178957909e-06
1.456056567611163866e+00,1.807988041946373414e-06
1.456116266985021390e+00,1.800705035748251248e-06
1.456175941665225793e+00,1.792317902982176747e-06
1.456235591672196517e+00,1.784839810170524288e-06
1.456295217026328803e+00,1.776643102857633494e-06
1.456354817747991026e+00,1.768695483406190760e-06
1.456414393857527800e+00,1.761794578669650946e-06
1.456473945375257317e+00,1.753307856233732309e-06
1.456533472321474010e+00,1.745978920553170610e-06
1.456592974716445443e+00,1.738152036523388233e-06
1.456652452580415646e+00,1.730932240207039285e-06
1.456711905933602669e+00,1.722953811622573994e-06
1.456771334796200579e+00,1.715825646897428669e-06
1.456830739188377022e+00,1.708128593236324377e-06
1.456890119130276329e+00,1.700672441984352190e-06
1.456949474642016629e+00,1.692923319751571398e-06
1.457008805743692070e+00,1.685959091446420643e-06
1.457068112455371933e+00,1.678365038060292136e-06
1.457127394797100406e+00,1.670629899308551103e-06
1.457186652788897252e+00,1.664225692366017029e-06
1.457245886450757144e+00,1.656094468671653885e-06
1.457305095802650996e+00,1.649731302677537315e-06
1.457364280864524186e+00,1.641719222789106425e-06
1.457423441656298557e+00,1.634979980735806748e-06
1.457482578197870193e+00,1.627732785891566891e-06
1.457541690509112087e+00,1.620501052457257174e-06
1.457600778609871695e+00,1.613825133972568437e-06
1.457659842519972715e+00,1.606338969395437744e-06
1.457718882259214199e+00,1.599904862814582884e-06
1.457777897847371218e+00,1.592275111761409789e-06
1.457836889304194639e+00,1.586116809448867571e-06
1.457895856649410460e+00,1.578373030497459695e-06
1.457954799902720922e+00,1.571813527334597893e-06
1.458013719083804505e+00,1.565048023621784523e-06
1.458072614212315044e+00,1.557765472171013243e-06
1.458131485307882391e+00,1.552332946630485822e-06
1.458190332390112642e+00,1.544278006804233883e-06
1.458249155478587467e+00,1.538941660328418948e-06
1.458307954592864775e+00,1.530933673166146036e-06
1.458366729752479385e+00,1.525019229120516684e-06
1.458425480976940802e+00,1.517910618531459477e-06
1.458484208285736106e+00,1.511327468506351579e-06
1.458542911698327060e+00,1.504943384134094231e-06
1.458601591234153005e+00,1.498114102105319034e-06
1.458660246912629299e+00,1.492261958446761128e-06
1.458718878753147097e+00,1.485209281781862956e-06
1.458777486775074461e+00,1.479480374655395281e-06
1.458836070997755696e+00,1.472318217565771192e-06
1.458894631440510903e+00,1.466546791561995633e-06
1.458953168122638200e+00,1.459529471503628884e-06
1.459011681063410615e+00,1.453817390029144008e-06
1.459070170282078749e+00,1.446928081350051798e-06
1.459128635797869444e+00,1.440517053197254427e-06
1.459187077629986007e+00,1.435310423403279856e-06
1.459245495797608649e+00,1.428113137080799788e-06
1.459303890319894714e+00,1.422085233571124263e-06
1.459362261215977119e+00,1.416154873368213885e-06
1.459420608504966577e+00,1.409587639500387013e-06
1.459478932205950485e+00,1.404933072990388609e-06
1.459537232337992707e+00,1.397425990035117138e-06
1.459595508920134455e+00,1.392878743899927940e-06
1.459653761971393404e+00,1.385502628181711771e-06
1.459711991510764584e+00,1.380258595418126788e-06
1.459770197557220150e+00,1.373567442897183355e-06
1.459828380129708503e+00,1.368363314213638660e-06
1.459886539247156056e+00,1.361712747893761843e-06
1.459944674928466135e+00,1.356664597551571205e-06
1.460002787192518747e+00,1.350179104520066176e-06
1.460060876058171475e+00,1.344579573014925700e-06
1.460118941544259030e+00,1.338717197540972847e-06
1.460176983669593476e+00,1.332896431449626107e-06
1.460235002452964004e+00,1.327100790149415843e-06
1.460292997913137603e+00,1.321522745456604753e-06
1.460350970068858167e+00,1.315676058766257484e-06
1.460408918938846723e+00,1.310191464654053561e-06
1.460466844541802756e+00,1.304630131926387548e-06
1.460524746896402215e+00,1.298751612921478227e-06
1.460582626021299291e+00,1.293357399845262989e-06
1.460640481935125301e+00,1.287625650547852274e-06
1.460698314656489583e+00,1.282256107515422627e-06
1.460756124203978379e+00,1.276763100577227306e-06
1.460813910596156173e+00,1.271139694836165290e-06
1.460871673851565244e+00,1.265852688447921537e-06
1.460929413988725001e+00,1.260449835172039457e-06
1.460987131026133312e+00,1.254907374459435232e-06
1.461044824982265400e+00,1.249443243978021201e-06
1.461102495875574503e+00,1.244447844328533392e-06
1.461160143724491656e+00,1.238547042703430634e-06
1.461217768547425910e+00,1.233771172337583266e-06
1.461275370362764336e+00,1.228099790751002729e-06
1.461332949188872021e+00,1.222796186084451620e-06
1.461390505044091181e+00,1.217914132212172262e-06
1.461448037946743828e+00,1.212177153320226353e-06
1.461505547915128433e+00,1.207563855132320896e-06
1.461563034967522379e+00,1.201852910526213236e-06
1.461620499122180838e+00,1.196912080558831804e-06
1.461677940397337672e+00,1.191670548905676696e-06
1.461735358811204755e+00,1.186620579574082512e-06
1.461792754381971982e+00,1.181648599413165357e-06
1.461850127127807708e+00,1.176539967673306819e-06
1.461907477066858974e+00,1.171643361885799095e-06
1.461964804217250391e+00,1.166438323707552627e-06
1.462022108597085701e+00,1.161928707915649284e-06
1.462079390224446662e+00,1.156556436399114318e-06
1.462136649117393938e+00,1.151975197899446357e-06
1.462193885293966211e+00,1.146688987319066655e-06
1.462251098772181068e+00,1.142112751040258445e-06
1.462308289570034114e+00,1.136982632488070522e-06
1.462365457705500305e+00,1.132509964918426704e-06
1.462422603196532833e+00,1.127214204643678386e-06
1.462479726061063801e+00,1.122684238907822873e-06
1.462536826317003547e+00,1.117818442253337707e-06
1.462593903982241761e+00,1.112886025111947674e-06
1.462650959074646151e+00,1.108463266064063646e-06
1.462707991612063996e+00,1.103368731492082588e-06
1.462765001612321036e+00,1.099282371797016822e-06
1.462821989093221697e+00,1.094032427317870315e-06
1.462878954072550197e+00,1.089741999749094248e-06
1.462935896568068328e+00,1.084819018615235109e-06
1.462992816597518120e+00,1.080604079106706195e-06
1.463049714178619842e+00,1.075623572432959918e-06
1.463106589329073337e+00,1.071215820047655143e-06
1.463163442066556685e+00,1.066613322109333239e-06
1.463220272408728206e+00,1.061983994077309035e-06
1.463277080373224459e+00,1.057726876751985401e-06
1.463333865977661574e+00,1.053146888807532378e-06
1.463390629239634810e+00,1.048605099640553817e-06
1.463447370176718554e+00,1.044295117935689632e-06
1.463504088806466985e+00,1.039772769217961468e-06
1.463560785146412746e+00,1.035347054312296677e-06
1.463617459214068273e+00,1.031040483212564141e-06
1.463674111026925795e+00,1.026574523166345898e-06
1.463730740602456004e+00,1.022313767862215172e-06
1.463787347958109830e+00,1.017936142488906626e-06
1.463843933111317108e+00,1.013557380247220863e-06
1.463900496079487690e+00,1.009504330795607530e-06
1.463957036880010332e+00,1.004908767754386645e-06
1.464013555530254251e+00,1.000698262032528874e-06
1.464070052047567128e+00,9.968350695999106392e-07
1.464126526449277321e+00,9.922204071699525230e-07
1.464182978752692321e+00,9.886142606774228625e-07
1.464239408975099188e+00,9.839452559390338138e-07
1.464295817133764999e+00,9.800452289709937759e-07
1.464352203245936401e+00,9.756481631484348327e-07
1.464408567328840283e+00,9.717800821817945689e-07
1.464464909399682435e+00,9.674366765466402285e-07
1.464521229475649555e+00,9.636722779760020785e-07
1.464577527573907245e+00,9.592565675120567903e-07
1.464633803711601567e+00,9.552538813295541331e-07
1.464690057905858600e+00,9.513841519037669059e-07
1.464746290173784438e+00,9.471562520957377274e-07
1.464802500532464746e+00,9.437186463401303627e-07
1.464858688998964986e+00,9.392040283273672685e-07
1.464914855590331966e+00,9.357574981549987569e-07
1.464971000323591399e+00,9.314102840107807424e-07
1.465027123215749683e+00,9.276271839553373866e-07
1.465083224283792784e+00,9.236108553523081355e-07
1.465139303544688021e+00,9.198765837936662138e-07
1.465195361015381392e+00,9.158368925454851706e-07
1.465251396712800247e+00,9.121553716795460787e-07
1.465307410653852394e+00,9.081996950044413097e-07
1.465363402855424768e+00,9.044986200024140999e-07
1.465419373334386099e+00,9.006316759041510522e-07
1.465475322107584022e+00,8.967844564722327050e-07
1.465531249191847740e+00,8.932798891692073084e-07
1.465587154603986253e+00,8.892014307093631942e-07
1.465643038360789907e+00,8.859154263518576045e-07
1.465698900479027733e+00,8.817974048724863678e-07
1.465754740975451442e+00,8.785413569967204239e-07
1.465810559866791873e+00,8.744278829908580519e-07
1.465866357169760992e+00,8.710592851457477082e-07
1.465922132901051222e+00,8.671950126881711185e-07
1.465977887077335451e+00,8.638482995593221858e-07
1.466033619715267911e+00,8.599174066148407292e-07
1.466089330831482851e+00,8.564372251385066193e-07
1.466145020442595648e+00,8.528321018275164533e-07
1.466200688565201915e+00,8.493339578308223281e-07
1.466256335215879059e+00,8.457265607830777299e-07
1.466311960411184279e+00,8.421897632615582552e-07
1.466367564167656345e+00,8.387492016481701285e-07
1.466423146501814267e+00,8.351414066964935046e-07
1.466478707430158401e+00,8.316956154885701835e-07
1.466534246969170230e+00,8.282773933387943543e-07
1.466589765135311918e+00,8.247620257861854043e-07
1.466645261945026535e+00,8.213550586333440151e-07
1.466700737414738276e+00,8.180169288607430644e-07
1.466756191560852240e+00,8.145479455379245337e-07
1.466811624399755321e+00,8.111420015666226391e-07
1.466867035947814868e+00,8.078606583694636356e-07
1.466922426221379139e+00,8.044485753089247737e-07
1.466977795236778404e+00,8.011059549062338192e-07
1.467033143010323393e+00,7.978167104738531634e-07
1.467088469558306407e+00,7.943599484860897064e-07
1.467143774897001318e+00,7.913200761322514154e-07
1.467199059042662679e+00,7.877848702264600433e-07
1.467254322011526613e+00,7.847113465686561540e-07
1.467309563819810814e+00,7.812042781552008819e-07
1.467364784483713658e+00,7.782870170558453538e-07
1.467419984019415757e+00,7.747693757664819714e-07
1.467475162443079073e+00,7.717927701378357597e-07
1.467530319770846248e+00,7.683509011258138344e-07
1.467585456018842383e+00,7.653158604625787120e-07
1.467640571203173483e+00,7.620273549946432468e-07
1.467695665339927125e+00,7.588218977616634220e-07
1.467750738445172676e+00,7.559932555523118936e-07
1.467805790534961519e+00,7.525684395659482107e-07
1.467860821625325496e+00,7.496431067011144478e-07
1.467915831732279575e+00,7.463908673344121780e-07
1.467970820871818738e+00,7.433222322106303181e-07
1.468025789059921316e+00,7.402884421026101336e-07
1.468080736312546097e+00,7.373622565864934586e-07
1.468135662645634998e+00,7.341614605138602201e-07
1.468190568075109947e+00,7.311874696824816056e-07
1.468245452616876667e+00,7.281533385139482561e-07
1.468300316286821117e+00,7.251397278196236584e-07
1.468355159100811935e+00,7.220945121844124515e-07
1.468409981074699555e+00,7.192363113972533029e-07
1.468464782224316423e+00,7.162102519941981882e-07
1.468519562565476555e+00,7.132383643693174236e-07
1.468574322113976871e+00,7.102399877112475224e-07
1.468629060885594750e+00,7.074825134623097256e-07
1.468683778896091141e+00,7.044733365546562709e-07
1.468738476161208562e+00,7.015382834651973099e-07
1.468793152696671100e+00,6.988435643506818451e-07
1.468847808518185971e+00,6.957785103622882161e-07
1.468902443641441291e+00,6.930638960511714686e-07
1.468957058082108968e+00,6.900737616888363846e-07
1.469011651855841594e+00,6.873807478768867441e-07
1.469066224978274438e+00,6.844884410384111106e-07
1.469120777465025673e+00,6.816813424848078284e-07
1.469175309331695267e+00,6.788962423343036789e-07
1.469229820593865643e+00,6.760614610357151832e-07
1.469284311267101018e+00,6.733282020832120907e-07
1.469338781366948510e+00,6.705227519887557719e-07
1.469393230908937698e+00,6.678451427433174103e-07
1.469447659908580395e+00,6.650494128734862898e-07
1.469502068381371318e+00,6.624179604841629043e-07
1.469556456342786310e+00,6.596045523110660724e-07
1.469610823808285671e+00,6.570140840267413296e-07
1.469665170793310605e+00,6.541879429278196767e-07
1.469719497313285661e+00,6.516299322356644552e-07
1.469773803383617627e+00,6.488618282673996873e-07
1.469828089019696193e+00,6.462107080551504623e-07
1.469882354236893729e+00,6.436652597585634794e-07
1.469936599050564840e+00,6.409233037629746832e-07
1.469990823476047037e+00,6.383348249983100686e-07
1.470045027528660730e+00,6.357582833516062237e-07
1.470099211223708568e+00,6.332164730338263325e-07
1.470153374576476990e+00,6.305800752670620568e-07
1.470207517602233782e+00,6.281021569520817138e-07
1.470261640316230745e+00,6.254529694160737563e-07
1.470315742733702136e+00,6.229613518371479586e-07
1.470369824869864672e+00,6.204236910889449064e-07
1.470423886739918640e+00,6.178705120873928536e-07
1.470477928359046560e+00,6.153586582513526082e-07
1.470531949742414746e+00,6.128717586761922576e-07
1.470585950905171524e+00,6.103076657382189296e-07
1.470639931862449235e+00,6.078194019210059196e-07
1.470693892629362010e+00,6.055703352103591897e-07
1.470747833221008216e+00,6.028958523529581726e-07
1.470801753652468458e+00,6.006802664160204586e-07
1.470855653938807128e+00,5.980315336273633875e-07
1.470909534095071081e+00,5.956455311206809711e-07
1.470963394136290736e+00,5.932589033363910858e-07
1.471017234077479419e+00,5.908109983465692494e-07
1.471071053933634021e+00,5.884413667445187457e-07
1.471124853719734116e+00,5.860085252606950235e-07
1.471178633450743289e+00,5.836190553054620977e-07
1.471232393141607586e+00,5.813598704662581440e-07
1.471286132807256841e+00,5.789244141851668246e-07
1.471339852462604014e+00,5.766446520283352584e-07
1.471393552122545412e+00,5.742433586419792846e-07
1.471447231801961131e+00,5.720507942896801978e-07
1.471500891515714171e+00,5.696109610653365962e-07
1.471554531278650657e+00,5.674500584973429795e-07
1.471608151105601392e+00,5.650437060467083938e-07
1.471661751011379193e+00,5.628106123367615510e-07
1.471715331010781336e+00,5.605321007351449225e-07
1.471768891118587996e+00,5.582409698945411947e-07
1.471822431349563809e+00,5.559759301831945777e-07
1.471875951718456088e+00,5.538217351386265364e-07
1.471929452239995717e+00,5.515332759387092665e-07
1.471982932928898036e+00,5.492825607689155731e-07
1.472036393799861287e+00,5.471263193612685427e-07
1.472089834867567504e+00,5.449168156701489352e-07
1.472143256146682733e+00,5.427451128525717650e-07
1.472196657651856144e+00,5.405082106335612480e-07
1.472250039397721588e+00,5.383682264437084086e-07
1.472303401398895595e+00,5.361505941436917055e-07
1.472356743669979151e+00,5.340593816072214395e-07
1.472410066225556813e+00,5.318524927133694291e-07
1.472463369080197149e+00,5.297263214742997661e-07
1.472516652248452740e+00,5.275971943774493411e-07
1.472569915744859070e+00,5.255037081042246427e-07
1.472623159583936969e+00,5.233886781752516981e-07
1.472676383780190168e+00,5.213217377786349971e-07
1.472729588348106855e+00,5.191960781303350814e-07
1.472782773302158565e+00,5.171581847207562532e-07
1.472835938656801735e+00,5.150550919097440783e-07
1.472889084426476147e+00,5.130041245138272643e-07
1.472942210625605819e+00,5.109976655148784630e-07
1.472995317268599003e+00,5.089067940389213618e-07
1.473048404369847963e+00,5.068997097623650916e-07
1.473101471943728535e+00,5.048256639383907896e-07
1.473154520004601897e+00,5.028927603234478738e-07
1.473207548566812353e+00,5.007987056160345674e-07
1.473260557644688662e+00,4.989462354387796950e-07
1.473313547252543820e+00,4.968130724591901526e-07
1.473366517404675280e+00,4.949383196617418434e-07
1.473419468115364506e+00,4.928710382046119776e-07
1.473472399398877419e+00,4.909696826871368103e-07
1.473525311269463733e+00,4.889776619165786542e-07
1.473578203741358283e+00,4.870198608841747046e-07
1.473631076828779918e+00,4.851127641813945957e-07
1.473683930545931275e+00,4.831458682019729167e-07
1.473736764907000341e+00,4.812520160157873761e-07
1.473789579926159110e+00,4.793311063622240908e-07
1.473842375617563816e+00,4.774182116307201795e-07
1.473895151995355368e+00,4.755509337428520666e-07
1.473947909073659135e+00,4.736199059607315576e-07
1.474000646866585162e+00,4.717896047168324003e-07
1.474053365388227510e+00,4.698617317444586661e-07
1.474106064652665582e+00,4.681126597461116035e-07
1.474158744673962795e+00,4.661473269607085967e-07
1.474211405466167024e+00,4.643083002520143054e-07
1.474264047043311265e+00,4.624534142294578487e-07
1.474316669419412529e+00,4.607163361924904166e-07
1.474369272608473391e+00,4.588131616856117034e-07
1.474421856624480665e+00,4.570524083646887448e-07
1.474474421481405395e+00,4.551982328848680481e-07
1.474526967193203975e+00,4.534078641427186085e-07
1.474579493773817473e+00,4.516471960869239410e-07
1.474632001237171419e+00,4.498227497151674470e-07
1.474684489597176684e+00,4.480797599626384908e-07
1.474736958867728376e+00,4.463128959741879953e-07
1.474789409062706502e+00,4.445155639132281067e-07
1.474841840195976639e+00,4.427749900060007349e-07
1.474894252281388596e+00,4.410275948885100661e-07
1.474946645332776862e+00,4.393206722852482926e-07
1.474999019363961716e+00,4.375638411602267297e-07
1.475051374388747893e+00,4.358511205282411538e-07
1.475103710420924807e+00,4.341485748682316625e-07
1.475156027474267439e+00,4.324077451656194171e-07
1.475208325562535450e+00,4.307052847707382170e-07
1.475260604699474065e+00,4.290327240141778020e-07
1.475312864898812304e+00,4.273368858775938861e-07
1.475365106174265639e+00,4.256508248090540292e-07
1.475417328539534445e+00,4.240072257744031958e-07
1.475469532008303108e+00,4.223227847433008719e-07
1.475521716594242472e+00,4.206930270811426453e-07
1.475573882311008056e+00,4.190180220575712156e-07
1.475626029172240505e+00,4.173959951003780589e-07
1.475678157191565365e+00,4.157267312621115707e-07
1.475730266382594413e+00,4.141201088714296930e-07
1.475782356758923441e+00,4.125155328438268043e-07
1.475834428334134696e+00,4.108600819563434925e-07
1.475886481121794658e+00,4.093170957730762893e-07
1.475938515135455820e+00,4.076885034010047093e-07
1.475990530388656241e+00,4.060702281094563659e-07
1.476042526894918216e+00,4.045269861308042891e-07
1.476094504667750273e+00,4.029076023925881600e-07
1.476146463720646729e+00,4.013393777313467581e-07
1.476198404067086356e+00,3.997893998075596755e-07
1.476250325720533718e+00,3.982156044912699144e-07
1.476302228694439167e+00,3.966526094245637069e-07
1.476354113002238400e+00,3.951227256493439199e-07
1.476405978657352458e+00,3.935730035209417110e-07
1.476457825673187951e+00,3.920517315236793365e-07
1.476509654063137056e+00,3.905159928763168864e-07
1.476561463840577515e+00,3.889950619395676767e-07
1.476613255018873305e+00,3.875069296555011533e-07
1.476665027611372416e+00,3.859983621623541694e-07
1.476716781631409958e+00,3.844811828912497731e-07
1.476768517092306388e+00,3.830109278624149738e-07
1.476820234007367505e+00,3.815031845988414716e-07
1.476871932389885123e+00,3.800558090460981475e-07
1.476923612253135953e+00,3.785692683777597267e-07
1.476975273610384054e+00,3.770774981148861116e-07
1.477026916474877494e+00,3.756354374218062731e-07
1.477078540859851241e+00,3.741670866475033108e-07
1.477130146778525832e+00,3.727153909949265653e-07
1.477181734244107369e+00,3.712883085427165497e-07
1.477233303269787745e+00,3.698500279369909549e-07
1.477284853868745307e+00,3.684213254473434063e-07
1.477336386054143524e+00,3.669937882477825042e-07
1.477387899839132546e+00,3.655746638742130017e-07
1.477439395236847863e+00,3.641616785898804665e-07
1.477490872260410537e+00,3.627553724072640762e-07
1.477542330922928748e+00,3.613875492192164529e-07
1.477593771237495801e+00,3.599586477776028914e-07
1.477645193217191011e+00,3.585941499295586254e-07
1.477696596875080370e+00,3.571899185317306546e-07
1.477747982224215217e+00,3.558500054623436881e-07
1.477799349277632901e+00,3.544492415130662266e-07
1.477850698048357669e+00,3.530814183250186034e-07
1.477902028549398894e+00,3.517427558108465746e-07
1.477953340793753068e+00,3.503673724480904639e-07
1.478004634794401584e+00,3.490477240575273754e-07
1.478055910564313180e+00,3.476837662219622871e-07
1.478107168116441716e+00,3.463539144377136836e-07
1.478158407463728619e+00,3.450234089541481808e-07
1.478209628619099991e+00,3.437154703078704188e-07
1.478260831595469060e+00,3.423822931836184580e-07
1.478312016405735063e+00,3.410788735891401302e-07
1.478363183062784136e+00,3.397674106508929981e-07
1.478414331579487540e+00,3.384619731150451116e-07
1.478465461968703876e+00,3.371845309629861731e-07
1.478516574243277537e+00,3.358795197527797427e-07
1.478567668416038927e+00,3.345900552176317433e-07
1.478618744499806237e+00,3.333221627599414205e-07
1.478669802507382558e+00,3.320598978007183177e-07
1.478720842451557882e+00,3.307735312318982324e-07
1.478771864345108877e+00,3.295212422926852014e-07
1.478822868200798446e+00,3.282481486621691147e-07
1.478873854031376167e+00,3.270140780387009727e-07
1.478924821849577631e+00,3.257489424868253991e-07
1.478975771668125327e+00,3.245266952944803052e-07
1.479026703499728201e+00,3.232936194308422273e-07
1.479077617357081875e+00,3.220452811092400225e-07
1.479128513252867982e+00,3.208240286767249927e-07
1.479179391199755722e+00,3.196093700807978166e-07
1.479230251210400082e+00,3.183948251717083622e-07
1.479281093297442506e+00,3.171838045545882778e-07
1.479331917473512226e+00,3.159745745051623089e-07
1.479382723751223594e+00,3.147758036448067287e-07
1.479433512143178975e+00,3.135889130589930573e-07
1.479484282661966521e+00,3.123894600776111474e-07
1.479535035320161729e+00,3.112053548193216557e-07
1.479585770130326550e+00,3.100384731169469887e-07
1.479636487105009612e+00,3.088564994868647773e-07
1.479687186256746223e+00,3.076905841226107441e-07
1.479737867598059031e+00,3.065197802243346814e-07
1.479788531141456920e+00,3.053737600566819310e-07
1.479839176899435449e+00,3.042085552351636579e-07
1.479889804884477966e+00,3.030616824162279954e-07
1.479940415109053831e+00,3.019248140390118351e-07
1.479991007585619300e+00,3.007788222930685151e-07
1.480041582326618199e+00,2.996391117449093144e-07
1.480092139344480584e+00,2.985151752454839880e-07
1.480142678651623633e+00,2.973895334434928373e-07
1.480193200260451869e+00,2.962630389902187744e-07
1.480243704183356046e+00,2.951509827653353568e-07
1.480294190432714707e+00,2.940426213626778917e-07
1.480344659020892850e+00,2.929331230916432105e-07
1.480395109960242372e+00,2.918358461556636030e-07
1.480445543263103181e+00,2.907355849401938030e-07
1.480495958941800971e+00,2.896502167004655348e-07
1.480546357008649672e+00,2.885538208374782698e-07
1.480596737475949443e+00,2.874679125852708239e-07
1.480647100355988011e+00,2.864030932414607378e-07
1.480697445661040001e+00,2.853118417078803759e-07
1.480747773403367606e+00,2.842567425886954879e-07
1.480798083595219472e+00,2.831840220096637495e-07
1.480848376248832032e+00,2.821215900894458173e-07
1.480898651376429065e+00,2.810792807395046111e-07
1.480948908990220803e+00,2.800184404350147815e-07
1.480999149102405710e+00,2.789711572859232547e-07
1.481049371725168484e+00,2.779279384412802756e-07
1.481099576870682055e+00,2.768904607819422381e-07
1.481149764551105807e+00,2.758561663540604059e-07
1.481199934778586913e+00,2.748247993622499052e-07
1.481250087565259665e+00,2.738027831128420075e-07
1.481300222923246590e+00,2.727828416482225293e-07
1.481350340864656001e+00,2.717615643632598221e-07
1.481400441401584667e+00,2.707509452193335164e-07
1.481450524546116698e+00,2.697391323636111338e-07
1.481500590310323107e+00,2.687457083538902225e-07
1.481550638706262912e+00,2.677392956229596166e-07
1.481600669745982701e+00,2.667456442395632621e-07
1.481650683441515293e+00,2.657571940289926715e-07
1.481700679804882848e+00,2.647644805620075203e-07
1.481750658848093094e+00,2.637893032897409284e-07
1.481800620583143102e+00,2.628065942644752795e-07
1.481850565022016175e+00,2.618319285829784349e-07
1.481900492176684070e+00,2.608596503250737442e-07
1.481950402059105221e+00,2.598928574570891215e-07
1.482000294681226515e+00,2.589388827800576109e-07
1.482050170054981519e+00,2.579754720954952063e-07
1.482100028192292474e+00,2.570264427959045861e-07
1.482149869105068740e+00,2.560722691669070628e-07
1.482199692805207247e+00,2.551247177962068236e-07
1.482249499304592488e+00,2.541814296819211449e-07
1.482299288615096966e+00,2.532432006319140783e-07
1.482349060748581193e+00,2.523066768844728358e-07
1.482398815716892804e+00,2.513758374789176742e-07
1.482448553531866997e+00,2.504551730453385971e-07
1.482498274205327649e+00,2.495283126791036921e-07
1.482547977749085977e+00,2.486085861619358184e-07
1.482597664174940322e+00,2.476928102623787709e-07
1.482647333494677921e+00,2.467824913310323609e-07
1.482696985720073357e+00,2.458720587128482293e-07
1.482746620862888776e+00,2.449698968121083453e-07
1.482796238934874999e+00,2.440725097585527692e-07
1.482845839947769306e+00,2.431732468721747864e-07
1.482895423913298982e+00,2.422836473670031410e-07
1.482944990843176658e+00,2.413921436072996585e-07
1.482994540749105417e+00,2.405065231414482696e-07
1.483044073642774352e+00,2.396291165496222675e-07
1.483093589535861678e+00,2.387476456533477176e-07
1.483143088440033175e+00,2.378754544452021946e-07
1.483192570366942631e+00,2.370062048839827185e-07
1.483242035328231623e+00,2.361406927775533404e-07
1.483291483335530403e+00,2.352757348944578553e-07
1.483340914400456567e+00,2.344191472047896241e-07
1.483390328534615943e+00,2.335608684234102839e-07
1.483439725749603033e+00,2.327119119627241162e-07
1.483489106056999685e+00,2.318632255082775373e-07
1.483538469468376197e+00,2.310153064399855793e-07
1.483587815995290882e+00,2.301726880205023917e-07
1.483637145649290279e+00,2.293322154400811996e-07
1.483686458441908940e+00,2.284992604018043494e-07
1.483735754384669869e+00,2.276661774658350623e-07
1.483785033489083860e+00,2.268427010676532518e-07
1.483834295766650824e+00,2.260192246694714413e-07
1.483883541228857350e+00,2.251949098308614339e-07
1.483932769887179814e+00,2.243781835886693443e-07
1.483981981753081714e+00,2.235622105217771605e-07
1.484031176838015442e+00,2.227554034561762819e-07
1.484080355153421849e+00,2.219454557916833437e-07
1.484129516710729346e+00,2.211442620136949699e-07
1.484178661521355469e+00,2.203423719038255513e-07
1.484227789596705538e+00,2.195452708519951557e-07
1.484276900948173106e+00,2.187497898376022931e-07
1.484325995587140845e+00,2.179598652674030745e-07
1.484375073524978994e+00,2.171737065737033845e-07
1.484424134773046688e+00,2.163871641869263840e-07
1.484473179342691518e+00,2.156093472649445175e-07
1.484522207245248859e+00,2.148309476979193278e-07
1.484571218492043432e+00,2.140550776630334440e-07
1.484620213094387964e+00,2.132843235358450329e-07
1.484669191063583416e+00,2.125170084354977007e-07
1.484718152410919645e+00,2.117505744081427110e-07
1.484767097147674964e+00,2.109882331069456995e-07
1.484816025285116137e+00,2.102305103335311287e-07
1.484864936834498383e+00,2.094758855264444719e-07
1.484913831807065376e+00,2.087214880930332583e-07
1.484962710214050130e+00,2.079734287008250249e-07
1.485011572066672780e+00,2.072259661645148299e-07
1.485060417376143693e+00,2.064842874460737221e-07
1.485109246153660800e+00,2.057430776858382160e-07
1.485158058410410931e+00,2.050081491233868292e-07
1.485206854157570033e+00,2.042739595253806328e-07
1.485255633406301401e+00,2.035408641631875071e-07
1.485304396167758778e+00,2.028151158128821407e-07
1.485353142453083031e+00,2.020890974563371856e-07
1.485401872273405255e+00,2.013683229051821399e-07
1.485450585639843890e+00,2.006505752660814323e-07
1.485499282563506496e+00,1.999326002533052815e-07
1.485547963055489751e+00,1.992199969436114770e-07
1.485596627126879232e+00,1.985102784374248586e-07
1.485645274788748527e+00,1.978029473548303940e-07
1.485693906052160562e+00,1.970983731780506787e-07
1.485742520928167387e+00,1.963987443787118536e-07
1.485791119427809059e+00,1.956971260597129003e-07
1.485839701562114756e+00,1.950007657569585717e-07
1.485888267342103441e+00,1.943097345247224439e-07
1.485936816778781866e+00,1.936228244403537246e-07
1.485985349883145679e+00,1.929359996211132966e-07
1.486033866666179870e+00,1.922534522691421444e-07
1.486082367138858329e+00,1.915705070132389665e-07
1.486130851312143841e+00,1.908907876213561394e-07
1.486179319196988313e+00,1.902149335819558473e-07
1.486227770804331882e+00,1.895383974215292255e-07
1.486276206145104473e+00,1.888687961582036223e-07
1.486324625230224683e+00,1.882025770783002372e-07
1.486373028070600011e+00,1.875381627769456827e-07
1.486421414677127517e+00,1.868783670033735689e-07
1.486469785060692494e+00,1.862163259147564531e-07
1.486518139232169577e+00,1.855609355061460519e-07
1.486566477202423187e+00,1.849071367132637533e-07
1.486614798982305752e+00,1.842564643084187992e-07
1.486663104582659489e+00,1.836048681980173569e-07
1.486711394014315291e+00,1.829594395985623123e-07
1.486759667288093834e+00,1.823160005187673960e-07
1.486807924414804249e+00,1.816776205032510916e-07
1.486856165405245012e+00,1.810360288345691515e-07
1.486904390270203713e+00,1.804027505158956046e-07
1.486952599020457511e+00,1.797688895521787344e-07
1.487000791666772681e+00,1.791390644712009816e-07
1.487048968219904399e+00,1.785120673503115540e-07
1.487097128690596959e+00,1.778863492063464946e-07
1.487145273089584219e+00,1.772642548303338117e-07
1.487193401427589379e+00,1.766451589446660364e-07
1.487241513715324759e+00,1.760271999273754773e-07
1.487289609963492021e+00,1.754132483711146051e-07
1.487337690182781724e+00,1.747999931467347778e-07
1.487385754383874437e+00,1.741900348406488774e-07
1.487433802577439845e+00,1.735828902837965870e-07
1.487481834774136313e+00,1.729774368186554057e-07
1.487529850984612656e+00,1.723719975643689395e-07
1.487577851219506142e+00,1.717736779482947895e-07
1.487625835489443826e+00,1.711749888499980443e-07
1.487673803805042105e+00,1.705793550854650675e-07
1.487721756176906940e+00,1.699874161431580433e-07
1.487769692615633632e+00,1.693974809313658625e-07
1.487817613131806382e+00,1.688085262685490306e-07
1.487865517736000065e+00,1.682222716681280872e-07
1.487913406438777786e+00,1.676401382155745523e-07
1.487961279250692881e+00,1.670589426794322208e-07
1.488009136182287806e+00,1.664813567003875505e-07
1.488056977244094581e+00,1.659049502222842420e-07
1.488104802446635455e+00,1.653314001259786892e-07
1.488152611800420688e+00,1.647588874220673461e-07
1.488200405315951880e+00,1.641889042502953089e-07
1.488248183003718639e+00,1.636213085021154257e-07
1.488295944874201249e+00,1.630582175948802615e-07
1.488343690937869113e+00,1.624957377543978509e-07
1.488391421205180976e+00,1.619372227423809818e-07
1.488439135686586257e+00,1.613774998077133205e-07
1.488486834392522828e+00,1.608207327308264212e-07
1.488534517333418572e+00,1.602682004886446521e-07
1.488582184519691376e+00,1.597174588141569984e-07
1.488629835961748693e+00,1.591687350810389034e-07
1.488677471669987096e+00,1.586227398320261273e-07
1.488725091654793831e+00,1.580778672405358520e-07
1.488772695926544820e+00,1.575357515548603260e-07
1.488820284495606883e+00,1.569971459502994549e-07
1.488867857372335513e+00,1.564578013812933932e-07
1.488915414567076212e+00,1.559207021273323335e-07
1.488962956090165157e+00,1.553875819126915303e-07
1.489010481951926756e+00,1.548557548858298105e-07
1.489057992162676536e+00,1.543274947835016064e-07
1.489105486732719141e+00,1.538035974135709694e-07
1.489152965672349671e+00,1.532755931066276389e-07
1.489200428991852121e+00,1.527538273649042821e-07
1.489247876701501161e+00,1.522310668633508612e-07
1.489295308811560803e+00,1.517133512152213370e-07
1.489342725332285289e+00,1.511971134959821939e-07
1.489390126273918868e+00,1.506816289520429564e-07
1.489437511646694912e+00,1.501684465665675816e-07
1.489484881460837906e+00,1.496579784543428104e-07
1.489532235726561238e+00,1.491516314899854478e-07
1.489579574454068522e+00,1.486451566279356484e-07
1.489626897653553605e+00,1.481405860204176861e-07
1.489674205335200119e+00,1.476380901976881432e-07
1.489721497509181924e+00,1.471379817985507543e-07
1.489768774185662226e+00,1.466396497562527657e-07
1.489816035374794678e+00,1.461438330352393677e-07
1.489863281086723168e+00,1.456507447983312886e-07
1.489910511331581588e+00,1.451573723443289055e-07
1.489957726119493397e+00,1.446674247063128860e-07
1.490004925460572283e+00,1.441797081724871532e-07
1.490052109364922606e+00,1.436924321751575917e-07
1.490099277842638070e+00,1.432092631148407236e-07
1.490146430903802610e+00,1.427262930064898683e-07
1.490193568558490389e+00,1.422458240085688885e-07
1.490240690816766023e+00,1.417673871628721827e-07
1.490287797688684135e+00,1.412907266740148771e-07
1.490334889184288913e+00,1.408157430660139653e-07
1.490381965313615220e+00,1.403434168878447963e-07
1.490429026086688591e+00,1.398722417889075587e-07
1.490476071513523459e+00,1.394047330904868431e-07
1.490523101604125378e+00,1.389376080851434381e-07
1.490570116368490350e+00,1.384708099294584827e-07
1.490617115816603500e+00,1.380071239509561565e-07
1.490664099958441735e+00,1.375452995944215218e-07
1.490711068803970640e+00,1.370851094861791353e-07
1.490758022363147139e+00,1.366272783798194723e-07
1.490804960645917943e+00,1.361716925885048113e-07
1.490851883662220656e+00,1.357168599724900560e-07
1.490898791421982228e+00,1.352650542685296386e-07
1.490945683935120725e+00,1.348132769862786517e-07
1.490992561211543999e+00,1.343649245200140285e-07
1.491039423261151020e+00,1.339177089221266215e-07
1.491086270093830102e+00,1.334727528501389315e-07
1.491133101719460674e+00,1.330292889178963378e-07
1.491179918147912398e+00,1.325876155533478595e-07
1.491226719389045385e+00,1.321480311844425160e-07
1.491273505452709314e+00,1.317096547381879645e-07
1.491320276348745644e+00,1.312734099201406934e-07
1.491367032086985400e+00,1.308385293441460817e-07
1.491413772677250282e+00,1.304056951312304591e-07
1.491460498129352441e+00,1.299738556781449006e-07
1.491507208453094702e+00,1.295447304983099457e-07
1.491553903658269675e+00,1.291165574457409093e-07
1.491600583754661313e+00,1.286900186414641212e-07
1.491647248752043353e+00,1.282663788515492342e-07
1.491693898660180650e+00,1.278438048757379875e-07
1.491740533488828513e+00,1.274225382985605393e-07
1.491787153247732256e+00,1.270027070177093265e-07
1.491833757946628536e+00,1.265840978703636210e-07
1.491880347595243794e+00,1.261681035202855128e-07
1.491926922203295369e+00,1.257544397503806977e-07
1.491973481780491273e+00,1.253410601975701866e-07
1.492020026336530414e+00,1.249296559535650886e-07
1.492066555881101930e+00,1.245191185716976179e-07
1.492113070423884968e+00,1.241117928429957828e-07
1.492159569974550903e+00,1.237064140013899305e-07
1.492206054542760452e+00,1.233007509426897741e-07
1.492252524138165226e+00,1.228967931865554419e-07
1.492298978770407958e+00,1.224951517997396877e-07
1.492345418449121608e+00,1.220958125713877962e-07
1.492391843183930256e+00,1.216976812656866969e-07
1.492438252984447988e+00,1.213004878763968009e-07
1.492484647860280456e+00,1.209063498208706733e-07
1.492531027821023759e+00,1.205124107173105585e-07
1.492577392876264453e+00,1.201193811084522167e-07
1.492623743035580208e+00,1.197291510379727697e-07
1.492670078308539372e+00,1.193410525957006030e-07
1.492716398704700520e+00,1.189533378465057467e-07
1.492762704233614013e+00,1.185670441827824106e-07
1.492808994904820663e+00,1.181815747486325563e-07
1.492855270727851513e+00,1.177988124823059479e-07
1.492901531712229390e+00,1.174165973338858748e-07
1.492947777867466685e+00,1.170372527781182725e-07
1.492994009203068240e+00,1.166592440426938992e-07
1.493040225728528902e+00,1.162821021694071533e-07
1.493086427453333975e+00,1.159065874389852979e-07
1.493132614386960100e+00,1.155327495894198364e-07
1.493178786538875480e+00,1.151600130810948031e-07
1.493224943918538106e+00,1.147884987062752771e-07
1.493271086535397529e+00,1.144193575441931898e-07
1.493317214398893755e+00,1.140517866815571324e-07
1.493363327518458572e+00,1.136863829742651433e-07
1.493409425903513998e+00,1.133196008140657796e-07
1.493455509563473393e+00,1.129575508684865781e-07
1.493501578507741012e+00,1.125950674918385630e-07
1.493547632745711340e+00,1.122337991432686977e-07
1.493593672286771534e+00,1.118735610816656845e-07
1.493639697140298095e+00,1.115152841180133692e-07
1.493685707315659750e+00,1.111576750645326683e-07
1.493731702822215457e+00,1.108026239649007039e-07
1.493777683669315737e+00,1.104478144497988978e-07
1.493823649866302006e+00,1.100962236932900851e-07
1.493869601422506799e+00,1.097452084763972380e-07
1.493915538347253102e+00,1.093959411946343607e-07
1.493961460649856354e+00,1.090484857968476717e-07
1.494007368339621999e+00,1.087019398937627557e-07
1.494053261425846602e+00,1.083563958559352614e-07
1.494099139917818730e+00,1.080109015560992702e-07
1.494145003824817186e+00,1.076669065014357329e-07
1.494190853156112331e+00,1.073247517524578143e-07
1.494236687920965645e+00,1.069836983447203238e-07
1.494282508128629727e+00,1.066444212938222336e-07
1.494328313788348739e+00,1.063068637563446828e-07
1.494374104909357293e+00,1.059703933492528449e-07
1.494419881500881786e+00,1.056358911455390626e-07
1.494465643572139735e+00,1.053021705388346163e-07
1.494511391132339551e+00,1.049694375865328766e-07
1.494557124190681652e+00,1.046375786017961218e-07
1.494602842756356909e+00,1.043075670281723433e-07
1.494648546838547976e+00,1.039787420609172841e-07
1.494694236446428182e+00,1.036521481978525117e-07
1.494739911589163084e+00,1.033259735550018377e-07
1.494785572275908692e+00,1.030013052627509751e-07
1.494831218515812354e+00,1.026777667334499711e-07
1.494876850318013650e+00,1.023551661205601704e-07
1.494922467691642387e+00,1.020342992319456243e-07
1.494968070645820379e+00,1.017144484194432152e-07
1.495013659189660560e+00,1.013960897466859024e-07
1.495059233332267201e+00,1.010793937439302681e-07
1.495104793082735917e+00,1.007632448590811691e-07
1.495150338450154104e+00,1.004483394240196503e-07
1.495195869443600056e+00,1.001346845441730693e-07
1.495241386072143630e+00,9.982166204736131476e-08
1.495286888344846243e+00,9.951046564538046368e-08
1.495332376270760433e+00,9.920108823280315846e-08
1.495377849858930741e+00,9.889283347774835420e-08
1.495423309118392607e+00,9.858514715688215801e-08
1.495468754058173033e+00,9.827795111050363630e-08
1.495514184687290804e+00,9.797319933113612933e-08
1.495559601014755824e+00,9.766970521241091774e-08
1.495605003049569781e+00,9.736702821783183026e-08
1.495650390800725260e+00,9.706481307603098685e-08
1.495695764277207518e+00,9.676451639961669571e-08
1.495741123487992041e+00,9.646456078371556941e-08
1.495786468442046768e+00,9.616638152465384337e-08
1.495831799148330976e+00,9.586936755567876389e-08
1.495877115615795061e+00,9.557321334341395414e-08
1.495922417853381647e+00,9.527881417170647183e-08
1.495967705870024478e+00,9.498556607923092088e-08
1.496012979674648857e+00,9.469275852325154119e-08
1.496058239276171875e+00,9.440162784812855534e-08
1.496103484683502627e+00,9.411116508317718399e-08
1.496148715905540882e+00,9.382199550600489601e-08
1.496193932951178862e+00,9.353400542977396981e-08
1.496239135829300126e+00,9.324772065610886784e-08
1.496284324548779798e+00,9.296130087932397146e-08
1.496329499118484785e+00,9.267689904390863376e-08
1.496374659547273556e+00,9.239334985977620818e-08
1.496419805843996587e+00,9.211089491145685315e-08
1.496464938017495694e+00,9.182912208416382782e-08
1.496510056076604256e+00,9.154902613772719633e-08
1.496555160030148102e+00,9.126961941774425213e-08
1.496600249886943956e+00,9.099090902964235283e-08
1.496645325655800995e+00,9.071499107449199073e-08
1.496690387345519291e+00,9.043900917049541022e-08
1.496735434964891587e+00,9.016376623094402021e-08
1.496780468522701746e+00,8.988999411485565361e-08
1.496825488027725859e+00,8.961639252902386943e-08
1.496870493488731135e+00,8.934516415592952399e-08
1.496915484914477679e+00,8.907433368676720420e-08
1.496960462313716045e+00,8.880370216957089724e-08
1.497005425695189684e+00,8.853520228058187058e-08
1.497050375067633166e+00,8.826725661492673680e-08
1.497095310439773952e+00,8.800087414329027524e-08
1.497140231820329737e+00,8.773530879579993780e-08
1.497185139218011773e+00,8.747072399728494929e-08
1.497230032641521769e+00,8.720701316633494571e-08
1.497274912099554101e+00,8.694505027051491197e-08
1.497319777600794932e+00,8.668246920251476695e-08
1.497364629153921989e+00,8.642218318755112705e-08
1.497409466767605668e+00,8.616256508275910164e-08
1.497454290450507486e+00,8.590376410211320035e-08
1.497499100211280965e+00,8.564635578522938886e-08
1.497543896058571855e+00,8.538994933360299910e-08
1.497588678001018136e+00,8.513353577654925175e-08
1.497633446047249128e+00,8.487928226941221510e-08
1.497678200205886156e+00,8.462527745223269449e-08
1.497722940485543219e+00,8.437229581659266842e-08
1.497767666894825656e+00,8.412070684471473214e-08
1.497812379442330810e+00,8.387069527771018329e-08
1.497857078136648479e+00,8.362066949985091924e-08
1.497901762986360019e+00,8.337166690353114973e-08
1.497946434000038796e+00,8.312357380191315315e-08
1.497991091186250845e+00,8.287634756243278389e-08
1.498035734553553988e+00,8.263030082389377640e-08
1.498080364110496943e+00,8.238525595061219065e-08
1.498124979865622652e+00,8.214080082780128578e-08
1.498169581827464514e+00,8.189737599195723305e-08
1.498214170004548151e+00,8.165495302137060207e-08
1.498258744405392084e+00,8.141319085552822798e-08
1.498303305038506394e+00,8.117352479075634619e-08
1.498347851912393169e+00,8.093363845773637877e-08
1.498392385035546726e+00,8.069517321018793155e-08
1.498436904416454052e+00,8.045674348977627233e-08
1.498481410063593477e+00,8.022016118047758937e-08
1.498525901985435782e+00,7.998394835340150166e-08
1.498570380190444196e+00,7.974949767231009901e-08
1.498614844687073955e+00,7.951585700993746286e-08
1.498659295483772302e+00,7.928235135068462114e-08
1.498703732588978488e+00,7.905011756292878999e-08
1.498748156011124655e+00,7.881750718752300600e-08
1.498792565758634732e+00,7.858651684955475503e-08
1.498836961839924653e+00,7.835657811483542901e-08
1.498881344263403248e+00,7.812730729028771748e-08
1.498925713037470908e+00,7.789954281633981736e-08
1.498970068170520475e+00,7.767238940914467094e-08
1.499014409670937464e+00,7.744589680669378140e-08
1.499058737547099396e+00,7.722063344317575684e-08
1.499103051807375353e+00,7.699605930611141957e-08
1.499147352460127758e+00,7.677198965438947198e-08
1.499191639513711483e+00,7.654945477497676620e-08
1.499235912976472296e+00,7.632688436842727242e-08
1.499280172856749305e+00,7.610543661940027960e-08
1.499324419162874067e+00,7.588544548298159498e-08
1.499368651903170369e+00,7.566582382878550561e-08
1.499412871085953780e+00,7.544727509412041400e-08
1.499457076719532767e+00,7.522902478740434162e-08
1.499501268812207577e+00,7.501189713821077021e-08
1.499545447372272022e+00,7.479526686893223086e-08
1.499589612408011252e+00,7.457963846491111326e-08
1.499633763927703090e+00,7.436495508272855659e-08
1.499677901939617586e+00,7.415098934870911762e-08
1.499722026452017687e+00,7.393804679622917320e-08
1.499766137473158123e+00,7.372514687631337438e-08
1.499810235011286741e+00,7.351376041242474457e-08
1.499854319074643172e+00,7.330338291922089411e-08
1.499898389671459942e+00,7.309319727255569887e-08
1.499942446809962027e+00,7.288377901204512455e-08
1.499986490498366631e+00,7.267578183700607042e-08
1.500030520744883633e+00,7.246825362017261796e-08
1.500074537557714693e+00,7.226138620808342239e-08
1.500118540945055701e+00,7.205536434184978134e-08
1.500162530915092773e+00,7.185015249433490681e-08
1.500206507476006701e+00,7.164506143908511149e-08
1.500250470635969391e+00,7.144148383986248518e-08
1.500294420403145201e+00,7.123859546709354618e-08
1.500338356785692273e+00,7.103700028210369055e-08
1.500382279791760087e+00,7.083501429860916687e-08
1.500426189429491242e+00,7.063432860832108418e-08
1.500470085707020784e+00,7.043422556307632476e-08
1.500513968632476436e+00,7.023491832569561666e-08
1.500557838213978146e+00,7.003647795045253588e-08
1.500601694459639202e+00,6.983901812418480404e-08
1.500645537377564676e+00,6.964214094296039548e-08
1.500689366975852534e+00,6.944609509673682624e-08
1.500733183262593418e+00,6.925030504589813063e-08
1.500776986245871081e+00,6.905550975488949916e-08
1.500820775933760842e+00,6.886165948571942863e-08
1.500864552334331803e+00,6.866769552971163648e-08
1.500908315455644626e+00,6.847514555374800693e-08
1.500952065305753758e+00,6.828309295769940945e-08
1.500995801892705206e+00,6.809198538348937291e-08
1.501039525224538984e+00,6.790180862026318209e-08
1.501083235309286223e+00,6.771193739041336812e-08
1.501126932154972060e+00,6.752294723355589667e-08
1.501170615769613637e+00,6.733448998375024530e-08
1.501214286161221212e+00,6.714708433719351888e-08
1.501257943337797274e+00,6.695974263948301086e-08
1.501301587307337648e+00,6.677359465356857982e-08
1.501345218077830612e+00,6.658753903820979758e-08
1.501388835657257115e+00,6.640308924943383317e-08
1.501432440053591222e+00,6.621852577382014715e-08
1.501476031274799006e+00,6.603512758829310769e-08
1.501519609328840321e+00,6.585215572840752429e-08
1.501563174223666808e+00,6.566976651356526418e-08
1.501606725967224110e+00,6.548871311906623305e-08
1.501650264567449211e+00,6.530721208264367306e-08
1.501693790032273101e+00,6.512699712857283885e-08
1.501737302369619220e+00,6.494788351574243279e-08
1.501780801587403680e+00,6.476863489979223232e-08
1.501824287693535709e+00,6.459029577854380477e-08
1.501867760695916765e+00,6.441266720003113733e-08
1.501911220602441865e+00,6.423611154104946763e-08
1.501954667420999145e+00,6.405986852087153238e-08
1.501998101159468524e+00,6.388468420936987968e-08
1.502041521825723480e+00,6.370989069637289504e-08
1.502084929427630611e+00,6.353532455705135362e-08
1.502128323973048740e+00,6.336185265354288276e-08
1.502171705469830032e+00,6.318882839195794077e-08
1.502215073925819766e+00,6.301650046225404367e-08
1.502258429348856117e+00,6.284409437284921296e-08
1.502301771746769488e+00,6.267333674259134568e-08
1.502345101127383620e+00,6.250267148288912722e-08
1.502388417498515816e+00,6.233298677216225769e-08
1.502431720867975384e+00,6.216343706455518259e-08
1.502475011243565195e+00,6.199505975246211165e-08
1.502518288633081234e+00,6.182700929002749035e-08
1.502561553044311715e+00,6.165945620750790113e-08
1.502604804485038414e+00,6.149278419798065443e-08
1.502648042963036223e+00,6.132641772182978457e-08
1.502691268486072707e+00,6.116091810781654203e-08
1.502734481061908989e+00,6.099587324115418596e-08
1.502777680698298202e+00,6.083179471261246363e-08
1.502820867402987259e+00,6.066771618407074129e-08
1.502864041183715971e+00,6.050488110531659913e-08
1.502907202048217705e+00,6.034248656305862824e-08
1.502950350004217839e+00,6.018077414182698703e-08
1.502993485059435530e+00,6.001940988653586828e-08
1.503036607221583054e+00,5.985874196312579443e-08
1.503079716498365137e+00,5.969851457621189184e-08
1.503122812897480731e+00,5.953849679940503847e-08
1.503165896426620574e+00,5.937922864518441202e-08
1.503208967093469628e+00,5.922047208173353283e-08
1.503252024905705087e+00,5.906294475721551862e-08
1.503295069870998146e+00,5.890565191180030524e-08
1.503338101997012233e+00,5.874872854860768712e-08
1.503381121291404332e+00,5.859329732516016520e-08
1.503424127761825435e+00,5.843747530320797523e-08
1.503467121415917873e+00,5.828239935112833336e-08
1.503510102261318204e+00,5.812763603785242594e-08
1.503553070305656769e+00,5.797384972083818866e-08
1.503596025556556137e+00,5.782017709066167299e-08
1.503638968021631994e+00,5.766748145674682746e-08
1.503681897708494031e+00,5.751527254460597760e-08
1.503724814624744610e+00,5.736374220077777863e-08
1.503767718777979434e+00,5.721272700043300574e-08
1.503810610175787099e+00,5.706212036216129491e-08
1.503853488825750206e+00,5.691181570455228211e-08
1.503896354735443586e+00,5.676242054164504225e-08
1.503939207912436515e+00,5.661343394081086444e-08
1.503982048364290280e+00,5.646470668807523907e-08
1.504024876098560615e+00,5.631716604170833307e-08
1.504067691122795258e+00,5.616978171474329429e-08
1.504110493444536401e+00,5.602295161111214838e-08
1.504153283071319125e+00,5.587684981378515658e-08
1.504196060010670966e+00,5.573097183741992922e-08
1.504238824270114572e+00,5.558559124096973392e-08
1.504281575857164377e+00,5.544112013922131155e-08
1.504324314779328153e+00,5.529699720341341163e-08
1.504367041044108122e+00,5.515323664440074936e-08
1.504409754658998954e+00,5.500990596374322195e-08
1.504452455631489105e+00,5.486713305913326622e-08
1.504495143969059479e+00,5.472523412208829541e-08
1.504537819679185873e+00,5.458333518504332460e-08
1.504580482769336314e+00,5.444259087994396396e-08
1.504623133246972166e+00,5.430200644696014933e-08
1.504665771119549023e+00,5.416224979626349523e-08
1.504708396394514702e+00,5.402287683864415158e-08
1.504751009079311919e+00,5.388385559967900917e-08
1.504793609181375613e+00,5.374529621349211084e-08
1.504836196708134288e+00,5.360707078239101975e-08
1.504878771667010229e+00,5.346918285908941471e-08
1.504921334065418614e+00,5.333237140803248622e-08
1.504963883910769296e+00,5.319534679415482969e-08
1.505006421210463907e+00,5.305919614784215810e-08
1.505048945971898977e+00,5.292364946285488259e-08
1.505091458202463039e+00,5.278815251585911028e-08
1.505133957909539522e+00,5.265355440542407450e-08
1.505176445100504745e+00,5.251913037795929995e-08
1.505218919782728371e+00,5.238539912966189149e-08
1.505261381963573841e+00,5.225239974038231594e-08
1.505303831650397495e+00,5.211944653638056479e-08
1.505346268850549896e+00,5.198727492938814976e-08
1.505388693571374947e+00,5.185580675970413722e-08
1.505431105820209892e+00,5.172453754198613751e-08
1.505473505604385531e+00,5.159374438790109707e-08
1.505515892931226452e+00,5.146340598116694309e-08
1.505558267808050354e+00,5.133341574037331156e-08
1.505600630242168725e+00,5.120384116708009969e-08
1.505642980240887052e+00,5.107510148150140594e-08
1.505685317811503277e+00,5.094625521451234818e-08
1.505727642961309787e+00,5.081786369487417687e-08
1.505769955697593199e+00,5.069021113968119607e-08
1.505812256027631690e+00,5.056287477600562852e-08
1.505854543958699221e+00,5.043611039923234785e-08
1.505896819498061756e+00,5.030986827136985085e-08
1.505939082652979488e+00,5.018408799628559791e-08
1.505981333430706615e+00,5.005860970186404302e-08
1.506023571838490671e+00,4.993365010363959300e-08
1.506065797883571866e+00,4.980918433261649625e-08
1.506108011573186189e+00,4.968518396708532237e-08
1.506150212914560971e+00,4.956134347366969450e-08
1.506192401914918655e+00,4.943815667957096593e-08
1.506234578581474803e+00,4.931536423669058422e-08
1.506276742921439427e+00,4.919309049000730738e-08
1.506318894942014541e+00,4.907104766971315257e-08
1.506361034650397501e+00,4.894959104717599985e-08
1.506403162053778777e+00,4.882834048203221755e-08
1.506445277159342400e+00,4.870770808906854654e-08
1.506487379974266405e+00,4.858798874352032726e-08
1.506529470505722168e+00,4.846808465686081036e-08
1.506571548760874624e+00,4.834856426327860390e-08
1.506613614746883600e+00,4.822939558835059870e-08
1.506655668470901155e+00,4.811109377556022082e-08
1.506697709940074237e+00,4.799287722789813415e-08
1.506739739161543135e+00,4.787515450743740075e-08
1.506781756142441475e+00,4.775809969714828185e-08
1.506823760889897557e+00,4.764090633102568972e-08
1.506865753411032349e+00,4.752478943714777415e-08
1.506907733712961717e+00,4.740877201925286499e-08
1.506949701802794861e+00,4.729350067123050394e-08
1.506991657687634323e+00,4.717800194953269965e-08
1.507033601374577092e+00,4.706301481860464264e-08
1.507075532870713719e+00,4.694835453733503527e-08
1.507117452183128758e+00,4.683434440266864840e-08
1.507159359318899661e+00,4.672041242770319514e-08
1.507201254285099656e+00,4.660718389004614437e-08
1.507243137088793539e+00,4.649432128189801006e-08
1.507285007737042104e+00,4.638196315909226541e-08
1.507326866236897933e+00,4.627003136192797683e-08
1.507368712595408722e+00,4.615838733457167109e-08
1.507410546819616171e+00,4.604721937084832462e-08
1.507452368916555319e+00,4.593618641024477256e-08
1.507494178893254988e+00,4.582554424814588856e-08
1.507535976756738672e+00,4.571539946596203663e-08
1.507577762514022757e+00,4.560569522027435596e-08
1.507619536172118080e+00,4.549627519168097933e-08
1.507661297738029482e+00,4.538739162285310158e-08
1.507703047218755366e+00,4.527891306338460709e-08
1.507744784621288359e+00,4.517055174346751301e-08
1.507786509952615317e+00,4.506275530502534821e-08
1.507828223219715769e+00,4.495545269378453668e-08
1.507869924429565023e+00,4.484836679807813198e-08
1.507911613589130839e+00,4.474181380942354735e-08
1.507953290705375426e+00,4.463530700604678714e-08
1.507994955785254998e+00,4.452910573604640376e-08
1.508036608835720216e+00,4.442356882350395608e-08
1.508078249863714859e+00,4.431792888226482319e-08
1.508119878876176934e+00,4.421324106829160883e-08
1.508161495880039338e+00,4.410858878145518247e-08
1.508203100882227421e+00,4.400419939543098735e-08
1.508244693889661869e+00,4.390027541489871510e-08
1.508286274909257152e+00,4.379688789413194172e-08
1.508327843947920632e+00,4.369407946569481282e-08
1.508369401012555233e+00,4.359122129926618072e-08
1.508410946110056994e+00,4.348863669179081626e-08
1.508452479247316180e+00,4.338653525337576866e-08
1.508494000431217286e+00,4.328489922045264393e-08
1.508535509668638586e+00,4.318361490618372045e-08
1.508577006966453249e+00,4.308252243845345220e-08
1.508618492331526895e+00,4.298189182350142801e-08
1.508659965770720923e+00,4.288172661404132668e-08
1.508701427290889852e+00,4.278166443327791058e-08
1.508742876898882201e+00,4.268201081458755652e-08
1.508784314601541388e+00,4.258264141299150651e-08
1.508825740405704163e+00,4.248360951919494255e-08
1.508867154318201731e+00,4.238522421928792028e-08
1.508908556345859298e+00,4.228688155194504361e-08
1.508949946495496519e+00,4.218899718466673221e-08
1.508991324773926612e+00,4.209152848488884047e-08
1.509032691187957465e+00,4.199391767656379670e-08
1.509074045744390746e+00,4.189714886138062866e-08
1.509115388450022355e+00,4.180041202062056982e-08
1.509156719311642636e+00,4.170411216364300344e-08
1.509198038336035719e+00,4.160811428732813511e-08
1.509239345529979959e+00,4.151258536921886844e-08
1.509280640900248383e+00,4.141722698136618419e-08
1.509321924453607355e+00,4.132232689357806521e-08
1.509363196196818357e+00,4.122770747017057147e-08
1.509404456136636430e+00,4.113327278787437535e-08
1.509445704279810840e+00,4.103955575374129694e-08
1.509486940633085084e+00,4.094592398473650974e-08
1.509528165203197547e+00,4.085223537231286173e-08
1.509569377996879735e+00,4.075913651035989460e-08
1.509610579020858712e+00,4.066613712438993389e-08
1.509651768281854212e+00,4.057390512457459408e-08
1.509692945786581530e+00,4.048183299687480030e-08
1.509734111541749302e+00,4.039015522039335337e-08
1.509775265554061496e+00,4.029862665788641607e-08
1.509816407830215201e+00,4.020745691946103761e-08
1.509857538376902175e+00,4.011643284229648998e-08
1.509898657200808847e+00,4.002612996600873885e-08
1.509939764308615429e+00,3.993583419514834532e-08
1.509980859706996803e+00,3.984549579172380618e-08
1.510021943402621858e+00,3.975590345817181515e-08
1.510063015402153930e+00,3.966656336729101895e-08
1.510104075712250582e+00,3.957748262450877519e-08
1.510145124339563605e+00,3.948857241198311385e-08
1.510186161290739459e+00,3.940013471037673298e-08
1.510227186572419056e+00,3.931196701500994095e-08
1.510268200191236421e+00,3.922408708945113176e-08
1.510309202153821584e+00,3.913643098485408700e-08
1.510350192466797914e+00,3.904928291831311071e-08
1.510391171136783228e+00,3.896229827660135925e-08
1.510432138170390237e+00,3.887585364736878546e-08
1.510473093574224990e+00,3.878930954215320526e-08
1.510514037354889538e+00,3.870321307886115392e-08
1.510554969518978385e+00,3.861737241095397621e-08
1.510595890073081593e+00,3.853152819033311971e-08
1.510636799023784116e+00,3.844625240390087129e-08
1.510677696377663803e+00,3.836127149270396330e-08
1.510718582141293620e+00,3.827657835131503816e-08
1.510759456321241645e+00,3.819227956114445988e-08
1.510800318924069519e+00,3.810835735862383444e-08
1.510841169956333330e+00,3.802439607625274220e-08
1.510882009424584060e+00,3.794070835283491760e-08
1.510922837335366697e+00,3.785765656516559829e-08
1.510963653695220898e+00,3.777451240694063017e-08
1.511004458510680992e+00,3.769168444023307529e-08
1.511045251788275090e+00,3.760920819217972166e-08
1.511086033534526640e+00,3.752708721549424808e-08
1.511126803755952652e+00,3.744494492252670170e-08
1.511167562459065472e+00,3.736317211178175057e-08
1.511208309650371229e+00,3.728178299411410990e-08
1.511249045336370722e+00,3.720078822766481608e-08
1.511289769523559645e+00,3.712023399771169352e-08
1.511330482218427695e+00,3.703935647081380012e-08
1.511371183427459686e+00,3.695914685408752121e-08
1.511411873157133989e+00,3.687913974204093392e-08
1.511452551413924539e+00,3.679927473854149866e-08
1.511493218204298827e+00,3.671983250796984066e-08
1.511533873534719685e+00,3.664064962549673510e-08
1.511574517411643948e+00,3.656147384845098713e-08
1.511615149841523564e+00,3.648273150247405283e-08
1.511655770830804268e+00,3.640399981463815493e-08
1.511696380385926908e+00,3.632585077184558031e-08
1.511736978513326779e+00,3.624791844458741252e-08
1.511777565219433628e+00,3.617034849412448239e-08
1.511818140510671871e+00,3.609272525295637024e-08
1.511858704393460595e+00,3.601549281029292615e-08
1.511899256874213116e+00,3.593867958784358052e-08
1.511939797959337861e+00,3.586187702353527129e-08
1.511980327655237488e+00,3.578543328330852091e-08
1.512020845968309324e+00,3.570945494857369340e-08
1.512061352904945144e+00,3.563345885027047188e-08
1.512101848471532062e+00,3.555759775508704479e-08
1.512142332674450751e+00,3.548205640413470974e-08
1.512182805520077666e+00,3.540679216484932113e-08
1.512223267014782602e+00,3.533176595738041215e-08
1.512263717164930910e+00,3.525702041429212841e-08
1.512304155976882614e+00,3.518263014257172472e-08
1.512344583456991964e+00,3.510835000497536385e-08
1.512384999611607883e+00,3.503463474885393225e-08
1.512425404447074406e+00,3.496059619578772981e-08
1.512465797969729797e+00,3.488727173817096627e-08
1.512506180185907434e+00,3.481399701854570594e-08
1.512546551101934478e+00,3.474102783229682245e-08
1.512586910724133871e+00,3.466805509333426016e-08
1.512627259058822782e+00,3.459545894202165073e-08
1.512667596112312829e+00,3.452309726981184212e-08
1.512707921890910745e+00,3.445089191700390074e-08
1.512748236400917934e+00,3.437915907511523983e-08
1.512788539648630248e+00,3.430752215649590653e-08
1.512828831640338434e+00,3.423605221541947685e-08
1.512869112382327907e+00,3.416488070229206642e-08
1.512909381880878756e+00,3.409409643495564524e-08
1.512949640142266183e+00,3.402332993118761806e-08
1.512989887172760062e+00,3.395271974682145810e-08
1.513030122978624270e+00,3.388264246950711822e-08
1.513070347566118246e+00,3.381236979294044431e-08
1.513110560941496097e+00,3.374265844513502088e-08
1.513150763111006603e+00,3.367296130818431266e-08
1.513190954080892991e+00,3.360351996661847807e-08
1.513231133857393607e+00,3.353450495069409953e-08
1.513271302446741906e+00,3.346563204331687302e-08
1.513311459855165131e+00,3.339700782589716255e-08
1.513351606088886747e+00,3.332853992787931929e-08
1.513391741154123782e+00,3.326023190197702206e-08
1.513431865057088599e+00,3.319235375442985969e-08
1.513471977803988455e+00,3.312425533863461169e-08
1.513512079401025057e+00,3.305674312059636577e-08
1.513552169854395224e+00,3.298941919638309628e-08
1.513592249170290893e+00,3.292207395588775398e-08
1.513632317354898227e+00,3.285513017203811614e-08
1.513672374414398503e+00,3.278824678432101791e-08
1.513712420354968113e+00,3.272183590752320015e-08
1.513752455182777901e+00,3.265546766328952799e-08
1.513792478903993821e+00,3.258940850514591148e-08
1.513832491524776280e+00,3.252335289971597376e-08
1.513872493051281243e+00,3.245756019509826729e-08
1.513912483489659122e+00,3.239218671069465927e-08
1.513952462846055891e+00,3.232700507282970648e-08
1.513992431126610638e+00,3.226173461712278367e-08
1.514032388337459567e+00,3.219705035917286295e-08
1.514072334484732218e+00,3.213229504694936622e-08
1.514112269574553693e+00,3.206785237352960394e-08
1.514152193613043984e+00,3.200366549549471529e-08
1.514192106606317978e+00,3.193947861745982664e-08
1.514232008560485454e+00,3.187582464647675806e-08
1.514271899481650641e+00,3.181211738478850748e-08
1.514311779375913991e+00,3.174856644250212412e-08
1.514351648249369298e+00,3.168542050957512402e-08
1.514391506108106134e+00,3.162227102393444511e-08
1.514431352958209631e+00,3.155941286081542785e-08
1.514471188805758706e+00,3.149665772639309580e-08
1.514511013656827609e+00,3.143413707107356458e-08
1.514550827517486153e+00,3.137195392355351942e-08
1.514590630393798376e+00,3.130991288458062627e-08
1.514630422291823875e+00,3.124801040144120634e-08
1.514670203217616917e+00,3.118643121524655726e-08
1.514709973177226443e+00,3.112516466785564262e-08
1.514749732176696950e+00,3.106372048478078796e-08
1.514789480222067830e+00,3.100266710021060135e-08
1.514829217319373589e+00,3.094177003504228196e-08
1.514868943474643181e+00,3.088081612645510177e-08
1.514908658693901344e+00,3.082032051793248684e-08
1.514948362983167041e+00,3.075998833423909673e-08
1.514988056348454792e+00,3.069978760095182224e-08
1.515027738795774459e+00,3.063976805606216658e-08
1.515067410331129905e+00,3.058009667711303337e-08
1.515107070960521218e+00,3.052046437801436696e-08
1.515146720689942494e+00,3.046105234716378618e-08
1.515186359525383830e+00,3.040183216285186063e-08
1.515225987472829772e+00,3.034273277080501430e-08
1.515265604538259980e+00,3.028371864388645918e-08
1.515305210727649454e+00,3.022520900231029373e-08
1.515344806046968307e+00,3.016662120103319467e-08
1.515384390502181100e+00,3.010838867112397566e-08
1.515423964099248400e+00,3.005028759162087226e-08
1.515463526844124997e+00,2.999234283151963609e-08
1.515503078742761911e+00,2.993448688926036994e-08
1.515542619801103719e+00,2.987710701063406304e-08
1.515582150025091446e+00,2.981945357305448852e-08
1.515621669420660789e+00,2.976219093397958204e-08
1.515661177993742559e+00,2.970505441624027299e-08
1.515700675750262238e+00,2.964826428808464698e-08
1.515740162696141091e+00,2.959166778282451560e-08
1.515779638837295495e+00,2.953511923919904802e-08
1.515819104179636501e+00,2.947853872115047125e-08
1.515858558729070937e+00,2.942234722524972312e-08
1.515898002491500307e+00,2.936625342897514201e-08
1.515937435472821004e+00,2.931041720444227394e-08
1.515976857678925427e+00,2.925477105009122170e-08
1.516016269115700421e+00,2.919914443566540285e-08
1.516055669789028615e+00,2.914387664532114286e-08
1.516095059704787529e+00,2.908878293794714409e-08
1.516134438868849355e+00,2.903384732633185195e-08
1.516173807287082065e+00,2.897898632170381461e-08
1.516213164965349414e+00,2.892417683142411988e-08
1.516252511909508938e+00,2.886973859972385981e-08
1.516291848125414399e+00,2.881522398467950552e-08
1.516331173618914230e+00,2.876126359296904411e-08
1.516370488395852645e+00,2.870715043457039428e-08
1.516409792462068751e+00,2.865344583824480651e-08
1.516449085823396992e+00,2.859974834734657634e-08
1.516488368485666705e+00,2.854603664559363096e-08
1.516527640454702563e+00,2.849292890516608168e-08
1.516566901736325468e+00,2.843933089025085792e-08
1.516606152336349878e+00,2.838651269598813087e-08
1.516645392260586700e+00,2.833359324938555801e-08
1.516684621514841735e+00,2.828084610939640697e-08
1.516723840104916343e+00,2.822839206828575698e-08
1.516763048036606554e+00,2.817590072368147958e-08
1.516802245315704178e+00,2.812367760895995161e-08
1.516841431947996144e+00,2.807157883921718167e-08
1.516880607939264713e+00,2.801964882337415474e-08
1.516919773295287266e+00,2.796788933778771025e-08
1.516958928021836739e+00,2.791623643361162976e-08
1.516998072124681407e+00,2.786484998296145932e-08
1.517037205609584216e+00,2.781332852919149445e-08
1.517076328482304115e+00,2.776243412938583788e-08
1.517115440748595390e+00,2.771128393419530767e-08
1.517154542414207219e+00,2.766046236502006650e-08
1.517193633484884341e+00,2.760964257220166473e-08
1.517232713966366386e+00,2.755911410190492461e-08
1.517271783864389656e+00,2.750906702431166195e-08
1.517310843184683788e+00,2.745857585750854923e-08
1.517349891932975536e+00,2.740828186631460994e-08
1.517388930114985657e+00,2.735844972789891472e-08
1.517427957736431576e+00,2.730887160851125373e-08
1.517466974803025392e+00,2.725907144451866770e-08
1.517505981320473873e+00,2.720967096081494674e-08
1.517544977294480901e+00,2.716017455384189816e-08
1.517583962730743696e+00,2.711080604456128640e-08
1.517622937634956370e+00,2.706175905586860608e-08
1.517661902012808151e+00,2.701294654627872660e-08
1.517700855869982934e+00,2.696420686731926253e-08
1.517739799212160845e+00,2.691571054924679629e-08
1.517778732045017120e+00,2.686696731757365342e-08
1.517817654374221892e+00,2.681898081391409505e-08
1.517856566205441737e+00,2.677042765242276801e-08
1.517895467544337906e+00,2.672233812006652443e-08
1.517934358396566985e+00,2.667453280480458488e-08
1.517973238767781563e+00,2.662675058218155755e-08
1.518012108663629123e+00,2.657908382275309123e-08
1.518050968089752928e+00,2.653162134436115593e-08
1.518089817051791579e+00,2.648430097451637266e-08
1.518128655555379014e+00,2.643707475158407760e-08
1.518167483606145174e+00,2.639000840076732857e-08
1.518206301209714004e+00,2.634302553872203134e-08
1.518245108371707008e+00,2.629617767979652854e-08
1.518283905097739250e+00,2.624949502205708995e-08
1.518322691393422463e+00,2.620317651746972842e-08
1.518361467264363496e+00,2.615652228143972025e-08
1.518400232716164311e+00,2.611025884391438012e-08
1.518438987754422875e+00,2.606417126571614062e-08
1.518477732384732493e+00,2.601819559799878334e-08
1.518516466612682025e+00,2.597248460745049670e-08
1.518555190443855452e+00,2.592666348277816724e-08
1.518593903883832530e+00,2.588103953371501120e-08
1.518632606938189022e+00,2.583567315639356821e-08
1.518671299612495140e+00,2.579028013371953421e-08
1.518709981912317319e+00,2.574491020368441241e-08
1.518748653843217777e+00,2.570003410085064388e-08
1.518787315410753402e+00,2.565497325690557773e-08
1.518825966620477530e+00,2.561018241920010041e-08
1.518864607477938167e+00,2.556567046951840894e-08
1.518903237988679544e+00,2.552102529307376244e-08
1.518941858158240787e+00,2.547650801432155276e-08
1.518980467992157690e+00,2.543233001972566854e-08
1.519019067495960273e+00,2.538819821040760871e-08
1.519057656675175005e+00,2.534427778755343752e-08
1.519096235535323469e+00,2.530014775459221710e-08
1.519134804081923251e+00,2.525651332518918935e-08
1.519173362320487275e+00,2.521298014812600741e-08
1.519211910256523357e+00,2.516924801909681264e-08
1.519250447895536649e+00,2.512585339786710392e-08
1.519288975243025863e+00,2.508251917276993481e-08
1.519327492304486826e+00,2.503957929889111256e-08
1.519365999085410035e+00,2.499649909282197768e-08
1.519404495591282211e+00,2.495354145537476143e-08
1.519442981827585637e+00,2.491085027145345521e-08
1.519481457799797486e+00,2.486801697898499697e-08
1.519519923513391380e+00,2.482565442107897979e-08
1.519558378973836055e+00,2.478326699417721102e-08
1.519596824186596251e+00,2.474089733084383624e-08
1.519635259157132268e+00,2.469862714349346788e-08
1.519673683890899518e+00,2.465679393992559199e-08
1.519712098393349864e+00,2.461462855762874824e-08
1.519750502669930059e+00,2.457286996104812715e-08
1.519788896726083305e+00,2.453110070632646966e-08
1.519827280567247696e+00,2.448955704892341600e-08
1.519865654198857552e+00,2.444804358958663215e-08
1.519904017626342307e+00,2.440683743998306454e-08
1.519942370855127400e+00,2.436560997409742413e-08
1.519980713890634494e+00,2.432437185007074731e-08
1.520019046738279700e+00,2.428346057570252015e-08
1.520057369403475800e+00,2.424250311605646857e-08
1.520095681891630912e+00,2.420172506845119642e-08
1.520133984208148492e+00,2.416114242009825830e-08
1.520172276358428665e+00,2.412053312639272917e-08
1.520210558347866447e+00,2.408034127654445911e-08
1.520248830181852417e+00,2.403993448751862161e-08
1.520287091865773821e+00,2.399971421596092114e-08
1.520325343405012797e+00,2.395962539480933629e-08
1.520363584804947044e+00,2.391974973647847946e-08
1.520401816070950929e+00,2.387983677465399523e-08
1.520440037208393491e+00,2.384011565936816623e-08
1.520478248222640438e+00,2.380044250571700104e-08
1.520516449119052815e+00,2.376087948618987866e-08
1.520554639902987004e+00,2.372144969342571130e-08
1.520592820579795612e+00,2.368227036697589938e-08
1.520630991154826805e+00,2.364286899592116242e-08
1.520669151633424976e+00,2.360368256404399290e-08
1.520707302020929630e+00,2.356481765275475482e-08
1.520745442322676277e+00,2.352596339960655314e-08
1.520783572543996209e+00,2.348705230303949065e-08
1.520821692690216498e+00,2.344852489954973862e-08
1.520859802766660218e+00,2.341014848639133561e-08
1.520897902778645783e+00,2.337161220111738658e-08
1.520935992731487829e+00,2.333324822245685937e-08
1.520974072630496332e+00,2.329502457598664478e-08
1.521012142480977269e+00,2.325691994542467000e-08
1.521050202288232622e+00,2.321898584511927766e-08
1.521088252057559931e+00,2.318100911224973970e-08
1.521126291794252960e+00,2.314332725461554219e-08
1.521164321503600370e+00,2.310572888575279649e-08
1.521202341190887486e+00,2.306817670216787519e-08
1.521240350861395418e+00,2.303045221196953207e-08
1.521278350520400613e+00,2.299323220711357862e-08
1.521316340173175519e+00,2.295592516077249456e-08
1.521354319824988810e+00,2.291861278536089230e-08
1.521392289481104720e+00,2.288150469098582107e-08
1.521430249146782820e+00,2.284467548463453568e-08
1.521468198827279572e+00,2.280768107709718606e-08
1.521506138527846330e+00,2.277088206881217047e-08
1.521544068253730897e+00,2.273433530319834972e-08
1.521581988010177078e+00,2.269754340034069173e-08
1.521619897802423793e+00,2.266126308825278102e-08
1.521657797635706411e+00,2.262498277616487030e-08
1.521695687515255857e+00,2.258857279002768337e-08
1.521733567446299507e+00,2.255250031168998248e-08
1.521771437434059626e+00,2.251626085580937797e-08
1.521809297483755596e+00,2.248012442862545868e-08
1.521847147600601691e+00,2.244458308098273847e-08
1.521884987789808408e+00,2.240855856427970139e-08
1.521922818056582694e+00,2.237288398987402616e-08
1.521960638406126165e+00,2.233737639301125455e-08
1.521998448843637552e+00,2.230188655971687695e-08
1.522036249374311145e+00,2.226648021519395115e-08
1.522074040003336126e+00,2.223114670130144077e-08
1.522111820735899901e+00,2.219589134710986400e-08
1.522149591577183214e+00,2.216077454875176045e-08
1.522187352532364590e+00,2.212578209537241491e-08
1.522225103606617447e+00,2.209086602533716359e-08
1.522262844805111648e+00,2.205611870920165529e-08
1.522300576133013283e+00,2.202122395544847677e-08
1.522338297595483558e+00,2.198660808971908409e-08
1.522376009197680125e+00,2.195216097788943443e-08
1.522413710944756415e+00,2.191767478620931797e-08
1.522451402841862089e+00,2.188330050501008373e-08
1.522489084894142586e+00,2.184913228120421991e-08
1.522526757106739348e+00,2.181489122676794068e-08
1.522564419484789822e+00,2.178084912429767428e-08
1.522602072033427456e+00,2.174690294509673549e-08
1.522639714757781482e+00,2.171300472753046051e-08
1.522677347662977132e+00,2.167909585182314913e-08
1.522714970754136088e+00,2.164520473968423175e-08
1.522752584036375589e+00,2.161165468805847922e-08
1.522790187514808879e+00,2.157815615078106930e-08
1.522827781194545205e+00,2.154477662941189919e-08
1.522865365080690037e+00,2.151134914640806528e-08
1.522902939178344850e+00,2.147805666652402579e-08
1.522940503492606901e+00,2.144480504284729250e-08
1.522978058028569670e+00,2.141172217307030223e-08
1.523015602791322198e+00,2.137878496455414279e-08
1.523053137785950417e+00,2.134588328317477135e-08
1.523090663017535595e+00,2.131293364016073610e-08
1.523128178491155449e+00,2.128024156888841389e-08
1.523165684211883253e+00,2.124751219412246428e-08
1.523203180184788508e+00,2.121501552210247610e-08
1.523240666414937383e+00,2.118262898420653073e-08
1.523278142907391164e+00,2.115013231218654255e-08
1.523315609667207582e+00,2.111772090529484558e-08
1.523353066699440816e+00,2.108533792011257901e-08
1.523390514009139940e+00,2.105341145863803831e-08
1.523427951601352248e+00,2.102138729753733060e-08
1.523465379481118154e+00,2.098933649108403188e-08
1.523502797653477181e+00,2.095739226604109717e-08
1.523540206123462859e+00,2.092562390032526309e-08
1.523577604896104942e+00,2.089381645475896221e-08
1.523614993976430965e+00,2.086218664487660135e-08
1.523652373369462465e+00,2.083070427261191071e-08
1.523689743080218095e+00,2.079904604102011945e-08
1.523727103113712955e+00,2.076775373893724463e-08
1.523764453474957481e+00,2.073652893841426703e-08
1.523801794168958557e+00,2.070518867469672841e-08
1.523839125200719291e+00,2.067414328621453024e-08
1.523876446575238353e+00,2.064297710546725284e-08
1.523913758297511523e+00,2.061203119296806108e-08
1.523951060372529476e+00,2.058118653280871513e-08
1.523988352805280222e+00,2.055020864588641416e-08
1.524025635600747330e+00,2.051937464386810461e-08
1.524062908763910373e+00,2.048883196437145671e-08
1.524100172299745148e+00,2.045823777052646619e-08
1.524137426213223678e+00,2.042768265653194248e-08
1.524174670509314655e+00,2.039713997703529458e-08
1.524211905192981442e+00,2.036696145069072372e-08
1.524249130269185626e+00,2.033661594680324924e-08
1.524286345742883020e+00,2.030639301153769338e-08
1.524323551619026773e+00,2.027629264489405614e-08
1.524360747902565816e+00,2.024614964568627329e-08
1.524397934598445303e+00,2.021628553450227628e-08
1.524435111711606394e+00,2.018647826673714007e-08
1.524472279246986917e+00,2.015648448150386685e-08
1.524509437209520479e+00,2.012679622964697046e-08
1.524546585604136695e+00,2.009728206076033530e-08
1.524583724435762067e+00,2.006751564920250530e-08
1.524620853709318213e+00,2.003802812566846114e-08
1.524657973429724311e+00,2.000856014205965039e-08
1.524695083601894874e+00,1.997914722551286104e-08
1.524732184230740417e+00,1.995005760591084254e-08
1.524769275321168349e+00,1.992076903434281121e-08
1.524806356878082081e+00,1.989163145310612890e-08
1.524843428906380804e+00,1.986279940524582344e-08
1.524880491410960603e+00,1.983348951739571930e-08
1.524917544396713120e+00,1.980465214046489564e-08
1.524954587868526890e+00,1.977574370926049596e-08
1.524991621831286448e+00,1.974720831299237034e-08
1.525028646289872114e+00,1.971825014379646746e-08
1.525065661249160875e+00,1.968978935451559664e-08
1.525102666714026389e+00,1.966111184970031900e-08
1.525139662689337428e+00,1.963268303484255739e-08
1.525176649179960320e+00,1.960427020719635038e-08
1.525213626190756289e+00,1.957584672140910698e-08
1.525250593726584336e+00,1.954762218758787640e-08
1.525287551792298357e+00,1.951937989019825181e-08
1.525324500392749361e+00,1.949128858313997625e-08
1.525361439532784136e+00,1.946316885437227029e-08
1.525398369217246364e+00,1.943530669734627736e-08
1.525435289450975285e+00,1.940739657868562063e-08
1.525472200238807030e+00,1.937947402552708809e-08
1.525509101585573513e+00,1.935181082046710799e-08
1.525545993496103314e+00,1.932409610105878528e-08
1.525582875975221242e+00,1.929636361808206857e-08
1.525619749027747885e+00,1.926890469405861950e-08
1.525656612658501388e+00,1.924134984676584281e-08
1.525693466872294568e+00,1.921389625181291194e-08
1.525730311673938244e+00,1.918662206890076050e-08
1.525767147068237906e+00,1.915926617357399664e-08
1.525803973059996821e+00,1.913192981817246618e-08
1.525840789654013374e+00,1.910501445934187359e-08
1.525877596855083285e+00,1.907789304311791057e-08
1.525914394667997609e+00,1.905078761410550214e-08
1.525951183097544961e+00,1.902380297735817294e-08
1.525987962148509069e+00,1.899707235963887797e-08
1.526024731825670555e+00,1.897025470043445239e-08
1.526061492133806485e+00,1.894349033193520881e-08
1.526098243077690375e+00,1.891683787391684746e-08
1.526134984662091520e+00,1.889015166511853749e-08
1.526171716891775887e+00,1.886356848501691275e-08
1.526208439771506331e+00,1.883726774565275264e-08
1.526245153306041269e+00,1.881058864228180028e-08
1.526281857500135564e+00,1.878428257384712197e-08
1.526318552358540970e+00,1.875799959805135586e-08
1.526355237886005467e+00,1.873176103117657476e-08
1.526391914087272816e+00,1.870576227247511270e-08
1.526428580967084114e+00,1.867953258738452860e-08
1.526465238530176238e+00,1.865338106199487811e-08
1.526501886781282513e+00,1.862748710834694066e-08
1.526538525725132489e+00,1.860162512912211241e-08
1.526575155366452607e+00,1.857571163554894156e-08
1.526611775709965313e+00,1.854981768190100411e-08
1.526648386760389942e+00,1.852434650118084392e-08
1.526684988522441389e+00,1.849861419600529189e-08
1.526721581000831662e+00,1.847306485558419809e-08
1.526758164200268997e+00,1.844747643531263748e-08
1.526794738125457851e+00,1.842205499258398049e-08
1.526831302781099575e+00,1.839667085334895091e-08
1.526867858171891523e+00,1.837117657998987852e-08
1.526904404302527496e+00,1.834601270900293457e-08
1.526940941177697963e+00,1.832076179653086001e-08
1.526977468802089843e+00,1.829562812361018587e-08
1.527013987180386279e+00,1.827052109604210273e-08
1.527050496317266637e+00,1.824549755724547140e-08
1.527086996217407400e+00,1.822045803123728547e-08
1.527123486885481052e+00,1.819560146998355776e-08
1.527159968326156525e+00,1.817070582887936325e-08
1.527196440544099643e+00,1.814599315252962697e-08
1.527232903543971787e+00,1.812122540911786928e-08
1.527269357330431676e+00,1.809641503314196598e-08
1.527305801908134253e+00,1.807188354518984852e-08
1.527342237281730908e+00,1.804733607002617646e-08
1.527378663455869257e+00,1.802278148943514680e-08
1.527415080435193806e+00,1.799841875538277236e-08
1.527451488224345066e+00,1.797407733761247073e-08
1.527487886827960661e+00,1.794965243107071728e-08
1.527524276250674440e+00,1.792536963307611586e-08
1.527560656497116254e+00,1.790131953782747587e-08
1.527597027571913291e+00,1.787702785804867744e-08
1.527633389479688519e+00,1.785297953915687685e-08
1.527669742225061800e+00,1.782892056212403986e-08
1.527706085812649439e+00,1.780496994285840628e-08
1.527742420247064192e+00,1.778105307437272131e-08
1.527778745532915705e+00,1.775725344543843676e-08
1.527815061674809183e+00,1.773332058974119718e-08
1.527851368677347388e+00,1.770961155500572204e-08
1.527887666545129308e+00,1.768591673112496210e-08
1.527923955282749935e+00,1.766239066114394518e-08
1.527960234894801594e+00,1.763873314075681265e-08
1.527996505385872617e+00,1.761520529441895633e-08
1.528032766760547778e+00,1.759181067484405503e-08
1.528069019023409414e+00,1.756832901378402312e-08
1.528105262179034751e+00,1.754511558260674065e-08
1.528141496231998797e+00,1.752166589596981794e-08
1.528177721186873006e+00,1.749850220278403867e-08
1.528213937048224835e+00,1.747529410067727440e-08
1.528250143820618634e+00,1.745212863113465573e-08
1.528286341508615642e+00,1.742910349378234969e-08
1.528322530116772882e+00,1.740594157695340982e-08
1.528358709649644487e+00,1.738315624777442281e-08
1.528394880111781040e+00,1.736013466313579556e-08
1.528431041507730237e+00,1.733723919983276573e-08
1.528467193842035110e+00,1.731449650321792433e-08
1.528503337119236694e+00,1.729167031783163111e-08
1.528539471343871359e+00,1.726888321229580470e-08
1.528575596520473034e+00,1.724620979359769990e-08
1.528611712653571431e+00,1.722367493073306832e-08
1.528647819747693815e+00,1.720114006786843674e-08
1.528683917807363457e+00,1.717864250849743257e-08
1.528720006837099632e+00,1.715624087239575601e-08
1.528756086841419615e+00,1.713383923629407946e-08
1.528792157824836240e+00,1.711159036688059132e-08
1.528828219791859455e+00,1.708917807263787836e-08
1.528864272746995434e+00,1.706705354820314824e-08
1.528900316694747463e+00,1.704467322838354448e-08
1.528936351639615054e+00,1.702270857606436039e-08
1.528972377586094389e+00,1.700056628806123626e-08
1.529008394538678317e+00,1.697856433224842476e-08
1.529044402501856359e+00,1.695652684929882525e-08
1.529080401480115148e+00,1.693451956441549555e-08
1.529116391477937098e+00,1.691267392800455127e-08
1.529152372499801738e+00,1.689081585709573119e-08
1.529188344550185263e+00,1.686913542187085113e-08
1.529224307633560098e+00,1.684736261609032226e-08
1.529260261754396444e+00,1.682574968242533942e-08
1.529296206917159617e+00,1.680407279991413816e-08
1.529332143126312937e+00,1.678246164260599471e-08
1.529368070386315059e+00,1.676109206982800970e-08
1.529403988701622863e+00,1.673953065051136946e-08
1.529439898076689008e+00,1.671801186375887482e-08
1.529475798515962381e+00,1.669669380532923242e-08
1.529511690023889425e+00,1.667539528682482342e-08
1.529547572604912808e+00,1.665391202720911679e-08
1.529583446263472313e+00,1.663282134245491761e-08
1.529619311004003945e+00,1.661168802513657283e-08
1.529655166830940383e+00,1.659056891867294325e-08
1.529691013748711415e+00,1.656936987615154067e-08
1.529726851761743056e+00,1.654847636700651492e-08
1.529762680874458658e+00,1.652750825087423436e-08
1.529798501091277796e+00,1.650641934247687459e-08
1.529834312416616271e+00,1.648559155853490665e-08
1.529870114854887886e+00,1.646462166604578670e-08
1.529905908410502002e+00,1.644401237399506499e-08
1.529941693087865540e+00,1.642322189354672446e-08
1.529977468891381198e+00,1.640250957279931754e-08
1.530013235825449236e+00,1.638177238305615901e-08
1.530048993894466358e+00,1.636126789605896192e-08
1.530084743102825939e+00,1.634070301292922522e-08
1.530120483454918245e+00,1.632012214258793392e-08
1.530156214955129990e+00,1.629964607730016724e-08
1.530191937607844999e+00,1.627923040814494016e-08
1.530227651417443546e+00,1.625879342270764027e-08
1.530263356388302798e+00,1.623838663533661020e-08
1.530299052524796366e+00,1.621796918982454372e-08
1.530334739831295421e+00,1.619790523932351789e-08
1.530370418312167136e+00,1.617768674577746424e-08
1.530406087971775575e+00,1.615752154293659260e-08
1.530441748814481251e+00,1.613744515793769096e-08
1.530477400844642899e+00,1.611746291985127755e-08
1.530513044066613926e+00,1.609737054764082131e-08
1.530548678484745961e+00,1.607739541498176550e-08
1.530584304103387305e+00,1.605754995637198590e-08
1.530619920926882482e+00,1.603751620393722988e-08
1.530655528959572909e+00,1.601775068138522329e-08
1.530691128205796891e+00,1.599799936968793190e-08
1.530726718669890074e+00,1.597816456921918871e-08
1.530762300356183880e+00,1.595858378777847975e-08
1.530797873269007514e+00,1.593879339623072156e-08
1.530833437412685960e+00,1.591905629538814537e-08
1.530868992791541983e+00,1.589958564807147923e-08
1.530904539409894349e+00,1.587999776120341267e-08
1.530940077272059385e+00,1.586058040459192853e-08
1.530975606382349419e+00,1.584116837705096259e-08
1.531011126745074336e+00,1.582173325687108445e-08
1.531046638364540691e+00,1.580228747855016991e-08
1.531082141245051265e+00,1.578298380877640739e-08
1.531117635390906395e+00,1.576365349365005386e-08
1.531153120806402868e+00,1.574449370878028276e-08
1.531188597495834136e+00,1.572521313164543244e-08
1.531224065463490991e+00,1.570611196655136155e-08
1.531259524713660891e+00,1.568706053944879386e-08
1.531294975250627521e+00,1.566795404528420477e-08
1.531330417078672568e+00,1.564906249029718310e-08
1.531365850202073497e+00,1.563009810467974603e-08
1.531401274625105113e+00,1.561097029423308413e-08
1.531436690352039109e+00,1.559214446444912028e-08
1.531472097387143849e+00,1.557326712031681382e-08
1.531507495734684809e+00,1.555433826183616475e-08
1.531542885398923914e+00,1.553551420840904029e-08
1.531578266384120202e+00,1.551684469802694366e-08
1.531613638694529822e+00,1.549809169887339522e-08
1.531649002334404930e+00,1.547944350477337139e-08
1.531684357307996125e+00,1.546084860137852957e-08
1.531719703619549122e+00,1.544228567240679695e-08
1.531755041273307638e+00,1.542378491592444334e-08
1.531790370273511614e+00,1.540539962263665075e-08
1.531825690624398772e+00,1.538695038050263975e-08
1.531861002330202837e+00,1.536842297866769513e-08
1.531896305395154645e+00,1.535003413266622374e-08
1.531931599823482371e+00,1.533169857736993436e-08
1.531966885619410412e+00,1.531355842132597900e-08
1.532002162787160504e+00,1.529516779896766820e-08
1.532037431330951494e+00,1.527697612857537024e-08
1.532072691254998231e+00,1.525875603647364187e-08
1.532107942563513348e+00,1.524072068548321113e-08
1.532143185260706586e+00,1.522262138564656198e-08
1.532178419350783471e+00,1.520455583658986143e-08
1.532213644837947308e+00,1.518644054954165767e-08
1.532248861726398070e+00,1.516859704508988216e-08
1.532284070020333067e+00,1.515053149603318161e-08
1.532319269723945832e+00,1.513261516095099068e-08
1.532354460841427013e+00,1.511479119642444857e-08
1.532389643376964816e+00,1.509693703383163665e-08
1.532424817334743450e+00,1.507921254528810096e-08
1.532459982718945124e+00,1.506146496410565305e-08
1.532495139533748052e+00,1.504368540850009595e-08
1.532530287783327561e+00,1.502596802538391785e-08
1.532565427471856312e+00,1.500831281475711876e-08
1.532600558603503860e+00,1.499080326539115049e-08
1.532635681182436205e+00,1.497314094933699380e-08
1.532670795212816905e+00,1.495571666509931674e-08
1.532705900698806412e+00,1.493818757580811507e-08
1.532740997644561398e+00,1.492071888264945301e-08
1.532776086054236986e+00,1.490323953134975454e-08
1.532811165931983410e+00,1.488587830777987620e-08
1.532846237281949575e+00,1.486844336540116274e-08
1.532881300108279943e+00,1.485118694688480900e-08
1.532916354415117199e+00,1.483399536539309338e-08
1.532951400206600256e+00,1.481670697245363044e-08
1.532986437486865139e+00,1.479956068806131952e-08
1.533021466260044985e+00,1.478252809050673022e-08
1.533056486530269602e+00,1.476525035570830369e-08
1.533091498301666133e+00,1.474817246105430968e-08
1.533126501578359058e+00,1.473113897532130068e-08
1.533161496364468857e+00,1.471413657583298118e-08
1.533196482664113569e+00,1.469710042556471308e-08
1.533231460481408792e+00,1.467998167470341286e-08
1.533266429820466126e+00,1.466328924948356871e-08
1.533301390685394727e+00,1.464636856240986162e-08
1.533336343080300646e+00,1.462956245035229585e-08
1.533371287009287265e+00,1.461267462588011767e-08
1.533406222476454195e+00,1.459586762564413220e-08
1.533441149485899047e+00,1.457933063164773557e-08
1.533476068041715656e+00,1.456252896048226830e-08
1.533510978147995418e+00,1.454574150017151624e-08
1.533545879808826617e+00,1.452916009725413460e-08
1.533580773028294209e+00,1.451261333329512127e-08
1.533615657810480704e+00,1.449609410286711864e-08
1.533650534159465284e+00,1.447949316002450360e-08
1.533685402079324467e+00,1.446300235130593137e-08
1.533720261574131660e+00,1.444664654570715356e-08
1.533755112647957386e+00,1.443020369862324515e-08
1.533789955304869279e+00,1.441387542655547804e-08
1.533824789548931200e+00,1.439742280950895292e-08
1.533859615384205455e+00,1.438111318918799952e-08
1.533894432814750575e+00,1.436487462314062213e-08
1.533929241844622426e+00,1.434853746928865803e-08
1.533964042477873546e+00,1.433243745907475386e-08
1.533998834718554249e+00,1.431615181957113236e-08
1.534033618570710633e+00,1.430005003300038879e-08
1.534068394038387906e+00,1.428380791423933260e-08
1.534103161125626169e+00,1.426776652380112864e-08
1.534137919836463970e+00,1.425175799596445358e-08
1.534172670174936748e+00,1.423575834991197553e-08
1.534207412145076610e+00,1.421977469107105208e-08
1.534242145750913222e+00,1.420371109617235561e-08
1.534276870996472919e+00,1.418779849160500817e-08
1.534311587885779149e+00,1.417191342056867143e-08
1.534346296422853362e+00,1.415609141020013340e-08
1.534380996611712344e+00,1.414015660117229345e-08
1.534415688456371551e+00,1.412447314663722864e-08
1.534450371960843329e+00,1.410871597329332872e-08
1.534485047129136026e+00,1.409284866582538598e-08
1.534519713965256660e+00,1.407738015046788860e-08
1.534554372473208028e+00,1.406157323913248547e-08
1.534589022656990931e+00,1.404607896660081678e-08
1.534623664520602837e+00,1.403022853452284835e-08
1.534658298068038329e+00,1.401482663254682848e-08
1.534692923303289325e+00,1.399929150380785359e-08
1.534727540230344855e+00,1.398381943573667741e-08
1.534762148853190844e+00,1.396824345079039631e-08
1.534796749175810548e+00,1.395271898019245782e-08
1.534831341202184563e+00,1.393739346156053216e-08
1.534865924936290371e+00,1.392201198768816539e-08
1.534900500382102129e+00,1.390674153611826114e-08
1.534935067543591769e+00,1.389136539131641257e-08
1.534969626424728562e+00,1.387597681201668820e-08
1.535004177029478445e+00,1.386091419419699378e-08
1.535038719361804471e+00,1.384578940388792034e-08
1.535073253425666806e+00,1.383041237090765208e-08
1.535107779225023394e+00,1.381528846877699834e-08
1.535142296763829073e+00,1.380015834939740671e-08
1.535176806046034903e+00,1.378501135462784077e-08
1.535211307075590836e+00,1.376991853874187655e-08
1.535245799856442384e+00,1.375495450872676884e-08
1.535280284392533279e+00,1.373987146280342131e-08
1.535314760687803926e+00,1.372484348394209519e-08
1.535349228746191841e+00,1.370999314076470910e-08
1.535383688571632099e+00,1.369500335357543008e-08
1.535418140168056889e+00,1.368008462065972708e-08
1.535452583539395066e+00,1.366524937651547589e-08
1.535487018689573491e+00,1.365025159572041957e-08
1.535521445622515468e+00,1.363565171885738891e-08
1.535555864342141863e+00,1.362072765687116771e-08
1.535590274852370651e+00,1.360604340305826554e-08
1.535624677157117146e+00,1.359132806300067386e-08
1.535659071260294217e+00,1.357669354717927490e-08
1.535693457165810516e+00,1.356194623269857402e-08
1.535727834877573361e+00,1.354736145486867827e-08
1.535762204399486741e+00,1.353282552685186602e-08
1.535796565735451757e+00,1.351818479378152915e-08
1.535830918889367069e+00,1.350362666130422440e-08
1.535865263865128449e+00,1.348910583232054705e-08
1.535899600666628340e+00,1.347469336110407312e-08
1.535933929297756961e+00,1.346020805925718378e-08
1.535968249762401872e+00,1.344568367755982763e-08
1.536002562064447519e+00,1.343134137243851001e-08
1.536036866207775242e+00,1.341693067757887547e-08
1.536071162196264828e+00,1.340264255134115956e-08
1.536105450033792064e+00,1.338824517915782053e-08
1.536139729724230518e+00,1.337382116162189050e-08
1.536174001271450873e+00,1.335970001292707821e-08
1.536208264679320923e+00,1.334549981635291260e-08
1.536242519951706242e+00,1.333117527479998898e-08
1.536276767092469075e+00,1.331715537844502251e-08
1.536311006105469001e+00,1.330295873458453570e-08
1.536345236994563157e+00,1.328881271689397181e-08
1.536379459763605793e+00,1.327465870559763061e-08
1.536413674416448272e+00,1.326072229801411595e-08
1.536447880956939516e+00,1.324662513013663556e-08
1.536482079388925115e+00,1.323270115705099670e-08
1.536516269716248662e+00,1.321866083259237712e-08
1.536550451942750417e+00,1.320470133236995025e-08
1.536584626072268644e+00,1.319076403660801589e-08
1.536618792108638054e+00,1.317688447244336203e-08
1.536652950055690914e+00,1.316314524046902079e-08
1.536687099917257049e+00,1.314899389370793870e-08
1.536721241697163398e+00,1.313527153712357176e-08
1.536755375399234014e+00,1.312155184507446393e-08
1.536789501027290283e+00,1.310781794217064089e-08
1.536823618585151152e+00,1.309387087644608982e-08
1.536857728076632679e+00,1.308031905011830531e-08
1.536891829505548257e+00,1.306662422706494908e-08
1.536925922875708173e+00,1.305296581932680056e-08
1.536960008190920934e+00,1.303933938601176123e-08
1.536994085454991499e+00,1.302576979611558272e-08
1.537028154671722380e+00,1.301207763759748559e-08
1.537062215844912982e+00,1.299860752368431349e-08
1.537096268978361602e+00,1.298487983802942836e-08
1.537130314075861870e+00,1.297161489333120699e-08
1.537164351141205643e+00,1.295793339295414626e-08
1.537198380178182333e+00,1.294450147071302126e-08
1.537232401190578024e+00,1.293122142698166499e-08
1.537266414182176799e+00,1.291763318533867277e-08
1.537300419156759412e+00,1.290429896272371479e-08
1.537334416118104841e+00,1.289098516821240992e-08
1.537368405069988286e+00,1.287772910529838555e-08
1.537402386016182732e+00,1.286440198811078517e-08
1.537436358960458938e+00,1.285115391880253810e-08
1.537470323906584335e+00,1.283776196459029961e-08
1.537504280858324357e+00,1.282453876427780415e-08
1.537538229819441327e+00,1.281144879072826370e-08
1.537572170793694681e+00,1.279816608246164833e-08
1.537606103784841860e+00,1.278512939961728989e-08
1.537640028796637193e+00,1.277189376480691863e-08
1.537673945832832567e+00,1.275883665385890708e-08
1.537707854897176984e+00,1.274577954291089554e-08
1.537741755993417225e+00,1.273275529456441291e-08
1.537775649125296740e+00,1.271957827952974185e-08
1.537809534296557423e+00,1.270657623564375172e-08
1.537843411510937175e+00,1.269368521406022410e-08
1.537877280772172561e+00,1.268073912541467507e-08
1.537911142083996596e+00,1.266786053832902326e-08
1.537944995450140073e+00,1.265483096091202242e-08
1.537978840874331121e+00,1.264202875717046481e-08
1.538012678360294982e+00,1.262919813171947681e-08
1.538046507911755123e+00,1.261632398552592349e-08
1.538080329532431012e+00,1.260355197985063569e-08
1.538114143226040786e+00,1.259070359083125368e-08
1.538147948996299252e+00,1.257795378961645838e-08
1.538181746846918552e+00,1.256520132386640398e-08
1.538215536781608828e+00,1.255250658971363009e-08
1.538249318804077337e+00,1.253980741466875770e-08
1.538283092918028228e+00,1.252719883382269472e-08
1.538316859127163871e+00,1.251444636807264033e-08
1.538350617435183310e+00,1.250193459867432466e-08
1.538384367845783807e+00,1.248926562169572207e-08
1.538418110362658853e+00,1.247669789705696530e-08
1.538451844989500383e+00,1.246428826817691515e-08
1.538485571729997670e+00,1.245158998131046246e-08
1.538519290587836652e+00,1.243913683168784701e-08
1.538553001566701717e+00,1.242666591849683755e-08
1.538586704670273475e+00,1.241432467935510431e-08
1.538620399902230762e+00,1.240182712081150385e-08
1.538654087266249970e+00,1.238949920434606611e-08
1.538687766766004383e+00,1.237702473844137785e-08
1.538721438405165287e+00,1.236455382525036839e-08
1.538755102187400414e+00,1.235229074580956876e-08
1.538788758116375943e+00,1.233996282934413102e-08
1.538822406195755610e+00,1.232764024194921149e-08
1.538856046429198932e+00,1.231545976310144397e-08
1.538889678820365203e+00,1.230316115652385633e-08
1.538923303372909057e+00,1.229088208987150210e-08
1.538956920090484237e+00,1.227877355347573030e-08
1.538990528976740713e+00,1.226648738139601846e-08
1.539024130035326454e+00,1.225439749674706036e-08
1.539057723269887212e+00,1.224212731187890313e-08
1.539091308684065185e+00,1.223016443674396214e-08
1.539124886281501015e+00,1.221797241157673852e-08
1.539158456065832459e+00,1.220594647577399883e-08
1.539192018040694609e+00,1.219379708317092081e-08
1.539225572209720116e+00,1.218182443807336313e-08
1.539259118576539187e+00,1.216994771624513305e-08
1.539292657144779142e+00,1.215785427888249615e-08
1.539326187918065081e+00,1.214600064969317827e-08
1.539359710900019662e+00,1.213404665634243429e-08
1.539393226094263101e+00,1.212205891221174170e-08
1.539426733504412503e+00,1.211014399871146452e-08
1.539460233134083200e+00,1.209830635673370125e-08
1.539493724986887191e+00,1.208655930895474739e-08
1.539527209066434699e+00,1.207462574370765651e-08
1.539560685376332838e+00,1.206289290678341786e-08
1.539594153920187170e+00,1.205104727119987729e-08
1.539627614701599256e+00,1.203925048542942022e-08
1.539661067724169552e+00,1.202745636419422226e-08
1.539694512991495401e+00,1.201576083076361101e-08
1.539727950507171705e+00,1.200414256885551367e-08
1.539761380274790481e+00,1.199239196836288102e-08
1.539794802297941523e+00,1.198071419850066377e-08
1.539828216580213072e+00,1.196900445421533732e-08
1.539861623125189150e+00,1.195734089520783527e-08
1.539895021936452890e+00,1.194587095909582786e-08
1.539928413017583653e+00,1.193426868439928512e-08
1.539961796372159242e+00,1.192262288896017708e-08
1.539995172003754131e+00,1.191113785381503476e-08
1.540028539915941241e+00,1.189970610937507445e-08
1.540061900112290605e+00,1.188818821162840322e-08
1.540095252596369590e+00,1.187674047997688831e-08
1.540128597371742902e+00,1.186514975159980168e-08
1.540161934441973912e+00,1.185384590485227818e-08
1.540195263810621995e+00,1.184229425632565835e-08
1.540228585481245194e+00,1.183107922742010487e-08
1.540261899457398664e+00,1.181959419227496255e-08
1.540295205742634899e+00,1.180829389824111786e-08
1.540328504340504168e+00,1.179701669684618537e-08
1.540361795254554522e+00,1.178555031344785675e-08
1.540395078488331126e+00,1.177431041554655167e-08
1.540428354045376924e+00,1.176309716299783759e-08
1.540461621929232416e+00,1.175179065171505499e-08
1.540494882143435440e+00,1.174058361641527881e-08
1.540528134691521833e+00,1.172935526483342983e-08
1.540561379577024104e+00,1.171825569912243736e-08
1.540594616803473427e+00,1.170699981400957768e-08
1.540627846374397869e+00,1.169583097038184860e-08
1.540661068293323055e+00,1.168482199886966555e-08
1.540694282563772610e+00,1.167368512966504568e-08
1.540727489189267274e+00,1.166256691220723951e-08
1.540760688173325565e+00,1.165138030501111643e-08
1.540793879519463783e+00,1.164043084145305329e-08
1.540827063231194893e+00,1.162932328213628352e-08
1.540860239312030977e+00,1.161835250229614758e-08
1.540893407765480116e+00,1.160745632944326644e-08
1.540926568595048840e+00,1.159644114068214549e-08
1.540959721804241234e+00,1.158546325541465194e-08
1.540992867396558719e+00,1.157445606025930829e-08
1.541026005375500496e+00,1.156355633469274835e-08
1.541059135744563102e+00,1.155269835351191432e-08
1.541092258507241297e+00,1.154174178452649357e-08
1.541125373667026288e+00,1.153099304929128266e-08
1.541158481227407950e+00,1.152012085725573343e-08
1.541191581191873272e+00,1.150924155979282659e-08
1.541224673563907022e+00,1.149835693325940156e-08
1.541257758346991746e+00,1.148765438330201505e-08
1.541290835544606885e+00,1.147696160330724524e-08
1.541323905160229879e+00,1.146613737290635981e-08
1.541356967197336170e+00,1.145544903380368851e-08
1.541390021659398313e+00,1.144473316117000650e-08
1.541423068549886644e+00,1.143405814474363069e-08
1.541456107872269499e+00,1.142335559478624418e-08
1.541489139630011884e+00,1.141269656557142298e-08
1.541522163826577030e+00,1.140200733829033197e-08
1.541555180465425945e+00,1.139144067963115958e-08
1.541588189550017196e+00,1.138082694751574309e-08
1.541621191083806686e+00,1.137019545183193259e-08
1.541654185070248317e+00,1.135966609666638760e-08
1.541687171512792887e+00,1.134923177659175053e-08
1.541720150414889634e+00,1.133859051094532333e-08
1.541753121779985136e+00,1.132818461258011666e-08
1.541786085611523971e+00,1.131769966633555669e-08
1.541819041912947608e+00,1.130711613228640999e-08
1.541851990687695295e+00,1.129671556299172153e-08
1.541884931939204950e+00,1.128639137704112727e-08
1.541917865670910714e+00,1.127588777904975359e-08
1.541950791886245398e+00,1.126546411711615292e-08
1.541983710588638923e+00,1.125502180343573855e-08
1.542016621781519214e+00,1.124469228841462609e-08
1.542049525468311311e+00,1.123429349547677703e-08
1.542082421652438695e+00,1.122398796127299647e-08
1.542115310337321743e+00,1.121365933443030372e-08
1.542148191526379275e+00,1.120340620275328547e-08
1.542181065223026559e+00,1.119312642572367622e-08
1.542213931430678198e+00,1.118282888512567297e-08
1.542246790152745239e+00,1.117270809203319004e-08
1.542279641392636291e+00,1.116236614251420178e-08
1.542312485153758850e+00,1.115221071046335055e-08
1.542345321439516637e+00,1.114199488227995971e-08
1.542378150253312041e+00,1.113182612755281298e-08
1.542410971598544789e+00,1.112170888717400885e-08
1.542443785478612162e+00,1.111163872025144883e-08
1.542476591896909444e+00,1.110147351823798090e-08
1.542509390856829476e+00,1.109128433540718106e-08
1.542542182361762437e+00,1.108136604699438976e-08
1.542574966415096727e+00,1.107113423159944432e-08
1.542607743020218525e+00,1.106115377069727401e-08
1.542640512180510459e+00,1.105107649834735639e-08
1.542673273899354713e+00,1.104104185856158438e-08
1.542706028180129696e+00,1.103120172984972669e-08
1.542738775026212261e+00,1.102109248307669986e-08
1.542771514440976821e+00,1.101116442470129186e-08
1.542804246427795123e+00,1.100124968900217937e-08
1.542836970990036916e+00,1.099115909397596624e-08
1.542869688131070394e+00,1.098135626875773596e-08
1.542902397854259755e+00,1.097138380146134296e-08
1.542935100162968309e+00,1.096155788360420047e-08
1.542967795060556702e+00,1.095167512232819718e-08
1.543000482550383134e+00,1.094192558781514890e-08
1.543033162635804034e+00,1.093200641122393790e-08
1.543065835320172274e+00,1.092213608444581041e-08
1.543098500606840284e+00,1.091237677997014544e-08
1.543131158499156497e+00,1.090248957780204364e-08
1.543163809000468456e+00,1.089274004328899537e-08
1.543196452114120598e+00,1.088306600394162160e-08
1.543229087843454916e+00,1.087334400295958403e-08
1.543261716191811850e+00,1.086360068569547366e-08
1.543294337162529395e+00,1.085395862077120910e-08
1.543326950758942884e+00,1.084410872209673471e-08
1.543359556984385650e+00,1.083461409479014037e-08
1.543392155842188807e+00,1.082487877113180730e-08
1.543424747335681246e+00,1.081528111512852774e-08
1.543457331468189420e+00,1.080566391920001479e-08
1.543489908243037556e+00,1.079610179033352324e-08
1.543522477663547887e+00,1.078645883723083898e-08
1.543555039733039980e+00,1.077695177542636884e-08
1.543587594454831846e+00,1.076732747407049828e-08
1.543620141832238168e+00,1.075770938996356563e-08
1.543652681868572296e+00,1.074831157410471860e-08
1.543685214567145136e+00,1.073876632062820136e-08
1.543717739931264710e+00,1.072922461986536291e-08
1.543750257964238370e+00,1.071975663791135958e-08
1.543782768669369254e+00,1.071033750577043975e-08
1.543815272049959830e+00,1.070080735132705740e-08
1.543847768109309460e+00,1.069149213606124249e-08
1.543880256850715726e+00,1.068199750875464815e-08
1.543912738277473773e+00,1.067261301557209663e-08
1.543945212392876520e+00,1.066316457354332670e-08
1.543977679200214448e+00,1.065394705790367880e-08
1.544010138702776480e+00,1.064449772769648916e-08
1.544042590903848655e+00,1.063514876165072565e-08
1.544075035806715013e+00,1.062582111188703493e-08
1.544107473414657816e+00,1.061647303401969111e-08
1.544139903730956442e+00,1.060729815094418882e-08
1.544172326758888047e+00,1.059791543411847670e-08
1.544204742501728456e+00,1.058862775238367249e-08
1.544237150962750160e+00,1.057948928462337790e-08
1.544269552145224322e+00,1.057024512363113899e-08
1.544301946052419217e+00,1.056093523743584228e-08
1.544334332687601785e+00,1.055173548536458838e-08
1.544366712054035640e+00,1.054263698563318030e-08
1.544399084154983059e+00,1.053349585333762661e-08
1.544431448993704104e+00,1.052426679137852261e-08
1.544463806573455944e+00,1.051519671335654493e-08
1.544496156897494421e+00,1.050598008589531673e-08
1.544528499969072488e+00,1.049684339449186155e-08
1.544560835791441322e+00,1.048785769341975538e-08
1.544593164367849880e+00,1.047870945569684409e-08
1.544625485701544676e+00,1.046960385053807840e-08
1.544657799795770226e+00,1.046042275021363821e-08
1.544690106653769046e+00,1.045148678713303525e-08
1.544722406278781213e+00,1.044262187832600830e-08
1.544754698674044358e+00,1.043339814543742250e-08
1.544786983842795003e+00,1.042451636124042125e-08
1.544819261788266118e+00,1.041551289659992108e-08
1.544851532513689785e+00,1.040661867790504402e-08
1.544883796022294531e+00,1.039756547527304065e-08
1.544916052317307775e+00,1.038869967828759400e-08
1.544948301401954938e+00,1.037969443729025443e-08
1.544980543279458107e+00,1.037077890231330457e-08
1.545012777953038485e+00,1.036190511172208062e-08
1.545045005425914164e+00,1.035289365347580315e-08
1.545077225701301682e+00,1.034426055923631793e-08
1.545109438782415134e+00,1.033524110738426316e-08
1.545141644672466619e+00,1.032650498444809273e-08
1.545173843374666012e+00,1.031771468262832059e-08
1.545206034892220526e+00,1.030887197828178614e-08
1.545238219228336707e+00,1.030005591928784270e-08
1.545270396386217104e+00,1.029126739382490996e-08
1.545302566369063602e+00,1.028256946256078663e-08
1.545334729180074973e+00,1.027374807449632499e-08
1.545366884822448217e+00,1.026496576628233015e-08
1.545399033299378333e+00,1.025633089568600553e-08
1.545431174614058101e+00,1.024765072799027621e-08
1.545463308769677857e+00,1.023891105234042698e-08
1.545495435769426384e+00,1.023013407319695034e-08
1.545527555616489801e+00,1.022165108111039444e-08
1.545559668314052448e+00,1.021281281765595850e-08
1.545591773865296448e+00,1.020430229203839190e-08
1.545623872273401478e+00,1.019561057802320647e-08
1.545655963541545663e+00,1.018705031441413666e-08
1.545688047672904464e+00,1.017843320738620605e-08
1.545720124670651785e+00,1.016977346779412983e-08
1.545752194537959090e+00,1.016130823927596794e-08
1.545784257277995177e+00,1.015267869775016152e-08
1.545816312893928179e+00,1.014410244692953711e-08
1.545848361388922676e+00,1.013561234941562361e-08
1.545880402766141692e+00,1.012702810498922190e-08
1.545912437028746256e+00,1.011850958576587800e-08
1.545944464179895173e+00,1.011012074059181032e-08
1.545976484222745251e+00,1.010167860471256063e-08
1.546008497160450856e+00,1.009314587463450152e-08
1.546040502996165023e+00,1.008463534901693492e-08
1.546072501733037674e+00,1.007634509164745396e-08
1.546104493374217403e+00,1.006781680246149335e-08
1.546136477922850361e+00,1.005940930554061197e-08
1.546168455382080698e+00,1.005100891404708818e-08
1.546200425755050345e+00,1.004259786441252800e-08
1.546232389044899458e+00,1.003421878920107702e-08
1.546264345254765527e+00,1.002583704945436693e-08
1.546296294387784931e+00,1.001755833840434207e-08
1.546328236447090720e+00,1.000910199167037717e-08
1.546360171435815278e+00,1.000091298664074202e-08
1.546392099357087435e+00,9.992651150980691455e-09
1.546424020214035133e+00,9.984248094951908570e-09
1.546455934009783428e+00,9.976017345536547509e-09
1.546487840747456044e+00,9.967752845341237844e-09
1.546519740430173817e+00,9.959473246112793277e-09
1.546551633061056252e+00,9.951197199598027510e-09
1.546583518643219968e+00,9.943016188174169656e-09
1.546615397179780471e+00,9.934700173630517384e-09
1.546647268673850828e+00,9.926639954471738747e-09
1.546679133128541661e+00,9.918381671525366983e-09
1.546710990546961595e+00,9.910192666495731828e-09
1.546742840932218144e+00,9.902045405851822579e-09
1.546774684287415269e+00,9.893939889593639236e-09
1.546806520615656266e+00,9.885722462854573678e-09
1.546838349920041322e+00,9.877644480127401039e-09
1.546870172203669291e+00,9.869540740226057096e-09
1.546901987469636364e+00,9.861301997204918734e-09
1.546933795721037619e+00,9.853210691801450594e-09
1.546965596960965028e+00,9.845201986991014564e-09
1.546997391192509008e+00,9.837055614525525016e-09
1.547029178418758200e+00,9.829062008748223889e-09
1.547060958642798356e+00,9.821039093083072657e-09
1.547092731867714566e+00,9.812939794073827215e-09
1.547124498096588141e+00,9.804974610005956492e-09
1.547156257332499951e+00,9.796968569730779564e-09
1.547188009578527979e+00,9.788976740310317837e-09
1.547219754837748207e+00,9.780920073865218001e-09
1.547251493113234622e+00,9.773146736336002505e-09
1.547283224408059432e+00,9.765085628998804168e-09
1.547314948725293071e+00,9.757251007158629363e-09
1.547346666068002863e+00,9.749250295953970635e-09
1.547378376439255243e+00,9.741361495230194123e-09
1.547410079842114206e+00,9.733349237706079293e-09
1.547441776279641745e+00,9.725521721293262090e-09
1.547473465754897415e+00,9.717472160275519855e-09
1.547505148270939435e+00,9.709765436127781868e-09
1.547536823830823804e+00,9.701857983657191653e-09
1.547568492437604082e+00,9.694040237206991151e-09
1.547600154094332270e+00,9.686201174474717845e-09
1.547631808804058373e+00,9.678410073377108347e-09
1.547663456569830176e+00,9.670436895703460323e-09
1.547695097394693242e+00,9.662748823302536039e-09
1.547726731281692025e+00,9.654910648748682434e-09
1.547758358233868314e+00,9.647178167426773143e-09
1.547789978254261234e+00,9.639331111088722537e-09
1.547821591345909686e+00,9.631681230359845358e-09
1.547853197511848355e+00,9.623961183535811870e-09
1.547884796755112147e+00,9.616234031284420780e-09
1.547916389078732413e+00,9.608506879033029691e-09
1.547947974485739175e+00,9.600691797118088289e-09
1.547979552979160456e+00,9.593087213488615816e-09
1.548011124562021834e+00,9.585370719378261128e-09
1.548042689237347336e+00,9.577653337089486740e-09
1.548074247008159210e+00,9.570143788550922181e-09
1.548105797877477041e+00,9.562383773698002187e-09
1.548137341848318860e+00,9.554739222039643209e-09
1.548168878923700698e+00,9.547123092090714636e-09
1.548200409106636588e+00,9.539551371062771068e-09
1.548231932400138566e+00,9.531971656429050199e-09
1.548263448807216669e+00,9.524309341202297219e-09
1.548294958330879156e+00,9.516718080249120248e-09
1.548326460974131846e+00,9.509194320855840488e-09
1.548357956739979002e+00,9.501664344213622826e-09
1.548389445631423111e+00,9.494126373965627863e-09
1.548420927651463774e+00,9.486563534721881297e-09
1.548452402803099703e+00,9.479031781722824235e-09
1.548483871089327168e+00,9.471518680470580875e-09
1.548515332513140663e+00,9.464031336392508820e-09
1.548546787077532239e+00,9.456503136107130558e-09
1.548578234785492169e+00,9.449089510837893613e-09
1.548609675640008954e+00,9.441531112486245547e-09
1.548641109644069980e+00,9.434132586250143504e-09
1.548672536800658639e+00,9.426674552059921552e-09
1.548703957112758101e+00,9.419323987458483316e-09
1.548735370583349091e+00,9.411864176911421964e-09
1.548766777215410118e+00,9.404387490974386310e-09
1.548798177011918131e+00,9.396960543028853863e-09
1.548829569975847642e+00,9.389493627054434910e-09
1.548860956110171827e+00,9.382337573526911001e-09
1.548892335417861421e+00,9.374923948257674056e-09
1.548923707901885827e+00,9.367540521054706915e-09
1.548955073565211560e+00,9.360146435710703372e-09
1.548986432410804248e+00,9.352871366274939646e-09
1.549017784441626855e+00,9.345477280930936104e-09
1.549049129660640345e+00,9.338284812088204490e-09
1.549080468070804573e+00,9.330942241092543554e-09
1.549111799675076950e+00,9.323589011955846217e-09
1.549143124476412670e+00,9.316310389806403691e-09
1.549174442477765146e+00,9.309068182972168870e-09
1.549205753682086462e+00,9.301785119930627843e-09
1.549237058092326258e+00,9.294450542540744209e-09
1.549268355711431955e+00,9.287232316523841291e-09
1.549299646542350084e+00,9.280092250207871984e-09
1.549330930588023847e+00,9.272842049767859862e-09
1.549362207851395778e+00,9.265650469103547948e-09
1.549393478335405971e+00,9.258434019443484431e-09
1.549424742042992298e+00,9.251199806215026911e-09
1.549455998977091742e+00,9.244082832537969807e-09
1.549487249140637957e+00,9.236929443545704999e-09
1.549518492536563929e+00,9.229834674329140398e-09
1.549549729167799983e+00,9.222675068087937689e-09
1.549580959037275107e+00,9.215535889950388082e-09
1.549612182147915851e+00,9.208380724601283873e-09
1.549643398502647207e+00,9.201258421853708569e-09
1.549674608104392171e+00,9.194152994496107567e-09
1.549705810956071739e+00,9.187029803570112563e-09
1.549737007060605132e+00,9.179904836287278158e-09
1.549768196420909794e+00,9.172979709148876282e-09
1.549799379039900948e+00,9.165741943206739961e-09
1.549830554920492487e+00,9.158818592425177485e-09
1.549861724065595414e+00,9.151666979789752077e-09
1.549892886478120069e+00,9.144692114659846993e-09
1.549924042160973903e+00,9.137762546629346616e-09
1.549955191117063258e+00,9.130639355703351612e-09
1.549986333349292034e+00,9.123770183805390843e-09
1.550017468860562353e+00,9.116717158974552149e-09
1.550048597653774562e+00,9.109759169234621368e-09
1.550079719731827677e+00,9.102760323287384381e-09
1.550110835097617379e+00,9.095772135481183795e-09
1.550141943754039353e+00,9.088846120164362219e-09
1.550173045703985508e+00,9.081873031391296536e-09
1.550204140950347531e+00,9.075043827522222273e-09
1.550235229496014000e+00,9.068000572654000280e-09
1.550266311343872383e+00,9.061084327299795405e-09
1.550297386496808150e+00,9.054288874210669746e-09
1.550328454957704771e+00,9.047374405213304271e-09
1.550359516729443721e+00,9.040519444170058705e-09
1.550390571814904916e+00,9.033544579040153621e-09
1.550421620216966279e+00,9.026755343199965864e-09
1.550452661938503729e+00,9.019976765500814508e-09
1.550483696982391857e+00,9.013053414719252032e-09
1.550514725351502809e+00,9.006238421704892971e-09
1.550545747048706513e+00,8.999486489358332619e-09
1.550576762076872672e+00,8.992635081028765853e-09
1.550607770438867217e+00,8.985840516118059895e-09
1.550638772137555632e+00,8.979012200427405332e-09
1.550669767175800740e+00,8.972239839977191878e-09
1.550700755556463806e+00,8.965614028966228943e-09
1.550731737282404543e+00,8.958684460935728566e-09
1.550762712356480000e+00,8.951982266580671421e-09
1.550793680781546557e+00,8.945223228806753468e-09
1.550824642560457711e+00,8.938521922630116023e-09
1.550855597696065624e+00,8.931757555785679870e-09
1.550886546191220239e+00,8.925149508343110938e-09
1.550917488048770609e+00,8.918304317262482073e-09
1.550948423271562460e+00,8.911650084542088734e-09
1.550979351862441069e+00,8.904899040373948083e-09
1.551010273824249275e+00,8.898328296425006556e-09
1.551041189159828138e+00,8.891524849730103597e-09
1.551072097872016720e+00,8.885086444365697389e-09
1.551102999963652751e+00,8.878278556778695929e-09
1.551133895437571297e+00,8.871682055655583099e-09
1.551164784296606758e+00,8.865064238250397466e-09
1.551195666543590868e+00,8.858373590214796423e-09
1.551226542181353363e+00,8.851857913327876304e-09
1.551257411212723314e+00,8.845151278080720658e-09
1.551288273640526683e+00,8.838572540526001831e-09
1.551319129467588320e+00,8.832114595236362220e-09
1.551349978696730858e+00,8.825475461549103784e-09
1.551380821330775595e+00,8.818870078641793953e-09
1.551411657372542052e+00,8.812352625398034434e-09
1.551442486824847311e+00,8.805860929328446218e-09
1.551473309690507119e+00,8.799263540026913688e-09
1.551504125972335446e+00,8.792705230575847963e-09
1.551534935673144266e+00,8.786180671904730843e-09
1.551565738795743554e+00,8.779727167507189733e-09
1.551596535342942174e+00,8.773177739840321010e-09
1.551627325317546324e+00,8.766673609272856993e-09
1.551658108722361318e+00,8.760230763016352284e-09
1.551688885560190023e+00,8.753701763453136664e-09
1.551719655833833533e+00,8.747234936379300052e-09
1.551750419546091608e+00,8.740840051757459150e-09
1.551781176699761566e+00,8.734244438812766020e-09
1.551811927297639393e+00,8.728064493368492549e-09
1.551842671342519298e+00,8.721421806967555312e-09
1.551873408837193713e+00,8.715134391934498126e-09
1.551904139784453074e+00,8.708762599951569428e-09
1.551934864187085816e+00,8.702243370350970508e-09
1.551965582047879266e+00,8.695991482454701327e-09
1.551996293369618529e+00,8.689506891812470712e-09
1.552026998155086934e+00,8.683119112617987412e-09
1.552057696407066256e+00,8.676754426062416314e-09
1.552088388128336049e+00,8.670506979058245633e-09
1.552119073321674758e+00,8.664094330868010729e-09
1.552149751989858606e+00,8.657754513308191235e-09
1.552180424135661596e+00,8.651395155823138339e-09
1.552211089761857288e+00,8.645093529935365950e-09
1.552241748871216354e+00,8.638815884864925465e-09
1.552272401466507912e+00,8.632505377192956075e-09
1.552303047550499526e+00,8.626146907886322879e-09
1.552333687125956985e+00,8.619865710102203593e-09
1.552364320195644298e+00,8.613628921239069314e-09
1.552394946762323258e+00,8.607418777728526038e-09
1.552425566828754766e+00,8.601055867529794341e-09
1.552456180397697061e+00,8.594829736807696463e-09
1.552486787471907270e+00,8.588656896790780593e-09
1.552517388054140524e+00,8.582390798039796209e-09
1.552547982147149952e+00,8.576233057056015241e-09
1.552578569753688020e+00,8.569890574960936647e-09
1.552609150876503863e+00,8.563718623122440476e-09
1.552639725518345948e+00,8.557456965263554594e-09
1.552670293681960301e+00,8.551297447922934225e-09
1.552700855370092281e+00,8.545037566420887742e-09
1.552731410585484362e+00,8.538952656067522184e-09
1.552761959330877684e+00,8.532764717017471412e-09
1.552792501609011833e+00,8.526723327406671160e-09
1.552823037422624397e+00,8.520297356540140754e-09
1.552853566774451188e+00,8.514329685738175613e-09
1.552884089667226908e+00,8.508195037393306848e-09
1.552914606103683814e+00,8.502008874700095475e-09
1.552945116086552391e+00,8.495995906798725628e-09
1.552975619618561787e+00,8.489779546039244451e-09
1.553006116702439598e+00,8.483787894419947406e-09
1.553036607340911202e+00,8.477632817971425538e-09
1.553067091536700195e+00,8.471534584941764479e-09
1.553097569292529068e+00,8.465512735256197629e-09
1.553128040611117866e+00,8.459436706687029073e-09
1.553158505495185526e+00,8.453335809122108913e-09
1.553188963947448986e+00,8.447266885980297957e-09
1.553219415970622963e+00,8.441281451609938813e-09
1.553249861567421730e+00,8.435285359098543267e-09
1.553280300740556230e+00,8.429196896031498909e-09
1.553310733492737183e+00,8.423161723669636558e-09
1.553341159826672868e+00,8.417121222237256006e-09
1.553371579745069564e+00,8.411165985933166667e-09
1.553401993250632440e+00,8.405267593047938135e-09
1.553432400346064668e+00,8.399202222619805980e-09
1.553462801034067642e+00,8.393263861705690942e-09
1.553493195317341646e+00,8.387214478489113390e-09
1.553523583198584079e+00,8.381280558467096853e-09
1.553553964680491672e+00,8.375247162462073902e-09
1.553584339765759159e+00,8.369439363775654783e-09
1.553614708457079496e+00,8.363496561969441245e-09
1.553645070757143865e+00,8.357576852802139911e-09
1.553675426668641890e+00,8.351602964751236868e-09
1.553705776194261423e+00,8.345614865845618624e-09
1.553736119336688759e+00,8.339882562324874016e-09
1.553766456098608195e+00,8.333896239776095172e-09
1.553796786482702919e+00,8.328096434695453354e-09
1.553827110491653452e+00,8.322102118540897209e-09
1.553857428128139651e+00,8.316265898145047686e-09
1.553887739394839596e+00,8.310367505259819154e-09
1.553918044294428258e+00,8.304576581963374338e-09
1.553948342829581053e+00,8.298687070862342807e-09
1.553978635002969844e+00,8.292955655520017899e-09
1.554008920817266270e+00,8.287010189178545261e-09
1.554039200275139532e+00,8.281221930417359545e-09
1.554069473379256605e+00,8.275389262735188822e-09
1.554099740132284246e+00,8.269561924123536301e-09
1.554130000536886103e+00,8.263834949673309893e-09
1.554160254595725599e+00,8.257909023257070658e-09
1.554190502311462607e+00,8.252149186205315345e-09
1.554220743686757444e+00,8.246399119116176735e-09
1.554250978724266652e+00,8.240590432251337916e-09
1.554281207426646771e+00,8.234920301219972316e-09
1.554311429796551902e+00,8.229042336438396887e-09
1.554341645836634811e+00,8.223365988158093387e-09
1.554371855549545822e+00,8.217679869915173185e-09
1.554402058937934594e+00,8.211906710187122371e-09
1.554432256004448787e+00,8.206206381089486968e-09
1.554462446751734062e+00,8.200471413033483259e-09
1.554492631182434970e+00,8.194716905052246148e-09
1.554522809299193620e+00,8.188956179822071135e-09
1.554552981104651455e+00,8.183380195703193749e-09
1.554583146601447474e+00,8.177679866605558345e-09
1.554613305792219347e+00,8.172004406503674545e-09
1.554643458679603185e+00,8.166328946401790745e-09
1.554673605266232883e+00,8.160566444814776332e-09
1.554703745554741223e+00,8.154978026198023144e-09
1.554733879547759878e+00,8.149305230631398445e-09
1.554764007247917412e+00,8.143714147479386156e-09
1.554794128657841945e+00,8.138028917414885655e-09
1.554824243780159598e+00,8.132522211212744878e-09
1.554854352617494495e+00,8.126792572227259370e-09
1.554884455172469426e+00,8.121259220672527590e-09
1.554914551447705851e+00,8.115570437894348288e-09
1.554944641445823006e+00,8.109974025671817799e-09
1.554974725169439020e+00,8.104391824304002512e-09
1.555004802621170024e+00,8.098788306654114422e-09
1.555034873803630369e+00,8.093191894431583933e-09
1.555064938719433298e+00,8.087622127561644447e-09
1.555094997371190058e+00,8.082157165745229577e-09
1.555125049761510114e+00,8.076556312630600587e-09
1.555155095893001826e+00,8.070959900408070098e-09
1.555185135768271554e+00,8.065426548853338318e-09
1.555215169389924323e+00,8.059919842651197541e-09
1.555245196760562942e+00,8.054303002325013949e-09
1.555275217882788885e+00,8.048904653890076588e-09
1.555305232759202516e+00,8.043346433339593204e-09
1.555335241392401757e+00,8.037909005054189038e-09
1.555365243784983642e+00,8.032264631196994742e-09
1.555395239939542984e+00,8.026907138969363587e-09
1.555425229858673264e+00,8.021326713958387700e-09
1.555455213544966409e+00,8.015913266490315436e-09
1.555485191001012568e+00,8.010545116121647879e-09
1.555515162229400561e+00,8.004922946724946087e-09
1.555545127232716762e+00,7.999512163792132924e-09
1.555575086013547326e+00,7.994044537440458953e-09
1.555605038574475518e+00,7.988664840752335294e-09
1.555634984918083497e+00,7.983151029122836917e-09
1.555664925046951863e+00,7.977796201430464862e-09
1.555694858963659888e+00,7.972427162883377605e-09
1.555724786670784621e+00,7.966895587685485225e-09
1.555754708170901779e+00,7.961580728021999676e-09
1.555784623466585748e+00,7.956139747022916708e-09
1.555814532560408692e+00,7.950735181339041446e-09
1.555844435454941665e+00,7.945393676322964893e-09
1.555874332152754169e+00,7.939997992423286632e-09
1.555904222656413927e+00,7.934666257369826781e-09
1.555934106968486663e+00,7.929291889752221323e-09
1.555963985091537438e+00,7.923801170761635149e-09
1.555993857028129312e+00,7.918597333400612115e-09
1.556023722780822904e+00,7.913176780505182251e-09
1.556053582352178610e+00,7.907872578982733103e-09
1.556083435744754384e+00,7.902563936568185454e-09
1.556113282961107069e+00,7.897212661589492200e-09
1.556143124003791289e+00,7.891863162967638345e-09
1.556172958875360557e+00,7.886593600403557502e-09
1.556202787578367053e+00,7.881228114570149046e-09
1.556232610115360737e+00,7.875927465761378699e-09
1.556262426488890238e+00,7.870744944682428468e-09
1.556292236701502851e+00,7.865369688886403310e-09
1.556322040755744096e+00,7.860152528849084774e-09
1.556351838654157715e+00,7.854899841674978234e-09
1.556381630399286120e+00,7.849568106621518382e-09
1.556411415993670389e+00,7.844375815579951450e-09
1.556441195439849157e+00,7.839048521418590099e-09
1.556470968740360616e+00,7.833856230377023167e-09
1.556500735897740517e+00,7.828567127887708921e-09
1.556530496914523720e+00,7.823365066883525287e-09
1.556560251793242644e+00,7.818201197551388759e-09
1.556590000536429264e+00,7.813024893721376429e-09
1.556619743146612889e+00,7.807637203427475470e-09
1.556649479626321941e+00,7.802527512978940649e-09
1.556679209978083067e+00,7.797342327364731318e-09
1.556708934204421357e+00,7.792084311120106577e-09
1.556738652307860571e+00,7.786965738887374755e-09
1.556768364290922468e+00,7.781778776916326024e-09
1.556798070156127700e+00,7.776685961857765506e-09
1.556827769905994696e+00,7.771415511115264962e-09
1.556857463543041442e+00,7.766385756724503153e-09
1.556887151069783037e+00,7.761157938546148216e-09
1.556916832488734137e+00,7.755995845570851088e-09
1.556946507802407398e+00,7.750876385159699566e-09
1.556976177013313922e+00,7.745770247424843546e-09
1.557005840123962814e+00,7.740697860469936131e-09
1.557035497136862734e+00,7.735494911287332798e-09
1.557065148054520121e+00,7.730426077046104183e-09
1.557094792879439193e+00,7.725298623029175360e-09
1.557124431614124171e+00,7.720215577933231543e-09
1.557154064261076387e+00,7.715134309194127127e-09
1.557183690822796285e+00,7.709941129974140495e-09
1.557213311301782754e+00,7.705006410674286599e-09
1.557242925700532910e+00,7.699880733014197176e-09
1.557272534021542310e+00,7.694854531337114167e-09
1.557302136267305182e+00,7.689675562971842737e-09
1.557331732440314420e+00,7.684683112074708333e-09
1.557361322543060700e+00,7.679703095675449731e-09
1.557390906578033363e+00,7.674606727903210412e-09
1.557420484547721307e+00,7.669581414404547104e-09
1.557450056454610321e+00,7.664574752652697498e-09
1.557479622301185751e+00,7.659538781012997788e-09
1.557509182089930500e+00,7.654563205505837686e-09
1.557538735823326803e+00,7.649423316991033062e-09
1.557568283503855344e+00,7.644534782969003572e-09
1.557597825133994363e+00,7.639446408802541555e-09
1.557627360716221654e+00,7.634523235822143761e-09
1.557656890253012794e+00,7.629478382398247049e-09
1.557686413746842247e+00,7.624586295662538760e-09
1.557715931200182702e+00,7.619492592425558541e-09
1.557745442615505294e+00,7.614593400262492651e-09
1.557774947995279824e+00,7.609618712933752249e-09
1.557804447341974541e+00,7.604748830658536463e-09
1.557833940658056360e+00,7.599690654558344249e-09
1.557863427945990198e+00,7.594831430424164864e-09
1.557892909208239862e+00,7.589891382053792768e-09
1.557922384447267383e+00,7.584935346471866069e-09
1.557951853665533681e+00,7.580069016910329083e-09
1.557981316865497678e+00,7.575081006905293179e-09
1.558010774049616964e+00,7.570252869015803299e-09
1.558040225220348240e+00,7.565318149715949403e-09
1.558069670380145544e+00,7.560352344171406003e-09
1.558099109531462245e+00,7.555514436319299421e-09
1.558128542676750161e+00,7.550613467799394130e-09
1.558157969818459110e+00,7.545751579129955644e-09
1.558187390959037799e+00,7.540908342207330861e-09
1.558216806100933383e+00,7.535950530268564762e-09
1.558246215246591904e+00,7.531108181524359679e-09
1.558275618398456741e+00,7.526271161850672797e-09
1.558305015558971274e+00,7.521414602251752513e-09
1.558334406730576438e+00,7.516616662428532436e-09
1.558363791915711616e+00,7.511678390414999740e-09
1.558393171116815301e+00,7.506917754085407068e-09
1.558422544336324433e+00,7.502057641772807983e-09
1.558451911576673288e+00,7.497275689161142509e-09
1.558481272840296805e+00,7.492404918707507022e-09
1.558510628129626374e+00,7.487568787212239840e-09
1.558539977447092939e+00,7.482870323372026178e-09
1.558569320795125668e+00,7.478093699830878904e-09
1.558598658176152618e+00,7.473153651460506808e-09
1.558627989592600072e+00,7.468401896915111138e-09
1.558657315046892533e+00,7.463706097610156576e-09
1.558686634541453619e+00,7.458894835110640997e-09
1.558715948078704949e+00,7.454127981532110425e-09
1.558745255661067475e+00,7.449350913901753302e-09
1.558774557290959484e+00,7.444531213707250572e-09
1.558803852970798820e+00,7.439773241912917001e-09
1.558833142703001107e+00,7.435155158219686200e-09
1.558862426489981079e+00,7.430265736019237011e-09
1.558891704334151473e+00,7.425646320058376659e-09
1.558920976237924583e+00,7.420913217259794692e-09
1.558950242203709591e+00,7.416127267845240567e-09
1.558979502233915904e+00,7.411563807124821324e-09
1.559008756330950263e+00,7.406760094141873196e-09
1.559038004497218299e+00,7.401980806065466822e-09
1.559067246735124534e+00,7.397332968395176067e-09
1.559096483047071269e+00,7.392726875110611218e-09
1.559125713435460359e+00,7.387985334617042099e-09
1.559154937902691440e+00,7.383269107208434434e-09
1.559184156451163039e+00,7.378639477195747531e-09
1.559213369083271905e+00,7.373967658708124873e-09
1.559242575801413233e+00,7.369238996801641406e-09
1.559271776607981774e+00,7.364663101583346361e-09
1.559300971505369615e+00,7.360022369340413206e-09
1.559330160495967954e+00,7.355377196205381551e-09
1.559359343582166435e+00,7.350622777124726781e-09
1.559388520766353148e+00,7.346038000122234735e-09
1.559417692050915516e+00,7.341480312561543542e-09
1.559446857438238077e+00,7.336768526045034378e-09
1.559476016930705145e+00,7.332116247482645122e-09
1.559505170530699036e+00,7.327494611075735520e-09
1.559534318240600959e+00,7.323003980985731687e-09
1.559563460062789675e+00,7.318369021902526583e-09
1.559592595999644393e+00,7.313772254491368585e-09
1.559621726053540991e+00,7.309224780982503944e-09
1.559650850226854901e+00,7.304525873053080431e-09
1.559679968521960225e+00,7.300030802070978098e-09
1.559709080941228843e+00,7.295394954809353294e-09
1.559738187487031968e+00,7.290773318402443692e-09
1.559767288161738819e+00,7.286288017382958060e-09
1.559796382967717721e+00,7.281714342610712265e-09
1.559825471907335226e+00,7.277094038471432214e-09
1.559854554982956332e+00,7.272574098493578276e-09
1.559883632196945147e+00,7.268068813459649391e-09
1.559912703551663560e+00,7.263419643521729085e-09
1.559941769049472793e+00,7.258985412761376210e-09
1.559970828692732070e+00,7.254541412038406634e-09
1.559999882483799727e+00,7.249879807602610526e-09
1.560028930425032101e+00,7.245403388367321895e-09
1.560057972518784419e+00,7.240938959540699216e-09
1.560087008767410799e+00,7.236382160158427723e-09
1.560116039173263136e+00,7.231772070070974223e-09
1.560145063738692661e+00,7.227397791353951106e-09
1.560174082466048828e+00,7.222896059033701022e-09
1.560203095357679537e+00,7.218451170132311745e-09
1.560232102415931799e+00,7.213895703017669803e-09
1.560261103643150626e+00,7.209423280585269822e-09
1.560290099041679701e+00,7.205075647220837709e-09
1.560319088613862260e+00,7.200477991631260011e-09
1.560348072362038208e+00,7.196113926966063445e-09
1.560377050288548118e+00,7.191525597249892598e-09
1.560406022395729675e+00,7.187115791396081477e-09
1.560434988685919899e+00,7.182698436025702904e-09
1.560463949161454034e+00,7.178318384148951736e-09
1.560492903824666211e+00,7.173811766847393301e-09
1.560521852677888788e+00,7.169421945008025432e-09
1.560550795723453232e+00,7.165026794098139362e-09
1.560579732963689015e+00,7.160529502669987778e-09
1.560608664400924717e+00,7.156084613768598501e-09
1.560637590037487366e+00,7.151741421296264889e-09
1.560666509875701990e+00,7.147305414179072613e-09
1.560695423917893621e+00,7.142950231298073049e-09
1.560724332166384620e+00,7.138607038825739437e-09
1.560753234623496244e+00,7.134180357581954013e-09
1.560782131291548636e+00,7.129767443103673941e-09
1.560811022172860163e+00,7.125444234645783581e-09
1.560839907269748306e+00,7.121043754665379311e-09
1.560868786584528767e+00,7.116659261896529642e-09
1.560897660119515695e+00,7.112308075818418729e-09
1.560926527877023018e+00,7.107990640520256420e-09
1.560955389859361109e+00,7.103623467230590904e-09
1.560984246068841008e+00,7.099317578251884697e-09
1.561013096507771536e+00,7.094984155742167786e-09
1.561041941178460180e+00,7.090662279551906977e-09
1.561070780083212650e+00,7.086233821951282152e-09
1.561099613224333993e+00,7.081981667766967803e-09
1.561128440604127698e+00,7.077619379458610638e-09
1.561157262224895481e+00,7.073296615089930128e-09
1.561186078088937723e+00,7.069093310718699286e-09
1.561214888198553918e+00,7.064635987319434207e-09
1.561243692556041784e+00,7.060473983244719420e-09
1.561272491163697929e+00,7.056095263635597803e-09
1.561301284023817182e+00,7.051816464098692450e-09
1.561330071138693043e+00,7.047531447312849195e-09
1.561358852510618345e+00,7.043340577439494155e-09
1.561387628141883921e+00,7.039009375375826494e-09
1.561416398034778830e+00,7.034694160523713435e-09
1.561445162191592129e+00,7.030472648494878740e-09
1.561473920614610211e+00,7.026217385686095440e-09
1.561502673306118139e+00,7.021950132468646188e-09
1.561531420268400749e+00,7.017742387205316845e-09
1.561560161503740440e+00,7.013439606851079589e-09
1.561588897014418720e+00,7.009200331253850891e-09
1.561617626802715320e+00,7.005083624278540810e-09
1.561646350870909083e+00,7.000773294407736103e-09
1.561675069221277301e+00,6.996525581115520254e-09
1.561703781856095929e+00,6.992360912505546366e-09
1.561732488777639594e+00,6.988126521889626019e-09
1.561761189988181142e+00,6.983848166441930516e-09
1.561789885489992979e+00,6.979702149578770332e-09
1.561818575285345290e+00,6.975474864390207586e-09
1.561847259376507369e+00,6.971331956151516351e-09
1.561875937765746736e+00,6.967087351483769453e-09
1.561904610455330245e+00,6.962927567855103916e-09
1.561933277447522750e+00,6.958776666010635381e-09
1.561961938744587775e+00,6.954603115616464493e-09
1.561990594348788175e+00,6.950290121210400685e-09
1.562019244262384809e+00,6.946229369475531712e-09
1.562047888487636982e+00,6.942065144954767675e-09
1.562076527026803774e+00,6.937947105711828044e-09
1.562105159882142047e+00,6.933803309294717110e-09
1.562133787055906886e+00,6.929524953847021607e-09
1.562162408550353154e+00,6.925452655792696532e-09
1.562191024367733494e+00,6.921359929634718355e-09
1.562219634510299882e+00,6.917228567715483223e-09
1.562248238980302517e+00,6.912978633977218124e-09
1.562276837779990046e+00,6.909024907741923016e-09
1.562305430911610449e+00,6.904874894075874181e-09
1.562334018377410150e+00,6.900712445911949544e-09
1.562362600179633798e+00,6.896513138343607352e-09
1.562391176320524933e+00,6.892554527127003894e-09
1.562419746802326204e+00,6.888432491081175613e-09
1.562448311627278263e+00,6.884241621207820572e-09
1.562476870797620876e+00,6.880193303970827401e-09
1.562505424315592251e+00,6.876102798258898474e-09
1.562533972183429487e+00,6.872012292546969547e-09
1.562562514403368130e+00,6.867936885868175523e-09
1.562591050977642615e+00,6.863901003129058154e-09
1.562619581908485600e+00,6.859801171543722376e-09
1.562648107198129299e+00,6.855716438991521500e-09
1.562676626848803485e+00,6.851729850154697488e-09
1.562705140862737707e+00,6.847656663921952713e-09
1.562733649242159073e+00,6.843601241257601941e-09
1.562762151989294468e+00,6.839580457551619475e-09
1.562790649106368557e+00,6.835500165891517099e-09
1.562819140595605560e+00,6.831423426945093524e-09
1.562847626459227479e+00,6.827436838108269512e-09
1.562876106699455425e+00,6.823398734923102893e-09
1.562904581318509400e+00,6.819316666906161117e-09
1.562933050318607631e+00,6.815312314500943103e-09
1.562961513701967675e+00,6.811294195330219736e-09
1.562989971470805317e+00,6.807324481883370026e-09
1.563018423627334785e+00,6.803401397803554573e-09
1.563046870173769198e+00,6.799337981533426500e-09
1.563075311112320787e+00,6.795325191433221335e-09
1.563103746445200226e+00,6.791372797465555777e-09
1.563132176174616861e+00,6.787311601641476955e-09
1.563160600302778480e+00,6.783414274735832805e-09
1.563189018831891763e+00,6.779453443073180097e-09
1.563217431764161836e+00,6.775333627473401066e-09
1.563245839101793599e+00,6.771524674320517079e-09
1.563274240846989294e+00,6.767507887417423262e-09
1.563302637001950268e+00,6.763440474344406539e-09
1.563331027568877207e+00,6.759547588330860890e-09
1.563359412549968575e+00,6.755669801350450143e-09
1.563387791947422167e+00,6.751697867457551183e-09
1.563416165763434007e+00,6.747733927170429524e-09
1.563444534000199448e+00,6.743786418184072318e-09
1.563472896659911848e+00,6.739869107263984915e-09
1.563501253744764119e+00,6.735991764372784019e-09
1.563529605256946953e+00,6.732043367208007112e-09
1.563557951198650375e+00,6.728112733611624208e-09
1.563586291572062636e+00,6.724168333249735952e-09
1.563614626379371098e+00,6.720308753926929057e-09
1.563642955622762010e+00,6.716296407915933742e-09
1.563671279304420070e+00,6.712533640040874161e-09
1.563699597426527976e+00,6.708576805181110103e-09
1.563727909991268428e+00,6.704617305786086945e-09
1.563756217000822124e+00,6.700811905346881758e-09
1.563784518457368655e+00,6.696925680671483860e-09
1.563812814363086057e+00,6.692976395328287254e-09
1.563841104720151476e+00,6.689103493329184857e-09
1.563869389530740506e+00,6.685254572147414365e-09
1.563897668797027629e+00,6.681484698844997183e-09
1.563925942521185775e+00,6.677581154690415133e-09
1.563954210705386982e+00,6.673618102581713174e-09
1.563982473351801961e+00,6.669858443331122544e-09
1.564010730462599641e+00,6.666000640365155050e-09
1.564038982039948733e+00,6.662110418886868501e-09
1.564067228086014838e+00,6.658342321941290720e-09
1.564095468602964445e+00,6.654517381576852131e-09
1.564123703592961379e+00,6.650675565822439239e-09
1.564151933058168575e+00,6.646731165460550983e-09
1.564180157000747862e+00,6.642991934313613456e-09
1.564208375422859287e+00,6.639184757517568869e-09
1.564236588326662236e+00,6.635290539236393670e-09
1.564264795714314760e+00,6.631529547718173490e-09
1.564292997587973133e+00,6.627743687204201706e-09
1.564321193949792743e+00,6.623876558364827360e-09
1.564349384801927867e+00,6.620192838369121091e-09
1.564377570146531005e+00,6.616376779788879503e-09
1.564405749985753991e+00,6.612509650949505158e-09
1.564433924321747105e+00,6.608722902257113674e-09
1.564462093156659073e+00,6.604977453861238246e-09
1.564490256492637732e+00,6.601171165243613359e-09
1.564518414331829810e+00,6.597387081086480976e-09
1.564546566676380701e+00,6.593632750906408546e-09
1.564574713528433803e+00,6.589862433514781515e-09
1.564602854890132511e+00,6.586132084152040989e-09
1.564630990763617779e+00,6.582341338656760854e-09
1.564659121151030341e+00,6.578622979702686280e-09
1.564687246054508707e+00,6.574905953016241256e-09
1.564715365476191167e+00,6.571103217112295169e-09
1.564743479418213790e+00,6.567336008345137088e-09
1.564771587882711534e+00,6.563657173330739170e-09
1.564799690871819138e+00,6.559855325605212784e-09
1.564827788387668894e+00,6.556165832449778463e-09
1.564855880432392210e+00,6.552413722715755284e-09
1.564883967008119825e+00,6.548757536251059719e-09
1.564912048116980259e+00,6.544944142206077231e-09
1.564940123761101365e+00,6.541303942952936268e-09
1.564968193942609886e+00,6.537471008982720377e-09
1.564996258663630790e+00,6.533804164376988410e-09
1.565024317926288377e+00,6.530117779846023041e-09
1.565052371732705616e+00,6.526445606169772873e-09
1.565080420085003698e+00,6.522721029966760398e-09
1.565108462985302928e+00,6.519087047962557335e-09
1.565136500435722278e+00,6.515318506927769704e-09
1.565164532438380274e+00,6.511630346039964934e-09
1.565192558995393224e+00,6.507995919946552021e-09
1.565220580108876325e+00,6.504361937942348959e-09
1.565248595780943663e+00,6.500664895270347188e-09
1.565276606013708438e+00,6.496983395720690169e-09
1.565304610809282293e+00,6.493326321077574903e-09
1.565332610169775318e+00,6.489655035579744435e-09
1.565360604097297603e+00,6.486003734096357221e-09
1.565388592593956130e+00,6.482375969341092059e-09
1.565416575661858545e+00,6.478669600795683436e-09
1.565444553303109831e+00,6.475055602805923627e-09
1.565472525519814528e+00,6.471425617604609215e-09
1.565500492314076064e+00,6.467841373591909360e-09
1.565528453687995425e+00,6.464208723855335847e-09
1.565556409643674485e+00,6.460498802596248424e-09
1.565584360183211565e+00,6.456913226315919019e-09
1.565612305308705432e+00,6.453357404012649567e-09
1.565640245022253296e+00,6.449659473162228096e-09
1.565668179325950593e+00,6.446096545431601044e-09
1.565696108221891869e+00,6.442469668854755582e-09
1.565724031712170783e+00,6.438926725138571783e-09
1.565751949798878995e+00,6.435275867744394418e-09
1.565779862484107943e+00,6.431697396891422613e-09
1.565807769769946844e+00,6.428074073028255953e-09
1.565835671658484696e+00,6.424420107009609637e-09
1.565863568151808716e+00,6.420952214369890498e-09
1.565891459252004347e+00,6.417414155635015049e-09
1.565919344961157034e+00,6.413686470807533624e-09
1.565947225281350441e+00,6.410227459952011486e-09
1.565975100214666904e+00,6.406604136088844825e-09
1.566002969763187425e+00,6.403004793043010068e-09
1.566030833928992561e+00,6.399459184791567168e-09
1.566058692714160427e+00,6.395920237878272019e-09
1.566086546120769585e+00,6.392437246205417978e-09
1.566114394150895484e+00,6.388879203456099276e-09
1.566142236806614019e+00,6.385342476988853377e-09
1.566170074089998865e+00,6.381787986953213476e-09
1.566197906003122808e+00,6.378169103982145316e-09
1.566225732548058192e+00,6.374690997290599626e-09
1.566253553726874248e+00,6.371095206958443669e-09
1.566281369541641100e+00,6.367583349486949373e-09
1.566309179994426426e+00,6.364141658110611388e-09
1.566336985087297240e+00,6.360529880566900829e-09
1.566364784822319001e+00,6.357078863317155992e-09
1.566392579201556057e+00,6.353554571347785895e-09
1.566420368227072091e+00,6.350046710679180251e-09
1.566448151900928787e+00,6.346561498560276959e-09
1.566475930225187163e+00,6.343039427036956113e-09
1.566503703201906683e+00,6.339502256480500364e-09
1.566531470833146145e+00,6.336000613060832620e-09
1.566559233120962569e+00,6.332540269937680932e-09
1.566586990067412533e+00,6.329015533879100985e-09
1.566614741674550171e+00,6.325632906367673058e-09
1.566642487944429840e+00,6.322147694248769767e-09
1.566670228879104121e+00,6.318584766518142715e-09
1.566697964480623817e+00,6.315218126218269390e-09
1.566725694751039732e+00,6.311754674470648752e-09
1.566753419692400895e+00,6.308188194026342899e-09
1.566781139306754556e+00,6.304745170382375363e-09
1.566808853596147744e+00,6.301286159526853226e-09
1.566836562562625712e+00,6.297841803615256140e-09
1.566864266208233047e+00,6.294404553131016655e-09
1.566891964535012560e+00,6.290983289858331773e-09
1.566919657545006617e+00,6.287523834913599785e-09
1.566947345240255363e+00,6.284109232979062654e-09
1.566975027622798944e+00,6.280715059148178625e-09
1.567002704694675730e+00,6.277213859817720731e-09
1.567030376457922314e+00,6.273769947995333496e-09
1.567058042914575289e+00,6.270389540929954819e-09
1.567085704066669694e+00,6.266936303234160732e-09
1.567113359916238791e+00,6.263511043158587199e-09
1.567141010465315398e+00,6.260114648881653920e-09
1.567168655715931003e+00,6.256662743453489384e-09
1.567196295670115536e+00,6.253264128730506854e-09
1.567223930329898263e+00,6.249903261590361581e-09
1.567251559697307117e+00,6.246522854524982904e-09
1.567279183774368256e+00,6.243121575266741274e-09
1.567306802563108059e+00,6.239685657050131340e-09
1.567334416065550684e+00,6.236268834669544958e-09
1.567362024283718958e+00,6.232956817342483191e-09
1.567389627219635262e+00,6.229575078009474964e-09
1.567417224875320647e+00,6.226188897784368237e-09
1.567444817252794387e+00,6.222788062615336457e-09
1.567472404354075310e+00,6.219385007000255428e-09
1.567499986181181137e+00,6.216060555175317859e-09
1.567527562736127811e+00,6.212710346176208986e-09
1.567555134020930607e+00,6.209282421565376353e-09
1.567582700037603471e+00,6.206018365872978393e-09
1.567610260788158794e+00,6.202684588174633973e-09
1.567637816274609186e+00,6.199269098061677141e-09
1.567665366498964374e+00,6.195870483338694612e-09
1.567692911463233640e+00,6.192623303036270954e-09
1.567720451169425600e+00,6.189226464670127825e-09
1.567747985619547313e+00,6.185930878643830511e-09
1.567775514815604510e+00,6.182601541837584591e-09
1.567803038759601808e+00,6.179238454251390067e-09
1.567830557453543161e+00,6.175949085474030653e-09
1.567858070899430745e+00,6.172601985099390731e-09
1.567885579099266069e+00,6.169285970969440314e-09
1.567913082055049090e+00,6.165960630966083045e-09
1.567940579768779097e+00,6.162631738249046975e-09
1.567968072242453603e+00,6.159343701739317112e-09
1.567995559478069900e+00,6.156080534225338852e-09
1.568023041477623059e+00,6.152750309240673232e-09
1.568050518243108149e+00,6.149440068270450865e-09
1.568077989776517800e+00,6.146132935924697449e-09
1.568105456079844640e+00,6.142857333912843387e-09
1.568132917155079298e+00,6.139556418816027872e-09
1.568160373004212405e+00,6.136209318441387950e-09
1.568187823629232147e+00,6.133035412858589552e-09
1.568215269032126269e+00,6.129773577612240842e-09
1.568242709214881403e+00,6.126468221623326826e-09
1.568270144179482628e+00,6.123077600506121598e-09
1.568297573927914801e+00,6.119901030388064100e-09
1.568324998462160336e+00,6.116607664807816036e-09
1.568352417784201425e+00,6.113314743316777822e-09
1.568379831896019150e+00,6.110035588591244959e-09
1.568407240799593039e+00,6.106844807618472259e-09
1.568434644496901953e+00,6.103642036237033608e-09
1.568462042989922756e+00,6.100412619503003953e-09
1.568489436280632532e+00,6.097061522325475380e-09
1.568516824371005702e+00,6.093801907525175920e-09
1.568544207263017132e+00,6.090637771904994224e-09
1.568571584958639020e+00,6.087341741789487060e-09
1.568598957459844012e+00,6.084226455982388870e-09
1.568626324768602309e+00,6.080867365199082997e-09
1.568653686886883669e+00,6.077679692850779247e-09
1.568681043816656295e+00,6.074520442211905902e-09
1.568708395559887725e+00,6.071327884882293802e-09
1.568735742118544607e+00,6.068039848372563938e-09
1.568763083494591148e+00,6.064804658478806232e-09
1.568790419689992222e+00,6.061557034087172724e-09
1.568817750706710479e+00,6.058405332964866830e-09
1.568845076546707462e+00,6.055186574371873576e-09
1.568872397211944048e+00,6.052014001056704728e-09
1.568899712704379557e+00,6.048857859042300333e-09
1.568927023025972645e+00,6.045700828849476238e-09
1.568954328178680413e+00,6.042390587879253872e-09
1.568981628164459297e+00,6.039252209433243479e-09
1.569008922985264176e+00,6.036117827790121737e-09
1.569036212643049488e+00,6.032873312022957180e-09
1.569063497139767449e+00,6.029658550232852576e-09
1.569090776477370275e+00,6.026553922566790789e-09
1.569118050657808405e+00,6.023386678322140142e-09
1.569145319683031614e+00,6.020180354227022690e-09
1.569172583554988121e+00,6.017074394293331352e-09
1.569199842275625478e+00,6.013926689973914108e-09
1.569227095846889908e+00,6.010631992126036494e-09
1.569254344270726298e+00,6.007497610482914752e-09
1.569281587549079093e+00,6.004419628169443968e-09
1.569308825683890962e+00,6.001279029277384325e-09
1.569336058677103685e+00,5.998092245107500275e-09
1.569363286530658153e+00,5.994997831493265039e-09
1.569390509246494148e+00,5.991877660704858499e-09
1.569417726826549675e+00,5.988769036235908061e-09
1.569444939272762740e+00,5.985648421358291671e-09
1.569472146587069572e+00,5.982429218676088567e-09
1.569499348771405289e+00,5.979279293910622073e-09
1.569526545827703901e+00,5.976295902598849352e-09
1.569553737757898970e+00,5.973055383634573445e-09
1.569580924563922064e+00,5.969989835818978463e-09
1.569608106247704082e+00,5.966843019677980919e-09
1.569635282811175037e+00,5.963698868072242476e-09
1.569662454256263606e+00,5.960656412895559697e-09
1.569689620584896916e+00,5.957512261289821254e-09
1.569716781799002092e+00,5.954433390797930770e-09
1.569743937900504482e+00,5.951363402090237287e-09
1.569771088891327881e+00,5.948240122677361796e-09
1.569798234773396528e+00,5.945138159546559109e-09
1.569825375548631552e+00,5.942065062214396676e-09
1.569852511218954527e+00,5.939011948896677495e-09
1.569879641786285696e+00,5.935980151861031118e-09
1.569906767252543522e+00,5.932867974678401879e-09
1.569933887619646473e+00,5.929737145748958937e-09
1.569961002889510349e+00,5.926628077190798649e-09
1.569988113064051616e+00,5.923619816883274325e-09
1.570015218145184521e+00,5.920610224308120451e-09
1.570042318134822867e+00,5.917389689358287796e-09
1.570069413034878902e+00,5.914393863548639274e-09
1.570096502847263986e+00,5.911372280564819448e-09
1.570123587573888368e+00,5.908308953195273716e-09
1.570150667216661189e+00,5.905301136976959242e-09
1.570177741777491143e+00,5.902154764925171548e-09
1.570204811258284705e+00,5.899171373613398828e-09
1.570231875660947685e+00,5.896127586169086499e-09
1.570258934987385668e+00,5.893123766753660675e-09
1.570285989239502245e+00,5.890021359533648138e-09
1.570313038419199891e+00,5.886978460267755509e-09
1.570340082528380865e+00,5.883960874086824333e-09
1.570367121568945201e+00,5.880949949244040909e-09
1.570394155542792936e+00,5.877893283212642928e-09
1.570421184451822327e+00,5.874881470191439803e-09
1.570448208297930970e+00,5.871813257840585720e-09
1.570475227083014902e+00,5.868883601323204857e-09
1.570502240808969718e+00,5.865868679677532782e-09
1.570529249477689682e+00,5.862874186135513810e-09
1.570556253091067722e+00,5.859900564786357791e-09
1.570583251650996326e+00,5.856862550501773512e-09
1.570610245159366203e+00,5.853864060156865889e-09
1.570637233618067397e+00,5.850814055463615659e-09
1.570664217028989063e+00,5.847887951659913597e-09
1.570691195394018802e+00,5.844784656261481359e-09
1.570718168715043550e+00,5.841917616322689355e-09
1.570745136993948909e+00,5.838893812892820279e-09
1.570772100232619817e+00,5.835914862473146059e-09
1.570799058432939876e+00,5.832913707592979335e-09
1.570826011596791361e+00,5.829896121412048160e-09
1.570852959726056097e+00,5.826953586307581645e-09
1.570879902822614582e+00,5.824043469715434185e-09
1.570906840888345979e+00,5.820989024130085454e-09
1.570933773925129007e+00,5.818026505011175686e-09
1.570960701934840387e+00,5.815082637639079621e-09
1.570987624919356840e+00,5.812131664839625955e-09
1.571014542880553977e+00,5.809138947654446383e-09
1.571041455820305188e+00,5.806253255968840676e-09
1.571068363740483864e+00,5.803280522798104357e-09
1.571095266642962063e+00,5.800337543604427992e-09
1.571122164529610954e+00,5.797400781659689528e-09
1.571149057402300153e+00,5.794470236963888965e-09
1.571175945262899054e+00,5.791470414351351792e-09
1.571202828113275052e+00,5.788507451143232174e-09
1.571229705955295541e+00,5.785584900053208912e-09
1.571256578790825920e+00,5.782675671639481152e-09
1.571283446621731361e+00,5.779831280250391501e-09
1.571310309449874598e+00,5.776853662098346831e-09
1.571337167277119473e+00,5.773880484838400662e-09
1.571364020105326942e+00,5.770967703710994101e-09
1.571390867936357960e+00,5.768125976857163550e-09
1.571417710772071707e+00,5.765272259594667048e-09
1.571444548614326697e+00,5.762282651033956427e-09
1.571471381464980999e+00,5.759324572807145159e-09
1.571498209325890461e+00,5.756337184692483788e-09
1.571525032198910488e+00,5.753566512112229248e-09
1.571551850085895818e+00,5.750711018492893345e-09
1.571578662988699637e+00,5.747775588815784431e-09
1.571605470909174018e+00,5.744838382781836117e-09
1.571632273849170813e+00,5.741960240612797861e-09
1.571659071810539432e+00,5.739087427514277806e-09
1.571685864795129728e+00,5.736207064899190300e-09
1.571712652804789778e+00,5.733301833288351190e-09
1.571739435841366550e+00,5.730426799743781885e-09
1.571766213906706344e+00,5.727557095269730780e-09
1.571792987002654129e+00,5.724650975480471971e-09
1.571819755131053986e+00,5.721819462678467971e-09
1.571846518293749106e+00,5.719015483407474676e-09
1.571873276492581128e+00,5.716096929120340064e-09
1.571900029729391690e+00,5.713232553716807161e-09
1.571926778006019987e+00,5.710361072885916656e-09
1.571953521324305436e+00,5.707482042538458700e-09
1.571980259686085901e+00,5.704674954642996454e-09
1.572006993093198357e+00,5.701756844445071692e-09
1.572033721547478669e+00,5.698973737366941350e-09
1.572060445050761146e+00,5.696083604789237143e-09
1.572087163604880322e+00,5.693214344404395888e-09
1.572113877211668731e+00,5.690440563199672397e-09
1.572140585872958241e+00,5.687537552034882538e-09
1.572167289590579609e+00,5.684808179751144053e-09
1.572193988366362705e+00,5.681990877803855255e-09
1.572220682202136288e+00,5.679048342699388741e-09
1.572247371099727564e+00,5.676205727667138490e-09
1.572274055060963738e+00,5.673357783564370038e-09
1.572300734087670682e+00,5.670607539087768600e-09
1.572327408181672936e+00,5.667843527845661811e-09
1.572354077344793932e+00,5.664956503892426554e-09
1.572380741578856655e+00,5.662125879268842255e-09
1.572407400885682760e+00,5.659353874420958164e-09
1.572434055267092567e+00,5.656482837679277509e-09
1.572460704724905955e+00,5.653679302497494064e-09
1.572487349260941691e+00,5.650856227390477216e-09
1.572513988877017210e+00,5.648111311984393978e-09
1.572540623574949281e+00,5.645317990854437085e-09
1.572567253356553119e+00,5.642498468461099037e-09
1.572593878223643937e+00,5.639707367777191394e-09
1.572620498178034953e+00,5.636896727168050347e-09
1.572647113221538717e+00,5.634123834141746556e-09
1.572673723355967335e+00,5.631338062528357113e-09
1.572700328583130913e+00,5.628630006526691432e-09
1.572726928904839117e+00,5.625834909039895138e-09
1.572753524322900498e+00,5.622971421814781934e-09
1.572780114839123167e+00,5.620231391390007047e-09
1.572806700455313011e+00,5.617459830631332807e-09
1.572833281173275921e+00,5.614723352920236721e-09
1.572859856994816674e+00,5.611890063761393321e-09
1.572886427921738717e+00,5.609128717054545632e-09
1.572912993955844607e+00,5.606417552428411000e-09
1.572939555098936015e+00,5.603661090702871661e-09
1.572966111352813501e+00,5.600835351060595713e-09
1.572992662719276513e+00,5.598145502716533883e-09
1.573019209200124280e+00,5.595312213557690484e-09
1.573045750797154030e+00,5.592624141570468055e-09
1.573072287512162326e+00,5.589910312409074322e-09
1.573098819346945065e+00,5.587211138191605642e-09
1.573125346303296590e+00,5.584434248362413200e-09
1.573151868383010576e+00,5.581726636449957368e-09
1.573178385587880257e+00,5.578877804168769217e-09
1.573204897919696643e+00,5.576180406308139936e-09
1.573231405380250969e+00,5.573471906217264404e-09
1.573257907971332914e+00,5.570790495568189726e-09
1.573284405694730825e+00,5.567999394884282083e-09
1.573310898552232606e+00,5.565316207878368004e-09
1.573337386545625272e+00,5.562616145482479624e-09
1.573363869676694282e+00,5.559842808366965983e-09
1.573390347947224654e+00,5.557163618163940555e-09
1.573416821359000073e+00,5.554522175543752383e-09
1.573443289913803333e+00,5.551642701107084577e-09
1.573469753613416344e+00,5.549050552389189761e-09
1.573496212459620347e+00,5.546310521964414875e-09
1.573522666454194585e+00,5.543633108118228847e-09
1.573549115598918302e+00,5.541035186240605981e-09
1.573575559895569631e+00,5.538251635073265788e-09
1.573601999345925151e+00,5.535584435278906312e-09
1.573628433951761219e+00,5.532867941582253479e-09
1.573654863714852192e+00,5.530214508553399355e-09
1.573681288636972875e+00,5.527503788016474573e-09
1.573707708719895626e+00,5.524735335882269283e-09
1.573734123965393250e+00,5.522132973112547916e-09
1.573760534375236331e+00,5.519446677482164887e-09
1.573786939951195007e+00,5.516750167799955307e-09
1.573813340695038754e+00,5.514096734771101183e-09
1.573839736608535489e+00,5.511458844864591811e-09
1.573866127693452688e+00,5.508723255331915425e-09
1.573892513951556493e+00,5.506068934124641601e-09
1.573918895384611716e+00,5.503395961170554074e-09
1.573945271994383388e+00,5.500698563309924793e-09
1.573971643782634766e+00,5.498107746859659528e-09
1.573998010751127774e+00,5.495464527882631955e-09
1.574024372901624336e+00,5.492828414332961984e-09
1.574050730235884377e+00,5.490118137885247052e-09
1.574077082755667822e+00,5.487430954076444323e-09
1.574103430462733044e+00,5.484870335692448862e-09
1.574129773358837525e+00,5.482210685414656837e-09
1.574156111445738082e+00,5.479572351418937615e-09
1.574182444725189978e+00,5.476929132441910042e-09
1.574208773198948252e+00,5.474224185064713311e-09
1.574235096868766171e+00,5.471667119394396650e-09
1.574261415736396996e+00,5.469023012238949377e-09
1.574287729803591995e+00,5.466364250139577052e-09
1.574314039072102656e+00,5.463689500828650125e-09
1.574340343543678467e+00,5.461150198726727467e-09
1.574366643220068473e+00,5.458562490900931152e-09
1.574392938103020390e+00,5.455889962036053475e-09
1.574419228194281262e+00,5.453296481050529110e-09
1.574445513495597027e+00,5.450610185420146081e-09
1.574471794008713399e+00,5.448038020716694518e-09
1.574498069735374317e+00,5.445420558913838249e-09
1.574524340677322387e+00,5.442849726478016237e-09
1.574550606836300215e+00,5.440213612928346265e-09
1.574576868214049519e+00,5.437613470604674148e-09
1.574603124812310018e+00,5.434878325161207613e-09
1.574629376632821431e+00,5.432367444768715359e-09
1.574655623677321925e+00,5.429868554784889056e-09
1.574681865947549220e+00,5.427229332610750134e-09
1.574708103445239704e+00,5.424610538540264315e-09
1.574734336172129323e+00,5.422005067146073998e-09
1.574760564129952245e+00,5.419432902442622435e-09
1.574786787320442416e+00,5.416823878334753317e-09
1.574813005745332672e+00,5.414238390955006253e-09
1.574839219406354518e+00,5.411690651158096443e-09
1.574865428305239234e+00,5.409089176566794777e-09
1.574891632443716105e+00,5.406554315356970619e-09
1.574917831823514858e+00,5.403946179427521201e-09
1.574944026446363221e+00,5.401433078588979697e-09
1.574970216313988258e+00,5.398829383551628780e-09
1.574996401428116144e+00,5.396231461674005914e-09
1.575022581790472165e+00,5.393698376821021157e-09
1.575048757402780719e+00,5.391135093901766595e-09
1.575074928266764873e+00,5.388595791799843937e-09
1.575101094384146805e+00,5.386033397059009076e-09
1.575127255756648692e+00,5.383484324994469716e-09
1.575153412385990492e+00,5.380906831220499953e-09
1.575179564273891941e+00,5.378362644137268944e-09
1.575205711422072108e+00,5.375837996979271338e-09
1.575231853832247841e+00,5.373343103798333686e-09
1.575257991506136879e+00,5.370743405563871420e-09
1.575284124445454514e+00,5.368202327105109362e-09
1.575310252651915821e+00,5.365659028200298053e-09
1.575336376127234761e+00,5.363222310705850759e-09
1.575362494873124408e+00,5.360561328160429184e-09
1.575388608891297171e+00,5.358061105908973332e-09
1.575414718183463680e+00,5.355574650423022831e-09
1.575440822751334791e+00,5.353036236499519873e-09
1.575466922596619357e+00,5.350456078190291009e-09
1.575493017721026234e+00,5.348068654598137073e-09
1.575519108126262724e+00,5.345423215175060250e-09
1.575545193814035017e+00,5.342887465786816392e-09
1.575571274786049525e+00,5.340396125319557541e-09
1.575597351044010441e+00,5.337966957341677698e-09
1.575623422589621736e+00,5.335469843714690796e-09
1.575649489424586047e+00,5.332895458565189983e-09
1.575675551550605791e+00,5.330389907243215930e-09
1.575701608969381606e+00,5.327892793616229028e-09
1.575727661682613467e+00,5.325309526682531214e-09
1.575753709692000903e+00,5.322905671789612825e-09
1.575779752999242111e+00,5.320480056525411783e-09
1.575805791606034401e+00,5.317906559554330670e-09
1.575831825514073969e+00,5.315383688753172464e-09
1.575857854725056795e+00,5.312869699736211260e-09
1.575883879240676855e+00,5.310405448710753262e-09
1.575909899062628350e+00,5.307990047498378772e-09
1.575935914192603926e+00,5.305525352383710924e-09
1.575961924632295341e+00,5.303035788273291473e-09
1.575987930383393465e+00,5.300483163495073313e-09
1.576013931447588057e+00,5.298045113732996469e-09
1.576039927826568654e+00,5.295625715717733328e-09
1.576065919522023684e+00,5.293067761868996968e-09
1.576091906535639575e+00,5.290609728092476871e-09
1.576117888869103423e+00,5.288108173573391468e-09
1.576143866524100101e+00,5.285749615779877786e-09
1.576169839502314707e+00,5.283364856722982950e-09
1.576195807805430338e+00,5.280751391723015331e-09
1.576221771435130314e+00,5.278330217350912790e-09
1.576247730393095736e+00,5.275851311381529740e-09
1.576273684681008147e+00,5.273413261619452896e-09
1.576299634300547092e+00,5.271000524942337506e-09
1.576325579253392117e+00,5.268544711611866660e-09
1.576351519541220991e+00,5.266048042074089608e-09
1.576377455165711039e+00,5.263653957143787920e-09
1.576403386128538919e+00,5.261147517643394167e-09
1.576429312431379515e+00,5.258811164310372988e-09
1.576455234075908152e+00,5.256340696035977089e-09
1.576481151063797936e+00,5.253871560029210741e-09
1.576507063396721975e+00,5.251439283426861948e-09
1.576532971076352041e+00,5.249020773590018507e-09
1.576558874104359020e+00,5.246580503381892413e-09
1.576584772482412689e+00,5.244171763507665673e-09
1.576610666212182821e+00,5.241692857538282624e-09
1.576636555295337194e+00,5.239316980265584789e-09
1.576662439733543808e+00,5.236872713254570044e-09
1.576688319528468218e+00,5.234469302450861505e-09
1.576714194681776426e+00,5.232063671201103716e-09
1.576740065195133544e+00,5.229626509617446573e-09
1.576765931070202464e+00,5.227210220226652382e-09
1.576791792308646967e+00,5.224785937230080890e-09
1.576817648912128389e+00,5.222370980106916249e-09
1.576843500882308291e+00,5.220041288112042821e-09
1.576869348220846456e+00,5.217541954039006669e-09
1.576895190929402446e+00,5.215136766878458729e-09
1.576921029009634490e+00,5.212798637188598150e-09
1.576946862463200594e+00,5.210373466013606958e-09
1.576972691291756767e+00,5.207985598332243171e-09
1.576998515496959463e+00,5.205592401580361184e-09
1.577024335080462913e+00,5.203189878955072345e-09
1.577050150043921350e+00,5.200802011273708558e-09
1.577075960388987674e+00,5.198350638835336213e-09
1.577101766117314341e+00,5.195982311079205829e-09
1.577127567230552696e+00,5.193712127038452309e-09
1.577153363730352753e+00,5.191262530956919363e-09
1.577179155618364748e+00,5.188900420449726880e-09
1.577204942896236473e+00,5.186492568753919841e-09
1.577230725565616387e+00,5.184174423078502514e-09
1.577256503628151174e+00,5.181750584171140872e-09
1.577282277085487072e+00,5.179419115819428043e-09
1.577308045939268544e+00,5.176936657136366193e-09
1.577333810191140273e+00,5.174634498672503469e-09
1.577359569842745834e+00,5.172294592625803489e-09
1.577385324895727026e+00,5.169987549180632413e-09
1.577411075351726311e+00,5.167588135179812525e-09
1.577436821212383933e+00,5.165230465564718543e-09
1.577462562479339692e+00,5.162867910968316210e-09
1.577488299154232720e+00,5.160471161502755422e-09
1.577514031238701264e+00,5.158106830549513688e-09
1.577539758734381792e+00,5.155831317438241967e-09
1.577565481642911660e+00,5.153458992879222933e-09
1.577591199965925783e+00,5.151040038953169642e-09
1.577616913705058632e+00,5.148816040190240528e-09
1.577642622861944233e+00,5.146506776299020203e-09
1.577668327438215501e+00,5.144138448542889819e-09
1.577694027435503799e+00,5.141720826884466078e-09
1.577719722855441153e+00,5.139404013476678301e-09
1.577745413699656929e+00,5.137130720811455831e-09
1.577771099969780710e+00,5.134780600712929299e-09
1.577796781667441417e+00,5.132409608421539815e-09
1.577822458794266192e+00,5.130130098507379444e-09
1.577848131351881955e+00,5.127875457588970676e-09
1.577873799341914518e+00,5.125504021208371341e-09
1.577899462765989247e+00,5.123130808470932607e-09
1.577925121625729732e+00,5.120781576550825775e-09
1.577950775922759563e+00,5.118478529908543351e-09
1.577976425658700999e+00,5.116191914567025378e-09
1.578002070835175630e+00,5.113959922198318964e-09
1.578027711453804383e+00,5.111614242991890933e-09
1.578053347516207072e+00,5.109269007874672752e-09
1.578078979024001960e+00,5.106898903761702968e-09
1.578104605978807973e+00,5.104706879421883059e-09
1.578130228382242262e+00,5.102369637910442179e-09
1.578155846235920423e+00,5.099995981083793595e-09
1.578181459541458942e+00,5.097681832211264918e-09
1.578207068300471860e+00,5.095476485195149507e-09
1.578232672514572998e+00,5.093201860262297487e-09
1.578258272185375510e+00,5.090939225738111418e-09
1.578283867314491440e+00,5.088609533743237989e-09
1.578309457903531721e+00,5.086274956767056210e-09
1.578335043954107064e+00,5.083957255180848733e-09
1.578360625467826850e+00,5.081725262812142319e-09
1.578386202446299569e+00,5.079487941372917703e-09
1.578411774891133268e+00,5.077180009749326928e-09
1.578437342803934662e+00,5.074921372028029509e-09
1.578462906186310022e+00,5.072654740700954790e-09
1.578488465039864286e+00,5.070369901716276217e-09
1.578514019366202170e+00,5.068086394999227196e-09
1.578539569166927059e+00,5.065759367539612867e-09
1.578565114443641448e+00,5.063530039706165553e-09
1.578590655197947168e+00,5.061270513806448434e-09
1.578616191431445603e+00,5.058996332962806264e-09
1.578641723145736586e+00,5.056763452415680149e-09
1.578667250342419059e+00,5.054503482426753180e-09
1.578692773023091966e+00,5.052189777643434354e-09
1.578718291189352474e+00,5.050047047205907802e-09
1.578743804842797749e+00,5.047723572459972274e-09
1.578769313985023182e+00,5.045475592879711257e-09
1.578794818617624163e+00,5.043242712332585143e-09
1.578820318742194750e+00,5.040868611416726708e-09
1.578845814360328337e+00,5.038674810720067399e-09
1.578871305473617426e+00,5.036508099465208943e-09
1.578896792083653411e+00,5.034280992077810879e-09
1.578922274192027242e+00,5.031989047665774706e-09
1.578947751800328980e+00,5.029783700649659295e-09
1.578973224910147577e+00,5.027526395195991427e-09
1.578998693523071761e+00,5.025316163198567665e-09
1.579024157640688486e+00,5.023009563842606440e-09
1.579049617264584482e+00,5.020798887755972828e-09
1.579075072396345369e+00,5.018555793157020162e-09
1.579100523037556547e+00,5.016357551568262352e-09
1.579125969189801415e+00,5.014132220537703688e-09
1.579151410854663817e+00,5.011889570027960872e-09
1.579176848033725600e+00,5.009602954686442899e-09
1.579202280728568830e+00,5.007430914361066243e-09
1.579227708940774022e+00,5.005275749425663889e-09
1.579253132671921245e+00,5.003046421592216575e-09
1.579278551923589236e+00,5.000828195989015512e-09
1.579303966697356287e+00,4.998592206817420447e-09
1.579329376994800249e+00,4.996436153703598393e-09
1.579354782817497194e+00,4.994155311521808471e-09
1.579380184167022971e+00,4.991943303167545309e-09
1.579405581044952323e+00,4.989737956151429898e-09
1.579430973452859543e+00,4.987562807201584292e-09
1.579456361392317820e+00,4.985371226950974233e-09
1.579481744864899673e+00,4.983134349600959467e-09
1.579507123872176511e+00,4.980938772547460758e-09
1.579532498415719077e+00,4.978701007019026292e-09
1.579557868497097228e+00,4.976637324460853051e-09
1.579583234117879931e+00,4.974428868820268690e-09
1.579608595279636152e+00,4.972165346117662921e-09
1.579633951983932194e+00,4.970002187576483266e-09
1.579659304232335915e+00,4.967862121674215814e-09
1.579684652026412062e+00,4.965553745961415189e-09
1.579709995367726050e+00,4.963458977158552443e-09
1.579735334257841739e+00,4.961308697204458440e-09
1.579760668698322768e+00,4.959095800671775578e-09
1.579785998690731663e+00,4.956934862576645173e-09
1.579811324236629844e+00,4.954717081062653961e-09
1.579836645337578060e+00,4.952528609436512852e-09
1.579861961995136621e+00,4.950361010003234696e-09
1.579887274210864501e+00,4.948204068710992942e-09
1.579912581986320230e+00,4.946043130615862538e-09
1.579937885323061231e+00,4.943971454451911995e-09
1.579963184222644035e+00,4.941704379035627426e-09
1.579988478686625175e+00,4.939494147038203664e-09
1.580013768716559186e+00,4.937400710502970469e-09
1.580039054314000824e+00,4.935288622220923571e-09
1.580064335480502846e+00,4.933087716096906661e-09
1.580089612217618456e+00,4.930940988856491458e-09
1.580114884526899521e+00,4.928807584292371757e-09
1.580140152409896803e+00,4.926679952887980107e-09
1.580165415868160395e+00,4.924445740073224442e-09
1.580190674903239945e+00,4.922354523984040497e-09
1.580215929516683993e+00,4.920190033175231292e-09
1.580241179710040411e+00,4.918070839465826793e-09
1.580266425484855519e+00,4.915978291109013298e-09
1.580291666842676301e+00,4.913755624613713735e-09
1.580316903785047522e+00,4.911631990012210736e-09
1.580342136313513945e+00,4.909466611024981830e-09
1.580367364429619226e+00,4.907372286311328935e-09
1.580392588134906129e+00,4.905281514311354840e-09
1.580417807430916755e+00,4.903177419635085243e-09
1.580443022319192536e+00,4.900971628529759982e-09
1.580468232801273798e+00,4.898809802256209878e-09
1.580493438878700418e+00,4.896733241110950985e-09
1.580518640553011167e+00,4.894578076175548631e-09
1.580543837825743481e+00,4.892452221127996381e-09
1.580569030698435684e+00,4.890386318123773890e-09
1.580594219172623216e+00,4.888287108428812644e-09
1.580619403249842403e+00,4.886116844460275388e-09
1.580644582931627795e+00,4.883980331271686737e-09
1.580669758219513499e+00,4.881853588045714787e-09
1.580694929115032510e+00,4.879753934261543691e-09
1.580720095619717158e+00,4.877688919435740900e-09
1.580745257735099774e+00,4.875613690558111557e-09
1.580770415462710465e+00,4.873513592684730611e-09
1.580795568804079565e+00,4.871368641801154808e-09
1.580820717760736072e+00,4.869169512033977298e-09
1.580845862334208318e+00,4.867139136166542812e-09
1.580871002526024416e+00,4.865086999927825673e-09
1.580896138337710921e+00,4.862950930828446872e-09
1.580921269770793947e+00,4.860814417639858220e-09
1.580946396826798273e+00,4.858769386828498682e-09
1.580971519507248901e+00,4.856723911927929294e-09
1.580996637813669059e+00,4.854583401936451992e-09
1.581021751747581527e+00,4.852506840791193099e-09
1.581046861310508644e+00,4.850416068791219004e-09
1.581071966503971638e+00,4.848317303185467608e-09
1.581097067329490846e+00,4.846237633415739765e-09
1.581122163788585944e+00,4.844130430115001218e-09
1.581147255882775715e+00,4.842089396106530330e-09
1.581172343613578279e+00,4.839977751913693282e-09
1.581197426982511089e+00,4.837884315378460087e-09
1.581222505991090488e+00,4.835840172745520249e-09
1.581247580640831707e+00,4.833763611600261356e-09
1.581272650933250645e+00,4.831630207036141655e-09
1.581297716869860759e+00,4.829554534069302463e-09
1.581322778452175282e+00,4.827539701324212729e-09
1.581347835681707004e+00,4.825475574676829638e-09
1.581372888559967826e+00,4.823418997546013998e-09
1.581397937088468320e+00,4.821336663241027054e-09
1.581422981268719052e+00,4.819255217114459811e-09
1.581448021102229040e+00,4.817202636786532821e-09
1.581473056590507076e+00,4.815151832815445232e-09
1.581498087735061286e+00,4.813148546389811600e-09
1.581523114537397801e+00,4.811028020412777551e-09
1.581548136999023857e+00,4.809031839414501519e-09
1.581573155121444474e+00,4.806934850165589523e-09
1.581598168906164226e+00,4.804911135636302788e-09
1.581623178354687465e+00,4.802828801331315844e-09
1.581648183468516988e+00,4.800732700260823549e-09
1.581673184249154929e+00,4.798724528853881566e-09
1.581698180698103195e+00,4.796702590681434231e-09
1.581723172816862588e+00,4.794724617340762052e-09
1.581748160606932574e+00,4.792603647274518153e-09
1.581773144069813064e+00,4.790583485458910218e-09
1.581798123207002194e+00,4.788621055240582791e-09
1.581823098019997431e+00,4.786542273649274648e-09
1.581848068510295802e+00,4.784463492057966505e-09
1.581873034679393886e+00,4.782445550688407820e-09
1.581897996528786265e+00,4.780424056605170335e-09
1.581922954059967745e+00,4.778415885198228352e-09
1.581947907274432241e+00,4.776381512527905215e-09
1.581972856173672559e+00,4.774333373092076727e-09
1.581997800759181505e+00,4.772340300718269646e-09
1.582022741032449664e+00,4.770325912062389762e-09
1.582047676994968066e+00,4.768256012255278620e-09
1.582072608648226852e+00,4.766225192298634283e-09
1.582097535993715054e+00,4.764281413827120559e-09
1.582122459032920814e+00,4.762245264799958022e-09
1.582147377767331831e+00,4.760232652500917538e-09
1.582172292198435137e+00,4.758144989125412394e-09
1.582197202327716434e+00,4.756193661137331219e-09
1.582222108156661422e+00,4.754213467350609790e-09
1.582247009686754247e+00,4.752189752821323054e-09
1.582271906919478832e+00,4.750247306617438880e-09
1.582296799856317993e+00,4.748187176772944440e-09
1.582321688498754098e+00,4.746162574065238005e-09
1.582346572848268851e+00,4.744149961766197521e-09
1.582371452906342402e+00,4.742155557124760890e-09
1.582396328674454677e+00,4.740182024676187211e-09
1.582421200154085161e+00,4.738222258993118885e-09
1.582446067346712004e+00,4.736228298440892104e-09
1.582470930253812913e+00,4.734242331494442624e-09
1.582495788876865150e+00,4.732179981203898933e-09
1.582520643217343981e+00,4.730202007863226754e-09
1.582545493276725335e+00,4.728192948277865071e-09
1.582570339056483144e+00,4.726267821553165049e-09
1.582595180558092229e+00,4.724311164494565674e-09
1.582620017783024746e+00,4.722306545801302491e-09
1.582644850732753294e+00,4.720283275361225606e-09
1.582669679408749364e+00,4.718313739715540578e-09
1.582694503812483777e+00,4.716327328679881248e-09
1.582719323945426471e+00,4.714374224334960672e-09
1.582744139809046491e+00,4.712387369210091492e-09
1.582768951404813107e+00,4.710400069996012462e-09
1.582793758734192702e+00,4.708444745205042636e-09
1.582818561798653434e+00,4.706497414019850112e-09
1.582843360599661020e+00,4.704515443876289282e-09
1.582868155138680955e+00,4.702561451352949007e-09
1.582892945417178066e+00,4.700591471618054129e-09
1.582917731436616071e+00,4.698584188389531846e-09
1.582942513198458467e+00,4.696598665532292216e-09
1.582967290704167418e+00,4.694756139400624306e-09
1.582992063955204420e+00,4.692769728364964976e-09
1.583016832953030972e+00,4.690817068109254251e-09
1.583041597699107239e+00,4.688863963764333675e-09
1.583066358194892054e+00,4.686896204475488048e-09
1.583091114441844471e+00,4.684932441989531071e-09
1.583115866441422437e+00,4.682978449466190796e-09
1.583140614195083007e+00,4.680974274862137463e-09
1.583165357704282572e+00,4.679075793490028445e-09
1.583190096970477079e+00,4.677157328103476175e-09
1.583214831995121141e+00,4.675167364354138044e-09
1.583239562779669152e+00,4.673238240826549372e-09
1.583264289325574392e+00,4.671341535811279755e-09
1.583289011634289478e+00,4.669369779719545477e-09
1.583313729707266582e+00,4.667445985262475006e-09
1.583338443545956986e+00,4.665486663668616529e-09
1.583363153151810865e+00,4.663595287723865113e-09
1.583387858526277947e+00,4.661619534829242184e-09
1.583412559670807074e+00,4.659748142898934020e-09
1.583437256586846864e+00,4.657755958703546639e-09
1.583461949275844605e+00,4.655815288856501866e-09
1.583486637739246694e+00,4.653931462428317900e-09
1.583511321978499531e+00,4.651979690351026875e-09
1.583536001995048181e+00,4.650060780875264754e-09
1.583560677790337268e+00,4.648193829837055091e-09
1.583585349365810080e+00,4.646232287797147364e-09
1.583610016722910574e+00,4.644305828804817793e-09
1.583634679863080041e+00,4.642407347432708775e-09
1.583659338787760662e+00,4.640483552975638304e-09
1.583683993498393061e+00,4.638585071603529286e-09
1.583708643996417198e+00,4.636640404953595862e-09
1.583733290283272144e+00,4.634745476295165645e-09
1.583757932360396969e+00,4.632767058865283616e-09
1.583782570229229414e+00,4.630875682920532199e-09
1.583807203891206550e+00,4.628993188759977784e-09
1.583831833347764562e+00,4.627128902257027221e-09
1.583856458600339634e+00,4.625244631739633405e-09
1.583881079650365731e+00,4.623424754157667849e-09
1.583905696499278148e+00,4.621430349516231217e-09
1.583930309148509297e+00,4.619479021528150042e-09
1.583954917599492473e+00,4.617631166325963932e-09
1.583979521853659644e+00,4.615679838337882757e-09
1.584004121912441665e+00,4.613833759492536046e-09
1.584028717777269391e+00,4.611854009795024467e-09
1.584053309449572566e+00,4.610032799945429360e-09
1.584077896930780049e+00,4.608136539019369593e-09
1.584102480222320253e+00,4.606221626346496123e-09
1.584127059325620701e+00,4.604374215233519863e-09
1.584151634242108475e+00,4.602507708284520049e-09
1.584176204973209545e+00,4.600618552785817883e-09
1.584200771520349216e+00,4.598744052231040769e-09
1.584225333884951903e+00,4.596819813684760447e-09
1.584249892068442245e+00,4.594952418557340934e-09
1.584274446072243103e+00,4.593033064992368963e-09
1.584298995897776674e+00,4.591220736926970858e-09
1.584323541546465375e+00,4.589300495183579187e-09
1.584348083019729403e+00,4.587442870018776375e-09
1.584372620318989844e+00,4.585580359872665213e-09
1.584397153445666007e+00,4.583656121326384891e-09
1.584421682401176312e+00,4.581801160696841180e-09
1.584446207186939626e+00,4.579973733598308172e-09
1.584470727804373036e+00,4.578087686724074956e-09
1.584495244254893187e+00,4.576224288399544093e-09
1.584519756539915614e+00,4.574380430000246633e-09
1.584544264660856516e+00,4.572558776061441677e-09
1.584568768619129875e+00,4.570666067849060710e-09
1.584593268416149670e+00,4.568757816514334991e-09
1.584617764053328548e+00,4.566887756851656377e-09
1.584642255532079158e+00,4.565076761053887822e-09
1.584666742853813259e+00,4.563238231725108562e-09
1.584691226019941945e+00,4.561319322249346442e-09
1.584715705031874977e+00,4.559481681098986883e-09
1.584740179891022116e+00,4.557676902550156228e-09
1.584764650598792235e+00,4.555813060136415515e-09
1.584789117156592875e+00,4.553923016459293649e-09
1.584813579565831798e+00,4.552070276275799188e-09
1.584838037827915880e+00,4.550275267689585235e-09
1.584862491944250440e+00,4.548469600962334880e-09
1.584886941916241021e+00,4.546589771337039565e-09
1.584911387745292055e+00,4.544712162157793500e-09
1.584935829432807086e+00,4.542884290970050642e-09
1.584960266980189658e+00,4.541065301566504786e-09
1.584984700388841761e+00,4.539178810603061720e-09
1.585009129660164939e+00,4.537392239711834918e-09
1.585033554795560518e+00,4.535571918040659511e-09
1.585057975796428265e+00,4.533684094809586895e-09
1.585082392664167728e+00,4.531861552692362238e-09
1.585106805400178009e+00,4.530054553697482334e-09
1.585131214005856881e+00,4.528275976412032833e-09
1.585155618482602113e+00,4.526428565299056572e-09
1.585180018831809701e+00,4.524598029576054614e-09
1.585204415054876304e+00,4.522815011398506613e-09
1.585228807153196362e+00,4.520923635453755196e-09
1.585253195128165205e+00,4.519090435195494138e-09
1.585277578981176161e+00,4.517311413820834787e-09
1.585301958713622561e+00,4.515534168803014836e-09
1.585326334326896625e+00,4.513649454196411170e-09
1.585350705822390349e+00,4.511874873713850320e-09
1.585375073201494844e+00,4.510026130333244510e-09
1.585399436465599665e+00,4.508212914089426704e-09
1.585423795616095033e+00,4.506417905503212751e-09
1.585448150654369615e+00,4.504611794686752546e-09
1.585472501581811855e+00,4.502773709447183137e-09
1.585496848399808867e+00,4.501048422866915644e-09
1.585521191109747763e+00,4.499206784913667434e-09
1.585545529713014101e+00,4.497412220416663331e-09
1.585569864210994107e+00,4.495600336440475076e-09
1.585594194605071561e+00,4.493795113802434571e-09
1.585618520896631356e+00,4.492036520531428323e-09
1.585642843087055942e+00,4.490192662132130863e-09
1.585667161177727991e+00,4.488385219048041108e-09
1.585691475170029952e+00,4.486581772766840004e-09
1.585715785065342498e+00,4.484766780166182798e-09
1.585740090865046303e+00,4.483048599013272906e-09
1.585764392570520931e+00,4.481223836449998998e-09
1.585788690183145944e+00,4.479404847046453142e-09
1.585812983704299350e+00,4.477669790503568947e-09
1.585837273135358716e+00,4.475916526303080900e-09
1.585861558477701605e+00,4.474054016156969737e-09
1.585885839732703584e+00,4.472235026753423881e-09
1.585910116901740885e+00,4.470490200247922985e-09
1.585934389986187965e+00,4.468789338574197245e-09
1.585958658987419501e+00,4.466905512146013280e-09
1.585982923906808617e+00,4.465178005119696536e-09
1.586007184745728438e+00,4.463436287238664590e-09
1.586031441505550754e+00,4.461619518281167984e-09
1.586055694187647358e+00,4.459852043225964735e-09
1.586079942793388931e+00,4.458049929212393181e-09
1.586104187324145265e+00,4.456250479734080727e-09
1.586128427781286154e+00,4.454500324158061630e-09
1.586152664166180060e+00,4.452775037577794137e-09
1.586176896480194776e+00,4.451047086462267544e-09
1.586201124724697875e+00,4.449198787170871583e-09
1.586225348901056043e+00,4.447500145943195093e-09
1.586249569010635296e+00,4.445721124568535743e-09
1.586273785054800101e+00,4.443903023343409586e-09
1.586297997034916030e+00,4.442176848584722393e-09
1.586322204952346437e+00,4.440455114718133700e-09
1.586346408808454678e+00,4.438672096540585699e-09
1.586370608604602772e+00,4.436912615091159751e-09
1.586394804342153186e+00,4.435153133641733803e-09
1.586418996022466610e+00,4.433425626615417059e-09
1.586443183646903510e+00,4.431704336838038216e-09
1.586467367216823909e+00,4.429920874571280365e-09
1.586491546733586722e+00,4.428166722192372617e-09
1.586515722198550193e+00,4.426415234348723970e-09
1.586539893613072350e+00,4.424600241748066765e-09
1.586564060978509882e+00,4.422947785798214682e-09
1.586588224296219485e+00,4.421182975278270533e-09
1.586612383567556517e+00,4.419421717472005184e-09
1.586636538793876117e+00,4.417694210445688441e-09
1.586660689976532090e+00,4.415987575612234650e-09
1.586684837116878910e+00,4.414207666059155599e-09
1.586708980216269049e+00,4.412458398661556203e-09
1.586733119276054760e+00,4.410745990668374361e-09
1.586757254297587627e+00,4.409038023567291020e-09
1.586781385282218571e+00,4.407291864794160574e-09
1.586805512231297843e+00,4.405570575016781731e-09
1.586829635146175033e+00,4.403794218177381481e-09
1.586853754028198837e+00,4.402039621709263884e-09
1.586877868878717956e+00,4.400322772823983541e-09
1.586901979699079090e+00,4.398547748252212841e-09
1.586926086490629606e+00,4.396888630964213007e-09
1.586950189254715760e+00,4.395165564829994764e-09
1.586974287992682697e+00,4.393487795795181228e-09
1.586998382705875787e+00,4.391706553974472627e-09
1.587022473395638400e+00,4.389972385610008132e-09
1.587046560063314793e+00,4.388292840218355195e-09
1.587070642710247004e+00,4.386611518469862858e-09
1.587094721337777514e+00,4.384853369288066460e-09
1.587118795947247918e+00,4.383119200923601966e-09
1.587142866539999142e+00,4.381419227428295926e-09
1.587166933117370782e+00,4.379722362557458837e-09
1.587190995680702654e+00,4.377965989732501839e-09
1.587215054231333244e+00,4.376342843670499860e-09
1.587239108770600815e+00,4.374565154563470060e-09
1.587263159299842963e+00,4.372882944636558022e-09
1.587287205820396174e+00,4.371207396047793736e-09
1.587311248333596936e+00,4.369511419355376347e-09
1.587335286840779958e+00,4.367732397980716996e-09
1.587359321343280838e+00,4.366031536306991256e-09
1.587383351842433177e+00,4.364331118722475367e-09
1.587407378339570352e+00,4.362619154818503375e-09
1.587431400836025519e+00,4.360968919314700543e-09
1.587455419333130502e+00,4.359321348346156810e-09
1.587479433832216458e+00,4.357607608085345419e-09
1.587503444334614766e+00,4.355832583513574718e-09
1.587527450841655252e+00,4.354156146746390732e-09
1.587551453354667075e+00,4.352533888862808453e-09
1.587575451874979393e+00,4.350818816334367511e-09
1.587599446403920256e+00,4.349102411538297019e-09
1.587623436942817046e+00,4.347413096184027381e-09
1.587647423492996479e+00,4.345713122688721342e-09
1.587671406055784606e+00,4.344035353653907805e-09
1.587695384632507034e+00,4.342382897704055722e-09
1.587719359224488924e+00,4.340689141457687583e-09
1.587743329833053663e+00,4.339026027366799099e-09
1.587767296459525301e+00,4.337362913275910614e-09
1.587791259105226338e+00,4.335585224168880814e-09
1.587815217771479270e+00,4.333963854463718235e-09
1.587839172459605264e+00,4.332318948030433603e-09
1.587863123170925483e+00,4.330654945761125418e-09
1.587887069906759763e+00,4.328938985054264776e-09
1.587911012668427935e+00,4.327241232005007987e-09
1.587934951457248500e+00,4.325563462970194450e-09
1.587958886274540182e+00,4.323863045385678561e-09
1.587982817121620149e+00,4.322241675680515982e-09
1.588006743999805570e+00,4.320558133485974395e-09
1.588030666910412725e+00,4.318942536940539867e-09
1.588054585854756784e+00,4.317313617718809837e-09
1.588078500834152917e+00,4.315622081918490949e-09
1.588102411849915852e+00,4.313924772958444009e-09
1.588126318903358536e+00,4.312237233961013771e-09
1.588150221995794364e+00,4.310594103884568540e-09
1.588174121128535843e+00,4.308952750164962708e-09
1.588198016302893922e+00,4.307308287820887927e-09
1.588221907520180221e+00,4.305579448526941633e-09
1.588245794781705023e+00,4.303954526108100254e-09
1.588269678088777948e+00,4.302323386440320974e-09
1.588293557442708392e+00,4.300665601419950690e-09
1.588317432844804200e+00,4.299020694986666058e-09
1.588341304296373435e+00,4.297380673534689777e-09
1.588365171798723496e+00,4.295670485987557186e-09
1.588389035353160450e+00,4.294054889442122658e-09
1.588412894960990140e+00,4.292351363233137818e-09
1.588436750623518412e+00,4.290756638880566243e-09
1.588460602342048889e+00,4.289137933710662764e-09
1.588484450117885638e+00,4.287452171070071927e-09
1.588508293952332506e+00,4.285778842927356891e-09
1.588532133846691563e+00,4.284187671288464117e-09
1.588555969802264878e+00,4.282546761658068135e-09
1.588579801820353854e+00,4.280920951060807056e-09
1.588603629902259007e+00,4.279282261876460325e-09
1.588627454049280407e+00,4.277621368231621091e-09
1.588651274262717239e+00,4.275963139122040957e-09
1.588675090543868684e+00,4.274331555365051827e-09
1.588698902894032372e+00,4.272798115323439561e-09
1.588722711314506153e+00,4.271087483687097119e-09
1.588746515806586324e+00,4.269454123573268589e-09
1.588770316371569402e+00,4.267821207548649909e-09
1.588794113010750797e+00,4.266209163716894182e-09
1.588817905725425694e+00,4.264563813194399700e-09
1.588841694516887726e+00,4.263003283710986580e-09
1.588865479386430746e+00,4.261288655271755488e-09
1.588889260335348164e+00,4.259705921327849865e-09
1.588913037364931613e+00,4.258083219355057736e-09
1.588936810476472949e+00,4.256496488608263462e-09
1.588960579671263584e+00,4.254842700390781829e-09
1.588984344950593597e+00,4.253247531949000404e-09
1.589008106315752622e+00,4.251597740534407421e-09
1.589031863768030073e+00,4.250002128003416146e-09
1.589055617308714252e+00,4.248406515472424871e-09
1.589079366939093241e+00,4.246741625024696987e-09
1.589103112660454009e+00,4.245152229742643613e-09
1.589126854474083306e+00,4.243593032526860043e-09
1.589150592381266991e+00,4.241970330554067914e-09
1.589174326383290037e+00,4.240292117430044527e-09
1.589198056481437860e+00,4.238732476125051107e-09
1.589221782676994099e+00,4.237111550509098379e-09
1.589245504971242173e+00,4.235497286231293401e-09
1.589269223365464612e+00,4.233961625743631885e-09
1.589292937860943944e+00,4.232290518046966099e-09
1.589316648458961811e+00,4.230774841573747835e-09
1.589340355160798524e+00,4.229126382426784403e-09
1.589364057967734833e+00,4.227518335397917326e-09
1.589387756881049940e+00,4.225857885842287942e-09
1.589411451902023042e+00,4.224291139109936921e-09
1.589435143031932895e+00,4.222722171931536650e-09
1.589458830272056256e+00,4.221110128099780923e-09
1.589482513623671434e+00,4.219507410141432047e-09
1.589506193088053854e+00,4.217942883855130276e-09
1.589529868666479828e+00,4.216385907085395957e-09
1.589553540360224559e+00,4.214757431952875777e-09
1.589577208170562583e+00,4.213151605370057950e-09
1.589600872098767770e+00,4.211574644585880378e-09
1.589624532146113545e+00,4.209951054434668549e-09
1.589648188313872890e+00,4.208453141529844288e-09
1.589671840603317454e+00,4.206856640820433313e-09
1.589695489015718888e+00,4.205263248735491288e-09
1.589719133552347730e+00,4.203677850256326565e-09
1.589742774214474741e+00,4.202043157874868484e-09
1.589766411003368907e+00,4.200470637982789412e-09
1.589790043920299656e+00,4.198900338536759591e-09
1.589813672966535085e+00,4.197362901692258674e-09
1.589837298143343070e+00,4.195811253993042556e-09
1.589860919451990373e+00,4.194252056777258986e-09
1.589884536893743761e+00,4.192585834061901551e-09
1.589908150469868664e+00,4.191046620860561234e-09
1.589931760181631182e+00,4.189496749518184515e-09
1.589955366030294970e+00,4.187952207246325997e-09
1.589978968017124350e+00,4.186376578729777975e-09
1.590002566143382756e+00,4.184743662705159295e-09
1.590026160410332956e+00,4.183127622070514917e-09
1.590049750819237051e+00,4.181607504705198153e-09
1.590073337371356477e+00,4.180059409719660835e-09
1.590096920067952002e+00,4.178528634213307669e-09
1.590120498910283953e+00,4.176977430603301400e-09
1.590144073899612209e+00,4.175481294055316539e-09
1.590167645037195765e+00,4.173852374833586509e-09
1.590191212324292502e+00,4.172295398063852190e-09
1.590214775762160970e+00,4.170749967613573972e-09
1.590238335352057719e+00,4.169210754412233655e-09
1.590261891095239521e+00,4.167638678609364433e-09
1.590285442992962484e+00,4.166003542138696503e-09
1.590308991046482046e+00,4.164460332134467535e-09
1.590332535257052315e+00,4.162929556628114369e-09
1.590356075625927845e+00,4.161429867366450708e-09
1.590379612154362521e+00,4.159884436916172490e-09
1.590403144843608452e+00,4.158288380295971365e-09
1.590426673694918192e+00,4.156710087244164242e-09
1.590450198709543406e+00,4.155235711067462034e-09
1.590473719888735094e+00,4.153665855710642063e-09
1.590497237233744032e+00,4.152098220799871342e-09
1.590520750745819445e+00,4.150568333471937876e-09
1.590544260426210776e+00,4.149054433355559013e-09
1.590567766276167028e+00,4.147441945434593435e-09
1.590591268296935423e+00,4.145903176322462969e-09
1.590614766489764076e+00,4.144429688324180461e-09
1.590638260855899100e+00,4.142898468728617445e-09
1.590661751396587276e+00,4.141305964822095120e-09
1.590685238113073385e+00,4.139766751620754803e-09
1.590708721006603321e+00,4.138283493659855594e-09
1.590732200078420533e+00,4.136734510495898576e-09
1.590755675329769581e+00,4.135222386736359113e-09
1.590779146761892804e+00,4.133649866844280041e-09
1.590802614376032764e+00,4.132120867694766275e-09
1.590826078173432023e+00,4.130619846165473064e-09
1.590849538155331588e+00,4.129093511551218398e-09
1.590872994322971579e+00,4.127574282364321334e-09
1.590896446677593001e+00,4.126041730501128768e-09
1.590919895220434643e+00,4.124476316036407297e-09
1.590943339952735736e+00,4.122987284915780037e-09
1.590966780875734177e+00,4.121477825691499675e-09
1.590990217990668310e+00,4.119939056579369208e-09
1.591013651298774700e+00,4.118369645311759086e-09
1.591037080801289694e+00,4.116871288317724975e-09
1.591060506499449634e+00,4.115395579873393217e-09
1.591083928394489311e+00,4.113838603103658897e-09
1.591107346487643515e+00,4.112354456964339988e-09
1.591130760780146813e+00,4.110807694246432220e-09
1.591154171273231777e+00,4.109371065652567268e-09
1.591177577968131862e+00,4.107803430741796546e-09
1.591200980866079195e+00,4.106280648841220682e-09
1.591224379968305458e+00,4.104755202405385717e-09
1.591247775276041665e+00,4.103236861396908353e-09
1.591271166790518166e+00,4.101783357413069098e-09
1.591294554512964865e+00,4.100266792761431134e-09
1.591317938444611446e+00,4.098786643425000875e-09
1.591341318586685816e+00,4.097247430223660558e-09
1.591364694940416769e+00,4.095720207430986193e-09
1.591388067507031101e+00,4.094181882408065576e-09
1.591411436287756498e+00,4.092711503034252019e-09
1.591434801283818645e+00,4.091269545369868865e-09
1.591458162496443007e+00,4.089731220346948248e-09
1.591481519926855048e+00,4.088255067813406640e-09
1.591504873576279566e+00,4.086741611786237627e-09
1.591528223445940249e+00,4.085243254792203516e-09
1.591551569537059896e+00,4.083700044787974548e-09
1.591574911850861751e+00,4.082242099912036792e-09
1.591598250388567948e+00,4.080822790797355992e-09
1.591621585151399509e+00,4.079369730902726587e-09
1.591644916140577681e+00,4.077825632720077920e-09
1.591668243357323043e+00,4.076294857213724754e-09
1.591691566802855062e+00,4.074813375609664945e-09
1.591714886478393209e+00,4.073268389248596577e-09
1.591738202385155398e+00,4.071784243109277668e-09
1.591761514524360210e+00,4.070352499496721066e-09
1.591784822897224894e+00,4.068906989118659112e-09
1.591808127504966031e+00,4.067399750340428000e-09
1.591831428348799982e+00,4.065850323087261131e-09
1.591854725429942219e+00,4.064394154568162776e-09
1.591878018749607993e+00,4.062963299134025874e-09
1.591901308309011442e+00,4.061466274407621313e-09
1.591924594109366931e+00,4.059989677784869855e-09
1.591947876151887042e+00,4.058538394247079850e-09
1.591971154437785252e+00,4.057030267290429038e-09
1.591994428968273034e+00,4.055565661076343531e-09
1.592017699744561865e+00,4.054101943040677725e-09
1.592040966767862997e+00,4.052656432662615771e-09
1.592064230039386574e+00,4.051173618790926412e-09
1.592087489560342295e+00,4.049674817707682450e-09
1.592110745331939636e+00,4.048182677962586240e-09
1.592133997355386521e+00,4.046693646841958980e-09
1.592157245631891982e+00,4.045219270665256772e-09
1.592180490162662387e+00,4.043799517461366122e-09
1.592203730948904772e+00,4.042294055039974410e-09
1.592226967991825948e+00,4.040907608526822514e-09
1.592250201292630951e+00,4.039448775472465059e-09
1.592273430852525484e+00,4.037941092605024096e-09
1.592296656672713251e+00,4.036474710034099189e-09
1.592319878754398621e+00,4.035006551106334882e-09
1.592343097098785076e+00,4.033525513591484923e-09
1.592366311707074988e+00,4.032061795555819117e-09
1.592389522580470729e+00,4.030694888967900624e-09
1.592412729720173781e+00,4.029208522382532465e-09
1.592435933127385184e+00,4.027695066355363451e-09
1.592459132803305755e+00,4.026321498429297208e-09
1.592482328749134757e+00,4.024822253256843396e-09
1.592505520966071675e+00,4.023413158193989148e-09
1.592528709455315106e+00,4.021972976886445394e-09
1.592551894218063646e+00,4.020473287624781733e-09
1.592575075255514117e+00,4.019002908250968176e-09
1.592598252568864003e+00,4.017488119956169612e-09
1.592621426159309239e+00,4.016150079166891373e-09
1.592644596028046422e+00,4.014723220535643122e-09
1.592667762176269708e+00,4.013205767705585458e-09
1.592690924605174585e+00,4.011759369149103804e-09
1.592714083315954765e+00,4.010335619142324504e-09
1.592737238309803960e+00,4.008911425046335353e-09
1.592760389587914771e+00,4.007470799649581750e-09
1.592783537151480244e+00,4.006034171055716797e-09
1.592806681001691205e+00,4.004576226179779042e-09
1.592829821139739588e+00,4.003186671042158196e-09
1.592852957566815775e+00,4.001676767728667983e-09
1.592876090284109702e+00,4.000268560844233434e-09
1.592899219292811086e+00,3.998823938644591180e-09
1.592922344594108530e+00,3.997411734957267981e-09
1.592945466189190640e+00,3.995945352386343075e-09
1.592968584079245353e+00,3.994537589591118376e-09
1.592991698265459721e+00,3.993108954603030725e-09
1.593014808749020350e+00,3.991659891511289970e-09
1.593037915531113180e+00,3.990308972134926080e-09
1.593061018612923485e+00,3.988839480939532223e-09
1.593084117995636984e+00,3.987405960970136221e-09
1.593107213680437395e+00,3.985923591187656712e-09
1.593130305668508440e+00,3.984496288467198610e-09
1.593153393961034059e+00,3.983040119948100255e-09
1.593176478559195974e+00,3.981602603175815602e-09
1.593199559464176795e+00,3.980290763649918517e-09
1.593222636677158244e+00,3.978827045614252711e-09
1.593245710199320708e+00,3.977450369063717517e-09
1.593268780031844800e+00,3.976019069540370765e-09
1.593291846175910464e+00,3.974580664589666412e-09
1.593314908632696980e+00,3.973128936962666558e-09
1.593337967403382738e+00,3.971759809928698814e-09
1.593361022489146128e+00,3.970383133378163620e-09
1.593384073891164432e+00,3.968975814672148772e-09
1.593407121610614929e+00,3.967522754777519367e-09
1.593430165648674013e+00,3.966109662911776468e-09
1.593453206006517409e+00,3.964681472012898666e-09
1.593476242685320177e+00,3.963261274719798166e-09
1.593499275686257821e+00,3.961788674899935359e-09
1.593522305010503848e+00,3.960399563851524363e-09
1.593545330659231762e+00,3.959014893695211867e-09
1.593568352633615293e+00,3.957592031866852267e-09
1.593591370934826390e+00,3.956185157250047268e-09
1.593614385564037450e+00,3.954816474305289375e-09
1.593637396522419314e+00,3.953446015003692082e-09
1.593660403811142823e+00,3.952098648341006992e-09
1.593683407431378596e+00,3.950636262572970736e-09
1.593706407384296142e+00,3.949173876804934480e-09
1.593729403671064748e+00,3.947749682708945329e-09
1.593752396292852591e+00,3.946369897533941185e-09
1.593775385250827847e+00,3.945004323213652242e-09
1.593798370546158027e+00,3.943620985324969297e-09
1.593821352180010198e+00,3.942252746469421254e-09
1.593844330153550315e+00,3.940832993265530604e-09
1.593867304467944335e+00,3.939416348686108904e-09
1.593890275124357991e+00,3.938060100239226813e-09
1.593913242123955021e+00,3.936677206439753718e-09
1.593936205467899825e+00,3.935246795094826666e-09
1.593959165157356583e+00,3.933841696834861068e-09
1.593982121193487256e+00,3.932462355749066774e-09
1.594005073577455356e+00,3.931126535405837785e-09
1.594028022310421955e+00,3.929692127258022083e-09
1.594050967393548790e+00,3.928335434721930142e-09
1.594073908827996711e+00,3.926981850810307151e-09
1.594096846614925456e+00,3.925557212625108150e-09
1.594119780755495430e+00,3.924150338008303152e-09
1.594142711250865041e+00,3.922782987331174809e-09
1.594165638102193139e+00,3.921344582380470456e-09
1.594188561310637686e+00,3.920028746051684720e-09
1.594211480877356424e+00,3.918661839463766228e-09
1.594234396803506204e+00,3.917242974438295278e-09
1.594257309090242769e+00,3.915812563093368226e-09
1.594280217738722749e+00,3.914506052637989342e-09
1.594303122750100998e+00,3.913154689172415601e-09
1.594326024125532149e+00,3.911762025410325805e-09
1.594348921866170832e+00,3.910406665141863414e-09
1.594371815973169904e+00,3.909037094018685821e-09
1.594394706447682886e+00,3.907667078806298377e-09
1.594417593290862412e+00,3.906293510880232134e-09
1.594440476503860227e+00,3.904921275221795440e-09
1.594463356087827632e+00,3.903530387816545044e-09
1.594486232043915930e+00,3.902135059519196147e-09
1.594509104373275088e+00,3.900765932485228404e-09
1.594531973077054854e+00,3.899408351770716763e-09
1.594554838156404752e+00,3.898069422803018824e-09
1.594577699612473198e+00,3.896690525806434380e-09
1.594600557446408384e+00,3.895315625612738586e-09
1.594623411659357837e+00,3.893987798875286899e-09
1.594646262252468638e+00,3.892617339573689605e-09
1.594669109226887205e+00,3.891225563990019509e-09
1.594691952583759731e+00,3.889883526397852620e-09
1.594714792324231523e+00,3.888525501594131129e-09
1.594737628449447664e+00,3.887148825043595934e-09
1.594760460960551907e+00,3.885790356150664593e-09
1.594783289858688446e+00,3.884478516624767508e-09
1.594806115145000591e+00,3.883138255389440019e-09
1.594828936820630760e+00,3.881722943077647869e-09
1.594851754886721151e+00,3.880416432622268985e-09
1.594874569344413517e+00,3.879009558005463987e-09
1.594897380194848724e+00,3.877693277587468401e-09
1.594920187439167636e+00,3.876322374196661258e-09
1.594942991078509786e+00,3.874978116158445118e-09
1.594965791114015152e+00,3.873655618491511632e-09
1.594988587546822156e+00,3.872322018594331894e-09
1.595011380378069443e+00,3.870933351635130748e-09
1.595034169608894770e+00,3.869569997760891056e-09
1.595056955240435226e+00,3.868271036822079623e-09
1.595079737273827902e+00,3.866970743615638639e-09
1.595102515710208557e+00,3.865568309890932142e-09
1.595125290550713615e+00,3.864177422485681745e-09
1.595148061796477279e+00,3.862858477532427059e-09
1.595170829448634864e+00,3.861533759419444323e-09
1.595193593508320129e+00,3.860194386362536534e-09
1.595216353976666612e+00,3.858882546836639449e-09
1.595239110854807629e+00,3.857543173779731660e-09
1.595261864143874941e+00,3.856180708083911668e-09
1.595284613845000976e+00,3.854807140157845424e-09
1.595307359959317051e+00,3.853475316617505086e-09
1.595330102487953816e+00,3.852159924377929201e-09
1.595352841432041924e+00,3.850776586489246256e-09
1.595375576792710470e+00,3.849466079230978721e-09
1.595398308571089663e+00,3.848152019259032386e-09
1.595421036768307488e+00,3.846867269174936155e-09
1.595443761385492376e+00,3.845545659686422368e-09
1.595466482423771870e+00,3.844218721127390381e-09
1.595489199884273290e+00,3.842886453497840193e-09
1.595511913768122847e+00,3.841488460665232196e-09
1.595534624076446972e+00,3.840178841585384362e-09
1.595557330810370766e+00,3.838856788007660725e-09
1.595580033971019773e+00,3.837552497998331091e-09
1.595602733559517983e+00,3.836234885312705956e-09
1.595625429576989385e+00,3.834895956345008017e-09
1.595648122024557303e+00,3.833582784551481382e-09
1.595670810903345060e+00,3.832272277293213847e-09
1.595693496214474205e+00,3.830883610334012701e-09
1.595716177959067172e+00,3.829613071104631672e-09
1.595738856138245065e+00,3.828271033512464783e-09
1.595761530753128543e+00,3.826977401644171550e-09
1.595784201804838043e+00,3.825650463085139563e-09
1.595806869294492891e+00,3.824327077239786377e-09
1.595829533223212637e+00,3.823006800018902140e-09
1.595852193592115720e+00,3.821708283169300557e-09
1.595874850402319689e+00,3.820479488325645434e-09
1.595897503654943206e+00,3.819109917202467841e-09
1.595920153351102710e+00,3.817755445112425150e-09
1.595942799491914643e+00,3.816395199862654408e-09
1.595965442078495222e+00,3.815144644647716632e-09
1.595988081111959778e+00,3.813890980808309905e-09
1.596010716593423640e+00,3.812588467155819671e-09
1.596033348524000584e+00,3.811223781013950429e-09
1.596055976904804830e+00,3.809899062900967692e-09
1.596078601736949931e+00,3.808655169024177667e-09
1.596101223021548554e+00,3.807261172994458320e-09
1.596123840759712920e+00,3.805964432501696137e-09
1.596146454952555249e+00,3.804656589778687703e-09
1.596169065601185988e+00,3.803330983487285266e-09
1.596191672706716913e+00,3.802123060836493096e-09
1.596214276270257582e+00,3.800805892240077810e-09
1.596236876292917994e+00,3.799537573456746031e-09
1.596259472775807264e+00,3.798210190808504194e-09
1.596282065720034282e+00,3.796881475892632807e-09
1.596304655126706606e+00,3.795592729005647925e-09
1.596327240996932462e+00,3.794312863902860045e-09
1.596349823331818962e+00,3.793046321476367666e-09
1.596372402132472335e+00,3.791661651320055171e-09
1.596394977399998583e+00,3.790365799005712688e-09
1.596417549135503711e+00,3.789113023344725661e-09
1.596440117340092391e+00,3.787826496903790030e-09
1.596462682014869516e+00,3.786516877823942195e-09
1.596485243160938428e+00,3.785235680453524765e-09
1.596507800779403352e+00,3.783913626875801128e-09
1.596530354871366519e+00,3.782713253741576409e-09
1.596552905437931269e+00,3.781484014808711436e-09
1.596575452480198720e+00,3.780099788741608791e-09
1.596597995999270658e+00,3.778800827802797357e-09
1.596620535996248202e+00,3.777473889243765370e-09
1.596643072472230918e+00,3.776174040126534237e-09
1.596665605428319479e+00,3.774873746920093254e-09
1.596688134865613007e+00,3.773602763601502375e-09
1.596710660785210401e+00,3.772425483106189859e-09
1.596733183188209448e+00,3.771088774584541170e-09
1.596755702075708605e+00,3.769863976543774697e-09
1.596778217448804993e+00,3.768596101849652769e-09
1.596800729308595068e+00,3.767250067454597229e-09
1.596823237656175509e+00,3.765923572984775092e-09
1.596845742492642106e+00,3.764668576877738815e-09
1.596868243819089761e+00,3.763443334747762492e-09
1.596890741636613154e+00,3.762151923325518510e-09
1.596913235946306964e+00,3.760896483129272383e-09
1.596935726749264095e+00,3.759672573266925610e-09
1.596958214046578783e+00,3.758331423853178421e-09
1.596980697839342822e+00,3.757075983656932294e-09
1.597003178128648893e+00,3.755786792680737562e-09
1.597025654915588788e+00,3.754468291816692727e-09
1.597048128201252970e+00,3.753197308498101847e-09
1.597070597986732343e+00,3.751992938560988478e-09
1.597093064273117369e+00,3.750757926468395453e-09
1.597115527061497620e+00,3.749507371253457677e-09
1.597137986352961780e+00,3.748222621169361446e-09
1.597160442148598980e+00,3.746956966921288767e-09
1.597182894449496793e+00,3.745656229625637934e-09
1.597205343256743237e+00,3.744362597757344702e-09
1.597227788571425000e+00,3.743136023359738829e-09
1.597250230394628767e+00,3.741866372308777500e-09
1.597272668727441003e+00,3.740601606239124521e-09
1.597295103570947061e+00,3.739307530281621439e-09
1.597317534926231630e+00,3.738108045325816420e-09
1.597339962794379620e+00,3.736809528476214837e-09
1.597362387176475051e+00,3.735558085082857360e-09
1.597384808073601059e+00,3.734347497896806090e-09
1.597407225486841220e+00,3.733118258963941116e-09
1.597429639417277780e+00,3.731835729325894135e-09
1.597452049865992985e+00,3.730566078274932806e-09
1.597474456834067968e+00,3.729255126927455422e-09
1.597496860322583867e+00,3.728001018998838845e-09
1.597519260332621371e+00,3.726773556422813272e-09
1.597541656865260284e+00,3.725528774367603546e-09
1.597564049921580409e+00,3.724273778260567269e-09
1.597586439502660438e+00,3.723088948248687302e-09
1.597608825609578842e+00,3.721801089540122121e-09
1.597631208243413869e+00,3.720589170086441300e-09
1.597653587405242881e+00,3.719407226654425358e-09
1.597675963096142793e+00,3.718111818429292725e-09
1.597698335317190299e+00,3.716767782435681511e-09
1.597720704069461206e+00,3.715586283092875419e-09
1.597743069354031098e+00,3.714374807728404448e-09
1.597765431171974893e+00,3.713074958611173315e-09
1.597787789524366842e+00,3.711825291574655239e-09
1.597810144412281419e+00,3.710573182047482987e-09
1.597832495836791988e+00,3.709304197130336433e-09
1.597854843798971469e+00,3.708123363921345117e-09
1.597877188299892559e+00,3.706871032349567940e-09
1.597899529340626623e+00,3.705652673602344294e-09
1.597921866922245915e+00,3.704409667903973968e-09
1.597944201045820689e+00,3.703162665402714993e-09
1.597966531712422089e+00,3.701942308254047020e-09
1.597988858923119926e+00,3.700701745046330871e-09
1.598011182678983566e+00,3.699515138677611503e-09
1.598033502981082155e+00,3.698307216026819333e-09
1.598055819830484170e+00,3.697013584158526101e-09
1.598078133228257647e+00,3.695817429871794957e-09
1.598100443175469954e+00,3.694547112687018853e-09
1.598122749673188459e+00,3.693310546282191353e-09
1.598145052722479642e+00,3.692072869654339229e-09
1.598167352324409318e+00,3.690895367114421788e-09
1.598189648480042857e+00,3.689648142568557887e-09
1.598211941190445851e+00,3.688443328542234667e-09
1.598234230456682559e+00,3.687179450651001389e-09
1.598256516279817019e+00,3.685941774023149264e-09
1.598278798660912825e+00,3.684736293863011269e-09
1.598301077601033127e+00,3.683510163554615247e-09
1.598323353101240407e+00,3.682273597149787747e-09
1.598345625162596928e+00,3.681093874163821056e-09
1.598367893786164062e+00,3.679881954710140235e-09
1.598390158973003183e+00,3.678649163063596461e-09
1.598412420724174554e+00,3.677468329854605145e-09
1.598434679040738882e+00,3.676167370514349386e-09
1.598456933923755319e+00,3.674926363217423386e-09
1.598479185374283018e+00,3.673783055546664400e-09
1.598501433393380911e+00,3.672503856577691295e-09
1.598523677982107039e+00,3.671320358833440878e-09
1.598545919141519001e+00,3.670103554398451706e-09
1.598568156872673729e+00,3.668914727583683089e-09
1.598590391176628822e+00,3.667751213853875925e-09
1.598612622054439658e+00,3.666460468565446718e-09
1.598634849507162059e+00,3.665280301490270176e-09
1.598657073535851625e+00,3.664076375642366656e-09
1.598679294141562846e+00,3.662853798047649434e-09
1.598701511325349989e+00,3.661660086251572466e-09
1.598723725088267100e+00,3.660426406426608992e-09
1.598745935431366894e+00,3.659227365560013823e-09
1.598768142355702970e+00,3.657996350270309449e-09
1.598790345862326712e+00,3.656792202377801004e-09
1.598812545952291053e+00,3.655599156715538811e-09
1.598834742626646266e+00,3.654403446518017518e-09
1.598856935886443731e+00,3.653181757101719995e-09
1.598879125732733719e+00,3.652035784895701909e-09
1.598901312166566280e+00,3.650815649791638862e-09
1.598923495188990795e+00,3.649603952382562966e-09
1.598945674801055983e+00,3.648360724639587716e-09
1.598967851003810337e+00,3.647203206114113527e-09
1.598990023798301907e+00,3.645986623723729281e-09
1.599012193185578079e+00,3.644822443860107342e-09
1.599034359166686015e+00,3.643633617045338724e-09
1.599056521742672210e+00,3.642421475547052978e-09
1.599078680914582273e+00,3.641217993788359308e-09
1.599100836683462257e+00,3.640032719687269491e-09
1.599122989050356658e+00,3.638812584583206444e-09
1.599145138016310641e+00,3.637665058064953882e-09
1.599167283582368038e+00,3.636434708909064284e-09
1.599189425749572679e+00,3.635209022689878111e-09
1.599211564518967510e+00,3.634011758180122342e-09
1.599233699891595029e+00,3.632865119840289481e-09
1.599255831868497735e+00,3.631658085367917010e-09
1.599277960450717240e+00,3.630453937475408566e-09
1.599300085639294267e+00,3.629263112259195623e-09
1.599322207435270204e+00,3.628051414850119727e-09
1.599344325839685332e+00,3.626911659893039541e-09
1.599366440853578819e+00,3.625713729249468997e-09
1.599388552477990721e+00,3.624562650017537635e-09
1.599410660713959098e+00,3.623391142681953170e-09
1.599432765562522896e+00,3.622189881369308750e-09
1.599454867024719951e+00,3.621006827714268184e-09
1.599476965101587211e+00,3.619860189374435322e-09
1.599499059794161848e+00,3.618642052671816600e-09
1.599521151103480587e+00,3.617427024593666829e-09
1.599543239030579045e+00,3.616214883095381083e-09
1.599565323576492615e+00,3.614994747991318036e-09
1.599587404742256691e+00,3.613896071286148981e-09
1.599609482528905335e+00,3.612732557556341817e-09
1.599631556937473054e+00,3.611554166838004676e-09
1.599653627968993463e+00,3.610373111584408434e-09
1.599675695624499294e+00,3.609219811906427822e-09
1.599697759905023275e+00,3.608013443567870127e-09
1.599719820811597915e+00,3.606871912253950541e-09
1.599741878345254387e+00,3.605663323469343595e-09
1.599763932507024533e+00,3.604460507844464701e-09
1.599785983297938419e+00,3.603308318389508713e-09
1.599808030719026997e+00,3.602153464399293625e-09
1.599830074771319666e+00,3.601033249367446842e-09
1.599852115455845603e+00,3.599840425749789574e-09
1.599874152773634206e+00,3.598728204323720092e-09
1.599896186725713099e+00,3.597538267285926850e-09
1.599918217313111013e+00,3.596283049134285648e-09
1.599940244536855127e+00,3.595071573769814677e-09
1.599962268397972176e+00,3.593962016879004295e-09
1.599984288897488671e+00,3.592818931252850234e-09
1.600006306036431125e+00,3.591670072466968122e-09
1.600028319815824496e+00,3.590522323904110635e-09
1.600050330236694185e+00,3.589295749506504762e-09
1.600072337300065151e+00,3.588099151130563769e-09
1.600094341006960796e+00,3.587000474425394714e-09
1.600116341358405192e+00,3.585904018166274909e-09
1.600138338355421741e+00,3.584673669010385311e-09
1.600160331999032737e+00,3.583487506730875793e-09
1.600182322290261139e+00,3.582370844412707811e-09
1.600204309230128352e+00,3.581226204474319275e-09
1.600226292819655782e+00,3.580060248253857935e-09
1.600248273059864168e+00,3.578965346306972606e-09
1.600270249951774026e+00,3.577761420459069086e-09
1.600292223496405208e+00,3.576606344424249073e-09
1.600314193694777343e+00,3.575475249206760964e-09
1.600336160547909836e+00,3.574280871276869220e-09
1.600358124056820319e+00,3.573156881486738712e-09
1.600380084222527755e+00,3.571946960434502216e-09
1.600402041046049106e+00,3.570773232652868501e-09
1.600423994528402227e+00,3.569646578327478892e-09
1.600445944670603415e+00,3.568521700358928683e-09
1.600467891473668747e+00,3.567389494918415949e-09
1.600489834938614075e+00,3.566260398102372164e-09
1.600511775066455034e+00,3.565116646342403328e-09
1.600533711858206143e+00,3.563920047966462334e-09
1.600555645314881925e+00,3.562767858511506347e-09
1.600577575437495792e+00,3.561627659465216311e-09
1.600599502227062043e+00,3.560512329414677879e-09
1.600621425684593424e+00,3.559300187916392133e-09
1.600643345811102014e+00,3.558163541583780898e-09
1.600665262607600337e+00,3.557062866477167518e-09
1.600687176075099583e+00,3.555928440590605533e-09
1.600709086214611387e+00,3.554833538643720203e-09
1.600730993027146276e+00,3.553672245359962290e-09
1.600752896513714330e+00,3.552521610217240777e-09
1.600774796675325184e+00,3.551362537379532114e-09
1.600796693512988700e+00,3.550182370304355572e-09
1.600818587027713180e+00,3.549109450773357821e-09
1.600840477220507152e+00,3.547903748568614901e-09
1.600862364092378698e+00,3.546809512755544347e-09
1.600884247644335012e+00,3.545687521366858164e-09
1.600906127877383511e+00,3.544573523583949282e-09
1.600928004792530279e+00,3.543445759035535048e-09
1.600949878390781844e+00,3.542308224524504112e-09
1.600971748673143624e+00,3.541147819419165899e-09
1.600993615640620815e+00,3.539984749778568585e-09
1.601015479294218169e+00,3.538829895788353497e-09
1.601037339634939993e+00,3.537730552949369667e-09
1.601059196663789930e+00,3.536644976875891189e-09
1.601081050381771398e+00,3.535485904038182525e-09
1.601102900789887595e+00,3.534343928635053089e-09
1.601124747889140609e+00,3.533188630555628151e-09
1.601146591680532305e+00,3.532087733404409846e-09
1.601168432165064548e+00,3.530962855435859638e-09
1.601190269343738315e+00,3.529899483822873663e-09
1.601212103217554361e+00,3.528746850278707825e-09
1.601233933787512553e+00,3.527595104912961688e-09
1.601255761054612980e+00,3.526479108728608480e-09
1.601277585019854399e+00,3.525294500761333438e-09
1.601299405684236010e+00,3.524215586026002711e-09
1.601321223048756348e+00,3.523110914116500680e-09
1.601343037114412615e+00,3.522014235812775951e-09
1.601364847882202902e+00,3.520902680520521244e-09
1.601386655353123967e+00,3.519718294597851127e-09
1.601408459528172346e+00,3.518574764882487216e-09
1.601430260408344131e+00,3.517497626503995889e-09
1.601452057994634970e+00,3.516428481731281863e-09
1.601473852288040289e+00,3.515250313057549647e-09
1.601495643289554405e+00,3.514173840812873095e-09
1.601517431000171854e+00,3.513039636970916035e-09
1.601539215420886286e+00,3.511923418741957903e-09
1.601560996552691574e+00,3.510797430550383069e-09
1.601582774396580255e+00,3.509683654812079112e-09
1.601604548953544649e+00,3.508634049964598489e-09
1.601626320224577071e+00,3.507496071364357704e-09
1.601648088210669174e+00,3.506393841945509848e-09
1.601669852912812164e+00,3.505221668476110608e-09
1.601691614331996139e+00,3.504111001362275601e-09
1.601713372469212082e+00,3.503019208039859222e-09
1.601735127325449426e+00,3.501921197468504943e-09
1.601756878901697601e+00,3.500792766786275934e-09
1.601778627198945149e+00,3.499800227402261044e-09
1.601800372218181279e+00,3.498638934118503130e-09
1.601822113960393423e+00,3.497481415593028942e-09
1.601843852426569015e+00,3.496380518441810636e-09
1.601865587617695930e+00,3.495255640473260428e-09
1.601887319534760268e+00,3.494158073991115998e-09
1.601909048178747907e+00,3.493092926021290623e-09
1.601930773550645615e+00,3.492010680616886020e-09
1.601952495651437935e+00,3.490850497556152732e-09
1.601974214482109860e+00,3.489786459809351982e-09
1.601995930043646155e+00,3.488674904517097275e-09
1.602017642337030257e+00,3.487558464243534218e-09
1.602039351363246489e+00,3.486457567092315912e-09
1.602061057123277399e+00,3.485406629977205739e-09
1.602082759618105978e+00,3.484282196097865381e-09
1.602104458848714108e+00,3.483219934707904031e-09
1.602126154816083670e+00,3.482130583876141827e-09
1.602147847521196100e+00,3.481013033379554145e-09
1.602169536965032393e+00,3.479871057976424709e-09
1.602191223148572652e+00,3.478765497888502978e-09
1.602212906072797205e+00,3.477717003264046980e-09
1.602234585738685491e+00,3.476628984699914326e-09
1.602256262147216725e+00,3.475548515652349124e-09
1.602277935299369682e+00,3.474403209580145813e-09
1.602299605196122245e+00,3.473329623915333286e-09
1.602321271838452521e+00,3.472271803417470437e-09
1.602342935227337728e+00,3.471142040467611878e-09
1.602364595363754640e+00,3.470035370156665522e-09
1.602386252248680254e+00,3.469009968171121727e-09
1.602407905883090233e+00,3.467902409681755671e-09
1.602429556267960242e+00,3.466810616359339292e-09
1.602451203404265279e+00,3.465708164895886512e-09
1.602472847292980562e+00,3.464621700643988333e-09
1.602494487935079759e+00,3.463548559068385657e-09
1.602516125331537200e+00,3.462444109203488551e-09
1.602537759483325885e+00,3.461328557108345194e-09
1.602559390391419036e+00,3.460289610401900973e-09
1.602581018056789208e+00,3.459201813882373244e-09
1.602602642480408734e+00,3.458095143571426888e-09
1.602624263663248616e+00,3.457008235230318860e-09
1.602645881606280520e+00,3.455977282129651940e-09
1.602667496310475448e+00,3.454894148546827637e-09
1.602689107776803290e+00,3.453851871171309540e-09
1.602710716006234160e+00,3.452722552310660831e-09
1.602732320999737281e+00,3.451644747798354729e-09
1.602753922758282101e+00,3.450613794697687808e-09
1.602775521282837179e+00,3.449481145167965224e-09
1.602797116574370628e+00,3.448438645747842202e-09
1.602818708633849898e+00,3.447339524953463297e-09
1.602840297462242436e+00,3.446215091074122938e-09
1.602861883060515469e+00,3.445199237006590920e-09
1.602883465429635113e+00,3.444112328665482892e-09
1.602905044570567483e+00,3.443004104042302060e-09
1.602926620484277809e+00,3.441936069492612660e-09
1.602948193171731983e+00,3.440856932712677008e-09
1.602969762633893680e+00,3.439839080243700664e-09
1.602991328871727905e+00,3.438769491381776788e-09
1.603012891886198554e+00,3.437750972778985670e-09
1.603034451678268635e+00,3.436655848787495415e-09
1.603056008248901154e+00,3.435606021895409867e-09
1.603077561599058898e+00,3.434463602403070581e-09
1.603099111729703985e+00,3.433379580641826578e-09
1.603120658641797869e+00,3.432301554084915551e-09
1.603142202336301780e+00,3.431279038679235782e-09
1.603163742814176729e+00,3.430247863533963937e-09
1.603185280076383057e+00,3.429143857758276681e-09
1.603206814123880886e+00,3.428060058041637603e-09
1.603228344957629226e+00,3.427038208769772609e-09
1.603249872578587532e+00,3.425983496896378711e-09
1.603271396987714814e+00,3.424927008666145412e-09
1.603292918185968530e+00,3.423866967722233312e-09
1.603314436174307245e+00,3.422774508266002158e-09
1.603335950953687528e+00,3.421697591932115756e-09
1.603357462525067278e+00,3.420679295373929563e-09
1.603378970889402177e+00,3.419602601084648086e-09
1.603400476047649015e+00,3.418520577724848408e-09
1.603421978000763248e+00,3.417488514401156863e-09
1.603443476749699892e+00,3.416424254609751188e-09
1.603464972295413515e+00,3.415361327085975063e-09
1.603486464638859577e+00,3.414317939487432341e-09
1.603507953780990869e+00,3.413279214825593044e-09
1.603529439722761518e+00,3.412248039680321199e-09
1.603550922465124762e+00,3.411200877323494751e-09
1.603572402009032727e+00,3.410143056825631902e-09
1.603593878355437985e+00,3.409068805027004601e-09
1.603615351505292663e+00,3.408015425421240252e-09
1.603636821459547779e+00,3.406916970760676122e-09
1.603658288219154571e+00,3.405893789221181578e-09
1.603679751785063390e+00,3.404841075749232004e-09
1.603701212158224365e+00,3.403807902202515834e-09
1.603722669339587181e+00,3.402761628024109086e-09
1.603744123330101523e+00,3.401729786745022466e-09
1.603765574130715743e+00,3.400688619592528994e-09
1.603787021742379082e+00,3.399643011547937022e-09
1.603808466166038560e+00,3.398582526514815072e-09
1.603829907402642307e+00,3.397540249139296975e-09
1.603851345453137123e+00,3.396525727339394507e-09
1.603872780318470248e+00,3.395471681599815383e-09
1.603894211999588038e+00,3.394410308388273734e-09
1.603915640497435957e+00,3.393364034209866986e-09
1.603937065812959695e+00,3.392343739250236467e-09
1.603958487947104716e+00,3.391246616857301888e-09
1.603979906900814933e+00,3.390189906582463664e-09
1.604001322675034702e+00,3.389135416753674690e-09
1.604022735270708377e+00,3.388149316663202626e-09
1.604044144688779205e+00,3.387166547241804437e-09
1.604065550930189765e+00,3.386114277859064714e-09
1.604086953995882636e+00,3.385033586766894587e-09
1.604108353886800398e+00,3.383999747086363641e-09
1.604129750603884297e+00,3.382949920194278093e-09
1.604151144148075581e+00,3.381941837687918451e-09
1.604172534520315940e+00,3.380886459680709777e-09
1.604193921721544625e+00,3.379872826059227009e-09
1.604215305752702658e+00,3.378825219613190711e-09
1.604236686614728846e+00,3.377855328778878174e-09
1.604258064308563103e+00,3.376782853337090273e-09
1.604279438835143790e+00,3.375741464139991876e-09
1.604300810195409488e+00,3.374702517433547655e-09
1.604322178390297893e+00,3.373691548347323987e-09
1.604343543420746920e+00,3.372671031343088544e-09
1.604364905287693155e+00,3.371634971216508347e-09
1.604386263992073625e+00,3.370610457409384253e-09
1.604407619534824692e+00,3.369564183230977505e-09
1.604428971916882052e+00,3.368583412211023642e-09
1.604450321139181179e+00,3.367553125244171497e-09
1.604471667202656882e+00,3.366507739244184449e-09
1.604493010108244411e+00,3.365393075327460792e-09
1.604514349856877242e+00,3.364416523155000505e-09
1.604535686449489740e+00,3.363415768120603389e-09
1.604557019887014935e+00,3.362426559405662374e-09
1.604578350170385637e+00,3.361340317198369121e-09
1.604599677300535099e+00,3.360340894431601555e-09
1.604621001278394798e+00,3.359254874268913227e-09
1.604642322104896657e+00,3.358307631984303043e-09
1.604663639780971929e+00,3.357280231597314923e-09
1.604684954307551648e+00,3.356266820020437081e-09
1.604706265685565958e+00,3.355231426027671660e-09
1.604727573915945449e+00,3.354223565565916942e-09
1.604748878999619599e+00,3.353214816925742525e-09
1.604770180937517221e+00,3.352200961259654832e-09
1.604791479730567794e+00,3.351124044925768430e-09
1.604812775379699241e+00,3.350144384128839192e-09
1.604834067885839710e+00,3.349143629094442076e-09
1.604855357249917125e+00,3.348126442759280508e-09
1.604876643472858078e+00,3.347065291592343783e-09
1.604897926555590049e+00,3.346098953471710047e-09
1.604919206499038964e+00,3.345089316653115930e-09
1.604940483304130749e+00,3.344058141507844084e-09
1.604961756971791331e+00,3.343040511083472666e-09
1.604983027502945081e+00,3.342009557982805745e-09
1.605004294898517481e+00,3.341018794955630256e-09
1.605025559159432902e+00,3.339956311521063981e-09
1.605046820286614828e+00,3.338939125185902412e-09
1.605068078280986743e+00,3.337943255132813647e-09
1.605089333143471908e+00,3.336975362699945435e-09
1.605110584874993140e+00,3.335980602869881295e-09
1.605131833476472591e+00,3.334989617798100880e-09
1.605153078948832190e+00,3.333976206221223038e-09
1.605174321292993200e+00,3.332936371336359116e-09
1.605195560509876884e+00,3.331956932584034803e-09
1.605216796600403839e+00,3.330894671194073453e-09
1.605238029565494440e+00,3.329894360248886187e-09
1.605259259406068395e+00,3.328861186702170016e-09
1.605280486123044970e+00,3.327904396499548056e-09
1.605301709717343650e+00,3.326920516855125243e-09
1.605322930189882591e+00,3.325915098884024701e-09
1.605344147541580391e+00,3.324937880577749638e-09
1.605365361773354538e+00,3.323861408333073086e-09
1.605386572886122520e+00,3.322866426458404021e-09
1.605407780880801383e+00,3.321900976516189985e-09
1.605428985758307947e+00,3.320919095273211497e-09
1.605450187519558147e+00,3.319908126186987829e-09
1.605471386165467917e+00,3.318905372751146388e-09
1.605492581696952303e+00,3.317922159240538349e-09
1.605513774114926795e+00,3.316893204541315754e-09
1.605534963420305550e+00,3.315898222666646689e-09
1.605556149614002948e+00,3.314894136963175697e-09
1.605577332696933146e+00,3.313925134307282860e-09
1.605598512670008526e+00,3.312907059793701592e-09
1.605619689534143246e+00,3.311880547585133172e-09
1.605640863290248799e+00,3.310916429910548686e-09
1.605662033939237787e+00,3.309946539076236149e-09
1.605683201482022371e+00,3.308980200955602413e-09
1.605704365919513599e+00,3.307983442724093948e-09
1.605725527252622076e+00,3.307040419286977340e-09
1.605746685482258851e+00,3.305995699420805067e-09
1.605767840609334085e+00,3.304980067397877974e-09
1.605788992634757273e+00,3.303924245301459450e-09
1.605810141559437687e+00,3.302941919969271112e-09
1.605831287384284822e+00,3.301989570658747652e-09
1.605852430110206619e+00,3.301082962536838750e-09
1.605873569738111684e+00,3.300085094082305659e-09
1.605894706268907735e+00,3.299029049941282210e-09
1.605915839703501602e+00,3.298013195873750192e-09
1.605936970042801226e+00,3.297044859351672130e-09
1.605958097287712327e+00,3.296073858294334968e-09
1.605979221439141513e+00,3.295128614411169110e-09
1.606000342497994282e+00,3.294058137370825534e-09
1.606021460465176132e+00,3.293115335978313851e-09
1.606042575341592116e+00,3.292180084102369619e-09
1.606063687128146622e+00,3.291231731594734811e-09
1.606084795825744038e+00,3.290277161838162101e-09
1.606105901435288308e+00,3.289281291785073336e-09
1.606127003957682486e+00,3.288169514448213704e-09
1.606148103393829407e+00,3.287216499003875469e-09
1.606169199744632126e+00,3.286261485158092910e-09
1.606190293010992365e+00,3.285304250866261100e-09
1.606211383193812514e+00,3.284359229027700167e-09
1.606232470293993631e+00,3.283323835034934746e-09
1.606253554312436549e+00,3.282359717360350260e-09
1.606274635250042548e+00,3.281353189166225093e-09
1.606295713107711132e+00,3.280441696063007839e-09
1.606316787886342468e+00,3.279376548093182464e-09
1.606337859586835837e+00,3.278464832945360286e-09
1.606358928210090298e+00,3.277469629026086295e-09
1.606379993757004687e+00,3.276566573617856193e-09
1.606401056228477175e+00,3.275585136464087554e-09
1.606422115625405711e+00,3.274630122618304995e-09
1.606443171948687354e+00,3.273610493792489251e-09
1.606464225199219609e+00,3.272611071025721685e-09
1.606485275377899313e+00,3.271650284020211075e-09
1.606506322485622196e+00,3.270673731847750787e-09
1.606527366523284428e+00,3.269708725994746601e-09
1.606548407491781294e+00,3.268770143449728494e-09
1.606569445392008522e+00,3.267752513025357075e-09
1.606590480224860062e+00,3.266789949663007064e-09
1.606611511991230978e+00,3.265843595556816581e-09
1.606632540692014777e+00,3.264880810149861645e-09
1.606653566328104965e+00,3.263945780318522338e-09
1.606674588900394607e+00,3.262945247328730147e-09
1.606695608409776987e+00,3.261975800583627461e-09
1.606716624857144282e+00,3.261019454470215351e-09
1.606737638243388000e+00,3.260030467799879261e-09
1.606758648569400316e+00,3.259098102503799055e-09
1.606779655836072296e+00,3.258119107840684592e-09
1.606800660044294560e+00,3.257140557266779979e-09
1.606821661194957729e+00,3.256172886878516692e-09
1.606842659288951758e+00,3.255214542363660257e-09
1.606863654327166380e+00,3.254273739372592900e-09
1.606884646310490883e+00,3.253311842144057664e-09
1.606905635239813668e+00,3.252345281978819003e-09
1.606926621116024245e+00,3.251380498170419742e-09
1.606947603940009683e+00,3.250426372503056882e-09
1.606968583712658161e+00,3.249424729290240066e-09
1.606989560434857189e+00,3.248531665889231590e-09
1.607010534107493172e+00,3.247562441188733828e-09
1.607031504731452953e+00,3.246597657380334567e-09
1.607052472307622937e+00,3.245643087623761858e-09
1.607073436836888636e+00,3.244659430023943969e-09
1.607094398320135342e+00,3.243768809113589668e-09
1.607115356758248348e+00,3.242799584413091907e-09
1.607136312152111834e+00,3.241847235102568447e-09
1.607157264502610872e+00,3.240861357056701308e-09
1.607178213810628309e+00,3.239900125961980848e-09
1.607199160077048106e+00,3.238998624865985221e-09
1.607220103302753333e+00,3.238007639794204806e-09
1.607241043488626842e+00,3.237000001377055014e-09
1.607261980635550591e+00,3.236038770282334553e-09
1.607282914744406765e+00,3.235105960897044497e-09
1.607303845816077104e+00,3.234188916678704118e-09
1.607324773851442012e+00,3.233274759040227764e-09
1.607345698851383231e+00,3.232302647759865977e-09
1.607366620816780278e+00,3.231343193021984916e-09
1.607387539748513561e+00,3.230406608878411134e-09
1.607408455647463041e+00,3.229482459232713154e-09
1.607429368514507351e+00,3.228511014086166142e-09
1.607450278350525563e+00,3.227572431541148035e-09
1.607471185156396531e+00,3.226600764349996098e-09
1.607492088932997776e+00,3.225652411842361289e-09
1.607512989681207483e+00,3.224710054539059456e-09
1.607533887401902728e+00,3.223769473592597024e-09
1.607554782095960588e+00,3.222867972496601396e-09
1.607575673764257695e+00,3.221900080063733185e-09
1.607596562407670016e+00,3.220948840976234351e-09
1.607617448027073515e+00,3.220017585903178770e-09
1.607638330623343714e+00,3.219090993766826614e-09
1.607659210197355248e+00,3.218102895274910225e-09
1.607680086749983195e+00,3.217207833472457423e-09
1.607700960282101965e+00,3.216241717396428612e-09
1.607721830794585083e+00,3.215333554962285234e-09
1.607742698288306071e+00,3.214313260002654715e-09
1.607763562764138676e+00,3.213444399463583068e-09
1.607784424222955089e+00,3.212493160376084234e-09
1.607805282665627722e+00,3.211555243964880901e-09
1.607826138093028767e+00,3.210650856289021249e-09
1.607846990506030194e+00,3.209687848837461388e-09
1.607867839905502638e+00,3.208730614545629578e-09
1.607888686292317404e+00,3.207808907390585773e-09
1.607909529667345128e+00,3.206854559678617989e-09
1.607930370031455114e+00,3.205943732709215510e-09
1.607951207385518000e+00,3.205002485628938302e-09
1.607972041730403090e+00,3.204069454199043321e-09
1.607992873066978579e+00,3.203152187936098017e-09
1.608013701396114215e+00,3.202253351375361490e-09
1.608034526718677526e+00,3.201317877454812333e-09
1.608055349035536485e+00,3.200376408329930200e-09
1.608076168347558621e+00,3.199434939205048067e-09
1.608096984655611239e+00,3.198495690526215185e-09
1.608117797960560758e+00,3.197512699060212071e-09
1.608138608263274039e+00,3.196584996700835291e-09
1.608159415564616390e+00,3.195655740029224035e-09
1.608180219865454008e+00,3.194766007297289434e-09
1.608201021166651978e+00,3.193830977465950127e-09
1.608221819469075164e+00,3.192951014696632228e-09
1.608242614773587986e+00,3.192055286760364652e-09
1.608263407081054641e+00,3.191113373546272669e-09
1.608284196392338883e+00,3.190184338919266338e-09
1.608304982708304243e+00,3.189265296299481633e-09
1.608325766029813142e+00,3.188348918214956029e-09
1.608346546357728890e+00,3.187371477864076041e-09
1.608367323692913464e+00,3.186432895319057934e-09
1.608388098036228842e+00,3.185469887867498073e-09
1.608408869388536333e+00,3.184565722236243346e-09
1.608429637750697250e+00,3.183671548612210245e-09
1.608450403123572459e+00,3.182758723241363441e-09
1.608471165508022160e+00,3.181811036867543407e-09
1.608491924904906334e+00,3.180939067704002809e-09
1.608512681315084958e+00,3.180070429209536087e-09
1.608533434739416901e+00,3.179141616627134681e-09
1.608554185178761475e+00,3.178241447798768604e-09
1.608574932633976884e+00,3.177283325328517094e-09
1.608595677105921773e+00,3.176338081445351236e-09
1.608616418595453235e+00,3.175419260870171456e-09
1.608637157103429249e+00,3.174499774161176902e-09
1.608657892630706909e+00,3.173631579755920029e-09
1.608678625178142418e+00,3.172690776764852671e-09
1.608699354746592647e+00,3.171773954591117217e-09
1.608720081336913355e+00,3.170863793755529514e-09
1.608740804949960079e+00,3.169914108980265155e-09
1.608761525586587915e+00,3.169046136619613208e-09
1.608782243247651955e+00,3.168159956601357408e-09
1.608802957934006406e+00,3.167231810152770777e-09
1.608823669646505916e+00,3.166302109391949671e-09
1.608844378386003582e+00,3.165393724913201368e-09
1.608865084153353164e+00,3.164460027349491611e-09
1.608885786949407537e+00,3.163566741903878210e-09
1.608906486775019573e+00,3.162651696086982156e-09
1.608927183631041258e+00,3.161771733317664257e-09
1.608947877518324576e+00,3.160886885567038007e-09
1.608968568437721069e+00,3.160029793392027386e-09
1.608989256390082057e+00,3.159074557501639902e-09
1.609009941376258190e+00,3.158174388673273825e-09
1.609030623397099902e+00,3.157218042559861715e-09
1.609051302453457621e+00,3.156333638898445315e-09
1.609071978546180670e+00,3.155415706501685236e-09
1.609092651676118590e+00,3.154549510497872689e-09
1.609113321844120037e+00,3.153642236242149011e-09
1.609133989051033886e+00,3.152732075406561307e-09
1.609154653297708570e+00,3.151768623865791596e-09
1.609175314584991634e+00,3.150854910316525093e-09
1.609195972913731065e+00,3.149966509852220042e-09
1.609216628284773520e+00,3.149090321841185869e-09
1.609237280698965877e+00,3.148198368663202018e-09
1.609257930157155014e+00,3.147358818011980475e-09
1.609278576660186255e+00,3.146480409554897051e-09
1.609299220208906256e+00,3.145550708794075945e-09
1.609319860804159452e+00,3.144617233274971113e-09
1.609340498446791390e+00,3.143704407904124309e-09
1.609361133137646505e+00,3.142786475507364230e-09
1.609381764877569010e+00,3.141941817830229411e-09
1.609402393667402897e+00,3.141002347106791603e-09
1.609423019507991715e+00,3.140094406717253150e-09
1.609443642400178565e+00,3.139238646809872080e-09
1.609464262344806107e+00,3.138365567423306857e-09
1.609484879342717223e+00,3.137463400193496454e-09
1.609505493394753461e+00,3.136569892703278128e-09
1.609526104501756816e+00,3.135690374023170079e-09
1.609546712664568835e+00,3.134775994340088801e-09
1.609567317884030402e+00,3.133917125808238779e-09
1.609587920160981955e+00,3.132967663077579346e-09
1.609608519496263934e+00,3.132081483059323546e-09
1.609629115890716555e+00,3.131185088989241194e-09
1.609649709345178703e+00,3.130320669342268047e-09
1.609670299860490150e+00,3.129430048431913747e-09
1.609690887437489337e+00,3.128544978636682572e-09
1.609711472077015371e+00,3.127689662818511351e-09
1.609732053779905803e+00,3.126779724027528573e-09
1.609752632546998630e+00,3.125882219734421597e-09
1.609773208379130960e+00,3.124945413546242889e-09
1.609793781277140345e+00,3.124057901260357539e-09
1.609814351241863228e+00,3.123228342616357622e-09
1.609834918274135607e+00,3.122349045980854498e-09
1.609855482374794367e+00,3.121440661502106195e-09
1.609876043544674173e+00,3.120576685944342898e-09
1.609896601784611025e+00,3.119663194439681320e-09
1.609917157095439366e+00,3.118772129440117169e-09
1.609937709477993861e+00,3.117934133101130101e-09
1.609958258933108732e+00,3.117055724644046677e-09
1.609978805461617757e+00,3.116120916857312295e-09
1.609999349064354490e+00,3.115249169738376622e-09
1.610019889742152044e+00,3.114373425816552299e-09
1.610040427495843307e+00,3.113475699478840397e-09
1.610060962326260503e+00,3.112621049794483952e-09
1.610081494234235633e+00,3.111760404905794530e-09
1.610102023220600698e+00,3.110861124255848154e-09
1.610122549286186810e+00,3.109978941040481004e-09
1.610143072431824862e+00,3.109139168344654536e-09
1.610163592658345966e+00,3.108239221560893384e-09
1.610184109966580124e+00,3.107328616636095830e-09
1.610204624357356895e+00,3.106432444610618404e-09
1.610225135831506282e+00,3.105583790130594934e-09
1.610245644389857622e+00,3.104712931190078962e-09
1.610266150033239585e+00,3.103836965223649713e-09
1.610286652762480841e+00,3.102992751635724744e-09
1.610307152578408951e+00,3.102108125929703419e-09
1.610327649481852585e+00,3.101194190335831991e-09
1.610348143473638860e+00,3.100326884108994818e-09
1.610368634554594447e+00,3.099423162566949941e-09
1.610389122725546907e+00,3.098587608718617048e-09
1.610409607987321801e+00,3.097734513346495078e-09
1.610430090340746023e+00,3.096883194331212508e-09
1.610450569786644248e+00,3.096005007918734009e-09
1.610471046325842925e+00,3.095072198533443952e-09
1.610491519959166284e+00,3.094233980149851959e-09
1.610511990687438999e+00,3.093384215446803864e-09
1.610532458511485965e+00,3.092476497101870336e-09
1.610552923432130745e+00,3.091621181283699116e-09
1.610573385450196682e+00,3.090776079517354447e-09
1.610593844566507560e+00,3.089891009722123272e-09
1.610614300781885611e+00,3.089041911152889952e-09
1.610634754097153953e+00,3.088199473921804383e-09
1.610655204513134153e+00,3.087303079851722032e-09
1.610675652030648664e+00,3.086413791208997282e-09
1.610696096650518827e+00,3.085559585613850686e-09
1.610716538373565765e+00,3.084664967900607735e-09
1.610736977200610376e+00,3.083790112157203112e-09
1.610757413132472671e+00,3.082959221245573644e-09
1.610777846169972882e+00,3.082073041227317844e-09
1.610798276313931021e+00,3.081266797266835056e-09
1.610818703565166654e+00,3.080409705091824435e-09
1.610839127924498015e+00,3.079520860538309535e-09
1.610859549392744672e+00,3.078620469665338533e-09
1.610879967970724636e+00,3.077768484516241188e-09
1.610900383659255919e+00,3.076912280519650267e-09
1.610920796459156090e+00,3.076087162767748850e-09
1.610941206371242496e+00,3.075238730332330306e-09
1.610961613396332037e+00,3.074405174885441738e-09
1.610982017535241839e+00,3.073504784012470736e-09
1.611002418788787471e+00,3.072624377153942987e-09
1.611022817157785392e+00,3.071715992675194684e-09
1.611043212643050948e+00,3.070933507487438874e-09
1.611063605245399266e+00,3.070075971223218403e-09
1.611083994965645472e+00,3.069239751241070735e-09
1.611104381804603802e+00,3.068356457802678960e-09
1.611124765763088940e+00,3.067465836892324660e-09
1.611145146841914455e+00,3.066610965163363289e-09
1.611165525041893476e+00,3.065772746779771296e-09
1.611185900363840018e+00,3.064920761630673951e-09
1.611206272808566098e+00,3.064088982540624784e-09
1.611226642376884621e+00,3.063289399918289746e-09
1.611247009069607605e+00,3.062403886033848721e-09
1.611267372887546845e+00,3.061545461591208550e-09
1.611287733831513913e+00,3.060670161758594077e-09
1.611308091902319717e+00,3.059788200587831852e-09
1.611328447100775385e+00,3.058952202650289109e-09
1.611348799427690714e+00,3.058132191924300969e-09
1.611369148883875946e+00,3.057273323392450948e-09
1.611389495470141320e+00,3.056404906942589150e-09
1.611409839187295745e+00,3.055586672573440410e-09
1.611430180036148352e+00,3.054717145900553987e-09
1.611450518017508049e+00,3.053848951495297115e-09
1.611470853132182413e+00,3.052997854524619470e-09
1.611491185380980795e+00,3.052168073836014628e-09
1.611511514764709663e+00,3.051353170135939763e-09
1.611531841284177036e+00,3.050517838332211795e-09
1.611552164940189824e+00,3.049691832401890679e-09
1.611572485733554272e+00,3.048801433536141303e-09
1.611592803665077067e+00,3.047941232736661732e-09
1.611613118735564232e+00,3.047103458442279589e-09
1.611633430945821344e+00,3.046289220876019499e-09
1.611653740296653314e+00,3.045404817214603099e-09
1.611674046788865500e+00,3.044541063701444727e-09
1.611694350423262589e+00,3.043678864500520831e-09
1.611714651200648163e+00,3.042802232400276807e-09
1.611734949121827132e+00,3.041989771190856118e-09
1.611755244187602409e+00,3.041150220539634574e-09
1.611775536398777575e+00,3.040379281671334866e-09
1.611795825756155098e+00,3.039529961057496621e-09
1.611816112260538336e+00,3.038637563790302920e-09
1.611836395912728870e+00,3.037798013139081377e-09
1.611856676713528724e+00,3.036988660554129638e-09
1.611876954663739481e+00,3.036181750459832074e-09
1.611897229764162276e+00,3.035364626313707959e-09
1.611917502015598247e+00,3.034448248229182354e-09
1.611937771418847865e+00,3.033590489920356958e-09
1.611958037974711377e+00,3.032742279529543339e-09
1.611978301683988590e+00,3.031967787947564830e-09
1.611998562547478864e+00,3.031146666998552064e-09
1.612018820565981336e+00,3.030335982145970775e-09
1.612039075740295369e+00,3.029511530527884133e-09
1.612059328071219433e+00,3.028579609321013777e-09
1.612079577559551113e+00,3.027730510751780457e-09
1.612099824206088661e+00,3.026905392999879041e-09
1.612120068011629881e+00,3.026062511679583622e-09
1.612140308976971248e+00,3.025258710209755009e-09
1.612160547102910124e+00,3.024414052532620190e-09
1.612180782390243206e+00,3.023608918795162026e-09
1.612201014839766078e+00,3.022768479965520783e-09
1.612221244452274771e+00,3.021928707269694314e-09
1.612241471228565093e+00,3.021145111858913879e-09
1.612261695169432185e+00,3.020317995705568137e-09
1.612281916275670079e+00,3.019451133567940815e-09
1.612302134548074584e+00,3.018643779384433401e-09
1.612322349987438841e+00,3.017774252711546978e-09
1.612342562594557327e+00,3.016895178120648779e-09
1.612362772370222963e+00,3.016129790367472197e-09
1.612382979315229337e+00,3.015317773247261357e-09
1.612403183430368925e+00,3.014471783302496988e-09
1.612423384716434649e+00,3.013651772576508847e-09
1.612443583174218542e+00,3.012794236312288376e-09
1.612463778804512415e+00,3.012007310232434065e-09
1.612483971608107636e+00,3.011179972034483399e-09
1.612504161585795570e+00,3.010361515620729733e-09
1.612524348738366919e+00,3.009535065601198767e-09
1.612544533066612384e+00,3.008705062867989000e-09
1.612564714571321556e+00,3.007819993072757825e-09
1.612584893253285356e+00,3.007003979149658335e-09
1.612605069113292267e+00,3.006176418907102743e-09
1.612625242152132099e+00,3.005382609444495756e-09
1.612645412370593112e+00,3.004549276042212114e-09
1.612665579769464674e+00,3.003759241337888852e-09
1.612685744349534156e+00,3.002918802508247609e-09
1.612705906111589815e+00,3.002092352488716642e-09
1.612726065056419023e+00,3.001265680424580751e-09
1.612746221184809370e+00,3.000481418879985540e-09
1.612766374497547117e+00,2.999660075886367849e-09
1.612786524995419413e+00,2.998866044379155937e-09
1.612806672679211850e+00,2.998029380307798419e-09
1.612826817549710690e+00,2.997214032518513704e-09
1.612846959607701525e+00,2.996333403615381030e-09
1.612867098853969505e+00,2.995521164450565266e-09
1.612887235289299559e+00,2.994760883723301959e-09
1.612907368914475725e+00,2.993903125414476563e-09
1.612927499730283154e+00,2.993142844687213255e-09
1.612947627737505218e+00,2.992356584741173720e-09
1.612967752936925514e+00,2.991540348773469304e-09
1.612987875329327414e+00,2.990690139981211360e-09
1.613007994915493626e+00,2.989856362489717867e-09
1.613028111696206857e+00,2.989066993919209381e-09
1.613048225672249814e+00,2.988266301073849718e-09
1.613068336844403650e+00,2.987400327114642096e-09
1.613088445213450628e+00,2.986592750886529757e-09
1.613108550780171679e+00,2.985771629937516991e-09
1.613128653545347735e+00,2.985004465827501008e-09
1.613148753509759725e+00,2.984155367258267688e-09
1.613168850674187915e+00,2.983373992293536503e-09
1.613188945039412125e+00,2.982574853760411315e-09
1.613209036606211955e+00,2.981707325488969218e-09
1.613229125375366779e+00,2.980900859483881504e-09
1.613249211347655976e+00,2.980109048422718843e-09
1.613269294523857589e+00,2.979297475391717853e-09
1.613289374904750550e+00,2.978498558903197591e-09
1.613309452491112461e+00,2.977686097693776901e-09
1.613329527283721143e+00,2.976937363285969695e-09
1.613349599283354419e+00,2.976114243935512604e-09
1.613369668490788555e+00,2.975281798711648662e-09
1.613389734906800932e+00,2.974440027614377868e-09
1.613409798532167594e+00,2.973698620678533189e-09
1.613429859367664809e+00,2.972865731365459396e-09
1.613449917414068624e+00,2.972059043315766758e-09
1.613469972672153752e+00,2.971277002217220797e-09
1.613490025142695794e+00,2.970419021863790476e-09
1.613510074826469465e+00,2.969580581435593558e-09
1.613530121724249256e+00,2.968812973236367725e-09
1.613550165836808992e+00,2.968032930539266090e-09
1.613570207164923165e+00,2.967234680184560602e-09
1.613590245709364490e+00,2.966422663064349763e-09
1.613610281470907015e+00,2.965618861594521150e-09
1.613630314450322789e+00,2.964831047336247138e-09
1.613650344648384749e+00,2.964055445531244004e-09
1.613670372065865166e+00,2.963203682426751584e-09
1.613690396703535423e+00,2.962410761142564297e-09
1.613710418562167792e+00,2.961574097071206779e-09
1.613730437642532989e+00,2.960849121436126552e-09
1.613750453945402397e+00,2.960072187363493867e-09
1.613770467471546066e+00,2.959231970578457549e-09
1.613790478221734936e+00,2.958422173904295960e-09
1.613810486196738170e+00,2.957672551318069054e-09
1.613830491397326261e+00,2.956882960702955643e-09
1.613850493824268151e+00,2.956061839753942877e-09
1.613870493478332779e+00,2.955246936053868012e-09
1.613890490360288643e+00,2.954411160160930194e-09
1.613910484470904461e+00,2.953642663783284661e-09
1.613930475810948284e+00,2.952889932572588805e-09
1.613950464381187500e+00,2.952096345154586743e-09
1.613970450182389937e+00,2.951246136362328798e-09
1.613990433215322540e+00,2.950429012216204683e-09
1.614010413480751804e+00,2.949686495057335378e-09
1.614030390979444229e+00,2.948931765445195197e-09
1.614050365712166535e+00,2.948145727543760586e-09
1.614070337679683886e+00,2.947369681649547601e-09
1.614090306882762116e+00,2.946520583080314282e-09
1.614110273322166389e+00,2.945742982873866822e-09
1.614130236998661427e+00,2.944921417835644206e-09
1.614150197913011731e+00,2.944143373539986897e-09
1.614170156065981798e+00,2.943350674300404535e-09
1.614190111458335020e+00,2.942556198703982773e-09
1.614210064090835672e+00,2.941779042586745163e-09
1.614230013964246702e+00,2.941014543011988280e-09
1.614249961079330831e+00,2.940205412471641466e-09
1.614269905436850783e+00,2.939409382562985229e-09
1.614289847037569503e+00,2.938617349457217642e-09
1.614309785882248161e+00,2.937808885050685603e-09
1.614329721971649034e+00,2.937103449340838779e-09
1.614349655306533293e+00,2.936322074376107594e-09
1.614369585887661662e+00,2.935529153091920307e-09
1.614389513715795532e+00,2.934697818091080990e-09
1.614409438791694962e+00,2.933908227475967578e-09
1.614429361116120010e+00,2.933130627269520119e-09
1.614449280689830735e+00,2.932353471152282509e-09
1.614469197513586529e+00,2.931611398082623055e-09
1.614489111588146564e+00,2.930781173304808362e-09
1.614509022914269565e+00,2.929968490050782748e-09
1.614528931492714037e+00,2.929151587949263558e-09
1.614548837324238484e+00,2.928409958968813953e-09
1.614568740409600967e+00,2.927652786866019596e-09
1.614588640749558435e+00,2.926845876771722033e-09
1.614608538344868727e+00,2.926048514595436245e-09
1.614628433196288571e+00,2.925316655577603342e-09
1.614648325304574472e+00,2.924512410018564879e-09
1.614668214670483382e+00,2.923747466354598146e-09
1.614688101294770917e+00,2.922968533880521136e-09
1.614707985178192695e+00,2.922175834640938774e-09
1.614727866321504557e+00,2.921388686516479538e-09
1.614747744725461231e+00,2.920653274784967834e-09
1.614767620390817449e+00,2.919890995656260202e-09
1.614787493318327938e+00,2.919112063182183192e-09
1.614807363508746985e+00,2.918335129109550508e-09
1.614827230962828208e+00,2.917530439461302194e-09
1.614847095681325007e+00,2.916697106059018552e-09
1.614866957664990776e+00,2.915952812543309847e-09
1.614886816914578471e+00,2.915198971109589365e-09
1.614906673430840600e+00,2.914443131274424559e-09
1.614926527214529672e+00,2.913643770696694446e-09
1.614946378266397531e+00,2.912879493166542488e-09
1.614966226587195797e+00,2.912091234819058627e-09
1.614986072177676091e+00,2.911324736842857419e-09
1.615005915038588924e+00,2.910607532768949568e-09
1.615025755170685695e+00,2.909816609886206606e-09
1.615045592574716693e+00,2.909009699791909043e-09
1.615065427251431540e+00,2.908209451035759230e-09
1.615085259201580525e+00,2.907419638376040893e-09
1.615105088425913049e+00,2.906679341663220839e-09
1.615124914925178290e+00,2.905930163166203783e-09
1.615144738700125426e+00,2.905122364893486520e-09
1.615164559751502527e+00,2.904367857325951263e-09
1.615184378080058103e+00,2.903635554218908510e-09
1.615204193686540224e+00,2.902875717580855053e-09
1.615224006571696291e+00,2.902068363397347639e-09
1.615243816736274152e+00,2.901271889399481552e-09
1.615263624181020097e+00,2.900541806738488049e-09
1.615283428906681751e+00,2.899789297572397118e-09
1.615303230914004740e+00,2.899042783610639162e-09
1.615323030203735799e+00,2.898271622697734529e-09
1.615342826776620111e+00,2.897509565613631821e-09
1.615362620633403745e+00,2.896739070834541963e-09
1.615382411774831439e+00,2.895913286948825771e-09
1.615402200201648597e+00,2.895180095663363318e-09
1.615421985914599512e+00,2.894402051367706008e-09
1.615441768914428478e+00,2.893638217926763900e-09
1.615461549201879343e+00,2.892870165638328217e-09
1.615481326777695958e+00,2.892157624501123792e-09
1.615501101642621729e+00,2.891362260726282329e-09
1.615520873797399615e+00,2.890594652527056496e-09
1.615540643242772356e+00,2.889820382989682912e-09
1.615560409979482248e+00,2.889063432931493480e-09
1.615580174008271586e+00,2.888280281609922895e-09
1.615599935329882442e+00,2.887527106310017189e-09
1.615619693945056001e+00,2.886779260080629683e-09
1.615639449854533671e+00,2.886040517680044104e-09
1.615659203059056415e+00,2.885288896692372873e-09
1.615678953559364528e+00,2.884523286894591365e-09
1.615698701356198530e+00,2.883773442263759534e-09
1.615718446450298718e+00,2.882986960273115074e-09
1.615738188842404277e+00,2.882246441515690094e-09
1.615757928533254839e+00,2.881454408409922507e-09
1.615777665523589812e+00,2.880714111697102453e-09
1.615797399814147273e+00,2.879951610523789896e-09
1.615817131405666185e+00,2.879191329796526588e-09
1.615836860298884847e+00,2.878441707210299683e-09
1.615856586494540892e+00,2.877696525516171278e-09
1.615876309993372173e+00,2.876941573859426171e-09
1.615896030796115657e+00,2.876207050306334168e-09
1.615915748903508531e+00,2.875454319095638311e-09
1.615935464316287096e+00,2.874677162978400702e-09
1.615955177035188317e+00,2.873950633031085999e-09
1.615974887060948051e+00,2.873141280446134260e-09
1.615994594394301709e+00,2.872378557228216778e-09
1.616014299035985147e+00,2.871604953824657969e-09
1.616034000986733554e+00,2.870904625140724420e-09
1.616053700247281455e+00,2.870127246978881885e-09
1.616073396818363817e+00,2.869383397552383030e-09
1.616093090700714718e+00,2.868630222252477324e-09
1.616112781895068018e+00,2.867910353643310373e-09
1.616132470402157573e+00,2.867162951503132717e-09
1.616152156222716352e+00,2.866407333712572836e-09
1.616171839357477991e+00,2.865636838933482977e-09
1.616191519807175236e+00,2.864888104525675772e-09
1.616211197572539948e+00,2.864138259894843941e-09
1.616230872654304651e+00,2.863378201212185559e-09
1.616250545053201426e+00,2.862610593012959725e-09
1.616270214769961466e+00,2.861858527936078644e-09
1.616289881805316409e+00,2.861118453267863515e-09
1.616309546159996779e+00,2.860397474435671938e-09
1.616329207834733328e+00,2.859713577052502842e-09
1.616348866830256581e+00,2.858941083871968658e-09
1.616368523147297065e+00,2.858217884593727831e-09
1.616388176786583530e+00,2.857435399405972021e-09
1.616407827748846504e+00,2.856652914218216210e-09
1.616427476034814292e+00,2.855904623899618855e-09
1.616447121645216090e+00,2.855138347968022572e-09
1.616466764580780424e+00,2.854445346756051549e-09
1.616486404842236269e+00,2.853708824801515220e-09
1.616506042430310375e+00,2.852925451435339710e-09
1.616525677345731493e+00,2.852153846433225226e-09
1.616545309589226598e+00,2.851431091244194249e-09
1.616564939161522441e+00,2.850721214642248924e-09
1.616584566063346440e+00,2.849971370011417093e-09
1.616604190295424681e+00,2.849250391179225517e-09
1.616623811858483695e+00,2.848514313313899038e-09
1.616643430753249122e+00,2.847744928757833804e-09
1.616663046980446383e+00,2.847016622453679702e-09
1.616682660540801342e+00,2.846321178751054504e-09
1.616702271435038529e+00,2.845586877242567425e-09
1.616721879663883144e+00,2.844821933578600692e-09
1.616741485228059272e+00,2.844045221550572933e-09
1.616761088128291224e+00,2.843339119706911333e-09
1.616780688365302421e+00,2.842609925224337530e-09
1.616800285939816950e+00,2.841842761114321547e-09
1.616819880852557789e+00,2.841110458007278794e-09
1.616839473104247915e+00,2.840393920067185718e-09
1.616859062695610305e+00,2.839690038669573369e-09
1.616878649627366604e+00,2.838940638127951388e-09
1.616898233900239568e+00,2.838184798292786581e-09
1.616917815514950618e+00,2.837408086264758822e-09
1.616937394472221401e+00,2.836714196874368099e-09
1.616956970772772895e+00,2.836017864993323201e-09
1.616976544417326300e+00,2.835255141775405718e-09
1.616996115406601930e+00,2.834528167738881166e-09
1.617015683741320542e+00,2.833765000431753833e-09
1.617035249422201559e+00,2.833039358662858831e-09
1.617054812449965295e+00,2.832318823919877104e-09
1.617074372825330508e+00,2.831528789215553843e-09
1.617093930549016623e+00,2.830850220902902947e-09
1.617113485621742841e+00,2.830137013631883747e-09
1.617133038044227478e+00,2.829404932569445918e-09
1.617152587817188625e+00,2.828679068755945991e-09
1.617172134941344375e+00,2.827959422191383965e-09
1.617191679417412375e+00,2.827206690980688109e-09
1.617211221246110275e+00,2.826473277650620730e-09
1.617230760428154612e+00,2.825766065583934505e-09
1.617250296964262812e+00,2.824990907868141221e-09
1.617269830855150969e+00,2.824257938627283693e-09
1.617289362101535399e+00,2.823591360723298749e-09
1.617308890704132196e+00,2.822833300442084692e-09
1.617328416663656787e+00,2.822112099565288190e-09
1.617347939980824822e+00,2.821394451402170489e-09
1.617367460656350842e+00,2.820674138703793687e-09
1.617386978690949828e+00,2.819938282883072134e-09
1.617406494085336544e+00,2.819217304050880557e-09
1.617426006840225083e+00,2.818478117561085128e-09
1.617445516956328877e+00,2.817790889508842156e-09
1.617465024434362242e+00,2.817027278112504973e-09
1.617484529275038163e+00,2.816299415897560721e-09
1.617504031479069404e+00,2.815573552084060793e-09
1.617523531047169172e+00,2.814849686672005191e-09
1.617543027980049564e+00,2.814120048100221538e-09
1.617562522278423121e+00,2.813381083655031034e-09
1.617582013943001495e+00,2.812676758168208835e-09
1.617601502974495897e+00,2.811971988592176785e-09
1.617620989373618423e+00,2.811256338830503410e-09
1.617640473141079172e+00,2.810552901522100910e-09
1.617659954277589796e+00,2.809842358786340810e-09
1.617679432783860172e+00,2.809134702630444735e-09
1.617698908660600621e+00,2.808401733389587207e-09
1.617718381908520575e+00,2.807643895152978075e-09
1.617737852528330356e+00,2.806937127175501701e-09
1.617757320520738729e+00,2.806223919904482500e-09
1.617776785886454904e+00,2.805512711034907625e-09
1.617796248626187205e+00,2.804779741794050096e-09
1.617815708740644620e+00,2.804107612774942027e-09
1.617835166230535027e+00,2.803414167473761154e-09
1.617854621096566081e+00,2.802679199831459300e-09
1.617874073339445884e+00,2.801930465423652095e-09
1.617893522959880981e+00,2.801221032910916620e-09
1.617912969958579028e+00,2.800478071662837465e-09
1.617932414336246350e+00,2.799791509744409268e-09
1.617951856093589713e+00,2.799058984592761590e-09
1.617971295231314555e+00,2.798345333232532539e-09
1.617990731750127420e+00,2.797631681872303488e-09
1.618010165650733745e+00,2.796916698244444888e-09
1.618029596933838743e+00,2.796228804058387141e-09
1.618049025600146962e+00,2.795525588794589567e-09
1.618068451650363837e+00,2.794802167471743815e-09
1.618087875085193472e+00,2.794087627933095064e-09
1.618107295905339749e+00,2.793361542074990211e-09
1.618126714111506992e+00,2.792623687852824332e-09
1.618146129704398417e+00,2.791888498165917554e-09
1.618165542684717462e+00,2.791188613571193855e-09
1.618184953053167341e+00,2.790483621950556881e-09
1.618204360810450382e+00,2.789795727764499134e-09
1.618223765957269134e+00,2.789106723355416761e-09
1.618243168494326145e+00,2.788368425044041032e-09
1.618262568422322412e+00,2.787666097958663158e-09
1.618281965741960482e+00,2.786954667044483358e-09
1.618301360453941129e+00,2.786248565200821758e-09
1.618320752558965125e+00,2.785533803617568083e-09
1.618340142057734132e+00,2.784858565973991062e-09
1.618359528950947590e+00,2.784167341118859440e-09
1.618378913239306494e+00,2.783424157826175360e-09
1.618398294923510061e+00,2.782698738101885283e-09
1.618417674004258400e+00,2.781975760868249381e-09
1.618437050482250505e+00,2.781328278800287990e-09
1.618456424358185597e+00,2.780598196139294487e-09
1.618475795632762226e+00,2.779895869053916613e-09
1.618495164306679390e+00,2.779222185722574068e-09
1.618514530380634531e+00,2.778504093470246517e-09
1.618533893855326200e+00,2.777774010809253014e-09
1.618553254731451840e+00,2.777080787552677066e-09
1.618572613009708894e+00,2.776327168163561510e-09
1.618591968690794136e+00,2.775633056728565862e-09
1.618611321775404788e+00,2.774966478824580918e-09
1.618630672264236958e+00,2.774238172520426815e-09
1.618650020157986980e+00,2.773592466809304824e-09
1.618669365457351184e+00,2.772902352177197827e-09
1.618688708163024792e+00,2.772189588995388476e-09
1.618708048275703471e+00,2.771461948825049149e-09
1.618727385796081997e+00,2.770735418877734446e-09
1.618746720724855592e+00,2.769996676477148867e-09
1.618766053062718591e+00,2.769306561845041870e-09
1.618785382810365325e+00,2.768611562231626522e-09
1.618804709968489908e+00,2.767907014700199397e-09
1.618824034537786005e+00,2.767245987911337579e-09
1.618843356518947063e+00,2.766546103316613880e-09
1.618862675912666083e+00,2.765834894447039005e-09
1.618881992719636065e+00,2.765132789406266056e-09
1.618901306940549567e+00,2.764461548565577687e-09
1.618920618576099146e+00,2.763774986647149490e-09
1.618939927626976694e+00,2.763073769784796241e-09
1.618959234093873656e+00,2.762381212662035068e-09
1.618978537977482146e+00,2.761665784944966617e-09
1.618997839278493167e+00,2.760987882766130497e-09
1.619017137997597056e+00,2.760291550885085599e-09
1.619036434135485703e+00,2.759578121569461473e-09
1.619055727692848334e+00,2.758898220989181027e-09
1.619075018670375510e+00,2.758222761300999082e-09
1.619094307068757121e+00,2.757529315999818209e-09
1.619113592888682618e+00,2.756802786052503507e-09
1.619132876130841447e+00,2.756091577182928631e-09
1.619152156795922393e+00,2.755423222922104287e-09
1.619171434884614236e+00,2.754733774423812065e-09
1.619190710397605759e+00,2.754015460126879589e-09
1.619209983335584413e+00,2.753302030811255463e-09
1.619229253699238980e+00,2.752593708521544613e-09
1.619248521489256243e+00,2.751893379837611064e-09
1.619267786706324097e+00,2.751193717287492291e-09
1.619287049351129548e+00,2.750475847079769665e-09
1.619306309424359158e+00,2.749895866571705483e-09
1.619325566926699933e+00,2.749188876549624183e-09
1.619344821858837324e+00,2.748469896118876932e-09
1.619364074221458116e+00,2.747804872527126463e-09
1.619383324015247316e+00,2.747091221166897412e-09
1.619402571240891042e+00,2.746415761478715467e-09
1.619421815899073858e+00,2.745751404020779773e-09
1.619441057990480992e+00,2.745065952325376202e-09
1.619460297515796787e+00,2.744411364830057209e-09
