# n, training_loss
0.000000000000000000e+00,4.881655275821685791e-01
1.000133351113481872e+01,2.420144230127334595e-01
2.000266702226963744e+01,1.924553513526916504e-01
3.000400053340445794e+01,1.593922525644302368e-01
4.000533404453927488e+01,1.496341675519943237e-01
5.000666755567409183e+01,1.427624225616455078e-01
6.000800106680891588e+01,1.376650184392929077e-01
7.000933457794373282e+01,1.336890310049057007e-01
8.001066808907854977e+01,1.302154362201690674e-01
9.001200160021336671e+01,1.269509196281433105e-01
1.000133351113481837e+02,1.238863989710807800e-01
1.100146686224830006e+02,1.211664974689483643e-01
1.200160021336178318e+02,1.186442077159881592e-01
1.300173356447526487e+02,1.162393763661384583e-01
1.400186691558874656e+02,1.139522194862365723e-01
1.500200026670222826e+02,1.117478236556053162e-01
1.600213361781570995e+02,1.096578836441040039e-01
1.700226696892919165e+02,1.076499223709106445e-01
1.800240032004267334e+02,1.057398393750190735e-01
1.900253367115615504e+02,1.039128303527832031e-01
2.000266702226963673e+02,1.021828502416610718e-01
2.100280037338311843e+02,1.005015596747398376e-01
2.200293372449660012e+02,9.890619665384292603e-02
2.300306707561008182e+02,9.737379848957061768e-02
2.400320042672356635e+02,9.589916467666625977e-02
2.500333377783704805e+02,9.449348598718643188e-02
2.600346712895052974e+02,9.312885999679565430e-02
2.700360048006401144e+02,9.182165563106536865e-02
2.800373383117749313e+02,9.056314826011657715e-02
2.900386718229097482e+02,8.933696150779724121e-02
3.000400053340445652e+02,8.812276273965835571e-02
3.100413388451793821e+02,8.694532513618469238e-02
3.200426723563141991e+02,8.579425513744354248e-02
3.300440058674490160e+02,8.465542644262313843e-02
3.400453393785838330e+02,8.353652805089950562e-02
3.500466728897186499e+02,8.244413137435913086e-02
3.600480064008534669e+02,8.137526363134384155e-02
3.700493399119882838e+02,8.032628148794174194e-02
3.800506734231231007e+02,7.929910719394683838e-02
3.900520069342579177e+02,7.829638570547103882e-02
4.000533404453927346e+02,7.731583714485168457e-02
4.100546739565275516e+02,7.635701447725296021e-02
4.200560074676623685e+02,7.541662454605102539e-02
4.300573409787971855e+02,7.449173927307128906e-02
4.400586744899320024e+02,7.358583062887191772e-02
4.500600080010668194e+02,7.270067185163497925e-02
4.600613415122016363e+02,7.183104753494262695e-02
4.700626750233364533e+02,7.097819447517395020e-02
4.800640085344713270e+02,7.013879716396331787e-02
4.900653420456061440e+02,6.931471079587936401e-02
5.000666755567409609e+02,6.850045174360275269e-02
5.100680090678757779e+02,6.770031899213790894e-02
5.200693425790105948e+02,6.691005825996398926e-02
5.300706760901454118e+02,6.612951308488845825e-02
5.400720096012802287e+02,6.535663455724716187e-02
5.500733431124150457e+02,6.459471583366394043e-02
5.600746766235498626e+02,6.384105235338211060e-02
5.700760101346846795e+02,6.309469044208526611e-02
5.800773436458194965e+02,6.235485523939132690e-02
5.900786771569543134e+02,6.162307038903236389e-02
6.000800106680891304e+02,6.089992448687553406e-02
6.100813441792239473e+02,6.018523871898651123e-02
6.200826776903587643e+02,5.947877839207649231e-02
6.300840112014935812e+02,5.878001451492309570e-02
6.400853447126283982e+02,5.809145420789718628e-02
6.500866782237632151e+02,5.741473287343978882e-02
6.600880117348980320e+02,5.674741044640541077e-02
6.700893452460328490e+02,5.608837306499481201e-02
6.800906787571676659e+02,5.543872714042663574e-02
6.900920122683024829e+02,5.479859560728073120e-02
7.000933457794372998e+02,5.416580662131309509e-02
7.100946792905721168e+02,5.354113131761550903e-02
7.200960128017069337e+02,5.292604863643646240e-02
7.300973463128417507e+02,5.231817439198493958e-02
7.400986798239765676e+02,5.171636119484901428e-02
7.501000133351113845e+02,5.112229287624359131e-02
7.601013468462462015e+02,5.053642392158508301e-02
7.701026803573810184e+02,4.995856806635856628e-02
7.801040138685158354e+02,4.938771948218345642e-02
7.901053473796506523e+02,4.882397502660751343e-02
8.001066808907854693e+02,4.826542362570762634e-02
8.101080144019202862e+02,4.771403223276138306e-02
8.201093479130551032e+02,4.717022553086280823e-02
8.301106814241899201e+02,4.663447663187980652e-02
8.401120149353247371e+02,4.610576480627059937e-02
8.501133484464595540e+02,4.558311775326728821e-02
8.601146819575943709e+02,4.506702721118927002e-02
8.701160154687291879e+02,4.455604404211044312e-02
8.801173489798640048e+02,4.405143857002258301e-02
8.901186824909988218e+02,4.355295002460479736e-02
9.001200160021336387e+02,4.306063428521156311e-02
9.101213495132684557e+02,4.257411509752273560e-02
9.201226830244032726e+02,4.209202155470848083e-02
9.301240165355380896e+02,4.161783307790756226e-02
9.401253500466729065e+02,4.115146026015281677e-02
9.501266835578077234e+02,4.069156199693679810e-02
9.601280170689426541e+02,4.023653641343116760e-02
9.701293505800774710e+02,3.978662565350532532e-02
9.801306840912122880e+02,3.934116289019584656e-02
9.901320176023471049e+02,3.890040516853332520e-02
1.000133351113481922e+03,3.846851736307144165e-02
1.010134684624616739e+03,3.804231435060501099e-02
1.020136018135751556e+03,3.762338683009147644e-02
1.030137351646886373e+03,3.721127286553382874e-02
1.040138685158021190e+03,3.680432587862014771e-02
1.050140018669156007e+03,3.640468418598175049e-02
1.060141352180290824e+03,3.601078316569328308e-02
1.070142685691425640e+03,3.562311455607414246e-02
1.080144019202560457e+03,3.524053096771240234e-02
1.090145352713695274e+03,3.486361727118492126e-02
1.100146686224830091e+03,3.449032455682754517e-02
1.110148019735964908e+03,3.412304446101188660e-02
1.120149353247099725e+03,3.375847637653350830e-02
1.130150686758234542e+03,3.339980915188789368e-02
1.140152020269369359e+03,3.304577991366386414e-02
1.150153353780504176e+03,3.269920125603675842e-02
1.160154687291638993e+03,3.235466778278350830e-02
1.170156020802773810e+03,3.201549127697944641e-02
1.180157354313908627e+03,3.168104588985443115e-02
1.190158687825043444e+03,3.134834021329879761e-02
1.200160021336178261e+03,3.101983480155467987e-02
1.210161354847313078e+03,3.069515526294708252e-02
1.220162688358447895e+03,3.037431649863719940e-02
1.230164021869582712e+03,3.005701862275600433e-02
1.240165355380717529e+03,2.974494174122810364e-02
1.250166688891852345e+03,2.943585067987442017e-02
1.260168022402987162e+03,2.913257293403148651e-02
1.270169355914121979e+03,2.882970497012138367e-02
1.280170689425256796e+03,2.853174693882465363e-02
1.290172022936391613e+03,2.823720313608646393e-02
1.300173356447526430e+03,2.794814109802246094e-02
1.310174689958661247e+03,2.766067348420619965e-02
1.320176023469796064e+03,2.737505361437797546e-02
1.330177356980930881e+03,2.709600143134593964e-02
1.340178690492065698e+03,2.681632898747920990e-02
1.350180024003200515e+03,2.654217369854450226e-02
1.360181357514335332e+03,2.626885287463665009e-02
1.370182691025470149e+03,2.600023709237575531e-02
1.380184024536604966e+03,2.573251910507678986e-02
1.390185358047739783e+03,2.546997554600238800e-02
1.400186691558874600e+03,2.520951256155967712e-02
1.410188025070009417e+03,2.495094761252403259e-02
1.420189358581144234e+03,2.469873055815696716e-02
1.430190692092279050e+03,2.444641478359699249e-02
1.440192025603413867e+03,2.419903129339218140e-02
1.450193359114548684e+03,2.395489066839218140e-02
1.460194692625683501e+03,2.371209301054477692e-02
1.470196026136818318e+03,2.347604557871818542e-02
1.480197359647953135e+03,2.323769405484199524e-02
1.490198693159087952e+03,2.300619520246982574e-02
1.500200026670222769e+03,2.277706190943717957e-02
1.510201360181357586e+03,2.254925481975078583e-02
1.520202693692492403e+03,2.232794091105461121e-02
1.530204027203627220e+03,2.210522443056106567e-02
1.540205360714762037e+03,2.188900485634803772e-02
1.550206694225896854e+03,2.167276665568351746e-02
1.560208027737031671e+03,2.146307192742824554e-02
1.570209361248166488e+03,2.125151269137859344e-02
1.580210694759301305e+03,2.104594744741916656e-02
1.590212028270436122e+03,2.084019407629966736e-02
1.600213361781570939e+03,2.063876762986183167e-02
1.610214695292705755e+03,2.043912000954151154e-02
1.620216028803840572e+03,2.024268172681331635e-02
1.630217362314975389e+03,2.004749327898025513e-02
1.640218695826110206e+03,1.985688880085945129e-02
1.650220029337245023e+03,1.966823078691959381e-02
1.660221362848379840e+03,1.947990432381629944e-02
1.670222696359514657e+03,1.929571107029914856e-02
1.680224029870649474e+03,1.911303400993347168e-02
1.690225363381784291e+03,1.893424242734909058e-02
1.700226696892919108e+03,1.875466294586658478e-02
1.710228030404053925e+03,1.858193799853324890e-02
1.720229363915188742e+03,1.840553618967533112e-02
1.730230697426323559e+03,1.823398284614086151e-02
1.740232030937458376e+03,1.806553266942501068e-02
1.750233364448593193e+03,1.789688318967819214e-02
1.760234697959728010e+03,1.773392222821712494e-02
1.770236031470862827e+03,1.756874658167362213e-02
1.780237364981997644e+03,1.740737631916999817e-02
1.790238698493132460e+03,1.724917814135551453e-02
1.800240032004267277e+03,1.709089055657386780e-02
1.810241365515402094e+03,1.693539507687091827e-02
1.820242699026536911e+03,1.678313314914703369e-02
1.830244032537671728e+03,1.663189567625522614e-02
1.840245366048806545e+03,1.648262143135070801e-02
1.850246699559941362e+03,1.633373089134693146e-02
1.860248033071076179e+03,1.618868671357631683e-02
1.870249366582210996e+03,1.604491099715232849e-02
1.880250700093345813e+03,1.590164750814437866e-02
1.890252033604480630e+03,1.576171256601810455e-02
1.900253367115615447e+03,1.562253106385469437e-02
1.910254700626750264e+03,1.548570860177278519e-02
1.920256034137885308e+03,1.534982305020093918e-02
1.930257367649020125e+03,1.521635055541992188e-02
1.940258701160154942e+03,1.508327294141054153e-02
1.950260034671289759e+03,1.495383586734533310e-02
1.960261368182424576e+03,1.482263766229152679e-02
1.970262701693559393e+03,1.469602901488542557e-02
1.980264035204694210e+03,1.456803362816572189e-02
1.990265368715829027e+03,1.444333791732788086e-02
2.000266702226963844e+03,1.431909110397100449e-02
2.010268035738098661e+03,1.419652253389358521e-02
2.020269369249233478e+03,1.407620497047901154e-02
2.030270702760368295e+03,1.395636983215808868e-02
2.040272036271503111e+03,1.383692864328622818e-02
2.050273369782637928e+03,1.372048910707235336e-02
2.060274703293772745e+03,1.360494084656238556e-02
2.070276036804907562e+03,1.348980981856584549e-02
2.080277370316042379e+03,1.337726134806871414e-02
2.090278703827177196e+03,1.326470915228128433e-02
2.100280037338312013e+03,1.315439399331808090e-02
2.110281370849446830e+03,1.304416917264461517e-02
2.120282704360581647e+03,1.293753925710916519e-02
2.130284037871716464e+03,1.282903552055358887e-02
2.140285371382851281e+03,1.272305101156234741e-02
2.150286704893986098e+03,1.261794287711381912e-02
2.160288038405120915e+03,1.251424103975296021e-02
2.170289371916255732e+03,1.241197064518928528e-02
2.180290705427390549e+03,1.230886485427618027e-02
2.190292038938525366e+03,1.220845710486173630e-02
2.200293372449660183e+03,1.210799068212509155e-02
2.210294705960795000e+03,1.200996246188879013e-02
2.220296039471929817e+03,1.191157195717096329e-02
2.230297372983064633e+03,1.181470416486263275e-02
2.240298706494199450e+03,1.171933673322200775e-02
2.250300040005334267e+03,1.162442751228809357e-02
2.260301373516469084e+03,1.153128035366535187e-02
2.270302707027603901e+03,1.143812108784914017e-02
2.280304040538738718e+03,1.134653389453887939e-02
2.290305374049873535e+03,1.125536300241947174e-02
2.300306707561008352e+03,1.116545684635639191e-02
2.310308041072143169e+03,1.107612624764442444e-02
2.320309374583277986e+03,1.098812185227870941e-02
2.330310708094412803e+03,1.090014539659023285e-02
2.340312041605547620e+03,1.081334240734577179e-02
2.350313375116682437e+03,1.072735898196697235e-02
2.360314708627817254e+03,1.064230781048536301e-02
2.370316042138952071e+03,1.055845897644758224e-02
2.380317375650086888e+03,1.047410722821950912e-02
2.390318709161221705e+03,1.039136666804552078e-02
2.400320042672356522e+03,1.030911877751350403e-02
2.410321376183491338e+03,1.022737007588148117e-02
2.420322709694626155e+03,1.014614570885896683e-02
2.430324043205760972e+03,1.006580796092748642e-02
2.440325376716895789e+03,9.987051598727703094e-03
2.450326710228030606e+03,9.907374158501625061e-03
2.460328043739165423e+03,9.828996844589710236e-03
2.470329377250300240e+03,9.751125238835811615e-03
2.480330710761435057e+03,9.674132801592350006e-03
2.490332044272569874e+03,9.597986005246639252e-03
2.500333377783704691e+03,9.522223845124244690e-03
2.510334711294839508e+03,9.446502663195133209e-03
2.520336044805974325e+03,9.372051805257797241e-03
2.530337378317109142e+03,9.297509677708148956e-03
2.540338711828243959e+03,9.223637171089649200e-03
2.550340045339378776e+03,9.150397032499313354e-03
2.560341378850513593e+03,9.077457711100578308e-03
2.570342712361648410e+03,9.005531668663024902e-03
2.580344045872783227e+03,8.933782577514648438e-03
2.590345379383918043e+03,8.862968534231185913e-03
2.600346712895052860e+03,8.792244829237461090e-03
2.610348046406187677e+03,8.722684346139431000e-03
2.620349379917322494e+03,8.653595112264156342e-03
2.630350713428457311e+03,8.584352210164070129e-03
2.640352046939592128e+03,8.516343310475349426e-03
2.650353380450726945e+03,8.448576554656028748e-03
2.660354713961861762e+03,8.381663821637630463e-03
2.670356047472996579e+03,8.315497078001499176e-03
2.680357380984131396e+03,8.249438367784023285e-03
2.690358714495266213e+03,8.184292353689670563e-03
2.700360048006401030e+03,8.119352161884307861e-03
2.710361381517535847e+03,8.055085316300392151e-03
2.720362715028670664e+03,7.992040365934371948e-03
2.730364048539805481e+03,7.928762584924697876e-03
2.740365382050940298e+03,7.866360247135162354e-03
2.750366715562075115e+03,7.804707158356904984e-03
2.760368049073209932e+03,7.743748836219310760e-03
2.770369382584344748e+03,7.683862932026386261e-03
2.780370716095479565e+03,7.624404039233922958e-03
2.790372049606614382e+03,7.565165404230356216e-03
2.800373383117749199e+03,7.506462745368480682e-03
2.810374716628884016e+03,7.448754739016294479e-03
2.820376050140018833e+03,7.391485385596752167e-03
2.830377383651153650e+03,7.335413713008165359e-03
2.840378717162288467e+03,7.278996985405683517e-03
2.850380050673423284e+03,7.223774679005146027e-03
2.860381384184558101e+03,7.168778683990240097e-03
2.870382717695692918e+03,7.114414591342210770e-03
2.880384051206827735e+03,7.060470990836620331e-03
2.890385384717962552e+03,7.007164414972066879e-03
2.900386718229097369e+03,6.954160053282976151e-03
2.910388051740232186e+03,6.901620421558618546e-03
2.920389385251367003e+03,6.849485449492931366e-03
2.930390718762501820e+03,6.797616370022296906e-03
2.940392052273636637e+03,6.746429949998855591e-03
2.950393385784771453e+03,6.695506162941455841e-03
2.960394719295906270e+03,6.644919980317354202e-03
2.970396052807041087e+03,6.594891194254159927e-03
2.980397386318175904e+03,6.545237731188535690e-03
2.990398719829310721e+03,6.495821289718151093e-03
3.000400053340445538e+03,6.446945015341043472e-03
3.010401386851580355e+03,6.398181430995464325e-03
3.020402720362715172e+03,6.349902600049972534e-03
3.030404053873849989e+03,6.302020512521266937e-03
3.040405387384984806e+03,6.254294421523809433e-03
3.050406720896119623e+03,6.207019090652465820e-03
3.060408054407254440e+03,6.160136777907609940e-03
3.070409387918389257e+03,6.113789975643157959e-03
3.080410721429524074e+03,6.067683920264244080e-03
3.090412054940658891e+03,6.022308021783828735e-03
3.100413388451793708e+03,5.977373570203781128e-03
3.110414721962928525e+03,5.932741798460483551e-03
3.120416055474063342e+03,5.888669285923242569e-03
3.130417388985198158e+03,5.845116451382637024e-03
3.140418722496332975e+03,5.801855120807886124e-03
3.150420056007467792e+03,5.759053863584995270e-03
3.160421389518602609e+03,5.716742016375064850e-03
3.170422723029737426e+03,5.674684885889291763e-03
3.180424056540872243e+03,5.632976535707712173e-03
3.190425390052007060e+03,5.591622553765773773e-03
3.200426723563141877e+03,5.550646223127841949e-03
3.210428057074276694e+03,5.509931594133377075e-03
3.220429390585411511e+03,5.469487048685550690e-03
3.230430724096546328e+03,5.429432261735200882e-03
3.240432057607681145e+03,5.389578174799680710e-03
3.250433391118815962e+03,5.350167863070964813e-03
3.260434724629950779e+03,5.310879554599523544e-03
3.270436058141085596e+03,5.271998234093189240e-03
3.280437391652220413e+03,5.233407020568847656e-03
3.290438725163355230e+03,5.195232108235359192e-03
3.300440058674490047e+03,5.157423205673694611e-03
3.310441392185624863e+03,5.119905807077884674e-03
3.320442725696759680e+03,5.082761868834495544e-03
3.330444059207894497e+03,5.045905709266662598e-03
3.340445392719029314e+03,5.009524058550596237e-03
3.350446726230164131e+03,4.973444622009992599e-03
3.360448059741298948e+03,4.937674850225448608e-03
3.370449393252433765e+03,4.902345128357410431e-03
3.380450726763568582e+03,4.867451265454292297e-03
3.390452060274703399e+03,4.832864273339509964e-03
3.400453393785838216e+03,4.798809532076120377e-03
3.410454727296973033e+03,4.765022080391645432e-03
3.420456060808107850e+03,4.731600172817707062e-03
3.430457394319242667e+03,4.698654636740684509e-03
3.440458727830377484e+03,4.665991291403770447e-03
3.450460061341512301e+03,4.633700009435415268e-03
3.460461394852647118e+03,4.601836204528808594e-03
3.470462728363781935e+03,4.570182878524065018e-03
3.480464061874916752e+03,4.538930952548980713e-03
3.490465395386051568e+03,4.508042242377996445e-03
3.500466728897186385e+03,4.477411508560180664e-03
3.510468062408321202e+03,4.447128158062696457e-03
3.520469395919456019e+03,4.417172167450189590e-03
3.530470729430590836e+03,4.387609194964170456e-03
3.540472062941725653e+03,4.358223639428615570e-03
3.550473396452860470e+03,4.329193849116563797e-03
3.560474729963995287e+03,4.300491884350776672e-03
3.570476063475130104e+03,4.272054415196180344e-03
3.580477396986264921e+03,4.243941977620124817e-03
3.590478730497399738e+03,4.216125234961509705e-03
3.600480064008534555e+03,4.188498016446828842e-03
3.610481397519669372e+03,4.161206539720296860e-03
3.620482731030804189e+03,4.134167917072772980e-03
3.630484064541939006e+03,4.107353743165731430e-03
3.640485398053073823e+03,4.080815240740776062e-03
3.650486731564208640e+03,4.054576624184846878e-03
3.660488065075343457e+03,4.028542898595333099e-03
3.670489398586478274e+03,4.002787172794342041e-03
3.680490732097613090e+03,3.977337852120399475e-03
3.690492065608747907e+03,3.952056635171175003e-03
3.700493399119882724e+03,3.927105572074651718e-03
3.710494732631017541e+03,3.902265802025794983e-03
3.720496066142152358e+03,3.877789247781038284e-03
3.730497399653287175e+03,3.853427479043602943e-03
3.740498733164421992e+03,3.829285269603133202e-03
3.750500066675556809e+03,3.805415239185094833e-03
3.760501400186691626e+03,3.781725186854600906e-03
3.770502733697826443e+03,3.758223727345466614e-03
3.780504067208961260e+03,3.734992817044258118e-03
3.790505400720096077e+03,3.712015459313988686e-03
3.800506734231230894e+03,3.689097473397850990e-03
3.810508067742365711e+03,3.666481235995888710e-03
3.820509401253500528e+03,3.644046606495976448e-03
3.830510734764635345e+03,3.621729090809822083e-03
3.840512068275770616e+03,3.599617397412657738e-03
3.850513401786905433e+03,3.577696625143289566e-03
3.860514735298040250e+03,3.555906703695654869e-03
3.870516068809175067e+03,3.534182207658886909e-03
3.880517402320309884e+03,3.512608353048563004e-03
3.890518735831444701e+03,3.491113195195794106e-03
3.900520069342579518e+03,3.469632938504219055e-03
3.910521402853714335e+03,3.448335221037268639e-03
3.920522736364849152e+03,3.426988841965794563e-03
3.930524069875983969e+03,3.405582392588257790e-03
3.940525403387118786e+03,3.384089097380638123e-03
3.950526736898253603e+03,3.362556453794240952e-03
3.960528070409388420e+03,3.340702271088957787e-03
3.970529403920523237e+03,3.318585222586989403e-03
3.980530737431658054e+03,3.296269103884696960e-03
3.990532070942792870e+03,3.273692913353443146e-03
4.000533404453927687e+03,3.250945126637816429e-03
4.010534737965062504e+03,3.228093264624476433e-03
4.020536071476197321e+03,3.205440007150173187e-03
4.030537404987332138e+03,3.183033782988786697e-03
4.040538738498466955e+03,3.160750959068536758e-03
4.050540072009601772e+03,3.138865111395716667e-03
4.060541405520736589e+03,3.117076121270656586e-03
4.070542739031871406e+03,3.095342777669429779e-03
4.080544072543006223e+03,3.073601284995675087e-03
4.090545406054141040e+03,3.051713807508349419e-03
4.100546739565275857e+03,3.029508283361792564e-03
4.110548073076410219e+03,3.007063176482915878e-03
4.120549406587545491e+03,2.984437393024563789e-03
4.130550740098679853e+03,2.961911959573626518e-03
4.140552073609815125e+03,2.939589554443955421e-03
4.150553407120949487e+03,2.917738631367683411e-03
4.160554740632084759e+03,2.896628575399518013e-03
4.170556074143219121e+03,2.876388607546687126e-03
4.180557407654354392e+03,2.856926294043660164e-03
4.190558741165488755e+03,2.837973879650235176e-03
4.200560074676624026e+03,2.819613087922334671e-03
4.210561408187758389e+03,2.801702823489904404e-03
4.220562741698893660e+03,2.784271258860826492e-03
4.230564075210028022e+03,2.767086029052734375e-03
4.240565408721163294e+03,2.750299172475934029e-03
4.250566742232297656e+03,2.733753295615315437e-03
4.260568075743432928e+03,2.717543626204133034e-03
4.270569409254567290e+03,2.701531862840056419e-03
4.280570742765702562e+03,2.685800893232226372e-03
4.290572076276836924e+03,2.670263173058629036e-03
4.300573409787972196e+03,2.655029995366930962e-03
4.310574743299106558e+03,2.639930229634046555e-03
4.320576076810241830e+03,2.625056775286793709e-03
4.330577410321376192e+03,2.610366092994809151e-03
4.340578743832511464e+03,2.595884492620825768e-03
4.350580077343645826e+03,2.581557724624872208e-03
4.360581410854781097e+03,2.567460061982274055e-03
4.370582744365915460e+03,2.553492784500122070e-03
4.380584077877050731e+03,2.539724344387650490e-03
4.390585411388185094e+03,2.526045078411698341e-03
4.400586744899320365e+03,2.512571169063448906e-03
4.410588078410454727e+03,2.499222522601485252e-03
4.420589411921589999e+03,2.486001234501600266e-03
4.430590745432724361e+03,2.472979715093970299e-03
4.440592078943859633e+03,2.460055751726031303e-03
4.450593412454993995e+03,2.447286620736122131e-03
4.460594745966129267e+03,2.434634137898683548e-03
4.470596079477263629e+03,2.422107849270105362e-03
4.480597412988398901e+03,2.409749431535601616e-03
4.490598746499533263e+03,2.397509757429361343e-03
4.500600080010668535e+03,2.385431667789816856e-03
4.510601413521802897e+03,2.373410388827323914e-03
4.520602747032938169e+03,2.361542545258998871e-03
4.530604080544072531e+03,2.349753398448228836e-03
4.540605414055207802e+03,2.338128862902522087e-03
4.550606747566342165e+03,2.326564630493521690e-03
4.560608081077477436e+03,2.315106103196740150e-03
4.570609414588611799e+03,2.303780755028128624e-03
4.580610748099747070e+03,2.292573684826493263e-03
4.590612081610881432e+03,2.281428314745426178e-03
4.600613415122016704e+03,2.270400524139404297e-03
4.610614748633151066e+03,2.259466797113418579e-03
4.620616082144286338e+03,2.248627133667469025e-03
4.630617415655420700e+03,2.237902721390128136e-03
4.640618749166555972e+03,2.227270277217030525e-03
4.650620082677690334e+03,2.216717926785349846e-03
4.660621416188825606e+03,2.206264762207865715e-03
4.670622749699959968e+03,2.195886801928281784e-03
4.680624083211095240e+03,2.185603603720664978e-03
4.690625416722229602e+03,2.175433561205863953e-03
4.700626750233364874e+03,2.165320795029401779e-03
4.710628083744499236e+03,2.155286492779850960e-03
4.720629417255634507e+03,2.145340433344244957e-03
4.730630750766768870e+03,2.135467017069458961e-03
4.740632084277904141e+03,2.125712344422936440e-03
4.750633417789038504e+03,2.116015879437327385e-03
4.760634751300173775e+03,2.106369705870747566e-03
4.770636084811308137e+03,2.096763579174876213e-03
4.780637418322443409e+03,2.087247092276811600e-03
4.790638751833577771e+03,2.077777869999408722e-03
4.800640085344713043e+03,2.068378031253814697e-03
4.810641418855847405e+03,2.058993792161345482e-03
4.820642752366982677e+03,2.049681032076478004e-03
4.830644085878117039e+03,2.040397608652710915e-03
4.840645419389252311e+03,2.031127223744988441e-03
4.850646752900386673e+03,2.021879190579056740e-03
4.860648086411521945e+03,2.012674929574131966e-03
4.870649419922656307e+03,2.003469504415988922e-03
4.880650753433791579e+03,1.994258724153041840e-03
4.890652086944925941e+03,1.985002774745225906e-03
4.900653420456061212e+03,1.975682796910405159e-03
4.910654753967195575e+03,1.966290408745408058e-03
4.920656087478330846e+03,1.956797903403639793e-03
4.930657420989465209e+03,1.947166747413575649e-03
4.940658754500600480e+03,1.937392749823629856e-03
4.950660088011734842e+03,1.927416538819670677e-03
4.960661421522870114e+03,1.917273271828889847e-03
4.970662755034004476e+03,1.906902878545224667e-03
4.980664088545139748e+03,1.896393951028585434e-03
4.990665422056274110e+03,1.885700505226850510e-03
5.000666755567409382e+03,1.874998444691300392e-03
5.010668089078543744e+03,1.864396850578486919e-03
5.020669422589679016e+03,1.853958470746874809e-03
5.030670756100813378e+03,1.843773992732167244e-03
5.040672089611948650e+03,1.833832939155399799e-03
5.050673423123083012e+03,1.824137987568974495e-03
5.060674756634218284e+03,1.814704039134085178e-03
5.070676090145352646e+03,1.805510721169412136e-03
5.080677423656487917e+03,1.796523225493729115e-03
5.090678757167622280e+03,1.787731540389358997e-03
5.100680090678757551e+03,1.779180718585848808e-03
5.110681424189891914e+03,1.770778559148311615e-03
5.120682757701027185e+03,1.762543688528239727e-03
5.130684091212162457e+03,1.754473778419196606e-03
5.140685424723296819e+03,1.746550668030977249e-03
5.150686758234432091e+03,1.738780178129673004e-03
5.160688091745566453e+03,1.731143565848469734e-03
5.170689425256701725e+03,1.723588095046579838e-03
5.180690758767836087e+03,1.716181519441306591e-03
5.190692092278971359e+03,1.708841300569474697e-03
5.200693425790105721e+03,1.701624598354101181e-03
5.210694759301240992e+03,1.694512902759015560e-03
5.220696092812375355e+03,1.687498996034264565e-03
5.230697426323510626e+03,1.680556219071149826e-03
5.240698759834644989e+03,1.673679449595510960e-03
5.250700093345780260e+03,1.666898257099092007e-03
5.260701426856914622e+03,1.660208101384341717e-03
5.270702760368049894e+03,1.653592218644917011e-03
5.280704093879184256e+03,1.647035125643014908e-03
5.290705427390319528e+03,1.640554983168840408e-03
5.300706760901453890e+03,1.634154119528830051e-03
5.310708094412589162e+03,1.627810648642480373e-03
5.320709427923723524e+03,1.621529925614595413e-03
5.330710761434858796e+03,1.615322427824139595e-03
5.340712094945993158e+03,1.609181985259056091e-03
5.350713428457128430e+03,1.603084849193692207e-03
5.360714761968262792e+03,1.597069087438285351e-03
5.370716095479398064e+03,1.591117586940526962e-03
5.380717428990532426e+03,1.585205667652189732e-03
5.390718762501667698e+03,1.579355914145708084e-03
5.400720096012802060e+03,1.573560060933232307e-03
5.410721429523937331e+03,1.567821251228451729e-03
5.420722763035071694e+03,1.562161836773157120e-03
5.430724096546206965e+03,1.556527684442698956e-03
5.440725430057341327e+03,1.550949411466717720e-03
5.450726763568476599e+03,1.545422594062983990e-03
5.460728097079610961e+03,1.539953867904841900e-03
5.470729430590746233e+03,1.534537412226200104e-03
5.480730764101880595e+03,1.529166707769036293e-03
5.490732097613015867e+03,1.523854793049395084e-03
5.500733431124150229e+03,1.518556266091763973e-03
5.510734764635285501e+03,1.513323746621608734e-03
5.520736098146419863e+03,1.508136861957609653e-03
5.530737431657555135e+03,1.502997125498950481e-03
5.540738765168689497e+03,1.497901394031941891e-03
5.550740098679824769e+03,1.492826384492218494e-03
5.560741432190959131e+03,1.487800967879593372e-03
5.570742765702094403e+03,1.482837018556892872e-03
5.580744099213228765e+03,1.477897632867097855e-03
5.590745432724364036e+03,1.473009819164872169e-03
5.600746766235498399e+03,1.468142145313322544e-03
5.610748099746633670e+03,1.463338034227490425e-03
5.620749433257768032e+03,1.458547776564955711e-03
5.630750766768903304e+03,1.453806878998875618e-03
5.640752100280037666e+03,1.449089730158448219e-03
5.650753433791172938e+03,1.444412744604051113e-03
5.660754767302307300e+03,1.439749845303595066e-03
5.670756100813442572e+03,1.435137004591524601e-03
5.680757434324576934e+03,1.430562348105013371e-03
5.690758767835712206e+03,1.425996073521673679e-03
5.700760101346846568e+03,1.421466819010674953e-03
5.710761434857981840e+03,1.416954328306019306e-03
5.720762768369116202e+03,1.412454526871442795e-03
5.730764101880251474e+03,1.408001524396240711e-03
5.740765435391385836e+03,1.403537113219499588e-03
5.750766768902521108e+03,1.399085391312837601e-03
5.760768102413655470e+03,1.394618884660303593e-03
5.770769435924790741e+03,1.390152843669056892e-03
5.780770769435925104e+03,1.385665265843272209e-03
5.790772102947060375e+03,1.381141250021755695e-03
5.800773436458194737e+03,1.376520842313766479e-03
5.810774769969330009e+03,1.371741411276161671e-03
5.820776103480464371e+03,1.366682350635528564e-03
5.830777436991599643e+03,1.360928872600197792e-03
5.840778770502734005e+03,1.353265135549008846e-03
5.850780104013869277e+03,1.339275506325066090e-03
5.860781437525003639e+03,1.323639648035168648e-03
5.870782771036138911e+03,1.311393687501549721e-03
5.880784104547273273e+03,1.301175332628190517e-03
5.890785438058408545e+03,1.292569795623421669e-03
5.900786771569542907e+03,1.284894184209406376e-03
5.910788105080678179e+03,1.277928357012569904e-03
5.920789438591812541e+03,1.271513407118618488e-03
5.930790772102947813e+03,1.265465398319065571e-03
5.940792105614082175e+03,1.259746146388351917e-03
5.950793439125217446e+03,1.254284521564841270e-03
5.960794772636351809e+03,1.249044784344732761e-03
5.970796106147487080e+03,1.243998063728213310e-03
5.980797439658621443e+03,1.239108038134872913e-03
5.990798773169756714e+03,1.234377035871148109e-03
6.000800106680891076e+03,1.229771180078387260e-03
6.010801440192026348e+03,1.225278014317154884e-03
6.020802773703160710e+03,1.220897422172129154e-03
6.030804107214295982e+03,1.216604257933795452e-03
6.040805440725430344e+03,1.212391303852200508e-03
6.050806774236565616e+03,1.208259840495884418e-03
6.060808107747699978e+03,1.204208121635019779e-03
6.070809441258835250e+03,1.200223457999527454e-03
6.080810774769969612e+03,1.196295605041086674e-03
6.090812108281104884e+03,1.192433061078190804e-03
6.100813441792239246e+03,1.188624184578657150e-03
6.110814775303374518e+03,1.184876193292438984e-03
6.120816108814508880e+03,1.181190600618720055e-03
6.130817442325644151e+03,1.177532598376274109e-03
6.140818775836778514e+03,1.173935714177787304e-03
6.150820109347913785e+03,1.170387724414467812e-03
6.160821442859048148e+03,1.166870468296110630e-03
6.170822776370183419e+03,1.163397333584725857e-03
6.180824109881317781e+03,1.159964129328727722e-03
6.190825443392453053e+03,1.156577491201460361e-03
6.200826776903587415e+03,1.153222168795764446e-03
6.210828110414722687e+03,1.149912597611546516e-03
6.220829443925857049e+03,1.146634109318256378e-03
6.230830777436992321e+03,1.143389265052974224e-03
6.240832110948126683e+03,1.140179461799561977e-03
6.250833444459261955e+03,1.137020764872431755e-03
6.260834777970396317e+03,1.133879064582288265e-03
6.270836111481531589e+03,1.130764605477452278e-03
6.280837444992665951e+03,1.127687050029635429e-03
6.290838778503801223e+03,1.124643022194504738e-03
6.300840112014935585e+03,1.121621811762452126e-03
6.310841445526070856e+03,1.118630520068109035e-03
6.320842779037205219e+03,1.115671126171946526e-03
6.330844112548340490e+03,1.112741068936884403e-03
6.340845446059474853e+03,1.109833363443613052e-03
6.350846779570610124e+03,1.106955460272729397e-03
6.360848113081744486e+03,1.104102819226682186e-03
6.370849446592879758e+03,1.101272879168391228e-03
6.380850780104014120e+03,1.098476466722786427e-03
6.390852113615149392e+03,1.095696003176271915e-03
6.400853447126283754e+03,1.092947088181972504e-03
6.410854780637419026e+03,1.090224599465727806e-03
6.420856114148553388e+03,1.087524811737239361e-03
6.430857447659688660e+03,1.084853312931954861e-03
6.440858781170823022e+03,1.082197879441082478e-03
6.450860114681958294e+03,1.079571899026632309e-03
6.460861448193092656e+03,1.076964777894318104e-03
6.470862781704227928e+03,1.074379659257829189e-03
6.480864115215362290e+03,1.071823062375187874e-03
6.490865448726497561e+03,1.069278456270694733e-03
6.500866782237631924e+03,1.066752942278981209e-03
6.510868115748767195e+03,1.064253156073391438e-03
6.520869449259901558e+03,1.061775954440236092e-03
6.530870782771036829e+03,1.059310860000550747e-03
6.540872116282171191e+03,1.056877896189689636e-03
6.550873449793306463e+03,1.054457970894873142e-03
6.560874783304440825e+03,1.052060280926525593e-03
6.570876116815576097e+03,1.049682730808854103e-03
6.580877450326710459e+03,1.047319034114480019e-03
6.590878783837845731e+03,1.044981414452195168e-03
6.600880117348980093e+03,1.042657066136598587e-03
6.610881450860115365e+03,1.040350645780563354e-03
6.620882784371249727e+03,1.038066460750997066e-03
6.630884117882384999e+03,1.035793800838291645e-03
6.640885451393519361e+03,1.033534645102918148e-03
6.650886784904654633e+03,1.031304243952035904e-03
6.660888118415788995e+03,1.029079779982566833e-03
6.670889451926924266e+03,1.026875223033130169e-03
6.680890785438058629e+03,1.024691388010978699e-03
6.690892118949193900e+03,1.022524433210492134e-03
6.700893452460328263e+03,1.020365860313177109e-03
6.710894785971463534e+03,1.018231967464089394e-03
6.720896119482597896e+03,1.016109134070575237e-03
6.730897452993733168e+03,1.014001201838254929e-03
6.740898786504867530e+03,1.011909451335668564e-03
6.750900120016002802e+03,1.009830622933804989e-03
6.760901453527137164e+03,1.007770770229399204e-03
6.770902787038272436e+03,1.005722209811210632e-03
6.780904120549406798e+03,1.003689598292112350e-03
6.790905454060542070e+03,1.001669326797127724e-03
6.800906787571676432e+03,9.996631415560841560e-04
6.810908121082811704e+03,9.976731380447745323e-04
6.820909454593946066e+03,9.956925641745328903e-04
6.830910788105081338e+03,9.937386494129896164e-04
6.840912121616215700e+03,9.917871793732047081e-04
6.850913455127350971e+03,9.898475836962461472e-04
6.860914788638485334e+03,9.879266144707798958e-04
6.870916122149620605e+03,9.860128629952669144e-04
6.880917455660754968e+03,9.841130813583731651e-04
6.890918789171890239e+03,9.822240099310874939e-04
6.900920122683024601e+03,9.803414577618241310e-04
6.910921456194159873e+03,9.784726426005363464e-04
6.920922789705294235e+03,9.766105795279145241e-04
6.930924123216429507e+03,9.747639414854347706e-04
6.940925456727563869e+03,9.729278390295803547e-04
6.950926790238699141e+03,9.710971498861908913e-04
6.960928123749833503e+03,9.692754247225821018e-04
6.970929457260968775e+03,9.674624889157712460e-04
6.980930790772103137e+03,9.656549082137644291e-04
6.990932124283238409e+03,9.638570481911301613e-04
7.000933457794372771e+03,9.620608761906623840e-04
7.010934791305508043e+03,9.602663922123610973e-04
7.020936124816642405e+03,9.584761573933064938e-04
7.030937458327777676e+03,9.566871449351310730e-04
7.040938791838912039e+03,9.548972011543810368e-04
7.050940125350047310e+03,9.531026589684188366e-04
7.060941458861181673e+03,9.513022960163652897e-04
7.070942792372316944e+03,9.494880214333534241e-04
7.080944125883451306e+03,9.476590785197913647e-04
7.090945459394586578e+03,9.458083077333867550e-04
7.100946792905720940e+03,9.439139976166188717e-04
7.110948126416856212e+03,9.419700363650918007e-04
7.120949459927990574e+03,9.399498812854290009e-04
7.130950793439125846e+03,9.378156391903758049e-04
7.140952126950260208e+03,9.354807552881538868e-04
7.150953460461395480e+03,9.327896987088024616e-04
7.160954793972529842e+03,9.293344337493181229e-04
7.170956127483665114e+03,9.237960330210626125e-04
7.180957460994799476e+03,9.118893649429082870e-04
7.190958794505934748e+03,8.970191702246665955e-04
7.200960128017069110e+03,8.860183297656476498e-04
7.210961461528204381e+03,8.774801972322165966e-04
7.220962795039338744e+03,8.706407388672232628e-04
7.230964128550474015e+03,8.650132804177701473e-04
7.240965462061608378e+03,8.601943845860660076e-04
7.250966795572743649e+03,8.559343405067920685e-04
7.260968129083878011e+03,8.521359413862228394e-04
7.270969462595013283e+03,8.486863807775080204e-04
7.280970796106147645e+03,8.455291390419006348e-04
7.290972129617282917e+03,8.425905252806842327e-04
7.300973463128417279e+03,8.398455684073269367e-04
7.310974796639552551e+03,8.372675511054694653e-04
7.320976130150686913e+03,8.348238770850002766e-04
7.330977463661822185e+03,8.324934751726686954e-04
7.340978797172956547e+03,8.302688365802168846e-04
7.350980130684091819e+03,8.281263289973139763e-04
7.360981464195226181e+03,8.260640897788107395e-04
7.370982797706361453e+03,8.240630850195884705e-04
7.380984131217495815e+03,8.221109164878726006e-04
7.390985464728631086e+03,8.202171302400529385e-04
7.400986798239765449e+03,8.183686877600848675e-04
7.410988131750900720e+03,8.165715844370424747e-04
7.420989465262035083e+03,8.148141787387430668e-04
7.430990798773170354e+03,8.130903006531298161e-04
7.440992132284304716e+03,8.114091469906270504e-04
7.450993465795439988e+03,8.097570971585810184e-04
7.460994799306574350e+03,8.081338601186871529e-04
7.470996132817709622e+03,8.065442088991403580e-04
7.480997466328843984e+03,8.049776079133152962e-04
7.490998799839979256e+03,8.034378988668322563e-04
7.501000133351113618e+03,8.019198430702090263e-04
7.511001466862248890e+03,8.004285627976059914e-04
7.521002800373383252e+03,7.989625446498394012e-04
7.531004133884518524e+03,7.975104381330311298e-04
7.541005467395652886e+03,7.960775983519852161e-04
7.551006800906788158e+03,7.946604164317250252e-04
7.561008134417922520e+03,7.932678563520312309e-04
7.571009467929057791e+03,7.918904884718358517e-04
7.581010801440192154e+03,7.905302918516099453e-04
7.591012134951327425e+03,7.891835994087159634e-04
7.601013468462461788e+03,7.878530886955559254e-04
7.611014801973597059e+03,7.865377701818943024e-04
7.621016135484731421e+03,7.852360722608864307e-04
7.631017468995866693e+03,7.839463069103658199e-04
7.641018802507001055e+03,7.826710352674126625e-04
7.651020136018136327e+03,7.814099080860614777e-04
7.661021469529270689e+03,7.801597821526229382e-04
7.671022803040405961e+03,7.789264782331883907e-04
7.681024136551541233e+03,7.777030696161091328e-04
7.691025470062675595e+03,7.764858310110867023e-04
7.701026803573810867e+03,7.752876263111829758e-04
7.711028137084945229e+03,7.740982109680771828e-04
7.721029470596080500e+03,7.729206699877977371e-04
7.731030804107214863e+03,7.717544795013964176e-04
7.741032137618350134e+03,7.706005126237869263e-04
7.751033471129484496e+03,7.694545784033834934e-04
7.761034804640619768e+03,7.683229050599038601e-04
7.771036138151754130e+03,7.671994972042739391e-04
7.781037471662889402e+03,7.660864503122866154e-04
7.791038805174023764e+03,7.649837643839418888e-04
7.801040138685159036e+03,7.638916722498834133e-04
7.811041472196293398e+03,7.628089515492320061e-04
7.821042805707428670e+03,7.617335068061947823e-04
7.831044139218563032e+03,7.606655126437544823e-04
7.841045472729698304e+03,7.596111390739679337e-04
7.851046806240832666e+03,7.585617131553590298e-04
7.861048139751967938e+03,7.575204945169389248e-04
7.871049473263102300e+03,7.564909174107015133e-04
7.881050806774237572e+03,7.554700714536011219e-04
7.891052140285371934e+03,7.544575491920113564e-04
7.901053473796507205e+03,7.534494507126510143e-04
7.911054807307641568e+03,7.524547399953007698e-04
7.921056140818776839e+03,7.514635799452662468e-04
7.931057474329911201e+03,7.504834211431443691e-04
7.941058807841046473e+03,7.495098980143666267e-04
7.951060141352180835e+03,7.485457463189959526e-04
7.961061474863316107e+03,7.475901511497795582e-04
7.971062808374450469e+03,7.466357783414423466e-04
7.981064141885585741e+03,7.456932798959314823e-04
7.991065475396720103e+03,7.447588723152875900e-04
8.001066808907855375e+03,7.438296452164649963e-04
8.011068142418989737e+03,7.429089746437966824e-04
8.021069475930125009e+03,7.419968023896217346e-04
8.031070809441259371e+03,7.410897524096071720e-04
8.041072142952394643e+03,7.401906186714768410e-04
8.051073476463529005e+03,7.392967236228287220e-04
8.061074809974664277e+03,7.384090567938983440e-04
8.071076143485798639e+03,7.375297136604785919e-04
8.081077476996933910e+03,7.366565405391156673e-04
8.091078810508068273e+03,7.357927388511598110e-04
8.101080144019203544e+03,7.349304505623877048e-04
8.111081477530337907e+03,7.340787560679018497e-04
8.121082811041473178e+03,7.332292734645307064e-04
8.131084144552607540e+03,7.323896861635148525e-04
8.141085478063742812e+03,7.315555121749639511e-04
8.151086811574877174e+03,7.307259947992861271e-04
8.161088145086012446e+03,7.299011340364813805e-04
8.171089478597146808e+03,7.290837820619344711e-04
8.181090812108282080e+03,7.282737060450017452e-04
8.191092145619416442e+03,7.274695672094821930e-04
8.201093479130551714e+03,7.266699685715138912e-04
8.211094812641686076e+03,7.258770056068897247e-04
8.221096146152820438e+03,7.250891067087650299e-04
8.231097479663956619e+03,7.243090658448636532e-04
8.241098813175090982e+03,7.235337980091571808e-04
8.251100146686225344e+03,7.227613823488354683e-04
8.261101480197359706e+03,7.219958351925015450e-04
8.271102813708495887e+03,7.212353521026670933e-04
8.281104147219630249e+03,7.204820285551249981e-04
8.291105480730764612e+03,7.197338854894042015e-04
8.301106814241898974e+03,7.189883035607635975e-04
8.311108147753035155e+03,7.182514527812600136e-04
8.321109481264169517e+03,7.175161154009401798e-04
8.331110814775303879e+03,7.167884614318609238e-04
8.341112148286438241e+03,7.160636014305055141e-04
8.351113481797574423e+03,7.153453771024942398e-04
8.361114815308708785e+03,7.146308198571205139e-04
8.371116148819843147e+03,7.139208610169589520e-04
8.381117482330977509e+03,7.132191094569861889e-04
8.391118815842113690e+03,7.125223055481910706e-04
8.401120149353248053e+03,7.118272478692233562e-04
8.411121482864382415e+03,7.111357990652322769e-04
8.421122816375516777e+03,7.104527321644127369e-04
8.431124149886652958e+03,7.097737397998571396e-04
8.441125483397787320e+03,7.091001607477664948e-04
8.451126816908921683e+03,7.084294920787215233e-04
8.461128150420056045e+03,7.077652262523770332e-04
8.471129483931192226e+03,7.071039872244000435e-04
8.481130817442326588e+03,7.064457749947905540e-04
8.491132150953460950e+03,7.057936745695769787e-04
8.501133484464595313e+03,7.051466382108628750e-04
8.511134817975731494e+03,7.045018137432634830e-04
8.521136151486865856e+03,7.038628100417554379e-04
8.531137484998000218e+03,7.032289286144077778e-04
8.541138818509134580e+03,7.025986560620367527e-04
8.551140152020270762e+03,7.019734475761651993e-04
8.561141485531405124e+03,7.013502763584256172e-04
8.571142819042539486e+03,7.007316453382372856e-04
8.581144152553673848e+03,7.001190679147839546e-04
8.591145486064810029e+03,6.995103904046118259e-04
8.601146819575944392e+03,6.989043904468417168e-04
8.611148153087078754e+03,6.983047351241111755e-04
8.621149486598213116e+03,6.977078155614435673e-04
8.631150820109349297e+03,6.971137481741607189e-04
8.641152153620483659e+03,6.965274224057793617e-04
8.651153487131618022e+03,6.959422025829553604e-04
8.661154820642752384e+03,6.953603588044643402e-04
8.671156154153888565e+03,6.947846268303692341e-04
8.681157487665022927e+03,6.942129111848771572e-04
8.691158821176157289e+03,6.936437566764652729e-04
8.701160154687291651e+03,6.930782110430300236e-04
8.711161488198427833e+03,6.925163324922323227e-04
8.721162821709562195e+03,6.919590523466467857e-04
8.731164155220696557e+03,6.914052064530551434e-04
8.741165488731830919e+03,6.908547948114573956e-04
8.751166822242967100e+03,6.903069443069398403e-04
8.761168155754101463e+03,6.897632265463471413e-04
8.771169489265235825e+03,6.892249220982193947e-04
8.781170822776370187e+03,6.886890623718500137e-04
8.791172156287506368e+03,6.881575100123882294e-04
8.801173489798640730e+03,6.876273546367883682e-04
8.811174823309775093e+03,6.871023215353488922e-04
8.821176156820909455e+03,6.865822360850870609e-04
8.831177490332045636e+03,6.860634312033653259e-04
8.841178823843179998e+03,6.855481769889593124e-04
8.851180157354314360e+03,6.850378122180700302e-04
8.861181490865448723e+03,6.845294265076518059e-04
8.871182824376584904e+03,6.840237765572965145e-04
8.881184157887719266e+03,6.835210369899868965e-04
8.891185491398853628e+03,6.830240017734467983e-04
8.901186824909987990e+03,6.825303426012396812e-04
8.911188158421124172e+03,6.820377893745899200e-04
8.921189491932258534e+03,6.815501255914568901e-04
8.931190825443392896e+03,6.810645572841167450e-04
8.941192158954527258e+03,6.805822486057877541e-04
8.951193492465663439e+03,6.801030249334871769e-04
8.961194825976797802e+03,6.796266534365713596e-04
8.971196159487932164e+03,6.791542400605976582e-04
8.981197492999066526e+03,6.786847370676696301e-04
8.991198826510202707e+03,6.782168638892471790e-04
9.001200160021337069e+03,6.777534727007150650e-04
9.011201493532471432e+03,6.772927590645849705e-04
9.021202827043605794e+03,6.768334424123167992e-04
9.031204160554741975e+03,6.763777928426861763e-04
9.041205494065876337e+03,6.759255193173885345e-04
9.051206827577010699e+03,6.754772039130330086e-04
9.061208161088145062e+03,6.750293541699647903e-04
9.071209494599281243e+03,6.745874416083097458e-04
9.081210828110415605e+03,6.741453544236719608e-04
9.091212161621549967e+03,6.737074581906199455e-04
9.101213495132684329e+03,6.732719484716653824e-04
9.111214828643820510e+03,6.728396401740610600e-04
9.121216162154954873e+03,6.724094273522496223e-04
9.131217495666089235e+03,6.719813682138919830e-04
9.141218829177223597e+03,6.715585477650165558e-04
9.151220162688359778e+03,6.711364840157330036e-04
9.161221496199494140e+03,6.707171560265123844e-04
9.171222829710628503e+03,6.703008548356592655e-04
9.181224163221762865e+03,6.698873476125299931e-04
9.191225496732899046e+03,6.694768671877682209e-04
9.201226830244033408e+03,6.690687150694429874e-04
9.211228163755167770e+03,6.686615524813532829e-04
9.221229497266302133e+03,6.682587554678320885e-04
9.231230830777438314e+03,6.678582867607474327e-04
9.241232164288572676e+03,6.674606120213866234e-04
9.251233497799707038e+03,6.670638103969395161e-04
9.261234831310841400e+03,6.666716071777045727e-04
9.271236164821977582e+03,6.662808009423315525e-04
9.281237498333111944e+03,6.658933707512915134e-04
9.291238831844246306e+03,6.655075703747570515e-04
9.301240165355380668e+03,6.651242147199809551e-04
9.311241498866516849e+03,6.647445261478424072e-04
9.321242832377651212e+03,6.643652450293302536e-04
9.331244165888785574e+03,6.639896309934556484e-04
9.341245499399919936e+03,6.636166945099830627e-04
9.351246832911056117e+03,6.632448639720678329e-04
9.361248166422190479e+03,6.628761184401810169e-04
9.371249499933324842e+03,6.625095265917479992e-04
9.381250833444459204e+03,6.621448555961251259e-04
9.391252166955595385e+03,6.617827457375824451e-04
9.401253500466729747e+03,6.614231388084590435e-04
9.411254833977864109e+03,6.610652781091630459e-04
9.421256167488998472e+03,6.607101531699299812e-04
9.431257501000134653e+03,6.603576475754380226e-04
9.441258834511269015e+03,6.600064225494861603e-04
9.451260168022403377e+03,6.596559542231261730e-04
9.461261501533537739e+03,6.593100260943174362e-04
9.471262835044673920e+03,6.589664844796061516e-04
9.481264168555808283e+03,6.586234667338430882e-04
9.491265502066942645e+03,6.582829519174993038e-04
9.501266835578077007e+03,6.579451146535575390e-04
9.511268169089213188e+03,6.576082087121903896e-04
9.521269502600347550e+03,6.572750280611217022e-04
9.531270836111481913e+03,6.569427787326276302e-04
9.541272169622616275e+03,6.566126830875873566e-04
9.551273503133752456e+03,6.562850321643054485e-04
9.561274836644886818e+03,6.559595349244773388e-04
9.571276170156021180e+03,6.556351436302065849e-04
9.581277503667155543e+03,6.553135463036596775e-04
9.591278837178291724e+03,6.549935205839574337e-04
9.601280170689426086e+03,6.546750664710998535e-04
9.611281504200560448e+03,6.543592317029833794e-04
9.621282837711694810e+03,6.540457834489643574e-04
9.631284171222830992e+03,6.537329754792153835e-04
9.641285504733965354e+03,6.534229032695293427e-04
9.651286838245099716e+03,6.531150429509580135e-04
9.661288171756234078e+03,6.528091616928577423e-04
9.671289505267370259e+03,6.525047938339412212e-04
9.681290838778504622e+03,6.522003095597028732e-04
9.691292172289638984e+03,6.518996087834239006e-04
9.701293505800773346e+03,6.516009452752768993e-04
9.711294839311909527e+03,6.513037369586527348e-04
9.721296172823043889e+03,6.510087987408041954e-04
9.731297506334178252e+03,6.507155485451221466e-04
9.741298839845312614e+03,6.504235207103192806e-04
9.751300173356448795e+03,6.501338793896138668e-04
9.761301506867583157e+03,6.498441216535866261e-04
9.771302840378717519e+03,6.495573907159268856e-04
9.781304173889851882e+03,6.492728134617209435e-04
9.791305507400988063e+03,6.489899242296814919e-04
9.801306840912122425e+03,6.487077334895730019e-04
9.811308174423256787e+03,6.484280456788837910e-04
9.821309507934391149e+03,6.481504533439874649e-04
9.831310841445527331e+03,6.478739087469875813e-04
9.841312174956661693e+03,6.475987611338496208e-04
9.851313508467796055e+03,6.473254761658608913e-04
9.861314841978930417e+03,6.470544612966477871e-04
9.871316175490066598e+03,6.467842613346874714e-04
9.881317509001200960e+03,6.465154583565890789e-04
9.891318842512335323e+03,6.462493911385536194e-04
9.901320176023469685e+03,6.459835567511618137e-04
9.911321509534605866e+03,6.457213312387466431e-04
9.921322843045740228e+03,6.454599206335842609e-04
9.931324176556874590e+03,6.452001398429274559e-04
9.941325510068008953e+03,6.449412321671843529e-04
9.951326843579145134e+03,6.446833722293376923e-04
9.961328177090279496e+03,6.444273749366402626e-04
9.971329510601413858e+03,6.441732402890920639e-04
9.981330844112548220e+03,6.439209682866930962e-04
9.991332177623684402e+03,6.436700932681560516e-04
1.000133351113481876e+04,6.434206152334809303e-04
1.001133484464595313e+04,6.431725341826677322e-04
1.002133617815708749e+04,6.429263157770037651e-04
1.003133751166822367e+04,6.426809704862535000e-04
1.004133884517935803e+04,6.424374878406524658e-04
1.005134017869049239e+04,6.421949947252869606e-04
1.006134151220162676e+04,6.419548881240189075e-04
1.007134284571276294e+04,6.417154218070209026e-04
1.008134417922389730e+04,6.414774106815457344e-04
1.009134551273503166e+04,6.412407965399324894e-04
1.010134684624616602e+04,6.410066271200776100e-04
1.011134817975730220e+04,6.407729815691709518e-04
1.012134951326843657e+04,6.405404419638216496e-04
1.013135084677957093e+04,6.403097067959606647e-04
1.014135218029070529e+04,6.400805432349443436e-04
1.015135351380184147e+04,6.398527184501290321e-04
1.016135484731297583e+04,6.396264070644974709e-04
1.017135618082411020e+04,6.393999792635440826e-04
1.018135751433524456e+04,6.391758797690272331e-04
1.019135884784638074e+04,6.389534100890159607e-04
1.020136018135751510e+04,6.387319881469011307e-04
1.021136151486864946e+04,6.385116139426827431e-04
1.022136284837978383e+04,6.382924620993435383e-04
1.023136418189092001e+04,6.380756967701017857e-04
1.024136551540205437e+04,6.378596881404519081e-04
1.025136684891318873e+04,6.376439705491065979e-04
1.026136818242432491e+04,6.374297663569450378e-04
1.027136951593545928e+04,6.372174830175936222e-04
1.028137084944659364e+04,6.370062474161386490e-04
1.029137218295772800e+04,6.367962923832237720e-04
1.030137351646886418e+04,6.365878507494926453e-04
1.031137484997999854e+04,6.363806314766407013e-04
1.032137618349113291e+04,6.361739942803978920e-04
1.033137751700226727e+04,6.359685794450342655e-04
1.034137885051340345e+04,6.357645033858716488e-04
1.035138018402453781e+04,6.355624645948410034e-04
1.036138151753567217e+04,6.353614735417068005e-04
1.037138285104680654e+04,6.351614720188081264e-04
1.038138418455794272e+04,6.349619361571967602e-04
1.039138551806907708e+04,6.347636226564645767e-04
1.040138685158021144e+04,6.345674628391861916e-04
1.041138818509134580e+04,6.343722343444824219e-04
1.042138951860248198e+04,6.341772968880832195e-04
1.043139085211361635e+04,6.339845713227987289e-04
1.044139218562475071e+04,6.337923114188015461e-04
1.045139351913588507e+04,6.336016231216490269e-04
1.046139485264702125e+04,6.334116915240883827e-04
1.047139618615815561e+04,6.332227494567632675e-04
1.048139751966928998e+04,6.330347969196736813e-04
1.049139885318042434e+04,6.328484159894287586e-04
1.050140018669156052e+04,6.326632574200630188e-04
1.051140152020269488e+04,6.324789719656109810e-04
1.052140285371382924e+04,6.322957924567162991e-04
1.053140418722496361e+04,6.321129621937870979e-04
1.054140552073609979e+04,6.319321691989898682e-04
1.055140685424723415e+04,6.317526567727327347e-04
1.056140818775836851e+04,6.315736682154238224e-04
1.057140952126950287e+04,6.313955527730286121e-04
1.058141085478063906e+04,6.312190089374780655e-04
1.059141218829177342e+04,6.310432218015193939e-04
1.060141352180290778e+04,6.308685406111180782e-04
1.061141485531404214e+04,6.306947325356304646e-04
1.062141618882517832e+04,6.305217393673956394e-04
1.063141752233631269e+04,6.303500849753618240e-04
1.064141885584744705e+04,6.301793619059026241e-04
1.065142018935858141e+04,6.300099194049835205e-04
1.066142152286971759e+04,6.298412918113172054e-04
1.067142285638085195e+04,6.296739447861909866e-04
1.068142418989198632e+04,6.295073544606566429e-04
1.069142552340312068e+04,6.293416372500360012e-04
1.070142685691425686e+04,6.291763857007026672e-04
1.071142819042539122e+04,6.290128803811967373e-04
1.072142952393652558e+04,6.288504227995872498e-04
1.073143085744765995e+04,6.286875577643513680e-04
1.074143219095879613e+04,6.285262643359601498e-04
1.075143352446993049e+04,6.283664260990917683e-04
1.076143485798106485e+04,6.282074609771370888e-04
1.077143619149219921e+04,6.280494271777570248e-04
1.078143752500333540e+04,6.278925575315952301e-04
1.079143885851446976e+04,6.277364445850253105e-04
1.080144019202560412e+04,6.275807390920817852e-04
1.081144152553673848e+04,6.274263723753392696e-04
1.082144285904787466e+04,6.272728205658495426e-04
1.083144419255900902e+04,6.271200254559516907e-04
1.084144552607014339e+04,6.269678706303238869e-04
1.085144685958127775e+04,6.268168217502534389e-04
1.086144819309241393e+04,6.266666459850966930e-04
1.087144952660354829e+04,6.265169358812272549e-04
1.088145086011468265e+04,6.263689720071852207e-04
1.089145219362581702e+04,6.262212991714477539e-04
1.090145352713695320e+04,6.260743248276412487e-04
1.091145486064808756e+04,6.259286892600357533e-04
1.092145619415922192e+04,6.257839850150048733e-04
1.093145752767035628e+04,6.256399210542440414e-04
1.094145886118149247e+04,6.254967302083969116e-04
1.095146019469262683e+04,6.253540050238370895e-04
1.096146152820376119e+04,6.252122693695127964e-04
1.097146286171489555e+04,6.250715232454240322e-04
1.098146419522603173e+04,6.249312427826225758e-04
1.099146552873716610e+04,6.247920100577175617e-04
1.100146686224830046e+04,6.246535340324044228e-04
1.101146819575943482e+04,6.245161057449877262e-04
1.102146952927057100e+04,6.243793177418410778e-04
1.103147086278170536e+04,6.242429371923208237e-04
1.104147219629283973e+04,6.241076043806970119e-04
1.105147352980397409e+04,6.239731446839869022e-04
1.106147486331511027e+04,6.238394416868686676e-04
1.107147619682624463e+04,6.237064953893423080e-04
1.108147753033737899e+04,6.235740729607641697e-04
1.109147886384851336e+04,6.234426400624215603e-04
1.110148019735964954e+04,6.233120220713317394e-04
1.111148153087078390e+04,6.231819279491901398e-04
1.112148286438191826e+04,6.230525323189795017e-04
1.113148419789305262e+04,6.229245918802917004e-04
1.114148553140418881e+04,6.227965932339429855e-04
1.115148686491532317e+04,6.226694677025079727e-04
1.116148819842645753e+04,6.225437973625957966e-04
1.117148953193759189e+04,6.224181852303445339e-04
1.118149086544872807e+04,6.222932715900242329e-04
1.119149219895986244e+04,6.221694056876003742e-04
1.120149353247099680e+04,6.220457144081592560e-04
1.121149486598213116e+04,6.219232454895973206e-04
1.122149619949326734e+04,6.218011258170008659e-04
1.123149753300440170e+04,6.216804613359272480e-04
1.124149886651553606e+04,6.215596222318708897e-04
1.125150020002667043e+04,6.214396562427282333e-04
1.126150153353780661e+04,6.213206797838211060e-04
1.127150286704894097e+04,6.212019943632185459e-04
1.128150420056007533e+04,6.210842984728515148e-04
1.129150553407120969e+04,6.209676503203809261e-04
1.130150686758234588e+04,6.208511185832321644e-04
1.131150820109348024e+04,6.207353435456752777e-04
1.132150953460461460e+04,6.206206162460148335e-04
1.133151086811574896e+04,6.205058307386934757e-04
1.134151220162688514e+04,6.203920347616076469e-04
1.135151353513801951e+04,6.202791701070964336e-04
1.136151486864915387e+04,6.201669457368552685e-04
1.137151620216028823e+04,6.200548959895968437e-04
1.138151753567142441e+04,6.199441850185394287e-04
1.139151886918255877e+04,6.198339397087693214e-04
1.140152020269369314e+04,6.197236361913383007e-04
1.141152153620482750e+04,6.196144968271255493e-04
1.142152286971596368e+04,6.195057649165391922e-04
1.143152420322709804e+04,6.193981389515101910e-04
1.144152553673823240e+04,6.192909786477684975e-04
1.145152687024936677e+04,6.191839929670095444e-04
1.146152820376050295e+04,6.190778221935033798e-04
1.147152953727163731e+04,6.189724081195890903e-04
1.148153087078277167e+04,6.188672850839793682e-04
1.149153220429390603e+04,6.187630351632833481e-04
1.150153353780504222e+04,6.186593091115355492e-04
1.151153487131617658e+04,6.185564561747014523e-04
1.152153620482731094e+04,6.184536614455282688e-04
1.153153753833844530e+04,6.183517398312687874e-04
1.154153887184958148e+04,6.182504585012793541e-04
1.155154020536071585e+04,6.181500502862036228e-04
1.156154153887185021e+04,6.180495838634669781e-04
1.157154287238298457e+04,6.179501069709658623e-04
1.158154420589412075e+04,6.178509793244302273e-04
1.159154553940525511e+04,6.177522591315209866e-04
1.160154687291638947e+04,6.176544702611863613e-04
1.161154820642752384e+04,6.175566813908517361e-04
1.162154953993866002e+04,6.174597656354308128e-04
1.163155087344979438e+04,6.173637812025845051e-04
1.164155220696092874e+04,6.172682042233645916e-04
1.165155354047206310e+04,6.171733839437365532e-04
1.166155487398319929e+04,6.170785054564476013e-04
1.167155620749433365e+04,6.169841508381068707e-04
1.168155754100546801e+04,6.168907275423407555e-04
1.169155887451660237e+04,6.167977117002010345e-04
1.170156020802773855e+04,6.167052779346704483e-04
1.171156154153887292e+04,6.166130769997835159e-04
1.172156287505000728e+04,6.165216327644884586e-04
1.173156420856114164e+04,6.164307123981416225e-04
1.174156554207227782e+04,6.163403159007430077e-04
1.175156687558341218e+04,6.162504432722926140e-04
1.176156820909454655e+04,6.161609780974686146e-04
1.177156954260568091e+04,6.160720949992537498e-04
1.178157087611681709e+04,6.159838521853089333e-04
1.179157220962795145e+04,6.158959004096686840e-04
1.180157354313908581e+04,6.158086471259593964e-04
1.181157487665022018e+04,6.157216848805546761e-04
1.182157621016135636e+04,6.156351882964372635e-04
1.183157754367249072e+04,6.155492155812680721e-04
1.184157887718362508e+04,6.154635339044034481e-04
1.185158021069475944e+04,6.153786671347916126e-04
1.186158154420589563e+04,6.152940914034843445e-04
1.187158287771702999e+04,6.152103305794298649e-04
1.188158421122816435e+04,6.151265697553753853e-04
1.189158554473929871e+04,6.150439148768782616e-04
1.190158687825043489e+04,6.149611435830593109e-04
1.191158821176156926e+04,6.148787215352058411e-04
1.192158954527270362e+04,6.147971143946051598e-04
1.193159087878383798e+04,6.147160311229526997e-04
1.194159221229497416e+04,6.146351806819438934e-04
1.195159354580610852e+04,6.145546212792396545e-04
1.196159487931724289e+04,6.144748767837882042e-04
1.197159621282837725e+04,6.143953651189804077e-04
1.198159754633951343e+04,6.143166101537644863e-04
1.199159887985064779e+04,6.142383208498358727e-04
1.200160021336178215e+04,6.141602643765509129e-04
1.201160154687291651e+04,6.140826153568923473e-04
1.202160288038405270e+04,6.140054902061820030e-04
1.203160421389518706e+04,6.139288889244198799e-04
1.204160554740632142e+04,6.138524622656404972e-04
1.205160688091745578e+04,6.137765012681484222e-04
1.206160821442859196e+04,6.137010641396045685e-04
1.207160954793972633e+04,6.136260344646871090e-04
1.208161088145086069e+04,6.135517032817006111e-04
1.209161221496199505e+04,6.134775467216968536e-04
1.210161354847313123e+04,6.134036811999976635e-04
1.211161488198426559e+04,6.133304559625685215e-04
1.212161621549539996e+04,6.132574635557830334e-04
1.213161754900653432e+04,6.131848786026239395e-04
1.214161888251767050e+04,6.131128175184130669e-04
1.215162021602880486e+04,6.130411056801676750e-04
1.216162154953993922e+04,6.129696848802268505e-04
1.217162288305107359e+04,6.128989043645560741e-04
1.218162421656220977e+04,6.128283566795289516e-04
1.219162555007334413e+04,6.127583328634500504e-04
1.220162688358447849e+04,6.126887747086584568e-04
1.221162821709561285e+04,6.126192165538668633e-04
1.222162955060674904e+04,6.125506479293107986e-04
1.223163088411788340e+04,6.124820793047547340e-04
1.224163221762901776e+04,6.124137435108423233e-04
1.225163355114015212e+04,6.123460480011999607e-04
1.226163488465128830e+04,6.122787599451839924e-04
1.227163621816242267e+04,6.122117047198116779e-04
1.228163755167355703e+04,6.121451151557266712e-04
1.229163888518469139e+04,6.120786420069634914e-04
1.230164021869582757e+04,6.120129255577921867e-04
1.231164155220696193e+04,6.119473255239427090e-04
1.232164288571809630e+04,6.118821911513805389e-04
1.233164421922923066e+04,6.118172896094620228e-04
1.234164555274036684e+04,6.117528537288308144e-04
1.235164688625150120e+04,6.116888253018260002e-04
1.236164821976263556e+04,6.116252043284475803e-04
1.237164955327376992e+04,6.115618743933737278e-04
1.238165088678490611e+04,6.114986026659607887e-04
1.239165222029604047e+04,6.114360876381397247e-04
1.240165355380717483e+04,6.113738636486232281e-04
1.241165488731830919e+04,6.113117560744285583e-04
1.242165622082944537e+04,6.112501723691821098e-04
1.243165755434057974e+04,6.111889379099011421e-04
1.244165888785171410e+04,6.111279362812638283e-04
1.245166022136284846e+04,6.110672838985919952e-04
1.246166155487398464e+04,6.110070971772074699e-04
1.247166288838511900e+04,6.109474343247711658e-04
1.248166422189625337e+04,6.108877714723348618e-04
1.249166555540738773e+04,6.108283996582031250e-04
1.250166688891852391e+04,6.107694352976977825e-04
1.251166822242965827e+04,6.107109365984797478e-04
1.252166955594079263e+04,6.106527871452271938e-04
1.253167088945192700e+04,6.105952197685837746e-04
1.254167222296306318e+04,6.105371285229921341e-04
1.255167355647419754e+04,6.104799685999751091e-04
1.256167488998533190e+04,6.104232743382453918e-04
1.257167622349646626e+04,6.103664054535329342e-04
1.258167755700760245e+04,6.103100022301077843e-04
1.259167889051873681e+04,6.102538900449872017e-04
1.260168022402987117e+04,6.101981271058320999e-04
1.261168155754100553e+04,6.101427134126424789e-04
1.262168289105214171e+04,6.100878235884010792e-04
1.263168422456327608e+04,6.100329919718205929e-04
1.264168555807441044e+04,6.099786842241883278e-04
1.265168689158554480e+04,6.099243764765560627e-04
1.266168822509668098e+04,6.098704761825501919e-04
1.267168955860781534e+04,6.098169833421707153e-04
1.268169089211894971e+04,6.097637815400958061e-04
1.269169222563008407e+04,6.097107543610036373e-04
1.270169355914122025e+04,6.096581928431987762e-04
1.271169489265235461e+04,6.096057477407157421e-04
1.272169622616348897e+04,6.095539429225027561e-04
1.273169755967462334e+04,6.095020798966288567e-04
1.274169889318575952e+04,6.094503914937376976e-04
1.275170022669689388e+04,6.093992851674556732e-04
1.276170156020802824e+04,6.093484698794782162e-04
1.277170289371916260e+04,6.092977710068225861e-04
1.278170422723029878e+04,6.092474795877933502e-04
1.279170556074143315e+04,6.091972463764250278e-04
1.280170689425256751e+04,6.091476534493267536e-04
1.281170822776370369e+04,6.090980605222284794e-04
1.282170956127483805e+04,6.090489332564175129e-04
1.283171089478597241e+04,6.090000388212502003e-04
1.284171222829710678e+04,6.089512025937438011e-04
1.285171356180824296e+04,6.089028902351856232e-04
1.286171489531937732e+04,6.088546942919492722e-04
1.287171622883051168e+04,6.088068475946784019e-04
1.288171756234164604e+04,6.087594083510339260e-04
1.289171889585278223e+04,6.087120273150503635e-04
1.290172022936391659e+04,6.086649955250322819e-04
1.291172156287505095e+04,6.086181383579969406e-04
1.292172289638618531e+04,6.085714558139443398e-04
1.293172422989732149e+04,6.085251225158572197e-04
1.294172556340845586e+04,6.084793130867183208e-04
1.295172689691959022e+04,6.084335036575794220e-04
1.296172823043072458e+04,6.083878688514232635e-04
1.297172956394186076e+04,6.083427579142153263e-04
1.298173089745299512e+04,6.082977051846683025e-04
1.299173223096412949e+04,6.082530017010867596e-04
1.300173356447526385e+04,6.082083564251661301e-04
1.301173489798640003e+04,6.081641186028718948e-04
1.302173623149753439e+04,6.081199389882385731e-04
1.303173756500866875e+04,6.080763414502143860e-04
1.304173889851980312e+04,6.080330931581556797e-04
1.305174023203093930e+04,6.079896120354533195e-04
1.306174156554207366e+04,6.079466547816991806e-04
1.307174289905320802e+04,6.079036393202841282e-04
1.308174423256434238e+04,6.078611477278172970e-04
1.309174556607547856e+04,6.078188307583332062e-04
1.310174689958661293e+04,6.077765137888491154e-04
1.311174823309774729e+04,6.077348371036350727e-04
1.312174956660888165e+04,6.076932768337428570e-04
1.313175090012001783e+04,6.076517165638506413e-04
1.314175223363115219e+04,6.076105637475848198e-04
1.315175356714228656e+04,6.075696437619626522e-04
1.316175490065342092e+04,6.075288401916623116e-04
1.317175623416455710e+04,6.074885022826492786e-04
1.318175756767569146e+04,6.074481643736362457e-04
1.319175890118682582e+04,6.074080592952668667e-04
1.320176023469796019e+04,6.073680706322193146e-04
1.321176156820909637e+04,6.073284894227981567e-04
1.322176290172023073e+04,6.072890828363597393e-04
1.323176423523136509e+04,6.072499090805649757e-04
1.324176556874249945e+04,6.072110845707356930e-04
1.325176690225363564e+04,6.071722600609064102e-04
1.326176823576477000e+04,6.071336683817207813e-04
1.327176956927590436e+04,6.070953677408397198e-04
1.328177090278703872e+04,6.070572417229413986e-04
1.329177223629817490e+04,6.070193485356867313e-04
1.330177356980930927e+04,6.069818628020584583e-04
1.331177490332044363e+04,6.069443770684301853e-04
1.332177623683157799e+04,6.069070077501237392e-04
1.333177757034271417e+04,6.068698712624609470e-04
1.334177890385384853e+04,6.068331422284245491e-04
1.335178023736498290e+04,6.067964131943881512e-04
1.336178157087611726e+04,6.067599169909954071e-04
1.337178290438725344e+04,6.067238864488899708e-04
1.338178423789838780e+04,6.066877394914627075e-04
1.339178557140952216e+04,6.066518835723400116e-04
1.340178690492065653e+04,6.066161440685391426e-04
1.341178823843179271e+04,6.065807538107037544e-04
1.342178957194292707e+04,6.065454217605292797e-04
1.343179090545406143e+04,6.065103807486593723e-04
1.344179223896519579e+04,6.064754561521112919e-04
1.345179357247633197e+04,6.064408808015286922e-04
1.346179490598746634e+04,6.064063636586070061e-04
1.347179623949860070e+04,6.063720793463289738e-04
1.348179757300973506e+04,6.063379114493727684e-04
1.349179890652087124e+04,6.063040345907211304e-04
1.350180024003200560e+04,6.062702741473913193e-04
1.351180157354313997e+04,6.062368047423660755e-04
1.352180290705427433e+04,6.062034517526626587e-04
1.353180424056541051e+04,6.061702733859419823e-04
1.354180557407654487e+04,6.061371532268822193e-04
1.355180690758767923e+04,6.061043823137879372e-04
1.356180824109881360e+04,6.060717278160154819e-04
1.357180957460994978e+04,6.060393061488866806e-04
1.358181090812108414e+04,6.060070591047406197e-04
1.359181224163221850e+04,6.059748702682554722e-04
1.360181357514335286e+04,6.059430888853967190e-04
1.361181490865448905e+04,6.059113075025379658e-04
1.362181624216562341e+04,6.058797589503228664e-04
1.363181757567675777e+04,6.058485014364123344e-04
1.364181890918789213e+04,6.058173021301627159e-04
1.365182024269902831e+04,6.057862774468958378e-04
1.366182157621016268e+04,6.057554273866117001e-04
1.367182290972129704e+04,6.057248101569712162e-04
1.368182424323243140e+04,6.056941929273307323e-04
1.369182557674356758e+04,6.056637503206729889e-04
1.370182691025470194e+04,6.056334241293370724e-04
1.371182824376583631e+04,6.056035053916275501e-04
1.372182957727697067e+04,6.055735284462571144e-04
1.373183091078810685e+04,6.055439589545130730e-04
1.374183224429924121e+04,6.055145640857517719e-04
1.375183357781037557e+04,6.054849945940077305e-04
1.376183491132150994e+04,6.054557743482291698e-04
1.377183624483264612e+04,6.054266705177724361e-04
1.378183757834378048e+04,6.053978577256202698e-04
1.379183891185491484e+04,6.053692777641117573e-04
1.380184024536604920e+04,6.053405813872814178e-04
1.381184157887718538e+04,6.053120596334338188e-04
1.382184291238831975e+04,6.052838289178907871e-04
1.383184424589945411e+04,6.052557146176695824e-04
1.384184557941058847e+04,6.052277167327702045e-04
1.385184691292172465e+04,6.052000680938363075e-04
1.386184824643285901e+04,6.051724194549024105e-04
1.387184957994399338e+04,6.051448872312903404e-04
1.388185091345512774e+04,6.051175878383219242e-04
1.389185224696626392e+04,6.050902884453535080e-04
1.390185358047739828e+04,6.050633382983505726e-04
1.391185491398853264e+04,6.050364463590085506e-04
1.392185624749966701e+04,6.050096126273274422e-04
1.393185758101080319e+04,6.049830117262899876e-04
1.394185891452193755e+04,6.049565854482352734e-04
1.395186024803307191e+04,6.049302755855023861e-04
1.396186158154420627e+04,6.049041403457522392e-04
1.397186291505534246e+04,6.048780051060020924e-04
1.398186424856647682e+04,6.048522773198783398e-04
1.399186558207761118e+04,6.048265495337545872e-04
1.400186691558874554e+04,6.048008799552917480e-04
1.401186824909988172e+04,6.047753267921507359e-04
1.402186958261101609e+04,6.047500646673142910e-04
1.403187091612215045e+04,6.047248607501387596e-04
1.404187224963328481e+04,6.046999478712677956e-04
1.405187358314442099e+04,6.046749185770750046e-04
1.406187491665555535e+04,6.046501803211867809e-04
1.407187625016668972e+04,6.046256166882812977e-04
1.408187758367782408e+04,6.046008784323930740e-04
1.409187891718896026e+04,6.045765476301312447e-04
1.410188025070009462e+04,6.045522750355303288e-04
1.411188158421122898e+04,6.045282352715730667e-04
1.412188291772236335e+04,6.045043119229376316e-04
1.413188425123349953e+04,6.044803885743021965e-04
1.414188558474463389e+04,6.044566398486495018e-04
1.415188691825576825e+04,6.044331239536404610e-04
1.416188825176690261e+04,6.044096662662923336e-04
1.417188958527803879e+04,6.043863249942660332e-04
1.418189091878917316e+04,6.043631583452224731e-04
1.419189225230030752e+04,6.043400499038398266e-04
1.420189358581144188e+04,6.043169996701180935e-04
1.421189491932257806e+04,6.042942986823618412e-04
1.422189625283371242e+04,6.042715394869446754e-04
1.423189758634484679e+04,6.042490131221711636e-04
1.424189891985598115e+04,6.042265449650585651e-04
1.425190025336711733e+04,6.042041932232677937e-04
1.426190158687825169e+04,6.041820161044597626e-04
1.427190292038938605e+04,6.041598971933126450e-04
1.428190425390052042e+04,6.041379529051482677e-04
1.429190558741165660e+04,6.041160668246448040e-04
1.430190692092279096e+04,6.040942971594631672e-04
1.431190825443392532e+04,6.040727603249251842e-04
1.432190958794505968e+04,6.040512234903872013e-04
1.433191092145619587e+04,6.040298612788319588e-04
1.434191225496733023e+04,6.040085572749376297e-04
1.435191358847846459e+04,6.039876025170087814e-04
1.436191492198959895e+04,6.039664149284362793e-04
1.437191625550073513e+04,6.039455183781683445e-04
1.438191758901186950e+04,6.039248546585440636e-04
1.439191892252300386e+04,6.039040745235979557e-04
1.440192025603413822e+04,6.038834690116345882e-04
1.441192158954527440e+04,6.038632127456367016e-04
1.442192292305640876e+04,6.038428400643169880e-04
1.443192425656754313e+04,6.038226420059800148e-04
1.444192559007867749e+04,6.038024439476430416e-04
1.445192692358981367e+04,6.037824205122888088e-04
1.446192825710094803e+04,6.037625134922564030e-04
1.447192959061208239e+04,6.037427228875458241e-04
1.448193092412321676e+04,6.037231069058179855e-04
1.449193225763435294e+04,6.037036073394119740e-04
1.450193359114548730e+04,6.036840495653450489e-04
1.451193492465662166e+04,6.036646664142608643e-04
1.452193625816775602e+04,6.036453996784985065e-04
1.453193759167889220e+04,6.036263075657188892e-04
1.454193892519002657e+04,6.036073318682610989e-04
1.455194025870116093e+04,6.035883561708033085e-04
1.456194159221229529e+04,6.035694386810064316e-04
1.457194292572343147e+04,6.035506958141922951e-04
1.458194425923456583e+04,6.035321857780218124e-04
1.459194559274570020e+04,6.035136175341904163e-04
1.460194692625683456e+04,6.034952821210026741e-04
1.461194825976797074e+04,6.034770049154758453e-04
1.462194959327910510e+04,6.034586695022881031e-04
1.463195092679023946e+04,6.034405669197440147e-04
1.464195226030137383e+04,6.034225807525217533e-04
1.465195359381251001e+04,6.034046527929604053e-04
1.466195492732364437e+04,6.033868412487208843e-04
1.467195626083477873e+04,6.033692043274641037e-04
1.468195759434591309e+04,6.033514509908854961e-04
1.469195892785704928e+04,6.033340469002723694e-04
1.470196026136818364e+04,6.033165846019983292e-04
1.471196159487931800e+04,6.032992387190461159e-04
1.472196292839045236e+04,6.032820092514157295e-04
1.473196426190158854e+04,6.032647797837853432e-04
1.474196559541272291e+04,6.032477249391376972e-04
1.475196692892385727e+04,6.032307865098118782e-04
1.476196826243499163e+04,6.032140227034687996e-04
1.477196959594612781e+04,6.031972006894648075e-04
1.478197092945726217e+04,6.031804368831217289e-04
1.479197226296839654e+04,6.031638476997613907e-04
1.480197359647953090e+04,6.031473167240619659e-04
1.481197492999066708e+04,6.031309603713452816e-04
1.482197626350180144e+04,6.031146040186285973e-04
1.483197759701293580e+04,6.030984222888946533e-04
1.484197893052407017e+04,6.030822405591607094e-04
1.485198026403520635e+04,6.030662334524095058e-04
1.486198159754634071e+04,6.030502263456583023e-04
1.487198293105747507e+04,6.030343938618898392e-04
1.488198426456860943e+04,6.030185031704604626e-04
1.489198559807974561e+04,6.030029035173356533e-04
1.490198693159087998e+04,6.029871874488890171e-04
1.491198826510201434e+04,6.029717042110860348e-04
1.492198959861314870e+04,6.029562209732830524e-04
1.493199093212428488e+04,6.029407959431409836e-04
1.494199226563541924e+04,6.029255455359816551e-04
1.495199359914655361e+04,6.029104697518050671e-04
1.496199493265768797e+04,6.028952193446457386e-04
1.497199626616882415e+04,6.028802599757909775e-04
1.498199759967995851e+04,6.028653006069362164e-04
1.499199893319109287e+04,6.028503994457423687e-04
1.500200026670222724e+04,6.028356146998703480e-04
1.501200160021336342e+04,6.028208299539983273e-04
1.502200293372449778e+04,6.028062780387699604e-04
1.503200426723563214e+04,6.027917843312025070e-04
1.504200560074676650e+04,6.027772906236350536e-04
1.505200693425790269e+04,6.027628551237285137e-04
1.506200826776903705e+04,6.027484778314828873e-04
1.507200960128017141e+04,6.027342751622200012e-04
1.508201093479130577e+04,6.027201307006180286e-04
1.509201226830244195e+04,6.027059862390160561e-04
1.510201360181357632e+04,6.026920746080577374e-04
1.511201493532471068e+04,6.026781047694385052e-04
1.512201626883584504e+04,6.026641931384801865e-04
1.513201760234698122e+04,6.026503397151827812e-04
1.514201893585811558e+04,6.026366609148681164e-04
1.515202026936924995e+04,6.026230403222143650e-04
1.516202160288038431e+04,6.026093615218997002e-04
1.517202293639152049e+04,6.025959155522286892e-04
1.518202426990265485e+04,6.025824695825576782e-04
1.519202560341378921e+04,6.025691982358694077e-04
1.520202693692492358e+04,6.025559268891811371e-04
1.521202827043605976e+04,6.025427137501537800e-04
1.522202960394719412e+04,6.025295588187873363e-04
1.523203093745832848e+04,6.025164620950818062e-04
1.524203227096946284e+04,6.025034235790371895e-04
1.525203360448059902e+04,6.024905596859753132e-04
1.526203493799173339e+04,6.024776957929134369e-04
1.527203627150286775e+04,6.024649483151733875e-04
1.528203760501400211e+04,6.024521426297724247e-04
1.529203893852513829e+04,6.024395115673542023e-04
1.530204027203627265e+04,6.024268805049359798e-04
1.531204160554740702e+04,6.024144822731614113e-04
1.532204293905854138e+04,6.024020258337259293e-04
1.533204427256967756e+04,6.023896276019513607e-04
1.534204560608081192e+04,6.023772875778377056e-04
1.535204693959194628e+04,6.023651221767067909e-04
1.536204827310308247e+04,6.023528985679149628e-04
1.537204960661421683e+04,6.023408495821058750e-04
1.538205094012535119e+04,6.023287423886358738e-04
1.539205227363648555e+04,6.023167516104876995e-04
1.540205360714762173e+04,6.023048772476613522e-04
1.541205494065875610e+04,6.022930028848350048e-04
1.542205627416989046e+04,6.022811867296695709e-04
1.543205760768102482e+04,6.022695451974868774e-04
1.544205894119216100e+04,6.022577872499823570e-04
1.545206027470329536e+04,6.022462621331214905e-04
1.546206160821442973e+04,6.022346206009387970e-04
1.547206294172556409e+04,6.022232118993997574e-04
1.548206427523670027e+04,6.022118031978607178e-04
1.549206560874783463e+04,6.022003944963216782e-04
1.550206694225896899e+04,6.021891604177653790e-04
1.551206827577010336e+04,6.021779845468699932e-04
1.552206960928123954e+04,6.021666922606527805e-04
1.553207094279237390e+04,6.021555745974183083e-04
1.554207227630350826e+04,6.021445151418447495e-04
1.555207360981464262e+04,6.021335721015930176e-04
1.556207494332577880e+04,6.021225708536803722e-04
1.557207627683691317e+04,6.021118024364113808e-04
1.558207761034804753e+04,6.021009176038205624e-04
1.559207894385918189e+04,6.020902073942124844e-04
1.560208027737031807e+04,6.020793807692825794e-04
1.561208161088145243e+04,6.020688451826572418e-04
1.562208294439258680e+04,6.020582513883709908e-04
1.563208427790372116e+04,6.020477158017456532e-04
1.564208561141485734e+04,6.020372384227812290e-04
1.565208694492599170e+04,6.020268192514777184e-04
1.566208827843712606e+04,6.020164582878351212e-04
1.567208961194826043e+04,6.020061555318534374e-04
1.568209094545939661e+04,6.019959109835326672e-04
1.569209227897053097e+04,6.019856082275509834e-04
1.570209361248166533e+04,6.019755965098738670e-04
1.571209494599279969e+04,6.019654683768749237e-04
1.572209627950393588e+04,6.019555148668587208e-04
1.573209761301507024e+04,6.019455031491816044e-04
1.574209894652620460e+04,6.019355496391654015e-04
1.575210028003733896e+04,6.019255379214882851e-04
1.576210161354847514e+04,6.019158172421157360e-04
1.577210294705960951e+04,6.019060965627431870e-04
1.578210428057074387e+04,6.018963758833706379e-04
1.579210561408187823e+04,6.018867134116590023e-04
1.580210694759301441e+04,6.018769927322864532e-04
1.581210828110414877e+04,6.018675630912184715e-04
1.582210961461528314e+04,6.018579588271677494e-04
1.583211094812641750e+04,6.018485291860997677e-04
1.584211228163755368e+04,6.018391577526926994e-04
1.585211361514868804e+04,6.018297863192856312e-04
1.586211494865982240e+04,6.018204730935394764e-04
1.587211628217095677e+04,6.018112762831151485e-04
1.588211761568209295e+04,6.018020212650299072e-04
1.589211894919322731e+04,6.017928826622664928e-04
1.590212028270436167e+04,6.017837440595030785e-04
1.591212161621549603e+04,6.017746636644005775e-04
1.592212294972663221e+04,6.017656996846199036e-04
1.593212428323776658e+04,6.017566774971783161e-04
1.594212561674890094e+04,6.017477717250585556e-04
1.595212695026003530e+04,6.017389241605997086e-04
1.596212828377117148e+04,6.017300765961408615e-04
1.597212961728230584e+04,6.017212872393429279e-04
1.598213095079344021e+04,6.017126142978668213e-04
1.599213228430457457e+04,6.017039995640516281e-04
1.600213361781571075e+04,6.016953266225755215e-04
1.601213495132684511e+04,6.016867700964212418e-04
1.602213628483797947e+04,6.016782135702669621e-04
1.603213761834911384e+04,6.016696570441126823e-04
1.604213895186025002e+04,6.016612751409411430e-04
1.605214028537138438e+04,6.016528932377696037e-04
1.606214161888251874e+04,6.016445113345980644e-04
1.607214295239365310e+04,6.016361876390874386e-04
1.608214428590478929e+04,6.016279803588986397e-04
1.609214561941592365e+04,6.016197148710489273e-04
1.610214695292705801e+04,6.016115075908601284e-04
1.611214828643819237e+04,6.016034167259931564e-04
1.612214961994932855e+04,6.015953258611261845e-04
1.613215095346046292e+04,6.015872349962592125e-04
1.614215228697159728e+04,6.015791441313922405e-04
1.615215362048273164e+04,6.015712860971689224e-04
1.616215495399386782e+04,6.015633698552846909e-04
1.617215628750500218e+04,6.015554536134004593e-04
1.618215762101613655e+04,6.015475955791771412e-04
1.619215895452727091e+04,6.015398539602756500e-04
1.620216028803840709e+04,6.015321705490350723e-04
1.621216162154954145e+04,6.015243125148117542e-04
1.622216295506067581e+04,6.015167455188930035e-04
1.623216428857181018e+04,6.015090621076524258e-04
1.624216562208294636e+04,6.015014369040727615e-04
1.625216695559408072e+04,6.014939863234758377e-04
1.626216828910521508e+04,6.014863611198961735e-04
1.627216962261634944e+04,6.014789105392992496e-04
1.628217095612748562e+04,6.014715181663632393e-04
1.629217228963861999e+04,6.014641840010881424e-04
1.630217362314975435e+04,6.014567916281521320e-04
1.631217495666088871e+04,6.014494574628770351e-04
1.632217629017202489e+04,6.014421815052628517e-04
1.633217762368315925e+04,6.014350219629704952e-04
1.634217895719429362e+04,6.014277460053563118e-04
1.635218029070542798e+04,6.014206446707248688e-04
1.636218162421656416e+04,6.014135433360934258e-04
1.637218295772769852e+04,6.014063837938010693e-04
1.638218429123883288e+04,6.013993988744914532e-04
1.639218562474996725e+04,6.013922975398600101e-04
1.640218695826110343e+04,6.013853126205503941e-04
1.641218829177223597e+04,6.013784441165626049e-04
1.642218962528337215e+04,6.013715756125748158e-04
1.643219095879450833e+04,6.013647071085870266e-04
1.644219229230564088e+04,6.013578968122601509e-04
1.645219362581677706e+04,6.013510283082723618e-04
1.646219495932791324e+04,6.013442762196063995e-04
1.647219629283904578e+04,6.013375823386013508e-04
1.648219762635018196e+04,6.013309466652572155e-04
1.649219895986131451e+04,6.013242527842521667e-04
1.650220029337245069e+04,6.013176753185689449e-04
1.651220162688358687e+04,6.013109814375638962e-04
1.652220296039471941e+04,6.013045203872025013e-04
1.653220429390585559e+04,6.012979429215192795e-04
1.654220562741699177e+04,6.012915982864797115e-04
1.655220696092812432e+04,6.012851372361183167e-04
1.656220829443926050e+04,6.012786761857569218e-04
1.657220962795039304e+04,6.012723897583782673e-04
1.658221096146152922e+04,6.012659869156777859e-04
1.659221229497266540e+04,6.012597004882991314e-04
1.660221362848379795e+04,6.012534140609204769e-04
1.661221496199493413e+04,6.012471276335418224e-04
1.662221629550607031e+04,6.012410158291459084e-04
1.663221762901720285e+04,6.012349040247499943e-04
1.664221896252833903e+04,6.012286758050322533e-04
1.665222029603947158e+04,6.012226222082972527e-04
1.666222162955060776e+04,6.012165104039013386e-04
1.667222296306174394e+04,6.012104568071663380e-04
1.668222429657287648e+04,6.012044032104313374e-04
1.669222563008401266e+04,6.011984660290181637e-04
1.670222696359514885e+04,6.011925288476049900e-04
1.671222829710628139e+04,6.011867080815136433e-04
1.672222963061741757e+04,6.011807126924395561e-04
1.673223096412855011e+04,6.011748919263482094e-04
1.674223229763968629e+04,6.011690129525959492e-04
1.675223363115082248e+04,6.011632503941655159e-04
1.676223496466195502e+04,6.011576042510569096e-04
1.677223629817309120e+04,6.011518416926264763e-04
1.678223763168422738e+04,6.011461373418569565e-04
1.679223896519535992e+04,6.011404329910874367e-04
1.680224029870649611e+04,6.011347868479788303e-04
1.681224163221762865e+04,6.011291989125311375e-04
1.682224296572876483e+04,6.011236109770834446e-04
1.683224429923990101e+04,6.011180812492966652e-04
1.684224563275103355e+04,6.011125515215098858e-04
1.685224696626216974e+04,6.011070217937231064e-04
1.686224829977330592e+04,6.011016084812581539e-04
1.687224963328443846e+04,6.010961369611322880e-04
1.688225096679557464e+04,6.010907818563282490e-04
1.689225230030670718e+04,6.010853685438632965e-04
1.690225363381784337e+04,6.010800134390592575e-04
1.691225496732897955e+04,6.010746583342552185e-04
1.692225630084011209e+04,6.010693614371120930e-04
1.693225763435124827e+04,6.010641227476298809e-04
1.694225896786238445e+04,6.010588258504867554e-04
1.695226030137351700e+04,6.010536453686654568e-04
1.696226163488465318e+04,6.010484648868441582e-04
1.697226296839578572e+04,6.010432844050228596e-04
1.698226430190692190e+04,6.010381621308624744e-04
1.699226563541805808e+04,6.010329816490411758e-04
1.700226696892919063e+04,6.010280339978635311e-04
1.701226830244032681e+04,6.010229699313640594e-04
1.702226963595146299e+04,6.010179058648645878e-04
1.703227096946259553e+04,6.010129582136869431e-04
1.704227230297373171e+04,6.010079523548483849e-04
1.705227363648486426e+04,6.010029464960098267e-04
1.706227496999600044e+04,6.009981152601540089e-04
1.707227630350713662e+04,6.009931676089763641e-04
1.708227763701826916e+04,6.009882781654596329e-04
1.709227897052940534e+04,6.009833887219429016e-04
1.710228030404054152e+04,6.009786739014089108e-04
1.711228163755167407e+04,6.009738426655530930e-04
1.712228297106281025e+04,6.009690114296972752e-04
1.713228430457394279e+04,6.009643548168241978e-04
1.714228563808507897e+04,6.009596399962902069e-04
1.715228697159621515e+04,6.009549251757562160e-04
1.716228830510734770e+04,6.009502103552222252e-04
1.717228963861848388e+04,6.009456701576709747e-04
1.718229097212962006e+04,6.009410135447978973e-04
1.719229230564075260e+04,6.009364151395857334e-04
1.720229363915188878e+04,6.009319331496953964e-04
1.721229497266302133e+04,6.009273347444832325e-04
1.722229630617415751e+04,6.009227363392710686e-04
1.723229763968529369e+04,6.009183125570416451e-04
1.724229897319642623e+04,6.009137723594903946e-04
1.725230030670756241e+04,6.009094067849218845e-04
1.726230164021869859e+04,6.009050412103533745e-04
1.727230297372983114e+04,6.009005592204630375e-04
1.728230430724096732e+04,6.008961354382336140e-04
1.729230564075209986e+04,6.008918862789869308e-04
1.730230697426323604e+04,6.008874624967575073e-04
1.731230830777437222e+04,6.008831551298499107e-04
1.732230964128550477e+04,6.008787895552814007e-04
1.733231097479664095e+04,6.008745986036956310e-04
1.734231230830777713e+04,6.008702912367880344e-04
1.735231364181890967e+04,6.008660420775413513e-04
1.736231497533004585e+04,6.008619093336164951e-04
1.737231630884117840e+04,6.008577183820307255e-04
1.738231764235231458e+04,6.008535856381058693e-04
1.739231897586345076e+04,6.008493946865200996e-04
1.740232030937458330e+04,6.008453201502561569e-04
1.741232164288571948e+04,6.008412456139922142e-04
1.742232297639685567e+04,6.008371128700673580e-04
1.743232430990798821e+04,6.008330383338034153e-04
1.744232564341912439e+04,6.008290802128612995e-04
1.745232697693025693e+04,6.008250638842582703e-04
1.746232831044139311e+04,6.008211057633161545e-04
1.747232964395252930e+04,6.008170312270522118e-04
1.748233097746366184e+04,6.008130731061100960e-04
1.749233231097479802e+04,6.008092314004898071e-04
1.750233364448593420e+04,6.008053314872086048e-04
1.751233497799706674e+04,6.008014315739274025e-04
1.752233631150820293e+04,6.007975316606462002e-04
1.753233764501933547e+04,6.007937481626868248e-04
1.754233897853047165e+04,6.007898482494056225e-04
1.755234031204160783e+04,6.007861229591071606e-04
1.756234164555274037e+04,6.007822812534868717e-04
1.757234297906387656e+04,6.007784977555274963e-04
1.758234431257501274e+04,6.007747724652290344e-04
1.759234564608614528e+04,6.007710471749305725e-04
1.760234697959728146e+04,6.007673218846321106e-04
1.761234831310841400e+04,6.007636548019945621e-04
1.762234964661955019e+04,6.007599877193570137e-04
1.763235098013068637e+04,6.007563206367194653e-04
1.764235231364181891e+04,6.007526535540819168e-04
1.765235364715295509e+04,6.007491028867661953e-04
1.766235498066409127e+04,6.007454940117895603e-04
1.767235631417522382e+04,6.007419433444738388e-04
1.768235764768636000e+04,6.007383344694972038e-04
1.769235898119749254e+04,6.007348420098423958e-04
1.770236031470862872e+04,6.007312913425266743e-04
1.771236164821976490e+04,6.007278570905327797e-04
1.772236298173089745e+04,6.007243064232170582e-04
1.773236431524203363e+04,6.007208139635622501e-04
1.774236564875316981e+04,6.007173215039074421e-04
1.775236698226430235e+04,6.007139454595744610e-04
1.776236831577543853e+04,6.007105694152414799e-04
1.777236964928657108e+04,6.007071351632475853e-04
1.778237098279770726e+04,6.007038173265755177e-04
1.779237231630884344e+04,6.007003830745816231e-04
1.780237364981997598e+04,6.006970652379095554e-04
1.781237498333111216e+04,6.006937474012374878e-04
1.782237631684224834e+04,6.006904295645654202e-04
1.783237765035338089e+04,6.006871699355542660e-04
1.784237898386451707e+04,6.006838520988821983e-04
1.785238031737564961e+04,6.006806506775319576e-04
1.786238165088678579e+04,6.006773328408598900e-04
1.787238298439792197e+04,6.006741314195096493e-04
1.788238431790905452e+04,6.006708717904984951e-04
1.789238565142019070e+04,6.006677867844700813e-04
1.790238698493132688e+04,6.006645853631198406e-04
1.791238831844245942e+04,6.006613839417695999e-04
1.792238965195359560e+04,6.006581825204193592e-04
1.793239098546473178e+04,6.006551557220518589e-04
1.794239231897586433e+04,6.006520125083625317e-04
1.795239365248700051e+04,6.006489857099950314e-04
1.796239498599813305e+04,6.006458424963057041e-04
1.797239631950926923e+04,6.006427574902772903e-04
1.798239765302040541e+04,6.006397888995707035e-04
1.799239898653153796e+04,6.006367038935422897e-04
1.800240032004267414e+04,6.006337353028357029e-04
1.801240165355381032e+04,6.006307667121291161e-04
1.802240298706494286e+04,6.006277399137616158e-04
1.803240432057607904e+04,6.006247131153941154e-04
1.804240565408721159e+04,6.006218027323484421e-04
1.805240698759834777e+04,6.006188341416418552e-04
1.806240832110948395e+04,6.006159237585961819e-04
1.807240965462061649e+04,6.006130133755505085e-04
1.808241098813175267e+04,6.006101612001657486e-04
1.809241232164288886e+04,6.006073090247809887e-04
1.810241365515402140e+04,6.006043986417353153e-04
1.811241498866515758e+04,6.006015464663505554e-04
1.812241632217629012e+04,6.005986942909657955e-04
1.813241765568742630e+04,6.005958421155810356e-04
1.814241898919856249e+04,6.005930481478571892e-04
1.815242032270969503e+04,6.005902541801333427e-04
1.816242165622083121e+04,6.005874602124094963e-04
1.817242298973196739e+04,6.005847826600074768e-04
1.818242432324309993e+04,6.005819886922836304e-04
1.819242565675423612e+04,6.005792529322206974e-04
1.820242699026536866e+04,6.005765171721577644e-04
1.821242832377650484e+04,6.005738978274166584e-04
1.822242965728764102e+04,6.005711038596928120e-04
1.823243099079877356e+04,6.005684845149517059e-04
1.824243232430990975e+04,6.005658069625496864e-04
1.825243365782104593e+04,6.005631294101476669e-04
1.826243499133217847e+04,6.005604518577456474e-04
1.827243632484331465e+04,6.005578907206654549e-04
1.828243765835444719e+04,6.005553295835852623e-04
1.829243899186558338e+04,6.005527102388441563e-04
1.830244032537671956e+04,6.005500908941030502e-04
1.831244165888785210e+04,6.005475879646837711e-04
1.832244299239898828e+04,6.005450268276035786e-04
1.833244432591012446e+04,6.005423492752015591e-04
1.834244565942125701e+04,6.005398463457822800e-04
1.835244699293239319e+04,6.005374016240239143e-04
1.836244832644352573e+04,6.005348404869437218e-04
1.837244965995466191e+04,6.005323957651853561e-04
1.838245099346579809e+04,6.005299510434269905e-04
1.839245232697693064e+04,6.005273899063467979e-04
1.840245366048806682e+04,6.005248869769275188e-04
1.841245499399920300e+04,6.005225004628300667e-04
1.842245632751033554e+04,6.005200557410717010e-04
1.843245766102147172e+04,6.005175528116524220e-04
1.844245899453260427e+04,6.005151662975549698e-04
1.845246032804374045e+04,6.005128961987793446e-04
1.846246166155487663e+04,6.005105096846818924e-04
1.847246299506600917e+04,6.005081231705844402e-04
1.848246432857714535e+04,6.005057366564869881e-04
1.849246566208828153e+04,6.005034083500504494e-04
1.850246699559941408e+04,6.005010800436139107e-04
1.851246832911055026e+04,6.004986935295164585e-04
1.852246966262168280e+04,6.004963652230799198e-04
1.853247099613281898e+04,6.004941533319652081e-04
1.854247232964395516e+04,6.004917668178677559e-04
1.855247366315508771e+04,6.004894967190921307e-04
1.856247499666622389e+04,6.004872848279774189e-04
1.857247633017736007e+04,6.004850147292017937e-04
1.858247766368849261e+04,6.004827446304261684e-04
1.859247899719962879e+04,6.004805327393114567e-04
1.860248033071076134e+04,6.004783208481967449e-04
1.861248166422189752e+04,6.004761671647429466e-04
1.862248299773303370e+04,6.004738388583064079e-04
1.863248433124416624e+04,6.004717433825135231e-04
1.864248566475530242e+04,6.004695896990597248e-04
1.865248699826643860e+04,6.004673196002840996e-04
1.866248833177757115e+04,6.004652241244912148e-04
1.867248966528870733e+04,6.004630704410374165e-04
1.868249099879983987e+04,6.004609749652445316e-04
1.869249233231097605e+04,6.004588212817907333e-04
1.870249366582211223e+04,6.004567258059978485e-04
1.871249499933324478e+04,6.004546303302049637e-04
1.872249633284438096e+04,6.004524766467511654e-04
1.873249766635551714e+04,6.004503811709582806e-04
1.874249899986664968e+04,6.004484021104872227e-04
1.875250033337778586e+04,6.004463066346943378e-04
1.876250166688891841e+04,6.004443275742232800e-04
1.877250300040005459e+04,6.004421738907694817e-04
1.878250433391119077e+04,6.004401366226375103e-04
1.879250566742232331e+04,6.004382157698273659e-04
1.880250700093345949e+04,6.004361785016953945e-04
1.881250833444459568e+04,6.004340830259025097e-04
1.882250966795572822e+04,6.004321621730923653e-04
1.883251100146686440e+04,6.004301249049603939e-04
1.884251233497799694e+04,6.004282040521502495e-04
1.885251366848913312e+04,6.004262831993401051e-04
1.886251500200026931e+04,6.004243041388690472e-04
1.887251633551140185e+04,6.004223832860589027e-04
1.888251766902253803e+04,6.004204624332487583e-04
1.889251900253367421e+04,6.004184833727777004e-04
1.890252033604480675e+04,6.004165625199675560e-04
1.891252166955594294e+04,6.004147580824792385e-04
1.892252300306707548e+04,6.004128372296690941e-04
1.893252433657821166e+04,6.004109745845198631e-04
1.894252567008934784e+04,6.004089955240488052e-04
1.895252700360048038e+04,6.004071910865604877e-04
1.896252833711161657e+04,6.004053284414112568e-04
1.897252967062275275e+04,6.004034657962620258e-04
1.898253100413388529e+04,6.004016031511127949e-04
1.899253233764502147e+04,6.003997987136244774e-04
1.900253367115615401e+04,6.003979360684752464e-04
1.901253500466729020e+04,6.003962480463087559e-04
1.902253633817842638e+04,6.003944436088204384e-04
1.903253767168955892e+04,6.003925809636712074e-04
1.904253900520069510e+04,6.003907765261828899e-04
1.905254033871183128e+04,6.003889720886945724e-04
1.906254167222296383e+04,6.003872840665280819e-04
1.907254300573410001e+04,6.003854796290397644e-04
1.908254433924523255e+04,6.003836751915514469e-04
1.909254567275636873e+04,6.003820453770458698e-04
1.910254700626750491e+04,6.003802991472184658e-04
1.911254833977863746e+04,6.003786111250519753e-04
1.912254967328977364e+04,6.003769231028854847e-04
1.913255100680090982e+04,6.003752350807189941e-04
1.914255234031204236e+04,6.003734888508915901e-04
1.915255367382317854e+04,6.003718008287250996e-04
1.916255500733431109e+04,6.003700545988976955e-04
1.917255634084544727e+04,6.003683665767312050e-04
1.918255767435658345e+04,6.003668531775474548e-04
1.919255900786771599e+04,6.003651069477200508e-04
1.920256034137885217e+04,6.003635353408753872e-04
1.921256167488998835e+04,6.003618473187088966e-04
1.922256300840112090e+04,6.003601592965424061e-04
1.923256434191225708e+04,6.003585876896977425e-04
1.924256567542338962e+04,6.003570160828530788e-04
1.925256700893452580e+04,6.003554444760084152e-04
1.926256834244566198e+04,6.003537564538419247e-04
1.927256967595679453e+04,6.003521848469972610e-04
1.928257100946793071e+04,6.003505550324916840e-04
1.929257234297906689e+04,6.003490998409688473e-04
1.930257367649019943e+04,6.003474118188023567e-04
1.931257501000133561e+04,6.003458984196186066e-04
1.932257634351246816e+04,6.003443850204348564e-04
1.933257767702360434e+04,6.003428134135901928e-04
1.934257901053474052e+04,6.003413000144064426e-04
1.935258034404587306e+04,6.003396701999008656e-04
1.936258167755700924e+04,6.003382732160389423e-04
1.937258301106814542e+04,6.003367016091942787e-04
1.938258434457927797e+04,6.003351882100105286e-04
1.939258567809041415e+04,6.003337912261486053e-04
1.940258701160154669e+04,6.003322196193039417e-04
1.941258834511268287e+04,6.003307062201201916e-04
1.942258967862381905e+04,6.003291928209364414e-04
1.943259101213495160e+04,6.003277376294136047e-04
1.944259234564608778e+04,6.003263406455516815e-04
1.945259367915722396e+04,6.003248854540288448e-04
1.946259501266835650e+04,6.003234884701669216e-04
1.947259634617949268e+04,6.003220332786440849e-04
1.948259767969062523e+04,6.003205780871212482e-04
1.949259901320176141e+04,6.003191811032593250e-04
1.950260034671289759e+04,6.003176677040755749e-04
1.951260168022403013e+04,6.003162125125527382e-04
1.952260301373516631e+04,6.003148737363517284e-04
1.953260434724630250e+04,6.003135349601507187e-04
1.954260568075743504e+04,6.003120797686278820e-04
1.955260701426857122e+04,6.003106245771050453e-04
1.956260834777970376e+04,6.003092858009040356e-04
1.957260968129083994e+04,6.003079470247030258e-04
1.958261101480197613e+04,6.003066664561629295e-04
1.959261234831310867e+04,6.003052694723010063e-04
1.960261368182424485e+04,6.003039306960999966e-04
1.961261501533538103e+04,6.003025919198989868e-04
1.962261634884651357e+04,6.003012531436979771e-04
1.963261768235764976e+04,6.002998561598360538e-04
1.964261901586878230e+04,6.002984591759741306e-04
1.965262034937991848e+04,6.002972368150949478e-04
1.966262168289105466e+04,6.002958980388939381e-04
1.967262301640218720e+04,6.002945592626929283e-04
1.968262434991332339e+04,6.002932204864919186e-04
1.969262568342445957e+04,6.002919981256127357e-04
1.970262701693559211e+04,6.002907757647335529e-04
1.971262835044672829e+04,6.002894369885325432e-04
1.972262968395786083e+04,6.002881564199924469e-04
1.973263101746899702e+04,6.002868758514523506e-04
1.974263235098013320e+04,6.002855952829122543e-04
1.975263368449126574e+04,6.002844311296939850e-04
1.976263501800240192e+04,6.002831505611538887e-04
1.977263635151353810e+04,6.002818699926137924e-04
1.978263768502467065e+04,6.002806476317346096e-04
1.979263901853580683e+04,6.002794252708554268e-04
1.980264035204693937e+04,6.002782029099762440e-04
1.981264168555807555e+04,6.002769805490970612e-04
1.982264301906921173e+04,6.002758163958787918e-04
1.983264435258034428e+04,6.002746522426605225e-04
1.984264568609148046e+04,6.002734298817813396e-04
1.985264701960261664e+04,6.002721493132412434e-04
1.986264835311374918e+04,6.002709851600229740e-04
1.987264968662488536e+04,6.002697627991437912e-04
1.988265102013601791e+04,6.002686568535864353e-04
1.989265235364715409e+04,6.002675509080290794e-04
1.990265368715829027e+04,6.002662703394889832e-04
1.991265502066942281e+04,6.002651061862707138e-04
1.992265635418055899e+04,6.002639420330524445e-04
1.993265768769169517e+04,6.002628360874950886e-04
1.994265902120282772e+04,6.002616719342768192e-04
1.995266035471396390e+04,6.002605077810585499e-04
1.996266168822509644e+04,6.002594018355011940e-04
1.997266302173623262e+04,6.002582376822829247e-04
1.998266435524736880e+04,6.002571317367255688e-04
1.999266568875850135e+04,6.002560257911682129e-04
2.000266702226963753e+04,6.002549198456108570e-04
2.001266835578077371e+04,6.002537556923925877e-04
2.002266968929190625e+04,6.002526497468352318e-04
2.003267102280304243e+04,6.002516020089387894e-04
2.004267235631417498e+04,6.002504960633814335e-04
2.005267368982531116e+04,6.002493901178240776e-04
2.006267502333644734e+04,6.002483423799276352e-04
2.007267635684757988e+04,6.002472364343702793e-04
2.008267769035871606e+04,6.002461886964738369e-04
2.009267902386985224e+04,6.002450827509164810e-04
2.010268035738098479e+04,6.002440350130200386e-04
2.011268169089212097e+04,6.002429872751235962e-04
2.012268302440325351e+04,6.002419395372271538e-04
2.013268435791438969e+04,6.002409500069916248e-04
2.014268569142552587e+04,6.002398440614342690e-04
2.015268702493665842e+04,6.002388545311987400e-04
2.016268835844779460e+04,6.002378067933022976e-04
2.017268969195893078e+04,6.002367590554058552e-04
2.018269102547006332e+04,6.002357695251703262e-04
2.019269235898119950e+04,6.002347799949347973e-04
2.020269369249233205e+04,6.002337322570383549e-04
2.021269502600346823e+04,6.002326263114809990e-04
2.022269635951460441e+04,6.002317531965672970e-04
2.023269769302573695e+04,6.002307054586708546e-04
2.024269902653687313e+04,6.002297159284353256e-04
2.025270036004800932e+04,6.002287846058607101e-04
2.026270169355914186e+04,6.002277950756251812e-04
2.027270302707027804e+04,6.002267473377287388e-04
2.028270436058141058e+04,6.002257578074932098e-04
2.029270569409254676e+04,6.002248264849185944e-04
2.030270702760368295e+04,6.002238951623439789e-04
2.031270836111481549e+04,6.002229638397693634e-04
2.032270969462595167e+04,6.002219743095338345e-04
2.033271102813708785e+04,6.002210429869592190e-04
2.034271236164822039e+04,6.002201116643846035e-04
2.035271369515935658e+04,6.002191221341490746e-04
2.036271502867048912e+04,6.002181908115744591e-04
2.037271636218162530e+04,6.002172594889998436e-04
2.038271769569276148e+04,6.002162699587643147e-04
2.039271902920389402e+04,6.002155132591724396e-04
2.040272036271503021e+04,6.002145237289369106e-04
2.041272169622616639e+04,6.002135341987013817e-04
2.042272302973729893e+04,6.002127192914485931e-04
2.043272436324843511e+04,6.002117879688739777e-04
2.044272569675956765e+04,6.002108566462993622e-04
2.045272703027070384e+04,6.002099835313856602e-04
2.046272836378184002e+04,6.002090522088110447e-04
2.047272969729297256e+04,6.002080626785755157e-04
2.048273103080410874e+04,6.002072477713227272e-04
2.049273236431524492e+04,6.002064328640699387e-04
2.050273369782637747e+04,6.002054433338344097e-04
2.051273503133751365e+04,6.002046284265816212e-04
2.052273636484864983e+04,6.002038135193288326e-04
2.053273769835978237e+04,6.002029404044151306e-04
2.054273903187091855e+04,6.002020672895014286e-04
2.055274036538205110e+04,6.002011359669268131e-04
2.056274169889318728e+04,6.002003792673349380e-04
2.057274303240432346e+04,6.001995061524212360e-04
2.058274436591545600e+04,6.001987494528293610e-04
2.059274569942659218e+04,6.001977599225938320e-04
2.060274703293772836e+04,6.001969450153410435e-04
2.061274836644886091e+04,6.001961301080882549e-04
2.062274969995999709e+04,6.001953734084963799e-04
2.063275103347112963e+04,6.001945002935826778e-04
2.064275236698226581e+04,6.001936853863298893e-04
2.065275370049340199e+04,6.001929286867380142e-04
2.066275503400453454e+04,6.001920555718243122e-04
2.067275636751567072e+04,6.001911824569106102e-04
2.068275770102680690e+04,6.001904839649796486e-04
2.069275903453793944e+04,6.001896108500659466e-04
2.070276036804907562e+04,6.001888541504740715e-04
2.071276170156020817e+04,6.001880974508821964e-04
2.072276303507134435e+04,6.001871661283075809e-04
2.073276436858248053e+04,6.001864094287157059e-04
2.074276570209361307e+04,6.001856527291238308e-04
2.075276703560474925e+04,6.001848960295319557e-04
2.076276836911588543e+04,6.001840811222791672e-04
2.077276970262701798e+04,6.001833826303482056e-04
2.078277103613815416e+04,6.001826259307563305e-04
2.079277236964928670e+04,6.001818692311644554e-04
2.080277370316042288e+04,6.001811707392334938e-04
2.081277503667155906e+04,6.001802976243197918e-04
2.082277637018269161e+04,6.001795991323888302e-04
2.083277770369382779e+04,6.001787842251360416e-04
2.084277903720496397e+04,6.001780857332050800e-04
2.085278037071609651e+04,6.001773290336132050e-04
2.086278170422723269e+04,6.001766305416822433e-04
2.087278303773836524e+04,6.001759320497512817e-04
2.088278437124950142e+04,6.001750589348375797e-04
2.089278570476063760e+04,6.001744768582284451e-04
2.090278703827177014e+04,6.001737201586365700e-04
2.091278837178290632e+04,6.001729052513837814e-04
2.092278970529404251e+04,6.001721485517919064e-04
2.093279103880517505e+04,6.001715664751827717e-04
2.094279237231631123e+04,6.001708097755908966e-04
2.095279370582744377e+04,6.001700530759990215e-04
2.096279503933857995e+04,6.001693545840680599e-04
2.097279637284971614e+04,6.001686560921370983e-04
2.098279770636084868e+04,6.001680158078670502e-04
2.099279903987198486e+04,6.001672591082751751e-04
2.100280037338312104e+04,6.001666188240051270e-04
2.101280170689425358e+04,6.001659203320741653e-04
2.102280304040538977e+04,6.001651636324822903e-04
2.103280437391652231e+04,6.001644651405513287e-04
2.104280570742765849e+04,6.001639412716031075e-04
2.105280704093879467e+04,6.001631845720112324e-04
2.106280837444992721e+04,6.001623696647584438e-04
2.107280970796106340e+04,6.001617875881493092e-04
2.108281104147219958e+04,6.001610890962183475e-04
2.109281237498333212e+04,6.001605070196092129e-04
2.110281370849446830e+04,6.001598085276782513e-04
2.111281504200560084e+04,6.001591682434082031e-04
2.112281637551673703e+04,6.001584697514772415e-04
2.113281770902787321e+04,6.001578876748681068e-04
2.114281904253900575e+04,6.001571891829371452e-04
2.115282037605014193e+04,6.001566071063280106e-04
2.116282170956127811e+04,6.001559086143970490e-04
2.117282304307241066e+04,6.001552683301270008e-04
2.118282437658354684e+04,6.001546862535178661e-04
2.119282571009467938e+04,6.001539295539259911e-04
2.120282704360581556e+04,6.001534056849777699e-04
2.121282837711695174e+04,6.001526489853858948e-04
2.122282971062808429e+04,6.001520669087767601e-04
2.123283104413922047e+04,6.001514848321676254e-04
2.124283237765035665e+04,6.001508445478975773e-04
2.125283371116148919e+04,6.001502624712884426e-04
2.126283504467262537e+04,6.001496221870183945e-04
2.127283637818375792e+04,6.001489819027483463e-04
2.128283771169489410e+04,6.001483998261392117e-04
2.129283904520603028e+04,6.001477595418691635e-04
2.130284037871716282e+04,6.001472356729209423e-04
2.131284171222829900e+04,6.001465371809899807e-04
2.132284304573943518e+04,6.001460133120417595e-04
2.133284437925056773e+04,6.001454312354326248e-04
2.134284571276170391e+04,6.001447909511625767e-04
2.135284704627283645e+04,6.001442088745534420e-04
2.136284837978397263e+04,6.001436267979443073e-04
2.137284971329510881e+04,6.001431029289960861e-04
2.138285104680624136e+04,6.001425208523869514e-04
2.139285238031737754e+04,6.001418805681169033e-04
2.140285371382851372e+04,6.001412984915077686e-04
2.141285504733964626e+04,6.001407746225595474e-04
2.142285638085078244e+04,6.001401925459504128e-04
2.143285771436191499e+04,6.001396104693412781e-04
2.144285904787305117e+04,6.001390283927321434e-04
2.145286038138418735e+04,6.001384463161230087e-04
2.146286171489531989e+04,6.001379224471747875e-04
2.147286304840645607e+04,6.001373403705656528e-04
2.148286438191759225e+04,6.001368165016174316e-04
2.149286571542872480e+04,6.001362344250082970e-04
2.150286704893986098e+04,6.001357105560600758e-04
2.151286838245099352e+04,6.001351284794509411e-04
2.152286971596212970e+04,6.001345464028418064e-04
2.153287104947326588e+04,6.001340225338935852e-04
2.154287238298439843e+04,6.001334986649453640e-04
2.155287371649553461e+04,6.001329747959971428e-04
2.156287505000667079e+04,6.001324509270489216e-04
2.157287638351780333e+04,6.001319270581007004e-04
2.158287771702893951e+04,6.001312867738306522e-04
2.159287905054007206e+04,6.001308211125433445e-04
2.160288038405120824e+04,6.001302972435951233e-04
2.161288171756234442e+04,6.001297733746469021e-04
2.162288305107347696e+04,6.001292495056986809e-04
2.163288438458461314e+04,6.001287256367504597e-04
2.164288571809574933e+04,6.001282017678022385e-04
2.165288705160688187e+04,6.001277361065149307e-04
2.166288838511801805e+04,6.001272122375667095e-04
2.167288971862915059e+04,6.001266301609575748e-04
2.168289105214028677e+04,6.001261644996702671e-04
2.169289238565142296e+04,6.001256988383829594e-04
2.170289371916255550e+04,6.001250585541129112e-04
2.171289505267369168e+04,6.001246511004865170e-04
2.172289638618482786e+04,6.001241272315382957e-04
2.173289771969596040e+04,6.001236033625900745e-04
2.174289905320709659e+04,6.001231377013027668e-04
2.175290038671822913e+04,6.001226138323545456e-04
2.176290172022936531e+04,6.001221481710672379e-04
2.177290305374050149e+04,6.001217407174408436e-04
2.178290438725163403e+04,6.001211004331707954e-04
2.179290572076277022e+04,6.001206929795444012e-04
2.180290705427390640e+04,6.001202273182570934e-04
2.181290838778503894e+04,6.001197616569697857e-04
2.182290972129617512e+04,6.001192959956824780e-04
2.183291105480730766e+04,6.001188303343951702e-04
2.184291238831844385e+04,6.001183646731078625e-04
2.185291372182958003e+04,6.001177825964987278e-04
2.186291505534071257e+04,6.001173751428723335e-04
2.187291638885184875e+04,6.001169094815850258e-04
2.188291772236298493e+04,6.001164438202977180e-04
2.189291905587411748e+04,6.001159781590104103e-04
2.190292038938525366e+04,6.001155707053840160e-04
2.191292172289638620e+04,6.001151050440967083e-04
2.192292305640752238e+04,6.001146393828094006e-04
2.193292438991865856e+04,6.001141155138611794e-04
2.194292572342979111e+04,6.001137662678956985e-04
2.195292705694092729e+04,6.001132423989474773e-04
2.196292839045206347e+04,6.001127767376601696e-04
2.197292972396319601e+04,6.001124274916946888e-04
2.198293105747433219e+04,6.001119618304073811e-04
2.199293239098546474e+04,6.001115543767809868e-04
2.200293372449660092e+04,6.001109723001718521e-04
2.201293505800773710e+04,6.001106230542063713e-04
2.202293639151886964e+04,6.001101573929190636e-04
2.203293772503000582e+04,6.001096917316317558e-04
2.204293905854114200e+04,6.001092842780053616e-04
2.205294039205227455e+04,6.001088768243789673e-04
2.206294172556341073e+04,6.001084111630916595e-04
2.207294305907454327e+04,6.001080037094652653e-04
2.208294439258567945e+04,6.001075380481779575e-04
2.209294572609681563e+04,6.001071888022124767e-04
2.210294705960794818e+04,6.001067231409251690e-04
2.211294839311908436e+04,6.001063156872987747e-04
2.212294972663022054e+04,6.001058500260114670e-04
2.213295106014135308e+04,6.001055007800459862e-04
2.214295239365248926e+04,6.001049769110977650e-04
2.215295372716362181e+04,6.001046858727931976e-04
2.216295506067475799e+04,6.001042202115058899e-04
2.217295639418589417e+04,6.001038127578794956e-04
2.218295772769702671e+04,6.001034635119140148e-04
2.219295906120816289e+04,6.001030560582876205e-04
2.220296039471929907e+04,6.001026486046612263e-04
2.221296172823043162e+04,6.001022411510348320e-04
2.222296306174156780e+04,6.001017754897475243e-04
2.223296439525270034e+04,6.001013680361211300e-04
2.224296572876383652e+04,6.001010187901556492e-04
2.225296706227497270e+04,6.001006113365292549e-04
2.226296839578610525e+04,6.001002038829028606e-04
2.227296972929724143e+04,6.000997964292764664e-04
2.228297106280837761e+04,6.000994471833109856e-04
2.229297239631951015e+04,6.000990397296845913e-04
2.230297372983064633e+04,6.000986322760581970e-04
2.231297506334177888e+04,6.000982830300927162e-04
2.232297639685291506e+04,6.000979337841272354e-04
2.233297773036405124e+04,6.000975263305008411e-04
2.234297906387518378e+04,6.000971770845353603e-04
2.235298039738631996e+04,6.000967114232480526e-04
2.236298173089745615e+04,6.000964203849434853e-04
2.237298306440858869e+04,6.000959547236561775e-04
2.238298439791972487e+04,6.000956636853516102e-04
2.239298573143085741e+04,6.000951980240643024e-04
2.240298706494199359e+04,6.000948487780988216e-04
2.241298839845312978e+04,6.000945577397942543e-04
2.242298973196426232e+04,6.000942084938287735e-04
2.243299106547539850e+04,6.000938010402023792e-04
2.244299239898653468e+04,6.000934517942368984e-04
2.245299373249766722e+04,6.000930443406105042e-04
2.246299506600880341e+04,6.000926950946450233e-04
2.247299639951993595e+04,6.000924040563404560e-04
2.248299773303107213e+04,6.000919966027140617e-04
2.249299906654220831e+04,6.000916473567485809e-04
2.250300040005334085e+04,6.000912399031221867e-04
2.251300173356447704e+04,6.000909488648176193e-04
2.252300306707561322e+04,6.000905996188521385e-04
2.253300440058674576e+04,6.000901921652257442e-04
2.254300573409788194e+04,6.000898429192602634e-04
2.255300706760901448e+04,6.000895518809556961e-04
2.256300840112015067e+04,6.000892608426511288e-04
2.257300973463128685e+04,6.000888533890247345e-04
2.258301106814241939e+04,6.000885041430592537e-04
2.259301240165355557e+04,6.000880966894328594e-04
2.260301373516469175e+04,6.000878056511282921e-04
2.261301506867582430e+04,6.000875146128237247e-04
2.262301640218696048e+04,6.000871653668582439e-04
2.263301773569809302e+04,6.000868161208927631e-04
2.264301906920922920e+04,6.000864668749272823e-04
2.265302040272036538e+04,6.000861758366227150e-04
2.266302173623149793e+04,6.000857683829963207e-04
2.267302306974263411e+04,6.000855355523526669e-04
2.268302440325377029e+04,6.000851280987262726e-04
2.269302573676490283e+04,6.000848370604217052e-04
2.270302707027603901e+04,6.000844878144562244e-04
2.271302840378717156e+04,6.000841967761516571e-04
2.272302973729830774e+04,6.000838475301861763e-04
2.273303107080944392e+04,6.000835564918816090e-04
2.274303240432057646e+04,6.000832654535770416e-04
2.275303373783171264e+04,6.000828579999506474e-04
2.276303507134284882e+04,6.000826251693069935e-04
2.277303640485398137e+04,6.000822759233415127e-04
2.278303773836511755e+04,6.000819848850369453e-04
2.279303907187625009e+04,6.000816938467323780e-04
2.280304040538738627e+04,6.000814028084278107e-04
2.281304173889852245e+04,6.000810535624623299e-04
2.282304307240965500e+04,6.000806461088359356e-04
2.283304440592079118e+04,6.000803550705313683e-04
2.284304573943192736e+04,6.000801222398877144e-04
2.285304707294305990e+04,6.000797729939222336e-04
2.286304840645419608e+04,6.000794819556176662e-04
2.287304973996532863e+04,6.000792491249740124e-04
2.288305107347646481e+04,6.000788998790085316e-04
2.289305240698760099e+04,6.000786088407039642e-04
2.290305374049873353e+04,6.000782595947384834e-04
2.291305507400986971e+04,6.000780849717557430e-04
2.292305640752100589e+04,6.000777357257902622e-04
2.293305774103213844e+04,6.000774446874856949e-04
2.294305907454327462e+04,6.000772118568420410e-04
2.295306040805440716e+04,6.000767461955547333e-04
2.296306174156554334e+04,6.000765715725719929e-04
2.297306307507667952e+04,6.000762805342674255e-04
2.298306440858781207e+04,6.000760477036237717e-04
2.299306574209894825e+04,6.000756402499973774e-04
2.300306707561008443e+04,6.000754074193537235e-04
2.301306840912121697e+04,6.000751163810491562e-04
2.302306974263235315e+04,6.000748253427445889e-04
2.303307107614348570e+04,6.000745343044400215e-04
2.304307240965462188e+04,6.000743014737963676e-04
2.305307374316575806e+04,6.000740104354918003e-04
2.306307507667689060e+04,6.000737193971872330e-04
2.307307641018802678e+04,6.000734283588826656e-04
2.308307774369916297e+04,6.000732537358999252e-04
2.309307907721029551e+04,6.000729044899344444e-04
2.310308041072143169e+04,6.000726716592907906e-04
2.311308174423256787e+04,6.000722642056643963e-04
2.312308307774370041e+04,6.000720895826816559e-04
2.313308441125483660e+04,6.000718567520380020e-04
2.314308574476596914e+04,6.000716821290552616e-04
2.315308707827710532e+04,6.000712164677679539e-04
2.316308841178824150e+04,6.000709254294633865e-04
2.317308974529937404e+04,6.000706343911588192e-04
2.318309107881051023e+04,6.000703433528542519e-04
2.319309241232164641e+04,6.000702269375324249e-04
2.320309374583277895e+04,6.000699358992278576e-04
2.321309507934391513e+04,6.000697030685842037e-04
2.322309641285504767e+04,6.000694120302796364e-04
2.323309774636618386e+04,6.000691209919750690e-04
2.324309907987732004e+04,6.000688299536705017e-04
2.325310041338845258e+04,6.000687135383486748e-04
2.326310174689958876e+04,6.000683642923831940e-04
2.327310308041072494e+04,6.000681896694004536e-04
2.328310441392185749e+04,6.000679568387567997e-04
2.329310574743299367e+04,6.000676075927913189e-04
2.330310708094412621e+04,6.000674329698085785e-04
2.331310841445526239e+04,6.000671419315040112e-04
2.332310974796639857e+04,6.000669091008603573e-04
2.333311108147753112e+04,6.000666180625557899e-04
2.334311241498866730e+04,6.000663852319121361e-04
2.335311374849980348e+04,6.000660941936075687e-04
2.336311508201093602e+04,6.000658613629639149e-04
2.337311641552207220e+04,6.000656285323202610e-04
2.338311774903320475e+04,6.000653957016766071e-04
2.339311908254434093e+04,6.000652210786938667e-04
2.340312041605547711e+04,6.000649882480502129e-04
2.341312174956660965e+04,6.000646390020847321e-04
2.342312308307774583e+04,6.000645225867629051e-04
2.343312441658888201e+04,6.000642897561192513e-04
2.344312575010001456e+04,6.000639987178146839e-04
2.345312708361115074e+04,6.000637658871710300e-04
2.346312841712228328e+04,6.000634748488664627e-04
2.347312975063341946e+04,6.000632420182228088e-04
2.348313108414455564e+04,6.000630091875791550e-04
2.349313241765568819e+04,6.000628345645964146e-04
2.350313375116682437e+04,6.000626017339527607e-04
2.351313508467796055e+04,6.000623689033091068e-04
2.352313641818909309e+04,6.000621360726654530e-04
2.353313775170022927e+04,6.000619032420217991e-04
2.354313908521136182e+04,6.000616704113781452e-04
2.355314041872249800e+04,6.000614375807344913e-04
2.356314175223363418e+04,6.000612047500908375e-04
2.357314308574476672e+04,6.000609719194471836e-04
2.358314441925590290e+04,6.000608555041253567e-04
2.359314575276703908e+04,6.000605644658207893e-04
2.360314708627817163e+04,6.000603316351771355e-04
2.361314841978930781e+04,6.000600988045334816e-04
2.362314975330044035e+04,6.000598659738898277e-04
2.363315108681157653e+04,6.000596331432461739e-04
2.364315242032271271e+04,6.000595167279243469e-04
2.365315375383384526e+04,6.000592256896197796e-04
2.366315508734498144e+04,6.000589928589761257e-04
2.367315642085611762e+04,6.000588182359933853e-04
2.368315775436725016e+04,6.000585854053497314e-04
2.369315908787838634e+04,6.000583525747060776e-04
2.370316042138951889e+04,6.000581779517233372e-04
2.371316175490065507e+04,6.000579451210796833e-04
2.372316308841179125e+04,6.000577704980969429e-04
2.373316442192292379e+04,6.000575376674532890e-04
2.374316575543405997e+04,6.000573048368096352e-04
2.375316708894519616e+04,6.000571302138268948e-04
2.376316842245632870e+04,6.000568973831832409e-04
2.377316975596746488e+04,6.000567227602005005e-04
2.378317108947859742e+04,6.000565481372177601e-04
2.379317242298973360e+04,6.000563153065741062e-04
2.380317375650086979e+04,6.000560824759304523e-04
2.381317509001200233e+04,6.000558496452867985e-04
2.382317642352313851e+04,6.000557332299649715e-04
2.383317775703427469e+04,6.000555586069822311e-04
2.384317909054540723e+04,6.000553257763385773e-04
2.385318042405654342e+04,6.000550929456949234e-04
2.386318175756767596e+04,6.000549183227121830e-04
2.387318309107881214e+04,6.000547436997294426e-04
2.388318442458994832e+04,6.000545108690857887e-04
2.389318575810108086e+04,6.000543362461030483e-04
2.390318709161221705e+04,6.000541034154593945e-04
2.391318842512335323e+04,6.000539287924766541e-04
2.392318975863448577e+04,6.000538123771548271e-04
2.393319109214562195e+04,6.000534631311893463e-04
2.394319242565675449e+04,6.000534049235284328e-04
2.395319375916789068e+04,6.000531720928847790e-04
2.396319509267902686e+04,6.000529392622411251e-04
2.397319642619015940e+04,6.000527646392583847e-04
2.398319775970129558e+04,6.000525900162756443e-04
2.399319909321243176e+04,6.000524153932929039e-04
2.400320042672356431e+04,6.000522407703101635e-04
2.401320176023470049e+04,6.000520079396665096e-04
2.402320309374583303e+04,6.000518333166837692e-04
2.403320442725696921e+04,6.000516004860401154e-04
2.404320576076810539e+04,6.000514840707182884e-04
2.405320709427923794e+04,6.000512512400746346e-04
2.406320842779037412e+04,6.000510766170918941e-04
2.407320976130151030e+04,6.000509019941091537e-04
2.408321109481264284e+04,6.000507273711264133e-04
2.409321242832377902e+04,6.000505527481436729e-04
2.410321376183491157e+04,6.000503781251609325e-04
2.411321509534604775e+04,6.000502035021781921e-04
2.412321642885718393e+04,6.000500288791954517e-04
2.413321776236831647e+04,6.000497378408908844e-04
2.414321909587945265e+04,6.000496214255690575e-04
2.415322042939058883e+04,6.000495050102472305e-04
2.416322176290172138e+04,6.000492139719426632e-04
2.417322309641285756e+04,6.000490975566208363e-04
2.418322442992399010e+04,6.000489811412990093e-04
2.419322576343512628e+04,6.000488065183162689e-04
2.420322709694626246e+04,6.000486318953335285e-04
2.421322843045739501e+04,6.000485154800117016e-04
2.422322976396853119e+04,6.000482244417071342e-04
2.423323109747966737e+04,6.000481662340462208e-04
2.424323243099079991e+04,6.000479334034025669e-04
2.425323376450193609e+04,6.000477587804198265e-04
2.426323509801306864e+04,6.000475841574370861e-04
2.427323643152420482e+04,6.000474095344543457e-04
2.428323776503534100e+04,6.000471767038106918e-04
2.429323909854647354e+04,6.000471184961497784e-04
2.430324043205760972e+04,6.000469438731670380e-04
2.431324176556874590e+04,6.000467692501842976e-04
2.432324309907987845e+04,6.000465364195406437e-04
2.433324443259101463e+04,6.000464200042188168e-04
2.434324576610214717e+04,6.000463035888969898e-04
2.435324709961328335e+04,6.000460125505924225e-04
2.436324843312441953e+04,6.000458961352705956e-04
2.437324976663555208e+04,6.000457797199487686e-04
2.438325110014668826e+04,6.000455468893051147e-04
2.439325243365782444e+04,6.000455468893051147e-04
2.440325376716895698e+04,6.000452558510005474e-04
2.441325510068009316e+04,6.000451394356787205e-04
2.442325643419122571e+04,6.000450230203568935e-04
2.443325776770236189e+04,6.000447901897132397e-04
2.444325910121349807e+04,6.000446155667304993e-04
2.445326043472463061e+04,6.000446155667304993e-04
2.446326176823576679e+04,6.000444409437477589e-04
2.447326310174690298e+04,6.000442081131041050e-04
2.448326443525803552e+04,6.000440334901213646e-04
2.449326576876917170e+04,6.000439752824604511e-04
2.450326710228030424e+04,6.000438006594777107e-04
2.451326843579144042e+04,6.000435678288340569e-04
2.452326976930257661e+04,6.000434514135122299e-04
2.453327110281370915e+04,6.000433349981904030e-04
2.454327243632484533e+04,6.000431021675467491e-04
2.455327376983598151e+04,6.000429857522249222e-04
2.456327510334711405e+04,6.000428111292421818e-04
2.457327643685825024e+04,6.000426365062594414e-04
2.458327777036938278e+04,6.000425200909376144e-04
2.459327910388051896e+04,6.000424036756157875e-04
2.460328043739165514e+04,6.000422290526330471e-04
2.461328177090278768e+04,6.000421126373112202e-04
2.462328310441392387e+04,6.000419962219893932e-04
2.463328443792506005e+04,6.000417633913457394e-04
2.464328577143619259e+04,6.000417633913457394e-04
2.465328710494732877e+04,6.000414723530411720e-04
2.466328843845846131e+04,6.000413559377193451e-04
2.467328977196959750e+04,6.000412395223975182e-04
2.468329110548073368e+04,6.000411231070756912e-04
2.469329243899186622e+04,6.000410066917538643e-04
2.470329377250300240e+04,6.000408320687711239e-04
2.471329510601413858e+04,6.000405992381274700e-04
2.472329643952527113e+04,6.000405410304665565e-04
2.473329777303640731e+04,6.000404246151447296e-04
2.474329910654753985e+04,6.000403081998229027e-04
2.475330044005867603e+04,6.000401917845010757e-04
2.476330177356981221e+04,6.000400171615183353e-04
2.477330310708094476e+04,6.000398425385355949e-04
2.478330444059208094e+04,6.000397261232137680e-04
2.479330577410321712e+04,6.000395515002310276e-04
2.480330710761434966e+04,6.000394932925701141e-04
2.481330844112548584e+04,6.000393768772482872e-04
2.482330977463661839e+04,6.000392022542655468e-04
2.483331110814775457e+04,6.000390858389437199e-04
2.484331244165889075e+04,6.000389694236218929e-04
2.485331377517002329e+04,6.000387948006391525e-04
2.486331510868115947e+04,6.000386783853173256e-04
2.487331644219229565e+04,6.000385037623345852e-04
2.488331777570342820e+04,6.000383873470127583e-04
2.489331910921456438e+04,6.000382127240300179e-04
2.490332044272569692e+04,6.000381545163691044e-04
2.491332177623683310e+04,6.000380381010472775e-04
2.492332310974796928e+04,6.000378634780645370e-04
2.493332444325910183e+04,6.000377470627427101e-04
2.494332577677023801e+04,6.000375724397599697e-04
2.495332711028137419e+04,6.000374560244381428e-04
2.496332844379250673e+04,6.000373396091163158e-04
2.497332977730364291e+04,6.000372814014554024e-04
2.498333111081477546e+04,6.000371067784726620e-04
2.499333244432591164e+04,6.000369903631508350e-04
2.500333377783704782e+04,6.000368157401680946e-04
2.501333511134818036e+04,6.000366993248462677e-04
2.502333644485931654e+04,6.000365829095244408e-04
2.503333777837045272e+04,6.000365247018635273e-04
2.504333911188158527e+04,6.000363500788807869e-04
2.505334044539272145e+04,6.000362336635589600e-04
2.506334177890385399e+04,6.000361172482371330e-04
2.507334311241499017e+04,6.000360008329153061e-04
2.508334444592612635e+04,6.000357680022716522e-04
2.509334577943725890e+04,6.000357680022716522e-04
2.510334711294839508e+04,6.000355933792889118e-04
2.511334844645953126e+04,6.000355351716279984e-04
2.512334977997066380e+04,6.000354187563061714e-04
2.513335111348179998e+04,6.000353023409843445e-04
2.514335244699293253e+04,6.000352441333234310e-04
2.515335378050406871e+04,6.000350113026797771e-04
2.516335511401520489e+04,6.000350113026797771e-04
2.517335644752633743e+04,6.000348366796970367e-04
2.518335778103747361e+04,6.000347202643752098e-04
2.519335911454860980e+04,6.000346038490533829e-04
2.520336044805974234e+04,6.000344874337315559e-04
2.521336178157087852e+04,6.000343710184097290e-04
2.522336311508201106e+04,6.000341963954269886e-04
2.523336444859314724e+04,6.000340799801051617e-04
2.524336578210428343e+04,6.000340217724442482e-04
2.525336711561541597e+04,6.000338471494615078e-04
2.526336844912655215e+04,6.000337307341396809e-04
2.527336978263768833e+04,6.000336725264787674e-04
2.528337111614882087e+04,6.000334979034960270e-04
2.529337244965995706e+04,6.000333814881742001e-04
2.530337378317108960e+04,6.000333814881742001e-04
2.531337511668222578e+04,6.000332650728523731e-04
2.532337645019336196e+04,6.000331486575305462e-04
2.533337778370449450e+04,6.000330904498696327e-04
2.534337911721563069e+04,6.000328576192259789e-04
2.535338045072676687e+04,6.000327412039041519e-04
2.536338178423789941e+04,6.000326829962432384e-04
2.537338311774903559e+04,6.000325665809214115e-04
2.538338445126016813e+04,6.000325083732604980e-04
2.539338578477130432e+04,6.000323919579386711e-04
2.540338711828244050e+04,6.000323337502777576e-04
2.541338845179357304e+04,6.000321009196341038e-04
2.542338978530470922e+04,6.000320427119731903e-04
2.543339111881584540e+04,6.000319262966513634e-04
2.544339245232697795e+04,6.000318098813295364e-04
2.545339378583811413e+04,6.000318098813295364e-04
2.546339511934924667e+04,6.000316352583467960e-04
2.547339645286038285e+04,6.000315770506858826e-04
2.548339778637151903e+04,6.000314606353640556e-04
2.549339911988265158e+04,6.000314024277031422e-04
2.550340045339378776e+04,6.000312860123813152e-04
2.551340178690492394e+04,6.000311113893985748e-04
2.552340312041605648e+04,6.000310531817376614e-04
2.553340445392719266e+04,6.000309367664158344e-04
2.554340578743832521e+04,6.000308785587549210e-04
2.555340712094946139e+04,6.000307621434330940e-04
2.556340845446059757e+04,6.000306457281112671e-04
2.557340978797173011e+04,6.000305875204503536e-04
2.558341112148286629e+04,6.000305293127894402e-04
2.559341245499400247e+04,6.000302964821457863e-04
2.560341378850513502e+04,6.000302382744848728e-04
2.561341512201627120e+04,6.000301218591630459e-04
2.562341645552740738e+04,6.000300054438412189e-04
2.563341778903853992e+04,6.000299472361803055e-04
2.564341912254967610e+04,6.000298308208584785e-04
2.565342045606080865e+04,6.000297144055366516e-04
2.566342178957194483e+04,6.000295979902148247e-04
2.567342312308308101e+04,6.000295397825539112e-04
2.568342445659421355e+04,6.000294815748929977e-04
2.569342579010534973e+04,6.000293651595711708e-04
2.570342712361648591e+04,6.000292487442493439e-04
2.571342845712761846e+04,6.000291323289275169e-04
2.572342979063875464e+04,6.000290741212666035e-04
2.573343112414988718e+04,6.000289577059447765e-04
2.574343245766102336e+04,6.000289577059447765e-04
2.575343379117215954e+04,6.000287830829620361e-04
2.576343512468329209e+04,6.000287248753011227e-04
2.577343645819442827e+04,6.000286084599792957e-04
2.578343779170556445e+04,6.000284920446574688e-04
2.579343912521669699e+04,6.000283756293356419e-04
2.580344045872783317e+04,6.000283174216747284e-04
2.581344179223896572e+04,6.000282010063529015e-04
2.582344312575010190e+04,6.000281427986919880e-04
2.583344445926123808e+04,6.000280845910310745e-04
2.584344579277237062e+04,6.000279099680483341e-04
2.585344712628350680e+04,6.000279099680483341e-04
2.586344845979464299e+04,6.000277935527265072e-04
2.587344979330577553e+04,6.000277353450655937e-04
2.588345112681691171e+04,6.000276189297437668e-04
2.589345246032804425e+04,6.000275607220828533e-04
2.590345379383918043e+04,6.000273860991001129e-04
2.591345512735031662e+04,6.000273278914391994e-04
2.592345646086144916e+04,6.000273278914391994e-04
2.593345779437258534e+04,6.000271532684564590e-04
2.594345912788372152e+04,6.000271532684564590e-04
2.595346046139485406e+04,6.000270950607955456e-04
2.596346179490599025e+04,6.000269786454737186e-04
2.597346312841712279e+04,6.000268040224909782e-04
2.598346446192825897e+04,6.000266876071691513e-04
2.599346579543939515e+04,6.000266876071691513e-04
2.600346712895052769e+04,6.000265711918473244e-04
2.601346846246166388e+04,6.000265711918473244e-04
2.602346979597280006e+04,6.000264547765254974e-04
2.603347112948393260e+04,6.000263965688645840e-04
2.604347246299506878e+04,6.000262801535427570e-04
2.605347379650620132e+04,6.000262219458818436e-04
2.606347513001733751e+04,6.000260473228991032e-04
2.607347646352847369e+04,6.000261055305600166e-04
2.608347779703960623e+04,6.000259309075772762e-04
2.609347913055074241e+04,6.000258144922554493e-04
2.610348046406187859e+04,6.000257562845945358e-04
2.611348179757301114e+04,6.000256398692727089e-04
2.612348313108414732e+04,6.000255816616117954e-04
2.613348446459527986e+04,6.000255816616117954e-04
2.614348579810641604e+04,6.000254652462899685e-04
2.615348713161755222e+04,6.000254070386290550e-04
2.616348846512868477e+04,6.000252906233072281e-04
2.617348979863982095e+04,6.000252324156463146e-04
2.618349113215095713e+04,6.000252324156463146e-04
2.619349246566208967e+04,6.000250577926635742e-04
2.620349379917322585e+04,6.000249995850026608e-04
2.621349513268435840e+04,6.000249995850026608e-04
2.622349646619549458e+04,6.000248831696808338e-04
2.623349779970663076e+04,6.000247085466980934e-04
2.624349913321776330e+04,6.000247085466980934e-04
2.625350046672889948e+04,6.000246503390371799e-04
2.626350180024003566e+04,6.000245339237153530e-04
2.627350313375116821e+04,6.000244757160544395e-04
2.628350446726230439e+04,6.000244175083935261e-04
2.629350580077343693e+04,6.000243593007326126e-04
2.630350713428457311e+04,6.000241846777498722e-04
2.631350846779570929e+04,6.000241846777498722e-04
2.632350980130684184e+04,6.000241264700889587e-04
2.633351113481797802e+04,6.000240100547671318e-04
2.634351246832911420e+04,6.000238936394453049e-04
2.635351380184024674e+04,6.000238354317843914e-04
2.636351513535138292e+04,6.000237772241234779e-04
2.637351646886251547e+04,6.000236608088016510e-04
2.638351780237365165e+04,6.000236026011407375e-04
2.639351913588478783e+04,6.000236026011407375e-04
2.640352046939592037e+04,6.000234861858189106e-04
2.641352180290705655e+04,6.000234279781579971e-04
2.642352313641819273e+04,6.000233697704970837e-04
2.643352446992932528e+04,6.000232533551752567e-04
2.644352580344046146e+04,6.000231369398534298e-04
2.645352713695159400e+04,6.000231369398534298e-04
2.646352847046273018e+04,6.000230787321925163e-04
2.647352980397386636e+04,6.000229623168706894e-04
2.648353113748499891e+04,6.000228459015488625e-04
2.649353247099613509e+04,6.000228459015488625e-04
2.650353380450727127e+04,6.000227876938879490e-04
2.651353513801840381e+04,6.000226712785661221e-04
2.652353647152953999e+04,6.000226130709052086e-04
2.653353780504067254e+04,6.000226130709052086e-04
2.654353913855180872e+04,6.000224966555833817e-04
2.655354047206294490e+04,6.000223802402615547e-04
2.656354180557407744e+04,6.000224384479224682e-04
2.657354313908521362e+04,6.000223220326006413e-04
2.658354447259634981e+04,6.000223220326006413e-04
2.659354580610748235e+04,6.000222056172788143e-04
2.660354713961861853e+04,6.000220892019569874e-04
2.661354847312975107e+04,6.000220309942960739e-04
2.662354980664088725e+04,6.000219727866351604e-04
2.663355114015202344e+04,6.000219145789742470e-04
2.664355247366315598e+04,6.000219145789742470e-04
2.665355380717429216e+04,6.000217981636524200e-04
2.666355514068542834e+04,6.000217399559915066e-04
2.667355647419656088e+04,6.000216817483305931e-04
2.668355780770769707e+04,6.000215653330087662e-04
2.669355914121882961e+04,6.000215653330087662e-04
2.670356047472996579e+04,6.000215071253478527e-04
2.671356180824110197e+04,6.000214489176869392e-04
2.672356314175223451e+04,6.000213325023651123e-04
2.673356447526337070e+04,6.000212742947041988e-04
2.674356580877450688e+04,6.000211578793823719e-04
2.675356714228563942e+04,6.000211578793823719e-04
2.676356847579677560e+04,6.000210996717214584e-04
2.677356980930790814e+04,6.000209832563996315e-04
2.678357114281904433e+04,6.000209832563996315e-04
2.679357247633018051e+04,6.000209250487387180e-04
2.680357380984131305e+04,6.000208668410778046e-04
2.681357514335244923e+04,6.000207504257559776e-04
2.682357647686358541e+04,6.000207504257559776e-04
2.683357781037471796e+04,6.000206922180950642e-04
2.684357914388585414e+04,6.000206922180950642e-04
2.685358047739698668e+04,6.000205175951123238e-04
2.686358181090812286e+04,6.000204593874514103e-04
2.687358314441925904e+04,6.000204593874514103e-04
2.688358447793039159e+04,6.000202847644686699e-04
2.689358581144152777e+04,6.000202847644686699e-04
2.690358714495266395e+04,6.000202847644686699e-04
2.691358847846379649e+04,6.000202265568077564e-04
2.692358981197493267e+04,6.000201101414859295e-04
2.693359114548606522e+04,6.000201101414859295e-04
2.694359247899720140e+04,6.000199937261641026e-04
2.695359381250833758e+04,6.000199355185031891e-04
2.696359514601947012e+04,6.000199355185031891e-04
2.697359647953060630e+04,6.000198773108422756e-04
2.698359781304174248e+04,6.000197026878595352e-04
2.699359914655287503e+04,6.000196444801986217e-04
2.700360048006401121e+04,6.000196444801986217e-04
2.701360181357514375e+04,6.000196444801986217e-04
2.702360314708627993e+04,6.000195280648767948e-04
2.703360448059741611e+04,6.000194698572158813e-04
2.704360581410854866e+04,6.000194116495549679e-04
2.705360714761968484e+04,6.000193534418940544e-04
2.706360848113082102e+04,6.000193534418940544e-04
2.707360981464195356e+04,6.000192952342331409e-04
2.708361114815308974e+04,6.000192370265722275e-04
2.709361248166422229e+04,6.000191788189113140e-04
2.710361381517535847e+04,6.000190624035894871e-04
2.711361514868649465e+04,6.000190624035894871e-04
2.712361648219762719e+04,6.000189459882676601e-04
2.713361781570876337e+04,6.000188877806067467e-04
2.714361914921989955e+04,6.000189459882676601e-04
2.715362048273103210e+04,6.000188295729458332e-04
2.716362181624216828e+04,6.000188295729458332e-04
2.717362314975330082e+04,6.000187131576240063e-04
2.718362448326443700e+04,6.000186549499630928e-04
2.719362581677557318e+04,6.000186549499630928e-04
2.720362715028670573e+04,6.000185967423021793e-04
2.721362848379784191e+04,6.000185385346412659e-04
2.722362981730897809e+04,6.000184803269803524e-04
2.723363115082011063e+04,6.000184803269803524e-04
2.724363248433124681e+04,6.000183057039976120e-04
2.725363381784237936e+04,6.000182474963366985e-04
2.726363515135351554e+04,6.000182474963366985e-04
2.727363648486465172e+04,6.000181892886757851e-04
2.728363781837578426e+04,6.000181310810148716e-04
2.729363915188692044e+04,6.000181310810148716e-04
2.730364048539805663e+04,6.000180728733539581e-04
2.731364181890918917e+04,6.000180146656930447e-04
2.732364315242032535e+04,6.000180146656930447e-04
2.733364448593145789e+04,6.000178982503712177e-04
2.734364581944259407e+04,6.000178982503712177e-04
2.735364715295373026e+04,6.000178400427103043e-04
2.736364848646486280e+04,6.000177236273884773e-04
2.737364981997599898e+04,6.000177236273884773e-04
2.738365115348713516e+04,6.000176072120666504e-04
2.739365248699826770e+04,6.000176072120666504e-04
2.740365382050940389e+04,6.000175490044057369e-04
2.741365515402053643e+04,6.000175490044057369e-04
2.742365648753167261e+04,6.000173743814229965e-04
2.743365782104280879e+04,6.000174325890839100e-04
2.744365915455394133e+04,6.000173161737620831e-04
2.745366048806507752e+04,6.000173161737620831e-04
2.746366182157621370e+04,6.000171997584402561e-04
2.747366315508734624e+04,6.000171997584402561e-04
2.748366448859848242e+04,6.000170833431184292e-04
2.749366582210961496e+04,6.000171415507793427e-04
2.750366715562075115e+04,6.000170833431184292e-04
2.751366848913188733e+04,6.000170833431184292e-04
2.752366982264301987e+04,6.000169669277966022e-04
2.753367115615415605e+04,6.000169669277966022e-04
2.754367248966529223e+04,6.000168505124747753e-04
2.755367382317642478e+04,6.000168505124747753e-04
2.756367515668756096e+04,6.000168505124747753e-04
2.757367649019869350e+04,6.000167923048138618e-04
2.758367782370982968e+04,6.000166758894920349e-04
2.759367915722096586e+04,6.000166758894920349e-04
2.760368049073209841e+04,6.000165594741702080e-04
2.761368182424323459e+04,6.000165012665092945e-04
2.762368315775437077e+04,6.000165012665092945e-04
2.763368449126550331e+04,6.000165012665092945e-04
2.764368582477663949e+04,6.000163848511874676e-04
2.765368715828777204e+04,6.000163848511874676e-04
2.766368849179890822e+04,6.000164430588483810e-04
2.767368982531004440e+04,6.000163848511874676e-04
2.768369115882117694e+04,6.000162684358656406e-04
2.769369249233231312e+04,6.000162102282047272e-04
2.770369382584344930e+04,6.000162102282047272e-04
2.771369515935458185e+04,6.000160938128829002e-04
2.772369649286571803e+04,6.000160356052219868e-04
2.773369782637685057e+04,6.000160356052219868e-04
2.774369915988798675e+04,6.000159773975610733e-04
2.775370049339912293e+04,6.000159773975610733e-04
2.776370182691025548e+04,6.000158609822392464e-04
2.777370316042139166e+04,6.000159191899001598e-04
2.778370449393252784e+04,6.000158027745783329e-04
2.779370582744366038e+04,6.000158027745783329e-04
2.780370716095479656e+04,6.000157445669174194e-04
2.781370849446592911e+04,6.000157445669174194e-04
2.782370982797706529e+04,6.000156863592565060e-04
2.783371116148820147e+04,6.000155117362737656e-04
2.784371249499933401e+04,6.000155699439346790e-04
2.785371382851047019e+04,6.000155117362737656e-04
2.786371516202160637e+04,6.000155117362737656e-04
2.787371649553273892e+04,6.000154535286128521e-04
2.788371782904387510e+04,6.000153371132910252e-04
2.789371916255500764e+04,6.000153371132910252e-04
2.790372049606614382e+04,6.000152789056301117e-04
2.791372182957728000e+04,6.000152206979691982e-04
2.792372316308841255e+04,6.000152206979691982e-04
2.793372449659954873e+04,6.000152206979691982e-04
2.794372583011068491e+04,6.000151624903082848e-04
2.795372716362181745e+04,6.000150460749864578e-04
2.796372849713295363e+04,6.000150460749864578e-04
2.797372983064408618e+04,6.000150460749864578e-04
2.798373116415522236e+04,6.000150460749864578e-04
2.799373249766635854e+04,6.000149296596646309e-04
2.800373383117749108e+04,6.000149296596646309e-04
2.801373516468862726e+04,6.000148714520037174e-04
2.802373649819976345e+04,6.000148132443428040e-04
2.803373783171089599e+04,6.000147550366818905e-04
2.804373916522203217e+04,6.000146968290209770e-04
2.805374049873316471e+04,6.000147550366818905e-04
2.806374183224430089e+04,6.000146968290209770e-04
2.807374316575543708e+04,6.000146968290209770e-04
2.808374449926656962e+04,6.000146968290209770e-04
2.809374583277770580e+04,6.000145804136991501e-04
2.810374716628884198e+04,6.000145222060382366e-04
2.811374849979997452e+04,6.000145222060382366e-04
2.812374983331111071e+04,6.000144639983773232e-04
2.813375116682224325e+04,6.000144057907164097e-04
2.814375250033337943e+04,6.000144057907164097e-04
2.815375383384451561e+04,6.000144057907164097e-04
2.816375516735564815e+04,6.000143475830554962e-04
2.817375650086678434e+04,6.000142893753945827e-04
2.818375783437792052e+04,6.000141729600727558e-04
2.819375916788905306e+04,6.000141729600727558e-04
2.820376050140018924e+04,6.000141729600727558e-04
2.821376183491132542e+04,6.000141147524118423e-04
2.822376316842245797e+04,6.000141147524118423e-04
2.823376450193359415e+04,6.000140565447509289e-04
2.824376583544472669e+04,6.000139983370900154e-04
2.825376716895586287e+04,6.000139983370900154e-04
2.826376850246699905e+04,6.000138819217681885e-04
2.827376983597813160e+04,6.000138819217681885e-04
2.828377116948926778e+04,6.000138819217681885e-04
2.829377250300040396e+04,6.000138237141072750e-04
2.830377383651153650e+04,6.000138237141072750e-04
2.831377517002267268e+04,6.000138237141072750e-04
2.832377650353380523e+04,6.000137072987854481e-04
2.833377783704494141e+04,6.000137072987854481e-04
2.834377917055607759e+04,6.000137072987854481e-04
2.835378050406721013e+04,6.000136490911245346e-04
2.836378183757834631e+04,6.000135908834636211e-04
2.837378317108948249e+04,6.000135908834636211e-04
2.838378450460061504e+04,6.000135326758027077e-04
2.839378583811175122e+04,6.000135908834636211e-04
2.840378717162288376e+04,6.000134162604808807e-04
2.841378850513401994e+04,6.000134162604808807e-04
2.842378983864515612e+04,6.000133580528199673e-04
2.843379117215628867e+04,6.000133580528199673e-04
2.844379250566742485e+04,6.000133580528199673e-04
2.845379383917856103e+04,6.000132998451590538e-04
2.846379517268969357e+04,6.000132416374981403e-04
2.847379650620082975e+04,6.000132416374981403e-04
2.848379783971196230e+04,6.000131834298372269e-04
2.849379917322309848e+04,6.000131252221763134e-04
2.850380050673423466e+04,6.000131252221763134e-04
2.851380184024536720e+04,6.000130670145153999e-04
2.852380317375650338e+04,6.000131252221763134e-04
2.853380450726763956e+04,6.000130670145153999e-04
2.854380584077877211e+04,6.000130670145153999e-04
2.855380717428990829e+04,6.000129505991935730e-04
2.856380850780104083e+04,6.000128923915326595e-04
2.857380984131217701e+04,6.000128923915326595e-04
2.858381117482331319e+04,6.000128341838717461e-04
2.859381250833444574e+04,6.000128341838717461e-04
2.860381384184558192e+04,6.000128341838717461e-04
2.861381517535671810e+04,6.000127759762108326e-04
2.862381650886785064e+04,6.000127177685499191e-04
2.863381784237898682e+04,6.000127177685499191e-04
2.864381917589011937e+04,6.000127177685499191e-04
2.865382050940125555e+04,6.000126013532280922e-04
2.866382184291239173e+04,6.000126595608890057e-04
2.867382317642352427e+04,6.000126013532280922e-04
2.868382450993466045e+04,6.000125431455671787e-04
2.869382584344579664e+04,6.000126013532280922e-04
2.870382717695692918e+04,6.000124849379062653e-04
2.871382851046806536e+04,6.000125431455671787e-04
2.872382984397919790e+04,6.000124849379062653e-04
2.873383117749033408e+04,6.000124267302453518e-04
2.874383251100147027e+04,6.000124267302453518e-04
2.875383384451260281e+04,6.000123685225844383e-04
2.876383517802373899e+04,6.000123103149235249e-04
2.877383651153487517e+04,6.000121938996016979e-04
2.878383784504600771e+04,6.000123103149235249e-04
2.879383917855714390e+04,6.000121938996016979e-04
2.880384051206827644e+04,6.000121938996016979e-04
2.881384184557941262e+04,6.000121938996016979e-04
2.882384317909054880e+04,6.000121356919407845e-04
2.883384451260168134e+04,6.000121938996016979e-04
2.884384584611281753e+04,6.000120774842798710e-04
2.885384717962395371e+04,6.000120774842798710e-04
2.886384851313508625e+04,6.000120774842798710e-04
2.887384984664622243e+04,6.000120192766189575e-04
2.888385118015735497e+04,6.000120192766189575e-04
2.889385251366849116e+04,6.000119610689580441e-04
2.890385384717962734e+04,6.000119028612971306e-04
2.891385518069075988e+04,6.000118446536362171e-04
2.892385651420189606e+04,6.000119028612971306e-04
2.893385784771303224e+04,6.000118446536362171e-04
2.894385918122416479e+04,6.000117864459753036e-04
2.895386051473530097e+04,6.000117282383143902e-04
2.896386184824643351e+04,6.000117282383143902e-04
2.897386318175756969e+04,6.000117282383143902e-04
2.898386451526870587e+04,6.000117282383143902e-04
2.899386584877983842e+04,6.000116700306534767e-04
2.900386718229097460e+04,6.000116118229925632e-04
2.901386851580211078e+04,6.000115536153316498e-04
2.902386984931324332e+04,6.000114954076707363e-04
2.903387118282437950e+04,6.000115536153316498e-04
2.904387251633551205e+04,6.000114954076707363e-04
2.905387384984664823e+04,6.000114954076707363e-04
2.906387518335778441e+04,6.000114954076707363e-04
2.907387651686891695e+04,6.000114372000098228e-04
2.908387785038005313e+04,6.000114372000098228e-04
2.909387918389118931e+04,6.000114372000098228e-04
2.910388051740232186e+04,6.000113789923489094e-04
2.911388185091345804e+04,6.000113207846879959e-04
2.912388318442459058e+04,6.000112625770270824e-04
2.913388451793572676e+04,6.000112625770270824e-04
2.914388585144686294e+04,6.000112625770270824e-04
2.915388718495799549e+04,6.000112625770270824e-04
2.916388851846913167e+04,6.000111461617052555e-04
2.917388985198026785e+04,6.000112043693661690e-04
2.918389118549140039e+04,6.000112043693661690e-04
2.919389251900253657e+04,6.000110879540443420e-04
2.920389385251366912e+04,6.000110297463834286e-04
2.921389518602480530e+04,6.000111461617052555e-04
2.922389651953594148e+04,6.000110297463834286e-04
2.923389785304707402e+04,6.000109715387225151e-04
2.924389918655821020e+04,6.000109715387225151e-04
2.925390052006934638e+04,6.000109715387225151e-04
2.926390185358047893e+04,6.000109715387225151e-04
2.927390318709161511e+04,6.000109133310616016e-04
2.928390452060274765e+04,6.000109133310616016e-04
2.929390585411388383e+04,6.000108551234006882e-04
2.930390718762502001e+04,6.000108551234006882e-04
2.931390852113615256e+04,6.000108551234006882e-04
2.932390985464728874e+04,6.000107387080788612e-04
2.933391118815842492e+04,6.000107387080788612e-04
2.934391252166955746e+04,6.000107387080788612e-04
2.935391385518069364e+04,6.000107387080788612e-04
2.936391518869182619e+04,6.000107387080788612e-04
2.937391652220296237e+04,6.000106805004179478e-04
2.938391785571409855e+04,6.000106805004179478e-04
2.939391918922523109e+04,6.000106222927570343e-04
2.940392052273636727e+04,6.000106222927570343e-04
2.941392185624750346e+04,6.000106805004179478e-04
2.942392318975863600e+04,6.000105640850961208e-04
2.943392452326977218e+04,6.000105640850961208e-04
2.944392585678090472e+04,6.000105640850961208e-04
2.945392719029204090e+04,6.000104476697742939e-04
2.946392852380317709e+04,6.000104476697742939e-04
2.947392985731430963e+04,6.000104476697742939e-04
2.948393119082544581e+04,6.000104476697742939e-04
2.949393252433658199e+04,6.000103894621133804e-04
2.950393385784771453e+04,6.000104476697742939e-04
2.951393519135885072e+04,6.000103894621133804e-04
2.952393652486998326e+04,6.000103312544524670e-04
2.953393785838111944e+04,6.000102730467915535e-04
2.954393919189225562e+04,6.000103312544524670e-04
2.955394052540338816e+04,6.000102730467915535e-04
2.956394185891452435e+04,6.000102730467915535e-04
2.957394319242566053e+04,6.000102730467915535e-04
2.958394452593679307e+04,6.000101566314697266e-04
2.959394585944792925e+04,6.000102148391306400e-04
2.960394719295906179e+04,6.000102148391306400e-04
2.961394852647019798e+04,6.000100402161478996e-04
2.962394985998133416e+04,6.000100984238088131e-04
2.963395119349246670e+04,6.000100984238088131e-04
2.964395252700360288e+04,6.000099820084869862e-04
2.965395386051473906e+04,6.000100402161478996e-04
2.966395519402587161e+04,6.000099238008260727e-04
2.967395652753700779e+04,6.000099820084869862e-04
2.968395786104814033e+04,6.000099238008260727e-04
2.969395919455927651e+04,6.000099820084869862e-04
2.970396052807041269e+04,6.000099238008260727e-04
2.971396186158154524e+04,6.000099238008260727e-04
2.972396319509268142e+04,6.000099238008260727e-04
2.973396452860381760e+04,6.000098655931651592e-04
2.974396586211495014e+04,6.000099238008260727e-04
2.975396719562608632e+04,6.000098073855042458e-04
2.976396852913721887e+04,6.000098073855042458e-04
2.977396986264835505e+04,6.000098073855042458e-04
2.978397119615949123e+04,6.000096909701824188e-04
2.979397252967062377e+04,6.000097491778433323e-04
2.980397386318175995e+04,6.000096909701824188e-04
2.981397519669289613e+04,6.000096909701824188e-04
2.982397653020402868e+04,6.000096909701824188e-04
2.983397786371516486e+04,6.000096909701824188e-04
2.984397919722629740e+04,6.000096327625215054e-04
2.985398053073743358e+04,6.000095745548605919e-04
2.986398186424856976e+04,6.000096327625215054e-04
2.987398319775970231e+04,6.000095745548605919e-04
2.988398453127083849e+04,6.000095163471996784e-04
2.989398586478197467e+04,6.000095163471996784e-04
2.990398719829310721e+04,6.000095745548605919e-04
2.991398853180424339e+04,6.000093999318778515e-04
2.992398986531537594e+04,6.000094581395387650e-04
2.993399119882651212e+04,6.000094581395387650e-04
2.994399253233764830e+04,6.000093999318778515e-04
2.995399386584878084e+04,6.000093999318778515e-04
2.996399519935991702e+04,6.000093417242169380e-04
2.997399653287105320e+04,6.000093417242169380e-04
2.998399786638218575e+04,6.000093417242169380e-04
2.999399919989332193e+04,6.000093417242169380e-04
3.000400053340445447e+04,6.000092835165560246e-04
3.001400186691559065e+04,6.000092835165560246e-04
3.002400320042672683e+04,6.000092253088951111e-04
3.003400453393785938e+04,6.000092835165560246e-04
3.004400586744899556e+04,6.000092253088951111e-04
3.005400720096013174e+04,6.000092253088951111e-04
3.006400853447126428e+04,6.000091671012341976e-04
3.007400986798240046e+04,6.000091671012341976e-04
3.008401120149353301e+04,6.000091671012341976e-04
3.009401253500466919e+04,6.000091088935732841e-04
3.010401386851580537e+04,6.000091671012341976e-04
3.011401520202693791e+04,6.000091088935732841e-04
3.012401653553807409e+04,6.000090506859123707e-04
3.013401786904921028e+04,6.000090506859123707e-04
3.014401920256034282e+04,6.000090506859123707e-04
3.015402053607147900e+04,6.000090506859123707e-04
3.016402186958261154e+04,6.000090506859123707e-04
3.017402320309374772e+04,6.000089342705905437e-04
3.018402453660488391e+04,6.000089924782514572e-04
3.019402587011601645e+04,6.000089342705905437e-04
3.020402720362715263e+04,6.000089342705905437e-04
3.021402853713828881e+04,6.000088760629296303e-04
3.022402987064942135e+04,6.000088760629296303e-04
3.023403120416055754e+04,6.000088760629296303e-04
3.024403253767169008e+04,6.000088760629296303e-04
3.025403387118282626e+04,6.000088760629296303e-04
3.026403520469396244e+04,6.000088760629296303e-04
3.027403653820509498e+04,6.000088178552687168e-04
3.028403787171623117e+04,6.000087596476078033e-04
3.029403920522736735e+04,6.000087596476078033e-04
3.030404053873849989e+04,6.000087596476078033e-04
3.031404187224963607e+04,6.000087596476078033e-04
3.032404320576076861e+04,6.000087014399468899e-04
3.033404453927190480e+04,6.000086432322859764e-04
3.034404587278304098e+04,6.000086432322859764e-04
3.035404720629417352e+04,6.000086432322859764e-04
3.036404853980530970e+04,6.000086432322859764e-04
3.037404987331644588e+04,6.000086432322859764e-04
3.038405120682757843e+04,6.000086432322859764e-04
3.039405254033871461e+04,6.000085850246250629e-04
3.040405387384984715e+04,6.000086432322859764e-04
3.041405520736098333e+04,6.000085850246250629e-04
3.042405654087211951e+04,6.000085850246250629e-04
3.043405787438325206e+04,6.000084686093032360e-04
3.044405920789438824e+04,6.000085268169641495e-04
3.045406054140552442e+04,6.000085268169641495e-04
3.046406187491665696e+04,6.000084686093032360e-04
3.047406320842779314e+04,6.000084686093032360e-04
3.048406454193892569e+04,6.000084686093032360e-04
3.049406587545006187e+04,6.000084104016423225e-04
3.050406720896119805e+04,6.000084686093032360e-04
3.051406854247233059e+04,6.000083521939814091e-04
3.052406987598346677e+04,6.000083521939814091e-04
3.053407120949460295e+04,6.000082939863204956e-04
3.054407254300573550e+04,6.000083521939814091e-04
3.055407387651687168e+04,6.000083521939814091e-04
3.056407521002800422e+04,6.000083521939814091e-04
3.057407654353914040e+04,6.000082939863204956e-04
3.058407787705027658e+04,6.000082357786595821e-04
3.059407921056140913e+04,6.000081775709986687e-04
3.060408054407254531e+04,6.000081775709986687e-04
3.061408187758368149e+04,6.000082357786595821e-04
3.062408321109481403e+04,6.000081775709986687e-04
3.063408454460595021e+04,6.000081775709986687e-04
3.064408587811708276e+04,6.000081193633377552e-04
3.065408721162821894e+04,6.000081193633377552e-04
3.066408854513935512e+04,6.000081775709986687e-04
3.067408987865048766e+04,6.000081193633377552e-04
3.068409121216162384e+04,6.000081193633377552e-04
3.069409254567276002e+04,6.000081193633377552e-04
3.070409387918389257e+04,6.000081193633377552e-04
3.071409521269502875e+04,6.000080611556768417e-04
3.072409654620616493e+04,6.000081193633377552e-04
3.073409787971729747e+04,6.000081193633377552e-04
3.074409921322843365e+04,6.000081193633377552e-04
3.075410054673956620e+04,6.000081193633377552e-04
3.076410188025070238e+04,6.000080029480159283e-04
3.077410321376183856e+04,6.000079447403550148e-04
3.078410454727297110e+04,6.000080029480159283e-04
3.079410588078410728e+04,6.000079447403550148e-04
3.080410721429524347e+04,6.000078865326941013e-04
3.081410854780637601e+04,6.000078283250331879e-04
3.082410988131751219e+04,6.000078865326941013e-04
3.083411121482864473e+04,6.000078865326941013e-04
3.084411254833978091e+04,6.000078283250331879e-04
3.085411388185091710e+04,6.000078283250331879e-04
3.086411521536204964e+04,6.000078283250331879e-04
3.087411654887318582e+04,6.000078865326941013e-04
3.088411788238432200e+04,6.000078283250331879e-04
3.089411921589545454e+04,6.000078283250331879e-04
3.090412054940659073e+04,6.000078283250331879e-04
3.091412188291772327e+04,6.000077701173722744e-04
3.092412321642885945e+04,6.000078283250331879e-04
3.093412454993999563e+04,6.000077119097113609e-04
3.094412588345112817e+04,6.000076537020504475e-04
3.095412721696226436e+04,6.000077119097113609e-04
3.096412855047340054e+04,6.000077119097113609e-04
3.097412988398453308e+04,6.000076537020504475e-04
3.098413121749566926e+04,6.000075954943895340e-04
3.099413255100680180e+04,6.000075954943895340e-04
3.100413388451793799e+04,6.000077119097113609e-04
3.101413521802907417e+04,6.000076537020504475e-04
3.102413655154020671e+04,6.000075954943895340e-04
3.103413788505134289e+04,6.000075954943895340e-04
3.104413921856247907e+04,6.000075954943895340e-04
3.105414055207361162e+04,6.000075954943895340e-04
3.106414188558474780e+04,6.000075372867286205e-04
3.107414321909588034e+04,6.000075954943895340e-04
3.108414455260701652e+04,6.000075372867286205e-04
3.109414588611815270e+04,6.000075372867286205e-04
3.110414721962928525e+04,6.000075372867286205e-04
3.111414855314042143e+04,6.000075372867286205e-04
3.112414988665155761e+04,6.000075372867286205e-04
3.113415122016269015e+04,6.000074208714067936e-04
3.114415255367382633e+04,6.000073626637458801e-04
3.115415388718495888e+04,6.000074790790677071e-04
3.116415522069609506e+04,6.000074208714067936e-04
3.117415655420723124e+04,6.000073626637458801e-04
3.118415788771836378e+04,6.000074208714067936e-04
3.119415922122949996e+04,6.000074208714067936e-04
3.120416055474063614e+04,6.000074208714067936e-04
3.121416188825176869e+04,6.000073626637458801e-04
3.122416322176290487e+04,6.000073044560849667e-04
3.123416455527403741e+04,6.000073044560849667e-04
3.124416588878517359e+04,6.000073044560849667e-04
3.125416722229630977e+04,6.000073044560849667e-04
3.126416855580744232e+04,6.000073044560849667e-04
3.127416988931857850e+04,6.000072462484240532e-04
3.128417122282971468e+04,6.000073044560849667e-04
3.129417255634084722e+04,6.000073044560849667e-04
3.130417388985198340e+04,6.000071880407631397e-04
3.131417522336311595e+04,6.000072462484240532e-04
3.132417655687425213e+04,6.000072462484240532e-04
3.133417789038538831e+04,6.000071298331022263e-04
3.134417922389652085e+04,6.000071880407631397e-04
3.135418055740765703e+04,6.000072462484240532e-04
3.136418189091879321e+04,6.000071880407631397e-04
3.137418322442992576e+04,6.000071880407631397e-04
3.138418455794106194e+04,6.000071298331022263e-04
3.139418589145219448e+04,6.000071298331022263e-04
3.140418722496333066e+04,6.000071298331022263e-04
3.141418855847446684e+04,6.000070716254413128e-04
3.142418989198559939e+04,6.000070134177803993e-04
3.143419122549673557e+04,6.000070716254413128e-04
3.144419255900787175e+04,6.000070134177803993e-04
3.145419389251900429e+04,6.000070134177803993e-04
3.146419522603014047e+04,6.000070134177803993e-04
3.147419655954127302e+04,6.000070134177803993e-04
3.148419789305240920e+04,6.000070134177803993e-04
3.149419922656354538e+04,6.000069552101194859e-04
3.150420056007467792e+04,6.000069552101194859e-04
3.151420189358581410e+04,6.000070134177803993e-04
3.152420322709695029e+04,6.000070134177803993e-04
3.153420456060808283e+04,6.000069552101194859e-04
3.154420589411921901e+04,6.000070134177803993e-04
3.155420722763035155e+04,6.000070134177803993e-04
3.156420856114148773e+04,6.000068387947976589e-04
3.157420989465262392e+04,6.000068970024585724e-04
3.158421122816375646e+04,6.000069552101194859e-04
3.159421256167489264e+04,6.000068387947976589e-04
3.160421389518602882e+04,6.000068387947976589e-04
3.161421522869716136e+04,6.000068387947976589e-04
3.162421656220829755e+04,6.000067805871367455e-04
3.163421789571943009e+04,6.000067805871367455e-04
3.164421922923056627e+04,6.000068387947976589e-04
3.165422056274170245e+04,6.000068387947976589e-04
3.166422189625283499e+04,6.000067805871367455e-04
3.167422322976397118e+04,6.000067805871367455e-04
3.168422456327510736e+04,6.000067805871367455e-04
3.169422589678623990e+04,6.000067805871367455e-04
3.170422723029737608e+04,6.000067805871367455e-04
3.171422856380850862e+04,6.000067805871367455e-04
3.172422989731964481e+04,6.000067805871367455e-04
3.173423123083078099e+04,6.000067223794758320e-04
3.174423256434191353e+04,6.000067223794758320e-04
3.175423389785304971e+04,6.000066641718149185e-04
3.176423523136418589e+04,6.000066641718149185e-04
3.177423656487531844e+04,6.000065477564930916e-04
3.178423789838645462e+04,6.000066641718149185e-04
3.179423923189758716e+04,6.000066641718149185e-04
3.180424056540872334e+04,6.000066641718149185e-04
3.181424189891985952e+04,6.000066059641540051e-04
3.182424323243099207e+04,6.000065477564930916e-04
3.183424456594212825e+04,6.000065477564930916e-04
3.184424589945326443e+04,6.000065477564930916e-04
3.185424723296439697e+04,6.000066059641540051e-04
3.186424856647553315e+04,6.000064895488321781e-04
3.187424989998666570e+04,6.000065477564930916e-04
3.188425123349780188e+04,6.000064895488321781e-04
3.189425256700893806e+04,6.000065477564930916e-04
3.190425390052007060e+04,6.000065477564930916e-04
3.191425523403120678e+04,6.000064895488321781e-04
3.192425656754234296e+04,6.000064895488321781e-04
3.193425790105347551e+04,6.000064895488321781e-04
3.194425923456461169e+04,6.000064895488321781e-04
3.195426056807574423e+04,6.000064895488321781e-04
3.196426190158688041e+04,6.000064313411712646e-04
3.197426323509801659e+04,6.000064313411712646e-04
3.198426456860914914e+04,6.000064895488321781e-04
3.199426590212028532e+04,6.000064895488321781e-04
3.200426723563142150e+04,6.000063731335103512e-04
3.201426856914255404e+04,6.000064313411712646e-04
3.202426990265369022e+04,6.000063731335103512e-04
3.203427123616482277e+04,6.000063149258494377e-04
3.204427256967595895e+04,6.000064313411712646e-04
3.205427390318709513e+04,6.000063731335103512e-04
3.206427523669822767e+04,6.000063149258494377e-04
3.207427657020936385e+04,6.000062567181885242e-04
3.208427790372050003e+04,6.000063149258494377e-04
3.209427923723163258e+04,6.000063149258494377e-04
3.210428057074276876e+04,6.000063149258494377e-04
3.211428190425390130e+04,6.000062567181885242e-04
3.212428323776503748e+04,6.000062567181885242e-04
3.213428457127617366e+04,6.000061985105276108e-04
3.214428590478730621e+04,6.000062567181885242e-04
3.215428723829844239e+04,6.000062567181885242e-04
3.216428857180957857e+04,6.000062567181885242e-04
3.217428990532071111e+04,6.000062567181885242e-04
3.218429123883184729e+04,6.000062567181885242e-04
3.219429257234297984e+04,6.000061985105276108e-04
3.220429390585411602e+04,6.000061985105276108e-04
3.221429523936525220e+04,6.000061985105276108e-04
3.222429657287638474e+04,6.000061985105276108e-04
3.223429790638752092e+04,6.000061985105276108e-04
3.224429923989865711e+04,6.000061985105276108e-04
3.225430057340978965e+04,6.000061985105276108e-04
3.226430190692092583e+04,6.000061985105276108e-04
3.227430324043205837e+04,6.000061985105276108e-04
3.228430457394319455e+04,6.000061985105276108e-04
3.229430590745433074e+04,6.000061403028666973e-04
3.230430724096546328e+04,6.000060820952057838e-04
3.231430857447659946e+04,6.000060820952057838e-04
3.232430990798773564e+04,6.000060820952057838e-04
3.233431124149886818e+04,6.000060820952057838e-04
3.234431257501000437e+04,6.000060820952057838e-04
3.235431390852113691e+04,6.000060238875448704e-04
3.236431524203227309e+04,6.000060820952057838e-04
3.237431657554340927e+04,6.000060820952057838e-04
3.238431790905454181e+04,6.000060820952057838e-04
3.239431924256567800e+04,6.000060820952057838e-04
3.240432057607681418e+04,6.000059656798839569e-04
3.241432190958794672e+04,6.000060238875448704e-04
3.242432324309908290e+04,6.000059656798839569e-04
3.243432457661021544e+04,6.000060820952057838e-04
3.244432591012135163e+04,6.000059656798839569e-04
3.245432724363248781e+04,6.000059656798839569e-04
3.246432857714362035e+04,6.000059656798839569e-04
3.247432991065475653e+04,6.000059656798839569e-04
3.248433124416589271e+04,6.000059074722230434e-04
3.249433257767702526e+04,6.000059074722230434e-04
3.250433391118816144e+04,6.000059656798839569e-04
3.251433524469929398e+04,6.000059074722230434e-04
3.252433657821043016e+04,6.000059074722230434e-04
3.253433791172156634e+04,6.000059074722230434e-04
3.254433924523269889e+04,6.000057910569012165e-04
3.255434057874383507e+04,6.000059074722230434e-04
3.256434191225497125e+04,6.000058492645621300e-04
3.257434324576610379e+04,6.000057910569012165e-04
3.258434457927723997e+04,6.000057910569012165e-04
3.259434591278837252e+04,6.000059074722230434e-04
3.260434724629950870e+04,6.000058492645621300e-04
3.261434857981064488e+04,6.000057910569012165e-04
3.262434991332177742e+04,6.000058492645621300e-04
3.263435124683291360e+04,6.000057910569012165e-04
3.264435258034404978e+04,6.000057910569012165e-04
3.265435391385518233e+04,6.000057328492403030e-04
3.266435524736631851e+04,6.000057910569012165e-04
3.267435658087745105e+04,6.000057328492403030e-04
3.268435791438858723e+04,6.000057328492403030e-04
3.269435924789972341e+04,6.000057328492403030e-04
3.270436058141085596e+04,6.000057328492403030e-04
3.271436191492199214e+04,6.000057328492403030e-04
3.272436324843312832e+04,6.000057328492403030e-04
3.273436458194426086e+04,6.000057910569012165e-04
3.274436591545539704e+04,6.000057328492403030e-04
3.275436724896652959e+04,6.000057328492403030e-04
3.276436858247766577e+04,6.000057328492403030e-04
3.277436991598879831e+04,6.000057328492403030e-04
3.278437124949993449e+04,6.000056746415793896e-04
3.279437258301107067e+04,6.000057328492403030e-04
3.280437391652220686e+04,6.000056164339184761e-04
3.281437525003334304e+04,6.000056164339184761e-04
3.282437658354447194e+04,6.000056164339184761e-04
3.283437791705560812e+04,6.000056164339184761e-04
3.284437925056674430e+04,6.000056164339184761e-04
3.285438058407788048e+04,6.000056164339184761e-04
3.286438191758901667e+04,6.000056164339184761e-04
3.287438325110014557e+04,6.000055000185966492e-04
3.288438458461128175e+04,6.000056164339184761e-04
3.289438591812241793e+04,6.000056164339184761e-04
3.290438725163355411e+04,6.000055582262575626e-04
3.291438858514469030e+04,6.000056164339184761e-04
3.292438991865582648e+04,6.000055000185966492e-04
3.293439125216695538e+04,6.000055582262575626e-04
3.294439258567809156e+04,6.000055582262575626e-04
3.295439391918922774e+04,6.000055582262575626e-04
3.296439525270036393e+04,6.000055000185966492e-04
3.297439658621150011e+04,6.000055000185966492e-04
3.298439791972262901e+04,6.000055000185966492e-04
3.299439925323376519e+04,6.000055000185966492e-04
3.300440058674490137e+04,6.000054418109357357e-04
3.301440192025603756e+04,6.000054418109357357e-04
3.302440325376717374e+04,6.000055000185966492e-04
3.303440458727830264e+04,6.000054418109357357e-04
3.304440592078943882e+04,6.000054418109357357e-04
3.305440725430057500e+04,6.000054418109357357e-04
3.306440858781171119e+04,6.000054418109357357e-04
3.307440992132284737e+04,6.000054418109357357e-04
3.308441125483398355e+04,6.000054418109357357e-04
3.309441258834511245e+04,6.000053836032748222e-04
3.310441392185624863e+04,6.000054418109357357e-04
3.311441525536738482e+04,6.000054418109357357e-04
3.312441658887852100e+04,6.000054418109357357e-04
3.313441792238965718e+04,6.000054418109357357e-04
3.314441925590078608e+04,6.000054418109357357e-04
3.315442058941192226e+04,6.000053836032748222e-04
3.316442192292305845e+04,6.000053836032748222e-04
3.317442325643419463e+04,6.000053836032748222e-04
3.318442458994533081e+04,6.000054418109357357e-04
3.319442592345645971e+04,6.000053836032748222e-04
3.320442725696759589e+04,6.000053253956139088e-04
3.321442859047873208e+04,6.000053253956139088e-04
3.322442992398986826e+04,6.000053253956139088e-04
3.323443125750100444e+04,6.000053253956139088e-04
3.324443259101214062e+04,6.000053253956139088e-04
3.325443392452326952e+04,6.000052671879529953e-04
3.326443525803440571e+04,6.000053253956139088e-04
3.327443659154554189e+04,6.000052671879529953e-04
3.328443792505667807e+04,6.000053253956139088e-04
3.329443925856781425e+04,6.000053253956139088e-04
3.330444059207894315e+04,6.000052089802920818e-04
3.331444192559007934e+04,6.000052089802920818e-04
3.332444325910121552e+04,6.000052089802920818e-04
3.333444459261235170e+04,6.000052089802920818e-04
3.334444592612348788e+04,6.000052089802920818e-04
3.335444725963462406e+04,6.000052089802920818e-04
3.336444859314575297e+04,6.000052089802920818e-04
3.337444992665688915e+04,6.000051507726311684e-04
3.338445126016802533e+04,6.000052089802920818e-04
3.339445259367916151e+04,6.000052089802920818e-04
3.340445392719029769e+04,6.000052089802920818e-04
3.341445526070142660e+04,6.000052089802920818e-04
3.342445659421256278e+04,6.000052089802920818e-04
3.343445792772369896e+04,6.000052089802920818e-04
3.344445926123483514e+04,6.000052089802920818e-04
3.345446059474597132e+04,6.000051507726311684e-04
3.346446192825710023e+04,6.000052089802920818e-04
3.347446326176823641e+04,6.000051507726311684e-04
3.348446459527937259e+04,6.000051507726311684e-04
3.349446592879050877e+04,6.000050343573093414e-04
3.350446726230164495e+04,6.000050343573093414e-04
3.351446859581278113e+04,6.000050925649702549e-04
3.352446992932391004e+04,6.000051507726311684e-04
3.353447126283504622e+04,6.000050925649702549e-04
3.354447259634618240e+04,6.000051507726311684e-04
3.355447392985731858e+04,6.000050925649702549e-04
3.356447526336845476e+04,6.000050925649702549e-04
3.357447659687958367e+04,6.000051507726311684e-04
3.358447793039071985e+04,6.000050343573093414e-04
3.359447926390185603e+04,6.000050343573093414e-04
3.360448059741299221e+04,6.000050343573093414e-04
3.361448193092412839e+04,6.000050343573093414e-04
3.362448326443525730e+04,6.000050343573093414e-04
3.363448459794639348e+04,6.000050343573093414e-04
3.364448593145752966e+04,6.000049761496484280e-04
3.365448726496866584e+04,6.000049761496484280e-04
3.366448859847980202e+04,6.000050343573093414e-04
3.367448993199093820e+04,6.000049761496484280e-04
3.368449126550206711e+04,6.000049761496484280e-04
3.369449259901320329e+04,6.000049179419875145e-04
3.370449393252433947e+04,6.000049761496484280e-04
3.371449526603547565e+04,6.000049179419875145e-04
3.372449659954661183e+04,6.000049179419875145e-04
3.373449793305774074e+04,6.000050343573093414e-04
3.374449926656887692e+04,6.000049179419875145e-04
3.375450060008001310e+04,6.000049179419875145e-04
3.376450193359114928e+04,6.000049179419875145e-04
3.377450326710228546e+04,6.000049179419875145e-04
3.378450460061341437e+04,6.000048597343266010e-04
3.379450593412455055e+04,6.000049179419875145e-04
3.380450726763568673e+04,6.000049179419875145e-04
3.381450860114682291e+04,6.000049179419875145e-04
3.382450993465795909e+04,6.000048597343266010e-04
3.383451126816909527e+04,6.000049179419875145e-04
3.384451260168022418e+04,6.000049179419875145e-04
3.385451393519136036e+04,6.000048597343266010e-04
3.386451526870249654e+04,6.000048597343266010e-04
3.387451660221363272e+04,6.000049179419875145e-04
3.388451793572476890e+04,6.000048597343266010e-04
3.389451926923589781e+04,6.000048597343266010e-04
3.390452060274703399e+04,6.000048597343266010e-04
3.391452193625817017e+04,6.000048597343266010e-04
3.392452326976930635e+04,6.000048597343266010e-04
3.393452460328044253e+04,6.000047433190047741e-04
3.394452593679157144e+04,6.000048015266656876e-04
3.395452727030270762e+04,6.000047433190047741e-04
3.396452860381384380e+04,6.000048015266656876e-04
3.397452993732497998e+04,6.000048015266656876e-04
3.398453127083611616e+04,6.000047433190047741e-04
3.399453260434725235e+04,6.000047433190047741e-04
3.400453393785838125e+04,6.000047433190047741e-04
3.401453527136951743e+04,6.000047433190047741e-04
3.402453660488065361e+04,6.000047433190047741e-04
3.403453793839178979e+04,6.000047433190047741e-04
3.404453927190292598e+04,6.000047433190047741e-04
3.405454060541405488e+04,6.000047433190047741e-04
3.406454193892519106e+04,6.000046851113438606e-04
3.407454327243632724e+04,6.000046851113438606e-04
3.408454460594746342e+04,6.000047433190047741e-04
3.409454593945859961e+04,6.000046851113438606e-04
3.410454727296972851e+04,6.000047433190047741e-04
3.411454860648086469e+04,6.000046851113438606e-04
3.412454993999200087e+04,6.000046851113438606e-04
3.413455127350313705e+04,6.000046851113438606e-04
3.414455260701427324e+04,6.000046851113438606e-04
3.415455394052540942e+04,6.000046851113438606e-04
3.416455527403653832e+04,6.000046851113438606e-04
3.417455660754767450e+04,6.000046851113438606e-04
3.418455794105881068e+04,6.000046851113438606e-04
3.419455927456994687e+04,6.000046851113438606e-04
3.420456060808108305e+04,6.000046851113438606e-04
3.421456194159221195e+04,6.000046851113438606e-04
3.422456327510334813e+04,6.000046851113438606e-04
3.423456460861448431e+04,6.000045686960220337e-04
3.424456594212562050e+04,6.000046851113438606e-04
3.425456727563675668e+04,6.000046851113438606e-04
3.426456860914788558e+04,6.000046851113438606e-04
3.427456994265902176e+04,6.000045686960220337e-04
3.428457127617015794e+04,6.000046269036829472e-04
3.429457260968129413e+04,6.000045686960220337e-04
3.430457394319243031e+04,6.000045686960220337e-04
3.431457527670356649e+04,6.000046851113438606e-04
3.432457661021469539e+04,6.000045686960220337e-04
3.433457794372583157e+04,6.000046269036829472e-04
3.434457927723696776e+04,6.000045686960220337e-04
3.435458061074810394e+04,6.000045104883611202e-04
3.436458194425924012e+04,6.000045686960220337e-04
3.437458327777036902e+04,6.000045686960220337e-04
3.438458461128150520e+04,6.000045686960220337e-04
3.439458594479264138e+04,6.000045686960220337e-04
3.440458727830377757e+04,6.000044522807002068e-04
3.441458861181491375e+04,6.000045104883611202e-04
3.442458994532604265e+04,6.000045104883611202e-04
3.443459127883717883e+04,6.000045104883611202e-04
3.444459261234831501e+04,6.000044522807002068e-04
3.445459394585945120e+04,6.000045686960220337e-04
3.446459527937058738e+04,6.000044522807002068e-04
3.447459661288172356e+04,6.000045686960220337e-04
3.448459794639285246e+04,6.000044522807002068e-04
3.449459927990398864e+04,6.000044522807002068e-04
3.450460061341512483e+04,6.000044522807002068e-04
3.451460194692626101e+04,6.000045104883611202e-04
3.452460328043739719e+04,6.000045104883611202e-04
3.453460461394852609e+04,6.000043940730392933e-04
3.454460594745966227e+04,6.000043940730392933e-04
3.455460728097079846e+04,6.000044522807002068e-04
3.456460861448193464e+04,6.000044522807002068e-04
3.457460994799307082e+04,6.000044522807002068e-04
3.458461128150419972e+04,6.000043940730392933e-04
3.459461261501533590e+04,6.000043940730392933e-04
3.460461394852647209e+04,6.000044522807002068e-04
3.461461528203760827e+04,6.000043940730392933e-04
3.462461661554874445e+04,6.000043940730392933e-04
3.463461794905988063e+04,6.000043940730392933e-04
3.464461928257100953e+04,6.000044522807002068e-04
3.465462061608214572e+04,6.000043940730392933e-04
3.466462194959328190e+04,6.000043940730392933e-04
3.467462328310441808e+04,6.000043940730392933e-04
3.468462461661555426e+04,6.000043940730392933e-04
3.469462595012668316e+04,6.000043940730392933e-04
3.470462728363781935e+04,6.000043940730392933e-04
3.471462861714895553e+04,6.000043940730392933e-04
3.472462995066009171e+04,6.000043940730392933e-04
3.473463128417122789e+04,6.000043940730392933e-04
3.474463261768235679e+04,6.000043940730392933e-04
3.475463395119349298e+04,6.000042776577174664e-04
3.476463528470462916e+04,6.000043940730392933e-04
3.477463661821576534e+04,6.000043940730392933e-04
3.478463795172690152e+04,6.000043940730392933e-04
3.479463928523803770e+04,6.000043940730392933e-04
3.480464061874916661e+04,6.000043358653783798e-04
3.481464195226030279e+04,6.000042776577174664e-04
3.482464328577143897e+04,6.000043358653783798e-04
3.483464461928257515e+04,6.000042776577174664e-04
3.484464595279371133e+04,6.000042776577174664e-04
3.485464728630484024e+04,6.000042776577174664e-04
3.486464861981597642e+04,6.000042776577174664e-04
3.487464995332711260e+04,6.000042776577174664e-04
3.488465128683824878e+04,6.000042776577174664e-04
3.489465262034938496e+04,6.000042194500565529e-04
3.490465395386051387e+04,6.000043940730392933e-04
3.491465528737165005e+04,6.000042776577174664e-04
3.492465662088278623e+04,6.000041612423956394e-04
3.493465795439392241e+04,6.000041612423956394e-04
3.494465928790505859e+04,6.000042776577174664e-04
3.495466062141619477e+04,6.000042776577174664e-04
3.496466195492732368e+04,6.000041612423956394e-04
3.497466328843845986e+04,6.000042194500565529e-04
3.498466462194959604e+04,6.000042776577174664e-04
3.499466595546073222e+04,6.000042776577174664e-04
3.500466728897186840e+04,6.000041612423956394e-04
3.501466862248299731e+04,6.000041612423956394e-04
3.502466995599413349e+04,6.000041612423956394e-04
3.503467128950526967e+04,6.000042194500565529e-04
3.504467262301640585e+04,6.000042194500565529e-04
3.505467395652754203e+04,6.000041612423956394e-04
3.506467529003867094e+04,6.000041612423956394e-04
3.507467662354980712e+04,6.000042194500565529e-04
3.508467795706094330e+04,6.000041612423956394e-04
3.509467929057207948e+04,6.000041612423956394e-04
3.510468062408321566e+04,6.000042194500565529e-04
3.511468195759435184e+04,6.000041612423956394e-04
3.512468329110548075e+04,6.000041612423956394e-04
3.513468462461661693e+04,6.000041612423956394e-04
3.514468595812775311e+04,6.000041612423956394e-04
3.515468729163888929e+04,6.000041612423956394e-04
3.516468862515002547e+04,6.000041612423956394e-04
3.517468995866115438e+04,6.000041612423956394e-04
3.518469129217229056e+04,6.000041612423956394e-04
3.519469262568342674e+04,6.000041030347347260e-04
3.520469395919456292e+04,6.000041612423956394e-04
3.521469529270569910e+04,6.000041030347347260e-04
3.522469662621682801e+04,6.000041612423956394e-04
3.523469795972796419e+04,6.000041030347347260e-04
3.524469929323910037e+04,6.000041030347347260e-04
3.525470062675023655e+04,6.000041030347347260e-04
3.526470196026137273e+04,6.000040448270738125e-04
3.527470329377250891e+04,6.000041030347347260e-04
3.528470462728363782e+04,6.000040448270738125e-04
3.529470596079477400e+04,6.000041612423956394e-04
3.530470729430591018e+04,6.000039866194128990e-04
3.531470862781704636e+04,6.000040448270738125e-04
3.532470996132818254e+04,6.000039866194128990e-04
3.533471129483931145e+04,6.000039866194128990e-04
3.534471262835044763e+04,6.000040448270738125e-04
3.535471396186158381e+04,6.000040448270738125e-04
3.536471529537271999e+04,6.000040448270738125e-04
3.537471662888385617e+04,6.000041030347347260e-04
3.538471796239498508e+04,6.000041030347347260e-04
3.539471929590612126e+04,6.000041030347347260e-04
3.540472062941725744e+04,6.000040448270738125e-04
3.541472196292839362e+04,6.000040448270738125e-04
3.542472329643952980e+04,6.000039866194128990e-04
3.543472462995066599e+04,6.000040448270738125e-04
3.544472596346179489e+04,6.000039866194128990e-04
3.545472729697293107e+04,6.000039866194128990e-04
3.546472863048406725e+04,6.000039866194128990e-04
3.547472996399520343e+04,6.000040448270738125e-04
3.548473129750633962e+04,6.000039866194128990e-04
3.549473263101746852e+04,6.000039866194128990e-04
3.550473396452860470e+04,6.000039866194128990e-04
3.551473529803974088e+04,6.000040448270738125e-04
3.552473663155087706e+04,6.000040448270738125e-04
3.553473796506201325e+04,6.000039284117519855e-04
3.554473929857314215e+04,6.000039284117519855e-04
3.555474063208427833e+04,6.000039284117519855e-04
3.556474196559541451e+04,6.000038702040910721e-04
3.557474329910655069e+04,6.000039284117519855e-04
3.558474463261768688e+04,6.000039866194128990e-04
3.559474596612882306e+04,6.000038702040910721e-04
3.560474729963995196e+04,6.000038702040910721e-04
3.561474863315108814e+04,6.000038702040910721e-04
3.562474996666222432e+04,6.000038702040910721e-04
3.563475130017336051e+04,6.000038702040910721e-04
3.564475263368449669e+04,6.000038702040910721e-04
3.565475396719562559e+04,6.000038702040910721e-04
3.566475530070676177e+04,6.000038702040910721e-04
3.567475663421789795e+04,6.000038702040910721e-04
3.568475796772903414e+04,6.000038702040910721e-04
3.569475930124017032e+04,6.000038702040910721e-04
3.570476063475129922e+04,6.000038702040910721e-04
3.571476196826243540e+04,6.000038702040910721e-04
3.572476330177357158e+04,6.000038702040910721e-04
3.573476463528470777e+04,6.000038702040910721e-04
3.574476596879584395e+04,6.000038119964301586e-04
3.575476730230698013e+04,6.000038702040910721e-04
3.576476863581810903e+04,6.000038702040910721e-04
3.577476996932924521e+04,6.000038702040910721e-04
3.578477130284038140e+04,6.000038702040910721e-04
3.579477263635151758e+04,6.000038119964301586e-04
3.580477396986265376e+04,6.000038702040910721e-04
3.581477530337378266e+04,6.000038702040910721e-04
3.582477663688491884e+04,6.000038119964301586e-04
3.583477797039605503e+04,6.000038702040910721e-04
3.584477930390719121e+04,6.000038702040910721e-04
3.585478063741832739e+04,6.000038119964301586e-04
3.586478197092946357e+04,6.000038702040910721e-04
3.587478330444059247e+04,6.000038702040910721e-04
3.588478463795172866e+04,6.000038702040910721e-04
3.589478597146286484e+04,6.000038702040910721e-04
3.590478730497400102e+04,6.000038119964301586e-04
3.591478863848513720e+04,6.000038119964301586e-04
3.592478997199626610e+04,6.000038119964301586e-04
3.593479130550740229e+04,6.000038702040910721e-04
3.594479263901853847e+04,6.000038119964301586e-04
3.595479397252967465e+04,6.000038119964301586e-04
3.596479530604081083e+04,6.000037537887692451e-04
3.597479663955193973e+04,6.000038119964301586e-04
3.598479797306307591e+04,6.000038702040910721e-04
3.599479930657421210e+04,6.000038119964301586e-04
3.600480064008534828e+04,6.000037537887692451e-04
3.601480197359648446e+04,6.000037537887692451e-04
3.602480330710762064e+04,6.000037537887692451e-04
3.603480464061874954e+04,6.000037537887692451e-04
3.604480597412988573e+04,6.000037537887692451e-04
3.605480730764102191e+04,6.000038119964301586e-04
3.606480864115215809e+04,6.000037537887692451e-04
3.607480997466329427e+04,6.000037537887692451e-04
3.608481130817442317e+04,6.000037537887692451e-04
3.609481264168555936e+04,6.000037537887692451e-04
3.610481397519669554e+04,6.000038119964301586e-04
3.611481530870783172e+04,6.000036955811083317e-04
3.612481664221896790e+04,6.000037537887692451e-04
3.613481797573009680e+04,6.000037537887692451e-04
3.614481930924123299e+04,6.000036955811083317e-04
3.615482064275236917e+04,6.000036955811083317e-04
3.616482197626350535e+04,6.000036955811083317e-04
3.617482330977464153e+04,6.000036955811083317e-04
3.618482464328577771e+04,6.000036955811083317e-04
3.619482597679690662e+04,6.000036955811083317e-04
3.620482731030804280e+04,6.000036955811083317e-04
3.621482864381917898e+04,6.000036955811083317e-04
3.622482997733031516e+04,6.000036955811083317e-04
3.623483131084145134e+04,6.000036955811083317e-04
3.624483264435258025e+04,6.000036955811083317e-04
3.625483397786371643e+04,6.000037537887692451e-04
3.626483531137485261e+04,6.000036373734474182e-04
3.627483664488598879e+04,6.000036955811083317e-04
3.628483797839712497e+04,6.000036373734474182e-04
3.629483931190825388e+04,6.000036955811083317e-04
3.630484064541939006e+04,6.000036373734474182e-04
3.631484197893052624e+04,6.000036373734474182e-04
3.632484331244166242e+04,6.000036955811083317e-04
3.633484464595279860e+04,6.000036955811083317e-04
3.634484597946393478e+04,6.000036955811083317e-04
3.635484731297506369e+04,6.000036373734474182e-04
3.636484864648619987e+04,6.000036373734474182e-04
3.637484997999733605e+04,6.000036373734474182e-04
3.638485131350847223e+04,6.000036373734474182e-04
3.639485264701960841e+04,6.000036373734474182e-04
3.640485398053073732e+04,6.000036955811083317e-04
3.641485531404187350e+04,6.000036373734474182e-04
3.642485664755300968e+04,6.000036373734474182e-04
3.643485798106414586e+04,6.000035791657865047e-04
3.644485931457528204e+04,6.000035791657865047e-04
3.645486064808641095e+04,6.000036373734474182e-04
3.646486198159754713e+04,6.000035791657865047e-04
3.647486331510868331e+04,6.000036373734474182e-04
3.648486464861981949e+04,6.000036373734474182e-04
3.649486598213095567e+04,6.000036373734474182e-04
3.650486731564209185e+04,6.000035791657865047e-04
3.651486864915322076e+04,6.000036373734474182e-04
3.652486998266435694e+04,6.000036373734474182e-04
3.653487131617549312e+04,6.000035791657865047e-04
3.654487264968662930e+04,6.000035209581255913e-04
3.655487398319776548e+04,6.000035209581255913e-04
3.656487531670889439e+04,6.000035791657865047e-04
3.657487665022003057e+04,6.000036373734474182e-04
3.658487798373116675e+04,6.000035791657865047e-04
3.659487931724230293e+04,6.000035209581255913e-04
3.660488065075343911e+04,6.000035791657865047e-04
3.661488198426456802e+04,6.000035791657865047e-04
3.662488331777570420e+04,6.000035791657865047e-04
3.663488465128684038e+04,6.000035209581255913e-04
3.664488598479797656e+04,6.000035209581255913e-04
3.665488731830911274e+04,6.000035209581255913e-04
3.666488865182024892e+04,6.000035209581255913e-04
3.667488998533137783e+04,6.000035209581255913e-04
3.668489131884251401e+04,6.000035209581255913e-04
3.669489265235365019e+04,6.000035209581255913e-04
3.670489398586478637e+04,6.000035209581255913e-04
3.671489531937592255e+04,6.000035209581255913e-04
3.672489665288705146e+04,6.000035209581255913e-04
3.673489798639818764e+04,6.000035209581255913e-04
3.674489931990932382e+04,6.000034045428037643e-04
3.675490065342046000e+04,6.000034627504646778e-04
3.676490198693159618e+04,6.000034045428037643e-04
3.677490332044272509e+04,6.000035209581255913e-04
3.678490465395386127e+04,6.000035209581255913e-04
3.679490598746499745e+04,6.000035209581255913e-04
3.680490732097613363e+04,6.000034627504646778e-04
3.681490865448726981e+04,6.000034627504646778e-04
3.682490998799840600e+04,6.000034627504646778e-04
3.683491132150953490e+04,6.000035209581255913e-04
3.684491265502067108e+04,6.000034627504646778e-04
3.685491398853180726e+04,6.000034045428037643e-04
3.686491532204294344e+04,6.000034045428037643e-04
3.687491665555407963e+04,6.000034627504646778e-04
3.688491798906520853e+04,6.000034045428037643e-04
3.689491932257634471e+04,6.000034045428037643e-04
3.690492065608748089e+04,6.000034045428037643e-04
3.691492198959861707e+04,6.000034045428037643e-04
3.692492332310975326e+04,6.000034045428037643e-04
3.693492465662088216e+04,6.000034627504646778e-04
3.694492599013201834e+04,6.000034627504646778e-04
3.695492732364315452e+04,6.000034045428037643e-04
3.696492865715429070e+04,6.000035209581255913e-04
3.697492999066542689e+04,6.000033463351428509e-04
3.698493132417656307e+04,6.000034045428037643e-04
3.699493265768769197e+04,6.000034627504646778e-04
3.700493399119882815e+04,6.000034045428037643e-04
3.701493532470996433e+04,6.000034045428037643e-04
3.702493665822110052e+04,6.000034045428037643e-04
3.703493799173223670e+04,6.000034045428037643e-04
3.704493932524336560e+04,6.000034045428037643e-04
3.705494065875450178e+04,6.000033463351428509e-04
3.706494199226563796e+04,6.000034045428037643e-04
3.707494332577677415e+04,6.000034045428037643e-04
3.708494465928791033e+04,6.000033463351428509e-04
3.709494599279903923e+04,6.000033463351428509e-04
3.710494732631017541e+04,6.000033463351428509e-04
3.711494865982131159e+04,6.000033463351428509e-04
3.712494999333244778e+04,6.000033463351428509e-04
3.713495132684358396e+04,6.000033463351428509e-04
3.714495266035472014e+04,6.000034045428037643e-04
3.715495399386584904e+04,6.000033463351428509e-04
3.716495532737698522e+04,6.000034045428037643e-04
3.717495666088812141e+04,6.000033463351428509e-04
3.718495799439925759e+04,6.000033463351428509e-04
3.719495932791039377e+04,6.000033463351428509e-04
3.720496066142152267e+04,6.000033463351428509e-04
3.721496199493265885e+04,6.000033463351428509e-04
3.722496332844379504e+04,6.000033463351428509e-04
3.723496466195493122e+04,6.000033463351428509e-04
3.724496599546606740e+04,6.000032881274819374e-04
3.725496732897719630e+04,6.000033463351428509e-04
3.726496866248833248e+04,6.000033463351428509e-04
3.727496999599946867e+04,6.000033463351428509e-04
3.728497132951060485e+04,6.000033463351428509e-04
3.729497266302174103e+04,6.000032881274819374e-04
3.730497399653287721e+04,6.000033463351428509e-04
3.731497533004400611e+04,6.000033463351428509e-04
3.732497666355514230e+04,6.000033463351428509e-04
3.733497799706627848e+04,6.000033463351428509e-04
3.734497933057741466e+04,6.000032881274819374e-04
3.735498066408855084e+04,6.000033463351428509e-04
3.736498199759967974e+04,6.000032881274819374e-04
3.737498333111081593e+04,6.000033463351428509e-04
3.738498466462195211e+04,6.000032881274819374e-04
3.739498599813308829e+04,6.000032881274819374e-04
3.740498733164422447e+04,6.000032299198210239e-04
3.741498866515535337e+04,6.000032299198210239e-04
3.742498999866648956e+04,6.000032299198210239e-04
3.743499133217762574e+04,6.000032299198210239e-04
3.744499266568876192e+04,6.000032881274819374e-04
3.745499399919989810e+04,6.000032299198210239e-04
3.746499533271103428e+04,6.000032299198210239e-04
3.747499666622216319e+04,6.000032881274819374e-04
3.748499799973329937e+04,6.000032881274819374e-04
3.749499933324443555e+04,6.000033463351428509e-04
3.750500066675557173e+04,6.000032299198210239e-04
3.751500200026670791e+04,6.000032299198210239e-04
3.752500333377783681e+04,6.000031717121601105e-04
3.753500466728897300e+04,6.000032881274819374e-04
3.754500600080010918e+04,6.000032299198210239e-04
3.755500733431124536e+04,6.000032881274819374e-04
3.756500866782238154e+04,6.000032299198210239e-04
3.757501000133351044e+04,6.000032299198210239e-04
3.758501133484464663e+04,6.000032299198210239e-04
3.759501266835578281e+04,6.000032881274819374e-04
3.760501400186691899e+04,6.000032299198210239e-04
3.761501533537805517e+04,6.000032299198210239e-04
3.762501666888919135e+04,6.000031135044991970e-04
3.763501800240032026e+04,6.000032299198210239e-04
3.764501933591145644e+04,6.000031135044991970e-04
3.765502066942259262e+04,6.000031717121601105e-04
3.766502200293372880e+04,6.000031717121601105e-04
3.767502333644486498e+04,6.000031135044991970e-04
3.768502466995599389e+04,6.000031717121601105e-04
3.769502600346713007e+04,6.000031717121601105e-04
3.770502733697826625e+04,6.000031717121601105e-04
3.771502867048940243e+04,6.000031717121601105e-04
3.772503000400053861e+04,6.000031717121601105e-04
3.773503133751166752e+04,6.000031135044991970e-04
3.774503267102280370e+04,6.000032299198210239e-04
3.775503400453393988e+04,6.000031717121601105e-04
3.776503533804507606e+04,6.000031135044991970e-04
3.777503667155621224e+04,6.000031717121601105e-04
3.778503800506734842e+04,6.000032299198210239e-04
3.779503933857847733e+04,6.000031717121601105e-04
3.780504067208961351e+04,6.000031135044991970e-04
3.781504200560074969e+04,6.000031135044991970e-04
3.782504333911188587e+04,6.000031135044991970e-04
3.783504467262302205e+04,6.000031135044991970e-04
3.784504600613415096e+04,6.000031717121601105e-04
3.785504733964528714e+04,6.000031717121601105e-04
3.786504867315642332e+04,6.000030552968382835e-04
3.787505000666755950e+04,6.000031135044991970e-04
3.788505134017869568e+04,6.000031135044991970e-04
3.789505267368982459e+04,6.000031135044991970e-04
3.790505400720096077e+04,6.000031135044991970e-04
3.791505534071209695e+04,6.000031135044991970e-04
3.792505667422323313e+04,6.000031135044991970e-04
3.793505800773436931e+04,6.000030552968382835e-04
3.794505934124550549e+04,6.000031135044991970e-04
3.795506067475663440e+04,6.000030552968382835e-04
3.796506200826777058e+04,6.000030552968382835e-04
3.797506334177890676e+04,6.000030552968382835e-04
3.798506467529004294e+04,6.000031135044991970e-04
3.799506600880117912e+04,6.000031135044991970e-04
3.800506734231230803e+04,6.000031135044991970e-04
3.801506867582344421e+04,6.000031135044991970e-04
3.802507000933458039e+04,6.000030552968382835e-04
3.803507134284571657e+04,6.000030552968382835e-04
3.804507267635685275e+04,6.000031135044991970e-04
3.805507400986798166e+04,6.000030552968382835e-04
3.806507534337911784e+04,6.000031135044991970e-04
3.807507667689025402e+04,6.000031135044991970e-04
3.808507801040139020e+04,6.000031135044991970e-04
3.809507934391252638e+04,6.000030552968382835e-04
3.810508067742366256e+04,6.000030552968382835e-04
3.811508201093479147e+04,6.000030552968382835e-04
3.812508334444592765e+04,6.000031135044991970e-04
3.813508467795706383e+04,6.000030552968382835e-04
3.814508601146820001e+04,6.000029970891773701e-04
3.815508734497933619e+04,6.000030552968382835e-04
3.816508867849046510e+04,6.000030552968382835e-04
3.817509001200160128e+04,6.000030552968382835e-04
3.818509134551273746e+04,6.000029970891773701e-04
3.819509267902387364e+04,6.000030552968382835e-04
3.820509401253500982e+04,6.000030552968382835e-04
3.821509534604613873e+04,6.000030552968382835e-04
3.822509667955727491e+04,6.000030552968382835e-04
3.823509801306841109e+04,6.000029970891773701e-04
3.824509934657954727e+04,6.000030552968382835e-04
3.825510068009068345e+04,6.000030552968382835e-04
3.826510201360181964e+04,6.000030552968382835e-04
3.827510334711294854e+04,6.000030552968382835e-04
3.828510468062408472e+04,6.000030552968382835e-04
3.829510601413522090e+04,6.000029970891773701e-04
3.830510734764635708e+04,6.000029970891773701e-04
3.831510868115749327e+04,6.000029970891773701e-04
3.832511001466862217e+04,6.000030552968382835e-04
3.833511134817975835e+04,6.000029970891773701e-04
3.834511268169089453e+04,6.000029970891773701e-04
3.835511401520203071e+04,6.000030552968382835e-04
3.836511534871316690e+04,6.000030552968382835e-04
3.837511668222429580e+04,6.000030552968382835e-04
3.838511801573543198e+04,6.000029970891773701e-04
3.839511934924656816e+04,6.000029388815164566e-04
3.840512068275770434e+04,6.000029970891773701e-04
3.841512201626884053e+04,6.000030552968382835e-04
3.842512334977997671e+04,6.000029388815164566e-04
3.843512468329110561e+04,6.000029970891773701e-04
3.844512601680224179e+04,6.000029388815164566e-04
3.845512735031337797e+04,6.000029970891773701e-04
3.846512868382451416e+04,6.000029970891773701e-04
3.847513001733565034e+04,6.000030552968382835e-04
3.848513135084677924e+04,6.000029970891773701e-04
3.849513268435791542e+04,6.000029388815164566e-04
3.850513401786905160e+04,6.000029970891773701e-04
3.851513535138018779e+04,6.000029388815164566e-04
3.852513668489132397e+04,6.000029388815164566e-04
3.853513801840246015e+04,6.000029970891773701e-04
3.854513935191358905e+04,6.000029388815164566e-04
3.855514068542472523e+04,6.000029388815164566e-04
3.856514201893586142e+04,6.000029388815164566e-04
3.857514335244699760e+04,6.000029970891773701e-04
3.858514468595813378e+04,6.000029388815164566e-04
3.859514601946926268e+04,6.000029388815164566e-04
3.860514735298039886e+04,6.000028806738555431e-04
3.861514868649153505e+04,6.000029388815164566e-04
3.862515002000267123e+04,6.000030552968382835e-04
3.863515135351380741e+04,6.000028806738555431e-04
3.864515268702493631e+04,6.000029388815164566e-04
3.865515402053607249e+04,6.000028806738555431e-04
3.866515535404720868e+04,6.000029388815164566e-04
3.867515668755834486e+04,6.000029388815164566e-04
3.868515802106948104e+04,6.000029388815164566e-04
3.869515935458061722e+04,6.000028806738555431e-04
3.870516068809174612e+04,6.000028224661946297e-04
3.871516202160288231e+04,6.000028224661946297e-04
3.872516335511401849e+04,6.000029388815164566e-04
3.873516468862515467e+04,6.000029388815164566e-04
3.874516602213629085e+04,6.000028224661946297e-04
3.875516735564741975e+04,6.000029388815164566e-04
3.876516868915855594e+04,6.000028806738555431e-04
3.877517002266969212e+04,6.000028806738555431e-04
3.878517135618082830e+04,6.000029388815164566e-04
3.879517268969196448e+04,6.000029388815164566e-04
3.880517402320309338e+04,6.000029388815164566e-04
3.881517535671422957e+04,6.000028224661946297e-04
3.882517669022536575e+04,6.000028806738555431e-04
3.883517802373650193e+04,6.000028224661946297e-04
3.884517935724763811e+04,6.000028224661946297e-04
3.885518069075877429e+04,6.000028224661946297e-04
3.886518202426990320e+04,6.000028224661946297e-04
3.887518335778103938e+04,6.000028224661946297e-04
3.888518469129217556e+04,6.000028224661946297e-04
3.889518602480331174e+04,6.000029388815164566e-04
3.890518735831444792e+04,6.000028224661946297e-04
3.891518869182557683e+04,6.000028806738555431e-04
3.892519002533671301e+04,6.000028224661946297e-04
3.893519135884784919e+04,6.000028224661946297e-04
3.894519269235898537e+04,6.000028224661946297e-04
3.895519402587012155e+04,6.000028806738555431e-04
3.896519535938125046e+04,6.000028224661946297e-04
3.897519669289238664e+04,6.000028224661946297e-04
3.898519802640352282e+04,6.000028224661946297e-04
3.899519935991465900e+04,6.000028224661946297e-04
3.900520069342579518e+04,6.000028224661946297e-04
3.901520202693693136e+04,6.000028224661946297e-04
3.902520336044806027e+04,6.000028224661946297e-04
3.903520469395919645e+04,6.000028224661946297e-04
3.904520602747033263e+04,6.000028224661946297e-04
3.905520736098146881e+04,6.000028224661946297e-04
3.906520869449260499e+04,6.000028224661946297e-04
3.907521002800373390e+04,6.000028224661946297e-04
3.908521136151487008e+04,6.000028224661946297e-04
3.909521269502600626e+04,6.000028224661946297e-04
3.910521402853714244e+04,6.000028224661946297e-04
3.911521536204827862e+04,6.000027642585337162e-04
3.912521669555940753e+04,6.000028224661946297e-04
3.913521802907054371e+04,6.000027642585337162e-04
3.914521936258167989e+04,6.000028224661946297e-04
3.915522069609281607e+04,6.000028224661946297e-04
3.916522202960395225e+04,6.000028224661946297e-04
3.917522336311508843e+04,6.000028224661946297e-04
3.918522469662621734e+04,6.000028224661946297e-04
3.919522603013735352e+04,6.000028224661946297e-04
3.920522736364848970e+04,6.000027642585337162e-04
3.921522869715962588e+04,6.000027642585337162e-04
3.922523003067076206e+04,6.000027642585337162e-04
3.923523136418189097e+04,6.000028224661946297e-04
3.924523269769302715e+04,6.000028224661946297e-04
3.925523403120416333e+04,6.000027642585337162e-04
3.926523536471529951e+04,6.000027642585337162e-04
3.927523669822643569e+04,6.000028224661946297e-04
3.928523803173756460e+04,6.000028224661946297e-04
3.929523936524870078e+04,6.000027642585337162e-04
3.930524069875983696e+04,6.000027642585337162e-04
3.931524203227097314e+04,6.000027642585337162e-04
3.932524336578210932e+04,6.000027642585337162e-04
3.933524469929324550e+04,6.000028224661946297e-04
3.934524603280437441e+04,6.000027642585337162e-04
3.935524736631551059e+04,6.000027060508728027e-04
3.936524869982664677e+04,6.000027642585337162e-04
3.937525003333778295e+04,6.000027642585337162e-04
3.938525136684891913e+04,6.000027642585337162e-04
3.939525270036004804e+04,6.000027642585337162e-04
3.940525403387118422e+04,6.000027642585337162e-04
3.941525536738232040e+04,6.000027642585337162e-04
3.942525670089345658e+04,6.000027642585337162e-04
3.943525803440459276e+04,6.000027642585337162e-04
3.944525936791572167e+04,6.000027642585337162e-04
3.945526070142685785e+04,6.000027642585337162e-04
3.946526203493799403e+04,6.000027642585337162e-04
3.947526336844913021e+04,6.000027642585337162e-04
3.948526470196026639e+04,6.000027642585337162e-04
3.949526603547140257e+04,6.000027642585337162e-04
3.950526736898253148e+04,6.000027642585337162e-04
3.951526870249366766e+04,6.000027642585337162e-04
3.952527003600480384e+04,6.000027060508728027e-04
3.953527136951594002e+04,6.000027642585337162e-04
3.954527270302707620e+04,6.000027642585337162e-04
3.955527403653820511e+04,6.000027642585337162e-04
3.956527537004934129e+04,6.000027060508728027e-04
3.957527670356047747e+04,6.000027642585337162e-04
3.958527803707161365e+04,6.000027642585337162e-04
3.959527937058274983e+04,6.000027060508728027e-04
3.960528070409387874e+04,6.000027642585337162e-04
3.961528203760501492e+04,6.000027642585337162e-04
3.962528337111615110e+04,6.000027642585337162e-04
3.963528470462728728e+04,6.000027642585337162e-04
3.964528603813842346e+04,6.000026478432118893e-04
3.965528737164955965e+04,6.000026478432118893e-04
3.966528870516068855e+04,6.000027642585337162e-04
3.967529003867182473e+04,6.000026478432118893e-04
3.968529137218296091e+04,6.000027060508728027e-04
3.969529270569409709e+04,6.000027642585337162e-04
3.970529403920523328e+04,6.000026478432118893e-04
3.971529537271636218e+04,6.000026478432118893e-04
3.972529670622749836e+04,6.000026478432118893e-04
3.973529803973863454e+04,6.000026478432118893e-04
3.974529937324977072e+04,6.000026478432118893e-04
3.975530070676090691e+04,6.000027642585337162e-04
3.976530204027203581e+04,6.000027642585337162e-04
3.977530337378317199e+04,6.000026478432118893e-04
3.978530470729430817e+04,6.000026478432118893e-04
3.979530604080544435e+04,6.000027060508728027e-04
3.980530737431658054e+04,6.000027060508728027e-04
3.981530870782771672e+04,6.000027060508728027e-04
3.982531004133884562e+04,6.000027060508728027e-04
3.983531137484998180e+04,6.000026478432118893e-04
3.984531270836111798e+04,6.000026478432118893e-04
3.985531404187225417e+04,6.000026478432118893e-04
3.986531537538339035e+04,6.000026478432118893e-04
3.987531670889451925e+04,6.000026478432118893e-04
3.988531804240565543e+04,6.000027060508728027e-04
3.989531937591679161e+04,6.000026478432118893e-04
3.990532070942792780e+04,6.000026478432118893e-04
3.991532204293906398e+04,6.000026478432118893e-04
3.992532337645019288e+04,6.000025896355509758e-04
3.993532470996132906e+04,6.000025896355509758e-04
3.994532604347246524e+04,6.000025896355509758e-04
3.995532737698360143e+04,6.000026478432118893e-04
3.996532871049473761e+04,6.000026478432118893e-04
3.997533004400587379e+04,6.000026478432118893e-04
3.998533137751700269e+04,6.000025896355509758e-04
3.999533271102813887e+04,6.000026478432118893e-04
4.000533404453927506e+04,6.000025896355509758e-04
4.001533537805041124e+04,6.000025314278900623e-04
4.002533671156154742e+04,6.000025314278900623e-04
4.003533804507267632e+04,6.000026478432118893e-04
4.004533937858381250e+04,6.000025314278900623e-04
4.005534071209494869e+04,6.000026478432118893e-04
4.006534204560608487e+04,6.000025314278900623e-04
4.007534337911722105e+04,6.000025314278900623e-04
4.008534471262834995e+04,6.000025896355509758e-04
4.009534604613948613e+04,6.000026478432118893e-04
4.010534737965062232e+04,6.000025896355509758e-04
4.011534871316175850e+04,6.000026478432118893e-04
4.012535004667289468e+04,6.000025896355509758e-04
4.013535138018403086e+04,6.000025896355509758e-04
4.014535271369515976e+04,6.000025896355509758e-04
4.015535404720629595e+04,6.000025314278900623e-04
4.016535538071743213e+04,6.000025314278900623e-04
4.017535671422856831e+04,6.000025896355509758e-04
4.018535804773970449e+04,6.000025314278900623e-04
4.019535938125083339e+04,6.000026478432118893e-04
4.020536071476196958e+04,6.000025896355509758e-04
4.021536204827310576e+04,6.000025896355509758e-04
4.022536338178424194e+04,6.000025314278900623e-04
4.023536471529537812e+04,6.000025314278900623e-04
4.024536604880650702e+04,6.000025314278900623e-04
4.025536738231764321e+04,6.000025314278900623e-04
4.026536871582877939e+04,6.000025314278900623e-04
4.027537004933991557e+04,6.000025314278900623e-04
4.028537138285105175e+04,6.000025314278900623e-04
4.029537271636218793e+04,6.000025314278900623e-04
4.030537404987331684e+04,6.000025314278900623e-04
4.031537538338445302e+04,6.000025314278900623e-04
4.032537671689558920e+04,6.000025314278900623e-04
4.033537805040672538e+04,6.000025896355509758e-04
4.034537938391786156e+04,6.000025314278900623e-04
4.035538071742899047e+04,6.000025314278900623e-04
4.036538205094012665e+04,6.000025314278900623e-04
4.037538338445126283e+04,6.000025314278900623e-04
4.038538471796239901e+04,6.000024732202291489e-04
4.039538605147353519e+04,6.000024732202291489e-04
4.040538738498466410e+04,6.000025314278900623e-04
4.041538871849580028e+04,6.000025314278900623e-04
4.042539005200693646e+04,6.000025314278900623e-04
4.043539138551807264e+04,6.000025314278900623e-04
4.044539271902920882e+04,6.000025314278900623e-04
4.045539405254034500e+04,6.000025314278900623e-04
4.046539538605147391e+04,6.000025314278900623e-04
4.047539671956261009e+04,6.000025314278900623e-04
4.048539805307374627e+04,6.000025314278900623e-04
4.049539938658488245e+04,6.000025314278900623e-04
4.050540072009601863e+04,6.000025314278900623e-04
4.051540205360714754e+04,6.000024732202291489e-04
4.052540338711828372e+04,6.000025314278900623e-04
4.053540472062941990e+04,6.000025314278900623e-04
4.054540605414055608e+04,6.000025314278900623e-04
4.055540738765169226e+04,6.000025314278900623e-04
4.056540872116282117e+04,6.000025314278900623e-04
4.057541005467395735e+04,6.000025314278900623e-04
4.058541138818509353e+04,6.000025314278900623e-04
4.059541272169622971e+04,6.000024732202291489e-04
4.060541405520736589e+04,6.000024732202291489e-04
4.061541538871850207e+04,6.000025314278900623e-04
4.062541672222963098e+04,6.000025314278900623e-04
4.063541805574076716e+04,6.000024732202291489e-04
4.064541938925190334e+04,6.000024732202291489e-04
4.065542072276303952e+04,6.000024732202291489e-04
4.066542205627417570e+04,6.000024732202291489e-04
4.067542338978530461e+04,6.000024732202291489e-04
4.068542472329644079e+04,6.000024732202291489e-04
4.069542605680757697e+04,6.000025314278900623e-04
4.070542739031871315e+04,6.000024732202291489e-04
4.071542872382984933e+04,6.000024732202291489e-04
4.072543005734097824e+04,6.000025314278900623e-04
4.073543139085211442e+04,6.000025314278900623e-04
4.074543272436325060e+04,6.000024732202291489e-04
4.075543405787438678e+04,6.000024732202291489e-04
4.076543539138552296e+04,6.000024732202291489e-04
4.077543672489665914e+04,6.000024732202291489e-04
4.078543805840778805e+04,6.000024732202291489e-04
4.079543939191892423e+04,6.000024732202291489e-04
4.080544072543006041e+04,6.000024732202291489e-04
4.081544205894119659e+04,6.000024732202291489e-04
4.082544339245233277e+04,6.000024732202291489e-04
4.083544472596346168e+04,6.000024732202291489e-04
4.084544605947459786e+04,6.000024150125682354e-04
4.085544739298573404e+04,6.000024732202291489e-04
4.086544872649687022e+04,6.000025314278900623e-04
4.087545006000800640e+04,6.000024150125682354e-04
4.088545139351913531e+04,6.000024732202291489e-04
4.089545272703027149e+04,6.000023568049073219e-04
4.090545406054140767e+04,6.000024732202291489e-04
4.091545539405254385e+04,6.000024732202291489e-04
4.092545672756368003e+04,6.000024150125682354e-04
4.093545806107481621e+04,6.000024732202291489e-04
4.094545939458594512e+04,6.000024732202291489e-04
4.095546072809708130e+04,6.000023568049073219e-04
4.096546206160821748e+04,6.000024732202291489e-04
4.097546339511935366e+04,6.000024150125682354e-04
4.098546472863048984e+04,6.000024732202291489e-04
4.099546606214161875e+04,6.000024732202291489e-04
4.100546739565275493e+04,6.000024732202291489e-04
4.101546872916389111e+04,6.000024150125682354e-04
4.102547006267502729e+04,6.000024150125682354e-04
4.103547139618616347e+04,6.000024150125682354e-04
4.104547272969729966e+04,6.000024150125682354e-04
4.105547406320842856e+04,6.000023568049073219e-04
4.106547539671956474e+04,6.000024150125682354e-04
4.107547673023070092e+04,6.000023568049073219e-04
4.108547806374183710e+04,6.000024732202291489e-04
4.109547939725297329e+04,6.000024150125682354e-04
4.110548073076410219e+04,6.000024150125682354e-04
4.111548206427523837e+04,6.000024732202291489e-04
4.112548339778637455e+04,6.000024150125682354e-04
4.113548473129751073e+04,6.000024150125682354e-04
4.114548606480864692e+04,6.000023568049073219e-04
4.115548739831977582e+04,6.000023568049073219e-04
4.116548873183091200e+04,6.000023568049073219e-04
4.117549006534204818e+04,6.000023568049073219e-04
4.118549139885318436e+04,6.000023568049073219e-04
4.119549273236432055e+04,6.000022985972464085e-04
4.120549406587545673e+04,6.000023568049073219e-04
4.121549539938658563e+04,6.000023568049073219e-04
4.122549673289772181e+04,6.000024150125682354e-04
4.123549806640885799e+04,6.000024150125682354e-04
4.124549939991999418e+04,6.000023568049073219e-04
4.125550073343113036e+04,6.000023568049073219e-04
4.126550206694225926e+04,6.000024150125682354e-04
4.127550340045339544e+04,6.000023568049073219e-04
4.128550473396453162e+04,6.000024150125682354e-04
4.129550606747566781e+04,6.000023568049073219e-04
4.130550740098680399e+04,6.000023568049073219e-04
4.131550873449793289e+04,6.000023568049073219e-04
4.132551006800906907e+04,6.000023568049073219e-04
4.133551140152020525e+04,6.000022985972464085e-04
4.134551273503134144e+04,6.000023568049073219e-04
4.135551406854247762e+04,6.000022985972464085e-04
4.136551540205361380e+04,6.000022985972464085e-04
4.137551673556474270e+04,6.000022985972464085e-04
4.138551806907587888e+04,6.000023568049073219e-04
4.139551940258701507e+04,6.000023568049073219e-04
4.140552073609815125e+04,6.000022985972464085e-04
4.141552206960928743e+04,6.000023568049073219e-04
4.142552340312041633e+04,6.000023568049073219e-04
4.143552473663155251e+04,6.000023568049073219e-04
4.144552607014268870e+04,6.000023568049073219e-04
4.145552740365382488e+04,6.000023568049073219e-04
4.146552873716496106e+04,6.000023568049073219e-04
4.147553007067608996e+04,6.000022985972464085e-04
4.148553140418722614e+04,6.000023568049073219e-04
4.149553273769836233e+04,6.000023568049073219e-04
4.150553407120949851e+04,6.000022985972464085e-04
4.151553540472063469e+04,6.000024150125682354e-04
4.152553673823177087e+04,6.000022985972464085e-04
4.153553807174289977e+04,6.000022985972464085e-04
4.154553940525403596e+04,6.000023568049073219e-04
4.155554073876517214e+04,6.000023568049073219e-04
4.156554207227630832e+04,6.000023568049073219e-04
4.157554340578744450e+04,6.000022985972464085e-04
4.158554473929857340e+04,6.000022985972464085e-04
4.159554607280970959e+04,6.000022985972464085e-04
4.160554740632084577e+04,6.000023568049073219e-04
4.161554873983198195e+04,6.000022985972464085e-04
4.162555007334311813e+04,6.000022985972464085e-04
4.163555140685424703e+04,6.000022985972464085e-04
4.164555274036538322e+04,6.000022985972464085e-04
4.165555407387651940e+04,6.000022985972464085e-04
4.166555540738765558e+04,6.000022985972464085e-04
4.167555674089879176e+04,6.000022985972464085e-04
4.168555807440992794e+04,6.000022985972464085e-04
4.169555940792105685e+04,6.000023568049073219e-04
4.170556074143219303e+04,6.000022985972464085e-04
4.171556207494332921e+04,6.000022985972464085e-04
4.172556340845446539e+04,6.000022985972464085e-04
4.173556474196560157e+04,6.000022985972464085e-04
4.174556607547673048e+04,6.000022985972464085e-04
4.175556740898786666e+04,6.000023568049073219e-04
4.176556874249900284e+04,6.000022985972464085e-04
4.177557007601013902e+04,6.000022985972464085e-04
4.178557140952127520e+04,6.000022985972464085e-04
4.179557274303240411e+04,6.000022985972464085e-04
4.180557407654354029e+04,6.000023568049073219e-04
4.181557541005467647e+04,6.000022985972464085e-04
4.182557674356581265e+04,6.000022985972464085e-04
4.183557807707694883e+04,6.000022985972464085e-04
4.184557941058808501e+04,6.000022985972464085e-04
4.185558074409921392e+04,6.000022985972464085e-04
4.186558207761035010e+04,6.000022403895854950e-04
4.187558341112148628e+04,6.000023568049073219e-04
4.188558474463262246e+04,6.000022985972464085e-04
4.189558607814375864e+04,6.000022985972464085e-04
4.190558741165488755e+04,6.000022403895854950e-04
4.191558874516602373e+04,6.000022985972464085e-04
4.192559007867715991e+04,6.000022985972464085e-04
4.193559141218829609e+04,6.000022403895854950e-04
4.194559274569943227e+04,6.000022985972464085e-04
4.195559407921056118e+04,6.000022985972464085e-04
4.196559541272169736e+04,6.000022985972464085e-04
4.197559674623283354e+04,6.000022985972464085e-04
4.198559807974396972e+04,6.000021821819245815e-04
4.199559941325510590e+04,6.000022985972464085e-04
4.200560074676624208e+04,6.000022985972464085e-04
4.201560208027737099e+04,6.000022985972464085e-04
4.202560341378850717e+04,6.000022985972464085e-04
4.203560474729964335e+04,6.000022985972464085e-04
4.204560608081077953e+04,6.000022403895854950e-04
4.205560741432191571e+04,6.000022985972464085e-04
4.206560874783304462e+04,6.000022985972464085e-04
4.207561008134418080e+04,6.000021821819245815e-04
4.208561141485531698e+04,6.000022985972464085e-04
4.209561274836645316e+04,6.000022985972464085e-04
4.210561408187758934e+04,6.000022985972464085e-04
4.211561541538871825e+04,6.000022403895854950e-04
4.212561674889985443e+04,6.000022403895854950e-04
4.213561808241099061e+04,6.000022985972464085e-04
4.214561941592212679e+04,6.000022985972464085e-04
4.215562074943326297e+04,6.000022403895854950e-04
4.216562208294439915e+04,6.000022985972464085e-04
4.217562341645552806e+04,6.000022985972464085e-04
4.218562474996666424e+04,6.000022985972464085e-04
4.219562608347780042e+04,6.000022985972464085e-04
4.220562741698893660e+04,6.000022985972464085e-04
4.221562875050007278e+04,6.000022985972464085e-04
4.222563008401120169e+04,6.000022985972464085e-04
4.223563141752233787e+04,6.000021821819245815e-04
4.224563275103347405e+04,6.000022985972464085e-04
4.225563408454461023e+04,6.000022403895854950e-04
4.226563541805574641e+04,6.000022403895854950e-04
4.227563675156687532e+04,6.000022403895854950e-04
4.228563808507801150e+04,6.000022403895854950e-04
4.229563941858914768e+04,6.000022403895854950e-04
4.230564075210028386e+04,6.000021821819245815e-04
4.231564208561142004e+04,6.000022403895854950e-04
4.232564341912255622e+04,6.000021821819245815e-04
4.233564475263368513e+04,6.000021821819245815e-04
4.234564608614482131e+04,6.000021821819245815e-04
4.235564741965595749e+04,6.000021821819245815e-04
4.236564875316709367e+04,6.000021821819245815e-04
4.237565008667822985e+04,6.000021821819245815e-04
4.238565142018935876e+04,6.000021821819245815e-04
4.239565275370049494e+04,6.000021821819245815e-04
4.240565408721163112e+04,6.000021821819245815e-04
4.241565542072276730e+04,6.000022403895854950e-04
4.242565675423390348e+04,6.000021821819245815e-04
4.243565808774503239e+04,6.000021821819245815e-04
4.244565942125616857e+04,6.000022985972464085e-04
4.245566075476730475e+04,6.000021821819245815e-04
4.246566208827844093e+04,6.000021821819245815e-04
4.247566342178957711e+04,6.000021821819245815e-04
4.248566475530071330e+04,6.000021821819245815e-04
4.249566608881184220e+04,6.000022403895854950e-04
4.250566742232297838e+04,6.000021821819245815e-04
4.251566875583411456e+04,6.000022403895854950e-04
4.252567008934525074e+04,6.000021821819245815e-04
4.253567142285638693e+04,6.000021821819245815e-04
4.254567275636751583e+04,6.000021821819245815e-04
4.255567408987865201e+04,6.000021821819245815e-04
4.256567542338978819e+04,6.000021821819245815e-04
4.257567675690092437e+04,6.000022985972464085e-04
4.258567809041206056e+04,6.000021821819245815e-04
4.259567942392318946e+04,6.000021821819245815e-04
4.260568075743432564e+04,6.000020657666027546e-04
4.261568209094546182e+04,6.000021239742636681e-04
4.262568342445659800e+04,6.000021821819245815e-04
4.263568475796773419e+04,6.000021239742636681e-04
4.264568609147887037e+04,6.000021821819245815e-04
4.265568742498999927e+04,6.000021821819245815e-04
4.266568875850113545e+04,6.000021821819245815e-04
4.267569009201227163e+04,6.000021821819245815e-04
4.268569142552340782e+04,6.000021239742636681e-04
4.269569275903454400e+04,6.000021821819245815e-04
4.270569409254567290e+04,6.000021821819245815e-04
4.271569542605680908e+04,6.000021821819245815e-04
4.272569675956794526e+04,6.000021821819245815e-04
4.273569809307908145e+04,6.000020657666027546e-04
4.274569942659021763e+04,6.000021239742636681e-04
4.275570076010134653e+04,6.000021239742636681e-04
4.276570209361248271e+04,6.000021821819245815e-04
4.277570342712361889e+04,6.000021821819245815e-04
4.278570476063475508e+04,6.000021239742636681e-04
4.279570609414589126e+04,6.000021821819245815e-04
4.280570742765702744e+04,6.000021821819245815e-04
4.281570876116815634e+04,6.000021239742636681e-04
4.282571009467929252e+04,6.000021821819245815e-04
4.283571142819042871e+04,6.000021821819245815e-04
4.284571276170156489e+04,6.000021821819245815e-04
4.285571409521270107e+04,6.000020657666027546e-04
4.286571542872382997e+04,6.000021239742636681e-04
4.287571676223496615e+04,6.000020657666027546e-04
4.288571809574610234e+04,6.000021821819245815e-04
4.289571942925723852e+04,6.000021239742636681e-04
4.290572076276837470e+04,6.000021821819245815e-04
4.291572209627950360e+04,6.000021239742636681e-04
4.292572342979063978e+04,6.000020657666027546e-04
4.293572476330177597e+04,6.000020657666027546e-04
4.294572609681291215e+04,6.000021239742636681e-04
4.295572743032404833e+04,6.000021239742636681e-04
4.296572876383518451e+04,6.000021239742636681e-04
4.297573009734631341e+04,6.000020657666027546e-04
4.298573143085744960e+04,6.000021239742636681e-04
4.299573276436858578e+04,6.000021239742636681e-04
4.300573409787972196e+04,6.000020657666027546e-04
4.301573543139085814e+04,6.000020657666027546e-04
4.302573676490198704e+04,6.000020657666027546e-04
4.303573809841312323e+04,6.000020657666027546e-04
4.304573943192425941e+04,6.000021239742636681e-04
4.305574076543539559e+04,6.000020657666027546e-04
4.306574209894653177e+04,6.000021239742636681e-04
4.307574343245766067e+04,6.000021821819245815e-04
4.308574476596879686e+04,6.000021239742636681e-04
4.309574609947993304e+04,6.000021239742636681e-04
4.310574743299106922e+04,6.000021239742636681e-04
4.311574876650220540e+04,6.000020657666027546e-04
4.312575010001334158e+04,6.000020657666027546e-04
4.313575143352447049e+04,6.000020657666027546e-04
4.314575276703560667e+04,6.000020657666027546e-04
4.315575410054674285e+04,6.000020657666027546e-04
4.316575543405787903e+04,6.000020657666027546e-04
4.317575676756901521e+04,6.000020657666027546e-04
4.318575810108014412e+04,6.000020657666027546e-04
4.319575943459128030e+04,6.000020657666027546e-04
4.320576076810241648e+04,6.000020657666027546e-04
4.321576210161355266e+04,6.000020075589418411e-04
4.322576343512468884e+04,6.000020657666027546e-04
4.323576476863581775e+04,6.000020657666027546e-04
4.324576610214695393e+04,6.000020075589418411e-04
4.325576743565809011e+04,6.000020657666027546e-04
4.326576876916922629e+04,6.000020657666027546e-04
4.327577010268036247e+04,6.000021239742636681e-04
4.328577143619149865e+04,6.000020657666027546e-04
4.329577276970262756e+04,6.000020657666027546e-04
4.330577410321376374e+04,6.000020657666027546e-04
4.331577543672489992e+04,6.000020657666027546e-04
4.332577677023603610e+04,6.000020657666027546e-04
4.333577810374717228e+04,6.000020657666027546e-04
4.334577943725830119e+04,6.000020657666027546e-04
4.335578077076943737e+04,6.000020075589418411e-04
4.336578210428057355e+04,6.000020657666027546e-04
4.337578343779170973e+04,6.000020657666027546e-04
4.338578477130284591e+04,6.000020657666027546e-04
4.339578610481397482e+04,6.000020657666027546e-04
4.340578743832511100e+04,6.000021239742636681e-04
4.341578877183624718e+04,6.000020657666027546e-04
4.342579010534738336e+04,6.000020075589418411e-04
4.343579143885851954e+04,6.000020657666027546e-04
4.344579277236965572e+04,6.000020657666027546e-04
4.345579410588078463e+04,6.000020075589418411e-04
4.346579543939192081e+04,6.000020657666027546e-04
4.347579677290305699e+04,6.000020657666027546e-04
4.348579810641419317e+04,6.000020657666027546e-04
4.349579943992532935e+04,6.000020657666027546e-04
4.350580077343645826e+04,6.000020657666027546e-04
4.351580210694759444e+04,6.000020075589418411e-04
4.352580344045873062e+04,6.000020075589418411e-04
4.353580477396986680e+04,6.000020657666027546e-04
4.354580610748100298e+04,6.000020657666027546e-04
4.355580744099213916e+04,6.000020657666027546e-04
4.356580877450326807e+04,6.000020075589418411e-04
4.357581010801440425e+04,6.000020075589418411e-04
4.358581144152554043e+04,6.000020075589418411e-04
4.359581277503667661e+04,6.000020657666027546e-04
4.360581410854781279e+04,6.000020075589418411e-04
4.361581544205894170e+04,6.000020075589418411e-04
4.362581677557007788e+04,6.000020075589418411e-04
4.363581810908121406e+04,6.000020075589418411e-04
4.364581944259235024e+04,6.000020075589418411e-04
4.365582077610348642e+04,6.000020075589418411e-04
4.366582210961461533e+04,6.000020075589418411e-04
4.367582344312575151e+04,6.000020075589418411e-04
4.368582477663688769e+04,6.000020657666027546e-04
4.369582611014802387e+04,6.000020075589418411e-04
4.370582744365916005e+04,6.000020075589418411e-04
4.371582877717029623e+04,6.000020075589418411e-04
4.372583011068142514e+04,6.000020075589418411e-04
4.373583144419256132e+04,6.000020075589418411e-04
4.374583277770369750e+04,6.000020657666027546e-04
4.375583411121483368e+04,6.000020075589418411e-04
4.376583544472596986e+04,6.000020657666027546e-04
4.377583677823709877e+04,6.000020075589418411e-04
4.378583811174823495e+04,6.000020075589418411e-04
4.379583944525937113e+04,6.000020075589418411e-04
4.380584077877050731e+04,6.000020657666027546e-04
4.381584211228164349e+04,6.000020075589418411e-04
4.382584344579277240e+04,6.000020075589418411e-04
4.383584477930390858e+04,6.000020075589418411e-04
4.384584611281504476e+04,6.000020075589418411e-04
4.385584744632618094e+04,6.000020075589418411e-04
4.386584877983731712e+04,6.000020075589418411e-04
4.387585011334845331e+04,6.000020075589418411e-04
4.388585144685958221e+04,6.000020075589418411e-04
4.389585278037071839e+04,6.000020075589418411e-04
4.390585411388185457e+04,6.000020075589418411e-04
4.391585544739299075e+04,6.000020657666027546e-04
4.392585678090412694e+04,6.000020075589418411e-04
4.393585811441525584e+04,6.000020075589418411e-04
4.394585944792639202e+04,6.000020075589418411e-04
4.395586078143752820e+04,6.000020075589418411e-04
4.396586211494866438e+04,6.000020075589418411e-04
4.397586344845980057e+04,6.000020075589418411e-04
4.398586478197092947e+04,6.000020075589418411e-04
4.399586611548206565e+04,6.000020075589418411e-04
4.400586744899320183e+04,6.000020075589418411e-04
4.401586878250433801e+04,6.000020075589418411e-04
4.402587011601547420e+04,6.000018911436200142e-04
4.403587144952661038e+04,6.000020075589418411e-04
4.404587278303773928e+04,6.000020075589418411e-04
4.405587411654887546e+04,6.000020075589418411e-04
4.406587545006001164e+04,6.000019493512809277e-04
4.407587678357114783e+04,6.000020075589418411e-04
4.408587811708228401e+04,6.000020075589418411e-04
4.409587945059341291e+04,6.000020075589418411e-04
4.410588078410454909e+04,6.000020075589418411e-04
4.411588211761568527e+04,6.000020075589418411e-04
4.412588345112682146e+04,6.000019493512809277e-04
4.413588478463795764e+04,6.000020075589418411e-04
4.414588611814908654e+04,6.000020075589418411e-04
4.415588745166022272e+04,6.000020075589418411e-04
4.416588878517135890e+04,6.000020075589418411e-04
4.417589011868249509e+04,6.000020075589418411e-04
4.418589145219363127e+04,6.000020075589418411e-04
4.419589278570476745e+04,6.000019493512809277e-04
4.420589411921589635e+04,6.000019493512809277e-04
4.421589545272703253e+04,6.000018911436200142e-04
4.422589678623816872e+04,6.000020075589418411e-04
4.423589811974930490e+04,6.000019493512809277e-04
4.424589945326044108e+04,6.000020075589418411e-04
4.425590078677156998e+04,6.000018911436200142e-04
4.426590212028270616e+04,6.000020075589418411e-04
4.427590345379384235e+04,6.000020075589418411e-04
4.428590478730497853e+04,6.000020075589418411e-04
4.429590612081611471e+04,6.000020075589418411e-04
4.430590745432724361e+04,6.000020075589418411e-04
4.431590878783837979e+04,6.000019493512809277e-04
4.432591012134951598e+04,6.000020075589418411e-04
4.433591145486065216e+04,6.000019493512809277e-04
4.434591278837178834e+04,6.000019493512809277e-04
4.435591412188292452e+04,6.000019493512809277e-04
4.436591545539405342e+04,6.000019493512809277e-04
4.437591678890518961e+04,6.000019493512809277e-04
4.438591812241632579e+04,6.000019493512809277e-04
4.439591945592746197e+04,6.000020075589418411e-04
4.440592078943859815e+04,6.000018911436200142e-04
4.441592212294972705e+04,6.000018911436200142e-04
4.442592345646086324e+04,6.000020075589418411e-04
4.443592478997199942e+04,6.000019493512809277e-04
4.444592612348313560e+04,6.000019493512809277e-04
4.445592745699427178e+04,6.000018911436200142e-04
4.446592879050540068e+04,6.000019493512809277e-04
4.447593012401653687e+04,6.000018911436200142e-04
4.448593145752767305e+04,6.000020075589418411e-04
4.449593279103880923e+04,6.000020075589418411e-04
4.450593412454994541e+04,6.000019493512809277e-04
4.451593545806108159e+04,6.000018911436200142e-04
4.452593679157221050e+04,6.000018911436200142e-04
4.453593812508334668e+04,6.000018911436200142e-04
4.454593945859448286e+04,6.000020075589418411e-04
4.455594079210561904e+04,6.000019493512809277e-04
4.456594212561675522e+04,6.000020075589418411e-04
4.457594345912788413e+04,6.000020075589418411e-04
4.458594479263902031e+04,6.000018911436200142e-04
4.459594612615015649e+04,6.000018911436200142e-04
4.460594745966129267e+04,6.000018911436200142e-04
4.461594879317242885e+04,6.000018911436200142e-04
4.462595012668355776e+04,6.000018911436200142e-04
4.463595146019469394e+04,6.000019493512809277e-04
4.464595279370583012e+04,6.000018911436200142e-04
4.465595412721696630e+04,6.000018911436200142e-04
4.466595546072810248e+04,6.000018911436200142e-04
4.467595679423923866e+04,6.000018911436200142e-04
4.468595812775036757e+04,6.000019493512809277e-04
4.469595946126150375e+04,6.000018911436200142e-04
4.470596079477263993e+04,6.000018911436200142e-04
4.471596212828377611e+04,6.000018911436200142e-04
4.472596346179491229e+04,6.000018911436200142e-04
4.473596479530604120e+04,6.000018911436200142e-04
4.474596612881717738e+04,6.000018911436200142e-04
4.475596746232831356e+04,6.000018911436200142e-04
4.476596879583944974e+04,6.000019493512809277e-04
4.477597012935058592e+04,6.000018911436200142e-04
4.478597146286171483e+04,6.000018911436200142e-04
4.479597279637285101e+04,6.000018911436200142e-04
4.480597412988398719e+04,6.000018911436200142e-04
4.481597546339512337e+04,6.000018329359591007e-04
4.482597679690625955e+04,6.000019493512809277e-04
4.483597813041739573e+04,6.000018911436200142e-04
4.484597946392852464e+04,6.000018911436200142e-04
4.485598079743966082e+04,6.000019493512809277e-04
4.486598213095079700e+04,6.000018911436200142e-04
4.487598346446193318e+04,6.000018911436200142e-04
4.488598479797306936e+04,6.000019493512809277e-04
4.489598613148419827e+04,6.000018911436200142e-04
4.490598746499533445e+04,6.000018911436200142e-04
4.491598879850647063e+04,6.000018911436200142e-04
4.492599013201760681e+04,6.000018911436200142e-04
4.493599146552874299e+04,6.000018911436200142e-04
4.494599279903987190e+04,6.000018911436200142e-04
4.495599413255100808e+04,6.000018911436200142e-04
4.496599546606214426e+04,6.000018911436200142e-04
4.497599679957328044e+04,6.000018911436200142e-04
4.498599813308441662e+04,6.000018911436200142e-04
4.499599946659555280e+04,6.000018911436200142e-04
4.500600080010668171e+04,6.000018911436200142e-04
4.501600213361781789e+04,6.000018911436200142e-04
4.502600346712895407e+04,6.000018329359591007e-04
4.503600480064009025e+04,6.000018911436200142e-04
4.504600613415122643e+04,6.000019493512809277e-04
4.505600746766235534e+04,6.000018911436200142e-04
4.506600880117349152e+04,6.000018329359591007e-04
4.507601013468462770e+04,6.000018911436200142e-04
4.508601146819576388e+04,6.000018911436200142e-04
4.509601280170690006e+04,6.000018911436200142e-04
4.510601413521802897e+04,6.000018911436200142e-04
4.511601546872916515e+04,6.000018329359591007e-04
4.512601680224030133e+04,6.000018329359591007e-04
4.513601813575143751e+04,6.000018911436200142e-04
4.514601946926257369e+04,6.000017747282981873e-04
4.515602080277370987e+04,6.000018329359591007e-04
4.516602213628483878e+04,6.000018911436200142e-04
4.517602346979597496e+04,6.000017747282981873e-04
4.518602480330711114e+04,6.000018911436200142e-04
4.519602613681824732e+04,6.000017747282981873e-04
4.520602747032938350e+04,6.000018911436200142e-04
4.521602880384051241e+04,6.000018911436200142e-04
4.522603013735164859e+04,6.000018911436200142e-04
4.523603147086278477e+04,6.000018329359591007e-04
4.524603280437392095e+04,6.000018329359591007e-04
4.525603413788505713e+04,6.000018329359591007e-04
4.526603547139618604e+04,6.000018911436200142e-04
4.527603680490732222e+04,6.000018911436200142e-04
4.528603813841845840e+04,6.000018329359591007e-04
4.529603947192959458e+04,6.000017747282981873e-04
4.530604080544073076e+04,6.000019493512809277e-04
4.531604213895186695e+04,6.000017747282981873e-04
4.532604347246299585e+04,6.000018329359591007e-04
4.533604480597413203e+04,6.000018329359591007e-04
4.534604613948526821e+04,6.000018911436200142e-04
4.535604747299640439e+04,6.000018329359591007e-04
4.536604880650754058e+04,6.000018329359591007e-04
4.537605014001866948e+04,6.000017747282981873e-04
4.538605147352980566e+04,6.000018329359591007e-04
4.539605280704094184e+04,6.000017747282981873e-04
4.540605414055207802e+04,6.000018329359591007e-04
4.541605547406321421e+04,6.000018329359591007e-04
4.542605680757434311e+04,6.000018329359591007e-04
4.543605814108547929e+04,6.000018329359591007e-04
4.544605947459661547e+04,6.000017747282981873e-04
4.545606080810775165e+04,6.000017747282981873e-04
4.546606214161888784e+04,6.000018329359591007e-04
4.547606347513002402e+04,6.000017747282981873e-04
4.548606480864115292e+04,6.000017747282981873e-04
4.549606614215228910e+04,6.000017747282981873e-04
4.550606747566342528e+04,6.000017747282981873e-04
4.551606880917456147e+04,6.000017747282981873e-04
4.552607014268569765e+04,6.000018329359591007e-04
4.553607147619682655e+04,6.000018329359591007e-04
4.554607280970796273e+04,6.000018329359591007e-04
4.555607414321909891e+04,6.000018329359591007e-04
4.556607547673023510e+04,6.000018911436200142e-04
4.557607681024137128e+04,6.000018329359591007e-04
4.558607814375250018e+04,6.000017747282981873e-04
4.559607947726363636e+04,6.000017747282981873e-04
4.560608081077477254e+04,6.000017747282981873e-04
4.561608214428590873e+04,6.000017747282981873e-04
4.562608347779704491e+04,6.000017747282981873e-04
4.563608481130818109e+04,6.000018329359591007e-04
4.564608614481930999e+04,6.000017747282981873e-04
4.565608747833044617e+04,6.000017747282981873e-04
4.566608881184158236e+04,6.000017747282981873e-04
4.567609014535271854e+04,6.000017747282981873e-04
4.568609147886385472e+04,6.000017747282981873e-04
4.569609281237498362e+04,6.000018911436200142e-04
4.570609414588611980e+04,6.000017747282981873e-04
4.571609547939725599e+04,6.000017747282981873e-04
4.572609681290839217e+04,6.000017747282981873e-04
4.573609814641952835e+04,6.000017747282981873e-04
4.574609947993065725e+04,6.000017747282981873e-04
4.575610081344179343e+04,6.000017747282981873e-04
4.576610214695292962e+04,6.000017747282981873e-04
4.577610348046406580e+04,6.000017747282981873e-04
4.578610481397520198e+04,6.000017747282981873e-04
4.579610614748633816e+04,6.000017747282981873e-04
4.580610748099746706e+04,6.000017747282981873e-04
4.581610881450860325e+04,6.000017747282981873e-04
4.582611014801973943e+04,6.000017747282981873e-04
4.583611148153087561e+04,6.000017747282981873e-04
4.584611281504201179e+04,6.000018329359591007e-04
4.585611414855314069e+04,6.000017747282981873e-04
4.586611548206427688e+04,6.000017747282981873e-04
4.587611681557541306e+04,6.000017747282981873e-04
4.588611814908654924e+04,6.000017747282981873e-04
4.589611948259768542e+04,6.000017747282981873e-04
4.590612081610881432e+04,6.000017747282981873e-04
4.591612214961995051e+04,6.000017165206372738e-04
4.592612348313108669e+04,6.000017747282981873e-04
4.593612481664222287e+04,6.000017747282981873e-04
4.594612615015335905e+04,6.000017747282981873e-04
4.595612748366449523e+04,6.000017747282981873e-04
4.596612881717562414e+04,6.000017747282981873e-04
4.597613015068676032e+04,6.000017747282981873e-04
4.598613148419789650e+04,6.000017747282981873e-04
4.599613281770903268e+04,6.000017747282981873e-04
4.600613415122016886e+04,6.000017747282981873e-04
4.601613548473129777e+04,6.000017747282981873e-04
4.602613681824243395e+04,6.000017165206372738e-04
4.603613815175357013e+04,6.000017747282981873e-04
4.604613948526470631e+04,6.000017747282981873e-04
4.605614081877584249e+04,6.000017747282981873e-04
4.606614215228697140e+04,6.000017747282981873e-04
4.607614348579810758e+04,6.000017747282981873e-04
4.608614481930924376e+04,6.000017747282981873e-04
4.609614615282037994e+04,6.000017747282981873e-04
4.610614748633151612e+04,6.000017165206372738e-04
4.611614881984265230e+04,6.000017747282981873e-04
4.612615015335378121e+04,6.000017747282981873e-04
4.613615148686491739e+04,6.000017165206372738e-04
4.614615282037605357e+04,6.000017747282981873e-04
4.615615415388718975e+04,6.000017747282981873e-04
4.616615548739832593e+04,6.000017747282981873e-04
4.617615682090945484e+04,6.000017747282981873e-04
4.618615815442059102e+04,6.000017747282981873e-04
4.619615948793172720e+04,6.000017747282981873e-04
4.620616082144286338e+04,6.000017165206372738e-04
4.621616215495399956e+04,6.000017747282981873e-04
4.622616348846513574e+04,6.000017747282981873e-04
4.623616482197626465e+04,6.000017747282981873e-04
4.624616615548740083e+04,6.000017747282981873e-04
4.625616748899853701e+04,6.000017165206372738e-04
4.626616882250967319e+04,6.000017747282981873e-04
4.627617015602080937e+04,6.000017747282981873e-04
4.628617148953193828e+04,6.000017747282981873e-04
4.629617282304307446e+04,6.000017747282981873e-04
4.630617415655421064e+04,6.000017747282981873e-04
4.631617549006534682e+04,6.000017165206372738e-04
4.632617682357648300e+04,6.000017747282981873e-04
4.633617815708761191e+04,6.000017165206372738e-04
4.634617949059874809e+04,6.000017747282981873e-04
4.635618082410988427e+04,6.000017747282981873e-04
4.636618215762102045e+04,6.000017165206372738e-04
4.637618349113215663e+04,6.000017747282981873e-04
4.638618482464329281e+04,6.000017747282981873e-04
4.639618615815442172e+04,6.000017747282981873e-04
4.640618749166555790e+04,6.000017747282981873e-04
4.641618882517669408e+04,6.000017747282981873e-04
4.642619015868783026e+04,6.000017165206372738e-04
4.643619149219896644e+04,6.000017747282981873e-04
4.644619282571009535e+04,6.000017747282981873e-04
4.645619415922123153e+04,6.000017747282981873e-04
4.646619549273236771e+04,6.000017747282981873e-04
4.647619682624350389e+04,6.000017165206372738e-04
4.648619815975464007e+04,6.000017165206372738e-04
4.649619949326576898e+04,6.000017747282981873e-04
4.650620082677690516e+04,6.000017165206372738e-04
4.651620216028804134e+04,6.000017165206372738e-04
4.652620349379917752e+04,6.000017165206372738e-04
4.653620482731031370e+04,6.000017165206372738e-04
4.654620616082144988e+04,6.000017747282981873e-04
4.655620749433257879e+04,6.000017747282981873e-04
4.656620882784371497e+04,6.000017165206372738e-04
4.657621016135485115e+04,6.000017165206372738e-04
4.658621149486598733e+04,6.000017165206372738e-04
4.659621282837712351e+04,6.000017165206372738e-04
4.660621416188825242e+04,6.000017747282981873e-04
4.661621549539938860e+04,6.000017747282981873e-04
4.662621682891052478e+04,6.000017165206372738e-04
4.663621816242166096e+04,6.000017165206372738e-04
4.664621949593279714e+04,6.000017165206372738e-04
4.665622082944392605e+04,6.000017747282981873e-04
4.666622216295506223e+04,6.000017747282981873e-04
4.667622349646619841e+04,6.000017165206372738e-04
4.668622482997733459e+04,6.000017165206372738e-04
4.669622616348847077e+04,6.000017165206372738e-04
4.670622749699960696e+04,6.000017165206372738e-04
4.671622883051073586e+04,6.000017165206372738e-04
4.672623016402187204e+04,6.000017165206372738e-04
4.673623149753300822e+04,6.000017165206372738e-04
4.674623283104414440e+04,6.000017165206372738e-04
4.675623416455528059e+04,6.000016583129763603e-04
4.676623549806640949e+04,6.000017165206372738e-04
4.677623683157754567e+04,6.000017747282981873e-04
4.678623816508868185e+04,6.000017165206372738e-04
4.679623949859981803e+04,6.000017165206372738e-04
4.680624083211095422e+04,6.000017165206372738e-04
4.681624216562208312e+04,6.000017747282981873e-04
4.682624349913321930e+04,6.000017165206372738e-04
4.683624483264435548e+04,6.000017165206372738e-04
4.684624616615549166e+04,6.000017747282981873e-04
4.685624749966662785e+04,6.000017165206372738e-04
4.686624883317776403e+04,6.000017165206372738e-04
4.687625016668889293e+04,6.000017747282981873e-04
4.688625150020002911e+04,6.000017165206372738e-04
4.689625283371116529e+04,6.000017165206372738e-04
4.690625416722230148e+04,6.000017165206372738e-04
4.691625550073343766e+04,6.000017165206372738e-04
4.692625683424456656e+04,6.000017165206372738e-04
4.693625816775570274e+04,6.000016583129763603e-04
4.694625950126683892e+04,6.000017165206372738e-04
4.695626083477797511e+04,6.000017165206372738e-04
4.696626216828911129e+04,6.000017165206372738e-04
4.697626350180024019e+04,6.000017165206372738e-04
4.698626483531137637e+04,6.000017747282981873e-04
4.699626616882251255e+04,6.000017165206372738e-04
4.700626750233364874e+04,6.000016583129763603e-04
4.701626883584478492e+04,6.000016583129763603e-04
4.702627016935592110e+04,6.000017165206372738e-04
4.703627150286705000e+04,6.000017165206372738e-04
4.704627283637818618e+04,6.000017165206372738e-04
4.705627416988932237e+04,6.000016583129763603e-04
4.706627550340045855e+04,6.000016001053154469e-04
4.707627683691159473e+04,6.000016001053154469e-04
4.708627817042272363e+04,6.000017165206372738e-04
4.709627950393385981e+04,6.000016583129763603e-04
4.710628083744499600e+04,6.000017165206372738e-04
4.711628217095613218e+04,6.000017165206372738e-04
4.712628350446726836e+04,6.000016583129763603e-04
4.713628483797839726e+04,6.000017165206372738e-04
4.714628617148953344e+04,6.000017165206372738e-04
4.715628750500066963e+04,6.000016583129763603e-04
4.716628883851180581e+04,6.000017165206372738e-04
4.717629017202294199e+04,6.000017165206372738e-04
4.718629150553407817e+04,6.000016001053154469e-04
4.719629283904520707e+04,6.000016001053154469e-04
4.720629417255634326e+04,6.000017165206372738e-04
4.721629550606747944e+04,6.000016583129763603e-04
4.722629683957861562e+04,6.000016001053154469e-04
4.723629817308975180e+04,6.000017165206372738e-04
4.724629950660088070e+04,6.000017165206372738e-04
4.725630084011201689e+04,6.000016583129763603e-04
4.726630217362315307e+04,6.000016583129763603e-04
4.727630350713428925e+04,6.000017165206372738e-04
4.728630484064542543e+04,6.000016583129763603e-04
4.729630617415655433e+04,6.000017165206372738e-04
4.730630750766769052e+04,6.000017747282981873e-04
4.731630884117882670e+04,6.000017165206372738e-04
4.732631017468996288e+04,6.000016583129763603e-04
4.733631150820109906e+04,6.000016001053154469e-04
4.734631284171223524e+04,6.000016001053154469e-04
4.735631417522336415e+04,6.000016583129763603e-04
4.736631550873450033e+04,6.000017165206372738e-04
4.737631684224563651e+04,6.000016583129763603e-04
4.738631817575677269e+04,6.000016583129763603e-04
4.739631950926790887e+04,6.000016583129763603e-04
4.740632084277903778e+04,6.000016583129763603e-04
4.741632217629017396e+04,6.000016583129763603e-04
4.742632350980131014e+04,6.000016583129763603e-04
4.743632484331244632e+04,6.000016583129763603e-04
4.744632617682358250e+04,6.000017165206372738e-04
4.745632751033471141e+04,6.000016583129763603e-04
4.746632884384584759e+04,6.000016001053154469e-04
4.747633017735698377e+04,6.000016583129763603e-04
4.748633151086811995e+04,6.000016001053154469e-04
4.749633284437925613e+04,6.000016583129763603e-04
4.750633417789039231e+04,6.000017165206372738e-04
4.751633551140152122e+04,6.000016001053154469e-04
4.752633684491265740e+04,6.000016001053154469e-04
4.753633817842379358e+04,6.000016001053154469e-04
4.754633951193492976e+04,6.000016583129763603e-04
4.755634084544606594e+04,6.000016001053154469e-04
4.756634217895719485e+04,6.000016001053154469e-04
4.757634351246833103e+04,6.000015418976545334e-04
4.758634484597946721e+04,6.000016001053154469e-04
4.759634617949060339e+04,6.000017165206372738e-04
4.760634751300173957e+04,6.000016583129763603e-04
4.761634884651286848e+04,6.000016001053154469e-04
4.762635018002400466e+04,6.000016001053154469e-04
4.763635151353514084e+04,6.000016001053154469e-04
4.764635284704627702e+04,6.000017165206372738e-04
4.765635418055741320e+04,6.000016583129763603e-04
4.766635551406854938e+04,6.000016583129763603e-04
4.767635684757967829e+04,6.000016001053154469e-04
4.768635818109081447e+04,6.000016583129763603e-04
4.769635951460195065e+04,6.000016583129763603e-04
4.770636084811308683e+04,6.000016583129763603e-04
4.771636218162422301e+04,6.000016583129763603e-04
4.772636351513535192e+04,6.000016583129763603e-04
4.773636484864648810e+04,6.000016001053154469e-04
4.774636618215762428e+04,6.000016001053154469e-04
4.775636751566876046e+04,6.000015418976545334e-04
4.776636884917989664e+04,6.000016583129763603e-04
4.777637018269102555e+04,6.000016583129763603e-04
4.778637151620216173e+04,6.000016001053154469e-04
4.779637284971329791e+04,6.000016001053154469e-04
4.780637418322443409e+04,6.000016001053154469e-04
4.781637551673557027e+04,6.000016001053154469e-04
4.782637685024670645e+04,6.000016583129763603e-04
4.783637818375783536e+04,6.000016001053154469e-04
4.784637951726897154e+04,6.000016001053154469e-04
4.785638085078010772e+04,6.000016001053154469e-04
4.786638218429124390e+04,6.000016001053154469e-04
4.787638351780238008e+04,6.000016001053154469e-04
4.788638485131350899e+04,6.000016583129763603e-04
4.789638618482464517e+04,6.000016001053154469e-04
4.790638751833578135e+04,6.000016001053154469e-04
4.791638885184691753e+04,6.000015418976545334e-04
4.792639018535805371e+04,6.000016001053154469e-04
4.793639151886918262e+04,6.000016001053154469e-04
4.794639285238031880e+04,6.000016001053154469e-04
4.795639418589145498e+04,6.000016001053154469e-04
4.796639551940259116e+04,6.000015418976545334e-04
4.797639685291372734e+04,6.000016001053154469e-04
4.798639818642486352e+04,6.000016583129763603e-04
4.799639951993599243e+04,6.000016001053154469e-04
4.800640085344712861e+04,6.000015418976545334e-04
4.801640218695826479e+04,6.000016001053154469e-04
4.802640352046940097e+04,6.000015418976545334e-04
4.803640485398053715e+04,6.000016583129763603e-04
4.804640618749166606e+04,6.000016001053154469e-04
4.805640752100280224e+04,6.000015418976545334e-04
4.806640885451393842e+04,6.000014836899936199e-04
4.807641018802507460e+04,6.000016001053154469e-04
4.808641152153621078e+04,6.000016583129763603e-04
4.809641285504733969e+04,6.000016001053154469e-04
4.810641418855847587e+04,6.000016001053154469e-04
4.811641552206961205e+04,6.000016583129763603e-04
4.812641685558074823e+04,6.000015418976545334e-04
4.813641818909188441e+04,6.000015418976545334e-04
4.814641952260302060e+04,6.000015418976545334e-04
4.815642085611414950e+04,6.000016001053154469e-04
4.816642218962528568e+04,6.000016001053154469e-04
4.817642352313642186e+04,6.000016001053154469e-04
4.818642485664755804e+04,6.000014836899936199e-04
4.819642619015869423e+04,6.000015418976545334e-04
4.820642752366982313e+04,6.000016001053154469e-04
4.821642885718095931e+04,6.000016001053154469e-04
4.822643019069209549e+04,6.000016001053154469e-04
4.823643152420323167e+04,6.000015418976545334e-04
4.824643285771436786e+04,6.000015418976545334e-04
4.825643419122549676e+04,6.000016001053154469e-04
4.826643552473663294e+04,6.000016001053154469e-04
4.827643685824776912e+04,6.000016001053154469e-04
4.828643819175890530e+04,6.000016001053154469e-04
4.829643952527004149e+04,6.000014836899936199e-04
4.830644085878117767e+04,6.000016001053154469e-04
4.831644219229230657e+04,6.000015418976545334e-04
4.832644352580344275e+04,6.000016001053154469e-04
4.833644485931457893e+04,6.000015418976545334e-04
4.834644619282571512e+04,6.000016001053154469e-04
4.835644752633685130e+04,6.000016001053154469e-04
4.836644885984798020e+04,6.000015418976545334e-04
4.837645019335911638e+04,6.000015418976545334e-04
4.838645152687025256e+04,6.000014836899936199e-04
4.839645286038138875e+04,6.000015418976545334e-04
4.840645419389252493e+04,6.000016001053154469e-04
4.841645552740365383e+04,6.000016001053154469e-04
4.842645686091479001e+04,6.000015418976545334e-04
4.843645819442592619e+04,6.000016001053154469e-04
4.844645952793706238e+04,6.000014836899936199e-04
4.845646086144819856e+04,6.000015418976545334e-04
4.846646219495933474e+04,6.000015418976545334e-04
4.847646352847046364e+04,6.000016001053154469e-04
4.848646486198159982e+04,6.000014836899936199e-04
4.849646619549273601e+04,6.000014836899936199e-04
4.850646752900387219e+04,6.000016001053154469e-04
4.851646886251500837e+04,6.000014836899936199e-04
4.852647019602613727e+04,6.000014836899936199e-04
4.853647152953727345e+04,6.000014836899936199e-04
4.854647286304840964e+04,6.000014836899936199e-04
4.855647419655954582e+04,6.000014836899936199e-04
4.856647553007068200e+04,6.000014836899936199e-04
4.857647686358181090e+04,6.000014836899936199e-04
4.858647819709294708e+04,6.000014836899936199e-04
4.859647953060408327e+04,6.000014836899936199e-04
4.860648086411521945e+04,6.000014836899936199e-04
4.861648219762635563e+04,6.000015418976545334e-04
4.862648353113749181e+04,6.000016001053154469e-04
4.863648486464862071e+04,6.000015418976545334e-04
4.864648619815975690e+04,6.000015418976545334e-04
4.865648753167089308e+04,6.000015418976545334e-04
4.866648886518202926e+04,6.000016001053154469e-04
4.867649019869316544e+04,6.000014836899936199e-04
4.868649153220429434e+04,6.000014836899936199e-04
4.869649286571543053e+04,6.000015418976545334e-04
4.870649419922656671e+04,6.000014836899936199e-04
4.871649553273770289e+04,6.000014836899936199e-04
4.872649686624883907e+04,6.000015418976545334e-04
4.873649819975997525e+04,6.000014836899936199e-04
4.874649953327110416e+04,6.000015418976545334e-04
4.875650086678224034e+04,6.000015418976545334e-04
4.876650220029337652e+04,6.000015418976545334e-04
4.877650353380451270e+04,6.000014836899936199e-04
4.878650486731564888e+04,6.000014836899936199e-04
4.879650620082677779e+04,6.000015418976545334e-04
4.880650753433791397e+04,6.000015418976545334e-04
4.881650886784905015e+04,6.000015418976545334e-04
4.882651020136018633e+04,6.000015418976545334e-04
4.883651153487132251e+04,6.000015418976545334e-04
4.884651286838245142e+04,6.000014836899936199e-04
4.885651420189358760e+04,6.000014836899936199e-04
4.886651553540472378e+04,6.000014836899936199e-04
4.887651686891585996e+04,6.000014836899936199e-04
4.888651820242699614e+04,6.000014836899936199e-04
4.889651953593813232e+04,6.000015418976545334e-04
4.890652086944926123e+04,6.000016001053154469e-04
4.891652220296039741e+04,6.000016001053154469e-04
4.892652353647153359e+04,6.000014836899936199e-04
4.893652486998266977e+04,6.000014836899936199e-04
4.894652620349380595e+04,6.000014836899936199e-04
4.895652753700493486e+04,6.000014836899936199e-04
4.896652887051607104e+04,6.000015418976545334e-04
4.897653020402720722e+04,6.000014836899936199e-04
4.898653153753834340e+04,6.000014836899936199e-04
4.899653287104947958e+04,6.000015418976545334e-04
4.900653420456060849e+04,6.000014836899936199e-04
4.901653553807174467e+04,6.000014836899936199e-04
4.902653687158288085e+04,6.000014836899936199e-04
4.903653820509401703e+04,6.000015418976545334e-04
4.904653953860515321e+04,6.000015418976545334e-04
4.905654087211628939e+04,6.000014836899936199e-04
4.906654220562741830e+04,6.000014836899936199e-04
4.907654353913855448e+04,6.000014836899936199e-04
4.908654487264969066e+04,6.000015418976545334e-04
4.909654620616082684e+04,6.000014836899936199e-04
4.910654753967196302e+04,6.000015418976545334e-04
4.911654887318309193e+04,6.000014836899936199e-04
4.912655020669422811e+04,6.000014836899936199e-04
4.913655154020536429e+04,6.000014836899936199e-04
4.914655287371650047e+04,6.000015418976545334e-04
4.915655420722763665e+04,6.000015418976545334e-04
4.916655554073876556e+04,6.000014836899936199e-04
4.917655687424990174e+04,6.000015418976545334e-04
4.918655820776103792e+04,6.000014836899936199e-04
4.919655954127217410e+04,6.000014836899936199e-04
4.920656087478331028e+04,6.000014836899936199e-04
4.921656220829444646e+04,6.000014836899936199e-04
4.922656354180557537e+04,6.000014836899936199e-04
4.923656487531671155e+04,6.000014836899936199e-04
4.924656620882784773e+04,6.000014836899936199e-04
4.925656754233898391e+04,6.000014836899936199e-04
4.926656887585012009e+04,6.000014836899936199e-04
4.927657020936124900e+04,6.000014836899936199e-04
4.928657154287238518e+04,6.000014836899936199e-04
4.929657287638352136e+04,6.000014836899936199e-04
4.930657420989465754e+04,6.000014836899936199e-04
4.931657554340579372e+04,6.000014836899936199e-04
4.932657687691692263e+04,6.000014836899936199e-04
4.933657821042805881e+04,6.000014836899936199e-04
4.934657954393919499e+04,6.000014836899936199e-04
4.935658087745033117e+04,6.000014836899936199e-04
4.936658221096146735e+04,6.000014836899936199e-04
4.937658354447260353e+04,6.000014836899936199e-04
4.938658487798373244e+04,6.000014836899936199e-04
4.939658621149486862e+04,6.000014836899936199e-04
4.940658754500600480e+04,6.000014836899936199e-04
4.941658887851714098e+04,6.000014836899936199e-04
4.942659021202827716e+04,6.000014836899936199e-04
4.943659154553940607e+04,6.000014836899936199e-04
4.944659287905054225e+04,6.000014836899936199e-04
4.945659421256167843e+04,6.000014254823327065e-04
4.946659554607281461e+04,6.000014836899936199e-04
4.947659687958395079e+04,6.000014836899936199e-04
4.948659821309507970e+04,6.000014836899936199e-04
4.949659954660621588e+04,6.000014836899936199e-04
4.950660088011735206e+04,6.000014254823327065e-04
4.951660221362848824e+04,6.000014836899936199e-04
4.952660354713962442e+04,6.000014836899936199e-04
4.953660488065076061e+04,6.000014836899936199e-04
4.954660621416188951e+04,6.000014836899936199e-04
4.955660754767302569e+04,6.000014836899936199e-04
4.956660888118416187e+04,6.000014254823327065e-04
4.957661021469529805e+04,6.000014836899936199e-04
4.958661154820643424e+04,6.000014836899936199e-04
4.959661288171756314e+04,6.000014836899936199e-04
4.960661421522869932e+04,6.000014836899936199e-04
4.961661554873983550e+04,6.000014836899936199e-04
4.962661688225097168e+04,6.000014836899936199e-04
4.963661821576210787e+04,6.000014836899936199e-04
4.964661954927323677e+04,6.000014836899936199e-04
4.965662088278437295e+04,6.000014836899936199e-04
4.966662221629550913e+04,6.000014254823327065e-04
4.967662354980664531e+04,6.000014836899936199e-04
4.968662488331778150e+04,6.000014836899936199e-04
4.969662621682891768e+04,6.000014836899936199e-04
4.970662755034004658e+04,6.000014836899936199e-04
4.971662888385118276e+04,6.000014836899936199e-04
4.972663021736231894e+04,6.000014836899936199e-04
4.973663155087345513e+04,6.000014836899936199e-04
4.974663288438459131e+04,6.000014836899936199e-04
4.975663421789572021e+04,6.000014836899936199e-04
4.976663555140685639e+04,6.000014836899936199e-04
4.977663688491799257e+04,6.000014836899936199e-04
4.978663821842912876e+04,6.000014836899936199e-04
4.979663955194026494e+04,6.000014836899936199e-04
4.980664088545139384e+04,6.000014836899936199e-04
4.981664221896253002e+04,6.000014836899936199e-04
4.982664355247366620e+04,6.000014836899936199e-04
4.983664488598480239e+04,6.000014836899936199e-04
4.984664621949593857e+04,6.000014836899936199e-04
4.985664755300707475e+04,6.000014254823327065e-04
4.986664888651820365e+04,6.000014836899936199e-04
4.987665022002933983e+04,6.000014254823327065e-04
4.988665155354047602e+04,6.000014254823327065e-04
4.989665288705161220e+04,6.000014836899936199e-04
4.990665422056274838e+04,6.000014836899936199e-04
4.991665555407387728e+04,6.000014836899936199e-04
4.992665688758501346e+04,6.000014836899936199e-04
4.993665822109614965e+04,6.000014254823327065e-04
4.994665955460728583e+04,6.000014254823327065e-04
4.995666088811842201e+04,6.000014254823327065e-04
4.996666222162955091e+04,6.000014836899936199e-04
4.997666355514068709e+04,6.000014836899936199e-04
4.998666488865182328e+04,6.000014254823327065e-04
4.999666622216295946e+04,6.000014254823327065e-04
5.000666755567409564e+04,6.000014254823327065e-04
5.001666888918523182e+04,6.000014836899936199e-04
5.002667022269636072e+04,6.000014254823327065e-04
5.003667155620749691e+04,6.000014254823327065e-04
5.004667288971863309e+04,6.000014254823327065e-04
5.005667422322976927e+04,6.000014254823327065e-04
5.006667555674090545e+04,6.000014836899936199e-04
5.007667689025203435e+04,6.000014836899936199e-04
5.008667822376317054e+04,6.000014254823327065e-04
5.009667955727430672e+04,6.000014254823327065e-04
5.010668089078544290e+04,6.000014254823327065e-04
5.011668222429657908e+04,6.000014254823327065e-04
5.012668355780770798e+04,6.000014254823327065e-04
5.013668489131884417e+04,6.000014836899936199e-04
5.014668622482998035e+04,6.000014836899936199e-04
5.015668755834111653e+04,6.000014836899936199e-04
5.016668889185225271e+04,6.000014836899936199e-04
5.017669022536338889e+04,6.000014836899936199e-04
5.018669155887451780e+04,6.000014254823327065e-04
5.019669289238565398e+04,6.000014836899936199e-04
5.020669422589679016e+04,6.000014254823327065e-04
5.021669555940792634e+04,6.000014254823327065e-04
5.022669689291906252e+04,6.000014836899936199e-04
5.023669822643019143e+04,6.000014836899936199e-04
5.024669955994132761e+04,6.000014254823327065e-04
5.025670089345246379e+04,6.000014254823327065e-04
5.026670222696359997e+04,6.000014254823327065e-04
5.027670356047473615e+04,6.000014254823327065e-04
5.028670489398586506e+04,6.000014254823327065e-04
5.029670622749700124e+04,6.000014836899936199e-04
5.030670756100813742e+04,6.000014254823327065e-04
5.031670889451927360e+04,6.000014254823327065e-04
5.032671022803040978e+04,6.000014254823327065e-04
5.033671156154154596e+04,6.000014254823327065e-04
5.034671289505267487e+04,6.000014836899936199e-04
5.035671422856381105e+04,6.000014254823327065e-04
5.036671556207494723e+04,6.000014254823327065e-04
5.037671689558608341e+04,6.000014254823327065e-04
5.038671822909721959e+04,6.000014254823327065e-04
5.039671956260834850e+04,6.000014254823327065e-04
5.040672089611948468e+04,6.000014254823327065e-04
5.041672222963062086e+04,6.000014254823327065e-04
5.042672356314175704e+04,6.000014254823327065e-04
5.043672489665289322e+04,6.000014254823327065e-04
5.044672623016402213e+04,6.000014836899936199e-04
5.045672756367515831e+04,6.000014254823327065e-04
5.046672889718629449e+04,6.000014836899936199e-04
5.047673023069743067e+04,6.000014836899936199e-04
5.048673156420856685e+04,6.000014254823327065e-04
5.049673289771970303e+04,6.000014254823327065e-04
5.050673423123083194e+04,6.000013672746717930e-04
5.051673556474196812e+04,6.000014254823327065e-04
5.052673689825310430e+04,6.000014254823327065e-04
5.053673823176424048e+04,6.000014254823327065e-04
5.054673956527537666e+04,6.000014254823327065e-04
5.055674089878650557e+04,6.000014254823327065e-04
5.056674223229764175e+04,6.000014254823327065e-04
5.057674356580877793e+04,6.000014254823327065e-04
5.058674489931991411e+04,6.000014836899936199e-04
5.059674623283105029e+04,6.000014254823327065e-04
5.060674756634217920e+04,6.000014254823327065e-04
5.061674889985331538e+04,6.000014254823327065e-04
5.062675023336445156e+04,6.000014254823327065e-04
5.063675156687558774e+04,6.000013672746717930e-04
5.064675290038672392e+04,6.000013672746717930e-04
5.065675423389786010e+04,6.000014254823327065e-04
5.066675556740898901e+04,6.000013672746717930e-04
5.067675690092012519e+04,6.000014254823327065e-04
5.068675823443126137e+04,6.000014836899936199e-04
5.069675956794239755e+04,6.000014254823327065e-04
5.070676090145353373e+04,6.000014254823327065e-04
5.071676223496466264e+04,6.000014836899936199e-04
5.072676356847579882e+04,6.000014254823327065e-04
5.073676490198693500e+04,6.000014254823327065e-04
5.074676623549807118e+04,6.000013672746717930e-04
5.075676756900920736e+04,6.000014254823327065e-04
5.076676890252033627e+04,6.000014254823327065e-04
5.077677023603147245e+04,6.000014254823327065e-04
5.078677156954260863e+04,6.000014254823327065e-04
5.079677290305374481e+04,6.000013672746717930e-04
5.080677423656488099e+04,6.000014254823327065e-04
5.081677557007601717e+04,6.000014254823327065e-04
5.082677690358714608e+04,6.000013672746717930e-04
5.083677823709828226e+04,6.000014254823327065e-04
5.084677957060941844e+04,6.000014254823327065e-04
5.085678090412055462e+04,6.000013672746717930e-04
5.086678223763169080e+04,6.000014254823327065e-04
5.087678357114281971e+04,6.000014254823327065e-04
5.088678490465395589e+04,6.000014254823327065e-04
5.089678623816509207e+04,6.000014254823327065e-04
5.090678757167622825e+04,6.000014254823327065e-04
5.091678890518736443e+04,6.000014254823327065e-04
5.092679023869849334e+04,6.000013090670108795e-04
5.093679157220962952e+04,6.000014254823327065e-04
5.094679290572076570e+04,6.000013672746717930e-04
5.095679423923190188e+04,6.000014254823327065e-04
5.096679557274303806e+04,6.000014254823327065e-04
5.097679690625417425e+04,6.000013672746717930e-04
5.098679823976530315e+04,6.000014254823327065e-04
5.099679957327643933e+04,6.000014254823327065e-04
5.100680090678757551e+04,6.000013090670108795e-04
5.101680224029871169e+04,6.000014254823327065e-04
5.102680357380984788e+04,6.000013672746717930e-04
5.103680490732097678e+04,6.000014254823327065e-04
5.104680624083211296e+04,6.000014836899936199e-04
5.105680757434324914e+04,6.000014254823327065e-04
5.106680890785438532e+04,6.000014254823327065e-04
5.107681024136552151e+04,6.000014254823327065e-04
5.108681157487665041e+04,6.000013672746717930e-04
5.109681290838778659e+04,6.000013672746717930e-04
5.110681424189892277e+04,6.000014254823327065e-04
5.111681557541005895e+04,6.000013672746717930e-04
5.112681690892119514e+04,6.000013672746717930e-04
5.113681824243233132e+04,6.000014254823327065e-04
5.114681957594346022e+04,6.000014254823327065e-04
5.115682090945459640e+04,6.000013672746717930e-04
5.116682224296573258e+04,6.000014254823327065e-04
5.117682357647686877e+04,6.000013672746717930e-04
5.118682490998800495e+04,6.000014254823327065e-04
5.119682624349913385e+04,6.000014254823327065e-04
5.120682757701027003e+04,6.000013090670108795e-04
5.121682891052140621e+04,6.000013090670108795e-04
5.122683024403254240e+04,6.000014254823327065e-04
5.123683157754367858e+04,6.000014254823327065e-04
5.124683291105481476e+04,6.000013672746717930e-04
5.125683424456594366e+04,6.000013090670108795e-04
5.126683557807707984e+04,6.000014254823327065e-04
5.127683691158821603e+04,6.000013672746717930e-04
5.128683824509935221e+04,6.000014254823327065e-04
5.129683957861048839e+04,6.000014254823327065e-04
5.130684091212161729e+04,6.000014254823327065e-04
5.131684224563275347e+04,6.000014254823327065e-04
5.132684357914388966e+04,6.000013090670108795e-04
5.133684491265502584e+04,6.000013672746717930e-04
5.134684624616616202e+04,6.000013672746717930e-04
5.135684757967729092e+04,6.000014254823327065e-04
5.136684891318842710e+04,6.000013672746717930e-04
5.137685024669956329e+04,6.000013090670108795e-04
5.138685158021069947e+04,6.000013672746717930e-04
5.139685291372183565e+04,6.000014254823327065e-04
5.140685424723297183e+04,6.000014254823327065e-04
5.141685558074410073e+04,6.000013090670108795e-04
5.142685691425523692e+04,6.000013090670108795e-04
5.143685824776637310e+04,6.000013672746717930e-04
5.144685958127750928e+04,6.000013672746717930e-04
5.145686091478864546e+04,6.000014254823327065e-04
5.146686224829977436e+04,6.000013672746717930e-04
5.147686358181091055e+04,6.000014254823327065e-04
5.148686491532204673e+04,6.000013672746717930e-04
5.149686624883318291e+04,6.000014254823327065e-04
5.150686758234431909e+04,6.000013672746717930e-04
5.151686891585544799e+04,6.000013672746717930e-04
5.152687024936658418e+04,6.000013672746717930e-04
5.153687158287772036e+04,6.000013672746717930e-04
5.154687291638885654e+04,6.000013090670108795e-04
5.155687424989999272e+04,6.000013090670108795e-04
5.156687558341112890e+04,6.000013090670108795e-04
5.157687691692225781e+04,6.000013672746717930e-04
5.158687825043339399e+04,6.000013090670108795e-04
5.159687958394453017e+04,6.000013672746717930e-04
5.160688091745566635e+04,6.000013672746717930e-04
5.161688225096680253e+04,6.000013090670108795e-04
5.162688358447793144e+04,6.000013090670108795e-04
5.163688491798906762e+04,6.000013090670108795e-04
5.164688625150020380e+04,6.000013090670108795e-04
5.165688758501133998e+04,6.000013090670108795e-04
5.166688891852247616e+04,6.000014254823327065e-04
5.167689025203360507e+04,6.000013672746717930e-04
5.168689158554474125e+04,6.000013090670108795e-04
5.169689291905587743e+04,6.000013672746717930e-04
5.170689425256701361e+04,6.000013090670108795e-04
5.171689558607814979e+04,6.000013672746717930e-04
5.172689691958928597e+04,6.000013090670108795e-04
5.173689825310041488e+04,6.000013672746717930e-04
5.174689958661155106e+04,6.000014254823327065e-04
5.175690092012268724e+04,6.000013090670108795e-04
5.176690225363382342e+04,6.000014254823327065e-04
5.177690358714495960e+04,6.000013090670108795e-04
5.178690492065608851e+04,6.000013090670108795e-04
5.179690625416722469e+04,6.000013672746717930e-04
5.180690758767836087e+04,6.000013672746717930e-04
5.181690892118949705e+04,6.000013090670108795e-04
5.182691025470063323e+04,6.000013090670108795e-04
5.183691158821176214e+04,6.000013672746717930e-04
5.184691292172289832e+04,6.000013672746717930e-04
5.185691425523403450e+04,6.000013672746717930e-04
5.186691558874517068e+04,6.000013672746717930e-04
5.187691692225630686e+04,6.000013672746717930e-04
5.188691825576744304e+04,6.000013090670108795e-04
5.189691958927857195e+04,6.000013090670108795e-04
5.190692092278970813e+04,6.000013090670108795e-04
5.191692225630084431e+04,6.000013090670108795e-04
5.192692358981198049e+04,6.000014254823327065e-04
5.193692492332311667e+04,6.000013090670108795e-04
5.194692625683424558e+04,6.000013090670108795e-04
5.195692759034538176e+04,6.000013672746717930e-04
5.196692892385651794e+04,6.000013090670108795e-04
5.197693025736765412e+04,6.000012508593499660e-04
5.198693159087879030e+04,6.000013090670108795e-04
5.199693292438991921e+04,6.000013090670108795e-04
5.200693425790105539e+04,6.000013090670108795e-04
5.201693559141219157e+04,6.000013090670108795e-04
5.202693692492332775e+04,6.000013090670108795e-04
5.203693825843446393e+04,6.000013672746717930e-04
5.204693959194560011e+04,6.000013090670108795e-04
5.205694092545672902e+04,6.000012508593499660e-04
5.206694225896786520e+04,6.000012508593499660e-04
5.207694359247900138e+04,6.000013090670108795e-04
5.208694492599013756e+04,6.000013090670108795e-04
5.209694625950127374e+04,6.000013672746717930e-04
5.210694759301240265e+04,6.000013090670108795e-04
5.211694892652353883e+04,6.000013090670108795e-04
5.212695026003467501e+04,6.000013090670108795e-04
5.213695159354581119e+04,6.000013090670108795e-04
5.214695292705694737e+04,6.000013090670108795e-04
5.215695426056807628e+04,6.000013090670108795e-04
5.216695559407921246e+04,6.000013090670108795e-04
5.217695692759034864e+04,6.000013090670108795e-04
5.218695826110148482e+04,6.000013090670108795e-04
5.219695959461262100e+04,6.000013090670108795e-04
5.220696092812375718e+04,6.000013672746717930e-04
5.221696226163488609e+04,6.000013090670108795e-04
5.222696359514602227e+04,6.000013090670108795e-04
5.223696492865715845e+04,6.000013672746717930e-04
5.224696626216829463e+04,6.000013090670108795e-04
5.225696759567943081e+04,6.000013090670108795e-04
5.226696892919055972e+04,6.000013090670108795e-04
5.227697026270169590e+04,6.000013090670108795e-04
5.228697159621283208e+04,6.000013090670108795e-04
5.229697292972396826e+04,6.000013090670108795e-04
5.230697426323510444e+04,6.000013090670108795e-04
5.231697559674623335e+04,6.000013672746717930e-04
5.232697693025736953e+04,6.000013090670108795e-04
5.233697826376850571e+04,6.000013090670108795e-04
5.234697959727964189e+04,6.000013090670108795e-04
5.235698093079077807e+04,6.000013090670108795e-04
5.236698226430191426e+04,6.000013090670108795e-04
5.237698359781304316e+04,6.000012508593499660e-04
5.238698493132417934e+04,6.000013090670108795e-04
5.239698626483531552e+04,6.000013090670108795e-04
5.240698759834645170e+04,6.000013090670108795e-04
5.241698893185758789e+04,6.000012508593499660e-04
5.242699026536871679e+04,6.000012508593499660e-04
5.243699159887985297e+04,6.000012508593499660e-04
5.244699293239098915e+04,6.000013090670108795e-04
5.245699426590212533e+04,6.000013090670108795e-04
5.246699559941326152e+04,6.000013090670108795e-04
5.247699693292439042e+04,6.000013090670108795e-04
5.248699826643552660e+04,6.000013090670108795e-04
5.249699959994666278e+04,6.000012508593499660e-04
5.250700093345779896e+04,6.000013090670108795e-04
5.251700226696893515e+04,6.000012508593499660e-04
5.252700360048007133e+04,6.000013090670108795e-04
5.253700493399120023e+04,6.000013090670108795e-04
5.254700626750233641e+04,6.000012508593499660e-04
5.255700760101347259e+04,6.000012508593499660e-04
5.256700893452460878e+04,6.000012508593499660e-04
5.257701026803574496e+04,6.000013090670108795e-04
5.258701160154687386e+04,6.000013090670108795e-04
5.259701293505801004e+04,6.000012508593499660e-04
5.260701426856914622e+04,6.000013090670108795e-04
5.261701560208028241e+04,6.000013090670108795e-04
5.262701693559141859e+04,6.000013090670108795e-04
5.263701826910254749e+04,6.000013090670108795e-04
5.264701960261368367e+04,6.000012508593499660e-04
5.265702093612481985e+04,6.000013090670108795e-04
5.266702226963595604e+04,6.000013090670108795e-04
5.267702360314709222e+04,6.000013090670108795e-04
5.268702493665822840e+04,6.000012508593499660e-04
5.269702627016935730e+04,6.000013090670108795e-04
5.270702760368049348e+04,6.000012508593499660e-04
5.271702893719162967e+04,6.000013090670108795e-04
5.272703027070276585e+04,6.000013090670108795e-04
5.273703160421390203e+04,6.000013090670108795e-04
5.274703293772503093e+04,6.000012508593499660e-04
5.275703427123616711e+04,6.000013090670108795e-04
5.276703560474730330e+04,6.000013090670108795e-04
5.277703693825843948e+04,6.000013090670108795e-04
5.278703827176957566e+04,6.000013090670108795e-04
5.279703960528070456e+04,6.000013090670108795e-04
5.280704093879184074e+04,6.000012508593499660e-04
5.281704227230297693e+04,6.000012508593499660e-04
5.282704360581411311e+04,6.000013090670108795e-04
5.283704493932524929e+04,6.000012508593499660e-04
5.284704627283638547e+04,6.000012508593499660e-04
5.285704760634751437e+04,6.000013090670108795e-04
5.286704893985865056e+04,6.000013090670108795e-04
5.287705027336978674e+04,6.000013090670108795e-04
5.288705160688092292e+04,6.000013090670108795e-04
5.289705294039205910e+04,6.000012508593499660e-04
5.290705427390318800e+04,6.000012508593499660e-04
5.291705560741432419e+04,6.000011926516890526e-04
5.292705694092546037e+04,6.000013090670108795e-04
5.293705827443659655e+04,6.000013090670108795e-04
5.294705960794773273e+04,6.000012508593499660e-04
5.295706094145886163e+04,6.000012508593499660e-04
5.296706227496999782e+04,6.000013090670108795e-04
5.297706360848113400e+04,6.000013090670108795e-04
5.298706494199227018e+04,6.000013090670108795e-04
5.299706627550340636e+04,6.000012508593499660e-04
5.300706760901454254e+04,6.000013090670108795e-04
5.301706894252567145e+04,6.000013090670108795e-04
5.302707027603680763e+04,6.000012508593499660e-04
5.303707160954794381e+04,6.000013090670108795e-04
5.304707294305907999e+04,6.000012508593499660e-04
5.305707427657021617e+04,6.000013090670108795e-04
5.306707561008134508e+04,6.000012508593499660e-04
5.307707694359248126e+04,6.000013090670108795e-04
5.308707827710361744e+04,6.000013090670108795e-04
5.309707961061475362e+04,6.000012508593499660e-04
5.310708094412588980e+04,6.000012508593499660e-04
5.311708227763701871e+04,6.000013090670108795e-04
5.312708361114815489e+04,6.000012508593499660e-04
5.313708494465929107e+04,6.000013090670108795e-04
5.314708627817042725e+04,6.000012508593499660e-04
5.315708761168156343e+04,6.000012508593499660e-04
5.316708894519269961e+04,6.000012508593499660e-04
5.317709027870382852e+04,6.000012508593499660e-04
5.318709161221496470e+04,6.000012508593499660e-04
5.319709294572610088e+04,6.000012508593499660e-04
5.320709427923723706e+04,6.000013090670108795e-04
5.321709561274837324e+04,6.000012508593499660e-04
5.322709694625950215e+04,6.000012508593499660e-04
5.323709827977063833e+04,6.000012508593499660e-04
5.324709961328177451e+04,6.000012508593499660e-04
5.325710094679291069e+04,6.000012508593499660e-04
5.326710228030404687e+04,6.000012508593499660e-04
5.327710361381517578e+04,6.000013090670108795e-04
5.328710494732631196e+04,6.000012508593499660e-04
5.329710628083744814e+04,6.000012508593499660e-04
5.330710761434858432e+04,6.000012508593499660e-04
5.331710894785972050e+04,6.000012508593499660e-04
5.332711028137085668e+04,6.000013090670108795e-04
5.333711161488198559e+04,6.000012508593499660e-04
5.334711294839312177e+04,6.000013090670108795e-04
5.335711428190425795e+04,6.000013090670108795e-04
5.336711561541539413e+04,6.000012508593499660e-04
5.337711694892653031e+04,6.000013090670108795e-04
5.338711828243765922e+04,6.000012508593499660e-04
5.339711961594879540e+04,6.000012508593499660e-04
5.340712094945993158e+04,6.000012508593499660e-04
5.341712228297106776e+04,6.000012508593499660e-04
5.342712361648220394e+04,6.000012508593499660e-04
5.343712494999333285e+04,6.000012508593499660e-04
5.344712628350446903e+04,6.000012508593499660e-04
5.345712761701560521e+04,6.000012508593499660e-04
5.346712895052674139e+04,6.000012508593499660e-04
5.347713028403787757e+04,6.000012508593499660e-04
5.348713161754901375e+04,6.000013090670108795e-04
5.349713295106014266e+04,6.000013090670108795e-04
5.350713428457127884e+04,6.000012508593499660e-04
5.351713561808241502e+04,6.000012508593499660e-04
5.352713695159355120e+04,6.000012508593499660e-04
5.353713828510468738e+04,6.000012508593499660e-04
5.354713961861581629e+04,6.000012508593499660e-04
5.355714095212695247e+04,6.000012508593499660e-04
5.356714228563808865e+04,6.000012508593499660e-04
5.357714361914922483e+04,6.000013090670108795e-04
5.358714495266036101e+04,6.000013090670108795e-04
5.359714628617148992e+04,6.000012508593499660e-04
5.360714761968262610e+04,6.000012508593499660e-04
5.361714895319376228e+04,6.000012508593499660e-04
5.362715028670489846e+04,6.000012508593499660e-04
5.363715162021603464e+04,6.000012508593499660e-04
5.364715295372717083e+04,6.000012508593499660e-04
5.365715428723829973e+04,6.000012508593499660e-04
5.366715562074943591e+04,6.000012508593499660e-04
5.367715695426057209e+04,6.000012508593499660e-04
5.368715828777170827e+04,6.000012508593499660e-04
5.369715962128284445e+04,6.000012508593499660e-04
5.370716095479397336e+04,6.000012508593499660e-04
5.371716228830510954e+04,6.000012508593499660e-04
5.372716362181624572e+04,6.000012508593499660e-04
5.373716495532738190e+04,6.000012508593499660e-04
5.374716628883851808e+04,6.000012508593499660e-04
5.375716762234964699e+04,6.000012508593499660e-04
5.376716895586078317e+04,6.000011926516890526e-04
5.377717028937191935e+04,6.000012508593499660e-04
5.378717162288305553e+04,6.000011926516890526e-04
5.379717295639419171e+04,6.000012508593499660e-04
5.380717428990532790e+04,6.000012508593499660e-04
5.381717562341645680e+04,6.000012508593499660e-04
5.382717695692759298e+04,6.000012508593499660e-04
5.383717829043872916e+04,6.000012508593499660e-04
5.384717962394986534e+04,6.000012508593499660e-04
5.385718095746100153e+04,6.000012508593499660e-04
5.386718229097213043e+04,6.000012508593499660e-04
5.387718362448326661e+04,6.000012508593499660e-04
5.388718495799440279e+04,6.000012508593499660e-04
5.389718629150553897e+04,6.000012508593499660e-04
5.390718762501667516e+04,6.000012508593499660e-04
5.391718895852781134e+04,6.000012508593499660e-04
5.392719029203894024e+04,6.000012508593499660e-04
5.393719162555007642e+04,6.000011926516890526e-04
5.394719295906121260e+04,6.000012508593499660e-04
5.395719429257234879e+04,6.000012508593499660e-04
5.396719562608348497e+04,6.000012508593499660e-04
5.397719695959461387e+04,6.000012508593499660e-04
5.398719829310575005e+04,6.000012508593499660e-04
5.399719962661688623e+04,6.000012508593499660e-04
5.400720096012802242e+04,6.000012508593499660e-04
5.401720229363915860e+04,6.000012508593499660e-04
5.402720362715028750e+04,6.000012508593499660e-04
5.403720496066142368e+04,6.000012508593499660e-04
5.404720629417255986e+04,6.000012508593499660e-04
5.405720762768369605e+04,6.000012508593499660e-04
5.406720896119483223e+04,6.000011926516890526e-04
5.407721029470596841e+04,6.000011926516890526e-04
5.408721162821709731e+04,6.000012508593499660e-04
5.409721296172823349e+04,6.000012508593499660e-04
5.410721429523936968e+04,6.000012508593499660e-04
5.411721562875050586e+04,6.000011926516890526e-04
5.412721696226164204e+04,6.000012508593499660e-04
5.413721829577277094e+04,6.000012508593499660e-04
5.414721962928390712e+04,6.000012508593499660e-04
5.415722096279504331e+04,6.000012508593499660e-04
5.416722229630617949e+04,6.000011926516890526e-04
5.417722362981731567e+04,6.000012508593499660e-04
5.418722496332844457e+04,6.000011926516890526e-04
5.419722629683958075e+04,6.000011926516890526e-04
5.420722763035071694e+04,6.000011926516890526e-04
5.421722896386185312e+04,6.000011926516890526e-04
5.422723029737298930e+04,6.000012508593499660e-04
5.423723163088412548e+04,6.000012508593499660e-04
5.424723296439525438e+04,6.000012508593499660e-04
5.425723429790639057e+04,6.000011926516890526e-04
5.426723563141752675e+04,6.000011926516890526e-04
5.427723696492866293e+04,6.000012508593499660e-04
5.428723829843979911e+04,6.000012508593499660e-04
5.429723963195092801e+04,6.000012508593499660e-04
5.430724096546206420e+04,6.000012508593499660e-04
5.431724229897320038e+04,6.000012508593499660e-04
5.432724363248433656e+04,6.000012508593499660e-04
5.433724496599547274e+04,6.000012508593499660e-04
5.434724629950660164e+04,6.000012508593499660e-04
5.435724763301773783e+04,6.000011344440281391e-04
5.436724896652887401e+04,6.000012508593499660e-04
5.437725030004001019e+04,6.000011926516890526e-04
5.438725163355114637e+04,6.000012508593499660e-04
5.439725296706228255e+04,6.000012508593499660e-04
5.440725430057341146e+04,6.000011926516890526e-04
5.441725563408454764e+04,6.000012508593499660e-04
5.442725696759568382e+04,6.000011926516890526e-04
5.443725830110682000e+04,6.000012508593499660e-04
5.444725963461795618e+04,6.000011344440281391e-04
5.445726096812908509e+04,6.000012508593499660e-04
5.446726230164022127e+04,6.000012508593499660e-04
5.447726363515135745e+04,6.000012508593499660e-04
5.448726496866249363e+04,6.000012508593499660e-04
5.449726630217362981e+04,6.000012508593499660e-04
5.450726763568475872e+04,6.000012508593499660e-04
5.451726896919589490e+04,6.000012508593499660e-04
5.452727030270703108e+04,6.000012508593499660e-04
5.453727163621816726e+04,6.000012508593499660e-04
5.454727296972930344e+04,6.000012508593499660e-04
5.455727430324043962e+04,6.000011926516890526e-04
5.456727563675156853e+04,6.000012508593499660e-04
5.457727697026270471e+04,6.000012508593499660e-04
5.458727830377384089e+04,6.000011926516890526e-04
5.459727963728497707e+04,6.000011926516890526e-04
5.460728097079611325e+04,6.000012508593499660e-04
5.461728230430724216e+04,6.000011926516890526e-04
5.462728363781837834e+04,6.000012508593499660e-04
5.463728497132951452e+04,6.000012508593499660e-04
5.464728630484065070e+04,6.000012508593499660e-04
5.465728763835178688e+04,6.000011926516890526e-04
5.466728897186291579e+04,6.000012508593499660e-04
5.467729030537405197e+04,6.000011344440281391e-04
5.468729163888518815e+04,6.000011926516890526e-04
5.469729297239632433e+04,6.000011344440281391e-04
5.470729430590746051e+04,6.000011344440281391e-04
5.471729563941859669e+04,6.000011926516890526e-04
5.472729697292972560e+04,6.000011926516890526e-04
5.473729830644086178e+04,6.000011926516890526e-04
5.474729963995199796e+04,6.000011926516890526e-04
5.475730097346313414e+04,6.000011344440281391e-04
5.476730230697427032e+04,6.000012508593499660e-04
5.477730364048539923e+04,6.000011926516890526e-04
5.478730497399653541e+04,6.000012508593499660e-04
5.479730630750767159e+04,6.000012508593499660e-04
5.480730764101880777e+04,6.000011344440281391e-04
5.481730897452994395e+04,6.000011926516890526e-04
5.482731030804107286e+04,6.000011344440281391e-04
5.483731164155220904e+04,6.000011926516890526e-04
5.484731297506334522e+04,6.000012508593499660e-04
5.485731430857448140e+04,6.000012508593499660e-04
5.486731564208561758e+04,6.000011344440281391e-04
5.487731697559675376e+04,6.000011344440281391e-04
5.488731830910788267e+04,6.000011926516890526e-04
5.489731964261901885e+04,6.000011926516890526e-04
5.490732097613015503e+04,6.000012508593499660e-04
5.491732230964129121e+04,6.000011926516890526e-04
5.492732364315242739e+04,6.000011344440281391e-04
5.493732497666355630e+04,6.000012508593499660e-04
5.494732631017469248e+04,6.000011926516890526e-04
5.495732764368582866e+04,6.000011926516890526e-04
5.496732897719696484e+04,6.000011344440281391e-04
5.497733031070810102e+04,6.000011926516890526e-04
5.498733164421922993e+04,6.000012508593499660e-04
5.499733297773036611e+04,6.000011344440281391e-04
5.500733431124150229e+04,6.000011344440281391e-04
5.501733564475263847e+04,6.000011344440281391e-04
5.502733697826377465e+04,6.000011926516890526e-04
5.503733831177491084e+04,6.000011926516890526e-04
5.504733964528603974e+04,6.000011344440281391e-04
5.505734097879717592e+04,6.000011926516890526e-04
5.506734231230831210e+04,6.000011926516890526e-04
5.507734364581944828e+04,6.000011344440281391e-04
5.508734497933058447e+04,6.000011344440281391e-04
5.509734631284171337e+04,6.000011344440281391e-04
5.510734764635284955e+04,6.000011926516890526e-04
5.511734897986398573e+04,6.000012508593499660e-04
5.512735031337512191e+04,6.000011926516890526e-04
5.513735164688625810e+04,6.000011344440281391e-04
5.514735298039738700e+04,6.000011344440281391e-04
5.515735431390852318e+04,6.000011344440281391e-04
5.516735564741965936e+04,6.000011926516890526e-04
5.517735698093079554e+04,6.000011344440281391e-04
5.518735831444193173e+04,6.000011926516890526e-04
5.519735964795306791e+04,6.000011344440281391e-04
5.520736098146419681e+04,6.000011926516890526e-04
5.521736231497533299e+04,6.000011344440281391e-04
5.522736364848646917e+04,6.000011344440281391e-04
5.523736498199760535e+04,6.000011344440281391e-04
5.524736631550874154e+04,6.000011344440281391e-04
5.525736764901987044e+04,6.000011344440281391e-04
5.526736898253100662e+04,6.000011926516890526e-04
5.527737031604214280e+04,6.000011926516890526e-04
5.528737164955327898e+04,6.000012508593499660e-04
5.529737298306441517e+04,6.000011344440281391e-04
5.530737431657554407e+04,6.000011926516890526e-04
5.531737565008668025e+04,6.000011344440281391e-04
5.532737698359781643e+04,6.000011926516890526e-04
5.533737831710895261e+04,6.000011926516890526e-04
5.534737965062008880e+04,6.000011344440281391e-04
5.535738098413122498e+04,6.000011926516890526e-04
5.536738231764235388e+04,6.000011344440281391e-04
5.537738365115349006e+04,6.000011344440281391e-04
5.538738498466462624e+04,6.000012508593499660e-04
5.539738631817576243e+04,6.000011926516890526e-04
5.540738765168689861e+04,6.000011344440281391e-04
5.541738898519802751e+04,6.000011344440281391e-04
5.542739031870916369e+04,6.000011344440281391e-04
5.543739165222029987e+04,6.000011926516890526e-04
5.544739298573143606e+04,6.000011344440281391e-04
5.545739431924257224e+04,6.000011344440281391e-04
5.546739565275370114e+04,6.000011926516890526e-04
5.547739698626483732e+04,6.000012508593499660e-04
5.548739831977597350e+04,6.000011344440281391e-04
5.549739965328710969e+04,6.000011344440281391e-04
5.550740098679824587e+04,6.000011344440281391e-04
5.551740232030938205e+04,6.000011344440281391e-04
5.552740365382051095e+04,6.000011926516890526e-04
5.553740498733164713e+04,6.000011344440281391e-04
5.554740632084278332e+04,6.000011344440281391e-04
5.555740765435391950e+04,6.000011344440281391e-04
5.556740898786505568e+04,6.000011344440281391e-04
5.557741032137618458e+04,6.000011344440281391e-04
5.558741165488732076e+04,6.000011344440281391e-04
5.559741298839845695e+04,6.000011344440281391e-04
5.560741432190959313e+04,6.000011926516890526e-04
5.561741565542072931e+04,6.000011344440281391e-04
5.562741698893185821e+04,6.000011344440281391e-04
5.563741832244299439e+04,6.000011344440281391e-04
5.564741965595413058e+04,6.000012508593499660e-04
5.565742098946526676e+04,6.000011344440281391e-04
5.566742232297640294e+04,6.000011926516890526e-04
5.567742365648753912e+04,6.000011344440281391e-04
5.568742498999866802e+04,6.000011344440281391e-04
5.569742632350980421e+04,6.000011344440281391e-04
5.570742765702094039e+04,6.000011344440281391e-04
5.571742899053207657e+04,6.000011926516890526e-04
5.572743032404321275e+04,6.000011344440281391e-04
5.573743165755434165e+04,6.000011344440281391e-04
5.574743299106547784e+04,6.000010762363672256e-04
5.575743432457661402e+04,6.000011344440281391e-04
5.576743565808775020e+04,6.000011344440281391e-04
5.577743699159888638e+04,6.000011344440281391e-04
5.578743832511001528e+04,6.000011926516890526e-04
5.579743965862115147e+04,6.000011344440281391e-04
5.580744099213228765e+04,6.000011344440281391e-04
5.581744232564342383e+04,6.000011926516890526e-04
5.582744365915456001e+04,6.000011344440281391e-04
5.583744499266569619e+04,6.000011344440281391e-04
5.584744632617682510e+04,6.000011344440281391e-04
5.585744765968796128e+04,6.000011344440281391e-04
5.586744899319909746e+04,6.000011344440281391e-04
5.587745032671023364e+04,6.000011344440281391e-04
5.588745166022136982e+04,6.000011926516890526e-04
5.589745299373249873e+04,6.000011344440281391e-04
5.590745432724363491e+04,6.000011344440281391e-04
5.591745566075477109e+04,6.000010180287063122e-04
5.592745699426590727e+04,6.000011926516890526e-04
5.593745832777704345e+04,6.000011344440281391e-04
5.594745966128817236e+04,6.000011344440281391e-04
5.595746099479930854e+04,6.000010762363672256e-04
5.596746232831044472e+04,6.000011344440281391e-04
5.597746366182158090e+04,6.000011344440281391e-04
5.598746499533271708e+04,6.000011344440281391e-04
5.599746632884385326e+04,6.000011344440281391e-04
5.600746766235498217e+04,6.000011344440281391e-04
5.601746899586611835e+04,6.000011344440281391e-04
5.602747032937725453e+04,6.000010762363672256e-04
5.603747166288839071e+04,6.000011344440281391e-04
5.604747299639952689e+04,6.000011344440281391e-04
5.605747432991065580e+04,6.000011344440281391e-04
5.606747566342179198e+04,6.000011344440281391e-04
5.607747699693292816e+04,6.000010762363672256e-04
5.608747833044406434e+04,6.000011344440281391e-04
5.609747966395520052e+04,6.000010762363672256e-04
5.610748099746632943e+04,6.000011344440281391e-04
5.611748233097746561e+04,6.000010762363672256e-04
5.612748366448860179e+04,6.000011344440281391e-04
5.613748499799973797e+04,6.000010762363672256e-04
5.614748633151087415e+04,6.000011344440281391e-04
5.615748766502201033e+04,6.000011344440281391e-04
5.616748899853313924e+04,6.000011344440281391e-04
5.617749033204427542e+04,6.000011344440281391e-04
5.618749166555541160e+04,6.000011344440281391e-04
5.619749299906654778e+04,6.000011344440281391e-04
5.620749433257768396e+04,6.000011344440281391e-04
5.621749566608881287e+04,6.000011344440281391e-04
5.622749699959994905e+04,6.000011926516890526e-04
5.623749833311108523e+04,6.000011344440281391e-04
5.624749966662222141e+04,6.000011344440281391e-04
5.625750100013335759e+04,6.000011344440281391e-04
5.626750233364448650e+04,6.000011344440281391e-04
5.627750366715562268e+04,6.000011344440281391e-04
5.628750500066675886e+04,6.000010762363672256e-04
5.629750633417789504e+04,6.000011926516890526e-04
5.630750766768903122e+04,6.000011344440281391e-04
5.631750900120016740e+04,6.000011344440281391e-04
5.632751033471129631e+04,6.000011344440281391e-04
5.633751166822243249e+04,6.000011344440281391e-04
5.634751300173356867e+04,6.000011344440281391e-04
5.635751433524470485e+04,6.000010180287063122e-04
5.636751566875584103e+04,6.000010762363672256e-04
5.637751700226696994e+04,6.000010762363672256e-04
5.638751833577810612e+04,6.000011344440281391e-04
5.639751966928924230e+04,6.000010762363672256e-04
5.640752100280037848e+04,6.000011344440281391e-04
5.641752233631151466e+04,6.000010762363672256e-04
5.642752366982265085e+04,6.000011344440281391e-04
5.643752500333377975e+04,6.000011344440281391e-04
5.644752633684491593e+04,6.000011344440281391e-04
5.645752767035605211e+04,6.000011344440281391e-04
5.646752900386718829e+04,6.000010762363672256e-04
5.647753033737832448e+04,6.000011344440281391e-04
5.648753167088945338e+04,6.000011344440281391e-04
5.649753300440058956e+04,6.000011344440281391e-04
5.650753433791172574e+04,6.000011344440281391e-04
5.651753567142286192e+04,6.000011344440281391e-04
5.652753700493399811e+04,6.000011344440281391e-04
5.653753833844512701e+04,6.000010180287063122e-04
5.654753967195626319e+04,6.000011344440281391e-04
5.655754100546739937e+04,6.000011344440281391e-04
5.656754233897853555e+04,6.000011344440281391e-04
5.657754367248967174e+04,6.000010762363672256e-04
5.658754500600080792e+04,6.000010762363672256e-04
5.659754633951193682e+04,6.000011344440281391e-04
5.660754767302307300e+04,6.000010762363672256e-04
5.661754900653420918e+04,6.000010762363672256e-04
5.662755034004534537e+04,6.000011344440281391e-04
5.663755167355648155e+04,6.000011344440281391e-04
5.664755300706761045e+04,6.000011344440281391e-04
5.665755434057874663e+04,6.000011344440281391e-04
5.666755567408988281e+04,6.000011344440281391e-04
5.667755700760101900e+04,6.000011344440281391e-04
5.668755834111215518e+04,6.000010762363672256e-04
5.669755967462328408e+04,6.000011344440281391e-04
5.670756100813442026e+04,6.000011344440281391e-04
5.671756234164555644e+04,6.000011344440281391e-04
5.672756367515669263e+04,6.000011344440281391e-04
5.673756500866782881e+04,6.000011344440281391e-04
5.674756634217896499e+04,6.000011344440281391e-04
5.675756767569009389e+04,6.000011344440281391e-04
5.676756900920123007e+04,6.000011344440281391e-04
5.677757034271236626e+04,6.000011344440281391e-04
5.678757167622350244e+04,6.000011344440281391e-04
5.679757300973463862e+04,6.000011344440281391e-04
5.680757434324576752e+04,6.000010762363672256e-04
5.681757567675690370e+04,6.000011344440281391e-04
5.682757701026803988e+04,6.000010180287063122e-04
5.683757834377917607e+04,6.000011344440281391e-04
5.684757967729031225e+04,6.000010762363672256e-04
5.685758101080144115e+04,6.000011344440281391e-04
5.686758234431257733e+04,6.000010762363672256e-04
5.687758367782371351e+04,6.000011344440281391e-04
5.688758501133484970e+04,6.000010180287063122e-04
5.689758634484598588e+04,6.000010762363672256e-04
5.690758767835712206e+04,6.000010762363672256e-04
5.691758901186825096e+04,6.000010762363672256e-04
5.692759034537938714e+04,6.000010180287063122e-04
5.693759167889052333e+04,6.000011344440281391e-04
5.694759301240165951e+04,6.000010762363672256e-04
5.695759434591279569e+04,6.000010762363672256e-04
5.696759567942392459e+04,6.000010762363672256e-04
5.697759701293506077e+04,6.000011344440281391e-04
5.698759834644619696e+04,6.000011344440281391e-04
5.699759967995733314e+04,6.000011344440281391e-04
5.700760101346846932e+04,6.000010762363672256e-04
5.701760234697959822e+04,6.000010762363672256e-04
5.702760368049073440e+04,6.000011344440281391e-04
5.703760501400187059e+04,6.000010762363672256e-04
5.704760634751300677e+04,6.000011344440281391e-04
5.705760768102414295e+04,6.000011344440281391e-04
5.706760901453527913e+04,6.000011344440281391e-04
5.707761034804640803e+04,6.000011344440281391e-04
5.708761168155754422e+04,6.000010180287063122e-04
5.709761301506868040e+04,6.000011344440281391e-04
5.710761434857981658e+04,6.000011344440281391e-04
5.711761568209095276e+04,6.000011344440281391e-04
5.712761701560208166e+04,6.000011344440281391e-04
5.713761834911321785e+04,6.000010762363672256e-04
5.714761968262435403e+04,6.000010762363672256e-04
5.715762101613549021e+04,6.000011344440281391e-04
5.716762234964662639e+04,6.000010762363672256e-04
5.717762368315775529e+04,6.000010762363672256e-04
5.718762501666889148e+04,6.000010762363672256e-04
5.719762635018002766e+04,6.000010180287063122e-04
5.720762768369116384e+04,6.000010762363672256e-04
5.721762901720230002e+04,6.000010180287063122e-04
5.722763035071343620e+04,6.000010762363672256e-04
5.723763168422456511e+04,6.000010762363672256e-04
5.724763301773570129e+04,6.000010180287063122e-04
5.725763435124683747e+04,6.000010762363672256e-04
5.726763568475797365e+04,6.000010762363672256e-04
5.727763701826910983e+04,6.000010180287063122e-04
5.728763835178023874e+04,6.000010762363672256e-04
5.729763968529137492e+04,6.000010762363672256e-04
5.730764101880251110e+04,6.000010180287063122e-04
5.731764235231364728e+04,6.000010180287063122e-04
5.732764368582478346e+04,6.000011344440281391e-04
5.733764501933591237e+04,6.000010180287063122e-04
5.734764635284704855e+04,6.000010180287063122e-04
5.735764768635818473e+04,6.000010762363672256e-04
5.736764901986932091e+04,6.000010762363672256e-04
5.737765035338045709e+04,6.000010762363672256e-04
5.738765168689159327e+04,6.000010762363672256e-04
5.739765302040272218e+04,6.000010180287063122e-04
5.740765435391385836e+04,6.000010762363672256e-04
5.741765568742499454e+04,6.000010180287063122e-04
5.742765702093613072e+04,6.000010180287063122e-04
5.743765835444726690e+04,6.000011344440281391e-04
5.744765968795839581e+04,6.000010762363672256e-04
5.745766102146953199e+04,6.000010180287063122e-04
5.746766235498066817e+04,6.000010762363672256e-04
5.747766368849180435e+04,6.000010180287063122e-04
5.748766502200294053e+04,6.000010762363672256e-04
5.749766635551406944e+04,6.000010180287063122e-04
5.750766768902520562e+04,6.000010762363672256e-04
5.751766902253634180e+04,6.000010180287063122e-04
5.752767035604747798e+04,6.000010180287063122e-04
5.753767168955861416e+04,6.000010180287063122e-04
5.754767302306975034e+04,6.000011344440281391e-04
5.755767435658087925e+04,6.000010180287063122e-04
5.756767569009201543e+04,6.000010762363672256e-04
5.757767702360315161e+04,6.000010180287063122e-04
5.758767835711428779e+04,6.000010762363672256e-04
5.759767969062542397e+04,6.000010180287063122e-04
5.760768102413655288e+04,6.000010762363672256e-04
5.761768235764768906e+04,6.000010762363672256e-04
5.762768369115882524e+04,6.000010762363672256e-04
5.763768502466996142e+04,6.000010762363672256e-04
5.764768635818109760e+04,6.000010180287063122e-04
5.765768769169222651e+04,6.000010762363672256e-04
5.766768902520336269e+04,6.000010180287063122e-04
5.767769035871449887e+04,6.000010762363672256e-04
5.768769169222563505e+04,6.000010180287063122e-04
5.769769302573677123e+04,6.000010180287063122e-04
5.770769435924790741e+04,6.000010762363672256e-04
5.771769569275903632e+04,6.000010180287063122e-04
5.772769702627017250e+04,6.000010180287063122e-04
5.773769835978130868e+04,6.000010180287063122e-04
5.774769969329244486e+04,6.000011344440281391e-04
5.775770102680358104e+04,6.000010180287063122e-04
5.776770236031470995e+04,6.000011344440281391e-04
5.777770369382584613e+04,6.000010762363672256e-04
5.778770502733698231e+04,6.000010180287063122e-04
5.779770636084811849e+04,6.000011344440281391e-04
5.780770769435925467e+04,6.000010762363672256e-04
5.781770902787038358e+04,6.000010762363672256e-04
5.782771036138151976e+04,6.000010762363672256e-04
5.783771169489265594e+04,6.000010180287063122e-04
5.784771302840379212e+04,6.000010180287063122e-04
5.785771436191492830e+04,6.000010180287063122e-04
5.786771569542606449e+04,6.000010762363672256e-04
5.787771702893719339e+04,6.000009598210453987e-04
5.788771836244832957e+04,6.000010180287063122e-04
5.789771969595946575e+04,6.000010180287063122e-04
5.790772102947060193e+04,6.000010180287063122e-04
5.791772236298173812e+04,6.000010180287063122e-04
5.792772369649286702e+04,6.000010762363672256e-04
5.793772503000400320e+04,6.000010180287063122e-04
5.794772636351513938e+04,6.000010180287063122e-04
5.795772769702627556e+04,6.000010180287063122e-04
5.796772903053741175e+04,6.000010762363672256e-04
5.797773036404854065e+04,6.000010762363672256e-04
5.798773169755967683e+04,6.000010180287063122e-04
5.799773303107081301e+04,6.000010180287063122e-04
5.800773436458194919e+04,6.000010180287063122e-04
5.801773569809308538e+04,6.000010180287063122e-04
5.802773703160422156e+04,6.000010180287063122e-04
5.803773836511535046e+04,6.000010180287063122e-04
5.804773969862648664e+04,6.000010762363672256e-04
5.805774103213762282e+04,6.000010180287063122e-04
5.806774236564875901e+04,6.000010180287063122e-04
5.807774369915989519e+04,6.000010180287063122e-04
5.808774503267102409e+04,6.000010180287063122e-04
5.809774636618216027e+04,6.000009598210453987e-04
5.810774769969329645e+04,6.000010180287063122e-04
5.811774903320443264e+04,6.000009598210453987e-04
5.812775036671556882e+04,6.000010762363672256e-04
5.813775170022669772e+04,6.000010180287063122e-04
5.814775303373783390e+04,6.000010180287063122e-04
5.815775436724897008e+04,6.000010180287063122e-04
5.816775570076010627e+04,6.000010180287063122e-04
5.817775703427124245e+04,6.000010180287063122e-04
5.818775836778237863e+04,6.000009598210453987e-04
5.819775970129350753e+04,6.000009598210453987e-04
5.820776103480464371e+04,6.000009598210453987e-04
5.821776236831577990e+04,6.000010762363672256e-04
5.822776370182691608e+04,6.000010180287063122e-04
5.823776503533805226e+04,6.000010762363672256e-04
5.824776636884918116e+04,6.000010180287063122e-04
5.825776770236031734e+04,6.000010180287063122e-04
5.826776903587145353e+04,6.000010180287063122e-04
5.827777036938258971e+04,6.000010180287063122e-04
5.828777170289372589e+04,6.000010180287063122e-04
5.829777303640485479e+04,6.000010180287063122e-04
5.830777436991599097e+04,6.000010180287063122e-04
5.831777570342712716e+04,6.000010180287063122e-04
5.832777703693826334e+04,6.000010180287063122e-04
5.833777837044939952e+04,6.000010180287063122e-04
5.834777970396053570e+04,6.000009598210453987e-04
5.835778103747166460e+04,6.000010762363672256e-04
5.836778237098280078e+04,6.000010762363672256e-04
5.837778370449393697e+04,6.000009598210453987e-04
5.838778503800507315e+04,6.000010180287063122e-04
5.839778637151620933e+04,6.000010180287063122e-04
5.840778770502733823e+04,6.000010762363672256e-04
5.841778903853847441e+04,6.000010180287063122e-04
5.842779037204961060e+04,6.000010180287063122e-04
5.843779170556074678e+04,6.000010180287063122e-04
5.844779303907188296e+04,6.000010180287063122e-04
5.845779437258301186e+04,6.000009598210453987e-04
5.846779570609414804e+04,6.000010180287063122e-04
5.847779703960528423e+04,6.000010180287063122e-04
5.848779837311642041e+04,6.000010180287063122e-04
5.849779970662755659e+04,6.000010180287063122e-04
5.850780104013869277e+04,6.000010180287063122e-04
5.851780237364982167e+04,6.000010180287063122e-04
5.852780370716095786e+04,6.000010180287063122e-04
5.853780504067209404e+04,6.000010180287063122e-04
5.854780637418323022e+04,6.000010180287063122e-04
5.855780770769436640e+04,6.000010180287063122e-04
5.856780904120549530e+04,6.000010762363672256e-04
5.857781037471663149e+04,6.000010180287063122e-04
5.858781170822776767e+04,6.000010180287063122e-04
5.859781304173890385e+04,6.000009598210453987e-04
5.860781437525004003e+04,6.000010180287063122e-04
5.861781570876116893e+04,6.000010180287063122e-04
5.862781704227230512e+04,6.000009598210453987e-04
5.863781837578344130e+04,6.000010180287063122e-04
5.864781970929457748e+04,6.000009598210453987e-04
5.865782104280571366e+04,6.000010180287063122e-04
5.866782237631684984e+04,6.000010180287063122e-04
5.867782370982797875e+04,6.000010180287063122e-04
5.868782504333911493e+04,6.000010180287063122e-04
5.869782637685025111e+04,6.000009598210453987e-04
5.870782771036138729e+04,6.000010180287063122e-04
5.871782904387252347e+04,6.000010180287063122e-04
5.872783037738365238e+04,6.000010180287063122e-04
5.873783171089478856e+04,6.000010180287063122e-04
5.874783304440592474e+04,6.000010180287063122e-04
5.875783437791706092e+04,6.000009598210453987e-04
5.876783571142819710e+04,6.000010180287063122e-04
5.877783704493932601e+04,6.000010180287063122e-04
5.878783837845046219e+04,6.000010180287063122e-04
5.879783971196159837e+04,6.000010180287063122e-04
5.880784104547273455e+04,6.000010762363672256e-04
5.881784237898387073e+04,6.000010180287063122e-04
5.882784371249500691e+04,6.000009598210453987e-04
5.883784504600613582e+04,6.000009598210453987e-04
5.884784637951727200e+04,6.000009598210453987e-04
5.885784771302840818e+04,6.000010762363672256e-04
5.886784904653954436e+04,6.000009598210453987e-04
5.887785038005068054e+04,6.000010180287063122e-04
5.888785171356180945e+04,6.000010180287063122e-04
5.889785304707294563e+04,6.000009598210453987e-04
5.890785438058408181e+04,6.000009598210453987e-04
5.891785571409521799e+04,6.000009598210453987e-04
5.892785704760635417e+04,6.000009598210453987e-04
5.893785838111749035e+04,6.000009598210453987e-04
5.894785971462861926e+04,6.000010180287063122e-04
5.895786104813975544e+04,6.000010180287063122e-04
5.896786238165089162e+04,6.000009598210453987e-04
5.897786371516202780e+04,6.000010762363672256e-04
5.898786504867316398e+04,6.000009598210453987e-04
5.899786638218429289e+04,6.000009598210453987e-04
5.900786771569542907e+04,6.000009598210453987e-04
5.901786904920656525e+04,6.000010180287063122e-04
5.902787038271770143e+04,6.000010180287063122e-04
5.903787171622883761e+04,6.000009598210453987e-04
5.904787304973996652e+04,6.000010180287063122e-04
5.905787438325110270e+04,6.000010180287063122e-04
5.906787571676223888e+04,6.000009598210453987e-04
5.907787705027337506e+04,6.000010180287063122e-04
5.908787838378451124e+04,6.000010180287063122e-04
5.909787971729564742e+04,6.000010180287063122e-04
5.910788105080677633e+04,6.000010180287063122e-04
5.911788238431791251e+04,6.000009598210453987e-04
5.912788371782904869e+04,6.000009598210453987e-04
5.913788505134018487e+04,6.000009598210453987e-04
5.914788638485132105e+04,6.000010762363672256e-04
5.915788771836244996e+04,6.000009598210453987e-04
5.916788905187358614e+04,6.000009598210453987e-04
5.917789038538472232e+04,6.000010180287063122e-04
5.918789171889585850e+04,6.000010762363672256e-04
5.919789305240699468e+04,6.000011344440281391e-04
5.920789438591812359e+04,6.000010180287063122e-04
5.921789571942925977e+04,6.000010180287063122e-04
5.922789705294039595e+04,6.000009598210453987e-04
5.923789838645153213e+04,6.000010180287063122e-04
5.924789971996266831e+04,6.000009598210453987e-04
5.925790105347380450e+04,6.000009598210453987e-04
5.926790238698493340e+04,6.000009598210453987e-04
5.927790372049606958e+04,6.000009598210453987e-04
5.928790505400720576e+04,6.000009598210453987e-04
5.929790638751834194e+04,6.000010180287063122e-04
5.930790772102947813e+04,6.000009598210453987e-04
5.931790905454060703e+04,6.000010180287063122e-04
5.932791038805174321e+04,6.000010180287063122e-04
5.933791172156287939e+04,6.000010180287063122e-04
5.934791305507401557e+04,6.000010180287063122e-04
5.935791438858515176e+04,6.000010180287063122e-04
5.936791572209628066e+04,6.000010180287063122e-04
5.937791705560741684e+04,6.000010180287063122e-04
5.938791838911855302e+04,6.000009598210453987e-04
5.939791972262968920e+04,6.000009598210453987e-04
5.940792105614082539e+04,6.000010180287063122e-04
5.941792238965196157e+04,6.000009598210453987e-04
5.942792372316309047e+04,6.000009598210453987e-04
5.943792505667422665e+04,6.000009598210453987e-04
5.944792639018536283e+04,6.000009598210453987e-04
5.945792772369649902e+04,6.000009598210453987e-04
5.946792905720763520e+04,6.000009598210453987e-04
5.947793039071876410e+04,6.000009598210453987e-04
5.948793172422990028e+04,6.000010180287063122e-04
5.949793305774103646e+04,6.000009598210453987e-04
5.950793439125217265e+04,6.000009598210453987e-04
5.951793572476330883e+04,6.000009598210453987e-04
5.952793705827443773e+04,6.000009598210453987e-04
5.953793839178557391e+04,6.000010180287063122e-04
5.954793972529671009e+04,6.000009598210453987e-04
5.955794105880784628e+04,6.000010180287063122e-04
5.956794239231898246e+04,6.000009598210453987e-04
5.957794372583011864e+04,6.000009598210453987e-04
5.958794505934124754e+04,6.000009598210453987e-04
5.959794639285238372e+04,6.000009598210453987e-04
5.960794772636351991e+04,6.000009598210453987e-04
5.961794905987465609e+04,6.000009598210453987e-04
5.962795039338579227e+04,6.000009598210453987e-04
5.963795172689692117e+04,6.000009598210453987e-04
5.964795306040805735e+04,6.000010180287063122e-04
5.965795439391919354e+04,6.000009598210453987e-04
5.966795572743032972e+04,6.000009598210453987e-04
5.967795706094146590e+04,6.000009598210453987e-04
5.968795839445259480e+04,6.000009598210453987e-04
5.969795972796373098e+04,6.000010762363672256e-04
5.970796106147486717e+04,6.000009598210453987e-04
5.971796239498600335e+04,6.000009598210453987e-04
5.972796372849713953e+04,6.000009598210453987e-04
5.973796506200827571e+04,6.000009598210453987e-04
5.974796639551940461e+04,6.000009598210453987e-04
5.975796772903054080e+04,6.000009598210453987e-04
5.976796906254167698e+04,6.000010180287063122e-04
5.977797039605281316e+04,6.000009598210453987e-04
5.978797172956394934e+04,6.000010180287063122e-04
5.979797306307507824e+04,6.000009598210453987e-04
5.980797439658621443e+04,6.000009598210453987e-04
5.981797573009735061e+04,6.000009598210453987e-04
5.982797706360848679e+04,6.000009598210453987e-04
5.983797839711962297e+04,6.000010180287063122e-04
5.984797973063075187e+04,6.000009598210453987e-04
5.985798106414188806e+04,6.000009598210453987e-04
5.986798239765302424e+04,6.000009598210453987e-04
5.987798373116416042e+04,6.000009598210453987e-04
5.988798506467529660e+04,6.000009598210453987e-04
5.989798639818643278e+04,6.000010180287063122e-04
5.990798773169756168e+04,6.000010180287063122e-04
5.991798906520869787e+04,6.000009598210453987e-04
5.992799039871983405e+04,6.000009598210453987e-04
5.993799173223097023e+04,6.000010180287063122e-04
5.994799306574210641e+04,6.000009598210453987e-04
5.995799439925323531e+04,6.000010180287063122e-04
5.996799573276437150e+04,6.000010180287063122e-04
5.997799706627550768e+04,6.000009598210453987e-04
5.998799839978664386e+04,6.000009598210453987e-04
5.999799973329778004e+04,6.000009598210453987e-04
6.000800106680890894e+04,6.000009598210453987e-04
6.001800240032004513e+04,6.000010180287063122e-04
6.002800373383118131e+04,6.000009598210453987e-04
6.003800506734231749e+04,6.000009598210453987e-04
6.004800640085345367e+04,6.000009598210453987e-04
6.005800773436458985e+04,6.000009598210453987e-04
6.006800906787571876e+04,6.000009598210453987e-04
6.007801040138685494e+04,6.000009598210453987e-04
6.008801173489799112e+04,6.000009598210453987e-04
6.009801306840912730e+04,6.000009598210453987e-04
6.010801440192026348e+04,6.000009598210453987e-04
6.011801573543139239e+04,6.000009598210453987e-04
6.012801706894252857e+04,6.000009598210453987e-04
6.013801840245366475e+04,6.000009598210453987e-04
6.014801973596480093e+04,6.000009598210453987e-04
6.015802106947593711e+04,6.000009598210453987e-04
6.016802240298706602e+04,6.000009598210453987e-04
6.017802373649820220e+04,6.000009598210453987e-04
6.018802507000933838e+04,6.000009598210453987e-04
6.019802640352047456e+04,6.000009598210453987e-04
6.020802773703161074e+04,6.000009598210453987e-04
6.021802907054274692e+04,6.000009598210453987e-04
6.022803040405387583e+04,6.000009598210453987e-04
6.023803173756501201e+04,6.000009598210453987e-04
6.024803307107614819e+04,6.000010180287063122e-04
6.025803440458728437e+04,6.000009598210453987e-04
6.026803573809842055e+04,6.000009598210453987e-04
6.027803707160954946e+04,6.000009016133844852e-04
6.028803840512068564e+04,6.000009598210453987e-04
6.029803973863182182e+04,6.000009598210453987e-04
6.030804107214295800e+04,6.000010180287063122e-04
6.031804240565409418e+04,6.000009598210453987e-04
6.032804373916522309e+04,6.000009598210453987e-04
6.033804507267635927e+04,6.000009598210453987e-04
6.034804640618749545e+04,6.000009598210453987e-04
6.035804773969863163e+04,6.000009598210453987e-04
6.036804907320976781e+04,6.000009598210453987e-04
6.037805040672090399e+04,6.000009598210453987e-04
6.038805174023203290e+04,6.000009598210453987e-04
6.039805307374316908e+04,6.000009598210453987e-04
6.040805440725430526e+04,6.000009598210453987e-04
6.041805574076544144e+04,6.000009598210453987e-04
6.042805707427657762e+04,6.000009598210453987e-04
6.043805840778770653e+04,6.000009598210453987e-04
6.044805974129884271e+04,6.000009598210453987e-04
6.045806107480997889e+04,6.000010180287063122e-04
6.046806240832111507e+04,6.000009598210453987e-04
6.047806374183225125e+04,6.000009598210453987e-04
6.048806507534338016e+04,6.000009598210453987e-04
6.049806640885451634e+04,6.000009598210453987e-04
6.050806774236565252e+04,6.000009598210453987e-04
6.051806907587678870e+04,6.000009598210453987e-04
6.052807040938792488e+04,6.000009598210453987e-04
6.053807174289906106e+04,6.000009598210453987e-04
6.054807307641018997e+04,6.000010180287063122e-04
6.055807440992132615e+04,6.000009598210453987e-04
6.056807574343246233e+04,6.000009598210453987e-04
6.057807707694359851e+04,6.000009598210453987e-04
6.058807841045473469e+04,6.000009598210453987e-04
6.059807974396586360e+04,6.000009598210453987e-04
6.060808107747699978e+04,6.000009598210453987e-04
6.061808241098813596e+04,6.000009598210453987e-04
6.062808374449927214e+04,6.000009598210453987e-04
6.063808507801040832e+04,6.000009598210453987e-04
6.064808641152153723e+04,6.000009598210453987e-04
6.065808774503267341e+04,6.000009598210453987e-04
6.066808907854380959e+04,6.000009598210453987e-04
6.067809041205494577e+04,6.000009598210453987e-04
6.068809174556608195e+04,6.000009598210453987e-04
6.069809307907721814e+04,6.000009598210453987e-04
6.070809441258834704e+04,6.000009598210453987e-04
6.071809574609948322e+04,6.000009598210453987e-04
6.072809707961061940e+04,6.000010180287063122e-04
6.073809841312175558e+04,6.000009598210453987e-04
6.074809974663289177e+04,6.000010180287063122e-04
6.075810108014402067e+04,6.000009598210453987e-04
6.076810241365515685e+04,6.000009598210453987e-04
6.077810374716629303e+04,6.000009598210453987e-04
6.078810508067742921e+04,6.000009598210453987e-04
6.079810641418856540e+04,6.000009598210453987e-04
6.080810774769969430e+04,6.000009598210453987e-04
6.081810908121083048e+04,6.000009598210453987e-04
6.082811041472196666e+04,6.000009598210453987e-04
6.083811174823310284e+04,6.000009598210453987e-04
6.084811308174423903e+04,6.000009598210453987e-04
6.085811441525537521e+04,6.000009598210453987e-04
6.086811574876650411e+04,6.000009598210453987e-04
6.087811708227764029e+04,6.000009598210453987e-04
6.088811841578877647e+04,6.000009598210453987e-04
6.089811974929991266e+04,6.000009598210453987e-04
6.090812108281104884e+04,6.000009598210453987e-04
6.091812241632217774e+04,6.000009598210453987e-04
6.092812374983331392e+04,6.000009598210453987e-04
6.093812508334445010e+04,6.000009598210453987e-04
6.094812641685558629e+04,6.000009598210453987e-04
6.095812775036672247e+04,6.000009598210453987e-04
6.096812908387785137e+04,6.000009016133844852e-04
6.097813041738898755e+04,6.000009598210453987e-04
6.098813175090012373e+04,6.000009016133844852e-04
6.099813308441125992e+04,6.000009598210453987e-04
6.100813441792239610e+04,6.000009598210453987e-04
6.101813575143353228e+04,6.000009598210453987e-04
6.102813708494466118e+04,6.000009598210453987e-04
6.103813841845579736e+04,6.000009598210453987e-04
6.104813975196693355e+04,6.000009598210453987e-04
6.105814108547806973e+04,6.000009598210453987e-04
6.106814241898920591e+04,6.000009598210453987e-04
6.107814375250033481e+04,6.000009598210453987e-04
6.108814508601147099e+04,6.000009598210453987e-04
6.109814641952260718e+04,6.000009598210453987e-04
6.110814775303374336e+04,6.000009598210453987e-04
6.111814908654487954e+04,6.000009598210453987e-04
6.112815042005600844e+04,6.000009598210453987e-04
6.113815175356714462e+04,6.000009598210453987e-04
6.114815308707828081e+04,6.000009598210453987e-04
6.115815442058941699e+04,6.000009598210453987e-04
6.116815575410055317e+04,6.000008434057235718e-04
6.117815708761168935e+04,6.000009598210453987e-04
6.118815842112281825e+04,6.000009598210453987e-04
6.119815975463395444e+04,6.000009598210453987e-04
6.120816108814509062e+04,6.000009598210453987e-04
6.121816242165622680e+04,6.000009598210453987e-04
6.122816375516736298e+04,6.000009598210453987e-04
6.123816508867849188e+04,6.000009598210453987e-04
6.124816642218962807e+04,6.000009598210453987e-04
6.125816775570076425e+04,6.000009598210453987e-04
6.126816908921190043e+04,6.000009598210453987e-04
6.127817042272303661e+04,6.000009016133844852e-04
6.128817175623416551e+04,6.000009598210453987e-04
6.129817308974530170e+04,6.000009598210453987e-04
6.130817442325643788e+04,6.000009598210453987e-04
6.131817575676757406e+04,6.000009598210453987e-04
6.132817709027871024e+04,6.000009598210453987e-04
6.133817842378984642e+04,6.000009598210453987e-04
6.134817975730097533e+04,6.000009016133844852e-04
6.135818109081211151e+04,6.000009598210453987e-04
6.136818242432324769e+04,6.000009598210453987e-04
6.137818375783438387e+04,6.000009598210453987e-04
6.138818509134552005e+04,6.000009598210453987e-04
6.139818642485664896e+04,6.000009598210453987e-04
6.140818775836778514e+04,6.000009598210453987e-04
6.141818909187892132e+04,6.000009598210453987e-04
6.142819042539005750e+04,6.000009598210453987e-04
6.143819175890119368e+04,6.000009598210453987e-04
6.144819309241232986e+04,6.000009598210453987e-04
6.145819442592345877e+04,6.000009598210453987e-04
6.146819575943459495e+04,6.000009598210453987e-04
6.147819709294573113e+04,6.000009016133844852e-04
6.148819842645686731e+04,6.000009598210453987e-04
6.149819975996800349e+04,6.000009598210453987e-04
6.150820109347913240e+04,6.000009598210453987e-04
6.151820242699026858e+04,6.000009598210453987e-04
6.152820376050140476e+04,6.000009598210453987e-04
6.153820509401254094e+04,6.000009016133844852e-04
6.154820642752367712e+04,6.000009598210453987e-04
6.155820776103480603e+04,6.000009598210453987e-04
6.156820909454594221e+04,6.000009598210453987e-04
6.157821042805707839e+04,6.000009598210453987e-04
6.158821176156821457e+04,6.000009598210453987e-04
6.159821309507935075e+04,6.000009598210453987e-04
6.160821442859048693e+04,6.000009598210453987e-04
6.161821576210161584e+04,6.000009598210453987e-04
6.162821709561275202e+04,6.000009598210453987e-04
6.163821842912388820e+04,6.000009598210453987e-04
6.164821976263502438e+04,6.000009598210453987e-04
6.165822109614616056e+04,6.000009598210453987e-04
6.166822242965728947e+04,6.000009598210453987e-04
6.167822376316842565e+04,6.000009598210453987e-04
6.168822509667956183e+04,6.000009598210453987e-04
6.169822643019069801e+04,6.000009598210453987e-04
6.170822776370183419e+04,6.000009598210453987e-04
6.171822909721296310e+04,6.000009598210453987e-04
6.172823043072409928e+04,6.000009598210453987e-04
6.173823176423523546e+04,6.000009598210453987e-04
6.174823309774637164e+04,6.000009598210453987e-04
6.175823443125750782e+04,6.000009598210453987e-04
6.176823576476864400e+04,6.000009598210453987e-04
6.177823709827977291e+04,6.000009598210453987e-04
6.178823843179090909e+04,6.000009016133844852e-04
6.179823976530204527e+04,6.000009598210453987e-04
6.180824109881318145e+04,6.000009598210453987e-04
6.181824243232431763e+04,6.000009598210453987e-04
6.182824376583544654e+04,6.000009598210453987e-04
6.183824509934658272e+04,6.000009598210453987e-04
6.184824643285771890e+04,6.000009598210453987e-04
6.185824776636885508e+04,6.000009598210453987e-04
6.186824909987999126e+04,6.000009598210453987e-04
6.187825043339112017e+04,6.000009598210453987e-04
6.188825176690225635e+04,6.000009598210453987e-04
6.189825310041339253e+04,6.000009598210453987e-04
6.190825443392452871e+04,6.000009598210453987e-04
6.191825576743566489e+04,6.000009598210453987e-04
6.192825710094680107e+04,6.000009598210453987e-04
6.193825843445792998e+04,6.000009598210453987e-04
6.194825976796906616e+04,6.000009598210453987e-04
6.195826110148020234e+04,6.000009016133844852e-04
6.196826243499133852e+04,6.000009598210453987e-04
6.197826376850247470e+04,6.000009598210453987e-04
6.198826510201360361e+04,6.000009598210453987e-04
6.199826643552473979e+04,6.000009016133844852e-04
6.200826776903587597e+04,6.000009598210453987e-04
6.201826910254701215e+04,6.000009598210453987e-04
6.202827043605814833e+04,6.000009598210453987e-04
6.203827176956927724e+04,6.000009598210453987e-04
6.204827310308041342e+04,6.000009598210453987e-04
6.205827443659154960e+04,6.000009598210453987e-04
6.206827577010268578e+04,6.000009598210453987e-04
6.207827710361382196e+04,6.000009598210453987e-04
6.208827843712495815e+04,6.000008434057235718e-04
6.209827977063608705e+04,6.000009598210453987e-04
6.210828110414722323e+04,6.000009598210453987e-04
6.211828243765835941e+04,6.000009598210453987e-04
6.212828377116949559e+04,6.000009598210453987e-04
6.213828510468063178e+04,6.000009598210453987e-04
6.214828643819176068e+04,6.000008434057235718e-04
6.215828777170289686e+04,6.000009016133844852e-04
6.216828910521403304e+04,6.000009016133844852e-04
6.217829043872516922e+04,6.000009598210453987e-04
6.218829177223630541e+04,6.000008434057235718e-04
6.219829310574743431e+04,6.000009598210453987e-04
6.220829443925857049e+04,6.000009598210453987e-04
6.221829577276970667e+04,6.000009598210453987e-04
6.222829710628084285e+04,6.000009598210453987e-04
6.223829843979197904e+04,6.000009016133844852e-04
6.224829977330311522e+04,6.000009598210453987e-04
6.225830110681424412e+04,6.000009598210453987e-04
6.226830244032538030e+04,6.000009598210453987e-04
6.227830377383651648e+04,6.000009598210453987e-04
6.228830510734765267e+04,6.000009598210453987e-04
6.229830644085878885e+04,6.000009598210453987e-04
6.230830777436991775e+04,6.000009016133844852e-04
6.231830910788105393e+04,6.000009016133844852e-04
6.232831044139219011e+04,6.000009016133844852e-04
6.233831177490332630e+04,6.000008434057235718e-04
6.234831310841446248e+04,6.000009598210453987e-04
6.235831444192559138e+04,6.000009598210453987e-04
6.236831577543672756e+04,6.000009598210453987e-04
6.237831710894786374e+04,6.000009598210453987e-04
6.238831844245899993e+04,6.000009598210453987e-04
6.239831977597013611e+04,6.000009598210453987e-04
6.240832110948127229e+04,6.000009598210453987e-04
6.241832244299240119e+04,6.000009598210453987e-04
6.242832377650353737e+04,6.000009598210453987e-04
6.243832511001467356e+04,6.000009598210453987e-04
6.244832644352580974e+04,6.000009598210453987e-04
6.245832777703694592e+04,6.000009598210453987e-04
6.246832911054807482e+04,6.000009598210453987e-04
6.247833044405921100e+04,6.000009598210453987e-04
6.248833177757034719e+04,6.000009016133844852e-04
6.249833311108148337e+04,6.000009598210453987e-04
6.250833444459261955e+04,6.000009598210453987e-04
6.251833577810374845e+04,6.000009016133844852e-04
6.252833711161488463e+04,6.000009598210453987e-04
6.253833844512602082e+04,6.000009598210453987e-04
6.254833977863715700e+04,6.000009598210453987e-04
6.255834111214829318e+04,6.000009016133844852e-04
6.256834244565942936e+04,6.000009598210453987e-04
6.257834377917055826e+04,6.000008434057235718e-04
6.258834511268169445e+04,6.000008434057235718e-04
6.259834644619283063e+04,6.000009598210453987e-04
6.260834777970396681e+04,6.000008434057235718e-04
6.261834911321510299e+04,6.000009016133844852e-04
6.262835044672623189e+04,6.000009598210453987e-04
6.263835178023736808e+04,6.000009598210453987e-04
6.264835311374850426e+04,6.000009598210453987e-04
6.265835444725964044e+04,6.000009598210453987e-04
6.266835578077077662e+04,6.000009016133844852e-04
6.267835711428190552e+04,6.000009016133844852e-04
6.268835844779304171e+04,6.000009598210453987e-04
6.269835978130417789e+04,6.000009598210453987e-04
6.270836111481531407e+04,6.000009598210453987e-04
6.271836244832645025e+04,6.000009016133844852e-04
6.272836378183758643e+04,6.000009598210453987e-04
6.273836511534871534e+04,6.000009598210453987e-04
6.274836644885985152e+04,6.000008434057235718e-04
6.275836778237098770e+04,6.000009598210453987e-04
6.276836911588212388e+04,6.000009598210453987e-04
6.277837044939326006e+04,6.000009016133844852e-04
6.278837178290438897e+04,6.000009016133844852e-04
6.279837311641552515e+04,6.000009016133844852e-04
6.280837444992666133e+04,6.000009016133844852e-04
6.281837578343779751e+04,6.000009598210453987e-04
6.282837711694893369e+04,6.000009598210453987e-04
6.283837845046006260e+04,6.000008434057235718e-04
6.284837978397119878e+04,6.000009598210453987e-04
6.285838111748233496e+04,6.000009598210453987e-04
6.286838245099347114e+04,6.000009598210453987e-04
6.287838378450460732e+04,6.000008434057235718e-04
6.288838511801574350e+04,6.000009016133844852e-04
6.289838645152687241e+04,6.000009016133844852e-04
6.290838778503800859e+04,6.000009598210453987e-04
6.291838911854914477e+04,6.000009016133844852e-04
6.292839045206028095e+04,6.000009598210453987e-04
6.293839178557141713e+04,6.000008434057235718e-04
6.294839311908254604e+04,6.000009598210453987e-04
6.295839445259368222e+04,6.000009598210453987e-04
6.296839578610481840e+04,6.000009598210453987e-04
6.297839711961595458e+04,6.000009016133844852e-04
6.298839845312709076e+04,6.000009016133844852e-04
6.299839978663821967e+04,6.000008434057235718e-04
6.300840112014935585e+04,6.000008434057235718e-04
6.301840245366049203e+04,6.000008434057235718e-04
6.302840378717162821e+04,6.000009598210453987e-04
6.303840512068276439e+04,6.000009598210453987e-04
6.304840645419390057e+04,6.000009598210453987e-04
6.305840778770502948e+04,6.000009016133844852e-04
6.306840912121616566e+04,6.000008434057235718e-04
6.307841045472730184e+04,6.000009598210453987e-04
6.308841178823843802e+04,6.000009016133844852e-04
6.309841312174957420e+04,6.000009598210453987e-04
6.310841445526070311e+04,6.000008434057235718e-04
6.311841578877183929e+04,6.000009016133844852e-04
6.312841712228297547e+04,6.000009016133844852e-04
6.313841845579411165e+04,6.000009598210453987e-04
6.314841978930524783e+04,6.000009598210453987e-04
6.315842112281637674e+04,6.000009598210453987e-04
6.316842245632751292e+04,6.000009598210453987e-04
6.317842378983864910e+04,6.000009598210453987e-04
6.318842512334978528e+04,6.000009016133844852e-04
6.319842645686092146e+04,6.000008434057235718e-04
6.320842779037205764e+04,6.000009016133844852e-04
6.321842912388318655e+04,6.000008434057235718e-04
6.322843045739432273e+04,6.000009016133844852e-04
6.323843179090545891e+04,6.000009598210453987e-04
6.324843312441659509e+04,6.000009016133844852e-04
6.325843445792773127e+04,6.000009016133844852e-04
6.326843579143886018e+04,6.000009598210453987e-04
6.327843712494999636e+04,6.000008434057235718e-04
6.328843845846113254e+04,6.000009598210453987e-04
6.329843979197226872e+04,6.000009598210453987e-04
6.330844112548340490e+04,6.000009598210453987e-04
6.331844245899453381e+04,6.000009016133844852e-04
6.332844379250566999e+04,6.000009598210453987e-04
6.333844512601680617e+04,6.000009598210453987e-04
6.334844645952794235e+04,6.000009016133844852e-04
6.335844779303907853e+04,6.000008434057235718e-04
6.336844912655021471e+04,6.000009598210453987e-04
6.337845046006134362e+04,6.000009598210453987e-04
6.338845179357247980e+04,6.000009016133844852e-04
6.339845312708361598e+04,6.000009016133844852e-04
6.340845446059475216e+04,6.000009598210453987e-04
6.341845579410588834e+04,6.000009016133844852e-04
6.342845712761701725e+04,6.000008434057235718e-04
6.343845846112815343e+04,6.000009016133844852e-04
6.344845979463928961e+04,6.000009016133844852e-04
6.345846112815042579e+04,6.000009016133844852e-04
6.346846246166156197e+04,6.000009016133844852e-04
6.347846379517269088e+04,6.000009016133844852e-04
6.348846512868382706e+04,6.000008434057235718e-04
6.349846646219496324e+04,6.000009598210453987e-04
6.350846779570609942e+04,6.000009016133844852e-04
6.351846912921723560e+04,6.000009016133844852e-04
6.352847046272837179e+04,6.000009016133844852e-04
6.353847179623950069e+04,6.000009016133844852e-04
6.354847312975063687e+04,6.000009016133844852e-04
6.355847446326177305e+04,6.000009016133844852e-04
6.356847579677290923e+04,6.000009016133844852e-04
6.357847713028404542e+04,6.000008434057235718e-04
6.358847846379517432e+04,6.000009016133844852e-04
6.359847979730631050e+04,6.000009016133844852e-04
6.360848113081744668e+04,6.000009598210453987e-04
6.361848246432858286e+04,6.000008434057235718e-04
6.362848379783971905e+04,6.000009016133844852e-04
6.363848513135084795e+04,6.000008434057235718e-04
6.364848646486198413e+04,6.000009598210453987e-04
6.365848779837312031e+04,6.000009016133844852e-04
6.366848913188425649e+04,6.000008434057235718e-04
6.367849046539539268e+04,6.000008434057235718e-04
6.368849179890652886e+04,6.000009016133844852e-04
6.369849313241765776e+04,6.000009016133844852e-04
6.370849446592879394e+04,6.000008434057235718e-04
6.371849579943993012e+04,6.000008434057235718e-04
6.372849713295106631e+04,6.000009598210453987e-04
6.373849846646220249e+04,6.000009016133844852e-04
6.374849979997333139e+04,6.000008434057235718e-04
6.375850113348446757e+04,6.000009016133844852e-04
6.376850246699560375e+04,6.000009016133844852e-04
6.377850380050673994e+04,6.000008434057235718e-04
6.378850513401787612e+04,6.000008434057235718e-04
6.379850646752900502e+04,6.000009598210453987e-04
6.380850780104014120e+04,6.000008434057235718e-04
6.381850913455127738e+04,6.000008434057235718e-04
6.382851046806241357e+04,6.000008434057235718e-04
6.383851180157354975e+04,6.000008434057235718e-04
6.384851313508468593e+04,6.000009016133844852e-04
6.385851446859581483e+04,6.000009598210453987e-04
6.386851580210695101e+04,6.000009016133844852e-04
6.387851713561808720e+04,6.000009016133844852e-04
6.388851846912922338e+04,6.000009016133844852e-04
6.389851980264035956e+04,6.000009016133844852e-04
6.390852113615148846e+04,6.000009016133844852e-04
6.391852246966262464e+04,6.000008434057235718e-04
6.392852380317376083e+04,6.000009016133844852e-04
6.393852513668489701e+04,6.000009016133844852e-04
6.394852647019603319e+04,6.000009598210453987e-04
6.395852780370716209e+04,6.000009598210453987e-04
6.396852913721829827e+04,6.000008434057235718e-04
6.397853047072943446e+04,6.000009016133844852e-04
6.398853180424057064e+04,6.000009598210453987e-04
6.399853313775170682e+04,6.000009016133844852e-04
6.400853447126284300e+04,6.000008434057235718e-04
6.401853580477397190e+04,6.000009016133844852e-04
6.402853713828510809e+04,6.000009016133844852e-04
6.403853847179624427e+04,6.000008434057235718e-04
6.404853980530738045e+04,6.000008434057235718e-04
6.405854113881851663e+04,6.000009598210453987e-04
6.406854247232964553e+04,6.000008434057235718e-04
6.407854380584078172e+04,6.000008434057235718e-04
6.408854513935191790e+04,6.000009016133844852e-04
6.409854647286305408e+04,6.000008434057235718e-04
6.410854780637419026e+04,6.000009016133844852e-04
6.411854913988532644e+04,6.000009016133844852e-04
6.412855047339645535e+04,6.000008434057235718e-04
6.413855180690759153e+04,6.000009016133844852e-04
6.414855314041872771e+04,6.000009598210453987e-04
6.415855447392986389e+04,6.000009016133844852e-04
6.416855580744100007e+04,6.000009016133844852e-04
6.417855714095212898e+04,6.000009016133844852e-04
6.418855847446326516e+04,6.000008434057235718e-04
6.419855980797440134e+04,6.000009016133844852e-04
6.420856114148553752e+04,6.000008434057235718e-04
6.421856247499667370e+04,6.000008434057235718e-04
6.422856380850780261e+04,6.000008434057235718e-04
6.423856514201893879e+04,6.000008434057235718e-04
6.424856647553007497e+04,6.000008434057235718e-04
6.425856780904121115e+04,6.000008434057235718e-04
6.426856914255234733e+04,6.000008434057235718e-04
6.427857047606348351e+04,6.000008434057235718e-04
6.428857180957461242e+04,6.000008434057235718e-04
6.429857314308574860e+04,6.000009016133844852e-04
6.430857447659688478e+04,6.000008434057235718e-04
6.431857581010802096e+04,6.000008434057235718e-04
6.432857714361915714e+04,6.000009016133844852e-04
6.433857847713028605e+04,6.000009016133844852e-04
6.434857981064142223e+04,6.000009598210453987e-04
6.435858114415255841e+04,6.000009016133844852e-04
6.436858247766369459e+04,6.000009016133844852e-04
6.437858381117483077e+04,6.000009016133844852e-04
6.438858514468595968e+04,6.000008434057235718e-04
6.439858647819709586e+04,6.000008434057235718e-04
6.440858781170823204e+04,6.000009598210453987e-04
6.441858914521936822e+04,6.000009016133844852e-04
6.442859047873050440e+04,6.000009016133844852e-04
6.443859181224164058e+04,6.000009016133844852e-04
6.444859314575276949e+04,6.000008434057235718e-04
6.445859447926390567e+04,6.000008434057235718e-04
6.446859581277504185e+04,6.000008434057235718e-04
6.447859714628617803e+04,6.000008434057235718e-04
6.448859847979731421e+04,6.000008434057235718e-04
6.449859981330844312e+04,6.000009016133844852e-04
6.450860114681957930e+04,6.000008434057235718e-04
6.451860248033071548e+04,6.000007851980626583e-04
6.452860381384185166e+04,6.000008434057235718e-04
6.453860514735298784e+04,6.000007851980626583e-04
6.454860648086411675e+04,6.000009016133844852e-04
6.455860781437525293e+04,6.000009016133844852e-04
6.456860914788638911e+04,6.000009016133844852e-04
6.457861048139752529e+04,6.000008434057235718e-04
6.458861181490866147e+04,6.000009016133844852e-04
6.459861314841979765e+04,6.000009016133844852e-04
6.460861448193092656e+04,6.000008434057235718e-04
6.461861581544206274e+04,6.000009016133844852e-04
6.462861714895319892e+04,6.000008434057235718e-04
6.463861848246433510e+04,6.000008434057235718e-04
6.464861981597547128e+04,6.000008434057235718e-04
6.465862114948660019e+04,6.000008434057235718e-04
6.466862248299773637e+04,6.000008434057235718e-04
6.467862381650887255e+04,6.000008434057235718e-04
6.468862515002000873e+04,6.000009016133844852e-04
6.469862648353114491e+04,6.000008434057235718e-04
6.470862781704227382e+04,6.000009016133844852e-04
6.471862915055341000e+04,6.000008434057235718e-04
6.472863048406454618e+04,6.000009016133844852e-04
6.473863181757568236e+04,6.000009016133844852e-04
6.474863315108681854e+04,6.000008434057235718e-04
6.475863448459795472e+04,6.000007851980626583e-04
6.476863581810908363e+04,6.000009016133844852e-04
6.477863715162021981e+04,6.000008434057235718e-04
6.478863848513135599e+04,6.000008434057235718e-04
6.479863981864249217e+04,6.000008434057235718e-04
6.480864115215362835e+04,6.000008434057235718e-04
6.481864248566475726e+04,6.000008434057235718e-04
6.482864381917589344e+04,6.000009016133844852e-04
6.483864515268702962e+04,6.000008434057235718e-04
6.484864648619816580e+04,6.000009016133844852e-04
6.485864781970930198e+04,6.000008434057235718e-04
6.486864915322043089e+04,6.000009016133844852e-04
6.487865048673156707e+04,6.000008434057235718e-04
6.488865182024270325e+04,6.000008434057235718e-04
6.489865315375383943e+04,6.000008434057235718e-04
6.490865448726497561e+04,6.000008434057235718e-04
6.491865582077611180e+04,6.000008434057235718e-04
6.492865715428724070e+04,6.000009016133844852e-04
6.493865848779837688e+04,6.000008434057235718e-04
6.494865982130951306e+04,6.000009598210453987e-04
6.495866115482064924e+04,6.000008434057235718e-04
6.496866248833178543e+04,6.000009016133844852e-04
6.497866382184291433e+04,6.000009016133844852e-04
6.498866515535405051e+04,6.000008434057235718e-04
6.499866648886518669e+04,6.000009016133844852e-04
6.500866782237632287e+04,6.000008434057235718e-04
6.501866915588745906e+04,6.000009016133844852e-04
6.502867048939858796e+04,6.000009016133844852e-04
6.503867182290972414e+04,6.000008434057235718e-04
6.504867315642086032e+04,6.000009016133844852e-04
6.505867448993199650e+04,6.000009016133844852e-04
6.506867582344313269e+04,6.000008434057235718e-04
6.507867715695426887e+04,6.000008434057235718e-04
6.508867849046539777e+04,6.000008434057235718e-04
6.509867982397653395e+04,6.000008434057235718e-04
6.510868115748767013e+04,6.000009016133844852e-04
6.511868249099880632e+04,6.000008434057235718e-04
6.512868382450994250e+04,6.000007851980626583e-04
6.513868515802107140e+04,6.000008434057235718e-04
6.514868649153220758e+04,6.000008434057235718e-04
6.515868782504334376e+04,6.000008434057235718e-04
6.516868915855447995e+04,6.000008434057235718e-04
6.517869049206561613e+04,6.000008434057235718e-04
6.518869182557674503e+04,6.000008434057235718e-04
6.519869315908788121e+04,6.000008434057235718e-04
6.520869449259901739e+04,6.000007851980626583e-04
6.521869582611015358e+04,6.000008434057235718e-04
6.522869715962128976e+04,6.000008434057235718e-04
6.523869849313242594e+04,6.000008434057235718e-04
6.524869982664355484e+04,6.000009598210453987e-04
6.525870116015469102e+04,6.000008434057235718e-04
6.526870249366582721e+04,6.000009598210453987e-04
6.527870382717696339e+04,6.000008434057235718e-04
6.528870516068809957e+04,6.000008434057235718e-04
6.529870649419922847e+04,6.000009598210453987e-04
6.530870782771036465e+04,6.000008434057235718e-04
6.531870916122150084e+04,6.000008434057235718e-04
6.532871049473263702e+04,6.000008434057235718e-04
6.533871182824377320e+04,6.000007851980626583e-04
6.534871316175490210e+04,6.000007851980626583e-04
6.535871449526603828e+04,6.000008434057235718e-04
6.536871582877717447e+04,6.000008434057235718e-04
6.537871716228831065e+04,6.000008434057235718e-04
6.538871849579944683e+04,6.000008434057235718e-04
6.539871982931058301e+04,6.000008434057235718e-04
6.540872116282171191e+04,6.000008434057235718e-04
6.541872249633284810e+04,6.000008434057235718e-04
6.542872382984398428e+04,6.000007851980626583e-04
6.543872516335512046e+04,6.000009598210453987e-04
6.544872649686625664e+04,6.000009016133844852e-04
6.545872783037738554e+04,6.000008434057235718e-04
6.546872916388852173e+04,6.000008434057235718e-04
6.547873049739965791e+04,6.000008434057235718e-04
6.548873183091079409e+04,6.000008434057235718e-04
6.549873316442193027e+04,6.000008434057235718e-04
6.550873449793305917e+04,6.000008434057235718e-04
6.551873583144419536e+04,6.000009016133844852e-04
6.552873716495533154e+04,6.000009016133844852e-04
6.553873849846646772e+04,6.000008434057235718e-04
6.554873983197759662e+04,6.000009016133844852e-04
6.555874116548874008e+04,6.000008434057235718e-04
6.556874249899986899e+04,6.000009016133844852e-04
6.557874383251101244e+04,6.000008434057235718e-04
6.558874516602214135e+04,6.000008434057235718e-04
6.559874649953327025e+04,6.000007851980626583e-04
6.560874783304441371e+04,6.000007851980626583e-04
6.561874916655554262e+04,6.000008434057235718e-04
6.562875050006668607e+04,6.000008434057235718e-04
6.563875183357781498e+04,6.000008434057235718e-04
6.564875316708894388e+04,6.000008434057235718e-04
6.565875450060008734e+04,6.000008434057235718e-04
6.566875583411121625e+04,6.000008434057235718e-04
6.567875716762235970e+04,6.000009016133844852e-04
6.568875850113348861e+04,6.000008434057235718e-04
6.569875983464461751e+04,6.000008434057235718e-04
6.570876116815576097e+04,6.000008434057235718e-04
6.571876250166688988e+04,6.000008434057235718e-04
6.572876383517803333e+04,6.000007851980626583e-04
6.573876516868916224e+04,6.000008434057235718e-04
6.574876650220029114e+04,6.000008434057235718e-04
6.575876783571143460e+04,6.000008434057235718e-04
6.576876916922256351e+04,6.000008434057235718e-04
6.577877050273370696e+04,6.000008434057235718e-04
6.578877183624483587e+04,6.000008434057235718e-04
6.579877316975597932e+04,6.000007851980626583e-04
6.580877450326710823e+04,6.000008434057235718e-04
6.581877583677823714e+04,6.000007851980626583e-04
6.582877717028938059e+04,6.000008434057235718e-04
6.583877850380050950e+04,6.000008434057235718e-04
6.584877983731165295e+04,6.000009598210453987e-04
6.585878117082278186e+04,6.000008434057235718e-04
6.586878250433391077e+04,6.000007851980626583e-04
6.587878383784505422e+04,6.000007851980626583e-04
6.588878517135618313e+04,6.000008434057235718e-04
6.589878650486732658e+04,6.000008434057235718e-04
6.590878783837845549e+04,6.000009016133844852e-04
6.591878917188958440e+04,6.000008434057235718e-04
6.592879050540072785e+04,6.000008434057235718e-04
6.593879183891185676e+04,6.000008434057235718e-04
6.594879317242300021e+04,6.000009016133844852e-04
6.595879450593412912e+04,6.000007851980626583e-04
6.596879583944525803e+04,6.000007851980626583e-04
6.597879717295640148e+04,6.000008434057235718e-04
6.598879850646753039e+04,6.000008434057235718e-04
6.599879983997867384e+04,6.000007851980626583e-04
6.600880117348980275e+04,6.000008434057235718e-04
6.601880250700093166e+04,6.000008434057235718e-04
6.602880384051207511e+04,6.000008434057235718e-04
6.603880517402320402e+04,6.000007851980626583e-04
6.604880650753434747e+04,6.000009016133844852e-04
6.605880784104547638e+04,6.000007851980626583e-04
6.606880917455660529e+04,6.000008434057235718e-04
6.607881050806774874e+04,6.000008434057235718e-04
6.608881184157887765e+04,6.000008434057235718e-04
6.609881317509002110e+04,6.000009016133844852e-04
6.610881450860115001e+04,6.000008434057235718e-04
6.611881584211229347e+04,6.000008434057235718e-04
6.612881717562342237e+04,6.000008434057235718e-04
6.613881850913455128e+04,6.000008434057235718e-04
6.614881984264569473e+04,6.000008434057235718e-04
6.615882117615682364e+04,6.000008434057235718e-04
6.616882250966796710e+04,6.000008434057235718e-04
6.617882384317909600e+04,6.000007851980626583e-04
6.618882517669022491e+04,6.000008434057235718e-04
6.619882651020136836e+04,6.000008434057235718e-04
6.620882784371249727e+04,6.000008434057235718e-04
6.621882917722364073e+04,6.000008434057235718e-04
6.622883051073476963e+04,6.000008434057235718e-04
6.623883184424589854e+04,6.000008434057235718e-04
6.624883317775704199e+04,6.000008434057235718e-04
6.625883451126817090e+04,6.000008434057235718e-04
6.626883584477931436e+04,6.000008434057235718e-04
6.627883717829044326e+04,6.000008434057235718e-04
6.628883851180157217e+04,6.000008434057235718e-04
6.629883984531271562e+04,6.000008434057235718e-04
6.630884117882384453e+04,6.000008434057235718e-04
6.631884251233498799e+04,6.000007851980626583e-04
6.632884384584611689e+04,6.000007851980626583e-04
6.633884517935724580e+04,6.000008434057235718e-04
6.634884651286838925e+04,6.000008434057235718e-04
6.635884784637951816e+04,6.000007851980626583e-04
6.636884917989066162e+04,6.000007851980626583e-04
6.637885051340179052e+04,6.000008434057235718e-04
6.638885184691291943e+04,6.000008434057235718e-04
6.639885318042406288e+04,6.000008434057235718e-04
6.640885451393519179e+04,6.000008434057235718e-04
6.641885584744633525e+04,6.000008434057235718e-04
6.642885718095746415e+04,6.000008434057235718e-04
6.643885851446860761e+04,6.000008434057235718e-04
6.644885984797973651e+04,6.000007851980626583e-04
6.645886118149086542e+04,6.000008434057235718e-04
6.646886251500200888e+04,6.000008434057235718e-04
6.647886384851313778e+04,6.000007851980626583e-04
6.648886518202428124e+04,6.000007851980626583e-04
6.649886651553541014e+04,6.000008434057235718e-04
6.650886784904653905e+04,6.000008434057235718e-04
6.651886918255768251e+04,6.000007851980626583e-04
6.652887051606881141e+04,6.000009016133844852e-04
6.653887184957995487e+04,6.000008434057235718e-04
6.654887318309108377e+04,6.000007851980626583e-04
6.655887451660221268e+04,6.000008434057235718e-04
6.656887585011335614e+04,6.000008434057235718e-04
6.657887718362448504e+04,6.000007851980626583e-04
6.658887851713562850e+04,6.000007851980626583e-04
6.659887985064675740e+04,6.000008434057235718e-04
6.660888118415788631e+04,6.000009016133844852e-04
6.661888251766902977e+04,6.000008434057235718e-04
6.662888385118015867e+04,6.000007851980626583e-04
6.663888518469130213e+04,6.000008434057235718e-04
6.664888651820243103e+04,6.000007269904017448e-04
6.665888785171355994e+04,6.000008434057235718e-04
6.666888918522470340e+04,6.000008434057235718e-04
6.667889051873583230e+04,6.000008434057235718e-04
6.668889185224697576e+04,6.000007269904017448e-04
6.669889318575810466e+04,6.000008434057235718e-04
6.670889451926924812e+04,6.000008434057235718e-04
6.671889585278037703e+04,6.000008434057235718e-04
6.672889718629150593e+04,6.000008434057235718e-04
6.673889851980264939e+04,6.000007851980626583e-04
6.674889985331377829e+04,6.000008434057235718e-04
6.675890118682492175e+04,6.000007269904017448e-04
6.676890252033605066e+04,6.000008434057235718e-04
6.677890385384717956e+04,6.000007851980626583e-04
6.678890518735832302e+04,6.000008434057235718e-04
6.679890652086945192e+04,6.000007851980626583e-04
6.680890785438059538e+04,6.000008434057235718e-04
6.681890918789172429e+04,6.000007851980626583e-04
6.682891052140285319e+04,6.000007851980626583e-04
6.683891185491399665e+04,6.000008434057235718e-04
6.684891318842512555e+04,6.000007851980626583e-04
6.685891452193626901e+04,6.000007269904017448e-04
6.686891585544739792e+04,6.000008434057235718e-04
6.687891718895852682e+04,6.000007851980626583e-04
6.688891852246967028e+04,6.000008434057235718e-04
6.689891985598079918e+04,6.000008434057235718e-04
6.690892118949194264e+04,6.000008434057235718e-04
6.691892252300307155e+04,6.000008434057235718e-04
6.692892385651420045e+04,6.000008434057235718e-04
6.693892519002534391e+04,6.000007851980626583e-04
6.694892652353647281e+04,6.000007851980626583e-04
6.695892785704761627e+04,6.000008434057235718e-04
6.696892919055874518e+04,6.000007851980626583e-04
6.697893052406987408e+04,6.000007851980626583e-04
6.698893185758101754e+04,6.000007851980626583e-04
6.699893319109214644e+04,6.000009016133844852e-04
6.700893452460328990e+04,6.000008434057235718e-04
6.701893585811441881e+04,6.000008434057235718e-04
6.702893719162556226e+04,6.000008434057235718e-04
6.703893852513669117e+04,6.000007851980626583e-04
6.704893985864782007e+04,6.000007851980626583e-04
6.705894119215896353e+04,6.000008434057235718e-04
6.706894252567009244e+04,6.000008434057235718e-04
6.707894385918123589e+04,6.000008434057235718e-04
6.708894519269236480e+04,6.000007851980626583e-04
6.709894652620349370e+04,6.000008434057235718e-04
6.710894785971463716e+04,6.000008434057235718e-04
6.711894919322576607e+04,6.000007851980626583e-04
6.712895052673690952e+04,6.000007269904017448e-04
6.713895186024803843e+04,6.000008434057235718e-04
6.714895319375916733e+04,6.000008434057235718e-04
6.715895452727031079e+04,6.000008434057235718e-04
6.716895586078143970e+04,6.000008434057235718e-04
6.717895719429258315e+04,6.000007851980626583e-04
6.718895852780371206e+04,6.000007269904017448e-04
6.719895986131484096e+04,6.000008434057235718e-04
6.720896119482598442e+04,6.000007851980626583e-04
6.721896252833711333e+04,6.000007851980626583e-04
6.722896386184825678e+04,6.000007851980626583e-04
6.723896519535938569e+04,6.000007269904017448e-04
6.724896652887051459e+04,6.000008434057235718e-04
6.725896786238165805e+04,6.000008434057235718e-04
6.726896919589278696e+04,6.000007269904017448e-04
6.727897052940393041e+04,6.000008434057235718e-04
6.728897186291505932e+04,6.000007269904017448e-04
6.729897319642618822e+04,6.000007851980626583e-04
6.730897452993733168e+04,6.000007851980626583e-04
6.731897586344846059e+04,6.000008434057235718e-04
6.732897719695960404e+04,6.000007851980626583e-04
6.733897853047073295e+04,6.000008434057235718e-04
6.734897986398187641e+04,6.000008434057235718e-04
6.735898119749300531e+04,6.000008434057235718e-04
6.736898253100413422e+04,6.000007269904017448e-04
6.737898386451527767e+04,6.000008434057235718e-04
6.738898519802640658e+04,6.000007269904017448e-04
6.739898653153755004e+04,6.000007269904017448e-04
6.740898786504867894e+04,6.000008434057235718e-04
6.741898919855980785e+04,6.000007269904017448e-04
6.742899053207095130e+04,6.000008434057235718e-04
6.743899186558208021e+04,6.000007269904017448e-04
6.744899319909322367e+04,6.000008434057235718e-04
6.745899453260435257e+04,6.000008434057235718e-04
6.746899586611548148e+04,6.000008434057235718e-04
6.747899719962662493e+04,6.000008434057235718e-04
6.748899853313775384e+04,6.000008434057235718e-04
6.749899986664889730e+04,6.000007269904017448e-04
6.750900120016002620e+04,6.000007851980626583e-04
6.751900253367115511e+04,6.000008434057235718e-04
6.752900386718229856e+04,6.000007851980626583e-04
6.753900520069342747e+04,6.000007851980626583e-04
6.754900653420457093e+04,6.000008434057235718e-04
6.755900786771569983e+04,6.000007851980626583e-04
6.756900920122682874e+04,6.000007269904017448e-04
6.757901053473797219e+04,6.000007269904017448e-04
6.758901186824910110e+04,6.000007851980626583e-04
6.759901320176024456e+04,6.000007269904017448e-04
6.760901453527137346e+04,6.000008434057235718e-04
6.761901586878250237e+04,6.000007269904017448e-04
6.762901720229364582e+04,6.000007269904017448e-04
6.763901853580477473e+04,6.000007269904017448e-04
6.764901986931591819e+04,6.000008434057235718e-04
6.765902120282704709e+04,6.000007851980626583e-04
6.766902253633819055e+04,6.000008434057235718e-04
6.767902386984931945e+04,6.000007269904017448e-04
6.768902520336044836e+04,6.000008434057235718e-04
6.769902653687159182e+04,6.000008434057235718e-04
6.770902787038272072e+04,6.000009016133844852e-04
6.771902920389386418e+04,6.000007269904017448e-04
6.772903053740499308e+04,6.000008434057235718e-04
6.773903187091612199e+04,6.000008434057235718e-04
6.774903320442726545e+04,6.000007269904017448e-04
6.775903453793839435e+04,6.000007269904017448e-04
6.776903587144953781e+04,6.000008434057235718e-04
6.777903720496066671e+04,6.000008434057235718e-04
6.778903853847179562e+04,6.000007269904017448e-04
6.779903987198293908e+04,6.000007269904017448e-04
6.780904120549406798e+04,6.000007851980626583e-04
6.781904253900521144e+04,6.000007851980626583e-04
6.782904387251634034e+04,6.000008434057235718e-04
6.783904520602746925e+04,6.000007269904017448e-04
6.784904653953861271e+04,6.000007269904017448e-04
6.785904787304974161e+04,6.000008434057235718e-04
6.786904920656088507e+04,6.000008434057235718e-04
6.787905054007201397e+04,6.000007851980626583e-04
6.788905187358314288e+04,6.000007269904017448e-04
6.789905320709428634e+04,6.000007851980626583e-04
6.790905454060541524e+04,6.000008434057235718e-04
6.791905587411655870e+04,6.000008434057235718e-04
6.792905720762768760e+04,6.000007269904017448e-04
6.793905854113881651e+04,6.000007851980626583e-04
6.794905987464995997e+04,6.000007269904017448e-04
6.795906120816108887e+04,6.000007269904017448e-04
6.796906254167223233e+04,6.000007851980626583e-04
6.797906387518336123e+04,6.000007851980626583e-04
6.798906520869450469e+04,6.000007851980626583e-04
6.799906654220563360e+04,6.000008434057235718e-04
6.800906787571676250e+04,6.000007851980626583e-04
6.801906920922790596e+04,6.000008434057235718e-04
6.802907054273903486e+04,6.000007269904017448e-04
6.803907187625017832e+04,6.000007269904017448e-04
6.804907320976130723e+04,6.000007851980626583e-04
6.805907454327243613e+04,6.000007851980626583e-04
6.806907587678357959e+04,6.000007851980626583e-04
6.807907721029470849e+04,6.000007851980626583e-04
6.808907854380585195e+04,6.000007269904017448e-04
6.809907987731698086e+04,6.000007269904017448e-04
6.810908121082810976e+04,6.000007269904017448e-04
6.811908254433925322e+04,6.000007851980626583e-04
6.812908387785038212e+04,6.000007269904017448e-04
6.813908521136152558e+04,6.000007851980626583e-04
6.814908654487265449e+04,6.000007269904017448e-04
6.815908787838378339e+04,6.000007269904017448e-04
6.816908921189492685e+04,6.000007269904017448e-04
6.817909054540605575e+04,6.000007269904017448e-04
6.818909187891719921e+04,6.000007851980626583e-04
6.819909321242832812e+04,6.000007851980626583e-04
6.820909454593945702e+04,6.000007851980626583e-04
6.821909587945060048e+04,6.000007269904017448e-04
6.822909721296172938e+04,6.000007269904017448e-04
6.823909854647287284e+04,6.000007269904017448e-04
6.824909987998400175e+04,6.000008434057235718e-04
6.825910121349513065e+04,6.000008434057235718e-04
6.826910254700627411e+04,6.000008434057235718e-04
6.827910388051740301e+04,6.000007269904017448e-04
6.828910521402854647e+04,6.000007269904017448e-04
6.829910654753967538e+04,6.000007269904017448e-04
6.830910788105081883e+04,6.000007269904017448e-04
6.831910921456194774e+04,6.000007851980626583e-04
6.832911054807307664e+04,6.000007851980626583e-04
6.833911188158422010e+04,6.000007269904017448e-04
6.834911321509534901e+04,6.000007269904017448e-04
6.835911454860649246e+04,6.000007269904017448e-04
6.836911588211762137e+04,6.000007851980626583e-04
6.837911721562875027e+04,6.000007269904017448e-04
6.838911854913989373e+04,6.000007851980626583e-04
6.839911988265102264e+04,6.000007851980626583e-04
6.840912121616216609e+04,6.000007851980626583e-04
6.841912254967329500e+04,6.000007269904017448e-04
6.842912388318442390e+04,6.000007269904017448e-04
6.843912521669556736e+04,6.000007851980626583e-04
6.844912655020669627e+04,6.000007851980626583e-04
6.845912788371783972e+04,6.000007269904017448e-04
6.846912921722896863e+04,6.000007269904017448e-04
6.847913055074009753e+04,6.000007269904017448e-04
6.848913188425124099e+04,6.000008434057235718e-04
6.849913321776236990e+04,6.000007269904017448e-04
6.850913455127351335e+04,6.000007269904017448e-04
6.851913588478464226e+04,6.000007269904017448e-04
6.852913721829577116e+04,6.000007269904017448e-04
6.853913855180691462e+04,6.000007269904017448e-04
6.854913988531804353e+04,6.000007269904017448e-04
6.855914121882918698e+04,6.000008434057235718e-04
6.856914255234031589e+04,6.000007269904017448e-04
6.857914388585144479e+04,6.000007851980626583e-04
6.858914521936258825e+04,6.000007851980626583e-04
6.859914655287371716e+04,6.000007269904017448e-04
6.860914788638486061e+04,6.000007269904017448e-04
6.861914921989598952e+04,6.000007269904017448e-04
6.862915055340713297e+04,6.000008434057235718e-04
6.863915188691826188e+04,6.000007269904017448e-04
6.864915322042939079e+04,6.000007851980626583e-04
6.865915455394053424e+04,6.000007851980626583e-04
6.866915588745166315e+04,6.000007269904017448e-04
6.867915722096280660e+04,6.000007269904017448e-04
6.868915855447393551e+04,6.000007851980626583e-04
6.869915988798506442e+04,6.000007851980626583e-04
6.870916122149620787e+04,6.000007851980626583e-04
6.871916255500733678e+04,6.000007269904017448e-04
6.872916388851848023e+04,6.000007269904017448e-04
6.873916522202960914e+04,6.000007269904017448e-04
6.874916655554073805e+04,6.000007851980626583e-04
6.875916788905188150e+04,6.000007269904017448e-04
6.876916922256301041e+04,6.000007851980626583e-04
6.877917055607415386e+04,6.000007269904017448e-04
6.878917188958528277e+04,6.000007269904017448e-04
6.879917322309641168e+04,6.000007269904017448e-04
6.880917455660755513e+04,6.000007269904017448e-04
6.881917589011868404e+04,6.000007851980626583e-04
6.882917722362982749e+04,6.000007851980626583e-04
6.883917855714095640e+04,6.000007269904017448e-04
6.884917989065208531e+04,6.000007269904017448e-04
6.885918122416322876e+04,6.000008434057235718e-04
6.886918255767435767e+04,6.000007851980626583e-04
6.887918389118550112e+04,6.000007851980626583e-04
6.888918522469663003e+04,6.000007851980626583e-04
6.889918655820775894e+04,6.000007851980626583e-04
6.890918789171890239e+04,6.000007851980626583e-04
6.891918922523003130e+04,6.000007269904017448e-04
6.892919055874117475e+04,6.000007269904017448e-04
6.893919189225230366e+04,6.000007269904017448e-04
6.894919322576344712e+04,6.000007269904017448e-04
6.895919455927457602e+04,6.000007269904017448e-04
6.896919589278570493e+04,6.000007269904017448e-04
6.897919722629684838e+04,6.000007851980626583e-04
6.898919855980797729e+04,6.000007269904017448e-04
6.899919989331912075e+04,6.000007269904017448e-04
6.900920122683024965e+04,6.000007269904017448e-04
6.901920256034137856e+04,6.000007269904017448e-04
6.902920389385252201e+04,6.000007269904017448e-04
6.903920522736365092e+04,6.000007269904017448e-04
6.904920656087479438e+04,6.000007269904017448e-04
6.905920789438592328e+04,6.000007269904017448e-04
6.906920922789705219e+04,6.000007269904017448e-04
6.907921056140819564e+04,6.000007269904017448e-04
6.908921189491932455e+04,6.000007269904017448e-04
6.909921322843046801e+04,6.000007269904017448e-04
6.910921456194159691e+04,6.000007851980626583e-04
6.911921589545272582e+04,6.000008434057235718e-04
6.912921722896386927e+04,6.000007851980626583e-04
6.913921856247499818e+04,6.000007269904017448e-04
6.914921989598614164e+04,6.000007269904017448e-04
6.915922122949727054e+04,6.000007269904017448e-04
6.916922256300839945e+04,6.000007269904017448e-04
6.917922389651954290e+04,6.000007269904017448e-04
6.918922523003067181e+04,6.000007851980626583e-04
6.919922656354181527e+04,6.000007269904017448e-04
6.920922789705294417e+04,6.000007851980626583e-04
6.921922923056408763e+04,6.000007269904017448e-04
6.922923056407521653e+04,6.000007851980626583e-04
6.923923189758634544e+04,6.000007269904017448e-04
6.924923323109748890e+04,6.000007269904017448e-04
6.925923456460861780e+04,6.000007851980626583e-04
6.926923589811976126e+04,6.000007851980626583e-04
6.927923723163089016e+04,6.000007269904017448e-04
6.928923856514201907e+04,6.000007269904017448e-04
6.929923989865316253e+04,6.000008434057235718e-04
6.930924123216429143e+04,6.000007269904017448e-04
6.931924256567543489e+04,6.000007269904017448e-04
6.932924389918656379e+04,6.000007269904017448e-04
6.933924523269769270e+04,6.000007269904017448e-04
6.934924656620883616e+04,6.000007269904017448e-04
6.935924789971996506e+04,6.000007269904017448e-04
6.936924923323110852e+04,6.000007269904017448e-04
6.937925056674223742e+04,6.000007269904017448e-04
6.938925190025336633e+04,6.000007851980626583e-04
6.939925323376450979e+04,6.000007851980626583e-04
6.940925456727563869e+04,6.000007269904017448e-04
6.941925590078678215e+04,6.000007269904017448e-04
6.942925723429791105e+04,6.000007269904017448e-04
6.943925856780903996e+04,6.000007269904017448e-04
6.944925990132018342e+04,6.000007269904017448e-04
6.945926123483131232e+04,6.000007269904017448e-04
6.946926256834245578e+04,6.000007269904017448e-04
6.947926390185358468e+04,6.000007269904017448e-04
6.948926523536471359e+04,6.000007269904017448e-04
6.949926656887585705e+04,6.000007269904017448e-04
6.950926790238698595e+04,6.000007269904017448e-04
6.951926923589812941e+04,6.000007269904017448e-04
6.952927056940925831e+04,6.000008434057235718e-04
6.953927190292040177e+04,6.000007269904017448e-04
6.954927323643153068e+04,6.000007269904017448e-04
6.955927456994265958e+04,6.000007851980626583e-04
6.956927590345380304e+04,6.000007269904017448e-04
6.957927723696493194e+04,6.000007269904017448e-04
6.958927857047607540e+04,6.000007269904017448e-04
6.959927990398720431e+04,6.000007269904017448e-04
6.960928123749833321e+04,6.000007269904017448e-04
6.961928257100947667e+04,6.000007269904017448e-04
6.962928390452060557e+04,6.000007269904017448e-04
6.963928523803174903e+04,6.000007269904017448e-04
6.964928657154287794e+04,6.000007269904017448e-04
6.965928790505400684e+04,6.000007269904017448e-04
6.966928923856515030e+04,6.000007269904017448e-04
6.967929057207627920e+04,6.000007269904017448e-04
6.968929190558742266e+04,6.000007269904017448e-04
6.969929323909855157e+04,6.000007269904017448e-04
6.970929457260968047e+04,6.000007269904017448e-04
6.971929590612082393e+04,6.000008434057235718e-04
6.972929723963195283e+04,6.000007269904017448e-04
6.973929857314309629e+04,6.000007269904017448e-04
6.974929990665422520e+04,6.000007269904017448e-04
6.975930124016535410e+04,6.000007269904017448e-04
6.976930257367649756e+04,6.000007269904017448e-04
6.977930390718762646e+04,6.000007269904017448e-04
6.978930524069876992e+04,6.000007269904017448e-04
6.979930657420989883e+04,6.000007269904017448e-04
6.980930790772102773e+04,6.000006687827408314e-04
6.981930924123217119e+04,6.000007269904017448e-04
6.982931057474330009e+04,6.000007269904017448e-04
6.983931190825444355e+04,6.000007851980626583e-04
6.984931324176557246e+04,6.000007269904017448e-04
6.985931457527671591e+04,6.000007269904017448e-04
6.986931590878784482e+04,6.000007269904017448e-04
6.987931724229897372e+04,6.000007269904017448e-04
6.988931857581011718e+04,6.000007269904017448e-04
6.989931990932124609e+04,6.000007269904017448e-04
6.990932124283238954e+04,6.000008434057235718e-04
6.991932257634351845e+04,6.000007851980626583e-04
6.992932390985464735e+04,6.000007851980626583e-04
6.993932524336579081e+04,6.000007269904017448e-04
6.994932657687691972e+04,6.000007269904017448e-04
6.995932791038806317e+04,6.000007269904017448e-04
6.996932924389919208e+04,6.000007269904017448e-04
6.997933057741032098e+04,6.000007269904017448e-04
6.998933191092146444e+04,6.000007269904017448e-04
6.999933324443259335e+04,6.000007269904017448e-04
7.000933457794373680e+04,6.000007269904017448e-04
7.001933591145486571e+04,6.000007269904017448e-04
7.002933724496599461e+04,6.000007269904017448e-04
7.003933857847713807e+04,6.000007269904017448e-04
7.004933991198826698e+04,6.000007269904017448e-04
7.005934124549941043e+04,6.000007269904017448e-04
7.006934257901053934e+04,6.000007269904017448e-04
7.007934391252166824e+04,6.000007269904017448e-04
7.008934524603281170e+04,6.000007269904017448e-04
7.009934657954394061e+04,6.000007269904017448e-04
7.010934791305508406e+04,6.000007269904017448e-04
7.011934924656621297e+04,6.000007269904017448e-04
7.012935058007734187e+04,6.000007269904017448e-04
7.013935191358848533e+04,6.000007269904017448e-04
7.014935324709961424e+04,6.000007269904017448e-04
7.015935458061075769e+04,6.000007269904017448e-04
7.016935591412188660e+04,6.000007269904017448e-04
7.017935724763303006e+04,6.000007269904017448e-04
7.018935858114415896e+04,6.000007269904017448e-04
7.019935991465528787e+04,6.000007851980626583e-04
7.020936124816643132e+04,6.000007269904017448e-04
7.021936258167756023e+04,6.000007269904017448e-04
7.022936391518870369e+04,6.000007269904017448e-04
7.023936524869983259e+04,6.000007269904017448e-04
7.024936658221096150e+04,6.000007269904017448e-04
7.025936791572210495e+04,6.000007269904017448e-04
7.026936924923323386e+04,6.000007269904017448e-04
7.027937058274437732e+04,6.000007269904017448e-04
7.028937191625550622e+04,6.000007269904017448e-04
7.029937324976663513e+04,6.000007269904017448e-04
7.030937458327777858e+04,6.000007269904017448e-04
7.031937591678890749e+04,6.000007269904017448e-04
7.032937725030005095e+04,6.000007269904017448e-04
7.033937858381117985e+04,6.000007269904017448e-04
7.034937991732230876e+04,6.000007269904017448e-04
7.035938125083345221e+04,6.000007269904017448e-04
7.036938258434458112e+04,6.000007269904017448e-04
7.037938391785572458e+04,6.000007269904017448e-04
7.038938525136685348e+04,6.000007269904017448e-04
7.039938658487798239e+04,6.000007269904017448e-04
7.040938791838912584e+04,6.000007269904017448e-04
7.041938925190025475e+04,6.000007269904017448e-04
7.042939058541139821e+04,6.000007269904017448e-04
7.043939191892252711e+04,6.000007269904017448e-04
7.044939325243365602e+04,6.000007269904017448e-04
7.045939458594479947e+04,6.000006687827408314e-04
7.046939591945592838e+04,6.000007269904017448e-04
7.047939725296707184e+04,6.000007269904017448e-04
7.048939858647820074e+04,6.000007269904017448e-04
7.049939991998934420e+04,6.000007269904017448e-04
7.050940125350047310e+04,6.000007269904017448e-04
7.051940258701160201e+04,6.000007269904017448e-04
7.052940392052274547e+04,6.000007269904017448e-04
7.053940525403387437e+04,6.000007269904017448e-04
7.054940658754501783e+04,6.000007851980626583e-04
7.055940792105614673e+04,6.000007851980626583e-04
7.056940925456727564e+04,6.000007269904017448e-04
7.057941058807841910e+04,6.000007269904017448e-04
7.058941192158954800e+04,6.000007269904017448e-04
7.059941325510069146e+04,6.000007269904017448e-04
7.060941458861182036e+04,6.000007269904017448e-04
7.061941592212294927e+04,6.000007269904017448e-04
7.062941725563409273e+04,6.000007269904017448e-04
7.063941858914522163e+04,6.000007269904017448e-04
7.064941992265636509e+04,6.000007269904017448e-04
7.065942125616749399e+04,6.000007269904017448e-04
7.066942258967862290e+04,6.000007269904017448e-04
7.067942392318976636e+04,6.000007269904017448e-04
7.068942525670089526e+04,6.000007269904017448e-04
7.069942659021203872e+04,6.000007269904017448e-04
7.070942792372316762e+04,6.000006687827408314e-04
7.071942925723429653e+04,6.000007269904017448e-04
7.072943059074543999e+04,6.000007269904017448e-04
7.073943192425656889e+04,6.000007269904017448e-04
7.074943325776771235e+04,6.000007269904017448e-04
7.075943459127884125e+04,6.000007269904017448e-04
7.076943592478997016e+04,6.000007269904017448e-04
7.077943725830111362e+04,6.000007269904017448e-04
7.078943859181224252e+04,6.000007269904017448e-04
7.079943992532338598e+04,6.000007269904017448e-04
7.080944125883451488e+04,6.000007269904017448e-04
7.081944259234565834e+04,6.000007269904017448e-04
7.082944392585678725e+04,6.000007269904017448e-04
7.083944525936791615e+04,6.000007269904017448e-04
7.084944659287905961e+04,6.000007269904017448e-04
7.085944792639018851e+04,6.000007269904017448e-04
7.086944925990133197e+04,6.000007269904017448e-04
7.087945059341246088e+04,6.000007269904017448e-04
7.088945192692358978e+04,6.000007269904017448e-04
7.089945326043473324e+04,6.000007269904017448e-04
7.090945459394586214e+04,6.000007269904017448e-04
7.091945592745700560e+04,6.000007269904017448e-04
7.092945726096813451e+04,6.000007269904017448e-04
7.093945859447926341e+04,6.000006687827408314e-04
7.094945992799040687e+04,6.000007269904017448e-04
7.095946126150153577e+04,6.000007269904017448e-04
7.096946259501267923e+04,6.000007269904017448e-04
7.097946392852380814e+04,6.000007269904017448e-04
7.098946526203493704e+04,6.000006687827408314e-04
7.099946659554608050e+04,6.000007269904017448e-04
7.100946792905720940e+04,6.000007269904017448e-04
7.101946926256835286e+04,6.000007269904017448e-04
7.102947059607948177e+04,6.000007269904017448e-04
7.103947192959061067e+04,6.000007269904017448e-04
7.104947326310175413e+04,6.000007269904017448e-04
7.105947459661288303e+04,6.000007269904017448e-04
7.106947593012402649e+04,6.000007269904017448e-04
7.107947726363515540e+04,6.000007269904017448e-04
7.108947859714628430e+04,6.000007269904017448e-04
7.109947993065742776e+04,6.000007269904017448e-04
7.110948126416855666e+04,6.000007269904017448e-04
7.111948259767970012e+04,6.000007269904017448e-04
7.112948393119082903e+04,6.000007269904017448e-04
7.113948526470197248e+04,6.000007269904017448e-04
7.114948659821310139e+04,6.000007269904017448e-04
7.115948793172423029e+04,6.000007269904017448e-04
7.116948926523537375e+04,6.000007269904017448e-04
7.117949059874650266e+04,6.000007269904017448e-04
7.118949193225764611e+04,6.000007269904017448e-04
7.119949326576877502e+04,6.000007269904017448e-04
7.120949459927990392e+04,6.000007269904017448e-04
7.121949593279104738e+04,6.000007269904017448e-04
7.122949726630217629e+04,6.000007269904017448e-04
7.123949859981331974e+04,6.000007269904017448e-04
7.124949993332444865e+04,6.000007269904017448e-04
7.125950126683557755e+04,6.000007269904017448e-04
7.126950260034672101e+04,6.000007269904017448e-04
7.127950393385784992e+04,6.000007269904017448e-04
7.128950526736899337e+04,6.000007269904017448e-04
7.129950660088012228e+04,6.000007269904017448e-04
7.130950793439125118e+04,6.000007269904017448e-04
7.131950926790239464e+04,6.000007269904017448e-04
7.132951060141352355e+04,6.000007269904017448e-04
7.133951193492466700e+04,6.000007269904017448e-04
7.134951326843579591e+04,6.000007269904017448e-04
7.135951460194692481e+04,6.000007269904017448e-04
7.136951593545806827e+04,6.000007269904017448e-04
7.137951726896919718e+04,6.000006687827408314e-04
7.138951860248034063e+04,6.000007269904017448e-04
7.139951993599146954e+04,6.000007269904017448e-04
7.140952126950259844e+04,6.000007269904017448e-04
7.141952260301374190e+04,6.000007269904017448e-04
7.142952393652487081e+04,6.000007269904017448e-04
7.143952527003601426e+04,6.000006687827408314e-04
7.144952660354714317e+04,6.000007269904017448e-04
7.145952793705828662e+04,6.000007851980626583e-04
7.146952927056941553e+04,6.000007269904017448e-04
7.147953060408054444e+04,6.000007269904017448e-04
7.148953193759168789e+04,6.000007269904017448e-04
7.149953327110281680e+04,6.000007269904017448e-04
7.150953460461396025e+04,6.000007269904017448e-04
7.151953593812508916e+04,6.000007269904017448e-04
7.152953727163621807e+04,6.000007269904017448e-04
7.153953860514736152e+04,6.000007269904017448e-04
7.154953993865849043e+04,6.000007269904017448e-04
7.155954127216963388e+04,6.000006687827408314e-04
7.156954260568076279e+04,6.000007269904017448e-04
7.157954393919189170e+04,6.000007269904017448e-04
7.158954527270303515e+04,6.000007269904017448e-04
7.159954660621416406e+04,6.000007269904017448e-04
7.160954793972530751e+04,6.000007269904017448e-04
7.161954927323643642e+04,6.000006687827408314e-04
7.162955060674756533e+04,6.000007269904017448e-04
7.163955194025870878e+04,6.000007269904017448e-04
7.164955327376983769e+04,6.000007269904017448e-04
7.165955460728098114e+04,6.000007269904017448e-04
7.166955594079211005e+04,6.000007269904017448e-04
7.167955727430323896e+04,6.000007269904017448e-04
7.168955860781438241e+04,6.000007269904017448e-04
7.169955994132551132e+04,6.000007269904017448e-04
7.170956127483665477e+04,6.000007269904017448e-04
7.171956260834778368e+04,6.000007269904017448e-04
7.172956394185892714e+04,6.000007269904017448e-04
7.173956527537005604e+04,6.000007269904017448e-04
7.174956660888118495e+04,6.000006687827408314e-04
7.175956794239232840e+04,6.000007269904017448e-04
7.176956927590345731e+04,6.000007269904017448e-04
7.177957060941460077e+04,6.000006687827408314e-04
7.178957194292572967e+04,6.000007269904017448e-04
7.179957327643685858e+04,6.000007269904017448e-04
7.180957460994800203e+04,6.000007269904017448e-04
7.181957594345913094e+04,6.000006687827408314e-04
7.182957727697027440e+04,6.000007269904017448e-04
7.183957861048140330e+04,6.000007269904017448e-04
7.184957994399253221e+04,6.000007269904017448e-04
7.185958127750367566e+04,6.000007269904017448e-04
7.186958261101480457e+04,6.000007269904017448e-04
7.187958394452594803e+04,6.000007269904017448e-04
7.188958527803707693e+04,6.000007269904017448e-04
7.189958661154820584e+04,6.000006687827408314e-04
7.190958794505934929e+04,6.000007269904017448e-04
7.191958927857047820e+04,6.000007269904017448e-04
7.192959061208162166e+04,6.000007269904017448e-04
7.193959194559275056e+04,6.000006687827408314e-04
7.194959327910387947e+04,6.000007269904017448e-04
7.195959461261502292e+04,6.000007269904017448e-04
7.196959594612615183e+04,6.000007269904017448e-04
7.197959727963729529e+04,6.000007269904017448e-04
7.198959861314842419e+04,6.000007269904017448e-04
7.199959994665955310e+04,6.000007269904017448e-04
7.200960128017069655e+04,6.000007269904017448e-04
7.201960261368182546e+04,6.000007269904017448e-04
7.202960394719296892e+04,6.000007269904017448e-04
7.203960528070409782e+04,6.000007269904017448e-04
7.204960661421524128e+04,6.000006687827408314e-04
7.205960794772637018e+04,6.000007269904017448e-04
7.206960928123749909e+04,6.000007269904017448e-04
7.207961061474864255e+04,6.000006687827408314e-04
7.208961194825977145e+04,6.000007269904017448e-04
7.209961328177091491e+04,6.000007269904017448e-04
7.210961461528204381e+04,6.000007269904017448e-04
7.211961594879317272e+04,6.000006687827408314e-04
7.212961728230431618e+04,6.000007269904017448e-04
7.213961861581544508e+04,6.000007269904017448e-04
7.214961994932658854e+04,6.000007269904017448e-04
7.215962128283771744e+04,6.000007269904017448e-04
7.216962261634884635e+04,6.000007269904017448e-04
7.217962394985998981e+04,6.000007269904017448e-04
7.218962528337111871e+04,6.000007269904017448e-04
7.219962661688226217e+04,6.000006687827408314e-04
7.220962795039339107e+04,6.000007269904017448e-04
7.221962928390451998e+04,6.000007269904017448e-04
7.222963061741566344e+04,6.000007269904017448e-04
7.223963195092679234e+04,6.000007269904017448e-04
7.224963328443793580e+04,6.000007269904017448e-04
7.225963461794906470e+04,6.000007269904017448e-04
7.226963595146019361e+04,6.000007269904017448e-04
7.227963728497133707e+04,6.000006687827408314e-04
7.228963861848246597e+04,6.000007269904017448e-04
7.229963995199360943e+04,6.000007269904017448e-04
7.230964128550473833e+04,6.000007269904017448e-04
7.231964261901586724e+04,6.000006687827408314e-04
7.232964395252701070e+04,6.000007269904017448e-04
7.233964528603813960e+04,6.000007269904017448e-04
7.234964661954928306e+04,6.000007269904017448e-04
7.235964795306041196e+04,6.000007269904017448e-04
7.236964928657155542e+04,6.000007269904017448e-04
7.237965062008268433e+04,6.000006687827408314e-04
7.238965195359381323e+04,6.000007269904017448e-04
7.239965328710495669e+04,6.000006687827408314e-04
7.240965462061608559e+04,6.000007269904017448e-04
7.241965595412722905e+04,6.000007269904017448e-04
7.242965728763835796e+04,6.000007269904017448e-04
7.243965862114948686e+04,6.000007269904017448e-04
7.244965995466063032e+04,6.000007269904017448e-04
7.245966128817175922e+04,6.000007269904017448e-04
7.246966262168290268e+04,6.000007269904017448e-04
7.247966395519403159e+04,6.000006687827408314e-04
7.248966528870516049e+04,6.000006687827408314e-04
7.249966662221630395e+04,6.000007269904017448e-04
7.250966795572743285e+04,6.000006687827408314e-04
7.251966928923857631e+04,6.000007269904017448e-04
7.252967062274970522e+04,6.000007269904017448e-04
7.253967195626083412e+04,6.000007269904017448e-04
7.254967328977197758e+04,6.000007269904017448e-04
7.255967462328310648e+04,6.000007269904017448e-04
7.256967595679424994e+04,6.000007269904017448e-04
7.257967729030537885e+04,6.000006687827408314e-04
7.258967862381650775e+04,6.000007269904017448e-04
7.259967995732765121e+04,6.000007269904017448e-04
7.260968129083878011e+04,6.000006687827408314e-04
7.261968262434992357e+04,6.000007269904017448e-04
7.262968395786105248e+04,6.000007269904017448e-04
7.263968529137218138e+04,6.000006687827408314e-04
7.264968662488332484e+04,6.000006687827408314e-04
7.265968795839445374e+04,6.000006687827408314e-04
7.266968929190559720e+04,6.000007269904017448e-04
7.267969062541672611e+04,6.000007269904017448e-04
7.268969195892786956e+04,6.000006687827408314e-04
7.269969329243899847e+04,6.000007269904017448e-04
7.270969462595012737e+04,6.000007269904017448e-04
7.271969595946127083e+04,6.000007269904017448e-04
7.272969729297239974e+04,6.000007269904017448e-04
7.273969862648354319e+04,6.000007269904017448e-04
7.274969995999467210e+04,6.000006687827408314e-04
7.275970129350580100e+04,6.000007269904017448e-04
7.276970262701694446e+04,6.000006687827408314e-04
7.277970396052807337e+04,6.000007269904017448e-04
7.278970529403921682e+04,6.000007269904017448e-04
7.279970662755034573e+04,6.000007269904017448e-04
7.280970796106147463e+04,6.000006687827408314e-04
7.281970929457261809e+04,6.000006687827408314e-04
7.282971062808374700e+04,6.000007269904017448e-04
7.283971196159489045e+04,6.000007269904017448e-04
7.284971329510601936e+04,6.000006687827408314e-04
7.285971462861714826e+04,6.000007269904017448e-04
7.286971596212829172e+04,6.000007269904017448e-04
7.287971729563942063e+04,6.000007269904017448e-04
7.288971862915056408e+04,6.000006687827408314e-04
7.289971996266169299e+04,6.000007269904017448e-04
7.290972129617282189e+04,6.000006687827408314e-04
7.291972262968396535e+04,6.000006687827408314e-04
7.292972396319509426e+04,6.000006687827408314e-04
7.293972529670623771e+04,6.000006687827408314e-04
7.294972663021736662e+04,6.000007269904017448e-04
7.295972796372849552e+04,6.000007269904017448e-04
7.296972929723963898e+04,6.000007269904017448e-04
7.297973063075076789e+04,6.000006687827408314e-04
7.298973196426191134e+04,6.000006687827408314e-04
7.299973329777304025e+04,6.000007269904017448e-04
7.300973463128418371e+04,6.000007269904017448e-04
7.301973596479531261e+04,6.000007269904017448e-04
7.302973729830644152e+04,6.000007269904017448e-04
7.303973863181758497e+04,6.000007269904017448e-04
7.304973996532871388e+04,6.000006687827408314e-04
7.305974129883985734e+04,6.000007269904017448e-04
7.306974263235098624e+04,6.000006687827408314e-04
7.307974396586211515e+04,6.000007269904017448e-04
7.308974529937325860e+04,6.000007269904017448e-04
7.309974663288438751e+04,6.000007269904017448e-04
7.310974796639553097e+04,6.000006687827408314e-04
7.311974929990665987e+04,6.000006687827408314e-04
7.312975063341778878e+04,6.000006687827408314e-04
7.313975196692893223e+04,6.000007269904017448e-04
7.314975330044006114e+04,6.000006687827408314e-04
7.315975463395120460e+04,6.000007269904017448e-04
7.316975596746233350e+04,6.000007269904017448e-04
7.317975730097346241e+04,6.000006687827408314e-04
7.318975863448460586e+04,6.000006687827408314e-04
7.319975996799573477e+04,6.000007269904017448e-04
7.320976130150687823e+04,6.000006687827408314e-04
7.321976263501800713e+04,6.000007269904017448e-04
7.322976396852913604e+04,6.000006687827408314e-04
7.323976530204027949e+04,6.000006687827408314e-04
7.324976663555140840e+04,6.000006687827408314e-04
7.325976796906255186e+04,6.000006687827408314e-04
7.326976930257368076e+04,6.000006687827408314e-04
7.327977063608480967e+04,6.000006687827408314e-04
7.328977196959595312e+04,6.000007269904017448e-04
7.329977330310708203e+04,6.000006687827408314e-04
7.330977463661822549e+04,6.000007269904017448e-04
7.331977597012935439e+04,6.000006687827408314e-04
7.332977730364049785e+04,6.000006687827408314e-04
7.333977863715162675e+04,6.000006687827408314e-04
7.334977997066275566e+04,6.000006687827408314e-04
7.335978130417389912e+04,6.000006687827408314e-04
7.336978263768502802e+04,6.000006687827408314e-04
7.337978397119617148e+04,6.000006687827408314e-04
7.338978530470730038e+04,6.000006687827408314e-04
7.339978663821842929e+04,6.000007269904017448e-04
7.340978797172957275e+04,6.000007269904017448e-04
7.341978930524070165e+04,6.000007269904017448e-04
7.342979063875184511e+04,6.000006687827408314e-04
7.343979197226297401e+04,6.000007269904017448e-04
7.344979330577410292e+04,6.000006687827408314e-04
7.345979463928524638e+04,6.000006105750799179e-04
7.346979597279637528e+04,6.000006687827408314e-04
7.347979730630751874e+04,6.000007269904017448e-04
7.348979863981864764e+04,6.000007269904017448e-04
7.349979997332977655e+04,6.000006687827408314e-04
7.350980130684092001e+04,6.000006687827408314e-04
7.351980264035204891e+04,6.000006687827408314e-04
7.352980397386319237e+04,6.000006687827408314e-04
7.353980530737432127e+04,6.000006687827408314e-04
7.354980664088545018e+04,6.000006687827408314e-04
7.355980797439659364e+04,6.000006687827408314e-04
7.356980930790772254e+04,6.000007269904017448e-04
7.357981064141886600e+04,6.000007269904017448e-04
7.358981197492999490e+04,6.000006687827408314e-04
7.359981330844112381e+04,6.000006687827408314e-04
7.360981464195226727e+04,6.000007269904017448e-04
7.361981597546339617e+04,6.000006687827408314e-04
7.362981730897453963e+04,6.000007269904017448e-04
7.363981864248566853e+04,6.000006687827408314e-04
7.364981997599681199e+04,6.000007269904017448e-04
7.365982130950794090e+04,6.000007269904017448e-04
7.366982264301906980e+04,6.000006687827408314e-04
7.367982397653021326e+04,6.000006687827408314e-04
7.368982531004134216e+04,6.000006687827408314e-04
7.369982664355248562e+04,6.000006687827408314e-04
7.370982797706361453e+04,6.000007269904017448e-04
7.371982931057474343e+04,6.000007269904017448e-04
7.372983064408588689e+04,6.000006687827408314e-04
7.373983197759701579e+04,6.000006687827408314e-04
7.374983331110815925e+04,6.000006687827408314e-04
7.375983464461928816e+04,6.000006687827408314e-04
7.376983597813041706e+04,6.000006687827408314e-04
7.377983731164156052e+04,6.000007269904017448e-04
7.378983864515268942e+04,6.000006687827408314e-04
7.379983997866383288e+04,6.000007269904017448e-04
7.380984131217496179e+04,6.000007269904017448e-04
7.381984264568609069e+04,6.000007269904017448e-04
7.382984397919723415e+04,6.000007269904017448e-04
7.383984531270836305e+04,6.000006687827408314e-04
7.384984664621950651e+04,6.000007269904017448e-04
7.385984797973063542e+04,6.000006687827408314e-04
7.386984931324176432e+04,6.000006687827408314e-04
7.387985064675290778e+04,6.000007269904017448e-04
7.388985198026403668e+04,6.000006687827408314e-04
7.389985331377518014e+04,6.000007269904017448e-04
7.390985464728630905e+04,6.000007269904017448e-04
7.391985598079743795e+04,6.000007269904017448e-04
7.392985731430858141e+04,6.000007269904017448e-04
7.393985864781971031e+04,6.000006687827408314e-04
7.394985998133085377e+04,6.000006687827408314e-04
7.395986131484198268e+04,6.000007269904017448e-04
7.396986264835312613e+04,6.000007269904017448e-04
7.397986398186425504e+04,6.000007269904017448e-04
7.398986531537538394e+04,6.000006687827408314e-04
7.399986664888652740e+04,6.000006687827408314e-04
7.400986798239765631e+04,6.000007269904017448e-04
7.401986931590879976e+04,6.000006687827408314e-04
7.402987064941992867e+04,6.000006687827408314e-04
7.403987198293105757e+04,6.000007269904017448e-04
7.404987331644220103e+04,6.000006687827408314e-04
7.405987464995332994e+04,6.000006687827408314e-04
7.406987598346447339e+04,6.000006687827408314e-04
7.407987731697560230e+04,6.000006687827408314e-04
7.408987865048673120e+04,6.000006687827408314e-04
7.409987998399787466e+04,6.000007269904017448e-04
7.410988131750900357e+04,6.000007269904017448e-04
7.411988265102014702e+04,6.000006687827408314e-04
7.412988398453127593e+04,6.000006105750799179e-04
7.413988531804240483e+04,6.000007269904017448e-04
7.414988665155354829e+04,6.000006687827408314e-04
7.415988798506467720e+04,6.000006105750799179e-04
7.416988931857582065e+04,6.000006105750799179e-04
7.417989065208694956e+04,6.000006687827408314e-04
7.418989198559807846e+04,6.000006687827408314e-04
7.419989331910922192e+04,6.000006687827408314e-04
7.420989465262035083e+04,6.000006105750799179e-04
7.421989598613149428e+04,6.000007269904017448e-04
7.422989731964262319e+04,6.000007269904017448e-04
7.423989865315375209e+04,6.000007269904017448e-04
7.424989998666489555e+04,6.000006687827408314e-04
7.425990132017602446e+04,6.000007269904017448e-04
7.426990265368716791e+04,6.000006687827408314e-04
7.427990398719829682e+04,6.000006687827408314e-04
7.428990532070944028e+04,6.000007269904017448e-04
7.429990665422056918e+04,6.000006687827408314e-04
7.430990798773169809e+04,6.000006687827408314e-04
7.431990932124284154e+04,6.000006687827408314e-04
7.432991065475397045e+04,6.000006687827408314e-04
7.433991198826511391e+04,6.000006687827408314e-04
7.434991332177624281e+04,6.000007269904017448e-04
7.435991465528737172e+04,6.000006687827408314e-04
7.436991598879851517e+04,6.000006687827408314e-04
7.437991732230964408e+04,6.000006687827408314e-04
7.438991865582078754e+04,6.000006105750799179e-04
7.439991998933191644e+04,6.000006687827408314e-04
7.440992132284304535e+04,6.000006687827408314e-04
7.441992265635418880e+04,6.000006687827408314e-04
7.442992398986531771e+04,6.000006687827408314e-04
7.443992532337646117e+04,6.000006687827408314e-04
7.444992665688759007e+04,6.000006687827408314e-04
7.445992799039871898e+04,6.000006687827408314e-04
7.446992932390986243e+04,6.000006687827408314e-04
7.447993065742099134e+04,6.000006687827408314e-04
7.448993199093213480e+04,6.000006687827408314e-04
7.449993332444326370e+04,6.000006687827408314e-04
7.450993465795439261e+04,6.000006105750799179e-04
7.451993599146553606e+04,6.000006687827408314e-04
7.452993732497666497e+04,6.000006687827408314e-04
7.453993865848780842e+04,6.000007269904017448e-04
7.454993999199893733e+04,6.000006687827408314e-04
7.455994132551008079e+04,6.000007269904017448e-04
7.456994265902120969e+04,6.000007269904017448e-04
7.457994399253233860e+04,6.000006687827408314e-04
7.458994532604348205e+04,6.000006687827408314e-04
7.459994665955461096e+04,6.000006687827408314e-04
7.460994799306575442e+04,6.000006687827408314e-04
7.461994932657688332e+04,6.000006687827408314e-04
7.462995066008801223e+04,6.000006687827408314e-04
7.463995199359915568e+04,6.000006687827408314e-04
7.464995332711028459e+04,6.000006687827408314e-04
7.465995466062142805e+04,6.000006687827408314e-04
7.466995599413255695e+04,6.000006687827408314e-04
7.467995732764368586e+04,6.000006105750799179e-04
7.468995866115482931e+04,6.000006687827408314e-04
7.469995999466595822e+04,6.000006687827408314e-04
7.470996132817710168e+04,6.000006687827408314e-04
7.471996266168823058e+04,6.000007269904017448e-04
7.472996399519935949e+04,6.000006687827408314e-04
7.473996532871050294e+04,6.000007269904017448e-04
7.474996666222163185e+04,6.000006687827408314e-04
7.475996799573277531e+04,6.000006687827408314e-04
7.476996932924390421e+04,6.000006687827408314e-04
7.477997066275503312e+04,6.000007269904017448e-04
7.478997199626617657e+04,6.000006687827408314e-04
7.479997332977730548e+04,6.000006687827408314e-04
7.480997466328844894e+04,6.000006687827408314e-04
7.481997599679957784e+04,6.000006687827408314e-04
7.482997733031070675e+04,6.000007269904017448e-04
7.483997866382185020e+04,6.000006687827408314e-04
7.484997999733297911e+04,6.000007269904017448e-04
7.485998133084412257e+04,6.000007269904017448e-04
7.486998266435525147e+04,6.000006105750799179e-04
7.487998399786639493e+04,6.000006687827408314e-04
7.488998533137752383e+04,6.000006687827408314e-04
7.489998666488865274e+04,6.000006687827408314e-04
7.490998799839979620e+04,6.000006687827408314e-04
7.491998933191092510e+04,6.000006687827408314e-04
7.492999066542206856e+04,6.000006687827408314e-04
7.493999199893319746e+04,6.000007269904017448e-04
7.494999333244432637e+04,6.000007269904017448e-04
7.495999466595546983e+04,6.000006687827408314e-04
7.496999599946659873e+04,6.000006687827408314e-04
7.497999733297774219e+04,6.000006687827408314e-04
7.498999866648887109e+04,6.000006687827408314e-04
7.500000000000000000e+04,6.000006105750799179e-04
