# kappa, training_loss
0.000000000000000000e+00,3.607006669044494629e-01
3.459589015952004853e-01,2.649876773357391357e-01
4.392482314775383867e-01,2.465521395206451416e-01
4.954363861777400513e-01,2.403827607631683350e-01
5.357720918135293608e-01,2.361532896757125854e-01
5.672595083447434794e-01,2.327957749366760254e-01
5.930907635535410671e-01,2.300352007150650024e-01
6.149917817214055615e-01,2.278886139392852783e-01
6.340021001630319342e-01,2.259801179170608521e-01
6.507965873818838398e-01,2.242114245891571045e-01
6.658382904736565022e-01,2.225461602210998535e-01
6.794587442759913998e-01,2.209840267896652222e-01
6.919034942584628700e-01,2.195251435041427612e-01
7.033594816068275968e-01,2.181121557950973511e-01
7.139723260658095150e-01,2.167645394802093506e-01
7.238576728898482582e-01,2.154786586761474609e-01
7.331088938900989227e-01,2.142242342233657837e-01
7.418024638556233175e-01,2.129940837621688843e-01
7.500018066688997065e-01,2.117845714092254639e-01
7.577601057719879352e-01,2.106021940708160400e-01
7.651223965958476869e-01,2.094330489635467529e-01
7.721271504307702926e-01,2.082690894603729248e-01
7.788074912118712056e-01,2.071194797754287720e-01
7.851921428055662622e-01,2.059835940599441528e-01
7.913061753967588485e-01,2.048677504062652588e-01
7.971716000308491923e-01,2.037778496742248535e-01
8.028078469354584801e-01,2.027058899402618408e-01
8.082321538615222511e-01,2.016486972570419312e-01
8.134598840216815674e-01,2.005975395441055298e-01
8.185047884076200875e-01,1.995617449283599854e-01
8.233792237692867388e-01,1.985365152359008789e-01
8.280943349557937649e-01,1.975329220294952393e-01
8.326602083891524453e-01,1.965432018041610718e-01
8.370860019870475233e-01,1.955658942461013794e-01
8.413800557425805682e-01,1.945935189723968506e-01
8.455499863170587993e-01,1.936221569776535034e-01
8.496027683416239595e-01,1.926551163196563721e-01
8.535448046076362649e-01,1.916909813880920410e-01
8.573819869196814825e-01,1.907341331243515015e-01
8.611197490632285234e-01,1.897859573364257812e-01
8.647631130821671341e-01,1.888461410999298096e-01
8.683167298552938451e-01,1.879120618104934692e-01
8.717849147943127486e-01,1.869853138923645020e-01
8.751716793507015035e-01,1.860653758049011230e-01
8.784807589083916124e-01,1.851481348276138306e-01
8.817156375486330244e-01,1.842362731695175171e-01
8.848795700987204249e-01,1.833294928073883057e-01
8.879756018143981633e-01,1.824250817298889160e-01
8.910065859943040456e-01,1.815278977155685425e-01
8.939751997818218276e-01,1.806358546018600464e-01
8.968839583736623045e-01,1.797508746385574341e-01
8.997352278241469437e-01,1.788734942674636841e-01
9.025312366085197491e-01,1.780012100934982300e-01
9.052740860868754291e-01,1.771320998668670654e-01
9.079657599917980715e-01,1.762684434652328491e-01
9.106081330470138235e-01,1.754094660282135010e-01
9.132029788108537716e-01,1.745564192533493042e-01
9.157519768267176064e-01,1.737101078033447266e-01
9.182567191527407635e-01,1.728698015213012695e-01
9.207187163342355207e-01,1.720366477966308594e-01
9.231394028750167235e-01,1.712090224027633667e-01
9.255201422572324477e-01,1.703864634037017822e-01
9.278622315536849685e-01,1.695686429738998413e-01
9.301669056717069006e-01,1.687554270029067993e-01
9.324353412633560323e-01,1.679419875144958496e-01
9.346686603329257270e-01,1.671314239501953125e-01
9.368679335694584109e-01,1.663247793912887573e-01
9.390341834290427681e-01,1.655226498842239380e-01
9.411683869891029897e-01,1.647227704524993896e-01
9.432714785946274549e-01,1.639254093170166016e-01
9.453443523142729399e-01,1.631326675415039062e-01
9.473878642225076474e-01,1.623458415269851685e-01
9.494028345223683996e-01,1.615636199712753296e-01
9.513900495220098952e-01,1.607857346534729004e-01
9.533502634769637218e-01,1.600132584571838379e-01
9.552842003089099254e-01,1.592454016208648682e-01
9.571925552107636292e-01,1.584811657667160034e-01
9.590759961469810246e-01,1.577199846506118774e-01
9.609351652571875846e-01,1.569626629352569580e-01
9.627706801705113726e-01,1.562096178531646729e-01
9.645831352373486212e-01,1.554621011018753052e-01
9.663731026847116601e-01,1.547196954488754272e-01
9.681411337007792550e-01,1.539817899465560913e-01
9.698877594537900215e-01,1.532483696937561035e-01
9.716134920499919225e-01,1.525186598300933838e-01
9.733188254349738333e-01,1.517919898033142090e-01
9.750042362423431141e-01,1.510700136423110962e-01
9.766701845934007142e-01,1.503526121377944946e-01
9.783171148511704551e-01,1.496387124061584473e-01
9.799454563318716893e-01,1.489294022321701050e-01
9.815556239766881630e-01,1.482242941856384277e-01
9.831480189864598707e-01,1.475233733654022217e-01
9.847230294217282909e-01,1.468263417482376099e-01
9.862810307703816504e-01,1.461338549852371216e-01
9.878223864849721148e-01,1.454451084136962891e-01
9.893474484916348066e-01,1.447604894638061523e-01
9.908565576723874502e-01,1.440787911415100098e-01
9.923500443224636536e-01,1.434010416269302368e-01
9.938282285842179320e-01,1.427273601293563843e-01
9.952914208590244449e-01,1.420577615499496460e-01
9.967399221984984958e-01,1.413921415805816650e-01
9.981740246762715874e-01,1.407289206981658936e-01
9.995940117414702231e-01,1.400683224201202393e-01
1.001000158554967268e+00,1.394119411706924438e-01
1.002392732309404844e+00,1.387593895196914673e-01
1.003771992533918134e+00,1.381098777055740356e-01
1.005138191384430835e+00,1.374642550945281982e-01
1.006491573920335059e+00,1.368221789598464966e-01
1.007832378368310744e+00,1.361835896968841553e-01
1.009160836374001224e+00,1.355484575033187866e-01
1.010477173242205984e+00,1.349174231290817261e-01
1.011781608166212099e+00,1.342903226613998413e-01
1.013074354446854342e+00,1.336667388677597046e-01
1.014355619701844180e+00,1.330453157424926758e-01
1.015625606065887254e+00,1.324280053377151489e-01
1.016884510382068063e+00,1.318142861127853394e-01
1.018132524384956605e+00,1.312036365270614624e-01
1.019369834875863745e+00,1.305955797433853149e-01
1.020596623890643651e+00,1.299898773431777954e-01
1.021813068860422780e+00,1.293869167566299438e-01
1.023019342765608686e+00,1.287867575883865356e-01
1.024215614283513043e+00,1.281889826059341431e-01
1.025402047929905747e+00,1.275952011346817017e-01
1.026578804194794081e+00,1.270051896572113037e-01
1.027746039672710499e+00,1.264195591211318970e-01
1.028903907187771694e+00,1.258367449045181274e-01
1.030052555913757883e+00,1.252568960189819336e-01
1.031192131489450770e+00,1.246804147958755493e-01
1.032322776129452446e+00,1.241072714328765869e-01
1.033444628730692205e+00,1.235383376479148865e-01
1.034557824974828844e+00,1.229735091328620911e-01
1.035662497426728335e+00,1.224115118384361267e-01
1.036758775629202489e+00,1.218544766306877136e-01
1.037846786194173809e+00,1.212999001145362854e-01
1.038926652890428182e+00,1.207497492432594299e-01
1.039998496728109512e+00,1.202007085084915161e-01
1.041062436040096406e+00,1.196564882993698120e-01
1.042118586560402127e+00,1.191151589155197144e-01
1.043167061499723491e+00,1.185759454965591431e-01
1.044207971618266395e+00,1.180406436324119568e-01
1.045241425295961868e+00,1.175104230642318726e-01
1.046267528600184571e+00,1.169835403561592102e-01
1.047286385351081872e+00,1.164556369185447693e-01
1.048298097184609423e+00,1.159339323639869690e-01
1.049302763613374712e+00,1.154134497046470642e-01
1.050300482085374520e+00,1.148998364806175232e-01
1.051291348040716223e+00,1.143879368901252747e-01
1.052275454966405510e+00,1.138759255409240723e-01
1.053252894449275612e+00,1.133663281798362732e-01
1.054223756227137487e+00,1.128612384200096130e-01
1.055188128238219614e+00,1.123627647757530212e-01
1.056146096668967527e+00,1.118650585412979126e-01
1.057097746000264182e+00,1.113721653819084167e-01
1.058043159052139304e+00,1.108783185482025146e-01
1.058982417027020118e+00,1.103986576199531555e-01
1.059915599551585430e+00,1.099094972014427185e-01
1.060842784717273890e+00,1.094255819916725159e-01
1.061764049119499065e+00,1.089498028159141541e-01
1.062679467895619734e+00,1.084727272391319275e-01
1.063589114761714693e+00,1.080095171928405762e-01
1.064493062048202932e+00,1.075346171855926514e-01
1.065391380734357574e+00,1.070685386657714844e-01
1.066284140481750242e+00,1.066053435206413269e-01
1.067171409666666904e+00,1.061469912528991699e-01
1.068053255411534064e+00,1.056931391358375549e-01
1.068929743615389283e+00,1.052437946200370789e-01
1.069800938983432648e+00,1.047886312007904053e-01
1.070666905055689400e+00,1.043484359979629517e-01
1.071527704234821021e+00,1.039009392261505127e-01
1.072383397813107209e+00,1.034571155905723572e-01
1.073234045998635811e+00,1.030287593603134155e-01
1.074079707940723605e+00,1.025869324803352356e-01
1.074920441754596334e+00,1.021548956632614136e-01
1.075756304545354203e+00,1.017278209328651428e-01
1.076587352431247258e+00,1.012993827462196350e-01
1.077413640566283526e+00,1.008841395378112793e-01
1.078235223162194334e+00,1.004545465111732483e-01
1.079052153509776568e+00,1.000457704067230225e-01
1.079864483999635194e+00,9.963040053844451904e-02
1.080672266142344684e+00,9.921025484800338745e-02
1.081475550588048673e+00,9.880056232213973999e-02
1.082274387145517602e+00,9.839889407157897949e-02
1.083068824800681451e+00,9.798559546470642090e-02
1.083858911734654873e+00,9.759045392274856567e-02
1.084644695341271170e+00,9.718271344900131226e-02
1.085426222244142425e+00,9.678660333156585693e-02
1.086203538313258443e+00,9.639339148998260498e-02
1.086976688681142944e+00,9.599426388740539551e-02
1.087745717758576536e+00,9.561272710561752319e-02
1.088510669249905582e+00,9.521446377038955688e-02
1.089271586167944728e+00,9.483673423528671265e-02
1.090028510848491283e+00,9.444448351860046387e-02
1.090781484964458370e+00,9.406928718090057373e-02
1.091530549539642125e+00,9.369128197431564331e-02
1.092275744962134088e+00,9.330591559410095215e-02
1.093017110997387409e+00,9.294714033603668213e-02
1.093754686800950671e+00,9.256289899349212646e-02
1.094488510930875957e+00,9.219197928905487061e-02
1.095218621359815403e+00,9.183123707771301270e-02
1.095945055486811093e+00,9.145851433277130127e-02
1.096667850148790313e+00,9.110640734434127808e-02
1.097387041631774585e+00,9.073960781097412109e-02
1.098102665681810475e+00,9.037996828556060791e-02
1.098814757515629958e+00,9.002347290515899658e-02
1.099523351831051432e+00,8.967120200395584106e-02
1.100228482817122044e+00,8.932787925004959106e-02
1.100930184164018444e+00,8.896960318088531494e-02
1.101628489072704609e+00,8.862955123186111450e-02
1.102323430264357418e+00,8.828603476285934448e-02
1.103015039989568402e+00,8.793558925390243530e-02
1.103703350037322783e+00,8.761048316955566406e-02
1.104388391743768238e+00,8.725813031196594238e-02
1.105070196000774496e+00,8.692952990531921387e-02
1.105748793264292651e+00,8.659511804580688477e-02
1.106424213562518855e+00,8.625661581754684448e-02
1.107096486503866828e+00,8.593620359897613525e-02
1.107765641284756297e+00,8.559797704219818115e-02
1.108431706697221797e+00,8.528083562850952148e-02
1.109094711136345834e+00,8.494823426008224487e-02
1.109754682607522636e+00,8.463719487190246582e-02
1.110411648733556467e+00,8.430757373571395874e-02
1.111065636761598974e+00,8.398941159248352051e-02
1.111716673569929759e+00,8.367916196584701538e-02
1.112364785674585077e+00,8.335387706756591797e-02
1.113009999235837544e+00,8.305359631776809692e-02
1.113652340064533730e+00,8.272878080606460571e-02
1.114291833628287209e+00,8.243825286626815796e-02
1.114928505057539709e+00,8.211255818605422974e-02
1.115562379151485484e+00,8.181029558181762695e-02
1.116193480383868453e+00,8.150546997785568237e-02
1.116821832908651224e+00,8.120169490575790405e-02
1.117447460565562434e+00,8.090562373399734497e-02
1.118070386885524181e+00,8.059895038604736328e-02
1.118690635095962005e+00,8.031531423330307007e-02
1.119308228126002946e+00,8.000584691762924194e-02
1.119923188611560150e+00,7.972732931375503540e-02
1.120535538900311989e+00,7.942035049200057983e-02
1.121145301056575283e+00,7.913975417613983154e-02
1.121752496866074811e+00,7.884912192821502686e-02
1.122357147840614688e+00,7.855392992496490479e-02
1.122959275222650710e+00,7.827962189912796021e-02
1.123558899989768545e+00,7.798308879137039185e-02
1.124156042859069560e+00,7.771887630224227905e-02
1.124750724291464721e+00,7.741933315992355347e-02
1.125342964495882114e+00,7.715044170618057251e-02
1.125932783433387430e+00,7.686182856559753418e-02
1.126520200821220952e+00,7.659693062305450439e-02
1.127105236136752842e+00,7.631413638591766357e-02
1.127687908621357371e+00,7.603732496500015259e-02
1.128268237284210995e+00,7.577564567327499390e-02
1.128846240906013376e+00,7.549203932285308838e-02
1.129421938042634244e+00,7.523654401302337646e-02
1.129995347028687203e+00,7.495340704917907715e-02
1.130566485981034486e+00,7.470408082008361816e-02
1.131135372802220873e+00,7.442052662372589111e-02
1.131702025183840998e+00,7.416842132806777954e-02
1.132266460609840486e+00,7.389825582504272461e-02
1.132828696359752696e+00,7.363496720790863037e-02
1.133388749511873961e+00,7.337753474712371826e-02
1.133946636946374875e+00,7.311388105154037476e-02
1.134502375348353853e+00,7.286789268255233765e-02
1.135055981210831622e+00,7.259698957204818726e-02
1.135607470837687316e+00,7.236044108867645264e-02
1.136156860346540176e+00,7.208802551031112671e-02
1.136704165671576172e+00,7.184544950723648071e-02
1.137249402566320455e+00,7.158429920673370361e-02
1.137792586606358514e+00,7.134315371513366699e-02
1.138333733192005592e+00,7.108486443758010864e-02
1.138872857550927042e+00,7.084403932094573975e-02
1.139409974740709375e+00,7.059706002473831177e-02
1.139945099651383131e+00,7.034551352262496948e-02
1.140478247007901125e+00,7.011198997497558594e-02
1.141009431372567162e+00,6.985735893249511719e-02
1.141538667147425468e+00,6.962961703538894653e-02
1.142065968576601920e+00,6.937462836503982544e-02
1.142591349748605101e+00,6.914681196212768555e-02
1.143114824598584045e+00,6.889749318361282349e-02
1.143636406910547576e+00,6.867367029190063477e-02
1.144156110319540343e+00,6.842277199029922485e-02
1.144673948313783329e+00,6.820630282163619995e-02
1.145189934236772844e+00,6.795366108417510986e-02
1.145704081289344645e+00,6.773793697357177734e-02
1.146216402531699874e+00,6.748787313699722290e-02
1.146726910885395245e+00,6.727926433086395264e-02
1.147235619135299922e+00,6.702753901481628418e-02
1.147742539931515537e+00,6.681926548480987549e-02
1.148247685791263573e+00,6.657261401414871216e-02
1.148751069100740541e+00,6.636331975460052490e-02
1.149252702116940084e+00,6.612432748079299927e-02
1.149752596969443985e+00,6.590315699577331543e-02
1.150250765662181429e+00,6.568030267953872681e-02
1.150747220075159172e+00,6.545683741569519043e-02
1.151241971966161071e+00,6.523226201534271240e-02
1.151735032972418749e+00,6.502429395914077759e-02
1.152226414612254946e+00,6.479751318693161011e-02
1.152716128286697339e+00,6.457863003015518188e-02
1.153204185281065053e+00,6.436255574226379395e-02
1.153690596766530962e+00,6.414650380611419678e-02
1.154175373801654247e+00,6.393878161907196045e-02
1.154658527333889628e+00,6.371470540761947632e-02
1.155140068201070624e+00,6.350689381361007690e-02
1.155620007132869276e+00,6.329174339771270752e-02
1.156098354752228108e+00,6.309003382921218872e-02
1.156575121576774112e+00,6.286726891994476318e-02
1.157050318020203639e+00,6.267590075731277466e-02
1.157523954393649301e+00,6.244999915361404419e-02
1.157996040907020685e+00,6.225653365254402161e-02
1.158466587670325953e+00,6.203647330403327942e-02
1.158935604694971033e+00,6.184884533286094666e-02
1.159403101895037258e+00,6.162691488862037659e-02
1.159869089088538807e+00,6.144113466143608093e-02
1.160333575998660383e+00,6.122140958905220032e-02
1.160796572254974013e+00,6.103584915399551392e-02
1.161258087394636762e+00,6.081862747669219971e-02
1.161718130863570009e+00,6.063288450241088867e-02
1.162176712017619851e+00,6.041892990469932556e-02
1.162633840123697304e+00,6.024394556879997253e-02
1.163089524360903404e+00,6.002306938171386719e-02
1.163543773821634097e+00,5.984935164451599121e-02
1.163996597512669595e+00,5.963207408785820007e-02
1.164448004356245958e+00,5.944620072841644287e-02
1.164898003191108256e+00,5.924349278211593628e-02
1.165346602773551732e+00,5.905950814485549927e-02
1.165793811778442102e+00,5.885913595557212830e-02
1.166239638800222522e+00,5.867453292012214661e-02
1.166684092353905244e+00,5.847386270761489868e-02
1.167127180876046388e+00,5.828635767102241516e-02
1.167568912725708286e+00,5.809898674488067627e-02
1.168009296185403834e+00,5.792032927274703979e-02
1.168448339462030194e+00,5.771917477250099182e-02
1.168886050687785394e+00,5.755073577165603638e-02
1.169322437921071822e+00,5.734522640705108643e-02
1.169757509147387298e+00,5.717865005135536194e-02
1.170191272280201700e+00,5.697508528828620911e-02
1.170623735161820056e+00,5.680919811129570007e-02
1.171054905564233639e+00,5.660837143659591675e-02
1.171484791189958408e+00,5.643235892057418823e-02
1.171913399672859457e+00,5.624554306268692017e-02
1.172340738578966146e+00,5.608058348298072815e-02
1.172766815407271901e+00,5.588305369019508362e-02
1.173191637590524916e+00,5.571585521101951599e-02
1.173615212496004645e+00,5.552618205547332764e-02
1.174037547426290296e+00,5.536301806569099426e-02
1.174458649620016004e+00,5.517105758190155029e-02
1.174878526252612465e+00,5.500952154397964478e-02
1.175297184437045006e+00,5.481963232159614563e-02
1.175714631224533235e+00,5.465519800782203674e-02
1.176130873605264471e+00,5.447355657815933228e-02
1.176545918509096511e+00,5.429977178573608398e-02
1.176959772806250193e+00,5.413788184523582458e-02
1.177372443307990402e+00,5.395244061946868896e-02
1.177783936767299977e+00,5.380715057253837585e-02
1.178194259879542072e+00,5.361173674464225769e-02
1.178603419283114073e+00,5.345618724822998047e-02
1.179011421560091977e+00,5.327288061380386353e-02
1.179418273236866099e+00,5.312772840261459351e-02
1.179823980784766357e+00,5.293703451752662659e-02
1.180228550620680883e+00,5.278569832444190979e-02
1.180631989107665092e+00,5.260461196303367615e-02
1.181034302555541649e+00,5.243839696049690247e-02
1.181435497221491993e+00,5.229766666889190674e-02
1.181835579310641871e+00,5.211751535534858704e-02
1.182234554976636431e+00,5.194765329360961914e-02
1.182632430322206885e+00,5.179741233587265015e-02
1.183029211399732938e+00,5.162191763520240784e-02
1.183424904211793471e+00,5.146115645766258240e-02
1.183819514711712095e+00,5.131268873810768127e-02
1.184213048804093837e+00,5.115105956792831421e-02
1.184605512345357381e+00,5.098054558038711548e-02
1.184996911144254428e+00,5.083288252353668213e-02
1.185387250962389061e+00,5.066461116075515747e-02
1.185776537514724893e+00,5.051751434803009033e-02
1.186164776470086890e+00,5.035046488046646118e-02
1.186551973451658082e+00,5.019900202751159668e-02
1.186938134037466508e+00,5.004128441214561462e-02
1.187323263760868386e+00,4.988883435726165771e-02
1.187707368111023731e+00,4.973175749182701111e-02
1.188090452533366204e+00,4.957354068756103516e-02
1.188472522430065625e+00,4.944399744272232056e-02
1.188853583160484728e+00,4.926750808954238892e-02
1.189233640041631457e+00,4.912996664643287659e-02
1.189612698348603281e+00,4.896323755383491516e-02
1.189990763315026623e+00,4.881729558110237122e-02
1.190367840133490285e+00,4.866346716880798340e-02
1.190743933955974221e+00,4.853004589676856995e-02
1.191119049894270532e+00,4.836229234933853149e-02
1.191493193020401353e+00,4.822827503085136414e-02
1.191866368367030304e+00,4.806628450751304626e-02
1.192238580927867719e+00,4.792860522866249084e-02
1.192609835658072992e+00,4.777238145470619202e-02
1.192980137474649371e+00,4.763958603143692017e-02
1.193349491256835204e+00,4.748053476214408875e-02
1.193717901846489182e+00,4.734711349010467529e-02
1.194085374048471593e+00,4.719142243266105652e-02
1.194451912631020685e+00,4.705936089158058167e-02
1.194817522326123038e+00,4.690486192703247070e-02
1.195182207829880383e+00,4.676602035760879517e-02
1.195545973802871975e+00,4.662302881479263306e-02
1.195908824870511422e+00,4.647868126630783081e-02
1.196270765623400179e+00,4.634948074817657471e-02
1.196631800617675045e+00,4.619581997394561768e-02
1.196991934375353894e+00,4.607867822051048279e-02
1.197351171384673396e+00,4.591662436723709106e-02
1.197709516100426308e+00,4.579203203320503235e-02
1.198066972944292763e+00,4.563861712813377380e-02
1.198423546305166010e+00,4.551541060209274292e-02
1.198779240539478597e+00,4.536431655287742615e-02
1.199134059971519006e+00,4.524085670709609985e-02
1.199488008893748736e+00,4.509034007787704468e-02
1.199841091567112938e+00,4.497155547142028809e-02
1.200193312221349062e+00,4.481934756040573120e-02
1.200544675055289945e+00,4.470142722129821777e-02
1.200895184237165125e+00,4.455034807324409485e-02
1.201244843904897053e+00,4.443244636058807373e-02
1.201593658166393297e+00,4.428298398852348328e-02
1.201941631099838093e+00,4.416733607649803162e-02
1.202288766753976335e+00,4.401786252856254578e-02
1.202635069148398239e+00,4.389157518744468689e-02
1.202980542273817122e+00,4.375663772225379944e-02
1.203325190092345398e+00,4.363821446895599365e-02
1.203669016537768366e+00,4.349349811673164368e-02
1.204012025515812434e+00,4.337552562355995178e-02
1.204354220904411799e+00,4.323462396860122681e-02
1.204695606553972009e+00,4.310730472207069397e-02
1.205036186287628874e+00,4.298387840390205383e-02
1.205375963901505809e+00,4.285445436835289001e-02
1.205714943164967856e+00,4.272362962365150452e-02
1.206053127820873261e+00,4.259591177105903625e-02
1.206390521585819497e+00,4.247530922293663025e-02
1.206727128150390849e+00,4.234979301691055298e-02
1.207062951179397992e+00,4.221669211983680725e-02
1.207397994312119138e+00,4.209251701831817627e-02
1.207732261162537180e+00,4.197265207767486572e-02
1.208065755319571721e+00,4.184762388467788696e-02
1.208398480347311565e+00,4.172210395336151123e-02
1.208730439785242305e+00,4.159560427069664001e-02
1.209061637148473922e+00,4.149669036269187927e-02
1.209392075927962384e+00,4.135117307305335999e-02
1.209721759590731471e+00,4.123794287443161011e-02
1.210050691580090376e+00,4.110763594508171082e-02
1.210378875315849534e+00,4.099704325199127197e-02
1.210706314194534894e+00,4.086682945489883423e-02
1.211033011589597308e+00,4.076186940073966980e-02
1.211358970851622807e+00,4.062686488032341003e-02
1.211684195308537548e+00,4.051464796066284180e-02
1.212008688265811651e+00,4.039125889539718628e-02
1.212332453006661481e+00,4.027150943875312805e-02
1.212655492792247935e+00,4.016550630331039429e-02
1.212977810861875838e+00,4.003856331110000610e-02
1.213299410433185566e+00,3.992421552538871765e-02
1.213620294702348001e+00,3.980164229869842529e-02
1.213940466844254829e+00,3.968656808137893677e-02
1.214259930012706601e+00,3.957813233137130737e-02
1.214578687340598817e+00,3.946914896368980408e-02
1.214896741940107550e+00,3.933979943394660950e-02
1.215214096902870411e+00,3.923732042312622070e-02
1.215530755300167520e+00,3.911210224032402039e-02
1.215846720183099361e+00,3.900863975286483765e-02
1.216161994582764638e+00,3.888596221804618835e-02
1.216476581510432364e+00,3.877357020974159241e-02
1.216790483957715940e+00,3.866761922836303711e-02
1.217103704896745020e+00,3.855037689208984375e-02
1.217416247280330710e+00,3.844293579459190369e-02
1.217728114042136545e+00,3.832509368658065796e-02
1.218039308096841689e+00,3.823436051607131958e-02
1.218349832340304140e+00,3.810402005910873413e-02
1.218659689649723710e+00,3.800442069768905640e-02
1.218968882883800342e+00,3.788496926426887512e-02
1.219277414882894428e+00,3.778906166553497314e-02
1.219585288469181350e+00,3.766635805368423462e-02
1.219892506446807579e+00,3.756654635071754456e-02
1.220199071602043217e+00,3.745070844888687134e-02
1.220504986703434769e+00,3.734329715371131897e-02
1.220810254501953462e+00,3.724306076765060425e-02
1.221114877731144688e+00,3.712712600827217102e-02
1.221418859107275878e+00,3.703914210200309753e-02
1.221722201329479063e+00,3.691396862268447876e-02
1.222024907079897416e+00,3.682148829102516174e-02
1.222326979023826476e+00,3.670290485024452209e-02
1.222628419809853817e+00,3.660500422120094299e-02
1.222929232070001149e+00,3.649368882179260254e-02
1.223229418419859105e+00,3.638878092169761658e-02
1.223528981458726239e+00,3.629359602928161621e-02
1.223827923769742476e+00,3.618051484227180481e-02
1.224126247920023003e+00,3.608808666467666626e-02
1.224423956460791496e+00,3.597337007522583008e-02
1.224721051927509796e+00,3.588682040572166443e-02
1.225017536840008026e+00,3.576779738068580627e-02
1.225313413702613374e+00,3.566903620958328247e-02
1.225608685004275999e+00,3.557364270091056824e-02
1.225903353218694702e+00,3.546436503529548645e-02
1.226197420804443050e+00,3.537434712052345276e-02
1.226490890205089723e+00,3.526045009493827820e-02
1.226783763849322639e+00,3.517161682248115540e-02
1.227076044151067524e+00,3.506128489971160889e-02
1.227367733509609593e+00,3.495949879288673401e-02
1.227658834309709901e+00,3.488411381840705872e-02
1.227949348921723027e+00,3.476130962371826172e-02
1.228239279701712983e+00,3.467571362853050232e-02
1.228528628991567340e+00,3.456431999802589417e-02
1.228817399119111586e+00,3.447411581873893738e-02
1.229105592398220370e+00,3.436916694045066833e-02
1.229393211128929853e+00,3.427975997328758240e-02
1.229680257597547399e+00,3.417514637112617493e-02
1.229966734076759938e+00,3.408445045351982117e-02
1.230252642825743203e+00,3.398281708359718323e-02
1.230537986090267655e+00,3.389005735516548157e-02
1.230822766102804611e+00,3.379565104842185974e-02
1.231106985082631722e+00,3.369540348649024963e-02
1.231390645235935111e+00,3.361331671476364136e-02
1.231673748755914177e+00,3.350452333688735962e-02
1.231956297822881297e+00,3.341104835271835327e-02
1.232238294604364404e+00,3.332663327455520630e-02
1.232519741255205137e+00,3.322318196296691895e-02
1.232800639917659424e+00,3.314238041639328003e-02
1.233080992721493629e+00,3.303582221269607544e-02
1.233360801784081806e+00,3.295893222093582153e-02
1.233640069210502732e+00,3.285048902034759521e-02
1.233918797093633835e+00,3.277274966239929199e-02
1.234196987514246002e+00,3.266746923327445984e-02
1.234474642541095735e+00,3.257818520069122314e-02
1.234751764231018401e+00,3.249096125364303589e-02
1.235028354629019720e+00,3.239339590072631836e-02
1.235304415768365471e+00,3.231818601489067078e-02
1.235579949670672306e+00,3.221213817596435547e-02
1.235854958345995458e+00,3.212832659482955933e-02
1.236129443792917337e+00,3.203500807285308838e-02
1.236403407998634796e+00,3.194398060441017151e-02
1.236676852939044835e+00,3.186327591538429260e-02
1.236949780578830760e+00,3.176457807421684265e-02
1.237222192871547000e+00,3.168860450387001038e-02
1.237494091759701265e+00,3.158923611044883728e-02
1.237765479174840699e+00,3.151166811585426331e-02
1.238036357037631818e+00,3.141517937183380127e-02
1.238306727257941997e+00,3.133738413453102112e-02
1.238576591734922516e+00,3.124025464057922363e-02
1.238845952357085833e+00,3.116232156753540039e-02
1.239114811002387295e+00,3.106781467795372009e-02
1.239383169538301521e+00,3.098012693226337433e-02
1.239651029821901895e+00,3.091679699718952179e-02
1.239918393699936949e+00,3.080900572240352631e-02
1.240185263008907190e+00,3.073662705719470978e-02
1.240451639575139708e+00,3.063868917524814606e-02
1.240717525214864336e+00,3.057176992297172546e-02
1.240982921734288036e+00,3.047014027833938599e-02
1.241247830929667728e+00,3.039992600679397583e-02
1.241512254587382458e+00,3.030339255928993225e-02
1.241776194484008666e+00,3.023113869130611420e-02
1.242039652386388582e+00,3.013608232140541077e-02
1.242302630051703050e+00,3.005236759781837463e-02
1.242565129227541032e+00,2.998955920338630676e-02
1.242827151651969331e+00,2.988869324326515198e-02
1.243088699053602753e+00,2.981201186776161194e-02
1.243349773151670723e+00,2.972278371453285217e-02
1.243610375656086786e+00,2.965681999921798706e-02
1.243870508267514330e+00,2.956021018326282501e-02
1.244130172677434087e+00,2.949253469705581665e-02
1.244389370568210085e+00,2.939783781766891479e-02
1.244648103613155365e+00,2.932587824761867523e-02
1.244906373476595274e+00,2.923831716179847717e-02
1.245164181813933180e+00,2.915884368121623993e-02
1.245421530271714428e+00,2.908392809331417084e-02
1.245678420487687399e+00,2.899719774723052979e-02
1.245934854090868127e+00,2.893338911235332489e-02
1.246190832701601803e+00,2.883918955922126770e-02
1.246446357931622950e+00,2.876590564846992493e-02
1.246701431384118264e+00,2.868344075977802277e-02
1.246956054653785673e+00,2.860366180539131165e-02
1.247210229326893849e+00,2.853666990995407104e-02
1.247463956981342825e+00,2.844778448343276978e-02
1.247717239186721727e+00,2.837882004678249359e-02
1.247970077504367836e+00,2.829177118837833405e-02
1.248222473487422990e+00,2.823191508650779724e-02
1.248474428680892645e+00,2.813814021646976471e-02
1.248725944621701167e+00,2.806103229522705078e-02
1.248977022838748452e+00,2.799859270453453064e-02
1.249227664852966102e+00,2.791413478553295135e-02
1.249477872177372495e+00,2.783407457172870636e-02
1.249727646317127405e+00,2.776115573942661285e-02
1.249976988769586406e+00,2.768308296799659729e-02
1.250225901024355046e+00,2.760769613087177277e-02
1.250474384563341479e+00,2.753754891455173492e-02
1.250722440860810192e+00,2.745775133371353149e-02
1.250970071383434190e+00,2.739005722105503082e-02
1.251217277590347399e+00,2.730754390358924866e-02
1.251464060933195066e+00,2.725064568221569061e-02
1.251710422856185945e+00,2.715971320867538452e-02
1.251956364796143806e+00,2.708703838288784027e-02
1.252201888182555178e+00,2.701757475733757019e-02
1.252446994437621530e+00,2.694441750645637512e-02
1.252691684976307895e+00,2.686917409300804138e-02
1.252935961206391724e+00,2.679410390555858612e-02
1.253179824528511510e+00,2.673938497900962830e-02
1.253423276336215419e+00,2.664938010275363922e-02
1.253666318016008585e+00,2.658874355256557465e-02
1.253908950947400402e+00,2.650641463696956635e-02
1.254151176502952270e+00,2.644028887152671814e-02
1.254392996048323106e+00,2.636555768549442291e-02
1.254634410942316425e+00,2.629565633833408356e-02
1.254875422536925855e+00,2.622454985976219177e-02
1.255116032177380436e+00,2.614983171224594116e-02
1.255356241202189693e+00,2.609607391059398651e-02
1.255596050943188713e+00,2.600897476077079773e-02
1.255835462725581664e+00,2.594945579767227173e-02
1.256074477867986872e+00,2.586928941309452057e-02
1.256313097682478785e+00,2.580382674932479858e-02
1.256551323474633053e+00,2.573173120617866516e-02
1.256789156543567820e+00,2.566796541213989258e-02
1.257026598181987476e+00,2.559355646371841431e-02
1.257263649676223727e+00,2.552455477416515350e-02
1.257500312306277790e+00,2.546321414411067963e-02
1.257736587345863022e+00,2.538739331066608429e-02
1.257972476062443112e+00,2.533251605927944183e-02
1.258207979717276714e+00,2.525073848664760590e-02
1.258443099565454970e+00,2.518375962972640991e-02
1.258677836855942589e+00,2.512271143496036530e-02
1.258912192831618260e+00,2.505132742226123810e-02
1.259146168729312620e+00,2.498502470552921295e-02
1.259379765779849336e+00,2.491564303636550903e-02
1.259612985208082847e+00,2.485784888267517090e-02
1.259845828232936560e+00,2.478148415684700012e-02
1.260078296067441928e+00,2.472564578056335449e-02
1.260310389918775975e+00,2.464970573782920837e-02
1.260542110988298603e+00,2.458976022899150848e-02
1.260773460471590779e+00,2.451925352215766907e-02
1.261004439558490509e+00,2.445310540497303009e-02
1.261235049433130584e+00,2.439650334417819977e-02
1.261465291273973666e+00,2.432345598936080933e-02
1.261695166253850031e+00,2.426843531429767609e-02
1.261924675539992435e+00,2.419358678162097931e-02
1.262153820294071416e+00,2.414353191852569580e-02
1.262382601672231264e+00,2.406499348580837250e-02
1.262611020825124886e+00,2.400563471019268036e-02
1.262839078897948220e+00,2.393951639533042908e-02
1.263066777030474874e+00,2.387422509491443634e-02
1.263294116357090768e+00,2.382307127118110657e-02
1.263521098006826993e+00,2.374738454818725586e-02
1.263747723103393561e+00,2.369295433163642883e-02
1.263973992765214938e+00,2.362188883125782013e-02
1.264199908105460013e+00,2.356904931366443634e-02
1.264425470232076965e+00,2.349715121090412140e-02
1.264650680247825010e+00,2.343579940497875214e-02
1.264875539250307268e+00,2.337725460529327393e-02
1.265100048332003180e+00,2.331049181520938873e-02
1.265324208580299148e+00,2.325619012117385864e-02
1.265548021077520513e+00,2.318808622658252716e-02
1.265771486900963971e+00,2.312587760388851166e-02
1.265994607122928217e+00,2.308059111237525940e-02
1.266217382810743253e+00,2.300389297306537628e-02
1.266439815026803473e+00,2.294690720736980438e-02
1.266661904828596308e+00,2.288429811596870422e-02
1.266883653268733090e+00,2.282178960740566254e-02
1.267105061394978804e+00,2.277657017111778259e-02
1.267326130250282290e+00,2.270200662314891815e-02
1.267546860872804881e+00,2.265522442758083344e-02
1.267767254295949497e+00,2.258262038230895996e-02
1.267987311548391727e+00,2.252349443733692169e-02
1.268207033654106031e+00,2.247114852070808411e-02
1.268426421632395718e+00,2.240427769720554352e-02
1.268645476497920699e+00,2.236220613121986389e-02
1.268864199260726799e+00,2.228682115674018860e-02
1.269082590926272180e+00,2.223539538681507111e-02
1.269300652495456205e+00,2.216974645853042603e-02
1.269518384964646085e+00,2.212239056825637817e-02
1.269735789325705300e+00,2.205316722393035889e-02
1.269952866566019800e+00,2.200952172279357910e-02
1.270169617668524653e+00,2.193792350590229034e-02
1.270386043611732019e+00,2.188790217041969299e-02
1.270602145369756464e+00,2.182360552251338959e-02
1.270817923912341607e+00,2.176626212894916534e-02
1.271033380204887209e+00,2.171886898577213287e-02
1.271248515208473151e+00,2.165172621607780457e-02
1.271463329879886528e+00,2.161180414259433746e-02
1.271677825171647402e+00,2.153912931680679321e-02
1.271892002032032787e+00,2.149342931807041168e-02
1.272105861405103289e+00,2.142707072198390961e-02
1.272319404230726869e+00,2.137212827801704407e-02
1.272532631444604823e+00,2.131863683462142944e-02
1.272745543978294869e+00,2.125928364694118500e-02
1.272958142759237576e+00,2.121862955391407013e-02
1.273170428710778346e+00,2.114848606288433075e-02
1.273382402752193165e+00,2.109859511256217957e-02
1.273594065798711927e+00,2.103928104043006897e-02
1.273805418761541519e+00,2.098407223820686340e-02
1.274016462547890916e+00,2.093600481748580933e-02
1.274227198060993160e+00,2.087628096342086792e-02
1.274437626200128459e+00,2.082424424588680267e-02
1.274647747860648606e+00,2.076708525419235229e-02
1.274857563933998295e+00,2.072043716907501221e-02
1.275067075307738662e+00,2.065923623740673065e-02
1.275276282865570376e+00,2.061076834797859192e-02
1.275485187487354288e+00,2.055125497281551361e-02
1.275693790049134968e+00,2.049761638045310974e-02
1.275902091423162021e+00,2.045338600873947144e-02
1.276110092477913405e+00,2.039187960326671600e-02
1.276317794078114742e+00,2.033808454871177673e-02
1.276525197084763530e+00,2.029859088361263275e-02
1.276732302355148230e+00,2.023260295391082764e-02
1.276939110742870920e+00,2.018133550882339478e-02
1.277145623097868166e+00,2.013109438121318817e-02
1.277351840266432115e+00,2.007468976080417633e-02
1.277557763091230258e+00,2.002544514834880829e-02
1.277763392411327636e+00,1.997265592217445374e-02
1.277968729062206377e+00,1.992992125451564789e-02
1.278173773875786123e+00,1.986828632652759552e-02
1.278378527680444243e+00,1.981748081743717194e-02
1.278582991301037142e+00,1.977133192121982574e-02
1.278787165558917804e+00,1.971723325550556183e-02
1.278991051271957557e+00,1.966529712080955505e-02
1.279194649254565386e+00,1.961644925177097321e-02
1.279397960317706362e+00,1.956569403409957886e-02
1.279600985268922742e+00,1.951409317553043365e-02
1.279803724912351504e+00,1.946681179106235504e-02
1.280006180048745001e+00,1.941313408315181732e-02
1.280208351475488948e+00,1.936841942369937897e-02
1.280410239986620624e+00,1.931210421025753021e-02
1.280611846372850193e+00,1.926623284816741943e-02
1.280813171421576024e+00,1.921467110514640808e-02
1.281014215916905119e+00,1.916531100869178772e-02
1.281214980639671985e+00,1.912046782672405243e-02
1.281415466367454181e+00,1.906738802790641785e-02
1.281615673874592964e+00,1.902183517813682556e-02
1.281815603932210390e+00,1.896958239376544952e-02
1.282015257308227296e+00,1.892263442277908325e-02
1.282214634767379735e+00,1.887472532689571381e-02
1.282413737071238513e+00,1.882192119956016541e-02
1.282612564978225400e+00,1.878601312637329102e-02
1.282811119243630893e+00,1.872524991631507874e-02
1.283009400619631313e+00,1.867742836475372314e-02
1.283207409855305459e+00,1.864465512335300446e-02
1.283405147696652815e+00,1.858173124492168427e-02
1.283602614886609095e+00,1.854569278657436371e-02
1.283799812165063337e+00,1.848739199340343475e-02
1.283996740268875225e+00,1.845016889274120331e-02
1.284193399931891078e+00,1.839328929781913757e-02
1.284389791884960053e+00,1.835383474826812744e-02
1.284585916855950805e+00,1.830068230628967285e-02
1.284781775569767026e+00,1.825687848031520844e-02
1.284977368748365212e+00,1.820815168321132660e-02
1.285172697110768425e+00,1.816185191273689270e-02
1.285367761373083395e+00,1.811846345663070679e-02
1.285562562248516727e+00,1.806747540831565857e-02
1.285757100447388890e+00,1.802918128669261932e-02
1.285951376677151314e+00,1.797531358897686005e-02
1.286145391642401270e+00,1.793704554438591003e-02
1.286339146044897186e+00,1.788403093814849854e-02
1.286532640583573306e+00,1.783799193799495697e-02
1.286725875954556786e+00,1.779633574187755585e-02
1.286918852851179906e+00,1.774821057915687561e-02
1.287111571963996948e+00,1.771334558725357056e-02
1.287304033980798623e+00,1.765790022909641266e-02
1.287496239586626512e+00,1.762111857533454895e-02
1.287688189463788380e+00,1.756909675896167755e-02
1.287879884291871058e+00,1.752515137195587158e-02
1.288071324747757096e+00,1.748475246131420135e-02
1.288262511505637420e+00,1.743496581912040710e-02
1.288453445237026873e+00,1.739057339727878571e-02
1.288644126610776652e+00,1.735821925103664398e-02
1.288834556293090072e+00,1.730267517268657684e-02
1.289024734947535888e+00,1.726767048239707947e-02
1.289214663235061620e+00,1.721508800983428955e-02
1.289404341814007982e+00,1.718397811055183411e-02
1.289593771340123318e+00,1.712797209620475769e-02
1.289782952466574706e+00,1.709039323031902313e-02
1.289971885843964605e+00,1.704260520637035370e-02
1.290160572120341742e+00,1.699868403375148773e-02
1.290349011941215984e+00,1.696472615003585815e-02
1.290537205949570998e+00,1.691295392811298370e-02
1.290725154785877127e+00,1.687998138368129730e-02
1.290912859088105380e+00,1.682763546705245972e-02
1.291100319491739645e+00,1.678517274558544159e-02
1.291287536629789789e+00,1.675770059227943420e-02
1.291474511132804315e+00,1.670072600245475769e-02
1.291661243628883682e+00,1.667083799839019775e-02
1.291847734743692300e+00,1.661686785519123077e-02
1.292033985100471183e+00,1.658442243933677673e-02
1.292219995320051940e+00,1.653309538960456848e-02
1.292405766020866098e+00,1.649840921163558960e-02
1.292591297818960649e+00,1.645095087587833405e-02
1.292776591328008040e+00,1.641040667891502380e-02
1.292961647159319938e+00,1.637126505374908447e-02
1.293146465921857891e+00,1.632967405021190643e-02
1.293331048222246871e+00,1.628844626247882843e-02
1.293515394664785267e+00,1.624534279108047485e-02
1.293699505851459541e+00,1.621038094162940979e-02
1.293883382381952885e+00,1.616351492702960968e-02
1.294067024853659653e+00,1.613049954175949097e-02
1.294250433861694694e+00,1.608208194375038147e-02
1.294433609998906887e+00,1.604915782809257507e-02
1.294616553855889585e+00,1.600150950253009796e-02
1.294799266020991713e+00,1.596066728234291077e-02
1.294981747080330203e+00,1.593117043375968933e-02
1.295163997617800877e+00,1.588105410337448120e-02
1.295346018215089101e+00,1.585070230066776276e-02
1.295527809451681778e+00,1.580155268311500549e-02
1.295709371904876894e+00,1.576639339327812195e-02
1.295890706149796845e+00,1.572365500032901764e-02
1.296071812759397757e+00,1.568407751619815826e-02
1.296252692304480147e+00,1.565027423202991486e-02
1.296433345353701139e+00,1.560691930353641510e-02
1.296613772473583559e+00,1.557005569338798523e-02
1.296793974228527491e+00,1.552799902856349945e-02
1.296973951180821594e+00,1.549521926790475845e-02
1.297153703890651544e+00,1.545018609613180161e-02
1.297333232916112467e+00,1.541782170534133911e-02
1.297512538813218486e+00,1.537376362830400467e-02
1.297691622135913159e+00,1.534099690616130829e-02
1.297870483436079470e+00,1.529638469219207764e-02
1.298049123263550930e+00,1.525777671486139297e-02
1.298227542166120241e+00,1.521985698491334915e-02
1.298405740689550836e+00,1.518771797418594360e-02
1.298583719377586654e+00,1.514942012727260590e-02
1.298761478771960576e+00,1.510649640113115311e-02
1.298939019412406637e+00,1.507278066128492355e-02
1.299116341836668020e+00,1.503225229680538177e-02
1.299293446580508160e+00,1.499402895569801331e-02
1.299470334177718511e+00,1.496194768697023392e-02
1.299647005160131208e+00,1.491912454366683960e-02
1.299823460057625502e+00,1.488829031586647034e-02
1.299999699398139974e+00,1.484574284404516220e-02
1.300175723707679420e+00,1.480874326080083847e-02
1.300351533510326618e+00,1.477780751883983612e-02
1.300527129328250764e+00,1.473436504602432251e-02
1.300702511681716134e+00,1.470768358558416367e-02
1.300877681089092075e+00,1.466151978820562363e-02
1.301052638066862555e+00,1.462550647556781769e-02
1.301227383129633708e+00,1.459761336445808411e-02
1.301401916790145386e+00,1.455264817923307419e-02
1.301576239559277592e+00,1.451777759939432144e-02
1.301750351946061368e+00,1.448193285614252090e-02
1.301924254457686558e+00,1.444861758500337601e-02
1.302097947599511363e+00,1.440974418073892593e-02
1.302271431875070773e+00,1.437360234558582306e-02
1.302444707786085898e+00,1.434190664440393448e-02
1.302617775832471514e+00,1.430156547576189041e-02
1.302790636512345834e+00,1.427663397043943405e-02
1.302963290322038503e+00,1.423086971044540405e-02
1.303135737756100143e+00,1.419912185519933701e-02
1.303307979307308573e+00,1.416133809834718704e-02
1.303480015466680131e+00,1.412705611437559128e-02
1.303651846723475893e+00,1.409272756427526474e-02
1.303823473565211000e+00,1.405759528279304504e-02
1.303994896477663534e+00,1.402272284030914307e-02
1.304166115944880744e+00,1.398810651153326035e-02
1.304337132449189030e+00,1.395423058420419693e-02
1.304507946471202384e+00,1.391753461211919785e-02
1.304678558489828166e+00,1.388874650001525879e-02
1.304848968982277757e+00,1.384834107011556625e-02
1.305019178424073223e+00,1.382146868854761124e-02
1.305189187289055530e+00,1.378085277974605560e-02
1.305358996049392761e+00,1.375175174325704575e-02
1.305528605175586776e+00,1.371343340724706650e-02
1.305698015136483647e+00,1.367907412350177765e-02
1.305867226399277436e+00,1.364976726472377777e-02
1.306036239429522405e+00,1.361118443310260773e-02
1.306205054691137457e+00,1.358533278107643127e-02
1.306373672646415018e+00,1.354368589818477631e-02
1.306542093756028144e+00,1.351842656731605530e-02
1.306710318479038957e+00,1.347716059535741806e-02
1.306878347272905083e+00,1.344812568277120590e-02
1.307046180593488538e+00,1.341162994503974915e-02
1.307213818895060831e+00,1.338319946080446243e-02
1.307381262630313179e+00,1.334557961672544479e-02
1.307548512250361394e+00,1.331366505473852158e-02
1.307715568204754319e+00,1.328190416097640991e-02
1.307882430941481156e+00,1.324676442891359329e-02
1.308049100906978568e+00,1.321476604789495468e-02
1.308215578546137792e+00,1.318497862666845322e-02
1.308381864302311293e+00,1.314888242632150650e-02
1.308547958617320761e+00,1.312961988151073456e-02
1.308713861931463107e+00,1.308479905128479004e-02
1.308879574683518454e+00,1.305916998535394669e-02
1.309045097310756578e+00,1.302038040012121201e-02
1.309210430248943791e+00,1.299733575433492661e-02
1.309375573932350267e+00,1.295634545385837555e-02
1.309540528793756042e+00,1.293316017836332321e-02
1.309705295264458780e+00,1.289322134107351303e-02
1.309869873774280213e+00,1.286327373236417770e-02
1.310034264751572364e+00,1.283297874033451080e-02
1.310198468623224644e+00,1.280189771205186844e-02
1.310362485814670963e+00,1.276867650449275970e-02
1.310526316749895281e+00,1.273887418210506439e-02
1.310689961851439378e+00,1.270676124840974808e-02
1.310853421540408181e+00,1.267526485025882721e-02
1.311016696236477763e+00,1.264730840921401978e-02
1.311179786357899557e+00,1.261283177882432938e-02
1.311342692321509462e+00,1.258554495871067047e-02
1.311505414542732284e+00,1.255121082067489624e-02
1.311667953435588840e+00,1.252284459769725800e-02
1.311830309412702400e+00,1.249075308442115784e-02
1.311992482885304234e+00,1.245947834104299545e-02
1.312154474263240722e+00,1.243176963180303574e-02
1.312316283954979346e+00,1.239813957363367081e-02
1.312477912367614463e+00,1.237343717366456985e-02
1.312639359906873970e+00,1.233741920441389084e-02
1.312800626977125074e+00,1.230767834931612015e-02
1.312961713981379841e+00,1.228272914886474609e-02
1.313122621321302974e+00,1.224711630493402481e-02
1.313283349397216249e+00,1.222534943372011185e-02
1.313443898608104510e+00,1.218746416270732880e-02
1.313604269351623000e+00,1.215925533324480057e-02
1.313764462024101354e+00,1.212940178811550140e-02
1.313924477020550929e+00,1.209954358637332916e-02
1.314084314734670356e+00,1.207146234810352325e-02
1.314243975558850863e+00,1.204005535691976547e-02
1.314403459884182057e+00,1.201917231082916260e-02
1.314562768100458579e+00,1.198124606162309647e-02
1.314721900596185433e+00,1.195783354341983795e-02
1.314880857758582211e+00,1.192348077893257141e-02
1.315039639973591301e+00,1.189461909234523773e-02
1.315198247625881445e+00,1.186852063983678818e-02
1.315356681098854175e+00,1.183623168617486954e-02
1.315514940774650032e+00,1.181842479854822159e-02
1.315673027034151898e+00,1.177909318357706070e-02
1.315830940256992987e+00,1.175661850720643997e-02
1.315988680821561507e+00,1.172222290188074112e-02
1.316146249105005106e+00,1.169760525226593018e-02
1.316303645483237084e+00,1.166684739291667938e-02
1.316460870330942168e+00,1.163765694946050644e-02
1.316617924021581176e+00,1.161449588835239410e-02
1.316774806927397012e+00,1.158185303211212158e-02
1.316931519419418661e+00,1.155726425349712372e-02
1.317088061867468074e+00,1.152651384472846985e-02
1.317244434640164608e+00,1.150059141218662262e-02
1.317400638104929689e+00,1.147074345499277115e-02
1.317556672627993253e+00,1.144403405487537384e-02
1.317712538574397962e+00,1.141628809273242950e-02
1.317868236308004537e+00,1.138696260750293732e-02
1.318023766191497081e+00,1.136287674307823181e-02
1.318179128586388194e+00,1.133127231150865555e-02
1.318334323853022738e+00,1.131002325564622879e-02
1.318489352350585175e+00,1.127590797841548920e-02
1.318644214437103113e+00,1.124845445156097412e-02
1.318798910469451746e+00,1.122461818158626556e-02
1.318953440803359856e+00,1.119489874690771103e-02
1.319107805793414689e+00,1.117181964218616486e-02
1.319262005793065962e+00,1.114225573837757111e-02
1.319416041154632069e+00,1.111596170812845230e-02
1.319569912229302533e+00,1.108881179243326187e-02
1.319723619367146661e+00,1.106240507215261459e-02
1.319877162917113766e+00,1.103554852306842804e-02
1.320030543227042052e+00,1.101076137274503708e-02
1.320183760643659943e+00,1.098205056041479111e-02
1.320336815512593631e+00,1.095710694789886475e-02
1.320489708178369748e+00,1.092819869518280029e-02
1.320642438984420464e+00,1.090469211339950562e-02
1.320795008273089488e+00,1.087611727416515350e-02
1.320947416385634288e+00,1.085052452981472015e-02
1.321099663662232748e+00,1.082504261285066605e-02
1.321251750441986728e+00,1.079640258103609085e-02
1.321403677062926718e+00,1.077337190508842468e-02
1.321555443862016288e+00,1.074533350765705109e-02
1.321707051175156966e+00,1.071854494512081146e-02
1.321858499337192461e+00,1.070119626820087433e-02
1.322009788681912879e+00,1.066760998219251633e-02
1.322160919542059165e+00,1.064517349004745483e-02
1.322311892249328213e+00,1.061575300991535187e-02
1.322462707134375970e+00,1.059389114379882812e-02
1.322613364526823210e+00,1.056520640850067139e-02
1.322763864755258645e+00,1.054363884031772614e-02
1.322914208147244031e+00,1.051450427621603012e-02
1.323064395029317941e+00,1.049008872359991074e-02
1.323214425726999988e+00,1.046588271856307983e-02
1.323364300564795926e+00,1.043898612260818481e-02
1.323514019866200320e+00,1.041855663061141968e-02
1.323663583953702760e+00,1.038918644189834595e-02
1.323812993148789863e+00,1.037005241960287094e-02
1.323962247771951262e+00,1.033958699554204941e-02
1.324111348142682054e+00,1.031857728958129883e-02
1.324260294579488573e+00,1.028981618583202362e-02
1.324409087399891272e+00,1.026486512273550034e-02
1.324557726920429612e+00,1.024736464023590088e-02
1.324706213456664949e+00,1.021566614508628845e-02
1.324854547323185860e+00,1.019893493503332138e-02
1.325002728833611476e+00,1.016694959253072739e-02
1.325150758300595699e+00,1.014829054474830627e-02
1.325298636035830091e+00,1.011845655739307404e-02
1.325446362350050089e+00,1.009725127369165421e-02
1.325593937553036339e+00,1.007060706615447998e-02
1.325741361953621134e+00,1.004739012569189072e-02
1.325888635859689302e+00,1.002335920929908752e-02
1.326035759578185536e+00,9.998174384236335754e-03
1.326182733415115056e+00,9.978835470974445343e-03
1.326329557675549387e+00,9.950294159352779388e-03
1.326476232663629684e+00,9.932332672178745270e-03
1.326622758682570291e+00,9.903623722493648529e-03
1.326769136034662067e+00,9.883271530270576477e-03
1.326915365021277493e+00,9.856098331511020660e-03
1.327061445942873563e+00,9.834629483520984650e-03
1.327207379098994666e+00,9.809685871005058289e-03
1.327353164788278139e+00,9.784875437617301941e-03
1.327498803308456043e+00,9.767855517566204071e-03
1.327644294956360493e+00,9.738422930240631104e-03
1.327789640027925211e+00,9.716476313769817352e-03
1.327934838818192187e+00,9.693834930658340454e-03
1.328079891621312125e+00,9.668763726949691772e-03
1.328224798730549328e+00,9.652487002313137054e-03
1.328369560438286356e+00,9.622645564377307892e-03
1.328514177036025590e+00,9.603505022823810577e-03
1.328658648814394327e+00,9.577087126672267914e-03
1.328802976063146568e+00,9.555164724588394165e-03
1.328947159071168782e+00,9.533923119306564331e-03
1.329091198126481910e+00,9.510936215519905090e-03
1.329235093516244248e+00,9.487856179475784302e-03
1.329378845526756781e+00,9.465621784329414368e-03
1.329522454443464730e+00,9.442769922316074371e-03
1.329665920550962221e+00,9.419095702469348907e-03
1.329809244132994950e+00,9.400187060236930847e-03
1.329952425472463950e+00,9.373483248054981232e-03
1.330095464851428266e+00,9.355096146464347839e-03
1.330238362551110054e+00,9.329452179372310638e-03
1.330381118851895250e+00,9.307359345257282257e-03
1.330523734033339345e+00,9.288278408348560333e-03
1.330666208374168491e+00,9.262222796678543091e-03
1.330808542152285057e+00,9.240583516657352448e-03
1.330950735644769178e+00,9.223978966474533081e-03
1.331092789127881870e+00,9.197641164064407349e-03
1.331234702877070353e+00,9.175778366625308990e-03
1.331376477166968719e+00,9.153269231319427490e-03
1.331518112271402154e+00,9.134814143180847168e-03
1.331659608463390709e+00,9.109500795602798462e-03
1.331800966015151744e+00,9.091771207749843597e-03
1.331942185198102813e+00,9.067173115909099579e-03
1.332083266282866107e+00,9.046323597431182861e-03
1.332224209539269566e+00,9.023188613355159760e-03
1.332365015236351979e+00,9.006623178720474243e-03
1.332505683642364769e+00,8.980316109955310822e-03
1.332646215024775538e+00,8.963372558355331421e-03
1.332786609650270959e+00,8.938427083194255829e-03
1.332926867784759661e+00,8.921176195144653320e-03
1.333066989693376003e+00,8.895524777472019196e-03
1.333206975640482517e+00,8.877521380782127380e-03
1.333346825889672571e+00,8.853623643517494202e-03
1.333486540703773482e+00,8.834002539515495300e-03
1.333626120344850507e+00,8.812608197331428528e-03
1.333765565074208848e+00,8.792544715106487274e-03
1.333904875152396086e+00,8.771017193794250488e-03
1.334044050839206408e+00,8.748748339712619781e-03
1.334183092393682601e+00,8.733312599360942841e-03
1.334322000074118941e+00,8.706996217370033264e-03
1.334460774138064965e+00,8.688589558005332947e-03
1.334599414842327025e+00,8.666520006954669952e-03
1.334737922442972513e+00,8.645572699606418610e-03
1.334876297195331407e+00,8.628083392977714539e-03
1.335014539354000274e+00,8.604091592133045197e-03
1.335152649172843820e+00,8.586884476244449615e-03
1.335290626904998890e+00,8.563874289393424988e-03
1.335428472802876465e+00,8.544969372451305389e-03
1.335566187118164994e+00,8.523380383849143982e-03
1.335703770101832610e+00,8.505217730998992920e-03
1.335841222004130024e+00,8.482743985950946808e-03
1.335978543074593627e+00,8.464414626359939575e-03
1.336115733562047936e+00,8.443367667496204376e-03
1.336252793714607590e+00,8.425266481935977936e-03
1.336389723779682237e+00,8.403156884014606476e-03
1.336526524003975869e+00,8.384736254811286926e-03
1.336663194633493257e+00,8.363666944205760956e-03
1.336799735913538845e+00,8.344508707523345947e-03
1.336936148088722742e+00,8.325314149260520935e-03
1.337072431402960948e+00,8.304522372782230377e-03
1.337208586099479346e+00,8.286518976092338562e-03
1.337344612420815260e+00,8.265529759228229523e-03
1.337480510608821671e+00,8.247438818216323853e-03
1.337616280904667443e+00,8.225455880165100098e-03
1.337751923548842203e+00,8.211023174226284027e-03
1.337887438781157456e+00,8.186636492609977722e-03
1.338022826840749469e+00,8.166891522705554962e-03
1.338158087966082377e+00,8.148545399308204651e-03
1.338293222394949744e+00,8.129400201141834259e-03
1.338428230364477445e+00,8.113674819469451904e-03
1.338563112111126996e+00,8.090273477137088776e-03
1.338697867870696223e+00,8.073788136243820190e-03
1.338832497878324368e+00,8.052775636315345764e-03
1.338967002368491199e+00,8.037448860704898834e-03
1.339101381575022343e+00,8.014538325369358063e-03
1.339235635731090834e+00,7.998670451343059540e-03
1.339369765069218676e+00,7.977113127708435059e-03
1.339503769821280388e+00,7.960830815136432648e-03
1.339637650218504561e+00,7.939577102661132812e-03
1.339771406491476746e+00,7.922553457319736481e-03
1.339905038870142562e+00,7.902893237769603729e-03
1.340038547583808137e+00,7.883398793637752533e-03
1.340171932861143889e+00,7.866749539971351624e-03
1.340305194930186738e+00,7.846741937100887299e-03
1.340438334018342781e+00,7.829932495951652527e-03
1.340571350352387503e+00,7.809143047779798508e-03
1.340704244158471559e+00,7.794586010277271271e-03
1.340837015662120324e+00,7.772120647132396698e-03
1.340969665088237006e+00,7.755083497613668442e-03
1.341102192661105308e+00,7.736964151263237000e-03
1.341234598604391204e+00,7.718075532466173172e-03
1.341366883141145383e+00,7.701284717768430710e-03
1.341499046493805913e+00,7.681437302380800247e-03
1.341631088884200018e+00,7.666355930268764496e-03
1.341763010533545852e+00,7.645073346793651581e-03
1.341894811662455389e+00,7.629919797182083130e-03
1.342026492490937750e+00,7.609609980136156082e-03
1.342158053238398319e+00,7.593823131173849106e-03
1.342289494123643845e+00,7.573748473078012466e-03
1.342420815364883779e+00,7.556920405477285385e-03
1.342552017179731383e+00,7.539675571024417877e-03
1.342683099785207501e+00,7.520420476794242859e-03
1.342814063397741453e+00,7.504701148718595505e-03
1.342944908233174139e+00,7.485088892281055450e-03
1.343075634506759819e+00,7.469004485756158829e-03
1.343206242433166997e+00,7.450958248227834702e-03
1.343336732226483088e+00,7.432656828314065933e-03
1.343467104100214637e+00,7.416752632707357407e-03
1.343597358267289099e+00,7.397195324301719666e-03
1.343727494940059275e+00,7.381000556051731110e-03
1.343857514330302649e+00,7.364552933722734451e-03
1.343987416649224498e+00,7.345498539507389069e-03
1.344117202107461662e+00,7.329742424190044403e-03
1.344246870915080772e+00,7.311990950256586075e-03
1.344376423281584243e+00,7.295054383575916290e-03
1.344505859415909832e+00,7.277697790414094925e-03
1.344635179526433966e+00,7.259334437549114227e-03
1.344764383820972853e+00,7.245560176670551300e-03
1.344893472506784704e+00,7.224946282804012299e-03
1.345022445790572174e+00,7.211105898022651672e-03
1.345151303878484361e+00,7.191747892647981644e-03
1.345280046976117694e+00,7.177166640758514404e-03
1.345408675288519040e+00,7.158181630074977875e-03
1.345537189020187263e+00,7.141653448343276978e-03
1.345665588375075883e+00,7.126191630959510803e-03
1.345793873556593301e+00,7.107862737029790878e-03
1.345922044767605907e+00,7.092782296240329742e-03
1.346050102210440969e+00,7.075018249452114105e-03
1.346178046086886404e+00,7.060095202177762985e-03
1.346305876598193674e+00,7.041105534881353378e-03
1.346433593945080665e+00,7.026116829365491867e-03
1.346561198327732134e+00,7.008960004895925522e-03
1.346688689945801487e+00,6.993165239691734314e-03
1.346816068998414551e+00,6.975817494094371796e-03
1.346943335684169574e+00,6.958556827157735825e-03
1.347070490201139448e+00,6.948766764253377914e-03
1.347197532746873927e+00,6.926557049155235291e-03
1.347324463518401627e+00,6.911750417202711105e-03
1.347451282712231357e+00,6.893777288496494293e-03
1.347577990524354119e+00,6.882459856569766998e-03
1.347704587150245326e+00,6.861250847578048706e-03
1.347831072784865469e+00,6.847996264696121216e-03
1.347957447622663896e+00,6.829662714153528214e-03
1.348083711857577915e+00,6.813325453549623489e-03
1.348209865683037245e+00,6.803147494792938232e-03
1.348335909291964896e+00,6.781584117561578751e-03
1.348461842876776950e+00,6.770004052668809891e-03
1.348587666629387671e+00,6.749939639121294022e-03
1.348713380741209056e+00,6.738740485161542892e-03
1.348838985403153057e+00,6.718418560922145844e-03
1.348964480805634025e+00,6.705132778733968735e-03
1.349089867138568710e+00,6.687280721962451935e-03
1.349215144591380255e+00,6.671256851404905319e-03
1.349340313352998200e+00,6.660284940153360367e-03
1.349465373611860475e+00,6.640016101300716400e-03
1.349590325555916293e+00,6.630451884120702744e-03
1.349715169372625923e+00,6.609172560274600983e-03
1.349839905248964467e+00,6.598211359232664108e-03
1.349964533371421416e+00,6.578277330845594406e-03
1.350089053926003979e+00,6.563091650605201721e-03
1.350213467098238196e+00,6.551008671522140503e-03
1.350337773073170045e+00,6.532597355544567108e-03
1.350461972035368108e+00,6.520385388284921646e-03
1.350586064168924683e+00,6.502283271402120590e-03
1.350710049657456890e+00,6.490110419690608978e-03
1.350833928684109564e+00,6.471408065408468246e-03
1.350957701431555691e+00,6.460564211010932922e-03
1.351081368081998635e+00,6.441386416554450989e-03
1.351204928817173689e+00,6.426388397812843323e-03
1.351328383818349410e+00,6.414704024791717529e-03
1.351451733266329613e+00,6.396255921572446823e-03
1.351574977341454709e+00,6.386807654052972794e-03
1.351698116223603252e+00,6.366764660924673080e-03
1.351821150092193502e+00,6.356149911880493164e-03
1.351944079126185416e+00,6.337034981697797775e-03
1.352066903504081541e+00,6.327071227133274078e-03
1.352189623403929009e+00,6.307282950729131699e-03
1.352312239003321093e+00,6.293639540672302246e-03
1.352434750479398096e+00,6.278698798269033432e-03
1.352557158008850680e+00,6.264105439186096191e-03
1.352679461767918978e+00,6.250265520066022873e-03
1.352801661932395261e+00,6.236850749701261520e-03
1.352923758677626376e+00,6.220299284905195236e-03
1.353045752178513528e+00,6.207849830389022827e-03
1.353167642609515164e+00,6.190988235175609589e-03
1.353289430144647643e+00,6.177141796797513962e-03
1.353411114957486561e+00,6.163202691823244095e-03
1.353532697221170089e+00,6.147492211312055588e-03
1.353654177108396750e+00,6.137329153716564178e-03
1.353775554791431857e+00,6.119122728705406189e-03
1.353896830442104182e+00,6.108222529292106628e-03
1.354018004231810401e+00,6.090753246098756790e-03
1.354139076331515756e+00,6.076419726014137268e-03
1.354260046911754944e+00,6.065465044230222702e-03
1.354380916142634783e+00,6.048152688890695572e-03
1.354501684193834210e+00,6.038642488420009613e-03
1.354622351234606503e+00,6.020059343427419662e-03
1.354742917433781058e+00,6.010578013956546783e-03
1.354863382959763607e+00,5.992002785205841064e-03
1.354983747980539333e+00,5.982481874525547028e-03
1.355104012663672641e+00,5.964089184999465942e-03
1.355224177176309164e+00,5.954940803349018097e-03
1.355344241685177531e+00,5.936465226113796234e-03
1.355464206356590928e+00,5.927058868110179901e-03
1.355584071356446429e+00,5.909122060984373093e-03
1.355703836850229660e+00,5.898542702198028564e-03
1.355823503003013908e+00,5.881603807210922241e-03
1.355943069979461457e+00,5.871215369552373886e-03
1.356062537943826030e+00,5.854463204741477966e-03
1.356181907059953673e+00,5.842642858624458313e-03
1.356301177491283871e+00,5.827812477946281433e-03
1.356420349400851322e+00,5.816379096359014511e-03
1.356539422951286822e+00,5.800528451800346375e-03
1.356658398304818824e+00,5.787532776594161987e-03
1.356777275623274770e+00,5.774630233645439148e-03
1.356896055068082863e+00,5.760632455348968506e-03
1.357014736800272070e+00,5.747702438384294510e-03
1.357133320980474567e+00,5.733116064220666885e-03
1.357251807768927288e+00,5.723623093217611313e-03
1.357370197325472150e+00,5.706539843231439590e-03
1.357488489809558274e+00,5.695452913641929626e-03
1.357606685380242206e+00,5.681016482412815094e-03
1.357724784196190360e+00,5.669176112860441208e-03
1.357842786415679903e+00,5.654055625200271606e-03
1.357960692196600094e+00,5.642441567033529282e-03
1.358078501696452722e+00,5.628652870655059814e-03
1.358196215072354329e+00,5.615978036075830460e-03
1.358313832481037986e+00,5.602585617452859879e-03
1.358431354078852404e+00,5.589634645730257034e-03
1.358548780021765268e+00,5.576316732913255692e-03
1.358666110465363674e+00,5.562986247241497040e-03
1.358783345564855471e+00,5.552599206566810608e-03
1.358900485475070363e+00,5.537434015423059464e-03
1.359017530350460801e+00,5.525232758373022079e-03
1.359134480345104867e+00,5.512343719601631165e-03
1.359251335612704725e+00,5.499472375959157944e-03
1.359368096306589946e+00,5.486709065735340118e-03
1.359484762579718620e+00,5.473258905112743378e-03
1.359601334584677579e+00,5.461921449750661850e-03
1.359717812473683951e+00,5.447488743811845779e-03
1.359834196398586714e+00,5.434395279735326767e-03
1.359950486510867806e+00,5.427578464150428772e-03
1.360066682961642792e+00,5.409370176494121552e-03
1.360182785901662195e+00,5.401211790740489960e-03
1.360298795481313938e+00,5.384303629398345947e-03
1.360414711850622460e+00,5.374334286898374557e-03
1.360530535159250931e+00,5.359767936170101166e-03
1.360646265556502588e+00,5.348374135792255402e-03
1.360761903191321842e+00,5.335684865713119507e-03
1.360877448212295171e+00,5.322420038282871246e-03
1.360992900767651781e+00,5.312631838023662567e-03
1.361108261005265829e+00,5.298335105180740356e-03
1.361223529072657090e+00,5.287170875817537308e-03
1.361338705116991621e+00,5.273933988064527512e-03
1.361453789285083760e+00,5.261831451207399368e-03
1.361568781723396349e+00,5.249854177236557007e-03
1.361683682578042287e+00,5.236205644905567169e-03
1.361798491994786309e+00,5.226055625826120377e-03
1.361913210119044315e+00,5.212139803916215897e-03
1.362027837095886929e+00,5.202479194849729538e-03
1.362142373070038159e+00,5.188296549022197723e-03
1.362256818185878293e+00,5.177455954253673553e-03
1.362371172587443446e+00,5.164721049368381500e-03
1.362485436418428453e+00,5.153814796358346939e-03
1.362599609822186419e+00,5.140776745975017548e-03
1.362713692941730503e+00,5.129108205437660217e-03
1.362827685919735465e+00,5.117699969559907913e-03
1.362941588898536560e+00,5.104997195303440094e-03
1.363055402020133977e+00,5.094928666949272156e-03
1.363169125426191064e+00,5.080804694443941116e-03
1.363282759258036547e+00,5.073751322925090790e-03
1.363396303656665864e+00,5.057493690401315689e-03
1.363509758762741386e+00,5.048323888331651688e-03
1.363623124716593971e+00,5.034204572439193726e-03
1.363736401658224073e+00,5.026117898523807526e-03
1.363849589727302636e+00,5.011193919926881790e-03
1.363962689063171974e+00,5.002194084227085114e-03
1.364075699804846664e+00,4.988084547221660614e-03
1.364188622091015768e+00,4.979090765118598938e-03
1.364301456060041717e+00,4.964832216501235962e-03
1.364414201849964092e+00,4.953410942107439041e-03
1.364526859598497399e+00,4.946220200508832932e-03
1.364639429443034846e+00,4.930566065013408661e-03
1.364751911520648120e+00,4.921229556202888489e-03
1.364864305968088720e+00,4.907773341983556747e-03
1.364976612921787957e+00,4.899288062006235123e-03
1.365088832517859618e+00,4.885365255177021027e-03
1.365200964892099744e+00,4.874000325798988342e-03
1.365313010179987963e+00,4.865378141403198242e-03
1.365424968516689042e+00,4.851681180298328400e-03
1.365536840037052224e+00,4.842296708375215530e-03
1.365648624875614114e+00,4.829317331314086914e-03
1.365760323166599122e+00,4.820613190531730652e-03
1.365871935043919017e+00,4.807247314602136612e-03
1.365983460641176039e+00,4.797615576535463333e-03
1.366094900091662234e+00,4.785542376339435577e-03
1.366206253528361447e+00,4.776020534336566925e-03
1.366317521083949327e+00,4.763227887451648712e-03
1.366428702890795543e+00,4.754431080073118210e-03
1.366539799080962680e+00,4.741126205772161484e-03
1.366650809786210008e+00,4.731511231511831284e-03
1.366761735137991707e+00,4.719750024378299713e-03
1.366872575267459533e+00,4.709602799266576767e-03
1.366983330305463040e+00,4.697997123003005981e-03
1.367094000382550911e+00,4.687535110861063004e-03
1.367204585628970959e+00,4.676801152527332306e-03
1.367315086174672567e+00,4.664999898523092270e-03
1.367425502149306027e+00,4.657639190554618835e-03
1.367535833682224755e+00,4.644045140594244003e-03
1.367646080902485073e+00,4.635010380297899246e-03
1.367756243938847760e+00,4.622491542249917984e-03
1.367866322919779609e+00,4.611525684595108032e-03
1.367976317973452538e+00,4.602825734764337540e-03
1.368086229227746253e+00,4.590590018779039383e-03
1.368196056810247807e+00,4.580434411764144897e-03
1.368305800848253817e+00,4.570187069475650787e-03
1.368415461468769800e+00,4.560009110718965530e-03
1.368525038798512616e+00,4.549203906208276749e-03
1.368634532963910466e+00,4.539195448160171509e-03
1.368743944091103115e+00,4.528327845036983490e-03
1.368853272305945001e+00,4.518281668424606323e-03
1.368962517734003015e+00,4.507685545831918716e-03
1.369071680500560273e+00,4.496629815548658371e-03
1.369180760730615232e+00,4.487974569201469421e-03
1.369289758548883018e+00,4.475632682442665100e-03
1.369398674079796763e+00,4.469641018658876419e-03
1.369507507447506933e+00,4.455189686268568039e-03
1.369616258775884221e+00,4.444892983883619308e-03
1.369724928188519097e+00,4.439305979758501053e-03
1.369833515808722924e+00,4.425183404237031937e-03
1.369942021759529061e+00,4.415265750139951706e-03
1.370050446163692870e+00,4.404766019433736801e-03
1.370158789143693934e+00,4.395452328026294708e-03
1.370267050821735388e+00,4.385043401271104813e-03
1.370375231319745923e+00,4.375401884317398071e-03
1.370483330759380225e+00,4.364266060292720795e-03
1.370591349262019421e+00,4.357352852821350098e-03
1.370699286948772189e+00,4.344206303358078003e-03
1.370807143940475870e+00,4.337485413998365402e-03
1.370914920357696687e+00,4.324325360357761383e-03
1.371022616320730858e+00,4.317258950322866440e-03
1.371130231949605705e+00,4.304761532694101334e-03
1.371237767364080318e+00,4.296713974326848984e-03
1.371345222683645337e+00,4.285168834030628204e-03
1.371452598027525172e+00,4.275693558156490326e-03
1.371559893514678441e+00,4.266845062375068665e-03
1.371667109263798201e+00,4.256198648363351822e-03
1.371774245393312830e+00,4.247362259775400162e-03
1.371881302021388027e+00,4.236668348312377930e-03
1.371988279265925259e+00,4.228338599205017090e-03
1.372095177244565090e+00,4.217815119773149490e-03
1.372201996074686070e+00,4.208406899124383926e-03
1.372308735873406738e+00,4.198603332042694092e-03
1.372415396757585615e+00,4.188915714621543884e-03
1.372521978843821877e+00,4.179172217845916748e-03
1.372628482248457127e+00,4.170330241322517395e-03
1.372734907087575174e+00,4.159876145422458649e-03
1.372841253477002921e+00,4.151011817157268524e-03
1.372947521532311699e+00,4.141245037317276001e-03
1.373053711368817265e+00,4.132224712520837784e-03
1.373159823101581356e+00,4.121855366975069046e-03
1.373265856845411914e+00,4.113197792321443558e-03
1.373371812714863305e+00,4.103321582078933716e-03
1.373477690824238540e+00,4.093253985047340393e-03
1.373583491287588609e+00,4.087052773684263229e-03
1.373689214218714261e+00,4.074640572071075439e-03
1.373794859731165330e+00,4.068056587129831314e-03
1.373900427938243629e+00,4.056034609675407410e-03
1.374005918953001615e+00,4.049445502460002899e-03
1.374111332888243719e+00,4.037475679069757462e-03
1.374216669856528128e+00,4.029185511171817780e-03
1.374321929970165668e+00,4.019536543637514114e-03
1.374427113341222917e+00,4.010336473584175110e-03
1.374532220081519540e+00,4.001684952527284622e-03
1.374637250302632951e+00,3.991669509559869766e-03
1.374742204115895650e+00,3.985388204455375671e-03
1.374847081632398105e+00,3.973463550209999084e-03
1.374951882962988536e+00,3.967261407524347305e-03
1.375056608218273801e+00,3.955276217311620712e-03
1.375161257508619395e+00,3.948203288018703461e-03
1.375265830944151890e+00,3.937513101845979691e-03
1.375370328634757611e+00,3.928598482161760330e-03
1.375474750690084846e+00,3.920093644410371780e-03
1.375579097219544078e+00,3.910209983587265015e-03
1.375683368332308198e+00,3.905102377757430077e-03
1.375787564137313623e+00,3.892486914992332458e-03
1.375891684743260734e+00,3.884270088747143745e-03
1.375995730258614991e+00,3.875301219522953033e-03
1.376099700791607816e+00,3.865867620334029198e-03
1.376203596450235711e+00,3.859925782307982445e-03
1.376307417342262696e+00,3.848820459097623825e-03
1.376411163575220531e+00,3.840361721813678741e-03
1.376514835256408498e+00,3.831542795524001122e-03
1.376618432492894950e+00,3.822556231170892715e-03
1.376721955391518426e+00,3.813244635239243507e-03
1.376825404058886981e+00,3.808190114796161652e-03
1.376928778601379078e+00,3.796057309955358505e-03
1.377032079125145581e+00,3.787913825362920761e-03
1.377135305736109094e+00,3.779254155233502388e-03
1.377238458539964849e+00,3.770435694605112076e-03
1.377341537642182256e+00,3.762587672099471092e-03
1.377444543148003797e+00,3.752931021153926849e-03
1.377547475162447244e+00,3.747762879356741905e-03
1.377650333790305881e+00,3.735973965376615524e-03
1.377753119136148507e+00,3.729974385350942612e-03
1.377855831304320988e+00,3.719164989888668060e-03
1.377958470398946700e+00,3.712124424055218697e-03
1.378061036523926308e+00,3.702294081449508667e-03
1.378163529782939323e+00,3.693640697747468948e-03
1.378265950279444541e+00,3.688281169161200523e-03
1.378368298116680268e+00,3.676753491163253784e-03
1.378470573397665877e+00,3.670516889542341232e-03
1.378572776225201357e+00,3.660138696432113647e-03
1.378674906701867986e+00,3.653636900708079338e-03
1.378776964930030102e+00,3.643502714112401009e-03
1.378878951011834664e+00,3.638069843873381615e-03
1.378980865049211912e+00,3.627088153734803200e-03
1.379082707143876707e+00,3.621509531512856483e-03
1.379184477397328079e+00,3.610575105994939804e-03
1.379286175910851009e+00,3.603578777983784676e-03
1.379387802785515760e+00,3.594393841922283173e-03
1.379489358122179654e+00,3.586237318813800812e-03
1.379590842021487074e+00,3.579319687560200691e-03
1.379692254583870570e+00,3.569720312952995300e-03
1.379793595909549753e+00,3.564732382073998451e-03
1.379894866098534845e+00,3.553795628249645233e-03
1.379996065250624460e+00,3.547386033460497856e-03
1.380097193465407823e+00,3.537835553288459778e-03
1.380198250842264551e+00,3.530905814841389656e-03
1.380299237480365759e+00,3.521622391417622566e-03
1.380400153478674508e+00,3.515618387609720230e-03
1.380500998935946688e+00,3.505476750433444977e-03
1.380601773950730360e+00,3.498218720778822899e-03
1.380702478621367968e+00,3.490124130621552467e-03
1.380803113045995678e+00,3.481555031612515450e-03
1.380903677322544487e+00,3.477177349850535393e-03
1.381004171548741555e+00,3.465869463980197906e-03
1.381104595822108649e+00,3.461036598309874535e-03
1.381204950239965257e+00,3.450292861089110374e-03
1.381305234899426804e+00,3.445049980655312538e-03
1.381405449897407323e+00,3.434690879657864571e-03
1.381505595330618119e+00,3.429076401516795158e-03
1.381605671295570215e+00,3.419181797653436661e-03
1.381705677888573236e+00,3.412879072129726410e-03
1.381805615205736748e+00,3.404165618121623993e-03
1.381905483342970697e+00,3.397273831069469452e-03
1.382005282395986523e+00,3.388658165931701660e-03
1.382105012460296267e+00,3.381481161341071129e-03
1.382204673631215019e+00,3.373860847204923630e-03
1.382304266003859805e+00,3.365921787917613983e-03
1.382403789673150918e+00,3.358821850270032883e-03
1.382503244733812808e+00,3.350283019244670868e-03
1.382602631280373195e+00,3.344351891428232193e-03
1.382701949407165509e+00,3.334799548611044884e-03
1.382801199208328002e+00,3.327326849102973938e-03
1.382900380777804861e+00,3.322265576571226120e-03
1.382999494209346869e+00,3.312585409730672836e-03
1.383098539596511412e+00,3.305399324744939804e-03
1.383197517032663582e+00,3.297421848401427269e-03
1.383296426610976182e+00,3.291065804660320282e-03
1.383395268424430835e+00,3.282268531620502472e-03
1.383494042565817539e+00,3.277613315731287003e-03
1.383592749127736887e+00,3.267468884587287903e-03
1.383691388202598516e+00,3.262616693973541260e-03
1.383789959882623100e+00,3.252631751820445061e-03
1.383888464259842799e+00,3.245578613132238388e-03
1.383986901426100369e+00,3.238978562876582146e-03
1.384085271473051604e+00,3.230932634323835373e-03
1.384183574492164892e+00,3.224870888516306877e-03
1.384281810574720994e+00,3.216178854927420616e-03
1.384379979811815264e+00,3.210995346307754517e-03
1.384478082294356538e+00,3.202067455276846886e-03
1.384576118113068466e+00,3.195223165675997734e-03
1.384674087358490624e+00,3.187251044437289238e-03
1.384771990120977181e+00,3.181835403665900230e-03
1.384869826490699118e+00,3.173054661601781845e-03
1.384967596557643787e+00,3.167024813592433929e-03
1.385065300411616240e+00,3.158766543492674828e-03
1.385162938142238120e+00,3.152513410896062851e-03
1.385260509838950549e+00,3.144811373203992844e-03
1.385358015591012348e+00,3.138246247544884682e-03
1.385455455487502041e+00,3.130439436063170433e-03
1.385552829617317183e+00,3.124060109257698059e-03
1.385650138069176140e+00,3.116342006251215935e-03
1.385747380931617423e+00,3.110050456598401070e-03
1.385844558293000794e+00,3.102079965174198151e-03
1.385941670241507495e+00,3.096761181950569153e-03
1.386038716865141129e+00,3.087960416451096535e-03
1.386135698251727000e+00,3.082323586568236351e-03
1.386232614488914772e+00,3.073952626436948776e-03
1.386329465664176253e+00,3.067186800763010979e-03
1.386426251864807613e+00,3.061078488826751709e-03
1.386522973177929829e+00,3.052982967346906662e-03
1.386619629690488686e+00,3.048554062843322754e-03
1.386716221489254774e+00,3.039301605895161629e-03
1.386812748660825267e+00,3.034800756722688675e-03
1.386909211291623256e+00,3.025553887709975243e-03
1.387005609467898193e+00,3.019103081896901131e-03
1.387101943275727667e+00,3.012445988133549690e-03
1.387198212801016295e+00,3.005279926583170891e-03
1.387294418129496831e+00,2.999818651005625725e-03
1.387390559346731056e+00,2.991530811414122581e-03
1.387486636538109552e+00,2.986929146572947502e-03
1.387582649788852152e+00,2.978198463097214699e-03
1.387678599184009043e+00,2.973129739984869957e-03
1.387774484808460995e+00,2.964878920465707779e-03
1.387870306746919136e+00,2.959467703476548195e-03
1.387966065083925837e+00,2.951466711238026619e-03
1.388061759903856052e+00,2.945236163213849068e-03
1.388157391290916198e+00,2.938726451247930527e-03
1.388252959329145941e+00,2.931991592049598694e-03
1.388348464102417079e+00,2.925516106188297272e-03
1.388443905694435987e+00,2.918511396273970604e-03
1.388539284188742728e+00,2.912465948611497879e-03
1.388634599668711278e+00,2.905399538576602936e-03
1.388729852217551075e+00,2.899402519688010216e-03
1.388825041918306358e+00,2.892254851758480072e-03
1.388920168853857939e+00,2.886252244934439659e-03
1.389015233106921876e+00,2.879024716094136238e-03
1.389110234760051243e+00,2.874104306101799011e-03
1.389205173895636136e+00,2.865814836695790291e-03
1.389300050595903668e+00,2.859543310478329659e-03
1.389394864942919305e+00,2.854211721569299698e-03
1.389489617018587087e+00,2.846871735528111458e-03
1.389584306904649402e+00,2.840484725311398506e-03
1.389678934682687439e+00,2.833774778991937637e-03
1.389773500434122289e+00,2.828384283930063248e-03
1.389868004240215393e+00,2.821119269356131554e-03
1.389962446182068323e+00,2.815963700413703918e-03
1.390056826340622775e+00,2.808142919093370438e-03
1.390151144796663019e+00,2.801958704367280006e-03
1.390245401630814337e+00,2.796751447021961212e-03
1.390339596923543697e+00,2.789287129417061806e-03
1.390433730755161301e+00,2.784730400890111923e-03
1.390527803205819479e+00,2.776579698547720909e-03
1.390621814355514685e+00,2.771942410618066788e-03
1.390715764284086386e+00,2.764128847047686577e-03
1.390809653071218621e+00,2.759837778285145760e-03
1.390903480796439551e+00,2.751764142885804176e-03
1.390997247539123016e+00,2.745764097198843956e-03
1.391090953378487427e+00,2.740334952250123024e-03
1.391184598393597094e+00,2.733212895691394806e-03
1.391278182663362895e+00,2.729523694142699242e-03
1.391371706266541608e+00,2.720858668908476830e-03
1.391465169281737468e+00,2.715959912165999413e-03
1.391558571787401499e+00,2.708629239350557327e-03
1.391651913861833290e+00,2.702967729419469833e-03
1.391745195583179884e+00,2.696974202990531921e-03
1.391838417029436670e+00,2.690797438845038414e-03
1.391931578278448711e+00,2.685004146769642830e-03
1.392024679407909860e+00,2.678384771570563316e-03
1.392117720495363420e+00,2.673637354746460915e-03
1.392210701618203483e+00,2.666404005140066147e-03
1.392303622853674039e+00,2.661526901647448540e-03
1.392396484278869639e+00,2.654131967574357986e-03
1.392489285970737178e+00,2.648195484653115273e-03
1.392582028006073891e+00,2.644949825480580330e-03
1.392674710461530019e+00,2.636463614180684090e-03
1.392767333413607478e+00,2.631169976666569710e-03
1.392859896938661191e+00,2.624884713441133499e-03
1.392952401112899308e+00,2.619041362777352333e-03
1.393044846012383209e+00,2.612901153042912483e-03
1.393137231713028390e+00,2.608219161629676819e-03
1.393229558290604686e+00,2.601169049739837646e-03
1.393321825820736271e+00,2.596588339656591415e-03
1.393414034378902100e+00,2.589664887636899948e-03
1.393506184040437468e+00,2.584666013717651367e-03
1.393598274880532228e+00,2.578066196292638779e-03
1.393690306974233462e+00,2.572862664237618446e-03
1.393782280396443474e+00,2.566628623753786087e-03
1.393874195221922463e+00,2.560793887823820114e-03
1.393966051525287408e+00,2.555609913542866707e-03
1.394057849381012737e+00,2.549466677010059357e-03
1.394149588863431211e+00,2.543966518715023994e-03
1.394241270046733261e+00,2.538001164793968201e-03
1.394332893004968765e+00,2.532878424972295761e-03
1.394424457812045715e+00,2.526331692934036255e-03
1.394515964541732211e+00,2.521319780498743057e-03
1.394607413267655582e+00,2.515153959393501282e-03
1.394698804063303710e+00,2.509723650291562080e-03
1.394790137002024366e+00,2.503762254491448402e-03
1.394881412157026546e+00,2.498796442523598671e-03
1.394972629601380243e+00,2.492742612957954407e-03
1.395063789408016897e+00,2.487948397174477577e-03
1.395154891649729390e+00,2.481418894603848457e-03
1.395245936399173825e+00,2.476888243108987808e-03
1.395336923728867751e+00,2.470205305144190788e-03
1.395427853711192157e+00,2.465807367116212845e-03
1.395518726418391253e+00,2.459050389006733894e-03
1.395609541922572694e+00,2.454621717333793640e-03
1.395700300295708018e+00,2.448021667078137398e-03
1.395791001609633097e+00,2.444071462377905846e-03
1.395881645936048576e+00,2.436920767650008202e-03
1.395972233346519431e+00,2.432756824418902397e-03
1.396062763912476523e+00,2.426194725558161736e-03
1.396153237705216155e+00,2.421458717435598373e-03
1.396243654795900735e+00,2.415350405499339104e-03
1.396334015255558558e+00,2.410620916634798050e-03
1.396424319155084692e+00,2.404595026746392250e-03
1.396514566565241200e+00,2.399055520072579384e-03
1.396604757556657583e+00,2.395188668742775917e-03
1.396694892199831006e+00,2.388194901868700981e-03
1.396784970565126072e+00,2.385389991104602814e-03
1.396874992722776376e+00,2.377795288339257240e-03
1.396964958742883622e+00,2.372957067564129829e-03
1.397054868695418284e+00,2.367070643231272697e-03
1.397144722650220716e+00,2.363528357818722725e-03
1.397234520677000269e+00,2.356634009629487991e-03
1.397324262845336840e+00,2.352680545300245285e-03
1.397413949224679985e+00,2.345991088077425957e-03
1.397503579884350033e+00,2.341507235541939735e-03
1.397593154893538081e+00,2.335928613319993019e-03
1.397682674321306884e+00,2.331236144527792931e-03
1.397772138236589967e+00,2.325128298252820969e-03
1.397861546708193625e+00,2.319896826520562172e-03
1.397950899804795144e+00,2.315788296982645988e-03
1.398040197594945022e+00,2.309492789208889008e-03
1.398129440147066971e+00,2.305926522240042686e-03
1.398218627529456803e+00,2.299127401784062386e-03
1.398307759810284212e+00,2.294738311320543289e-03
1.398396837057592990e+00,2.289250958710908890e-03
1.398485859339300363e+00,2.284120768308639526e-03
1.398574826723197884e+00,2.279580337926745415e-03
1.398663739276952755e+00,2.273974008858203888e-03
1.398752597068105619e+00,2.269117860123515129e-03
1.398841400164073656e+00,2.263595350086688995e-03
1.398930148632149040e+00,2.259405096992850304e-03
1.399018842539500262e+00,2.253674203529953957e-03
1.399107481953171028e+00,2.248893724754452705e-03
1.399196066940083139e+00,2.243254100903868675e-03
1.399284597567033384e+00,2.239898545667529106e-03
1.399373073900697317e+00,2.233333187177777290e-03
1.399461496007626815e+00,2.228480065241456032e-03
1.399549863954251627e+00,2.223916584625840187e-03
1.399638177806880046e+00,2.218423411250114441e-03
1.399726437631698239e+00,2.214543521404266357e-03
1.399814643494770694e+00,2.208820311352610588e-03
1.399902795462041549e+00,2.204046817496418953e-03
1.399990893599333264e+00,2.198841888457536697e-03
1.400078937972348836e+00,2.194860484451055527e-03
1.400166928646669806e+00,2.189011313021183014e-03
1.400254865687758921e+00,2.184873679652810097e-03
1.400342749160959022e+00,2.179264323785901070e-03
1.400430579131492603e+00,2.175227971747517586e-03
1.400518355664464476e+00,2.169593470171093941e-03
1.400606078824859990e+00,2.165134996175765991e-03
1.400693748677546369e+00,2.159971743822097778e-03
1.400781365287272040e+00,2.154879737645387650e-03
1.400868928718668638e+00,2.151999622583389282e-03
1.400956439036248558e+00,2.145450562238693237e-03
1.401043896304408509e+00,2.141418401151895523e-03
1.401131300587427075e+00,2.135776681825518608e-03
1.401218651949466487e+00,2.131157554686069489e-03
1.401305950454572846e+00,2.127185696735978127e-03
1.401393196166675237e+00,2.121683908626437187e-03
1.401480389149587724e+00,2.117850352078676224e-03
1.401567529467007800e+00,2.112095942720770836e-03
1.401654617182518159e+00,2.108937129378318787e-03
1.401741652359586920e+00,2.103003673255443573e-03
1.401828635061566297e+00,2.098985714837908745e-03
1.401915565351694593e+00,2.093350281938910484e-03
1.402002443293095979e+00,2.090667374432086945e-03
1.402089268948780720e+00,2.084075938910245895e-03
1.402176042381644505e+00,2.080000936985015869e-03
1.402262763654470445e+00,2.075020223855972290e-03
1.402349432829928855e+00,2.070192946121096611e-03
1.402436049970575915e+00,2.065451117232441902e-03
1.402522615138856565e+00,2.061489969491958618e-03
1.402609128397102056e+00,2.056532539427280426e-03
1.402695589807532617e+00,2.052115043625235558e-03
1.402781999432256343e+00,2.047315239906311035e-03
1.402868357333269644e+00,2.044326160103082657e-03
1.402954663572458127e+00,2.038339618593454361e-03
1.403040918211595267e+00,2.034458098933100700e-03
1.403127121312345738e+00,2.029408700764179230e-03
1.403213272936261857e+00,2.025331370532512665e-03
1.403299373144786699e+00,2.020439365878701210e-03
1.403385421999253202e+00,2.016234444454312325e-03
1.403471419560884392e+00,2.011686330661177635e-03
1.403557365890794717e+00,2.007492817938327789e-03
1.403643261049988045e+00,2.002440392971038818e-03
1.403729105099360774e+00,1.998254796490073204e-03
1.403814898099699615e+00,1.993527635931968689e-03
1.403900640111683584e+00,1.988814212381839752e-03
1.403986331195883341e+00,1.986562041565775871e-03
1.404071971412761410e+00,1.979973167181015015e-03
1.404157560822673290e+00,1.976969884708523750e-03
1.404243099485866564e+00,1.971184043213725090e-03
1.404328587462482014e+00,1.968130469322204590e-03
1.404414024812553397e+00,1.962548354640603065e-03
1.404499411596007885e+00,1.959954621270298958e-03
1.404584747872666739e+00,1.953751780092716217e-03
1.404670033702244636e+00,1.951319049112498760e-03
1.404755269144350560e+00,1.945140073075890541e-03
1.404840454258487581e+00,1.942387898452579975e-03
1.404925589104054184e+00,1.936506014317274094e-03
1.405010673740342941e+00,1.932961167767643929e-03
1.405095708226542506e+00,1.928087905980646610e-03
1.405180692621735838e+00,1.923857023939490318e-03
1.405265626984902871e+00,1.919914153404533863e-03
1.405350511374917621e+00,1.915730186738073826e-03
1.405435345850552409e+00,1.911117928102612495e-03
1.405520130470473639e+00,1.906863297335803509e-03
1.405604865293246464e+00,1.902787364087998867e-03
1.405689550377331898e+00,1.898287562653422356e-03
1.405774185781087704e+00,1.894719316624104977e-03
1.405858771562769505e+00,1.889831153675913811e-03
1.405943307780530782e+00,1.886787707917392254e-03
1.406027794492422212e+00,1.881488133221864700e-03
1.406112231756392994e+00,1.878729206509888172e-03
1.406196619630290412e+00,1.873093424364924431e-03
1.406280958171860274e+00,1.870078267529606819e-03
1.406365247438747579e+00,1.864915830083191395e-03
1.406449487488495853e+00,1.861483324319124222e-03
1.406533678378548036e+00,1.856703544035553932e-03
1.406617820166246702e+00,1.852927729487419128e-03
1.406701912908834062e+00,1.848620129749178886e-03
1.406785956663451964e+00,1.844519749283790588e-03
1.406869951487143222e+00,1.840837649069726467e-03
1.406953897436850287e+00,1.836755662225186825e-03
1.407037794569417022e+00,1.832577516324818134e-03
1.407121642941587147e+00,1.828662469051778316e-03
1.407205442610006463e+00,1.824230886995792389e-03
1.407289193631221735e+00,1.820336910896003246e-03
1.407372896061681589e+00,1.816419418901205063e-03
1.407456549957735614e+00,1.812146161682903767e-03
1.407540155375636370e+00,1.808602828532457352e-03
1.407623712371538494e+00,1.803808030672371387e-03
1.407707221001498699e+00,1.801654580049216747e-03
1.407790681321476445e+00,1.795841963030397892e-03
1.407874093387335046e+00,1.792235183529555798e-03
1.407957457254839673e+00,1.788137247785925865e-03
1.408040772979659572e+00,1.784040359780192375e-03
1.408124040617367623e+00,1.781119848601520061e-03
1.408207260223440560e+00,1.776163000613451004e-03
1.408290431853258751e+00,1.772992662154138088e-03
1.408373555562107304e+00,1.768341753631830215e-03
1.408456631405175630e+00,1.764469896443188190e-03
1.408539659437557656e+00,1.761001884005963802e-03
1.408622639714252722e+00,1.756574260070919991e-03
1.408705572290164909e+00,1.753597171045839787e-03
1.408788457220103707e+00,1.748866285197436810e-03
1.408871294558784681e+00,1.745798625051975250e-03
1.408954084360828585e+00,1.741441665217280388e-03
1.409036826680762244e+00,1.737512531690299511e-03
1.409119521573019229e+00,1.733918325044214725e-03
1.409202169091938739e+00,1.729814102873206139e-03
1.409284769291767825e+00,1.726000220514833927e-03
1.409367322226658947e+00,1.722394139505922794e-03
1.409449827950673084e+00,1.718389103189110756e-03
1.409532286517777511e+00,1.714728539809584618e-03
1.409614697981847353e+00,1.710466342046856880e-03
1.409697062396665812e+00,1.708130235783755779e-03
1.409779379815923273e+00,1.702993293292820454e-03
1.409861650293218860e+00,1.700015389360487461e-03
1.409943873882059995e+00,1.695518032647669315e-03
1.410026050635862838e+00,1.692843390628695488e-03
1.410108180607951400e+00,1.687961514107882977e-03
1.410190263851559322e+00,1.684310263954102993e-03
1.410272300419830094e+00,1.681142603047192097e-03
1.410354290365815499e+00,1.676694839261472225e-03
1.410436233742477175e+00,1.674111117608845234e-03
1.410518130602687270e+00,1.669334713369607925e-03
1.410599980999226899e+00,1.665849238634109497e-03
1.410681784984788356e+00,1.662358059547841549e-03
1.410763542611973342e+00,1.658217981457710266e-03
1.410845253933295185e+00,1.655977801419794559e-03
1.410926919001177726e+00,1.650962745770812035e-03
1.411008537867955548e+00,1.647330238483846188e-03
1.411090110585874413e+00,1.645143842324614525e-03
1.411171637207091711e+00,1.640006201341748238e-03
1.411253117783676903e+00,1.637107459828257561e-03
1.411334552367610407e+00,1.632753876037895679e-03
1.411415941010785380e+00,1.630281796678900719e-03
1.411497283765006605e+00,1.625548349693417549e-03
1.411578580681992046e+00,1.623043790459632874e-03
1.411659831813371513e+00,1.618386828340590000e-03
1.411741037210687999e+00,1.615023706108331680e-03
1.411822196925397233e+00,1.611561980098485947e-03
1.411903311008869011e+00,1.607657060958445072e-03
1.411984379512385424e+00,1.605084748007357121e-03
1.412065402487142851e+00,1.600638963282108307e-03
1.412146379984251521e+00,1.597947441041469574e-03
1.412227312054734618e+00,1.593548571690917015e-03
1.412308198749530952e+00,1.590987085364758968e-03
1.412389040119492956e+00,1.586499507538974285e-03
1.412469836215387353e+00,1.583908917382359505e-03
1.412550587087896048e+00,1.579673960804939270e-03
1.412631292787616344e+00,1.576697803102433681e-03
1.412711953365059392e+00,1.572937704622745514e-03
1.412792568870653076e+00,1.569376676343381405e-03
1.412873139354739793e+00,1.565490965731441975e-03
1.412953664867577563e+00,1.563326222822070122e-03
1.413034145459341584e+00,1.558598596602678299e-03
1.413114581180121787e+00,1.556180301122367382e-03
1.413194972079924838e+00,1.551764435134828091e-03
1.413275318208674136e+00,1.548298867419362068e-03
1.413355619616208925e+00,1.546049839816987514e-03
1.413435876352286291e+00,1.541610341519117355e-03
1.413516088466579390e+00,1.538445707410573959e-03
1.413596256008679664e+00,1.534968963824212551e-03
1.413676379028094399e+00,1.531600719317793846e-03
1.413756457574250280e+00,1.527912332676351070e-03
1.413836491696489839e+00,1.525719300843775272e-03
1.413916481444075002e+00,1.521247439086437225e-03
1.413996426866185097e+00,1.519189449027180672e-03
1.414076328011918182e+00,1.514506409876048565e-03
1.414156184930289939e+00,1.511988579295575619e-03
1.414235997670235889e+00,1.507907523773610592e-03
1.414315766280609399e+00,1.505534979514777660e-03
1.414395490810183231e+00,1.501350896432995796e-03
1.414475171307649548e+00,1.498896745033562183e-03
1.414554807821619464e+00,1.494608703069388866e-03
1.414634400400623715e+00,1.492337556555867195e-03
1.414713949093113099e+00,1.488095847889780998e-03
1.414793453947458035e+00,1.485620159655809402e-03
1.414872915011948784e+00,1.481551909819245338e-03
1.414952332334796559e+00,1.479014754295349121e-03
1.415031705964131969e+00,1.474927412346005440e-03
1.415111035948007467e+00,1.472136704251170158e-03
1.415190322334395567e+00,1.468673581257462502e-03
1.415269565171189292e+00,1.465503359213471413e-03
1.415348764506203949e+00,1.462207990698516369e-03
1.415427920387174909e+00,1.458786544390022755e-03
1.415507032861760273e+00,1.456396887078881264e-03
1.415586101977538425e+00,1.452444004826247692e-03
1.415665127782010702e+00,1.449547009542584419e-03
1.415744110322599614e+00,1.446275156922638416e-03
1.415823049646650844e+00,1.443122513592243195e-03
1.415901945801431028e+00,1.440099789761006832e-03
1.415980798834130416e+00,1.436662627384066582e-03
1.416059608791861102e+00,1.433455850929021835e-03
1.416138375721659237e+00,1.430635456927120686e-03
1.416217099670482371e+00,1.427110284566879272e-03
1.416295780685212558e+00,1.424023066647350788e-03
1.416374418812653913e+00,1.421223278157413006e-03
1.416453014099535945e+00,1.417553634382784367e-03
1.416531566592509561e+00,1.415223698131740093e-03
1.416610076338151503e+00,1.411404809914529324e-03
1.416688543382961019e+00,1.408977899700403214e-03
1.416766967773362751e+00,1.405155868269503117e-03
1.416845349555704292e+00,1.402664114721119404e-03
1.416923688776259294e+00,1.398902037180960178e-03
1.417001985481224802e+00,1.396521111018955708e-03
1.417080239716723478e+00,1.392880571074783802e-03
1.417158451528802265e+00,1.390128862112760544e-03
1.417236620963433946e+00,1.386652817018330097e-03
1.417314748066516694e+00,1.383720897138118744e-03
1.417392832883872966e+00,1.380980829708278179e-03
1.417470875461252611e+00,1.377750653773546219e-03
1.417548875844329537e+00,1.374776475131511688e-03
1.417626834078704601e+00,1.371492748148739338e-03
1.417704750209904940e+00,1.369011122733354568e-03
1.417782624283383752e+00,1.365274540148675442e-03
1.417860456344519848e+00,1.362285227514803410e-03
1.417938246438619876e+00,1.360196038149297237e-03
1.418015994610916319e+00,1.356273191049695015e-03
1.418093700906569277e+00,1.353362808004021645e-03
1.418171365370665571e+00,1.350564532913267612e-03
1.418248988048218751e+00,1.347702811472117901e-03
1.418326568984170866e+00,1.344544347375631332e-03
1.418404108223390470e+00,1.341391936875879765e-03
1.418481605810674839e+00,1.339843147434294224e-03
1.418559061790747755e+00,1.335539389401674271e-03
1.418636476208261721e+00,1.332655665464699268e-03
1.418713849107798186e+00,1.330154365859925747e-03
1.418791180533865548e+00,1.326837344095110893e-03
1.418868470530901149e+00,1.324368990026414394e-03
1.418945719143271500e+00,1.321101677604019642e-03
1.419022926415271169e+00,1.318393624387681484e-03
1.419100092391123891e+00,1.315375906415283680e-03
1.419177217114982792e+00,1.312505919486284256e-03
1.419254300630929722e+00,1.309605780988931656e-03
1.419331342982975919e+00,1.306543243117630482e-03
1.419408344215062678e+00,1.303635421209037304e-03
1.419485304371060685e+00,1.301473588682711124e-03
1.419562223494770015e+00,1.297753886319696903e-03
1.419639101629921685e+00,1.295532565563917160e-03
1.419715938820175660e+00,1.292193657718598843e-03
1.419792735109123294e+00,1.289700274355709553e-03
1.419869490540285772e+00,1.286573125980794430e-03
1.419946205157115005e+00,1.284080790355801582e-03
1.420022879002993177e+00,1.280831871554255486e-03
1.420099512121234531e+00,1.278359908610582352e-03
1.420176104555082697e+00,1.275440328754484653e-03
1.420252656347713582e+00,1.272582565434277058e-03
1.420329167542234483e+00,1.269929111003875732e-03
1.420405638181683416e+00,1.267034327611327171e-03
1.420482068309030455e+00,1.264175632968544960e-03
1.420558457967177279e+00,1.261212979443371296e-03
1.420634807198957628e+00,1.258545089513063431e-03
1.420711116047137068e+00,1.256056246347725391e-03
1.420787384554413668e+00,1.252881833352148533e-03
1.420863612763417105e+00,1.250694622285664082e-03
1.420939800716710444e+00,1.247226842679083347e-03
1.421015948456788580e+00,1.245154184289276600e-03
1.421092056026079575e+00,1.241821679286658764e-03
1.421168123466944211e+00,1.239072531461715698e-03
1.421244150821676433e+00,1.236725831404328346e-03
1.421320138132503352e+00,1.233580405823886395e-03
1.421396085441585244e+00,1.232212758623063564e-03
1.421471992791015992e+00,1.228107837960124016e-03
1.421547860222822868e+00,1.226053340360522270e-03
1.421623687778967415e+00,1.222755061462521553e-03
1.421699475501343679e+00,1.220028731040656567e-03
1.421775223431781754e+00,1.218258868902921677e-03
1.421850931612044233e+00,1.214671530760824680e-03
1.421926600083828651e+00,1.213330891914665699e-03
1.422002228888767039e+00,1.209470909088850021e-03
1.422077818068425703e+00,1.207043649628758430e-03
1.422153367664305668e+00,1.204386120662093163e-03
1.422228877717842899e+00,1.201758859679102898e-03
1.422304348270408525e+00,1.198972109705209732e-03
1.422379779363308838e+00,1.196553348563611507e-03
1.422455171037784405e+00,1.193759148009121418e-03
1.422530523335012287e+00,1.191220013424754143e-03
1.422605836296105153e+00,1.188625581562519073e-03
1.422681109962109947e+00,1.185877132229506969e-03
1.422756344374010995e+00,1.183386193588376045e-03
1.422831539572727344e+00,1.180680817924439907e-03
1.422906695599114757e+00,1.178138656541705132e-03
1.422981812493965270e+00,1.175578567199409008e-03
1.423056890298006527e+00,1.172754680737853050e-03
1.423131929051903111e+00,1.170667004771530628e-03
1.423206928796256543e+00,1.167561742477118969e-03
1.423281889571604175e+00,1.165258581750094891e-03
1.423356811418420964e+00,1.162437838502228260e-03
1.423431694377118584e+00,1.160499523393809795e-03
1.423506538488045203e+00,1.157301361672580242e-03
1.423581343791487486e+00,1.154924975708127022e-03
1.423656110327668589e+00,1.152411219663918018e-03
1.423730838136749499e+00,1.149677438661456108e-03
1.423805527258828363e+00,1.147468108683824539e-03
1.423880177733941377e+00,1.144612673670053482e-03
1.423954789602063009e+00,1.142732566222548485e-03
1.424029362903104889e+00,1.139546511694788933e-03
1.424103897676918029e+00,1.137671642936766148e-03
1.424178393963290157e+00,1.134598162025213242e-03
1.424252851801948605e+00,1.132618635892868042e-03
1.424327271232558978e+00,1.129682990722358227e-03
1.424401652294724929e+00,1.127735245972871780e-03
1.424475995027989716e+00,1.124662696383893490e-03
1.424550299471834869e+00,1.122898422181606293e-03
1.424624565665681075e+00,1.119757886044681072e-03
1.424698793648888628e+00,1.117281732149422169e-03
1.424772983460756759e+00,1.115210005082190037e-03
1.424847135140523635e+00,1.112504513002932072e-03
1.424921248727367917e+00,1.110206358134746552e-03
1.424995324260407203e+00,1.108011929318308830e-03
1.425069361778699140e+00,1.105227274820208549e-03
1.425143361321241198e+00,1.103020040318369865e-03
1.425217322926970676e+00,1.100298482924699783e-03
1.425291246634765807e+00,1.098381238989531994e-03
1.425365132483443986e+00,1.095424988307058811e-03
1.425438980511763321e+00,1.093355938792228699e-03
1.425512790758423298e+00,1.090803532861173153e-03
1.425586563262063233e+00,1.088501885533332825e-03
1.425660298061262932e+00,1.085972762666642666e-03
1.425733995194543580e+00,1.083726761862635612e-03
1.425807654700367522e+00,1.081251073628664017e-03
1.425881276617137816e+00,1.078666420653462410e-03
1.425954860983199124e+00,1.077010179869830608e-03
1.426028407836836820e+00,1.074036234058439732e-03
1.426101917216278547e+00,1.072152168489992619e-03
1.426175389159692886e+00,1.069268444553017616e-03
1.426248823705190905e+00,1.067677047103643417e-03
1.426322220890824388e+00,1.064550247974693775e-03
1.426395580754588277e+00,1.062152092345058918e-03
1.426468903334418448e+00,1.060020760633051395e-03
1.426542188668194155e+00,1.057598856277763844e-03
1.426615436793736036e+00,1.055345870554447174e-03
1.426688647748807215e+00,1.053263200446963310e-03
1.426761821571113975e+00,1.050654100254178047e-03
1.426834958298304423e+00,1.049199607223272324e-03
1.426908057967970489e+00,1.045966520905494690e-03
1.426981120617645926e+00,1.044102828018367290e-03
1.427054146284807867e+00,1.041470444761216640e-03
1.427127135006877268e+00,1.039729802869260311e-03
1.427200086821217129e+00,1.036806032061576843e-03
1.427273001765134497e+00,1.035168068483471870e-03
1.427345879875879575e+00,1.032401225529611111e-03
1.427418721190646833e+00,1.030530664138495922e-03
1.427491525746573453e+00,1.027894555591046810e-03
1.427564293580741106e+00,1.026001526042819023e-03
1.427637024730174842e+00,1.023552729748189449e-03
1.427709719231844643e+00,1.021316973492503166e-03
1.427782377122663648e+00,1.019149320200085640e-03
1.427854998439489709e+00,1.016768859699368477e-03
1.427927583219125163e+00,1.014539389871060848e-03
1.428000131498316172e+00,1.012381515465676785e-03
1.428072643313754719e+00,1.010143780149519444e-03
1.428145118702075944e+00,1.007933169603347778e-03
1.428217557699861251e+00,1.005533384159207344e-03
1.428289960343636311e+00,1.003776094876229763e-03
1.428362326669871285e+00,1.001182827167212963e-03
1.428434656714982598e+00,9.988337988033890724e-04
1.428506950515330942e+00,9.972469415515661240e-04
1.428579208107223053e+00,9.945570491254329681e-04
1.428651429526910821e+00,9.925884660333395004e-04
1.428723614810591958e+00,9.902202291414141655e-04
1.428795763994409329e+00,9.884359315037727356e-04
1.428867877114452511e+00,9.859250858426094055e-04
1.428939954206755791e+00,9.838180849328637123e-04
1.429011995307300831e+00,9.817263344302773476e-04
1.429084000452014225e+00,9.796337690204381943e-04
1.429155969676769500e+00,9.773395722731947899e-04
1.429227903017386003e+00,9.750244789756834507e-04
1.429299800509630680e+00,9.739497909322381020e-04
1.429371662189215408e+00,9.707863791845738888e-04
1.429443488091799663e+00,9.686663397587835789e-04
1.429515278252989630e+00,9.671124280430376530e-04
1.429587032708338201e+00,9.649635758250951767e-04
1.429658751493345425e+00,9.623861988075077534e-04
1.429730434643458281e+00,9.601737838238477707e-04
1.429802082194070900e+00,9.592323331162333488e-04
1.429873694180525012e+00,9.560413309372961521e-04
1.429945270638109500e+00,9.546643705107271671e-04
1.430016811602060622e+00,9.518663282506167889e-04
1.430088317107562235e+00,9.504185291007161140e-04
1.430159787189746678e+00,9.477660642005503178e-04
1.430231221883692561e+00,9.462599409744143486e-04
1.430302621224428306e+00,9.436618420295417309e-04
1.430373985246929047e+00,9.419494308531284332e-04
1.430445313986117961e+00,9.395499946549534798e-04
1.430516607476867152e+00,9.378703543916344643e-04
1.430587865753996990e+00,9.354466455988585949e-04
1.430659088852275884e+00,9.338263189420104027e-04
1.430730276806420953e+00,9.314210619777441025e-04
1.430801429651098022e+00,9.295584168285131454e-04
1.430872547420921403e+00,9.274284821003675461e-04
1.430943630150454338e+00,9.253809694200754166e-04
1.431014677874209662e+00,9.233865421265363693e-04
1.431085690626648033e+00,9.212904842570424080e-04
1.431156668442180147e+00,9.193752193823456764e-04
1.431227611355165852e+00,9.172663558274507523e-04
1.431298519399913483e+00,9.153943974524736404e-04
1.431369392610682301e+00,9.133347193710505962e-04
1.431440231021680054e+00,9.114768472500145435e-04
1.431511034667063642e+00,9.092736872844398022e-04
1.431581803580941337e+00,9.075103444047272205e-04
1.431652537797370117e+00,9.053801186382770538e-04
1.431723237350356781e+00,9.035367984324693680e-04
1.431793902273858388e+00,9.013344533741474152e-04
1.431864532601782702e+00,8.996046963147819042e-04
1.431935128367986865e+00,8.973798248916864395e-04
1.432005689606278720e+00,8.957038517110049725e-04
1.432076216350416376e+00,8.935098303481936455e-04
1.432146708634108867e+00,8.915441576391458511e-04
1.432217166491015492e+00,8.898032829165458679e-04
1.432287589954746476e+00,8.875112398527562618e-04
1.432357979058862085e+00,8.859657100401818752e-04
1.432428333836874401e+00,8.837216300889849663e-04
1.432498654322246434e+00,8.817243506200611591e-04
1.432568940548391678e+00,8.804336539469659328e-04
1.432639192548675222e+00,8.779088966548442841e-04
1.432709410356413970e+00,8.762510260567069054e-04
1.432779594004874868e+00,8.741892524994909763e-04
1.432849743527277342e+00,8.727121166884899139e-04
1.432919858956792192e+00,8.703367202542722225e-04
1.432989940326542255e+00,8.687229128554463387e-04
1.433059987669600854e+00,8.665210334584116936e-04
1.433130001018994459e+00,8.649116498418152332e-04
1.433199980407700913e+00,8.626931812614202499e-04
1.433269925868650319e+00,8.607366471551358700e-04
1.433339837434724817e+00,8.596613770350813866e-04
1.433409715138758367e+00,8.570048958063125610e-04
1.433479559013538074e+00,8.555995882488787174e-04
1.433549369091802417e+00,8.532619103789329529e-04
1.433619145406243689e+00,8.513765060342848301e-04
1.433688887989505556e+00,8.497920935042202473e-04
1.433758596874184832e+00,8.479467360302805901e-04
1.433828272092831257e+00,8.459491655230522156e-04
1.433897913677947056e+00,8.444710401818156242e-04
1.433967521661987821e+00,8.422964019700884819e-04
1.434037096077361850e+00,8.405603002756834030e-04
1.434106636956431036e+00,8.386404952034354210e-04
1.434176144331509972e+00,8.370710420422255993e-04
1.434245618234866626e+00,8.350128773599863052e-04
1.434315058698723000e+00,8.333389996550977230e-04
1.434384465755253357e+00,8.312776335515081882e-04
1.434453839436586886e+00,8.297578315250575542e-04
1.434523179774805923e+00,8.276333683170378208e-04
1.434592486801945954e+00,8.258041343651711941e-04
1.434661760549997389e+00,8.243998163379728794e-04
1.434731001050904231e+00,8.222329779528081417e-04
1.434800208336563854e+00,8.206907077692449093e-04
1.434869382438828556e+00,8.187188650481402874e-04
1.434938523389504228e+00,8.172548259608447552e-04
1.435007631220351465e+00,8.150312351062893867e-04
1.435076705963085342e+00,8.136910037137567997e-04
1.435145747649374748e+00,8.114513475447893143e-04
1.435214756310844164e+00,8.097328827716410160e-04
1.435283731979071886e+00,8.081338601186871529e-04
1.435352674685590690e+00,8.061021799221634865e-04
1.435421584461889388e+00,8.052574703469872475e-04
1.435490461339410606e+00,8.025951101444661617e-04
1.435559305349552117e+00,8.016264764592051506e-04
1.435628116523667064e+00,7.991185411810874939e-04
1.435696894893063735e+00,7.978573557920753956e-04
1.435765640489005568e+00,7.957117049954831600e-04
1.435834353342711367e+00,7.938793860375881195e-04
1.435903033485355307e+00,7.930925348773598671e-04
1.435971680948067153e+00,7.904256926849484444e-04
1.436040295761931596e+00,7.894237060099840164e-04
1.436108877957990249e+00,7.870582630857825279e-04
1.436177427567239206e+00,7.856211741454899311e-04
1.436245944620631487e+00,7.836836157366633415e-04
1.436314429149075478e+00,7.820177124813199043e-04
1.436382881183435156e+00,7.803730550222098827e-04
1.436451300754531868e+00,7.784991757944226265e-04
1.436519687893141439e+00,7.774275727570056915e-04
1.436588042629997286e+00,7.751425728201866150e-04
1.436656364995788637e+00,7.739412249065935612e-04
1.436724655021161423e+00,7.718187407590448856e-04
1.436792912736717387e+00,7.704979507252573967e-04
1.436861138173015640e+00,7.684573065489530563e-04
1.436929331360571549e+00,7.669720216654241085e-04
1.436997492329857407e+00,7.650048937648534775e-04
1.437065621111301983e+00,7.640057592652738094e-04
1.437133717735291860e+00,7.617001538164913654e-04
1.437201782232169434e+00,7.605946157127618790e-04
1.437269814632234910e+00,7.583654369227588177e-04
1.437337814965745419e+00,7.569134468212723732e-04
1.437405783262915238e+00,7.551709422841668129e-04
1.437473719553916451e+00,7.534405449405312538e-04
1.437541623868877849e+00,7.518409402109682560e-04
1.437609496237886475e+00,7.504941895604133606e-04
1.437677336690985852e+00,7.485563983209431171e-04
1.437745145258178203e+00,7.473036530427634716e-04
1.437812921969423119e+00,7.452722638845443726e-04
1.437880666854637335e+00,7.443987997248768806e-04
1.437948379943696953e+00,7.420315523631870747e-04
1.438016061266434331e+00,7.405893411487340927e-04
1.438083710852640973e+00,7.389659876935184002e-04
1.438151328732065970e+00,7.372372201643884182e-04
1.438218914934417114e+00,7.360380259342491627e-04
1.438286469489359565e+00,7.340046577155590057e-04
1.438353992426518291e+00,7.328061619773507118e-04
1.438421483775474741e+00,7.308799540624022484e-04
1.438488943565770839e+00,7.295248797163367271e-04
1.438556371826905877e+00,7.278380799107253551e-04
1.438623768588337848e+00,7.262516301125288010e-04
1.438691133879484108e+00,7.246058085002005100e-04
1.438758467729720048e+00,7.231103954836726189e-04
1.438825770168380869e+00,7.213948993012309074e-04
1.438893041224759584e+00,7.200154359452426434e-04
1.438960280928109459e+00,7.183015695773065090e-04
1.439027489307641794e+00,7.168851443566381931e-04
1.439094666392528143e+00,7.152063190005719662e-04
1.439161812211898317e+00,7.138169021345674992e-04
1.439228926794842156e+00,7.121120579540729523e-04
1.439296010170408646e+00,7.108245627023279667e-04
1.439363062367606361e+00,7.089041173458099365e-04
1.439430083415403461e+00,7.078390917740762234e-04
1.439497073342727251e+00,7.058648625388741493e-04
1.439564032178465736e+00,7.046590908430516720e-04
1.439630959951466060e+00,7.028141408227384090e-04
1.439697856690535183e+00,7.016156450845301151e-04
1.439764722424440313e+00,6.997134769335389137e-04
1.439831557181908916e+00,6.982895429246127605e-04
1.439898360991627380e+00,6.968284142203629017e-04
1.439965133882243675e+00,6.950983079150319099e-04
1.440031875882365364e+00,6.943234475329518318e-04
1.440098587020560039e+00,6.921124295331537724e-04
1.440165267325356657e+00,6.912762182764708996e-04
1.440231916825243097e+00,6.891150260344147682e-04
1.440298535548669490e+00,6.880871369503438473e-04
1.440365123524045110e+00,6.861788569949567318e-04
1.440431680779741042e+00,6.849871133454144001e-04
1.440498207344088177e+00,6.832390790805220604e-04
1.440564703245379441e+00,6.818261463195085526e-04
1.440631168511867122e+00,6.803313735872507095e-04
1.440697603171765540e+00,6.789209437556564808e-04
1.440764007253249712e+00,6.773627828806638718e-04
1.440830380784456022e+00,6.758860545232892036e-04
1.440896723793481993e+00,6.746721919625997543e-04
1.440963036308385625e+00,6.729148444719612598e-04
1.441029318357187394e+00,6.717276992276310921e-04
1.441095569967868473e+00,6.699375226162374020e-04
1.441161791168371842e+00,6.684593972750008106e-04
1.441227981986601625e+00,6.673522875644266605e-04
1.441294142450424198e+00,6.656279438175261021e-04
1.441360272587666858e+00,6.643005181103944778e-04
1.441426372426119151e+00,6.627551047131419182e-04
1.441492441993532214e+00,6.614446756429970264e-04
1.441558481317619211e+00,6.598008912988007069e-04
1.441624490426055338e+00,6.590473931282758713e-04
1.441690469346477377e+00,6.570012192241847515e-04
1.441756418106485027e+00,6.560513284057378769e-04
1.441822336733639354e+00,6.541350157931447029e-04
1.441888225255463896e+00,6.531139952130615711e-04
1.441954083699444888e+00,6.512952386401593685e-04
1.442019912093030154e+00,6.502590258605778217e-04
1.442085710463631099e+00,6.485862541012465954e-04
1.442151478838620271e+00,6.474003312177956104e-04
1.442217217245334027e+00,6.457559647969901562e-04
1.442282925711070973e+00,6.445943145081400871e-04
1.442348604263091527e+00,6.429866771213710308e-04
1.442414252928620355e+00,6.417068070732057095e-04
1.442479871734843933e+00,6.402113940566778183e-04
1.442545460708912319e+00,6.390028866007924080e-04
1.442611019877938272e+00,6.374035729095339775e-04
1.442676549268997244e+00,6.362407002598047256e-04
1.442742048909128494e+00,6.347293965518474579e-04
1.442807518825333979e+00,6.334687350317835808e-04
1.442872959044579018e+00,6.319399108178913593e-04
1.442938369593792736e+00,6.304692942649126053e-04
1.443003750499866511e+00,6.292638136073946953e-04
1.443069101789656417e+00,6.278236396610736847e-04
1.443134423489981222e+00,6.265271222218871117e-04
1.443199715627623503e+00,6.251818267628550529e-04
1.443264978229330087e+00,6.238326313905417919e-04
1.443330211321810497e+00,6.224930402822792530e-04
1.443395414931738729e+00,6.210747524164617062e-04
1.443460589085752366e+00,6.199194467626512051e-04
1.443525733810452794e+00,6.184069206938147545e-04
1.443590849132406095e+00,6.171594141051173210e-04
1.443655935078141495e+00,6.157857133075594902e-04
1.443720991674152687e+00,6.144270882941782475e-04
1.443786018946897398e+00,6.131745176389813423e-04
1.443851016922798047e+00,6.117792217992246151e-04
1.443915985628241083e+00,6.105391075834631920e-04
1.443980925089576983e+00,6.089793751016259193e-04
1.444045835333121364e+00,6.076309364289045334e-04
1.444110716385153648e+00,6.069095106795430183e-04
1.444175568271918175e+00,6.050397641956806183e-04
1.444240391019623981e+00,6.041150190867483616e-04
1.444305184654444574e+00,6.024491158314049244e-04
1.444369949202518155e+00,6.011092918924987316e-04
1.444434684689948067e+00,5.998876295052468777e-04
1.444499391142802347e+00,5.986550240777432919e-04
1.444564068587113947e+00,5.972060025669634342e-04
1.444628717048880739e+00,5.963749717921018600e-04
1.444693336554065732e+00,5.945957964286208153e-04
1.444757927128597297e+00,5.941736744716763496e-04
1.444822488798368942e+00,5.920510157011449337e-04
1.444887021589238874e+00,5.910223699174821377e-04
1.444951525527031322e+00,5.894742789678275585e-04
1.445016000637535214e+00,5.886721191927790642e-04
1.445080446946505726e+00,5.869776941835880280e-04
1.445144864479662949e+00,5.858482909388840199e-04
1.445209253262692783e+00,5.844864645041525364e-04
1.445273613321246264e+00,5.831723683513700962e-04
1.445337944680940900e+00,5.820139776915311813e-04
1.445402247367359561e+00,5.806600674986839294e-04
1.445466521406050919e+00,5.797470221295952797e-04
1.445530766822529234e+00,5.781310610473155975e-04
1.445594983642275455e+00,5.772737204097211361e-04
1.445659171890735450e+00,5.756239988841116428e-04
1.445723331593322447e+00,5.747635150328278542e-04
1.445787462775414367e+00,5.731828277930617332e-04
1.445851565462356270e+00,5.722927162423729897e-04
1.445915639679459241e+00,5.706808879040181637e-04
1.445979685452000840e+00,5.697704036720097065e-04
1.446043702805224207e+00,5.683297640644013882e-04
1.446107691764339620e+00,5.671145045198500156e-04
1.446171652354524051e+00,5.657332367263734341e-04
1.446235584600919832e+00,5.649704253301024437e-04
1.446299488528637323e+00,5.633051041513681412e-04
1.446363364162752019e+00,5.623525357805192471e-04
1.446427211528307888e+00,5.609393701888620853e-04
1.446491030650314036e+00,5.598808638751506805e-04
1.446554821553747594e+00,5.585140897892415524e-04
1.446618584263551277e+00,5.574852111749351025e-04
1.446682318804636491e+00,5.560701247304677963e-04
1.446746025201880004e+00,5.551662179641425610e-04
1.446809703480126386e+00,5.536414100788533688e-04
1.446873353664187567e+00,5.523891886696219444e-04
1.446936975778842172e+00,5.519273108802735806e-04
1.447000569848835960e+00,5.500234547071158886e-04
1.447064135898882498e+00,5.492749041877686977e-04
1.447127673953662264e+00,5.476605147123336792e-04
1.447191184037823763e+00,5.468661547638475895e-04
1.447254666175982196e+00,5.453306948766112328e-04
1.447318120392720342e+00,5.440996610559523106e-04
1.447381546712589229e+00,5.431336467154324055e-04
1.447444945160106800e+00,5.418817163445055485e-04
1.447508315759759467e+00,5.405969568528234959e-04
1.447571658536000339e+00,5.400549853220582008e-04
1.447634973513251655e+00,5.382553208619356155e-04
1.447698260715902130e+00,5.376585759222507477e-04
1.447761520168308946e+00,5.359470378607511520e-04
1.447824751894797979e+00,5.352007574401795864e-04
1.447887955919662017e+00,5.337412585504353046e-04
1.447951132267162544e+00,5.326466634869575500e-04
1.448014280961529510e+00,5.315030575729906559e-04
1.448077402026960003e+00,5.302871577441692352e-04
1.448140495487620028e+00,5.292705027386546135e-04
1.448203561367644054e+00,5.279438919387757778e-04
1.448266599691134582e+00,5.269061657600104809e-04
1.448329610482163021e+00,5.257074953988194466e-04
1.448392593764768588e+00,5.244943313300609589e-04
1.448455549562959188e+00,5.236932192929089069e-04
1.448518477900711643e+00,5.222648615017533302e-04
1.448581378801971242e+00,5.213784170337021351e-04
1.448644252290651746e+00,5.201046587899327278e-04
1.448707098390636494e+00,5.190193769522011280e-04
1.448769917125776185e+00,5.178360734134912491e-04
1.448832708519891765e+00,5.168291972950100899e-04
1.448895472596772427e+00,5.155860562808811665e-04
1.448958209380176054e+00,5.145985051058232784e-04
1.449020918893830334e+00,5.133140366524457932e-04
1.449083601161431423e+00,5.123419687151908875e-04
1.449146256206644834e+00,5.111842183396220207e-04
1.449208884053104995e+00,5.102232098579406738e-04
1.449271484724416359e+00,5.089317564852535725e-04
1.449334058244151402e+00,5.080035189166665077e-04
1.449396604635853070e+00,5.067299352958798409e-04
1.449459123923033443e+00,5.058204405941069126e-04
1.449521616129173074e+00,5.045216530561447144e-04
1.449584081277723868e+00,5.033713532611727715e-04
1.449646519392105315e+00,5.023736739531159401e-04
1.449708930495707815e+00,5.012922338210046291e-04
1.449771314611891349e+00,5.002878024242818356e-04
1.449833671763984588e+00,4.991412279196083546e-04
1.449896001975287119e+00,4.980119410902261734e-04
1.449958305269067882e+00,4.973108880221843719e-04
1.450020581668565622e+00,4.958128556609153748e-04
1.450082831196988886e+00,4.947702400386333466e-04
1.450145053877516910e+00,4.937588819302618504e-04
1.450207249733297843e+00,4.931035800836980343e-04
1.450269418787450970e+00,4.915731260553002357e-04
1.450331561063064711e+00,4.909305716864764690e-04
1.450393676583198621e+00,4.894662997685372829e-04
1.450455765370881833e+00,4.887489485554397106e-04
1.450517827449113950e+00,4.873378202319145203e-04
1.450579862840865042e+00,4.863398498855531216e-04
1.450641871569075425e+00,4.854825383517891169e-04
1.450703853656655662e+00,4.842022899538278580e-04
1.450765809126487005e+00,4.837549931835383177e-04
1.450827738001421618e+00,4.821016045752912760e-04
1.450889640304281469e+00,4.815377178601920605e-04
1.450951516057859658e+00,4.800134629476815462e-04
1.451013365284919976e+00,4.795924469362944365e-04
1.451075188008196681e+00,4.779500886797904968e-04
1.451136984250394724e+00,4.769456863868981600e-04
1.451198754034191074e+00,4.762080207001417875e-04
1.451260497382231618e+00,4.748903156723827124e-04
1.451322214317134707e+00,4.741926095448434353e-04
1.451383904861489382e+00,4.728585190605372190e-04
1.451445569037855154e+00,4.721152072306722403e-04
1.451507206868762889e+00,4.708516935352236032e-04
1.451568818376715253e+00,4.700841673184186220e-04
1.451630403584184936e+00,4.687830805778503418e-04
1.451691962513616874e+00,4.679220146499574184e-04
1.451753495187426468e+00,4.668413021136075258e-04
1.451815001628001145e+00,4.657971148844808340e-04
1.451876481857699464e+00,4.648952453862875700e-04
1.451937935898851340e+00,4.637426172848790884e-04
1.451999363773757823e+00,4.630702896974980831e-04
1.452060765504692430e+00,4.618326493073254824e-04
1.452122141113898923e+00,4.608709132298827171e-04
1.452183490623594198e+00,4.598326631821691990e-04
1.452244814055965616e+00,4.589863528963178396e-04
1.452306111433173008e+00,4.579353262670338154e-04
1.452367382777346894e+00,4.569710581563413143e-04
1.452428628110591369e+00,4.560549568850547075e-04
1.452489847454980998e+00,4.548859142232686281e-04
1.452551040832562368e+00,4.541137604974210262e-04
1.452612208265354754e+00,4.529810685198754072e-04
1.452673349775349010e+00,4.520739894360303879e-04
1.452734465384507567e+00,4.510196158662438393e-04
1.452795555114765769e+00,4.501504881773144007e-04
1.452856618988030535e+00,4.491081053856760263e-04
1.452917657026181253e+00,4.481621726881712675e-04
1.452978669251069777e+00,4.471626307349652052e-04
1.453039655684519760e+00,4.462481301743537188e-04
1.453100616348327323e+00,4.453195433598011732e-04
1.453161551264261053e+00,4.442936333362013102e-04
1.453222460454062226e+00,4.433236026670783758e-04
1.453283343939443917e+00,4.424136423040181398e-04
1.453344201742092334e+00,4.413778078742325306e-04
1.453405033883666375e+00,4.405478248372673988e-04
1.453465840385796515e+00,4.394350398797541857e-04
1.453526621270087249e+00,4.387908848002552986e-04
1.453587376558114652e+00,4.375678545329719782e-04
1.453648106271428375e+00,4.367690999060869217e-04
1.453708810431550091e+00,4.357171419542282820e-04
1.453769489059975495e+00,4.348029033280909061e-04
1.453830142178171636e+00,4.339394508861005306e-04
1.453890769807579808e+00,4.329732328187674284e-04
1.453951371969613549e+00,4.320313746575266123e-04
1.454011948685659750e+00,4.311762750148773193e-04
1.454072499977078214e+00,4.301507433410733938e-04
1.454133025865201656e+00,4.293823149055242538e-04
1.454193526371336587e+00,4.282562586013227701e-04
1.454254001516762207e+00,4.273983940947800875e-04
1.454314451322730850e+00,4.264634626451879740e-04
1.454374875810468426e+00,4.254931700415909290e-04
1.454435275001174865e+00,4.248105979058891535e-04
1.454495648916021899e+00,4.236446402501314878e-04
1.454555997576156168e+00,4.229693440720438957e-04
1.454616321002696999e+00,4.219085676595568657e-04
1.454676619216737077e+00,4.210762272123247385e-04
1.454736892239343549e+00,4.200945841148495674e-04
1.454797140091556251e+00,4.191905900370329618e-04
1.454857362794389042e+00,4.183446872048079967e-04
1.454917560368829799e+00,4.173024208284914494e-04
1.454977732835839532e+00,4.165493883192539215e-04
1.455037880216353274e+00,4.155439382884651423e-04
1.455098002531280077e+00,4.147576109971851110e-04
1.455158099801502569e+00,4.137444484513252974e-04
1.455218172047877401e+00,4.128791624680161476e-04
1.455278219291235686e+00,4.121107922401279211e-04
1.455338241552381673e+00,4.112053429707884789e-04
1.455398238852093851e+00,4.102250968571752310e-04
1.455458211211125397e+00,4.093064635526388884e-04
1.455518158650202620e+00,4.084316024091094732e-04
1.455578081190027628e+00,4.077173070982098579e-04
1.455637978851274772e+00,4.066604888066649437e-04
1.455697851654594199e+00,4.060837090946733952e-04
1.455757699620608969e+00,4.049012204632163048e-04
1.455817522769918160e+00,4.044750239700078964e-04
1.455877321123093981e+00,4.031732969451695681e-04
1.455937094700683776e+00,4.027456161566078663e-04
1.455996843523208240e+00,4.014448204543441534e-04
1.456056567611163866e+00,4.009936237707734108e-04
1.456116266985021390e+00,3.997196035925298929e-04
1.456175941665225793e+00,3.991432604379951954e-04
1.456235591672196517e+00,3.980799519922584295e-04
1.456295217026328803e+00,3.973087004851549864e-04
1.456354817747991026e+00,3.964649222325533628e-04
1.456414393857527800e+00,3.955695428885519505e-04
1.456473945375257317e+00,3.947787627112120390e-04
1.456533472321474010e+00,3.937943547498434782e-04
1.456592974716445443e+00,3.930271777790039778e-04
1.456652452580415646e+00,3.921623574569821358e-04
1.456711905933602669e+00,3.913676773663610220e-04
1.456771334796200579e+00,3.905142366420477629e-04
1.456830739188377022e+00,3.896970301866531372e-04
1.456890119130276329e+00,3.887790953740477562e-04
1.456949474642016629e+00,3.881421871483325958e-04
1.457008805743692070e+00,3.870429063681513071e-04
1.457068112455371933e+00,3.861908626276999712e-04
1.457127394797100406e+00,3.858971467707306147e-04
1.457186652788897252e+00,3.845606697723269463e-04
1.457245886450757144e+00,3.839286800939589739e-04
1.457305095802650996e+00,3.829011693596839905e-04
1.457364280864524186e+00,3.825865860562771559e-04
1.457423441656298557e+00,3.812810464296489954e-04
1.457482578197870193e+00,3.805946907959878445e-04
1.457541690509112087e+00,3.796296368818730116e-04
1.457600778609871695e+00,3.791251801885664463e-04
1.457659842519972715e+00,3.780539555009454489e-04
1.457718882259214199e+00,3.773679782170802355e-04
1.457777897847371218e+00,3.764943103305995464e-04
1.457836889304194639e+00,3.756898222491145134e-04
1.457895856649410460e+00,3.748373128473758698e-04
1.457954799902720922e+00,3.741829714272171259e-04
1.458013719083804505e+00,3.731753386091440916e-04
1.458072614212315044e+00,3.724595007952302694e-04
1.458131485307882391e+00,3.716631908901035786e-04
1.458190332390112642e+00,3.708903677761554718e-04
1.458249155478587467e+00,3.701167879626154900e-04
1.458307954592864775e+00,3.692889586091041565e-04
1.458366729752479385e+00,3.684519615489989519e-04
1.458425480976940802e+00,3.676992491818964481e-04
1.458484208285736106e+00,3.669486613944172859e-04
1.458542911698327060e+00,3.661420778371393681e-04
1.458601591234153005e+00,3.653477760963141918e-04
1.458660246912629299e+00,3.645919205155223608e-04
1.458718878753147097e+00,3.638067864812910557e-04
1.458777486775074461e+00,3.630606224760413170e-04
1.458836070997755696e+00,3.622465592343360186e-04
1.458894631440510903e+00,3.614512970671057701e-04
1.458953168122638200e+00,3.607086546253412962e-04
1.459011681063410615e+00,3.598873445298522711e-04
1.459070170282078749e+00,3.591834974940866232e-04
1.459128635797869444e+00,3.583356156013906002e-04
1.459187077629986007e+00,3.576075832825154066e-04
1.459245495797608649e+00,3.568129905033856630e-04
1.459303890319894714e+00,3.561312041711062193e-04
1.459362261215977119e+00,3.552864945959299803e-04
1.459420608504966577e+00,3.546035441104322672e-04
1.459478932205950485e+00,3.537606098689138889e-04
1.459537232337992707e+00,3.530909016262739897e-04
1.459595508920134455e+00,3.522324550431221724e-04
1.459653761971393404e+00,3.515256394166499376e-04
1.459711991510764584e+00,3.507265064399689436e-04
1.459770197557220150e+00,3.501216415315866470e-04
1.459828380129708503e+00,3.491971292532980442e-04
1.459886539247156056e+00,3.486189234536141157e-04
1.459944674928466135e+00,3.477182181086391211e-04
1.460002787192518747e+00,3.471865202300250530e-04
1.460060876058171475e+00,3.461988526396453381e-04
1.460118941544259030e+00,3.455800469964742661e-04
1.460176983669593476e+00,3.447609196882694960e-04
1.460235002452964004e+00,3.440365253482013941e-04
1.460292997913137603e+00,3.433609672356396914e-04
1.460350970068858167e+00,3.425685281399637461e-04
1.460408918938846723e+00,3.418788837734609842e-04
1.460466844541802756e+00,3.411797806620597839e-04
1.460524746896402215e+00,3.403719456400722265e-04
1.460582626021299291e+00,3.397159453015774488e-04
1.460640481935125301e+00,3.388790064491331577e-04
1.460698314656489583e+00,3.383028088137507439e-04
1.460756124203978379e+00,3.374519292265176773e-04
1.460813910596156173e+00,3.368652251083403826e-04
1.460871673851565244e+00,3.359908005222678185e-04
1.460929413988725001e+00,3.354735672473907471e-04
1.460987131026133312e+00,3.345288278069347143e-04
1.461044824982265400e+00,3.340347902849316597e-04
1.461102495875574503e+00,3.330996842123568058e-04
1.461160143724491656e+00,3.325400757603347301e-04
1.461217768547425910e+00,3.316871589049696922e-04
1.461275370362764336e+00,3.311710024718195200e-04
1.461332949188872021e+00,3.302560653537511826e-04
1.461390505044091181e+00,3.295565256848931313e-04
1.461448037946743828e+00,3.289368469268083572e-04
1.461505547915128433e+00,3.281429817434400320e-04
1.461563034967522379e+00,3.275549679528921843e-04
1.461620499122180838e+00,3.267377323936671019e-04
1.461677940397337672e+00,3.262867976445704699e-04
1.461735358811204755e+00,3.253371687605977058e-04
1.461792754381971982e+00,3.248530556447803974e-04
1.461850127127807708e+00,3.239652432966977358e-04
1.461907477066858974e+00,3.234167525079101324e-04
1.461964804217250391e+00,3.225943655706942081e-04
1.462022108597085701e+00,3.220630169380456209e-04
1.462079390224446662e+00,3.212114097550511360e-04
1.462136649117393938e+00,3.206741821486502886e-04
1.462193885293966211e+00,3.198896301910281181e-04
1.462251098772181068e+00,3.192276926711201668e-04
1.462308289570034114e+00,3.185672103427350521e-04
1.462365457705500305e+00,3.178303595632314682e-04
1.462422603196532833e+00,3.172742144670337439e-04
1.462479726061063801e+00,3.164707741234451532e-04
1.462536826317003547e+00,3.158755716867744923e-04
1.462593903982241761e+00,3.151136334054172039e-04
1.462650959074646151e+00,3.145114169456064701e-04
1.462707991612063996e+00,3.137190360575914383e-04
1.462765001612321036e+00,3.131137345917522907e-04
1.462821989093221697e+00,3.124304930679500103e-04
1.462878954072550197e+00,3.117001324426382780e-04
1.462935896568068328e+00,3.113228594884276390e-04
1.462992816597518120e+00,3.104013449046760798e-04
1.463049714178619842e+00,3.098310262430459261e-04
1.463106589329073337e+00,3.090412355959415436e-04
1.463163442066556685e+00,3.086403885390609503e-04
1.463220272408728206e+00,3.077423898503184319e-04
1.463277080373224459e+00,3.072255931328982115e-04
1.463333865977661574e+00,3.064158372581005096e-04
1.463390629239634810e+00,3.057641733903437853e-04
1.463447370176718554e+00,3.053328546229749918e-04
1.463504088806466985e+00,3.044465847779065371e-04
1.463560785146412746e+00,3.041506279259920120e-04
1.463617459214068273e+00,3.031535306945443153e-04
1.463674111026925795e+00,3.027167695108801126e-04
1.463730740602456004e+00,3.018750576302409172e-04
1.463787347958109830e+00,3.014754329342395067e-04
1.463843933111317108e+00,3.006123879458755255e-04
1.463900496079487690e+00,3.000714350491762161e-04
1.463957036880010332e+00,2.993232337757945061e-04
1.464013555530254251e+00,2.988029737025499344e-04
1.464070052047567128e+00,2.980635908897966146e-04
1.464126526449277321e+00,2.975092211272567511e-04
1.464182978752692321e+00,2.967935579363256693e-04
1.464239408975099188e+00,2.962294092867523432e-04
1.464295817133764999e+00,2.955568488687276840e-04
1.464352203245936401e+00,2.949222398456186056e-04
1.464408567328840283e+00,2.943698200397193432e-04
1.464464909399682435e+00,2.936196688096970320e-04
1.464521229475649555e+00,2.929816837422549725e-04
1.464577527573907245e+00,2.925051085185259581e-04
1.464633803711601567e+00,2.917844976764172316e-04
1.464690057905858600e+00,2.912050695158541203e-04
1.464746290173784438e+00,2.905633882619440556e-04
1.464802500532464746e+00,2.899270039051771164e-04
1.464858688998964986e+00,2.892798220273107290e-04
1.464914855590331966e+00,2.887228620238602161e-04
1.464971000323591399e+00,2.880058309528976679e-04
1.465027123215749683e+00,2.876626385841518641e-04
1.465083224283792784e+00,2.867674629669636488e-04
1.465139303544688021e+00,2.864620182663202286e-04
1.465195361015381392e+00,2.855520870070904493e-04
1.465251396712800247e+00,2.851954486686736345e-04
1.465307410653852394e+00,2.843355177901685238e-04
1.465363402855424768e+00,2.839669468812644482e-04
1.465419373334386099e+00,2.831390884239226580e-04
1.465475322107584022e+00,2.826839045155793428e-04
1.465531249191847740e+00,2.819662040565162897e-04
1.465587154603986253e+00,2.814648032654076815e-04
1.465643038360789907e+00,2.807649143505841494e-04
1.465698900479027733e+00,2.802685194183140993e-04
1.465754740975451442e+00,2.795529435388743877e-04
1.465810559866791873e+00,2.791121951304376125e-04
1.465866357169760992e+00,2.783762756735086441e-04
1.465922132901051222e+00,2.779273490887135267e-04
1.465977887077335451e+00,2.771914005279541016e-04
1.466033619715267911e+00,2.766885736491531134e-04
1.466089330831482851e+00,2.760136558208614588e-04
1.466145020442595648e+00,2.755465684458613396e-04
1.466200688565201915e+00,2.748050610534846783e-04
1.466256335215879059e+00,2.742804354056715965e-04
1.466311960411184279e+00,2.736444293987005949e-04
1.466367564167656345e+00,2.731111017055809498e-04
1.466423146501814267e+00,2.725150843616575003e-04
1.466478707430158401e+00,2.719335316214710474e-04
1.466534246969170230e+00,2.713655994739383459e-04
1.466589765135311918e+00,2.707086678128689528e-04
1.466645261945026535e+00,2.704882645048201084e-04
1.466700737414738276e+00,2.695540315471589565e-04
1.466756191560852240e+00,2.692797570489346981e-04
1.466811624399755321e+00,2.684190694708377123e-04
1.466867035947814868e+00,2.680394682101905346e-04
1.466922426221379139e+00,2.672935952432453632e-04
1.466977795236778404e+00,2.668736269697546959e-04
1.467033143010323393e+00,2.661627368070185184e-04
1.467088469558306407e+00,2.656874712556600571e-04
1.467143774897001318e+00,2.650619717314839363e-04
1.467199059042662679e+00,2.645599015522748232e-04
1.467254322011526613e+00,2.639424346853047609e-04
1.467309563819810814e+00,2.634579723235219717e-04
1.467364784483713658e+00,2.628186193760484457e-04
1.467419984019415757e+00,2.623051113914698362e-04
1.467475162443079073e+00,2.616910787764936686e-04
1.467530319770846248e+00,2.612099924590438604e-04
1.467585456018842383e+00,2.605460467748343945e-04
1.467640571203173483e+00,2.601297455839812756e-04
1.467695665339927125e+00,2.594397810753434896e-04
1.467750738445172676e+00,2.590227813925594091e-04
1.467805790534961519e+00,2.583161694929003716e-04
1.467860821625325496e+00,2.577845007181167603e-04
1.467915831732279575e+00,2.572611265350133181e-04
1.467970820871818738e+00,2.566962793935090303e-04
1.468025789059921316e+00,2.561766887083649635e-04
1.468080736312546097e+00,2.555747632868587971e-04
1.468135662645634998e+00,2.551818033680319786e-04
1.468190568075109947e+00,2.544889866840094328e-04
1.468245452616876667e+00,2.540792047511786222e-04
1.468300316286821117e+00,2.533957886043936014e-04
1.468355159100811935e+00,2.529623452574014664e-04
1.468409981074699555e+00,2.523419097997248173e-04
1.468464782224316423e+00,2.518495602998882532e-04
1.468519562565476555e+00,2.513048530090600252e-04
1.468574322113976871e+00,2.507626195438206196e-04
1.468629060885594750e+00,2.502530405763536692e-04
1.468683778896091141e+00,2.497813547961413860e-04
1.468738476161208562e+00,2.491514023859053850e-04
1.468793152696671100e+00,2.487348392605781555e-04
1.468847808518185971e+00,2.480858820490539074e-04
1.468902443641441291e+00,2.477090165484696627e-04
1.468957058082108968e+00,2.470174804329872131e-04
1.469011651855841594e+00,2.465207362547516823e-04
1.469066224978274438e+00,2.459947427269071341e-04
1.469120777465025673e+00,2.455562644172459841e-04
1.469175309331695267e+00,2.449325111228972673e-04
1.469229820593865643e+00,2.444195561110973358e-04
1.469284311267101018e+00,2.439967793179675937e-04
1.469338781366948510e+00,2.433599438518285751e-04
1.469393230908937698e+00,2.429761370876803994e-04
1.469447659908580395e+00,2.423240657662972808e-04
1.469502068381371318e+00,2.419498632661998272e-04
1.469556456342786310e+00,2.413027395959943533e-04
1.469610823808285671e+00,2.408889704383909702e-04
1.469665170793310605e+00,2.402847458142787218e-04
1.469719497313285661e+00,2.397748176008462906e-04
1.469773803383617627e+00,2.393718605162575841e-04
1.469828089019696193e+00,2.387659769738093019e-04
1.469882354236893729e+00,2.383572282269597054e-04
1.469936599050564840e+00,2.377328783040866256e-04
1.469990823476047037e+00,2.372820599703118205e-04
1.470045027528660730e+00,2.367523120483383536e-04
1.470099211223708568e+00,2.363500971114262938e-04
1.470153374576476990e+00,2.357350749662145972e-04
1.470207517602233782e+00,2.352375013288110495e-04
1.470261640316230745e+00,2.348224516026675701e-04
1.470315742733702136e+00,2.342211228096857667e-04
1.470369824869864672e+00,2.339426282560452819e-04
1.470423886739918640e+00,2.332475123694166541e-04
1.470477928359046560e+00,2.328227419639006257e-04
1.470531949742414746e+00,2.322450600331649184e-04
1.470585950905171524e+00,2.319077902939170599e-04
1.470639931862449235e+00,2.312754077138379216e-04
1.470693892629362010e+00,2.308424009243026376e-04
1.470747833221008216e+00,2.302806096849963069e-04
1.470801753652468458e+00,2.299757907167077065e-04
1.470855653938807128e+00,2.293034776812419295e-04
1.470909534095071081e+00,2.289937692694365978e-04
1.470963394136290736e+00,2.283402136527001858e-04
1.471017234077479419e+00,2.279921463923528790e-04
1.471071053933634021e+00,2.273739082738757133e-04
1.471124853719734116e+00,2.270423865411430597e-04
1.471178633450743289e+00,2.264160139020532370e-04
1.471232393141607586e+00,2.260971523355692625e-04
1.471286132807256841e+00,2.254627470392733812e-04
1.471339852462604014e+00,2.251208788948133588e-04
1.471393552122545412e+00,2.245220384793356061e-04
1.471447231801961131e+00,2.241348702227696776e-04
1.471500891515714171e+00,2.235967986052855849e-04
1.471554531278650657e+00,2.231497201137244701e-04
1.471608151105601392e+00,2.226512588094919920e-04
1.471661751011379193e+00,2.222007897216826677e-04
1.471715331010781336e+00,2.217191358795389533e-04
1.471768891118587996e+00,2.212718391092494130e-04
1.471822431349563809e+00,2.207844663644209504e-04
1.471875951718456088e+00,2.202801115345209837e-04
1.471929452239995717e+00,2.198915899498388171e-04
1.471982932928898036e+00,2.193620166508480906e-04
1.472036393799861287e+00,2.189273509429767728e-04
1.472089834867567504e+00,2.184555487474426627e-04
1.472143256146682733e+00,2.179434231948107481e-04
1.472196657651856144e+00,2.175237168557941914e-04
1.472250039397721588e+00,2.170480438508093357e-04
1.472303401398895595e+00,2.165393816540017724e-04
1.472356743669979151e+00,2.163216267945244908e-04
1.472410066225556813e+00,2.156292903237044811e-04
1.472463369080197149e+00,2.153434179490432143e-04
1.472516652248452740e+00,2.147497580153867602e-04
1.472569915744859070e+00,2.143815945601090789e-04
1.472623159583936969e+00,2.138314157491549850e-04
1.472676383780190168e+00,2.134583482984453440e-04
1.472729588348106855e+00,2.129588247044011950e-04
1.472782773302158565e+00,2.125411992892622948e-04
1.472835938656801735e+00,2.120670687872916460e-04
1.472889084426476147e+00,2.116013492923229933e-04
1.472942210625605819e+00,2.111811772920191288e-04
1.472995317268599003e+00,2.107199106831103563e-04
1.473048404369847963e+00,2.103120496030896902e-04
1.473101471943728535e+00,2.098050026688724756e-04
1.473154520004601897e+00,2.094311639666557312e-04
1.473207548566812353e+00,2.089017361868172884e-04
1.473260557644688662e+00,2.085286541841924191e-04
1.473313547252543820e+00,2.080426347674801946e-04
1.473366517404675280e+00,2.076480595860630274e-04
1.473419468115364506e+00,2.071511262329295278e-04
1.473472399398877419e+00,2.067437599180266261e-04
1.473525311269463733e+00,2.063196152448654175e-04
1.473578203741358283e+00,2.059146790998056531e-04
1.473631076828779918e+00,2.054046781267970800e-04
1.473683930545931275e+00,2.050550392596051097e-04
1.473736764907000341e+00,2.045319997705519199e-04
1.473789579926159110e+00,2.041618572548031807e-04
1.473842375617563816e+00,2.037053054664283991e-04
1.473895151995355368e+00,2.032650663750246167e-04
1.473947909073659135e+00,2.028729359153658152e-04
1.474000646866585162e+00,2.023908746195957065e-04
1.474053365388227510e+00,2.020223037106916308e-04
1.474106064652665582e+00,2.015235804719850421e-04
1.474158744673962795e+00,2.012025361182168126e-04
1.474211405466167024e+00,2.006531722145155072e-04
1.474264047043311265e+00,2.002913242904469371e-04
1.474316669419412529e+00,1.998227526200935245e-04
1.474369272608473391e+00,1.993880141526460648e-04
1.474421856624480665e+00,1.990783202927559614e-04
1.474474421481405395e+00,1.985465642064809799e-04
1.474526967193203975e+00,1.982693647732958198e-04
1.474579493773817473e+00,1.977146021090447903e-04
1.474632001237171419e+00,1.974165934370830655e-04
1.474684489597176684e+00,1.969151635421440005e-04
1.474736958867728376e+00,1.965059927897527814e-04
1.474789409062706502e+00,1.961053785635158420e-04
1.474841840195976639e+00,1.956835039891302586e-04
1.474894252281388596e+00,1.952580496435984969e-04
1.474946645332776862e+00,1.948673889273777604e-04
1.474999019363961716e+00,1.944398536579683423e-04
1.475051374388747893e+00,1.940253714565187693e-04
1.475103710420924807e+00,1.936004555318504572e-04
1.475156027474267439e+00,1.932038430823013186e-04
1.475208325562535450e+00,1.927989069372415543e-04
1.475260604699474065e+00,1.923868840094655752e-04
1.475312864898812304e+00,1.919904461828991771e-04
1.475365106174265639e+00,1.915287866722792387e-04
1.475417328539534445e+00,1.913353189593181014e-04
1.475469532008303108e+00,1.907163823489099741e-04
1.475521716594242472e+00,1.905040116980671883e-04
1.475573882311008056e+00,1.899140333989635110e-04
1.475626029172240505e+00,1.896807370940223336e-04
1.475678157191565365e+00,1.891159918159246445e-04
1.475730266382594413e+00,1.887765247374773026e-04
1.475782356758923441e+00,1.883328077383339405e-04
1.475834428334134696e+00,1.879710616776719689e-04
1.475886481121794658e+00,1.875537855084985495e-04
1.475938515135455820e+00,1.871506538009271026e-04
1.475990530388656241e+00,1.867873797891661525e-04
1.476042526894918216e+00,1.863753568613901734e-04
1.476094504667750273e+00,1.859923504525795579e-04
1.476146463720646729e+00,1.856440067058429122e-04
1.476198404067086356e+00,1.851924607763066888e-04
1.476250325720533718e+00,1.848814281402155757e-04
1.476302228694439167e+00,1.843978097895160317e-04
1.476354113002238400e+00,1.840870390878990293e-04
1.476405978657352458e+00,1.836232841014862061e-04
1.476457825673187951e+00,1.833110000006854534e-04
1.476509654063137056e+00,1.828551903599873185e-04
1.476561463840577515e+00,1.825392246246337891e-04
1.476613255018873305e+00,1.820795005187392235e-04
1.476665027611372416e+00,1.817775046220049262e-04
1.476716781631409958e+00,1.813014241633936763e-04
1.476768517092306388e+00,1.809675450203940272e-04
1.476820234007367505e+00,1.805548381526023149e-04
1.476871932389885123e+00,1.802286278689280152e-04
1.476923612253135953e+00,1.797925651771947742e-04
1.476975273610384054e+00,1.794373965822160244e-04
1.477026916474877494e+00,1.790545356925576925e-04
1.477078540859851241e+00,1.786472566891461611e-04
1.477130146778525832e+00,1.783508050721138716e-04
1.477181734244107369e+00,1.778913865564391017e-04
1.477233303269787745e+00,1.776361896190792322e-04
1.477284853868745307e+00,1.771447714418172836e-04
1.477336386054143524e+00,1.768748188624158502e-04
1.477387899839132546e+00,1.763969921739771962e-04
1.477439395236847863e+00,1.761501480359584093e-04
1.477490872260410537e+00,1.756735437083989382e-04
1.477542330922928748e+00,1.753405958879739046e-04
1.477593771237495801e+00,1.749399671098217368e-04
1.477645193217191011e+00,1.746028283378109336e-04
1.477696596875080370e+00,1.741937303449958563e-04
1.477747982224215217e+00,1.738766877679154277e-04
1.477799349277632901e+00,1.734854158712550998e-04
1.477850698048357669e+00,1.731248630676418543e-04
1.477902028549398894e+00,1.727626804495230317e-04
1.477953340793753068e+00,1.723893947200849652e-04
1.478004634794401584e+00,1.720137079246342182e-04
1.478055910564313180e+00,1.716988044790923595e-04
1.478107168116441716e+00,1.712785888230428100e-04
1.478158407463728619e+00,1.710048672975972295e-04
1.478209628619099991e+00,1.705532486084848642e-04
1.478260831595469060e+00,1.702426088741049170e-04
1.478312016405735063e+00,1.698393898550421000e-04
1.478363183062784136e+00,1.694944803602993488e-04
1.478414331579487540e+00,1.691322977421805263e-04
1.478465461968703876e+00,1.687377225607633591e-04
1.478516574243277537e+00,1.683826412772759795e-04
1.478567668416038927e+00,1.681774883763864636e-04
1.478618744499806237e+00,1.677099935477599502e-04
1.478669802507382558e+00,1.673576043685898185e-04
1.478720842451557882e+00,1.670290221227332950e-04
1.478771864345108877e+00,1.666465541347861290e-04
1.478822868200798446e+00,1.662673603277653456e-04
1.478873854031376167e+00,1.660969282966107130e-04
1.478924821849577631e+00,1.655669475439935923e-04
1.478975771668125327e+00,1.653489598538726568e-04
1.479026703499728201e+00,1.648769248276948929e-04
1.479077617357081875e+00,1.645262673264369369e-04
1.479128513252867982e+00,1.642792049096897244e-04
1.479179391199755722e+00,1.638463727431371808e-04
1.479230251210400082e+00,1.635396183701232076e-04
1.479281093297442506e+00,1.631598133826628327e-04
1.479331917473512226e+00,1.628434256417676806e-04
1.479382723751223594e+00,1.625001896172761917e-04
1.479433512143178975e+00,1.621439005248248577e-04
1.479484282661966521e+00,1.618878741282969713e-04
1.479535035320161729e+00,1.614402863197028637e-04
1.479585770130326550e+00,1.611820043763145804e-04
1.479636487105009612e+00,1.607826270628720522e-04
1.479687186256746223e+00,1.604803110240027308e-04
1.479737867598059031e+00,1.600979594513773918e-04
1.479788531141456920e+00,1.598017406649887562e-04
1.479839176899435449e+00,1.594595087226480246e-04
1.479889804884477966e+00,1.591018808539956808e-04
1.479940415109053831e+00,1.587572332937270403e-04
1.479991007585619300e+00,1.584596320753917098e-04
1.480041582326618199e+00,1.580772513989359140e-04
1.480092139344480584e+00,1.578206720296293497e-04
1.480142678651623633e+00,1.574072084622457623e-04
1.480193200260451869e+00,1.571793691255152225e-04
1.480243704183356046e+00,1.567625149618834257e-04
1.480294190432714707e+00,1.565003331052139401e-04
1.480344659020892850e+00,1.560946693643927574e-04
1.480395109960242372e+00,1.558423682581633329e-04
1.480445543263103181e+00,1.554391783429309726e-04
1.480495958941800971e+00,1.551919704070314765e-04
1.480546357008649672e+00,1.547884457977488637e-04
1.480596737475949443e+00,1.545089617138728499e-04
1.480647100355988011e+00,1.541457313578575850e-04
1.480697445661040001e+00,1.538507203804329038e-04
1.480747773403367606e+00,1.535002375021576881e-04
1.480798083595219472e+00,1.532265450805425644e-04
1.480848376248832032e+00,1.528400316601619124e-04
1.480898651376429065e+00,1.526217383798211813e-04
1.480948908990220803e+00,1.521933445474132895e-04
1.480999149102405710e+00,1.519442448625341058e-04
1.481049371725168484e+00,1.515806507086381316e-04
1.481099576870682055e+00,1.512843737145885825e-04
1.481149764551105807e+00,1.509284047642722726e-04
1.481199934778586913e+00,1.506533735664561391e-04
1.481250087565259665e+00,1.503175153629854321e-04
1.481300222923246590e+00,1.500117068644613028e-04
1.481350340864656001e+00,1.496745244367048144e-04
1.481400441401584667e+00,1.493995368946343660e-04
1.481450524546116698e+00,1.490362919867038727e-04
1.481500590310323107e+00,1.487495319452136755e-04
1.481550638706262912e+00,1.484220410929992795e-04
1.481600669745982701e+00,1.481094077462330461e-04
1.481650683441515293e+00,1.478091726312413812e-04
1.481700679804882848e+00,1.474635355407372117e-04
1.481750658848093094e+00,1.472874573664739728e-04
1.481800620583143102e+00,1.468310947529971600e-04
1.481850565022016175e+00,1.465633831685408950e-04
1.481900492176684070e+00,1.462427171645686030e-04
1.481950402059105221e+00,1.459481427446007729e-04
1.482000294681226515e+00,1.456280733691528440e-04
1.482050170054981519e+00,1.453628792660310864e-04
1.482100028192292474e+00,1.450101117370650172e-04
1.482149869105068740e+00,1.447035028832033277e-04
1.482199692805207247e+00,1.444258377887308598e-04
1.482249499304592488e+00,1.441066415281966329e-04
1.482299288615096966e+00,1.438255130778998137e-04
1.482349060748581193e+00,1.435569720342755318e-04
1.482398815716892804e+00,1.431968703400343657e-04
1.482448553531866997e+00,1.429124531568959355e-04
1.482498274205327649e+00,1.426109520252794027e-04
1.482547977749085977e+00,1.422944915248081088e-04
1.482597664174940322e+00,1.420242770109325647e-04
1.482647333494677921e+00,1.416948070982471108e-04
1.482696985720073357e+00,1.414368889527395368e-04
1.482746620862888776e+00,1.410881232004612684e-04
1.482796238934874999e+00,1.408113894285634160e-04
1.482845839947769306e+00,1.405254297424107790e-04
1.482895423913298982e+00,1.402699126629158854e-04
1.482944990843176658e+00,1.399228058289736509e-04
1.482994540749105417e+00,1.396297884639352560e-04
1.483044073642774352e+00,1.393737620674073696e-04
1.483093589535861678e+00,1.390533579979091883e-04
1.483143088440033175e+00,1.387782103847712278e-04
1.483192570366942631e+00,1.384938514092937112e-04
1.483242035328231623e+00,1.381809852318838239e-04
1.483291483335530403e+00,1.379031891701743007e-04
1.483340914400456567e+00,1.376191503368318081e-04
1.483390328534615943e+00,1.373405830236151814e-04
1.483439725749603033e+00,1.370337704429402947e-04
1.483489106056999685e+00,1.367678196402266622e-04
1.483538469468376197e+00,1.364574563922360539e-04
1.483587815995290882e+00,1.362168259220197797e-04
1.483637145649290279e+00,1.359054294880479574e-04
1.483686458441908940e+00,1.356170396320521832e-04
1.483735754384669869e+00,1.353304105577990413e-04
1.483785033489083860e+00,1.350383245153352618e-04
1.483834295766650824e+00,1.347532670479267836e-04
1.483883541228857350e+00,1.344673073617741466e-04
1.483932769887179814e+00,1.341589377261698246e-04
1.483981981753081714e+00,1.340082380920648575e-04
1.484031176838015442e+00,1.336005952907726169e-04
1.484080355153421849e+00,1.333725231233984232e-04
1.484129516710729346e+00,1.330583472736179829e-04
1.484178661521355469e+00,1.328427606495097280e-04
1.484227789596705538e+00,1.324878830928355455e-04
1.484276900948173106e+00,1.322021271334961057e-04
1.484325995587140845e+00,1.320818410022184253e-04
1.484375073524978994e+00,1.316604611929506063e-04
1.484424134773046688e+00,1.314971450483426452e-04
1.484473179342691518e+00,1.311125088250264525e-04
1.484522207245248859e+00,1.309027284150943160e-04
1.484571218492043432e+00,1.305760670220479369e-04
1.484620213094387964e+00,1.303305762121453881e-04
1.484669191063583416e+00,1.300448784604668617e-04
1.484718152410919645e+00,1.297635753871873021e-04
1.484767097147674964e+00,1.295259862672537565e-04
1.484816025285116137e+00,1.292230153921991587e-04
1.484864936834498383e+00,1.289888314204290509e-04
1.484913831807065376e+00,1.286780025111511350e-04
1.484962710214050130e+00,1.284498284803703427e-04
1.485011572066672780e+00,1.281485165236517787e-04
1.485060417376143693e+00,1.278880808968096972e-04
1.485109246153660800e+00,1.276119292015209794e-04
1.485158058410410931e+00,1.273783127544447780e-04
1.485206854157570033e+00,1.270944776479154825e-04
1.485255633406301401e+00,1.268304331460967660e-04
1.485304396167758778e+00,1.265522878384217620e-04
1.485353142453083031e+00,1.263086014660075307e-04
1.485401872273405255e+00,1.260029530385509133e-04
1.485450585639843890e+00,1.257847034139558673e-04
1.485499282563506496e+00,1.254875387530773878e-04
1.485547963055489751e+00,1.252732763532549143e-04
1.485596627126879232e+00,1.249543129233643413e-04
1.485645274788748527e+00,1.247334439540281892e-04
1.485693906052160562e+00,1.244277955265715718e-04
1.485742520928167387e+00,1.242071884917095304e-04
1.485791119427809059e+00,1.239216071553528309e-04
1.485839701562114756e+00,1.236876705661416054e-04
1.485888267342103441e+00,1.234104420291259885e-04
1.485936816778781866e+00,1.231792994076386094e-04
1.485985349883145679e+00,1.228887995239347219e-04
1.486033866666179870e+00,1.226135209435597062e-04
1.486082367138858329e+00,1.224872103193774819e-04
1.486130851312143841e+00,1.221028651343658566e-04
1.486179319196988313e+00,1.218936376972123981e-04
1.486227770804331882e+00,1.216062664752826095e-04
1.486276206145104473e+00,1.213393188663758337e-04
1.486324625230224683e+00,1.212476490763947368e-04
1.486373028070600011e+00,1.208374960697256029e-04
1.486421414677127517e+00,1.206488959724083543e-04
1.486469785060692494e+00,1.203441570396535099e-04
1.486518139232169577e+00,1.201676786877214909e-04
1.486566477202423187e+00,1.198498430312611163e-04
1.486614798982305752e+00,1.196326120407320559e-04
1.486663104582659489e+00,1.193431817227974534e-04
1.486711394014315291e+00,1.191373885376378894e-04
1.486759667288093834e+00,1.188406895380467176e-04
1.486807924414804249e+00,1.186639419756829739e-04
1.486856165405245012e+00,1.183471686090342700e-04
1.486904390270203713e+00,1.181579573312774301e-04
1.486952599020457511e+00,1.178735110443085432e-04
1.487000791666772681e+00,1.176249497802928090e-04
1.487048968219904399e+00,1.174141143565066159e-04
1.487097128690596959e+00,1.171255644294433296e-04
1.487145273089584219e+00,1.169175739050842822e-04
1.487193401427589379e+00,1.166375732282176614e-04
1.487241513715324759e+00,1.164368732133880258e-04
1.487289609963492021e+00,1.161484542535617948e-04
1.487337690182781724e+00,1.159110979642719030e-04
1.487385754383874437e+00,1.157087681349366903e-04
1.487433802577439845e+00,1.154339261120185256e-04
1.487481834774136313e+00,1.152097174781374633e-04
1.487529850984612656e+00,1.149535892182029784e-04
1.487577851219506142e+00,1.147539223893545568e-04
1.487625835489443826e+00,1.144899215432815254e-04
1.487673803805042105e+00,1.142572364187799394e-04
1.487721756176906940e+00,1.140059321187436581e-04
1.487769692615633632e+00,1.137644721893593669e-04
1.487817613131806382e+00,1.135161364800296724e-04
1.487865517736000065e+00,1.133298283093608916e-04
1.487913406438777786e+00,1.130505261244252324e-04
1.487961279250692881e+00,1.128394796978682280e-04
1.488009136182287806e+00,1.125594571931287646e-04
1.488056977244094581e+00,1.123963593272492290e-04
1.488104802446635455e+00,1.120937085943296552e-04
1.488152611800420688e+00,1.119348744396120310e-04
1.488200405315951880e+00,1.116382554755546153e-04
1.488248183003718639e+00,1.114913684432394803e-04
1.488295944874201249e+00,1.111609526560641825e-04
1.488343690937869113e+00,1.109785662265494466e-04
1.488391421205180976e+00,1.107125353883020580e-04
1.488439135686586257e+00,1.105386108974926174e-04
1.488486834392522828e+00,1.102462119888514280e-04
1.488534517333418572e+00,1.100381196010857821e-04
1.488582184519691376e+00,1.097959830076433718e-04
1.488629835961748693e+00,1.095539046218618751e-04
1.488677471669987096e+00,1.094664548872970045e-04
1.488725091654793831e+00,1.091394369723275304e-04
1.488772695926544820e+00,1.088801363948732615e-04
1.488820284495606883e+00,1.086868942365981638e-04
1.488867857372335513e+00,1.084321702364832163e-04
1.488915414567076212e+00,1.082126618712209165e-04
1.488962956090165157e+00,1.079956491594202816e-04
1.489010481951926756e+00,1.077625493053346872e-04
1.489057992162676536e+00,1.075433101505041122e-04
1.489105486732719141e+00,1.073427920346148312e-04
1.489152965672349671e+00,1.070897560566663742e-04
1.489200428991852121e+00,1.069091740646399558e-04
1.489247876701501161e+00,1.066543918568640947e-04
1.489295308811560803e+00,1.064576863427646458e-04
1.489342725332285289e+00,1.062105147866532207e-04
1.489390126273918868e+00,1.060132562997750938e-04
1.489437511646694912e+00,1.057903500623069704e-04
1.489484881460837906e+00,1.055685497703962028e-04
1.489532235726561238e+00,1.053549058269709349e-04
1.489579574454068522e+00,1.051441431627608836e-04
1.489626897653553605e+00,1.049134225468151271e-04
1.489674205335200119e+00,1.046927209245041013e-04
1.489721497509181924e+00,1.044700838974677026e-04
1.489768774185662226e+00,1.042592703015543520e-04
1.489816035374794678e+00,1.040396673488430679e-04
1.489863281086723168e+00,1.038346745190210640e-04
1.489910511331581588e+00,1.036016183206811547e-04
1.489957726119493397e+00,1.034092856571078300e-04
1.490004925460572283e+00,1.031516294460743666e-04
1.490052109364922606e+00,1.030454877763986588e-04
1.490099277842638070e+00,1.027337275445461273e-04
1.490146430903802610e+00,1.025544770527631044e-04
1.490193568558490389e+00,1.023099393933080137e-04
1.490240690816766023e+00,1.021368152578361332e-04
1.490287797688684135e+00,1.019042974803596735e-04
1.490334889184288913e+00,1.016960814013145864e-04
1.490381965313615220e+00,1.014966110233217478e-04
1.490429026086688591e+00,1.012625216390006244e-04
1.490476071513523459e+00,1.010968408081680536e-04
1.490523101604125378e+00,1.008400795399211347e-04
1.490570116368490350e+00,1.006776801659725606e-04
1.490617115816603500e+00,1.004336299956776202e-04
1.490664099958441735e+00,1.002470598905347288e-04
1.490711068803970640e+00,1.000100237433798611e-04
1.490758022363147139e+00,9.985543147195130587e-05
1.490804960645917943e+00,9.958914597518742085e-05
1.490851883662220656e+00,9.946300997398793697e-05
1.490898791421982228e+00,9.917926217895001173e-05
1.490945683935120725e+00,9.905108890961855650e-05
1.490992561211543999e+00,9.877281991066411138e-05
1.491039423261151020e+00,9.860938735073432326e-05
1.491086270093830102e+00,9.837243123911321163e-05
1.491133101719460674e+00,9.820357081480324268e-05
1.491179918147912398e+00,9.797385428100824356e-05
1.491226719389045385e+00,9.778345702216029167e-05
1.491273505452709314e+00,9.754260099725797772e-05
1.491320276348745644e+00,9.742323163663968444e-05
1.491367032086985400e+00,9.714797488413751125e-05
1.491413772677250282e+00,9.700738155515864491e-05
1.491460498129352441e+00,9.674682223703712225e-05
1.491507208453094702e+00,9.660853538662195206e-05
1.491553903658269675e+00,9.634215530240908265e-05
1.491600583754661313e+00,9.615572344046086073e-05
1.491647248752043353e+00,9.595373558113351464e-05
1.491693898660180650e+00,9.578822209732607007e-05
1.491740533488828513e+00,9.555795259075239301e-05
1.491787153247732256e+00,9.539490565657615662e-05
1.491833757946628536e+00,9.516903082840144634e-05
1.491880347595243794e+00,9.500387386651709676e-05
1.491926922203295369e+00,9.478034189669415355e-05
1.491973481780491273e+00,9.460426372243091464e-05
1.492020026336530414e+00,9.438257256988435984e-05
1.492066555881101930e+00,9.421646245755255222e-05
1.492113070423884968e+00,9.400367707712575793e-05
1.492159569974550903e+00,9.383363794768229127e-05
1.492206054542760452e+00,9.360317199025303125e-05
1.492252524138165226e+00,9.345627768198028207e-05
1.492298978770407958e+00,9.320908429799601436e-05
1.492345418449121608e+00,9.309166489401832223e-05
1.492391843183930256e+00,9.282364771934226155e-05
1.492438252984447988e+00,9.266664710594341159e-05
1.492484647860280456e+00,9.245034016203135252e-05
1.492531027821023759e+00,9.227503323927521706e-05
1.492577392876264453e+00,9.207465336658060551e-05
1.492623743035580208e+00,9.188481635646894574e-05
1.492670078308539372e+00,9.170370321953669190e-05
1.492716398704700520e+00,9.151942504104226828e-05
1.492762704233614013e+00,9.132798732025548816e-05
1.492808994904820663e+00,9.115266584558412433e-05
1.492855270727851513e+00,9.093790868064388633e-05
1.492901531712229390e+00,9.077577124116942286e-05
1.492947777867466685e+00,9.056677663465961814e-05
1.492994009203068240e+00,9.041107841767370701e-05
1.493040225728528902e+00,9.019981371238827705e-05
1.493086427453333975e+00,9.002173464978113770e-05
1.493132614386960100e+00,8.982542203739285469e-05
1.493178786538875480e+00,8.965569577412679791e-05
1.493224943918538106e+00,8.945770969148725271e-05
1.493271086535397529e+00,8.928759780246764421e-05
1.493317214398893755e+00,8.908573363441973925e-05
1.493363327518458572e+00,8.890150638762861490e-05
1.493409425903513998e+00,8.874518243828788400e-05
1.493455509563473393e+00,8.853541658027097583e-05
1.493501578507741012e+00,8.836155757308006287e-05
1.493547632745711340e+00,8.815882029011845589e-05
1.493593672286771534e+00,8.803496166365221143e-05
1.493639697140298095e+00,8.779744530329480767e-05
1.493685707315659750e+00,8.761216304264962673e-05
1.493731702822215457e+00,8.751084533287212253e-05
1.493777683669315737e+00,8.725174120627343655e-05
1.493823649866302006e+00,8.712449925951659679e-05
1.493869601422506799e+00,8.689810056239366531e-05
1.493915538347253102e+00,8.670926035847514868e-05
1.493961460649856354e+00,8.657078433316200972e-05
1.494007368339621999e+00,8.635540871182456613e-05
1.494053261425846602e+00,8.626401540823280811e-05
1.494099139917818730e+00,8.599882130511105061e-05
1.494145003824817186e+00,8.588502532802522182e-05
1.494190853156112331e+00,8.564565359847620130e-05
1.494236687920965645e+00,8.550710481358692050e-05
1.494282508128629727e+00,8.529968908987939358e-05
1.494328313788348739e+00,8.511956548318266869e-05
1.494374104909357293e+00,8.501126285409554839e-05
1.494419881500881786e+00,8.478060772176831961e-05
1.494465643572139735e+00,8.461705874651670456e-05
1.494511391132339551e+00,8.442974649369716644e-05
1.494557124190681652e+00,8.427240391029044986e-05
1.494602842756356909e+00,8.408577559748664498e-05
1.494648546838547976e+00,8.393979805987328291e-05
1.494694236446428182e+00,8.373803575523197651e-05
1.494739911589163084e+00,8.359469211427494884e-05
1.494785572275908692e+00,8.339814667124301195e-05
1.494831218515812354e+00,8.322747453348711133e-05
1.494876850318013650e+00,8.305248775286599994e-05
1.494922467691642387e+00,8.289439574582502246e-05
1.494968070645820379e+00,8.273099228972569108e-05
1.495013659189660560e+00,8.254413114627823234e-05
1.495059233332267201e+00,8.237326255766674876e-05
1.495104793082735917e+00,8.222197357099503279e-05
1.495150338450154104e+00,8.206983329728245735e-05
1.495195869443600056e+00,8.185840124497190118e-05
1.495241386072143630e+00,8.168529893737286329e-05
1.495286888344846243e+00,8.154742681654170156e-05
1.495332376270760433e+00,8.136600808938965201e-05
1.495377849858930741e+00,8.119820267893373966e-05
1.495423309118392607e+00,8.106059249257668853e-05
1.495468754058173033e+00,8.086180605459958315e-05
1.495514184687290804e+00,8.073342905845493078e-05
1.495559601014755824e+00,8.053032070165500045e-05
1.495605003049569781e+00,8.040615648496896029e-05
1.495650390800725260e+00,8.019716915441676974e-05
1.495695764277207518e+00,8.008731674635782838e-05
1.495741123487992041e+00,7.986824493855237961e-05
1.495786468442046768e+00,7.974244363140314817e-05
1.495831799148330976e+00,7.953470776556059718e-05
1.495877115615795061e+00,7.941060175653547049e-05
1.495922417853381647e+00,7.921471842564642429e-05
1.495967705870024478e+00,7.907307008281350136e-05
1.496012979674648857e+00,7.889112021075561643e-05
1.496058239276171875e+00,7.872893183957785368e-05
1.496103484683502627e+00,7.858315075282007456e-05
1.496148715905540882e+00,7.840184844098985195e-05
1.496193932951178862e+00,7.826695218682289124e-05
1.496239135829300126e+00,7.808292866684496403e-05
1.496284324548779798e+00,7.799495506333187222e-05
1.496329499118484785e+00,7.776486745569854975e-05
1.496374659547273556e+00,7.765339250909164548e-05
1.496419805843996587e+00,7.744970207568258047e-05
1.496464938017495694e+00,7.734121754765510559e-05
1.496510056076604256e+00,7.712789374636486173e-05
1.496555160030148102e+00,7.700939022470265627e-05
1.496600249886943956e+00,7.681661372771486640e-05
1.496645325655800995e+00,7.666539022466167808e-05
1.496690387345519291e+00,7.650571933481842279e-05
1.496735434964891587e+00,7.636797818122431636e-05
1.496780468522701746e+00,7.619777898071333766e-05
1.496825488027725859e+00,7.607854058733209968e-05
1.496870493488731135e+00,7.587420259369537234e-05
1.496915484914477679e+00,7.577986252726987004e-05
1.496960462313716045e+00,7.556838681921362877e-05
1.497005425695189684e+00,7.544242544099688530e-05
1.497050375067633166e+00,7.528395508415997028e-05
1.497095310439773952e+00,7.511480362154543400e-05
1.497140231820329737e+00,7.495100726373493671e-05
1.497185139218011773e+00,7.484279922209680080e-05
1.497230032641521769e+00,7.464456575689837337e-05
1.497274912099554101e+00,7.453634316334500909e-05
1.497319777600794932e+00,7.434927101712673903e-05
1.497364629153921989e+00,7.422025373671203852e-05
1.497409466767605668e+00,7.405557698803022504e-05
1.497454290450507486e+00,7.389676466118544340e-05
1.497499100211280965e+00,7.376944995485246181e-05
1.497543896058571855e+00,7.359156734310090542e-05
1.497588678001018136e+00,7.345726771745830774e-05
1.497633446047249128e+00,7.329363870667293668e-05
1.497678200205886156e+00,7.314996764762327075e-05
1.497722940485543219e+00,7.299893331946805120e-05
1.497767666894825656e+00,7.283737068064510822e-05
1.497812379442330810e+00,7.271792856045067310e-05
1.497857078136648479e+00,7.255397940753027797e-05
1.497901762986360019e+00,7.240481500048190355e-05
1.497946434000038796e+00,7.226626621559262276e-05
1.497991091186250845e+00,7.210474723251536489e-05
1.498035734553553988e+00,7.198001549113541842e-05
1.498080364110496943e+00,7.180548709584400058e-05
1.498124979865622652e+00,7.166477007558569312e-05
1.498169581827464514e+00,7.153804472181946039e-05
1.498214170004548151e+00,7.137367356335744262e-05
1.498258744405392084e+00,7.124210242182016373e-05
1.498303305038506394e+00,7.108293357305228710e-05
1.498347851912393169e+00,7.096605986589565873e-05
1.498392385035546726e+00,7.078589987941086292e-05
1.498436904416454052e+00,7.064086821628734469e-05
1.498481410063593477e+00,7.053151057334616780e-05
1.498525901985435782e+00,7.035493763396516442e-05
1.498570380190444196e+00,7.023199577815830708e-05
1.498614844687073955e+00,7.006803207332268357e-05
1.498659295483772302e+00,6.996667070779949427e-05
1.498703732588978488e+00,6.977984594414010644e-05
1.498748156011124655e+00,6.965367356315255165e-05
1.498792565758634732e+00,6.950339593458920717e-05
1.498836961839924653e+00,6.938724254723638296e-05
1.498881344263403248e+00,6.921822932781651616e-05
1.498925713037470908e+00,6.908638169988989830e-05
1.498970068170520475e+00,6.894562102388590574e-05
1.499014409670937464e+00,6.882887100800871849e-05
1.499058737547099396e+00,6.865979230497032404e-05
1.499103051807375353e+00,6.852852675365284085e-05
1.499147352460127758e+00,6.838727858848869801e-05
1.499191639513711483e+00,6.826626486144959927e-05
1.499235912976472296e+00,6.810757622588425875e-05
1.499280172856749305e+00,6.798361573601141572e-05
1.499324419162874067e+00,6.783187563996762037e-05
1.499368651903170369e+00,6.770984327886253595e-05
1.499412871085953780e+00,6.755030335625633597e-05
1.499457076719532767e+00,6.744763231836259365e-05
1.499501268812207577e+00,6.727327127009630203e-05
1.499545447372272022e+00,6.718187069054692984e-05
1.499589612408011252e+00,6.699618097627535462e-05
1.499633763927703090e+00,6.690814916510134935e-05
1.499677901939617586e+00,6.672784365946426988e-05
1.499722026452017687e+00,6.663349631708115339e-05
1.499766137473158123e+00,6.646705151069909334e-05
1.499810235011286741e+00,6.635719910264015198e-05
1.499854319074643172e+00,6.618798215640708804e-05
1.499898389671459942e+00,6.607942486880347133e-05
1.499942446809962027e+00,6.592625140910968184e-05
1.499986490498366631e+00,6.579655746463686228e-05
1.500030520744883633e+00,6.566543015651404858e-05
1.500074537557714693e+00,6.553280400112271309e-05
1.500118540945055701e+00,6.539991591125726700e-05
1.500162530915092773e+00,6.527047662530094385e-05
1.500206507476006701e+00,6.512664549518376589e-05
1.500250470635969391e+00,6.503397889900952578e-05
1.500294420403145201e+00,6.485428457381203771e-05
1.500338356785692273e+00,6.472186942119151354e-05
1.500382279791760087e+00,6.462985766120254993e-05
1.500426189429491242e+00,6.446424958994612098e-05
1.500470085707020784e+00,6.434459646698087454e-05
1.500513968632476436e+00,6.419511191779747605e-05
1.500557838213978146e+00,6.406886677723377943e-05
1.500601694459639202e+00,6.399409176083281636e-05
1.500645537377564676e+00,6.381581624737009406e-05
1.500689366975852534e+00,6.368914910126477480e-05
1.500733183262593418e+00,6.357064557960256934e-05
1.500776986245871081e+00,6.343230052152648568e-05
1.500820775933760842e+00,6.330566247925162315e-05
1.500864552334331803e+00,6.318296800600364804e-05
1.500908315455644626e+00,6.304459384409710765e-05
1.500952065305753758e+00,6.294443301158025861e-05
1.500995801892705206e+00,6.278463843045756221e-05
1.501039525224538984e+00,6.273553299251943827e-05
1.501083235309286223e+00,6.253885658225044608e-05
1.501126932154972060e+00,6.242364179342985153e-05
1.501170615769613637e+00,6.228888378245756030e-05
1.501214286161221212e+00,6.217099871719256043e-05
1.501257943337797274e+00,6.202991062309592962e-05
1.501301587307337648e+00,6.192948058014735579e-05
1.501345218077830612e+00,6.177798059070482850e-05
1.501388835657257115e+00,6.169661355670541525e-05
1.501432440053591222e+00,6.153356662252917886e-05
1.501476031274799006e+00,6.144426151877269149e-05
1.501519609328840321e+00,6.128705717856064439e-05
1.501563174223666808e+00,6.119636236689984798e-05
1.501606725967224110e+00,6.103994383011013269e-05
1.501650264567449211e+00,6.093669799156486988e-05
1.501693790032273101e+00,6.080046659917570651e-05
1.501737302369619220e+00,6.070250674383714795e-05
1.501780801587403680e+00,6.054854384274221957e-05
1.501824287693535709e+00,6.046525595593266189e-05
1.501867760695916765e+00,6.030221265973523259e-05
1.501911220602441865e+00,6.021867739036679268e-05
1.501954667420999145e+00,6.006031981087289751e-05
1.501998101159468524e+00,5.997304833726957440e-05
1.502041521825723480e+00,5.981479262118227780e-05
1.502084929427630611e+00,5.974414307274855673e-05
1.502128323973048740e+00,5.957469693385064602e-05
1.502171705469830032e+00,5.951631464995443821e-05
1.502215073925819766e+00,5.933332431595772505e-05
1.502258429348856117e+00,5.925530058448202908e-05
1.502301771746769488e+00,5.910077015869319439e-05
1.502345101127383620e+00,5.900666656089015305e-05
1.502388417498515816e+00,5.887151201022788882e-05
1.502431720867975384e+00,5.875271381228230894e-05
1.502475011243565195e+00,5.862565012648701668e-05
1.502518288633081234e+00,5.852480535395443439e-05
1.502561553044311715e+00,5.839290315634571016e-05
1.502604804485038414e+00,5.828958455822430551e-05
1.502648042963036223e+00,5.815229815198108554e-05
1.502691268486072707e+00,5.807168417959474027e-05
1.502734481061908989e+00,5.792762021883390844e-05
1.502777680698298202e+00,5.782134394394233823e-05
1.502820867402987259e+00,5.769815470557659864e-05
1.502864041183715971e+00,5.758970655733719468e-05
1.502907202048217705e+00,5.746984243160113692e-05
1.502950350004217839e+00,5.735775630455464125e-05
1.502993485059435530e+00,5.724767470383085310e-05
1.503036607221583054e+00,5.712418351322412491e-05
1.503079716498365137e+00,5.701023110304959118e-05
1.503122812897480731e+00,5.690241960110142827e-05
1.503165896426620574e+00,5.677578155882656574e-05
1.503208967093469628e+00,5.668815356330014765e-05
1.503252024905705087e+00,5.654137567034922540e-05
1.503295069870998146e+00,5.645860437653027475e-05
1.503338101997012233e+00,5.631668318528681993e-05
1.503381121291404332e+00,5.623530159937217832e-05
1.503424127761825435e+00,5.608858919003978372e-05
1.503467121415917873e+00,5.600457006949000061e-05
1.503510102261318204e+00,5.586398765444755554e-05
1.503553070305656769e+00,5.574762690230272710e-05
1.503596025556556137e+00,5.566807885770685971e-05
1.503638968021631994e+00,5.552592119784094393e-05
1.503681897708494031e+00,5.545791282202117145e-05
1.503724814624744610e+00,5.531496208277530968e-05
1.503767718777979434e+00,5.520469858311116695e-05
1.503810610175787099e+00,5.508770118467509747e-05
1.503853488825750206e+00,5.500367842614650726e-05
1.503896354735443586e+00,5.488077295012772083e-05
1.503939207912436515e+00,5.476329170051030815e-05
1.503982048364290280e+00,5.467415758175775409e-05
1.504024876098560615e+00,5.454487109091132879e-05
1.504067691122795258e+00,5.444143971544690430e-05
1.504110493444536401e+00,5.432452962850220501e-05
1.504153283071319125e+00,5.423239781521260738e-05
1.504196060010670966e+00,5.412014070316217840e-05
1.504238824270114572e+00,5.400277950684539974e-05
1.504281575857164377e+00,5.390509249991737306e-05
1.504324314779328153e+00,5.379106733016669750e-05
1.504367041044108122e+00,5.368280108086764812e-05
1.504409754658998954e+00,5.356813562684692442e-05
1.504452455631489105e+00,5.347959813661873341e-05
1.504495143969059479e+00,5.335797686711885035e-05
1.504537819679185873e+00,5.325984966475516558e-05
1.504580482769336314e+00,5.315107046044431627e-05
1.504623133246972166e+00,5.304828300722874701e-05
1.504665771119549023e+00,5.294082075124606490e-05
1.504708396394514702e+00,5.283288192003965378e-05
1.504751009079311919e+00,5.273174974718131125e-05
1.504793609181375613e+00,5.261378828436136246e-05
1.504836196708134288e+00,5.252779010334052145e-05
1.504878771667010229e+00,5.241201506578363478e-05
1.504921334065418614e+00,5.231145405559800565e-05
1.504963883910769296e+00,5.220707680564373732e-05
1.505006421210463907e+00,5.210449671722017229e-05
1.505048945971898977e+00,5.199552470003254712e-05
1.505091458202463039e+00,5.189143121242523193e-05
1.505133957909539522e+00,5.177763523533940315e-05
1.505176445100504745e+00,5.167968265595845878e-05
1.505218919782728371e+00,5.158960630069486797e-05
1.505261381963573841e+00,5.146821786183863878e-05
1.505303831650397495e+00,5.139079075888730586e-05
1.505346268850549896e+00,5.126934047439135611e-05
1.505388693571374947e+00,5.117030013934709132e-05
1.505431105820209892e+00,5.106363096274435520e-05
1.505473505604385531e+00,5.097559551359154284e-05
1.505515892931226452e+00,5.085620796307921410e-05
1.505558267808050354e+00,5.077918467577546835e-05
1.505600630242168725e+00,5.065931691206060350e-05
1.505642980240887052e+00,5.058448005001991987e-05
1.505685317811503277e+00,5.045496072852984071e-05
1.505727642961309787e+00,5.037667506258003414e-05
1.505769955697593199e+00,5.025670543545857072e-05
1.505812256027631690e+00,5.017831063014455140e-05
1.505854543958699221e+00,5.005367711419239640e-05
1.505896819498061756e+00,4.998603253625333309e-05
1.505939082652979488e+00,4.986065323464572430e-05
1.505981333430706615e+00,4.976696072844788432e-05
1.506023571838490671e+00,4.966150299878790975e-05
1.506065797883571866e+00,4.957408600603230298e-05
1.506108011573186189e+00,4.947099660057574511e-05
1.506150212914560971e+00,4.936824552714824677e-05
1.506192401914918655e+00,4.927657209918834269e-05
1.506234578581474803e+00,4.917280239169485867e-05
1.506276742921439427e+00,4.909400740871205926e-05
1.506318894942014541e+00,4.897462349617853761e-05
1.506361034650397501e+00,4.889499905402772129e-05
1.506403162053778777e+00,4.877525861957110465e-05
1.506445277159342400e+00,4.871125929639674723e-05
1.506487379974266405e+00,4.858445390709675848e-05
1.506529470505722168e+00,4.851278572459705174e-05
1.506571548760874624e+00,4.839563916902989149e-05
1.506613614746883600e+00,4.831332989851944149e-05
1.506655668470901155e+00,4.819974856218323112e-05
1.506697709940074237e+00,4.812909173779189587e-05
1.506739739161543135e+00,4.801282193511724472e-05
1.506781756142441475e+00,4.792101390194147825e-05
1.506823760889897557e+00,4.781554162036627531e-05
1.506865753411032349e+00,4.775632623932324350e-05
1.506907733712961717e+00,4.762916432810015976e-05
1.506949701802794861e+00,4.754672409035265446e-05
1.506991657687634323e+00,4.743542012874968350e-05
1.507033601374577092e+00,4.738246207125484943e-05
1.507075532870713719e+00,4.724905738839879632e-05
1.507117452183128758e+00,4.715273462352342904e-05
1.507159359318899661e+00,4.710658322437666357e-05
1.507201254285099656e+00,4.697958866017870605e-05
1.507243137088793539e+00,4.688070475822314620e-05
1.507285007737042104e+00,4.678148616221733391e-05
1.507326866236897933e+00,4.672808063332922757e-05
1.507368712595408722e+00,4.659669139073230326e-05
1.507410546819616171e+00,4.654203075915575027e-05
1.507452368916555319e+00,4.641356645151972771e-05
1.507494178893254988e+00,4.635092773241922259e-05
1.507535976756738672e+00,4.622987034963443875e-05
1.507577762514022757e+00,4.614087447407655418e-05
1.507619536172118080e+00,4.605118374456651509e-05
1.507661297738029482e+00,4.596389408106915653e-05
1.507703047218755366e+00,4.587172588799148798e-05
1.507744784621288359e+00,4.580564564093947411e-05
1.507786509952615317e+00,4.569197699311189353e-05
1.507828223219715769e+00,4.560202069114893675e-05
1.507869924429565023e+00,4.551061283564195037e-05
1.507911613589130839e+00,4.542491296888329089e-05
1.507953290705375426e+00,4.533581159194000065e-05
1.507994955785254998e+00,4.524221731116995215e-05
1.508036608835720216e+00,4.516106491792015731e-05
1.508078249863714859e+00,4.506060213316231966e-05
1.508119878876176934e+00,4.498565249377861619e-05
1.508161495880039338e+00,4.487946716835722327e-05
1.508203100882227421e+00,4.480926145333796740e-05
1.508244693889661869e+00,4.470256317290477455e-05
1.508286274909257152e+00,4.463893128558993340e-05
1.508327843947920632e+00,4.452615758054889739e-05
1.508369401012555233e+00,4.445743616088293493e-05
1.508410946110056994e+00,4.434983202372677624e-05
1.508452479247316180e+00,4.428534521139226854e-05
1.508494000431217286e+00,4.417287709657102823e-05
1.508535509668638586e+00,4.411994086694903672e-05
1.508577006966453249e+00,4.400016769068315625e-05
1.508618492331526895e+00,4.393894050735980272e-05
1.508659965770720923e+00,4.382364204502664506e-05
1.508701427290889852e+00,4.375401476863771677e-05
1.508742876898882201e+00,4.365326094557531178e-05
1.508784314601541388e+00,4.357556099421344697e-05
1.508825740405704163e+00,4.348380389274097979e-05
1.508867154318201731e+00,4.340746818343177438e-05
1.508908556345859298e+00,4.331468153395690024e-05
1.508949946495496519e+00,4.324749170336872339e-05
1.508991324773926612e+00,4.314039688324555755e-05
1.509032691187957465e+00,4.305589754949323833e-05
1.509074045744390746e+00,4.299098145565949380e-05
1.509115388450022355e+00,4.288565833121538162e-05
1.509156719311642636e+00,4.282722511561587453e-05
1.509198038336035719e+00,4.272384830983355641e-05
1.509239345529979959e+00,4.263922528480179608e-05
1.509280640900248383e+00,4.256284228176809847e-05
1.509321924453607355e+00,4.247383913025259972e-05
1.509363196196818357e+00,4.239657573634758592e-05
1.509404456136636430e+00,4.230192280374467373e-05
1.509445704279810840e+00,4.223431096761487424e-05
1.509486940633085084e+00,4.213667853036895394e-05
1.509528165203197547e+00,4.206789890304207802e-05
1.509569377996879735e+00,4.197503949399106205e-05
1.509610579020858712e+00,4.189664105069823563e-05
1.509651768281854212e+00,4.181229087407700717e-05
1.509692945786581530e+00,4.172938497504219413e-05
1.509734111541749302e+00,4.164278288953937590e-05
1.509775265554061496e+00,4.156924478593282402e-05
1.509816407830215201e+00,4.147813160670921206e-05
1.509857538376902175e+00,4.141019599046558142e-05
1.509898657200808847e+00,4.131834066356532276e-05
1.509939764308615429e+00,4.124303814023733139e-05
1.509980859706996803e+00,4.115638148505240679e-05
1.510021943402621858e+00,4.108700886717997491e-05
1.510063015402153930e+00,4.099520447198301554e-05
1.510104075712250582e+00,4.092303788638673723e-05
1.510145124339563605e+00,4.083474414073862135e-05
1.510186161290739459e+00,4.076039840583689511e-05
1.510227186572419056e+00,4.068132693646475673e-05
1.510268200191236421e+00,4.059921411680988967e-05
1.510309202153821584e+00,4.052344957017339766e-05
1.510350192466797914e+00,4.043367880512960255e-05
1.510391171136783228e+00,4.036571408505551517e-05
1.510432138170390237e+00,4.028052717330865562e-05
1.510473093574224990e+00,4.020001870230771601e-05
1.510514037354889538e+00,4.012124918517656624e-05
1.510554969518978385e+00,4.004290167358703911e-05
1.510595890073081593e+00,3.996752639068290591e-05
1.510636799023784116e+00,3.988563184975646436e-05
1.510677696377663803e+00,3.980799738201312721e-05
1.510718582141293620e+00,3.973974162363447249e-05
1.510759456321241645e+00,3.965046198572963476e-05
1.510800318924069519e+00,3.958215165766887367e-05
1.510841169956333330e+00,3.950263635488227010e-05
1.510882009424584060e+00,3.942153489333577454e-05
1.510922837335366697e+00,3.935167114832438529e-05
1.510963653695220898e+00,3.925933924620039761e-05
1.511004458510680992e+00,3.920827657566405833e-05
1.511045251788275090e+00,3.910549639840610325e-05
1.511086033534526640e+00,3.906142592313699424e-05
1.511126803755952652e+00,3.895407644449733198e-05
1.511167562459065472e+00,3.889659274136647582e-05
1.511208309650371229e+00,3.880424628732725978e-05
1.511249045336370722e+00,3.874855610774829984e-05
1.511289769523559645e+00,3.865286271320655942e-05
1.511330482218427695e+00,3.859602657030336559e-05
1.511371183427459686e+00,3.849747008644044399e-05
1.511411873157133989e+00,3.845371611532755196e-05
1.511452551413924539e+00,3.834926246781833470e-05
1.511493218204298827e+00,3.829127308563329279e-05
1.511533873534719685e+00,3.820593701675534248e-05
1.511574517411643948e+00,3.813673538388684392e-05
1.511615149841523564e+00,3.805706364801153541e-05
1.511655770830804268e+00,3.798932084464468062e-05
1.511696380385926908e+00,3.790431583183817565e-05
1.511736978513326779e+00,3.785448643611744046e-05
1.511777565219433628e+00,3.775552249862812459e-05
1.511818140510671871e+00,3.769561953959055245e-05
1.511858704393460595e+00,3.760913386940956116e-05
1.511899256874213116e+00,3.753286000574007630e-05
1.511939797959337861e+00,3.749768802663311362e-05
1.511980327655237488e+00,3.738703162525780499e-05
1.512020845968309324e+00,3.735567952389828861e-05
1.512061352904945144e+00,3.724384441738948226e-05
1.512101848471532062e+00,3.718338484759442508e-05
1.512142332674450751e+00,3.710022065206430852e-05
1.512182805520077666e+00,3.704537812154740095e-05
1.512223267014782602e+00,3.696018393384292722e-05
1.512263717164930910e+00,3.689518052851781249e-05
1.512304155976882614e+00,3.682448004838079214e-05
1.512344583456991964e+00,3.674210165627300739e-05
1.512384999611607883e+00,3.668011777335777879e-05
1.512425404447074406e+00,3.660593574750237167e-05
1.512465797969729797e+00,3.653873500297777355e-05
1.512506180185907434e+00,3.646370532806031406e-05
1.512546551101934478e+00,3.639130227384157479e-05
1.512586910724133871e+00,3.632411971921101213e-05
1.512627259058822782e+00,3.625270983320660889e-05
1.512667596112312829e+00,3.617560651036910713e-05
1.512707921890910745e+00,3.611128704505972564e-05
1.512748236400917934e+00,3.603289587772451341e-05
1.512788539648630248e+00,3.597744580474682152e-05
1.512828831640338434e+00,3.589628977351821959e-05
1.512869112382327907e+00,3.583406942198053002e-05
1.512909381880878756e+00,3.575689697754569352e-05
1.512949640142266183e+00,3.570182161638513207e-05
1.512989887172760062e+00,3.561885023373179138e-05
1.513030122978624270e+00,3.556194860721006989e-05
1.513070347566118246e+00,3.548581298673525453e-05
1.513110560941496097e+00,3.542033664416521788e-05
1.513150763111006603e+00,3.534627467161044478e-05
1.513190954080892991e+00,3.527873923303559422e-05
1.513231133857393607e+00,3.520990503602661192e-05
1.513271302446741906e+00,3.514548006933182478e-05
1.513311459855165131e+00,3.507529254420660436e-05
1.513351606088886747e+00,3.500705497572198510e-05
1.513391741154123782e+00,3.494027623673900962e-05
1.513431865057088599e+00,3.486988862277939916e-05
1.513471977803988455e+00,3.480578379821963608e-05
1.513512079401025057e+00,3.472821117611601949e-05
1.513552169854395224e+00,3.467101123533211648e-05
1.513592249170290893e+00,3.459529034444130957e-05
1.513632317354898227e+00,3.452750388532876968e-05
1.513672374414398503e+00,3.446840128162875772e-05
1.513712420354968113e+00,3.439877764321863651e-05
1.513752455182777901e+00,3.433033270994201303e-05
1.513792478903993821e+00,3.426722832955420017e-05
1.513832491524776280e+00,3.420548091526143253e-05
1.513872493051281243e+00,3.413959711906500161e-05
1.513912483489659122e+00,3.406939868000335991e-05
1.513952462846055891e+00,3.400909918127581477e-05
1.513992431126610638e+00,3.393393126316368580e-05
1.514032388337459567e+00,3.388117329450324178e-05
1.514072334484732218e+00,3.380492853466421366e-05
1.514112269574553693e+00,3.375076994416303933e-05
1.514152193613043984e+00,3.367597309988923371e-05
1.514192106606317978e+00,3.362046845722943544e-05
1.514232008560485454e+00,3.354392902110703290e-05
1.514271899481650641e+00,3.349182952661067247e-05
1.514311779375913991e+00,3.341635965625755489e-05
1.514351648249369298e+00,3.336632653372362256e-05
1.514391506108106134e+00,3.328351158415898681e-05
1.514431352958209631e+00,3.323236160213127732e-05
1.514471188805758706e+00,3.315859794383868575e-05
1.514511013656827609e+00,3.309336170786991715e-05
1.514550827517486153e+00,3.304753772681578994e-05
1.514590630393798376e+00,3.297023795312270522e-05
1.514630422291823875e+00,3.291249231551773846e-05
1.514670203217616917e+00,3.284344711573794484e-05
1.514709973177226443e+00,3.278606527601368725e-05
1.514749732176696950e+00,3.271688183303922415e-05
1.514789480222067830e+00,3.265979466959834099e-05
1.514829217319373589e+00,3.259130244259722531e-05
1.514868943474643181e+00,3.253892646171152592e-05
1.514908658693901344e+00,3.247223503421992064e-05
1.514948362983167041e+00,3.240706791984848678e-05
1.514988056348454792e+00,3.234532050555571914e-05
1.515027738795774459e+00,3.228307832614518702e-05
1.515067410331129905e+00,3.221870792913250625e-05
1.515107070960521218e+00,3.216245386283844709e-05
1.515146720689942494e+00,3.209649730706587434e-05
1.515186359525383830e+00,3.203722008038312197e-05
1.515225987472829772e+00,3.196557372575625777e-05
1.515265604538259980e+00,3.192284566466696560e-05
1.515305210727649454e+00,3.184628440067172050e-05
1.515344806046968307e+00,3.179148916387930512e-05
1.515384390502181100e+00,3.172450669808313251e-05
1.515423964099248400e+00,3.165975067531690001e-05
1.515463526844124997e+00,3.163313886034302413e-05
1.515503078742761911e+00,3.153888610540889204e-05
1.515542619801103719e+00,3.148011819575913250e-05
1.515582150025091446e+00,3.142946297884918749e-05
1.515621669420660789e+00,3.136945451842620969e-05
1.515661177993742559e+00,3.130042387056164443e-05
1.515700675750262238e+00,3.124120485153980553e-05
1.515740162696141091e+00,3.118338281637988985e-05
1.515779638837295495e+00,3.113043931080028415e-05
1.515819104179636501e+00,3.106409349129535258e-05
1.515858558729070937e+00,3.101171023445203900e-05
1.515898002491500307e+00,3.094358544331043959e-05
1.515937435472821004e+00,3.089131496381014585e-05
1.515976857678925427e+00,3.082885814364999533e-05
1.516016269115700421e+00,3.077883593505248427e-05
1.516055669789028615e+00,3.070876482524909079e-05
1.516095059704787529e+00,3.065748751396313310e-05
1.516134438868849355e+00,3.059890514123253524e-05
1.516173807287082065e+00,3.053557884413748980e-05
1.516213164965349414e+00,3.048537837457843125e-05
1.516252511909508938e+00,3.041741729248315096e-05
1.516291848125414399e+00,3.036714770132675767e-05
1.516331173618914230e+00,3.029885192518122494e-05
1.516370488395852645e+00,3.024459329026285559e-05
1.516409792462068751e+00,3.018480128957889974e-05
1.516449085823396992e+00,3.013060631928965449e-05
1.516488368485666705e+00,3.007137638633139431e-05
1.516527640454702563e+00,3.002774428750853986e-05
1.516566901736325468e+00,2.995457543875090778e-05
1.516606152336349878e+00,2.991043584188446403e-05
1.516645392260586700e+00,2.983957710966933519e-05
1.516684621514841735e+00,2.979941928060725331e-05
1.516723840104916343e+00,2.972565744130406529e-05
1.516763048036606554e+00,2.968444823636673391e-05
1.516802245315704178e+00,2.961669451906345785e-05
1.516841431947996144e+00,2.956402749987319112e-05
1.516880607939264713e+00,2.950897760456427932e-05
1.516919773295287266e+00,2.944987863884307444e-05
1.516958928021836739e+00,2.940140620921738446e-05
1.516998072124681407e+00,2.933729774667881429e-05
1.517037205609584216e+00,2.928524008893873543e-05
1.517076328482304115e+00,2.923078500316478312e-05
1.517115440748595390e+00,2.917042911576572806e-05
1.517154542414207219e+00,2.911739829869475216e-05
1.517193633484884341e+00,2.905606015701778233e-05
1.517232713966366386e+00,2.901338848460000008e-05
1.517271783864389656e+00,2.894826138799544424e-05
1.517310843184683788e+00,2.890054565796162933e-05
1.517349891932975536e+00,2.883916386053897440e-05
1.517388930114985657e+00,2.878712257370352745e-05
1.517427957736431576e+00,2.873471566999796778e-05
1.517466974803025392e+00,2.867755210900213569e-05
1.517505981320473873e+00,2.862835390260443091e-05
1.517544977294480901e+00,2.856588616850785911e-05
1.517583962730743696e+00,2.851157114491797984e-05
1.517622937634956370e+00,2.846375355147756636e-05
1.517661902012808151e+00,2.841106288542505354e-05
1.517700855869982934e+00,2.835356281138956547e-05
1.517739799212160845e+00,2.829592085618060082e-05
1.517778732045017120e+00,2.825290539476554841e-05
1.517817654374221892e+00,2.818762550305109471e-05
1.517856566205441737e+00,2.814706567733082920e-05
1.517895467544337906e+00,2.807850796671118587e-05
1.517934358396566985e+00,2.803097049763891846e-05
1.517973238767781563e+00,2.797628258122131228e-05
1.518012108663629123e+00,2.792007035168353468e-05
1.518050968089752928e+00,2.787618541333358735e-05
1.518089817051791579e+00,2.781852344924118370e-05
1.518128655555379014e+00,2.776666769932489842e-05
1.518167483606145174e+00,2.771127219602931291e-05
1.518206301209714004e+00,2.766423131106421351e-05
1.518245108371707008e+00,2.760368806775659323e-05
1.518283905097739250e+00,2.755104287643916905e-05
1.518322691393422463e+00,2.753668923105578870e-05
1.518361467264363496e+00,2.744814992183819413e-05
1.518400232716164311e+00,2.742582728387787938e-05
1.518438987754422875e+00,2.734901318035554141e-05
1.518477732384732493e+00,2.729768675635568798e-05
1.518516466612682025e+00,2.724973273871000856e-05
1.518555190443855452e+00,2.719539952522609383e-05
1.518593903883832530e+00,2.715170921874232590e-05
1.518632606938189022e+00,2.709111504373140633e-05
1.518671299612495140e+00,2.704873622860759497e-05
1.518709981912317319e+00,2.699236756598111242e-05
1.518748653843217777e+00,2.694509203138295561e-05
1.518787315410753402e+00,2.689431858016178012e-05
1.518825966620477530e+00,2.683627462829463184e-05
1.518864607477938167e+00,2.679021054063923657e-05
1.518903237988679544e+00,2.673851122381165624e-05
1.518941858158240787e+00,2.669535570021253079e-05
1.518980467992157690e+00,2.663477607711683959e-05
1.519019067495960273e+00,2.659143683558795601e-05
1.519057656675175005e+00,2.653809133335016668e-05
1.519096235535323469e+00,2.649092675710562617e-05
1.519134804081923251e+00,2.643670086399652064e-05
1.519173362320487275e+00,2.639604099385906011e-05
1.519211910256523357e+00,2.633637632243335247e-05
1.519250447895536649e+00,2.629758091643452644e-05
1.519288975243025863e+00,2.623656291689258069e-05
1.519327492304486826e+00,2.619721271912567317e-05
1.519365999085410035e+00,2.613612377899698913e-05
1.519404495591282211e+00,2.609228977235034108e-05
1.519442981827585637e+00,2.604646033432800323e-05
1.519481457799797486e+00,2.599546314741019160e-05
1.519519923513391380e+00,2.594595571281388402e-05
1.519558378973836055e+00,2.590321855677757412e-05
1.519596824186596251e+00,2.585059883131179959e-05
1.519635259157132268e+00,2.580192631285171956e-05
1.519673683890899518e+00,2.575333382992539555e-05
1.519712098393349864e+00,2.570505057519767433e-05
1.519750502669930059e+00,2.565771865192800760e-05
1.519788896726083305e+00,2.560678149166051298e-05
1.519827280567247696e+00,2.556236904638353735e-05
1.519865654198857552e+00,2.551199941080994904e-05
1.519904017626342307e+00,2.546230462030507624e-05
1.519942370855127400e+00,2.542064794397447258e-05
1.519980713890634494e+00,2.536920874263159931e-05
1.520019046738279700e+00,2.532065809646155685e-05
1.520057369403475800e+00,2.526866046537179500e-05
1.520095681891630912e+00,2.523839975765440613e-05
1.520133984208148492e+00,2.517511165933683515e-05
1.520172276358428665e+00,2.512774335627909750e-05
1.520210558347866447e+00,2.510061858629342169e-05
1.520248830181852417e+00,2.503488030924927443e-05
1.520287091865773821e+00,2.499934089428279549e-05
1.520325343405012797e+00,2.494603904779069126e-05
1.520363584804947044e+00,2.490020597178954631e-05
1.520401816070950929e+00,2.485516961314715445e-05
1.520440037208393491e+00,2.480772309354506433e-05
1.520478248222640438e+00,2.476095869496930391e-05
1.520516449119052815e+00,2.471842708473559469e-05
1.520554639902987004e+00,2.466397199896164238e-05
1.520592820579795612e+00,2.462851443851832300e-05
1.520630991154826805e+00,2.457223672536201775e-05
1.520669151633424976e+00,2.453501110721845180e-05
1.520707302020929630e+00,2.448466148052830249e-05
1.520745442322676277e+00,2.444096207909751683e-05
1.520783572543996209e+00,2.439476702420506626e-05
1.520821692690216498e+00,2.434780617477372289e-05
1.520859802766660218e+00,2.430254608043469489e-05
1.520897902778645783e+00,2.426113314868416637e-05
1.520935992731487829e+00,2.420960663584992290e-05
1.520974072630496332e+00,2.417425093881320208e-05
1.521012142480977269e+00,2.411963214399293065e-05
1.521050202288232622e+00,2.408078216831199825e-05
1.521088252057559931e+00,2.403094185865484178e-05
1.521126291794252960e+00,2.398836841166485101e-05
1.521164321503600370e+00,2.394360490143299103e-05
1.521202341190887486e+00,2.390302688581869006e-05
1.521240350861395418e+00,2.385361585766077042e-05
1.521278350520400613e+00,2.381512240390293300e-05
1.521316340173175519e+00,2.376260999881196767e-05
1.521354319824988810e+00,2.371655318711418658e-05
1.521392289481104720e+00,2.368701098021119833e-05
1.521430249146782820e+00,2.362874693062622100e-05
1.521468198827279572e+00,2.360311736993025988e-05
1.521506138527846330e+00,2.354127718717791140e-05
1.521544068253730897e+00,2.350863724132068455e-05
1.521581988010177078e+00,2.345305802009534091e-05
1.521619897802423793e+00,2.342804691579658538e-05
1.521657797635706411e+00,2.336964644200634211e-05
1.521695687515255857e+00,2.333397242182400078e-05
1.521733567446299507e+00,2.327995571249630302e-05
1.521771437434059626e+00,2.323982698726467788e-05
1.521809297483755596e+00,2.319630402780603617e-05
1.521847147600601691e+00,2.315151687071193010e-05
1.521884987789808408e+00,2.312092692591249943e-05
1.521922818056582694e+00,2.307099566678516567e-05
1.521960638406126165e+00,2.302447501278948039e-05
1.521998448843637552e+00,2.298069375683553517e-05
1.522036249374311145e+00,2.294186924700625241e-05
1.522074040003336126e+00,2.290979500685352832e-05
1.522111820735899901e+00,2.285341179231181741e-05
1.522149591577183214e+00,2.281761589983943850e-05
1.522187352532364590e+00,2.277170278830453753e-05
1.522225103606617447e+00,2.273111203976441175e-05
1.522262844805111648e+00,2.269244760100264102e-05
1.522300576133013283e+00,2.264763861603569239e-05
1.522338297595483558e+00,2.260779365315102041e-05
1.522376009197680125e+00,2.256858897453639656e-05
1.522413710944756415e+00,2.252140257041901350e-05
1.522451402841862089e+00,2.248332748422399163e-05
1.522489084894142586e+00,2.243714152427855879e-05
1.522526757106739348e+00,2.240405410702805966e-05
1.522564419484789822e+00,2.235261672467458993e-05
1.522602072033427456e+00,2.232497899967711419e-05
1.522639714757781482e+00,2.226987817266490310e-05
1.522677347662977132e+00,2.224044328613672405e-05
1.522714970754136088e+00,2.218976624135393649e-05
1.522752584036375589e+00,2.216015491285361350e-05
1.522790187514808879e+00,2.210728234786074609e-05
1.522827781194545205e+00,2.207746729254722595e-05
1.522865365080690037e+00,2.202610630774870515e-05
1.522902939178344850e+00,2.199559276050422341e-05
1.522940503492606901e+00,2.194562330259941518e-05
1.522978058028569670e+00,2.191195380873978138e-05
1.523015602791322198e+00,2.186448000429663807e-05
1.523053137785950417e+00,2.183432297897525132e-05
1.523090663017535595e+00,2.178241629735566676e-05
1.523128178491155449e+00,2.176025736844167113e-05
1.523165684211883253e+00,2.170252992073073983e-05
1.523203180184788508e+00,2.167302227462641895e-05
1.523240666414937383e+00,2.162412056350149214e-05
1.523278142907391164e+00,2.159965879400260746e-05
1.523315609667207582e+00,2.154372668883297592e-05
1.523353066699440816e+00,2.152021625079214573e-05
1.523390514009139940e+00,2.146607403119560331e-05
1.523427951601352248e+00,2.144069003406912088e-05
1.523465379481118154e+00,2.138614945579320192e-05
1.523502797653477181e+00,2.136321927537210286e-05
1.523540206123462859e+00,2.130919347109738737e-05
1.523577604896104942e+00,2.128045889548957348e-05
1.523614993976430965e+00,2.123005106113851070e-05
1.523652373369462465e+00,2.119651981047354639e-05
1.523689743080218095e+00,2.115481947839725763e-05
1.523727103113712955e+00,2.112500078510493040e-05
1.523764453474957481e+00,2.107590808009263128e-05
1.523801794168958557e+00,2.103561382682528347e-05
1.523839125200719291e+00,2.099958692269865423e-05
1.523876446575238353e+00,2.096062780765350908e-05
1.523913758297511523e+00,2.092681825160980225e-05
1.523951060372529476e+00,2.088508517772424966e-05
1.523988352805280222e+00,2.085621963487938046e-05
1.524025635600747330e+00,2.080748708976898342e-05
1.524062908763910373e+00,2.078173929476179183e-05
1.524100172299745148e+00,2.073176437988877296e-05
1.524137426213223678e+00,2.069859147013630718e-05
1.524174670509314655e+00,2.066279921564273536e-05
1.524211905192981442e+00,2.062140629277564585e-05
1.524249130269185626e+00,2.058756945189088583e-05
1.524286345742883020e+00,2.054509423032868654e-05
1.524323551619026773e+00,2.051315641438122839e-05
1.524360747902565816e+00,2.046998088189866394e-05
1.524397934598445303e+00,2.043857602984644473e-05
1.524435111711606394e+00,2.039374703599605709e-05
1.524472279246986917e+00,2.036423393292352557e-05
1.524509437209520479e+00,2.031997610174585134e-05
1.524546585604136695e+00,2.029189454333391041e-05
1.524583724435762067e+00,2.024617606366518885e-05
1.524620853709318213e+00,2.021363980020396411e-05
1.524657973429724311e+00,2.017785300267860293e-05
1.524695083601894874e+00,2.013640551012940705e-05
1.524732184230740417e+00,2.010621756198816001e-05
1.524769275321168349e+00,2.006372415053192526e-05
1.524806356878082081e+00,2.003189001698046923e-05
1.524843428906380804e+00,1.999006599362473935e-05
1.524880491410960603e+00,1.995505590457469225e-05
1.524917544396713120e+00,1.991957651625853032e-05
1.524954587868526890e+00,1.988340045500081033e-05
1.524991621831286448e+00,1.984682967304252088e-05
1.525028646289872114e+00,1.981018976948689669e-05
1.525065661249160875e+00,1.977786632778588682e-05
1.525102666714026389e+00,1.973663893295451999e-05
1.525139662689337428e+00,1.971192068594973534e-05
1.525176649179960320e+00,1.966503441508393735e-05
1.525213626190756289e+00,1.962950773304328322e-05
1.525250593726584336e+00,1.960167173820082098e-05
1.525287551792298357e+00,1.955844345502555370e-05
1.525324500392749361e+00,1.953504579432774335e-05
1.525361439532784136e+00,1.949039506143890321e-05
1.525398369217246364e+00,1.945627809618599713e-05
1.525435289450975285e+00,1.941970003827009350e-05
1.525472200238807030e+00,1.938860077643766999e-05
1.525509101585573513e+00,1.935034561029169708e-05
1.525545993496103314e+00,1.931922270159702748e-05
1.525582875975221242e+00,1.928368146764114499e-05
1.525619749027747885e+00,1.924723073898348957e-05
1.525656612658501388e+00,1.921151124406605959e-05
1.525693466872294568e+00,1.917842564580496401e-05
1.525730311673938244e+00,1.914179665618576109e-05
1.525767147068237906e+00,1.910789615067187697e-05
1.525803973059996821e+00,1.907479963847436011e-05
1.525840789654013374e+00,1.903750489873345941e-05
1.525877596855083285e+00,1.900987990666180849e-05
1.525914394667997609e+00,1.896805042633786798e-05
1.525951183097544961e+00,1.893763874249998480e-05
1.525987962148509069e+00,1.890160638140514493e-05
1.526024731825670555e+00,1.886913378257304430e-05
1.526061492133806485e+00,1.883353615994565189e-05
1.526098243077690375e+00,1.879651426861528307e-05
1.526134984662091520e+00,1.877301656350027770e-05
1.526171716891775887e+00,1.872874418040737510e-05
1.526208439771506331e+00,1.870063897513318807e-05
1.526245153306041269e+00,1.866200364020187408e-05
1.526281857500135564e+00,1.863896977738477290e-05
1.526318552358540970e+00,1.859523035818710923e-05
1.526355237886005467e+00,1.857265306171029806e-05
1.526391914087272816e+00,1.852736932050902396e-05
1.526428580967084114e+00,1.850594162533525378e-05
1.526465238530176238e+00,1.846204031608067453e-05
1.526501886781282513e+00,1.843799873313400894e-05
1.526538525725132489e+00,1.839362448663450778e-05
1.526575155366452607e+00,1.836079536587931216e-05
1.526611775709965313e+00,1.833246278692968190e-05
1.526648386760389942e+00,1.829534448916092515e-05
1.526684988522441389e+00,1.826557672757189721e-05
1.526721581000831662e+00,1.823985803639516234e-05
1.526758164200268997e+00,1.819839962990954518e-05
1.526794738125457851e+00,1.817556221794802696e-05
1.526831302781099575e+00,1.813353628676850349e-05
1.526867858171891523e+00,1.810605863283853978e-05
1.526904404302527496e+00,1.806756154110189527e-05
1.526940941177697963e+00,1.804383282433263958e-05
1.526977468802089843e+00,1.800549580366350710e-05
1.527013987180386279e+00,1.797687400539871305e-05
1.527050496317266637e+00,1.794322633941192180e-05
1.527086996217407400e+00,1.791185604815836996e-05
1.527123486885481052e+00,1.787951805454213172e-05
1.527159968326156525e+00,1.784997766662854701e-05
1.527196440544099643e+00,1.781405990186613053e-05
1.527232903543971787e+00,1.778486694092862308e-05
1.527269357330431676e+00,1.774998236214742064e-05
1.527305801908134253e+00,1.771906318026594818e-05
1.527342237281730908e+00,1.768869333318434656e-05
1.527378663455869257e+00,1.765377055562566966e-05
1.527415080435193806e+00,1.763070758897811174e-05
1.527451488224345066e+00,1.759141559887211770e-05
1.527487886827960661e+00,1.756581696099601686e-05
1.527524276250674440e+00,1.753004289639648050e-05
1.527560656497116254e+00,1.750265619193669409e-05
1.527597027571913291e+00,1.746654379530809820e-05
1.527633389479688519e+00,1.744239671097602695e-05
1.527669742225061800e+00,1.740377410897053778e-05
1.527706085812649439e+00,1.738159880915191025e-05
1.527742420247064192e+00,1.734158468025270849e-05
1.527778745532915705e+00,1.732262717268895358e-05
1.527815061674809183e+00,1.727918242977466434e-05
1.527851368677347388e+00,1.725234324112534523e-05
1.527887666545129308e+00,1.721947046462446451e-05
1.527923955282749935e+00,1.718779276416171342e-05
1.527960234894801594e+00,1.716321821731980890e-05
1.527996505385872617e+00,1.712678022158797830e-05
1.528032766760547778e+00,1.710344804450869560e-05
1.528069019023409414e+00,1.706574948912020773e-05
1.528105262179034751e+00,1.704453825368545949e-05
1.528141496231998797e+00,1.700780558167025447e-05
1.528177721186873006e+00,1.697817788226529956e-05
1.528213937048224835e+00,1.695214996288996190e-05
1.528250143820618634e+00,1.691900979494675994e-05
1.528286341508615642e+00,1.688998236204497516e-05
1.528322530116772882e+00,1.685742608970031142e-05
1.528358709649644487e+00,1.682974652794655412e-05
1.528394880111781040e+00,1.680119567026849836e-05
1.528431041507730237e+00,1.676851752563379705e-05
1.528467193842035110e+00,1.674239683779887855e-05
1.528503337119236694e+00,1.671149038884323090e-05
1.528539471343871359e+00,1.668222830630838871e-05
1.528575596520473034e+00,1.664842056925408542e-05
1.528611712653571431e+00,1.662603608565405011e-05
1.528647819747693815e+00,1.659046756685711443e-05
1.528683917807363457e+00,1.656596214161254466e-05
1.528720006837099632e+00,1.653420258662663400e-05
1.528756086841419615e+00,1.650773810979444534e-05
1.528792157824836240e+00,1.647410317673347890e-05
1.528828219791859455e+00,1.645332486077677459e-05
1.528864272746995434e+00,1.641502058191690594e-05
1.528900316694747463e+00,1.639398760744370520e-05
1.528936351639615054e+00,1.635750231798738241e-05
1.528972377586094389e+00,1.632975363463629037e-05
1.529008394538678317e+00,1.630384394957218319e-05
1.529044402501856359e+00,1.627212805033195764e-05
1.529080401480115148e+00,1.624582910153549165e-05
1.529116391477937098e+00,1.621761657588649541e-05
1.529152372499801738e+00,1.618612077436409891e-05
1.529188344550185263e+00,1.616384179214946926e-05
1.529224307633560098e+00,1.612898813618812710e-05
1.529260261754396444e+00,1.610409344721119851e-05
1.529296206917159617e+00,1.607183367013931274e-05
1.529332143126312937e+00,1.604812314326409250e-05
1.529368070386315059e+00,1.601591065991669893e-05
1.529403988701622863e+00,1.599316055944655091e-05
1.529439898076689008e+00,1.595959838596172631e-05
1.529475798515962381e+00,1.593431807123124599e-05
1.529511690023889425e+00,1.590493593539576977e-05
1.529547572604912808e+00,1.587627048138529062e-05
1.529583446263472313e+00,1.585200880072079599e-05
1.529619311004003945e+00,1.582247205078601837e-05
1.529655166830940383e+00,1.579522540851030499e-05
1.529691013748711415e+00,1.576992690388578922e-05
1.529726851761743056e+00,1.573784538777545094e-05
1.529762680874458658e+00,1.571460052218753844e-05
1.529798501091277796e+00,1.568512925587128848e-05
1.529834312416616271e+00,1.565879028930794448e-05
1.529870114854887886e+00,1.562856596137862653e-05
1.529905908410502002e+00,1.560473720019217581e-05
1.529941693087865540e+00,1.557425093778874725e-05
1.529977468891381198e+00,1.554955269966740161e-05
1.530013235825449236e+00,1.552017965877894312e-05
1.530048993894466358e+00,1.549664011690765619e-05
1.530084743102825939e+00,1.546616294945124537e-05
1.530120483454918245e+00,1.544306905998382717e-05
1.530156214955129990e+00,1.540995799587108195e-05
1.530191937607844999e+00,1.538913238618988544e-05
1.530227651417443546e+00,1.535745468572713435e-05
1.530263356388302798e+00,1.533426438982132822e-05
1.530299052524796366e+00,1.530473127786535770e-05
1.530334739831295421e+00,1.528196480649057776e-05
1.530370418312167136e+00,1.525259267509682104e-05
1.530406087971775575e+00,1.522731145087163895e-05
1.530441748814481251e+00,1.519903798907762393e-05
1.530477400844642899e+00,1.517322289146250114e-05
1.530513044066613926e+00,1.514777250122278929e-05
1.530548678484745961e+00,1.511962364020291716e-05
1.530584304103387305e+00,1.509588037151843309e-05
1.530619920926882482e+00,1.506788703409256414e-05
1.530655528959572909e+00,1.504360534454463050e-05
1.530691128205796891e+00,1.501572114648297429e-05
1.530726718669890074e+00,1.498873461969196796e-05
1.530762300356183880e+00,1.496503318776376545e-05
1.530797873269007514e+00,1.493728723289677873e-05
1.530833437412685960e+00,1.491332295699976385e-05
1.530868992791541983e+00,1.488482575950911269e-05
1.530904539409894349e+00,1.486112159909680486e-05
1.530940077272059385e+00,1.483648520661517978e-05
1.530975606382349419e+00,1.480805076425895095e-05
1.531011126745074336e+00,1.478395552112488076e-05
1.531046638364540691e+00,1.475814860896207392e-05
1.531082141245051265e+00,1.473134307161672041e-05
1.531117635390906395e+00,1.470790357416262850e-05
1.531153120806402868e+00,1.467800848331535235e-05
1.531188597495834136e+00,1.465928835386876017e-05
1.531224065463490991e+00,1.462746331526432186e-05
1.531259524713660891e+00,1.460771818528883159e-05
1.531294975250627521e+00,1.457742746424628422e-05
1.531330417078672568e+00,1.455398160032927990e-05
1.531365850202073497e+00,1.452833384973928332e-05
1.531401274625105113e+00,1.450619765819283202e-05
1.531436690352039109e+00,1.447864906367613003e-05
1.531472097387143849e+00,1.445703310309909284e-05
1.531507495734684809e+00,1.442724442313192412e-05
1.531542885398923914e+00,1.440974756405921653e-05
1.531578266384120202e+00,1.437667560821864754e-05
1.531613638694529822e+00,1.435155263607157394e-05
1.531649002334404930e+00,1.434019304724643007e-05
1.531684357307996125e+00,1.430260817869566381e-05
1.531719703619549122e+00,1.428352516086306423e-05
1.531755041273307638e+00,1.425397931598126888e-05
1.531790370273511614e+00,1.423912272002780810e-05
1.531825690624398772e+00,1.420437092747306451e-05
1.531861002330202837e+00,1.419107320543844253e-05
1.531896305395154645e+00,1.415678525518160313e-05
1.531931599823482371e+00,1.413385507476050407e-05
1.531966885619410412e+00,1.410892127751139924e-05
1.532002162787160504e+00,1.408385287504643202e-05
1.532037431330951494e+00,1.405880448146490380e-05
1.532072691254998231e+00,1.404162867402192205e-05
1.532107942563513348e+00,1.400991004629759118e-05
1.532143185260706586e+00,1.399673965352121741e-05
1.532178419350783471e+00,1.396306288370396942e-05
1.532213644837947308e+00,1.394139235344482586e-05
1.532248861726398070e+00,1.391432670061476529e-05
1.532284070020333067e+00,1.390004126733401790e-05
1.532319269723945832e+00,1.386710482620401308e-05
1.532354460841427013e+00,1.384933148074196652e-05
1.532389643376964816e+00,1.381933634547749534e-05
1.532424817334743450e+00,1.380421144858701155e-05
1.532459982718945124e+00,1.377302942273672670e-05
1.532495139533748052e+00,1.375164174532983452e-05
1.532530287783327561e+00,1.372705082758329809e-05
1.532565427471856312e+00,1.370512018183944747e-05
1.532600558603503860e+00,1.368116954836295918e-05
1.532635681182436205e+00,1.365536445518955588e-05
1.532670795212816905e+00,1.363740375381894410e-05
1.532705900698806412e+00,1.360956957796588540e-05
1.532740997644561398e+00,1.358989720756653696e-05
1.532776086054236986e+00,1.356385018880246207e-05
1.532811165931983410e+00,1.354123924102168530e-05
1.532846237281949575e+00,1.351916944258846343e-05
1.532881300108279943e+00,1.349650847259908915e-05
1.532916354415117199e+00,1.347202942270087078e-05
1.532951400206600256e+00,1.344911106571089476e-05
1.532986437486865139e+00,1.342710675089620054e-05
1.533021466260044985e+00,1.340295602858532220e-05
1.533056486530269602e+00,1.338268157269340008e-05
1.533091498301666133e+00,1.335611341346520931e-05
1.533126501578359058e+00,1.333517684543039650e-05
1.533161496364468857e+00,1.331231851509073749e-05
1.533196482664113569e+00,1.329331189481308684e-05
1.533231460481408792e+00,1.326518486166605726e-05
1.533266429820466126e+00,1.324839740846073255e-05
1.533301390685394727e+00,1.322172283835243434e-05
1.533336343080300646e+00,1.319966304436093196e-05
1.533371287009287265e+00,1.317795340582961217e-05
1.533406222476454195e+00,1.315501594945089892e-05
1.533441149485899047e+00,1.313417214987566695e-05
1.533476068041715656e+00,1.310923380515305325e-05
1.533510978147995418e+00,1.308794617216335610e-05
1.533545879808826617e+00,1.306824015046004206e-05
1.533580773028294209e+00,1.304359739151550457e-05
1.533615657810480704e+00,1.302316741202957928e-05
1.533650534159465284e+00,1.299781615671236068e-05
1.533685402079324467e+00,1.298128609050763771e-05
1.533720261574131660e+00,1.295390666200546548e-05
1.533755112647957386e+00,1.293695095228031278e-05
1.533789955304869279e+00,1.291143689741147682e-05
1.533824789548931200e+00,1.289168085349956527e-05
1.533859615384205455e+00,1.286905535380356014e-05
1.533894432814750575e+00,1.284664995182538405e-05
1.533929241844622426e+00,1.282456923945574090e-05
1.533964042477873546e+00,1.280202195630408823e-05
1.533998834718554249e+00,1.278296349482843652e-05
1.534033618570710633e+00,1.276055263588204980e-05
1.534068394038387906e+00,1.273802445211913437e-05
1.534103161125626169e+00,1.271517703571589664e-05
1.534137919836463970e+00,1.269451968255452812e-05
1.534172670174936748e+00,1.267532934434711933e-05
1.534207412145076610e+00,1.265289756702259183e-05
1.534242145750913222e+00,1.263357626157812774e-05
1.534276870996472919e+00,1.261064971913583577e-05
1.534311587885779149e+00,1.259030250366777182e-05
1.534346296422853362e+00,1.256766427104594186e-05
1.534380996611712344e+00,1.254731068911496550e-05
1.534415688456371551e+00,1.252506899618310854e-05
1.534450371960843329e+00,1.250576315214857459e-05
1.534485047129136026e+00,1.248193893843563274e-05
1.534519713965256660e+00,1.246315423486521468e-05
1.534554372473208028e+00,1.244034319825004786e-05
1.534589022656990931e+00,1.242375765286851674e-05
1.534623664520602837e+00,1.239875564351677895e-05
1.534658298068038329e+00,1.238290224137017503e-05
1.534692923303289325e+00,1.235683066624915227e-05
1.534727540230344855e+00,1.233782404597150162e-05
1.534762148853190844e+00,1.231694295711349696e-05
1.534796749175810548e+00,1.229698045790428296e-05
1.534831341202184563e+00,1.227527081937296316e-05
1.534865924936290371e+00,1.225604046339867637e-05
1.534900500382102129e+00,1.223653634951915592e-05
1.534935067543591769e+00,1.221401544171385467e-05
1.534969626424728562e+00,1.219505975313950330e-05
1.535004177029478445e+00,1.217288172483677045e-05
1.535038719361804471e+00,1.215437805512920022e-05
1.535073253425666806e+00,1.213204359373776242e-05
1.535107779225023394e+00,1.211391918332083151e-05
1.535142296763829073e+00,1.209258243761723861e-05
1.535176806046034903e+00,1.207251807500142604e-05
1.535211307075590836e+00,1.205203352583339438e-05
1.535245799856442384e+00,1.203184820042224601e-05
1.535280284392533279e+00,1.201315899379551411e-05
1.535314760687803926e+00,1.199092002934776247e-05
1.535349228746191841e+00,1.197320671053603292e-05
1.535383688571632099e+00,1.195061486214399338e-05
1.535418140168056889e+00,1.193285970657598227e-05
1.535452583539395066e+00,1.191223873320268467e-05
1.535487018689573491e+00,1.189282920677214861e-05
1.535521445622515468e+00,1.187312409456353635e-05
1.535555864342141863e+00,1.185302517114905640e-05
1.535590274852370651e+00,1.183384028990985826e-05
1.535624677157117146e+00,1.181215611723018810e-05
1.535659071260294217e+00,1.179222181235672906e-05
1.535693457165810516e+00,1.177773174276808277e-05
1.535727834877573361e+00,1.175342731585260481e-05
1.535762204399486741e+00,1.173769305751193315e-05
1.535796565735451757e+00,1.171536678157281131e-05
1.535830918889367069e+00,1.169640836451435462e-05
1.535865263865128449e+00,1.167546452052192762e-05
1.535899600666628340e+00,1.165883531939471141e-05
1.535933929297756961e+00,1.163796150649432093e-05
1.535968249762401872e+00,1.162081753136590123e-05
1.536002562064447519e+00,1.159913335868623108e-05
1.536036866207775242e+00,1.158304894488537684e-05
1.536071162196264828e+00,1.156034704763442278e-05
1.536105450033792064e+00,1.154418441728921607e-05
1.536139729724230518e+00,1.152242384705459699e-05
1.536174001271450873e+00,1.150401476479601115e-05
1.536208264679320923e+00,1.148354476754320785e-05
1.536242519951706242e+00,1.146798877016408369e-05
1.536276767092469075e+00,1.144559246313292533e-05
1.536311006105469001e+00,1.142871496995212510e-05
1.536345236994563157e+00,1.140743552241474390e-05
1.536379459763605793e+00,1.138990228355396539e-05
1.536413674416448272e+00,1.137176332122180611e-05
1.536447880956939516e+00,1.135196089308010414e-05
1.536482079388925115e+00,1.133537534769857302e-05
1.536516269716248662e+00,1.131518456531921402e-05
1.536550451942750417e+00,1.129692918766522780e-05
1.536584626072268644e+00,1.127939412981504574e-05
1.536618792108638054e+00,1.125975541071966290e-05
1.536652950055690914e+00,1.124318350775865838e-05
1.536687099917257049e+00,1.122322009905474260e-05
1.536721241697163398e+00,1.120390243158908561e-05
1.536755375399234014e+00,1.118555337598081678e-05
1.536789501027290283e+00,1.116740713769104332e-05
1.536823618585151152e+00,1.114887800213182345e-05
1.536857728076632679e+00,1.112976315198466182e-05
1.536891829505548257e+00,1.111125948227709159e-05
1.536925922875708173e+00,1.109570439439266920e-05
1.536960008190920934e+00,1.107629850594094023e-05
1.536994085454991499e+00,1.105778756027575582e-05
1.537028154671722380e+00,1.104072634916519746e-05
1.537062215844912982e+00,1.102043097489513457e-05
1.537096268978361602e+00,1.100548070098739117e-05
1.537130314075861870e+00,1.098562279366888106e-05
1.537164351141205643e+00,1.096725191018776968e-05
1.537198380178182333e+00,1.094942854251712561e-05
1.537232401190578024e+00,1.093253013095818460e-05
1.537266414182176799e+00,1.091174453904386610e-05
1.537300419156759412e+00,1.089875422621844336e-05
1.537334416118104841e+00,1.087796044885180891e-05
1.537368405069988286e+00,1.085900657926686108e-05
1.537402386016182732e+00,1.084015184460440651e-05
1.537436358960458938e+00,1.083047845895634964e-05
1.537470323906584335e+00,1.080523907148744911e-05
1.537504280858324357e+00,1.079440062312642112e-05
1.537538229819441327e+00,1.076986063708318397e-05
1.537572170793694681e+00,1.075541695172432810e-05
1.537606103784841860e+00,1.073462226486299187e-05
1.537640028796637193e+00,1.072417217073962092e-05
1.537673945832832567e+00,1.070082180376630276e-05
1.537707854897176984e+00,1.068428173311986029e-05
1.537741755993417225e+00,1.066768982127541676e-05
1.537775649125296740e+00,1.064828302332898602e-05
1.537809534296557423e+00,1.063199488271493465e-05
1.537843411510937175e+00,1.061461534845875576e-05
1.537877280772172561e+00,1.059602891473332420e-05
1.537911142083996596e+00,1.058258203556761146e-05
1.537944995450140073e+00,1.056345081451581791e-05
1.537978840874331121e+00,1.054405947797931731e-05
1.538012678360294982e+00,1.052745301421964541e-05
1.538046507911755123e+00,1.051059371093288064e-05
1.538080329532431012e+00,1.049978709488641471e-05
1.538114143226040786e+00,1.047626847139326856e-05
1.538147948996299252e+00,1.046204215526813641e-05
1.538181746846918552e+00,1.044451983034377918e-05
1.538215536781608828e+00,1.042581880028592423e-05
1.538249318804077337e+00,1.041250925482017919e-05
1.538283092918028228e+00,1.039155267790192738e-05
1.538316859127163871e+00,1.038066784531110898e-05
1.538350617435183310e+00,1.035766399581916630e-05
1.538384367845783807e+00,1.034717570291832089e-05
1.538418110362658853e+00,1.032426735037006438e-05
1.538451844989500383e+00,1.031263582262909040e-05
1.538485571729997670e+00,1.029103987093549222e-05
1.538519290587836652e+00,1.027888447424629703e-05
1.538553001566701717e+00,1.025797155307373032e-05
1.538586704670273475e+00,1.024590983433881775e-05
1.538620399902230762e+00,1.022469859890406951e-05
1.538654087266249970e+00,1.021225762087851763e-05
1.538687766766004383e+00,1.019232513499446213e-05
1.538721438405165287e+00,1.017843624140368775e-05
1.538755102187400414e+00,1.015889665723079816e-05
1.538788758116375943e+00,1.014903773466357961e-05
1.538822406195755610e+00,1.012663051369599998e-05
1.538856046429198932e+00,1.011428685160353780e-05
1.538889678820365203e+00,1.009409425023477525e-05
1.538923303372909057e+00,1.007918399409390986e-05
1.538956920090484237e+00,1.006522597890580073e-05
1.538990528976740713e+00,1.004513160296482965e-05
1.539024130035326454e+00,1.003452962322626263e-05
1.539057723269887212e+00,1.001336113404249772e-05
1.539091308684065185e+00,1.000163865683134645e-05
1.539124886281501015e+00,9.981342373066581786e-06
1.539158456065832459e+00,9.966883226297795773e-06
1.539192018040694609e+00,9.949845662049483508e-06
1.539225572209720116e+00,9.933452929544728249e-06
1.539259118576539187e+00,9.919906915456522256e-06
1.539292657144779142e+00,9.901526027533691376e-06
1.539326187918065081e+00,9.885565305012278259e-06
1.539359710900019662e+00,9.872551345324609429e-06
1.539393226094263101e+00,9.855622010945808142e-06
1.539426733504412503e+00,9.839327503868844360e-06
1.539460233134083200e+00,9.822927495406474918e-06
1.539493724986887191e+00,9.808570212044287473e-06
1.539527209066434699e+00,9.792674973141402006e-06
1.539560685376332838e+00,9.779701031220611185e-06
1.539594153920187170e+00,9.759861313796136528e-06
1.539627614701599256e+00,9.746853720571380109e-06
1.539661067724169552e+00,9.728948498377576470e-06
1.539694512991495401e+00,9.718521141621749848e-06
1.539727950507171705e+00,9.697650966700166464e-06
1.539761380274790481e+00,9.686938028607983142e-06
1.539794802297941523e+00,9.667026461102068424e-06
1.539828216580213072e+00,9.653029337641783059e-06
1.539861623125189150e+00,9.638530173106119037e-06
1.539895021936452890e+00,9.621279787097591907e-06
1.539928413017583653e+00,9.609263543097767979e-06
1.539961796372159242e+00,9.590533409209456295e-06
1.539995172003754131e+00,9.578151548339519650e-06
1.540028539915941241e+00,9.560225407767575234e-06
1.540061900112290605e+00,9.546695764584001154e-06
1.540095252596369590e+00,9.531676369078923017e-06
1.540128597371742902e+00,9.515021702100057155e-06
1.540161934441973912e+00,9.501427484792657197e-06
1.540195263810621995e+00,9.484158908890094608e-06
1.540228585481245194e+00,9.470603799854870886e-06
1.540261899457398664e+00,9.454452992940787226e-06
1.540295205742634899e+00,9.438620509172324091e-06
1.540328504340504168e+00,9.430767022422514856e-06
1.540361795254554522e+00,9.409183803654741496e-06
1.540395078488331126e+00,9.395850611326750368e-06
1.540428354045376924e+00,9.383710676047485322e-06
1.540461621929232416e+00,9.364205652673263103e-06
1.540494882143435440e+00,9.356512236990965903e-06
1.540528134691521833e+00,9.336122275271918625e-06
1.540561379577024104e+00,9.320317985839210451e-06
1.540594616803473427e+00,9.306503670813981444e-06
1.540627846374397869e+00,9.292279173678252846e-06
1.540661068293323055e+00,9.277732715418096632e-06
1.540694282563772610e+00,9.262980711355339736e-06
1.540727489189267274e+00,9.248627065971959382e-06
1.540760688173325565e+00,9.233648597728461027e-06
1.540793879519463783e+00,9.219332241627853364e-06
1.540827063231194893e+00,9.204405614582356066e-06
1.540860239312030977e+00,9.191388926410581917e-06
1.540893407765480116e+00,9.175040759146213531e-06
1.540926568595048840e+00,9.163465620076749474e-06
1.540959721804241234e+00,9.145945114141795784e-06
1.540992867396558719e+00,9.133265848504379392e-06
1.541026005375500496e+00,9.116060937230940908e-06
1.541059135744563102e+00,9.101954674406442791e-06
1.541092258507241297e+00,9.090423191082663834e-06
1.541125373667026288e+00,9.073983164853416383e-06
1.541158481227407950e+00,9.061233868123963475e-06
1.541191581191873272e+00,9.046459126693662256e-06
1.541224673563907022e+00,9.031996341946069151e-06
1.541257758346991746e+00,9.020809557114262134e-06
1.541290835544606885e+00,9.003029845189303160e-06
1.541323905160229879e+00,8.991457434603944421e-06
1.541356967197336170e+00,8.975116543297190219e-06
1.541390021659398313e+00,8.963280379248317331e-06
1.541423068549886644e+00,8.947194146458059549e-06
1.541456107872269499e+00,8.934724974096752703e-06
1.541489139630011884e+00,8.918756066123023629e-06
1.541522163826577030e+00,8.908093150239437819e-06
1.541555180465425945e+00,8.891304787539411336e-06
1.541588189550017196e+00,8.878077096596825868e-06
1.541621191083806686e+00,8.864586561685428023e-06
1.541654185070248317e+00,8.850680387695319951e-06
1.541687171512792887e+00,8.837254426907747984e-06
1.541720150414889634e+00,8.822560630505904555e-06
1.541753121779985136e+00,8.809805876808241010e-06
1.541786085611523971e+00,8.794630957709159702e-06
1.541819041912947608e+00,8.782780241745058447e-06
1.541851990687695295e+00,8.767745384830050170e-06
1.541884931939204950e+00,8.753998372412752360e-06
1.541917865670910714e+00,8.739692930248565972e-06
1.541950791886245398e+00,8.727560270926915109e-06
1.541983710588638923e+00,8.713480383448768407e-06
1.542016621781519214e+00,8.699514182808343321e-06
1.542049525468311311e+00,8.684725798957515508e-06
1.542082421652438695e+00,8.675856406625825912e-06
1.542115310337321743e+00,8.657881153339985758e-06
1.542148191526379275e+00,8.650764357298612595e-06
1.542181065223026559e+00,8.631597665953449905e-06
1.542213931430678198e+00,8.618771062174346298e-06
1.542246790152745239e+00,8.607356903667096049e-06
1.542279641392636291e+00,8.591194273321889341e-06
1.542312485153758850e+00,8.582437658333219588e-06
1.542345321439516637e+00,8.564253221265971661e-06
1.542378150253312041e+00,8.555697604606393725e-06
1.542410971598544789e+00,8.537995199731085449e-06
1.542443785478612162e+00,8.524559234501793981e-06
1.542476591896909444e+00,8.517564310750458390e-06
1.542509390856829476e+00,8.498623174091335386e-06
1.542542182361762437e+00,8.486512342642527074e-06
1.542574966415096727e+00,8.475628419546410441e-06
1.542607743020218525e+00,8.459055607090704143e-06
1.542640512180510459e+00,8.448851986031513661e-06
1.542673273899354713e+00,8.433406947006005794e-06
1.542706028180129696e+00,8.421970960625912994e-06
1.542738775026212261e+00,8.407645509578287601e-06
1.542771514440976821e+00,8.396431439905427396e-06
1.542804246427795123e+00,8.381551197089720517e-06
1.542836970990036916e+00,8.369126589968800545e-06
1.542869688131070394e+00,8.355974387086462229e-06
1.542902397854259755e+00,8.345828973688185215e-06
1.542935100162968309e+00,8.329659067385364324e-06
1.542967795060556702e+00,8.316448656842112541e-06
1.543000482550383134e+00,8.310002158395946026e-06
1.543033162635804034e+00,8.293674909509718418e-06
1.543065835320172274e+00,8.278653695015236735e-06
1.543098500606840284e+00,8.268234523711726069e-06
1.543131158499156497e+00,8.253240594058297575e-06
1.543163809000468456e+00,8.243120646511670202e-06
1.543196452114120598e+00,8.229219019995070994e-06
1.543229087843454916e+00,8.216173227992840111e-06
1.543261716191811850e+00,8.204434379877056926e-06
1.543294337162529395e+00,8.190487278625369072e-06
1.543326950758942884e+00,8.180250006262212992e-06
1.543359556984385650e+00,8.165709914464969188e-06
1.543392155842188807e+00,8.154480383382178843e-06
1.543424747335681246e+00,8.140904355968814343e-06
1.543457331468189420e+00,8.128285116981714964e-06
1.543489908243037556e+00,8.116759090626146644e-06
1.543522477663547887e+00,8.103369509626645595e-06
1.543555039733039980e+00,8.092990356090012938e-06
1.543587594454831846e+00,8.079093277046922594e-06
1.543620141832238168e+00,8.067166163527872413e-06
1.543652681868572296e+00,8.054197678575292230e-06
1.543685214567145136e+00,8.042135959840379655e-06
1.543717739931264710e+00,8.030353455978911370e-06
1.543750257964238370e+00,8.016895662876777351e-06
1.543782768669369254e+00,8.004655683180317283e-06
1.543815272049959830e+00,7.992919563548639417e-06
1.543847768109309460e+00,7.981371709320228547e-06
1.543880256850715726e+00,7.968083991727326065e-06
1.543912738277473773e+00,7.958535206853412092e-06
1.543945212392876520e+00,7.944359822431579232e-06
1.543977679200214448e+00,7.933223059808369726e-06
1.544010138702776480e+00,7.920684765849728137e-06
1.544042590903848655e+00,7.907668077677953988e-06
1.544075035806715013e+00,7.898841431597247720e-06
1.544107473414657816e+00,7.884719707362819463e-06
1.544139903730956442e+00,7.873573849792592227e-06
1.544172326758888047e+00,7.861232916184235364e-06
1.544204742501728456e+00,7.848751010897103697e-06
1.544237150962750160e+00,7.837793418730143458e-06
1.544269552145224322e+00,7.824155545677058399e-06
1.544301946052419217e+00,7.815888238837942481e-06
1.544334332687601785e+00,7.800820640113670379e-06
1.544366712054035640e+00,7.789863047946710140e-06
1.544399084154983059e+00,7.778988219797611237e-06
1.544431448993704104e+00,7.766032467770855874e-06
1.544463806573455944e+00,7.755137630738317966e-06
1.544496156897494421e+00,7.742604793747887015e-06
1.544528499969072488e+00,7.731337973382323980e-06
1.544560835791441322e+00,7.719198947597760707e-06
1.544593164367849880e+00,7.707993063377216458e-06
1.544625485701544676e+00,7.695753993175458163e-06
1.544657799795770226e+00,7.685188393224962056e-06
1.544690106653769046e+00,7.672130777791608125e-06
1.544722406278781213e+00,7.660270966880489141e-06
1.544754698674044358e+00,7.653316060896031559e-06
1.544786983842795003e+00,7.637018825334962457e-06
1.544819261788266118e+00,7.625944817846175283e-06
1.544851532513689785e+00,7.614953574375249445e-06
1.544883796022294531e+00,7.605919108755188063e-06
1.544916052317307775e+00,7.591826943098567426e-06
1.544948301401954938e+00,7.581611498608253896e-06
1.544980543279458107e+00,7.569005902041681111e-06
1.545012777953038485e+00,7.558858214906649664e-06
1.545045005425914164e+00,7.546771939814789221e-06
1.545077225701301682e+00,7.536445536970859393e-06
1.545109438782415134e+00,7.523797194153303280e-06
1.545141644672466619e+00,7.513796390412608162e-06
1.545173843374666012e+00,7.501434993173461407e-06
1.545206034892220526e+00,7.491658379876753315e-06
1.545238219228336707e+00,7.478661700588418171e-06
1.545270396386217104e+00,7.469128831871785223e-06
1.545302566369063602e+00,7.456028470187447965e-06
1.545334729180074973e+00,7.447577900165924802e-06
1.545366884822448217e+00,7.433833161485381424e-06
1.545399033299378333e+00,7.425375315506244078e-06
1.545431174614058101e+00,7.411616934405174106e-06
1.545463308769677857e+00,7.403305517073022202e-06
1.545495435769426384e+00,7.389568963844794780e-06
1.545527555616489801e+00,7.381071554846130311e-06
1.545559668314052448e+00,7.367355919996043667e-06
1.545591773865296448e+00,7.358006769209168851e-06
1.545623872273401478e+00,7.345388439716771245e-06
1.545655963541545663e+00,7.336184353334829211e-06
1.545688047672904464e+00,7.323588306462625042e-06
1.545720124670651785e+00,7.315470156754599884e-06
1.545752194537959090e+00,7.301975529117044061e-06
1.545784257277995177e+00,7.293307589861797169e-06
1.545816312893928179e+00,7.280562840605853125e-06
1.545848361388922676e+00,7.271233243955066428e-06
1.545880402766141692e+00,7.259054200403625146e-06
1.545912437028746256e+00,7.248504061863059178e-06
1.545944464179895173e+00,7.238192665681708604e-06
1.545976484222745251e+00,7.227655260066967458e-06
1.546008497160450856e+00,7.217201527964789420e-06
1.546040502996165023e+00,7.206501777545781806e-06
1.546072501733037674e+00,7.195686976046999916e-06
1.546104493374217403e+00,7.184956757555482909e-06
1.546136477922850361e+00,7.174484380811918527e-06
1.546168455382080698e+00,7.163671398302540183e-06
1.546200425755050345e+00,7.152802481869002804e-06
1.546232389044899458e+00,7.143093625927576795e-06
1.546264345254765527e+00,7.130984613468172029e-06
1.546296294387784931e+00,7.120313966879621148e-06
1.546328236447090720e+00,7.113107130862772465e-06
1.546360171435815278e+00,7.099286904121981934e-06
1.546392099357087435e+00,7.090827693900791928e-06
1.546424020214035133e+00,7.079177976265782490e-06
1.546455934009783428e+00,7.069027105899294838e-06
1.546487840747456044e+00,7.059740710246842355e-06
1.546519740430173817e+00,7.048100997053552419e-06
1.546551633061056252e+00,7.038049261609558016e-06
1.546583518643219968e+00,7.027250376268057153e-06
1.546615397179780471e+00,7.017603365966351703e-06
1.546647268673850828e+00,7.006819487287430093e-06
1.546679133128541661e+00,6.996953288762597367e-06
1.546710990546961595e+00,6.986169864831026644e-06
1.546742840932218144e+00,6.976430086069740355e-06
1.546774684287415269e+00,6.965386091906111687e-06
1.546806520615656266e+00,6.956313427508575842e-06
1.546838349920041322e+00,6.944932010810589418e-06
1.546870172203669291e+00,6.936224508535815403e-06
1.546901987469636364e+00,6.925500656507210806e-06
1.546933795721037619e+00,6.914523055456811562e-06
1.546965596960965028e+00,6.904725523781962693e-06
1.546997391192509008e+00,6.895193109812680632e-06
1.547029178418758200e+00,6.885933544253930449e-06
1.547060958642798356e+00,6.874064183648442850e-06
1.547092731867714566e+00,6.866157491458579898e-06
1.547124498096588141e+00,6.854013918200507760e-06
1.547156257332499951e+00,6.844764811830827966e-06
1.547188009578527979e+00,6.833564839325845242e-06
1.547219754837748207e+00,6.825871423643548042e-06
1.547251493113234622e+00,6.814707830926636234e-06
1.547283224408059432e+00,6.803983069403329864e-06
1.547314948725293071e+00,6.795529770897701383e-06
1.547346666068002863e+00,6.784108336432836950e-06
1.547378376439255243e+00,6.775695510441437364e-06
1.547410079842114206e+00,6.765093530702870339e-06
1.547441776279641745e+00,6.755380127287935466e-06
1.547473465754897415e+00,6.745447080902522430e-06
1.547505148270939435e+00,6.736476734658936039e-06
1.547536823830823804e+00,6.726846095261862502e-06
1.547568492437604082e+00,6.715796644130023196e-06
1.547600154094332270e+00,6.707714419462718070e-06
1.547631808804058373e+00,6.696337095490889624e-06
1.547663456569830176e+00,6.688545454380800948e-06
1.547695097394693242e+00,6.677205874439096078e-06
1.547726731281692025e+00,6.668255991826299578e-06
1.547758358233868314e+00,6.657293852185830474e-06
1.547789978254261234e+00,6.650252544204704463e-06
1.547821591345909686e+00,6.638564173044869676e-06
1.547853197511848355e+00,6.629014478676253930e-06
1.547884796755112147e+00,6.619564828724833205e-06
1.547916389078732413e+00,6.609335287066642195e-06
1.547947974485739175e+00,6.601598670386010781e-06
1.547979552979160456e+00,6.590296379727078602e-06
1.548011124562021834e+00,6.583887170563684776e-06
1.548042689237347336e+00,6.571395715582184494e-06
1.548074247008159210e+00,6.562959242728538811e-06
1.548105797877477041e+00,6.553082130267284811e-06
1.548137341848318860e+00,6.543435119965579361e-06
1.548168878923700698e+00,6.535191459988709539e-06
1.548200409106636588e+00,6.524273430841276422e-06
1.548231932400138566e+00,6.516847406601300463e-06
1.548263448807216669e+00,6.506562840513652191e-06
1.548294958330879156e+00,6.496299647551495582e-06
1.548326460974131846e+00,6.488705366791691631e-06
1.548357956739979002e+00,6.477437636931426823e-06
1.548389445631423111e+00,6.470476819231407717e-06
1.548420927651463774e+00,6.460103122662985697e-06
1.548452402803099703e+00,6.449557531595928594e-06
1.548483871089327168e+00,6.440854122047312558e-06
1.548515332513140663e+00,6.431196652556536719e-06
1.548546787077532239e+00,6.424145340133691207e-06
1.548578234785492169e+00,6.413087703549535945e-06
1.548609675640008954e+00,6.404550276783993468e-06
1.548641109644069980e+00,6.395024684024974704e-06
1.548672536800658639e+00,6.385702363331802189e-06
1.548703957112758101e+00,6.377561021508881822e-06
1.548735370583349091e+00,6.367699825204908848e-06
1.548766777215410118e+00,6.358653990901075304e-06
1.548798177011918131e+00,6.349012892314931378e-06
1.548829569975847642e+00,6.341461812553461641e-06
1.548860956110171827e+00,6.331097210932057351e-06
1.548892335417861421e+00,6.322416538750985637e-06
1.548923707901885827e+00,6.313450285233557224e-06
1.548955073565211560e+00,6.304082944552646950e-06
1.548986432410804248e+00,6.294879767665406689e-06
1.549017784441626855e+00,6.287483756750589237e-06
1.549049129660640345e+00,6.277036391111323610e-06
1.549080468070804573e+00,6.269570803851820529e-06
1.549111799675076950e+00,6.259950623643817380e-06
1.549143124476412670e+00,6.251123522815760225e-06
1.549174442477765146e+00,6.241742539714323357e-06
1.549205753682086462e+00,6.233770363905932754e-06
1.549237058092326258e+00,6.225314791663549840e-06
1.549268355711431955e+00,6.215160738065605983e-06
1.549299646542350084e+00,6.206968919286737218e-06
1.549330930588023847e+00,6.198063147166976705e-06
1.549362207851395778e+00,6.188933639350580052e-06
1.549393478335405971e+00,6.181194748933194205e-06
1.549424742042992298e+00,6.171152108436217532e-06
1.549455998977091742e+00,6.163743364595575258e-06
1.549487249140637957e+00,6.153419235488399863e-06
1.549518492536563929e+00,6.146357918623834848e-06
1.549549729167799983e+00,6.136385309218894690e-06
1.549580959037275107e+00,6.129175289970589802e-06
1.549612182147915851e+00,6.118833880464080721e-06
1.549643398502647207e+00,6.111961283750133589e-06
1.549674608104392171e+00,6.101990038587246090e-06
1.549705810956071739e+00,6.093748652347130701e-06
1.549737007060605132e+00,6.085217137297149748e-06
1.549768196420909794e+00,6.076694717194186524e-06
1.549799379039900948e+00,6.067863523639971390e-06
1.549830554920492487e+00,6.059193765395320952e-06
1.549861724065595414e+00,6.050924184819450602e-06
1.549892886478120069e+00,6.041688720870297402e-06
1.549924042160973903e+00,6.034585567249450833e-06
1.549955191117063258e+00,6.025668426445918158e-06
1.549986333349292034e+00,6.017566192895174026e-06
1.550017468860562353e+00,6.008973741700174287e-06
1.550048597653774562e+00,6.000150733598275110e-06
1.550079719731827677e+00,5.991721081954892725e-06
1.550110835097617379e+00,5.982748461974551901e-06
1.550141943754039353e+00,5.975844032946042717e-06
1.550173045703985508e+00,5.966184289718512446e-06
1.550204140950347531e+00,5.957914254395291209e-06
1.550235229496014000e+00,5.949229034740710631e-06
1.550266311343872383e+00,5.942117240920197219e-06
1.550297386496808150e+00,5.932984549872344360e-06
1.550328454957704771e+00,5.925181540078483522e-06
1.550359516729443721e+00,5.916673671890748665e-06
1.550390571814904916e+00,5.908199909754330292e-06
1.550421620216966279e+00,5.900286851101554930e-06
1.550452661938503729e+00,5.891060482099419460e-06
1.550483696982391857e+00,5.884734946448588744e-06
1.550514725351502809e+00,5.874589078302960843e-06
1.550545747048706513e+00,5.868504558748099953e-06
1.550576762076872672e+00,5.858214990439591929e-06
1.550607770438867217e+00,5.851018158864462748e-06
1.550638772137555632e+00,5.842091013619210571e-06
1.550669767175800740e+00,5.834648163727251813e-06
1.550700755556463806e+00,5.825787866342579946e-06
1.550731737282404543e+00,5.819636498927138746e-06
1.550762712356480000e+00,5.810216862300876528e-06
1.550793680781546557e+00,5.802480245620245114e-06
1.550824642560457711e+00,5.795049673906760290e-06
1.550855597696065624e+00,5.785511348221916705e-06
1.550886546191220239e+00,5.778499598818598315e-06
1.550917488048770609e+00,5.769995368609670550e-06
1.550948423271562460e+00,5.761878583143698052e-06
1.550979351862441069e+00,5.754599897045409307e-06
1.551010273824249275e+00,5.745669113821350038e-06
1.551041189159828138e+00,5.738642812502803281e-06
1.551072097872016720e+00,5.729789336328394711e-06
1.551102999963652751e+00,5.723010417568730190e-06
1.551133895437571297e+00,5.714321559935342520e-06
1.551164784296606758e+00,5.706087904400192201e-06
1.551195666543590868e+00,5.698258064512629062e-06
1.551226542181353363e+00,5.690290436177747324e-06
1.551257411212723314e+00,5.683844392478931695e-06
1.551288273640526683e+00,5.674689873558236286e-06
1.551319129467588320e+00,5.668295216310070828e-06
1.551349978696730858e+00,5.659136604663217440e-06
1.551380821330775595e+00,5.652145773638039827e-06
1.551411657372542052e+00,5.643602435156935826e-06
1.551442486824847311e+00,5.636200967273907736e-06
1.551473309690507119e+00,5.628568487736629322e-06
1.551504125972335446e+00,5.620910997095052153e-06
1.551534935673144266e+00,5.613009307126048952e-06
1.551565738795743554e+00,5.605206752079539001e-06
1.551596535342942174e+00,5.597904873866355047e-06
1.551627325317546324e+00,5.589314241660758853e-06
1.551658108722361318e+00,5.581303867074893788e-06
1.551688885560190023e+00,5.575412160396808758e-06
1.551719655833833533e+00,5.566088930208934471e-06
1.551750419546091608e+00,5.560073986998759210e-06
1.551781176699761566e+00,5.550952664634678513e-06
1.551811927297639393e+00,5.544460236706072465e-06
1.551842671342519298e+00,5.536038315767655149e-06
1.551873408837193713e+00,5.528600922843907028e-06
1.551904139784453074e+00,5.520824743143748492e-06
1.551934864187085816e+00,5.513807082024868578e-06
1.551965582047879266e+00,5.506317847903119400e-06
1.551996293369618529e+00,5.498111022461671382e-06
1.552026998155086934e+00,5.491245246957987547e-06
1.552057696407066256e+00,5.482938377099344507e-06
1.552088388128336049e+00,5.475705165736144409e-06
1.552119073321674758e+00,5.469068582897307351e-06
1.552149751989858606e+00,5.461231467052130029e-06
1.552180424135661596e+00,5.453569883684394881e-06
1.552211089761857288e+00,5.446770501293940470e-06
1.552241748871216354e+00,5.438545940705807880e-06
1.552272401466507912e+00,5.431849331216653809e-06
1.552303047550499526e+00,5.424839855550089851e-06
1.552333687125956985e+00,5.416198746388545260e-06
1.552364320195644298e+00,5.409621735452674329e-06
1.552394946762323258e+00,5.401471298682736233e-06
1.552425566828754766e+00,5.396349024522351101e-06
1.552456180397697061e+00,5.387039891502354294e-06
1.552486787471907270e+00,5.380070888350019231e-06
1.552517388054140524e+00,5.372676696424605325e-06
1.552547982147149952e+00,5.365197921491926536e-06
1.552578569753688020e+00,5.359649549063760787e-06
1.552609150876503863e+00,5.350694664230104536e-06
1.552639725518345948e+00,5.344634246284840629e-06
1.552670293681960301e+00,5.336180038284510374e-06
1.552700855370092281e+00,5.329238774720579386e-06
1.552731410585484362e+00,5.321997832652414218e-06
1.552761959330877684e+00,5.316203896654769778e-06
1.552792501609011833e+00,5.307592800818383694e-06
1.552823037422624397e+00,5.300661086948821321e-06
1.552853566774451188e+00,5.292924925015540794e-06
1.552884089667226908e+00,5.287096428219228983e-06
1.552914606103683814e+00,5.279147444525733590e-06
1.552945116086552391e+00,5.272141152090625837e-06
1.552975619618561787e+00,5.265461823000805452e-06
1.553006116702439598e+00,5.257990324025740847e-06
1.553036607340911202e+00,5.251056791166774929e-06
1.553067091536700195e+00,5.244107342150527984e-06
1.553097569292529068e+00,5.236442575551336631e-06
1.553128040611117866e+00,5.231180693954229355e-06
1.553158505495185526e+00,5.222344043431803584e-06
1.553188963947448986e+00,5.216052613832289353e-06
1.553219415970622963e+00,5.208342827245360240e-06
1.553249861567421730e+00,5.203152340982342139e-06
1.553280300740556230e+00,5.194444838707568124e-06
1.553310733492737183e+00,5.187775968806818128e-06
1.553341159826672868e+00,5.180486368772108108e-06
1.553371579745069564e+00,5.173843874217709526e-06
1.553401993250632440e+00,5.168424195289844647e-06
1.553432400346064668e+00,5.160020464245462790e-06
1.553462801034067642e+00,5.153259735379833728e-06
1.553493195317341646e+00,5.146148851054022089e-06
1.553523583198584079e+00,5.140131179359741509e-06
1.553553964680491672e+00,5.132586920808535069e-06
1.553584339765759159e+00,5.125754796608816832e-06
1.553614708457079496e+00,5.118558419781038538e-06
1.553645070757143865e+00,5.114276518725091591e-06
1.553675426668641890e+00,5.105216132506029680e-06
1.553705776194261423e+00,5.098588644614210352e-06
1.553736119336688759e+00,5.091308594273868948e-06
1.553766456098608195e+00,5.086490546091226861e-06
1.553796786482702919e+00,5.078037702332949266e-06
1.553827110491653452e+00,5.072868589195422828e-06
1.553857428128139651e+00,5.064570814283797517e-06
1.553887739394839596e+00,5.057827820564853027e-06
1.553918044294428258e+00,5.051979314885102212e-06
1.553948342829581053e+00,5.044412773713702336e-06
1.553978635002969844e+00,5.038076324126450345e-06
1.554008920817266270e+00,5.030925876781111583e-06
1.554039200275139532e+00,5.024157871957868338e-06
1.554069473379256605e+00,5.019385298510314897e-06
1.554099740132284246e+00,5.012239853385835886e-06
1.554130000536886103e+00,5.004503691452555358e-06
1.554160254595725599e+00,4.998622898710891604e-06
1.554190502311462607e+00,4.991277364752022550e-06
1.554220743686757444e+00,4.985553459846414626e-06
1.554250978724266652e+00,4.978215201845159754e-06
1.554281207426646771e+00,4.973031536792404950e-06
1.554311429796551902e+00,4.964947493135696277e-06
1.554341645836634811e+00,4.959694706485606730e-06
1.554371855549545822e+00,4.951973551214905456e-06
1.554402058937934594e+00,4.945466571371071041e-06
1.554432256004448787e+00,4.939485734212212265e-06
1.554462446751734062e+00,4.932438969262875617e-06
1.554492631182434970e+00,4.925967459712410346e-06
1.554522809299193620e+00,4.919634648103965446e-06
1.554552981104651455e+00,4.914540568279335275e-06
1.554583146601447474e+00,4.906682534056017175e-06
1.554613305792219347e+00,4.900562544207787141e-06
1.554643458679603185e+00,4.893576260656118393e-06
1.554673605266232883e+00,4.888282091997098178e-06
1.554703745554741223e+00,4.881622771790716797e-06
1.554733879547759878e+00,4.874443675362272188e-06
1.554764007247917412e+00,4.869113581662531942e-06
1.554794128657841945e+00,4.861788966081803665e-06
1.554824243780159598e+00,4.855598945141537115e-06
1.554854352617494495e+00,4.848995104111963883e-06
1.554884455172469426e+00,4.843254373554373160e-06
1.554914551447705851e+00,4.836321295442758128e-06
1.554944641445823006e+00,4.830926627619192004e-06
1.554974725169439020e+00,4.824099960387684405e-06
1.555004802621170024e+00,4.817964054382173344e-06
1.555034873803630369e+00,4.811268809135071933e-06
1.555064938719433298e+00,4.804966920346487314e-06
1.555094997371190058e+00,4.798780082637676969e-06
1.555125049761510114e+00,4.792363597516668960e-06
1.555155095893001826e+00,4.786390491062775254e-06
1.555185135768271554e+00,4.779686605616007000e-06
1.555215169389924323e+00,4.774631634063553065e-06
1.555245196760562942e+00,4.768412054545478895e-06
1.555275217882788885e+00,4.761267518915701658e-06
1.555305232759202516e+00,4.756188445753650740e-06
1.555335241392401757e+00,4.748872470372589305e-06
1.555365243784983642e+00,4.742964847537223250e-06
1.555395239939542984e+00,4.736569735541706905e-06
1.555425229858673264e+00,4.730681666842428967e-06
1.555455213544966409e+00,4.724210157291963696e-06
1.555485191001012568e+00,4.719312528322916478e-06
1.555515162229400561e+00,4.712139798357384279e-06
1.555545127232716762e+00,4.706750587502028793e-06
1.555575086013547326e+00,4.700952558778226376e-06
1.555605038574475518e+00,4.694032668339787051e-06
1.555634984918083497e+00,4.688923581852577627e-06
1.555664925046951863e+00,4.681709924625465646e-06
1.555694858963659888e+00,4.675742729887133464e-06
1.555724786670784621e+00,4.670044745580526069e-06
1.555754708170901779e+00,4.664677817345364019e-06
1.555784623466585748e+00,4.657803401642013341e-06
1.555814532560408692e+00,4.652577445085626096e-06
1.555844435454941665e+00,4.646195520763285458e-06
1.555874332152754169e+00,4.639904091163771227e-06
1.555904222656413927e+00,4.634019205695949495e-06
1.555934106968486663e+00,4.628762326319701970e-06
1.555963985091537438e+00,4.621830612450139597e-06
1.555993857028129312e+00,4.616002570401178673e-06
1.556023722780822904e+00,4.610587438946822658e-06
1.556053582352178610e+00,4.604656169249210507e-06
1.556083435744754384e+00,4.598281975631834939e-06
1.556113282961107069e+00,4.592580808093771338e-06
1.556143124003791289e+00,4.586619525071000680e-06
1.556172958875360557e+00,4.580978384183254093e-06
1.556202787578367053e+00,4.574880676955217496e-06
1.556232610115360737e+00,4.569479187921388075e-06
1.556262426488890238e+00,4.563165930449031293e-06
1.556292236701502851e+00,4.557909505820134655e-06
1.556322040755744096e+00,4.551839992927853018e-06
1.556351838654157715e+00,4.545970568869961426e-06
1.556381630399286120e+00,4.540465852187480778e-06
1.556411415993670389e+00,4.534025265456875786e-06
1.556441195439849157e+00,4.528840690909419209e-06
1.556470968740360616e+00,4.522611106949625537e-06
1.556500735897740517e+00,4.516920398600632325e-06
1.556530496914523720e+00,4.511366114456905052e-06
1.556560251793242644e+00,4.505508059082785621e-06
1.556590000536429264e+00,4.499771875998703763e-06
1.556619743146612889e+00,4.494577751756878570e-06
1.556649479626321941e+00,4.488189460971625522e-06
1.556679209978083067e+00,4.482749318412970752e-06
1.556708934204421357e+00,4.476931735553080216e-06
1.556738652307860571e+00,4.471346983336843550e-06
1.556768364290922468e+00,4.465476649784250185e-06
1.556798070156127700e+00,4.459891897568013519e-06
1.556827769905994696e+00,4.454128429642878473e-06
1.556857463543041442e+00,4.448406343726674095e-06
1.556887151069783037e+00,4.442628778633661568e-06
1.556916832488734137e+00,4.437515599420294166e-06
1.556946507802407398e+00,4.432057266967603937e-06
1.556976177013313922e+00,4.425927727425005287e-06
1.557005840123962814e+00,4.421141056809574366e-06
1.557035497136862734e+00,4.414786872075637802e-06
1.557065148054520121e+00,4.409409029904054478e-06
1.557094792879439193e+00,4.403475031722337008e-06
1.557124431614124171e+00,4.398496912472182885e-06
1.557154064261076387e+00,4.392666141939116642e-06
1.557183690822796285e+00,4.386829914437839761e-06
1.557213311301782754e+00,4.382379302114713937e-06
1.557242925700532910e+00,4.376284778118133545e-06
1.557272534021542310e+00,4.370400802145013586e-06
1.557302136267305182e+00,4.366019311419222504e-06
1.557331732440314420e+00,4.359511422080686316e-06
1.557361322543060700e+00,4.354316388344159350e-06
1.557390906578033363e+00,4.348737547843484208e-06
1.557420484547721307e+00,4.343593900557607412e-06
1.557450056454610321e+00,4.338096914580091834e-06
1.557479622301185751e+00,4.332574917498277500e-06
1.557509182089930500e+00,4.326993348513497040e-06
1.557538735823326803e+00,4.321945198171306401e-06
1.557568283503855344e+00,4.315917976782657206e-06
1.557597825133994363e+00,4.310606527724303305e-06
1.557627360716221654e+00,4.305160473450087011e-06
1.557656890253012794e+00,4.299949978303629905e-06
1.557686413746842247e+00,4.294590326026082039e-06
1.557715931200182702e+00,4.289349817554466426e-06
1.557745442615505294e+00,4.283926500647794455e-06
1.557774947995279824e+00,4.278848791727796197e-06
1.557804447341974541e+00,4.273058038961607963e-06
1.557833940658056360e+00,4.267967142368433997e-06
1.557863427945990198e+00,4.262386482878355309e-06
1.557892909208239862e+00,4.257641194271855056e-06
1.557922384447267383e+00,4.251710834068944678e-06
1.557951853665533681e+00,4.246579464961541817e-06
1.557981316865497678e+00,4.241093392920447513e-06
1.558010774049616964e+00,4.236505901644704863e-06
1.558040225220348240e+00,4.230591002851724625e-06
1.558069670380145544e+00,4.226361852488480508e-06
1.558099109531462245e+00,4.220160462864441797e-06
1.558128542676750161e+00,4.215047283651074395e-06
1.558157969818459110e+00,4.210480710753472522e-06
1.558187390959037799e+00,4.204463493806542829e-06
1.558216806100933383e+00,4.199929207970853895e-06
1.558246215246591904e+00,4.194379471300635487e-06
1.558275618398456741e+00,4.189138508081668988e-06
1.558305015558971274e+00,4.183877990726614371e-06
1.558334406730576438e+00,4.178579274594085291e-06
1.558363791915711616e+00,4.173458364675752819e-06
1.558393171116815301e+00,4.168201030552154407e-06
1.558422544336324433e+00,4.163399353274144232e-06
1.558451911576673288e+00,4.158011506660841405e-06
1.558481272840296805e+00,4.153328063694061711e-06
1.558510628129626374e+00,4.147755589656298980e-06
1.558539977447092939e+00,4.143194928474258631e-06
1.558569320795125668e+00,4.137454197916667908e-06
1.558598658176152618e+00,4.132478807150619105e-06
1.558627989592600072e+00,4.127123702346580103e-06
1.558657315046892533e+00,4.122397967876167968e-06
1.558686634541453619e+00,4.117643129575299099e-06
1.558715948078704949e+00,4.112494025321211666e-06
1.558745255661067475e+00,4.107332188141299412e-06
1.558774557290959484e+00,4.102262664673617110e-06
1.558803852970798820e+00,4.097149940207600594e-06
1.558833142703001107e+00,4.092411018064012751e-06
1.558862426489981079e+00,4.087069555680500343e-06
1.558891704334151473e+00,4.082562099938513711e-06
1.558920976237924583e+00,4.077221547049703076e-06
1.558950242203709591e+00,4.071989678777754307e-06
1.558979502233915904e+00,4.067411737196380273e-06
1.559008756330950263e+00,4.062088464706903324e-06
1.559038004497218299e+00,4.057228125020628795e-06
1.559067246735124534e+00,4.052502390550216660e-06
1.559096483047071269e+00,4.046964932058472186e-06
1.559125713435460359e+00,4.042250111524481326e-06
1.559154937902691440e+00,4.037393864564364776e-06
1.559184156451163039e+00,4.032595370517810807e-06
1.559213369083271905e+00,4.027458999189548194e-06
1.559242575801413233e+00,4.022565462946658954e-06
1.559271776607981774e+00,4.017959327029529959e-06
1.559300971505369615e+00,4.013098077848553658e-06
1.559330160495967954e+00,4.008190444437786937e-06
1.559359343582166435e+00,4.002878540632082149e-06
1.559388520766353148e+00,3.998757165390998125e-06
1.559417692050915516e+00,3.993287009507184848e-06
1.559446857438238077e+00,3.988681328337406740e-06
1.559476016930705145e+00,3.983669557783287019e-06
1.559505170530699036e+00,3.978946097049629316e-06
1.559534318240600959e+00,3.973968432546826079e-06
1.559563460062789675e+00,3.969926183344796300e-06
1.559592595999644393e+00,3.964341885875910521e-06
1.559621726053540991e+00,3.959840341849485412e-06
1.559650850226854901e+00,3.954792646254645661e-06
1.559679968521960225e+00,3.950164227717323229e-06
1.559709080941228843e+00,3.945848220610059798e-06
1.559738187487031968e+00,3.940287115256069228e-06
1.559767288161738819e+00,3.936453595088096336e-06
1.559796382967717721e+00,3.930882940039737150e-06
1.559825471907335226e+00,3.926567842427175492e-06
1.559854554982956332e+00,3.921529696526704356e-06
1.559883632196945147e+00,3.917153662769123912e-06
1.559912703551663560e+00,3.912209649570286274e-06
1.559941769049472793e+00,3.907467089447891340e-06
1.559970828692732070e+00,3.903051947418134660e-06
1.559999882483799727e+00,3.897840997524326667e-06
1.560028930425032101e+00,3.893388566211797297e-06
1.560057972518784419e+00,3.888721494149649516e-06
1.560087008767410799e+00,3.883894351019989699e-06
1.560116039173263136e+00,3.879167707054875791e-06
1.560145063738692661e+00,3.874956746585667133e-06
1.560174082466048828e+00,3.870622549584368244e-06
1.560203095357679537e+00,3.865267899527680129e-06
1.560232102415931799e+00,3.860991455439943820e-06
1.560261103643150626e+00,3.856363946397323161e-06
1.560290099041679701e+00,3.851805104204686359e-06
1.560319088613862260e+00,3.847201696771662682e-06
1.560348072362038208e+00,3.842274963972158730e-06
1.560377050288548118e+00,3.838172233372461051e-06
1.560406022395729675e+00,3.833051323454128578e-06
1.560434988685919899e+00,3.828665740002179518e-06
1.560463949161454034e+00,3.824331543000880629e-06
1.560492903824666211e+00,3.819542143901344389e-06
1.560521852677888788e+00,3.815182935795746744e-06
1.560550795723453232e+00,3.810729367614840157e-06
1.560579732963689015e+00,3.805774440479581244e-06
1.560608664400924717e+00,3.801143748205504380e-06
1.560637590037487366e+00,3.796908458753023297e-06
1.560666509875701990e+00,3.792549478021101095e-06
1.560695423917893621e+00,3.787901050600339659e-06
1.560724332166384620e+00,3.783296051551587880e-06
1.560753234623496244e+00,3.778707196033792570e-06
1.560782131291548636e+00,3.774690640057087876e-06
1.560811022172860163e+00,3.770229795918567106e-06
1.560839907269748306e+00,3.765484507312066853e-06
1.560868786584528767e+00,3.761416110137361102e-06
1.560897660119515695e+00,3.756615114980377257e-06
1.560926527877023018e+00,3.752101065401802771e-06
1.560955389859361109e+00,3.747815526367048733e-06
1.560984246068841008e+00,3.743032948477775790e-06
1.561013096507771536e+00,3.739060048246756196e-06
1.561041941178460180e+00,3.734288611667579971e-06
1.561070780083212650e+00,3.730108574018231593e-06
1.561099613224333993e+00,3.725657506947754882e-06
1.561128440604127698e+00,3.721546590895741247e-06
1.561157262224895481e+00,3.716773107953486033e-06
1.561186078088937723e+00,3.713032810992444865e-06
1.561214888198553918e+00,3.708094254761817865e-06
1.561243692556041784e+00,3.703632955875946209e-06
1.561272491163697929e+00,3.699553644764819182e-06
1.561301284023817182e+00,3.695007762871682644e-06
1.561330071138693043e+00,3.691117854032199830e-06
1.561358852510618345e+00,3.686250011014635675e-06
1.561387628141883921e+00,3.682594751808210276e-06
1.561416398034778830e+00,3.677640052046626806e-06
1.561445162191592129e+00,3.673812670967890881e-06
1.561473920614610211e+00,3.669097850433900021e-06
1.561502673306118139e+00,3.665067879410344176e-06
1.561531420268400749e+00,3.660572247099480592e-06
1.561560161503740440e+00,3.656426088127773255e-06
1.561588897014418720e+00,3.652047553259762935e-06
1.561617626802715320e+00,3.648194933703052811e-06
1.561646350870909083e+00,3.643345053205848671e-06
1.561675069221277301e+00,3.639615215433877893e-06
1.561703781856095929e+00,3.634936319940607063e-06
1.561732488777639594e+00,3.630869059634278528e-06
1.561761189988181142e+00,3.626940724643645808e-06
1.561789885489992979e+00,3.622174517659004778e-06
1.561818575285345290e+00,3.618633627411327325e-06
1.561847259376507369e+00,3.613759417930850759e-06
1.561875937765746736e+00,3.609868372222990729e-06
1.561904610455330245e+00,3.605706069720326923e-06
1.561933277447522750e+00,3.601362777772010304e-06
1.561961938744587775e+00,3.597240720409899950e-06
1.561990594348788175e+00,3.593050905692507513e-06
1.562019244262384809e+00,3.588771278373314999e-06
1.562047888487636982e+00,3.584814294299576432e-06
1.562076527026803774e+00,3.580394377422635444e-06
1.562105159882142047e+00,3.576303242880385369e-06
1.562133787055906886e+00,3.572375135263428092e-06
1.562162408550353154e+00,3.568356078176293522e-06
1.562191024367733494e+00,3.564041662684758194e-06
1.562219634510299882e+00,3.560161530913319439e-06
1.562248238980302517e+00,3.555888270057039335e-06
1.562276837779990046e+00,3.551581357896793634e-06
1.562305430911610449e+00,3.547521600921754725e-06
1.562334018377410150e+00,3.543639877534587868e-06
1.562362600179633798e+00,3.539325234669377096e-06
1.562391176320524933e+00,3.535203632054617628e-06
1.562419746802326204e+00,3.532216624080319889e-06
1.562448311627278263e+00,3.527026592564652674e-06
1.562476870797620876e+00,3.523625991874723695e-06
1.562505424315592251e+00,3.519503707138937898e-06
1.562533972183429487e+00,3.515052640068461187e-06
1.562562514403368130e+00,3.511598606564803049e-06
1.562591050977642615e+00,3.506888333504321054e-06
1.562619581908485600e+00,3.503061407172936015e-06
1.562648107198129299e+00,3.499044396448880434e-06
1.562676626848803485e+00,3.494875045362277888e-06
1.562705140862737707e+00,3.490821654850151390e-06
1.562733649242159073e+00,3.487678441160824150e-06
1.562762151989294468e+00,3.483011596472351812e-06
1.562790649106368557e+00,3.479219230939634144e-06
1.562819140595605560e+00,3.475010998954530805e-06
1.562847626459227479e+00,3.471065610938239843e-06
1.562876106699455425e+00,3.467392843958805315e-06
1.562904581318509400e+00,3.463345592535915785e-06
1.562933050318607631e+00,3.459109166215057485e-06
1.562961513701967675e+00,3.455206751823425293e-06
1.562989971470805317e+00,3.451290240263915621e-06
1.563018423627334785e+00,3.447411017987178639e-06
1.563046870173769198e+00,3.443508603595546447e-06
1.563075311112320787e+00,3.439422698647831567e-06
1.563103746445200226e+00,3.435973439991357736e-06
1.563132176174616861e+00,3.431653112784260884e-06
1.563160600302778480e+00,3.428008994887932204e-06
1.563189018831891763e+00,3.423973112148814835e-06
1.563217431764161836e+00,3.420092753003700636e-06
1.563245839101793599e+00,3.416140771150821820e-06
1.563274240846989294e+00,3.412471642150194384e-06
1.563302637001950268e+00,3.408434167795348912e-06
1.563331027568877207e+00,3.404623839742271230e-06
1.563359412549968575e+00,3.400848072487860918e-06
1.563387791947422167e+00,3.396770352992461994e-06
1.563416165763434007e+00,3.393124643480405211e-06
1.563444534000199448e+00,3.389240418982808478e-06
1.563472896659911848e+00,3.385277750567183830e-06
1.563501253744764119e+00,3.381794613233068958e-06
1.563529605256946953e+00,3.377662096681888215e-06
1.563557951198650375e+00,3.374000925759901293e-06
1.563586291572062636e+00,3.370485273990198039e-06
1.563614626379371098e+00,3.366385271874605678e-06
1.563642955622762010e+00,3.362496499903500080e-06
1.563671279304420070e+00,3.358914227646891959e-06
1.563699597426527976e+00,3.354983618919504806e-06
1.563727909991268428e+00,3.351080067659495398e-06
1.563756217000822124e+00,3.347348410898121074e-06
1.563784518457368655e+00,3.343693151691695675e-06
1.563812814363086057e+00,3.340143621244351380e-06
1.563841104720151476e+00,3.336144800414331257e-06
1.563869389530740506e+00,3.332565938762854785e-06
1.563897668797027629e+00,3.328882030473323539e-06
1.563925942521185775e+00,3.324819999761530198e-06
1.563954210705386982e+00,3.321519443488796242e-06
1.563982473351801961e+00,3.317601112939883024e-06
1.564010730462599641e+00,3.313982460895203985e-06
1.564038982039948733e+00,3.310090278318966739e-06
1.564067228086014838e+00,3.306563485239166766e-06
1.564095468602964445e+00,3.302845925645669922e-06
1.564123703592961379e+00,3.299182935734279454e-06
1.564151933058168575e+00,3.295504257039283402e-06
1.564180157000747862e+00,3.291667098892503418e-06
1.564208375422859287e+00,3.288172365500940941e-06
1.564236588326662236e+00,3.284403646830469370e-06
1.564264795714314760e+00,3.280813189121545292e-06
1.564292997587973133e+00,3.277090854680864140e-06
1.564321193949792743e+00,3.273350557719822973e-06
1.564349384801927867e+00,3.270142542532994412e-06
1.564377570146531005e+00,3.266497287768288516e-06
1.564405749985753991e+00,3.262459358666092157e-06
1.564433924321747105e+00,3.259070126659935340e-06
1.564462093156659073e+00,3.255233423260506243e-06
1.564490256492637732e+00,3.251833277317928150e-06
1.564518414331829810e+00,3.248193706895108335e-06
1.564546566676380701e+00,3.244521394663024694e-06
1.564574713528433803e+00,3.240983460273128003e-06
1.564602854890132511e+00,3.237314786019851454e-06
1.564630990763617779e+00,3.233824600101797841e-06
1.564659121151030341e+00,3.230373522455920465e-06
1.564687246054508707e+00,3.226732360417372547e-06
1.564715365476191167e+00,3.223246949346503243e-06
1.564743479418213790e+00,3.219627615180797875e-06
1.564771587882711534e+00,3.215981905668741092e-06
1.564799690871819138e+00,3.212602450730628334e-06
1.564827788387668894e+00,3.208914222341263667e-06
1.564855880432392210e+00,3.205581606380292214e-06
1.564883967008119825e+00,3.201791514584328979e-06
1.564912048116980259e+00,3.198648073521326296e-06
1.564940123761101365e+00,3.194673354300903156e-06
1.564968193942609886e+00,3.191319819961790927e-06
1.564996258663630790e+00,3.187795300618745387e-06
1.565024317926288377e+00,3.184418346791062504e-06
1.565052371732705616e+00,3.180866997354314663e-06
1.565080420085003698e+00,3.177283360855653882e-06
1.565108462985302928e+00,3.173814548063091934e-06
1.565136500435722278e+00,3.170390073137241416e-06
1.565164532438380274e+00,3.167182057950412855e-06
1.565192558995393224e+00,3.163340579703799449e-06
1.565220580108876325e+00,3.160352889608475380e-06
1.565248595780943663e+00,3.156556203975924291e-06
1.565276606013708438e+00,3.153148327328381129e-06
1.565304610809282293e+00,3.149818212477839552e-06
1.565332610169775318e+00,3.146381686747190543e-06
1.565360604097297603e+00,3.142899231534102000e-06
1.565388592593956130e+00,3.139524778816848993e-06
1.565416575661858545e+00,3.135953420496662147e-06
1.565444553303109831e+00,3.132578967779409140e-06
1.565472525519814528e+00,3.129382321276352741e-06
1.565500492314076064e+00,3.125747298327041790e-06
1.565528453687995425e+00,3.122575890301959589e-06
1.565556409643674485e+00,3.119007715213228948e-06
1.565584360183211565e+00,3.115570052614202723e-06
1.565612305308705432e+00,3.112472086286288686e-06
1.565640245022253296e+00,3.108974397036945447e-06
1.565668179325950593e+00,3.105549694737419486e-06
1.565696108221891869e+00,3.102092250628629699e-06
1.565724031712170783e+00,3.098801926171290688e-06
1.565751949798878995e+00,3.095436341027379967e-06
1.565779862484107943e+00,3.092121460213093087e-06
1.565807769769946844e+00,3.088748599111568183e-06
1.565835671658484696e+00,3.085551725234836340e-06
1.565863568151808716e+00,3.082238890783628449e-06
1.565891459252004347e+00,3.078692998315091245e-06
1.565919344961157034e+00,3.075328095292206854e-06
1.565947225281350441e+00,3.072613026233739220e-06
1.565975100214666904e+00,3.068727892241440713e-06
1.566002969763187425e+00,3.065418695769039914e-06
1.566030833928992561e+00,3.062445102841593325e-06
1.566058692714160427e+00,3.058810079892282374e-06
1.566086546120769585e+00,3.055945398955373093e-06
1.566114394150895484e+00,3.052585043405997567e-06
1.566142236806614019e+00,3.049079623451689258e-06
1.566170074089998865e+00,3.045933453904581256e-06
1.566197906003122808e+00,3.042551497856038623e-06
1.566225732548058192e+00,3.039402145077474415e-06
1.566253553726874248e+00,3.036028829228598624e-06
1.566281369541641100e+00,3.033107532246503979e-06
1.566309179994426426e+00,3.029440449608955532e-06
1.566336985087297240e+00,3.026345211765146814e-06
1.566364784822319001e+00,3.023191311513073742e-06
1.566392579201556057e+00,3.019735004272661172e-06
1.566420368227072091e+00,3.017000835825456306e-06
1.566448151900928787e+00,3.013280093000503257e-06
1.566475930225187163e+00,3.010360842381487601e-06
1.566503703201906683e+00,3.006944780281628482e-06
1.566531470833146145e+00,3.003827487191301771e-06
1.566559233120962569e+00,3.000812284881249070e-06
1.566586990067412533e+00,2.997431920448434539e-06
1.566614741674550171e+00,2.994263013533782214e-06
1.566642487944429840e+00,2.990919938383740373e-06
1.566670228879104121e+00,2.987981588375987485e-06
1.566697964480623817e+00,2.984774710057536140e-06
1.566725694751039732e+00,2.981738361995667219e-06
1.566753419692400895e+00,2.978530801556189544e-06
1.566781139306754556e+00,2.975063353005680256e-06
1.566808853596147744e+00,2.972265292555675842e-06
1.566836562562625712e+00,2.968928811242221855e-06
1.566864266208233047e+00,2.965761950690648519e-06
1.566891964535012560e+00,2.962694452435243875e-06
1.566919657545006617e+00,2.959476432806695811e-06
1.566947345240255363e+00,2.956556500066653825e-06
1.566975027622798944e+00,2.953264129246235825e-06
1.567002704694675730e+00,2.950125008283066563e-06
1.567030376457922314e+00,2.947258053609402850e-06
1.567058042914575289e+00,2.943890876849764027e-06
1.567085704066669694e+00,2.941066668427083641e-06
1.567113359916238791e+00,2.937627414212329313e-06
1.567141010465315398e+00,2.934555141109740362e-06
1.567168655715931003e+00,2.931542667283792980e-06
1.567196295670115536e+00,2.928458343376405537e-06
1.567223930329898263e+00,2.925441776824300177e-06
1.567251559697307117e+00,2.922233079516445287e-06
1.567279183774368256e+00,2.919285634561674669e-06
1.567306802563108059e+00,2.916281118814367801e-06
1.567334416065550684e+00,2.913101980084320530e-06
1.567362024283718958e+00,2.910083139795460738e-06
1.567389627219635262e+00,2.906969484683941118e-06
1.567417224875320647e+00,2.904099119405145757e-06
1.567444817252794387e+00,2.900875642808387056e-06
1.567472404354075310e+00,2.898030288633890450e-06
1.567499986181181137e+00,2.894788849516771734e-06
1.567527562736127811e+00,2.892039901780663058e-06
1.567555134020930607e+00,2.888943981815828010e-06
1.567582700037603471e+00,2.885942421926301904e-06
1.567610260788158794e+00,2.883047045543207787e-06
1.567637816274609186e+00,2.879797648347448558e-06
1.567665366498964374e+00,2.876911139537696727e-06
1.567692911463233640e+00,2.873877065212582238e-06
1.567720451169425600e+00,2.870900743801030330e-06
1.567747985619547313e+00,2.867912826332030818e-06
1.567775514815604510e+00,2.865047008526744321e-06
1.567803038759601808e+00,2.861887878680136055e-06
1.567830557453543161e+00,2.859087999240728095e-06
1.567858070899430745e+00,2.856131686712615192e-06
1.567885579099266069e+00,2.853015757864341140e-06
1.567913082055049090e+00,2.850095825124299154e-06
1.567940579768779097e+00,2.847123141691554338e-06
1.567968072242453603e+00,2.844099753929185681e-06
1.567995559478069900e+00,2.841153218469116837e-06
1.568023041477623059e+00,2.838550017258967273e-06
1.568050518243108149e+00,2.835399072864674963e-06
1.568077989776517800e+00,2.832439122357754968e-06
1.568105456079844640e+00,2.829619461408583447e-06
1.568132917155079298e+00,2.826604486472206190e-06
1.568160373004212405e+00,2.823781187544227578e-06
1.568187823629232147e+00,2.820780764523078687e-06
1.568215269032126269e+00,2.817939730448415503e-06
1.568242709214881403e+00,2.814989329635864124e-06
1.568270144179482628e+00,2.812146249198121950e-06
1.568297573927914801e+00,2.809116949720191769e-06
1.568324998462160336e+00,2.806179736580816098e-06
1.568352417784201425e+00,2.803549023155937903e-06
1.568379831896019150e+00,2.800462880259146914e-06
1.568407240799593039e+00,2.797791239572688937e-06
1.568434644496901953e+00,2.794781948978197761e-06
1.568462042989922756e+00,2.792011855490272865e-06
1.568489436280632532e+00,2.789169684547232464e-06
1.568516824371005702e+00,2.786182903946610168e-06
1.568544207263017132e+00,2.783391437333193608e-06
1.568571584958639020e+00,2.780531758617144078e-06
1.568598957459844012e+00,2.777897861960809678e-06
1.568626324768602309e+00,2.774960876195109449e-06
1.568653686886883669e+00,2.771904746623476967e-06
1.568681043816656295e+00,2.769249704215326346e-06
1.568708395559887725e+00,2.766288844213704579e-06
1.568735742118544607e+00,2.763653810688992962e-06
1.568763083494591148e+00,2.760720917649450712e-06
1.568790419689992222e+00,2.757989022939000279e-06
1.568817750706710479e+00,2.755145033006556332e-06
1.568845076546707462e+00,2.752234422587207519e-06
1.568872397211944048e+00,2.749443410721141845e-06
1.568899712704379557e+00,2.746615109572303481e-06
1.568927023025972645e+00,2.743962795648258179e-06
1.568954328178680413e+00,2.741117668847437017e-06
1.568981628164459297e+00,2.738336888796766289e-06
1.569008922985264176e+00,2.735593170655192807e-06
1.569036212643049488e+00,2.732837629082496278e-06
1.569063497139767449e+00,2.730191908995038830e-06
1.569090776477370275e+00,2.727210357988951728e-06
1.569118050657808405e+00,2.724435034906491637e-06
1.569145319683031614e+00,2.721904593272483908e-06
1.569172583554988121e+00,2.719023314057267271e-06
1.569199842275625478e+00,2.716353947107563727e-06
1.569227095846889908e+00,2.713647518248762935e-06
1.569254344270726298e+00,2.710683020268334076e-06
1.569281587549079093e+00,2.708020474528893828e-06
1.569308825683890962e+00,2.705306314965127967e-06
1.569336058677103685e+00,2.702480514926719479e-06
1.569363286530658153e+00,2.699859351196209900e-06
1.569390509246494148e+00,2.697118588912417181e-06
1.569417726826549675e+00,2.694539944059215486e-06
1.569444939272762740e+00,2.691698455237201415e-06
1.569472146587069572e+00,2.689050916160340421e-06
1.569499348771405289e+00,2.686264224394108169e-06
1.569526545827703901e+00,2.683756065380293876e-06
1.569553737757898970e+00,2.680880015759612434e-06
1.569580924563922064e+00,2.678416876733535901e-06
1.569608106247704082e+00,2.675495125004090369e-06
1.569635282811175037e+00,2.672870323294773698e-06
1.569662454256263606e+00,2.670285994099685922e-06
1.569689620584896916e+00,2.667555463631288148e-06
1.569716781799002092e+00,2.664799012563889846e-06
1.569743937900504482e+00,2.662305405465303920e-06
1.569771088891327881e+00,2.659477331690141000e-06
1.569798234773396528e+00,2.656872084116912447e-06
1.569825375548631552e+00,2.654287527548149228e-06
1.569852511218954527e+00,2.651562226674286649e-06
1.569879641786285696e+00,2.648962436069268733e-06
1.569906767252543522e+00,2.646304210429661907e-06
1.569933887619646473e+00,2.643819470904418267e-06
1.569961002889510349e+00,2.641074161147116683e-06
1.569988113064051616e+00,2.638426622070255689e-06
1.570015218145184521e+00,2.635885948620853014e-06
1.570042318134822867e+00,2.633219992276281118e-06
1.570069413034878902e+00,2.630521748869796284e-06
1.570096502847263986e+00,2.627951516842585988e-06
1.570123587573888368e+00,2.625442903081420809e-06
1.570150667216661189e+00,2.622710098876268603e-06
1.570177741777491143e+00,2.620188070068252273e-06
1.570204811258284705e+00,2.617657401060569100e-06
1.570231875660947685e+00,2.614995764815830626e-06
1.570258934987385668e+00,2.612435309856664389e-06
1.570285989239502245e+00,2.609819603094365448e-06
1.570313038419199891e+00,2.607230044304742478e-06
1.570340082528380865e+00,2.604692099339445122e-06
1.570367121568945201e+00,2.602061613288242370e-06
1.570394155542792936e+00,2.599626441224245355e-06
1.570421184451822327e+00,2.596914782770909369e-06
1.570448208297930970e+00,2.594514398879255168e-06
1.570475227083014902e+00,2.591908014437649399e-06
1.570502240808969718e+00,2.589359382909606211e-06
1.570529249477689682e+00,2.586809841886861250e-06
1.570556253091067722e+00,2.584270760053186677e-06
1.570583251650996326e+00,2.581762373665696941e-06
1.570610245159366203e+00,2.579083229647949338e-06
1.570637233618067397e+00,2.576614861027337611e-06
1.570664217028989063e+00,2.574031896074302495e-06
1.570691195394018802e+00,2.571558979980181903e-06
1.570718168715043550e+00,2.569088337622815743e-06
1.570745136993948909e+00,2.566505827417131513e-06
1.570772100232619817e+00,2.564049964348669164e-06
1.570799058432939876e+00,2.561461997174774297e-06
1.570826011596791361e+00,2.559033418947365135e-06
1.570852959726056097e+00,2.556462277425453067e-06
1.570879902822614582e+00,2.553939111749059521e-06
1.570906840888345979e+00,2.551596480770967901e-06
1.570933773925129007e+00,2.548998054408002645e-06
1.570960701934840387e+00,2.546553787396987900e-06
1.570987624919356840e+00,2.544061999287805520e-06
1.571014542880553977e+00,2.541586582083255053e-06
1.571041455820305188e+00,2.539079559937817976e-06
1.571068363740483864e+00,2.536659167162724771e-06
1.571095266642962063e+00,2.534202394599560648e-06
1.571122164529610954e+00,2.531744485168019310e-06
1.571149057402300153e+00,2.529217226765467785e-06
1.571175945262899054e+00,2.526962589399772696e-06
1.571202828113275052e+00,2.524262981751235202e-06
1.571229705955295541e+00,2.521961960155749694e-06
1.571256578790825920e+00,2.519466079320409335e-06
1.571283446621731361e+00,2.516998620194499381e-06
1.571310309449874598e+00,2.514771267669857480e-06
1.571337167277119473e+00,2.512080982342013158e-06
1.571364020105326942e+00,2.509756768631632440e-06
1.571390867936357960e+00,2.507315457478398457e-06
1.571417710772071707e+00,2.505017391740693711e-06
1.571444548614326697e+00,2.502470806575729512e-06
1.571471381464980999e+00,2.500142272765515372e-06
1.571498209325890461e+00,2.497630021025543101e-06
1.571525032198910488e+00,2.495332182661513798e-06
1.571551850085895818e+00,2.492806970622041263e-06
1.571578662988699637e+00,2.490406131983036175e-06
1.571605470909174018e+00,2.488242898834869266e-06
1.571632273849170813e+00,2.485694039933150634e-06
1.571659071810539432e+00,2.483265461705741473e-06
1.571685864795129728e+00,2.480822104189428501e-06
1.571712652804789778e+00,2.478563601471250877e-06
1.571739435841366550e+00,2.476178224242175929e-06
1.571766213906706344e+00,2.473741233188775368e-06
1.571792987002654129e+00,2.471379730195621960e-06
1.571819755131053986e+00,2.469060518706100993e-06
1.571846518293749106e+00,2.466696287228842266e-06
1.571873276492581128e+00,2.464411863911664113e-06
1.571900029729391690e+00,2.461930534991552122e-06
1.571926778006019987e+00,2.459699544488103129e-06
1.571953521324305436e+00,2.457294840496615507e-06
1.571980259686085901e+00,2.454951072650146671e-06
1.572006993093198357e+00,2.452536591590614989e-06
1.572033721547478669e+00,2.450340616633184254e-06
1.572060445050761146e+00,2.447896804369520396e-06
1.572087163604880322e+00,2.445663312755641527e-06
1.572113877211668731e+00,2.443265202600741759e-06
1.572140585872958241e+00,2.440954631310887635e-06
1.572167289590579609e+00,2.438606543364585377e-06
1.572193988366362705e+00,2.436291879348573275e-06
1.572220682202136288e+00,2.434028147035860457e-06
1.572247371099727564e+00,2.431747361697489396e-06
1.572274055060963738e+00,2.429395635772380047e-06
1.572300734087670682e+00,2.427146455374895595e-06
1.572327408181672936e+00,2.424845433779410087e-06
1.572354077344793932e+00,2.422462785034440458e-06
1.572380741578856655e+00,2.420187001916929148e-06
1.572407400885682760e+00,2.417910764052066952e-06
1.572434055267092567e+00,2.415627477603266016e-06
1.572460704724905955e+00,2.413341235296684317e-06
1.572487349260941691e+00,2.411088871667743661e-06
1.572513988877017210e+00,2.408814452792285010e-06
1.572540623574949281e+00,2.406481144134886563e-06
1.572567253356553119e+00,2.404403630862361751e-06
1.572593878223643937e+00,2.401980282229487784e-06
1.572620498178034953e+00,2.399742925263126381e-06
1.572647113221538717e+00,2.397523303443449549e-06
1.572673723355967335e+00,2.395260480625438504e-06
1.572700328583130913e+00,2.392963097008760087e-06
1.572726928904839117e+00,2.390728923273854889e-06
1.572753524322900498e+00,2.388533630437450483e-06
1.572780114839123167e+00,2.386207825111341663e-06
1.572806700455313011e+00,2.384094386798096821e-06
1.572833281173275921e+00,2.381724698352627456e-06
1.572859856994816674e+00,2.379559646215057001e-06
1.572886427921738717e+00,2.377335476921871305e-06
1.572912993955844607e+00,2.375176336499862373e-06
1.572939555098936015e+00,2.372903736613807268e-06
1.572966111352813501e+00,2.370642732785199769e-06
1.572992662719276513e+00,2.368495415794313885e-06
1.573019209200124280e+00,2.366185981372836977e-06
1.573045750797154030e+00,2.364083911743364297e-06
1.573072287512162326e+00,2.361797214689431712e-06
1.573098819346945065e+00,2.359599875489948317e-06
1.573125346303296590e+00,2.357439598199562170e-06
1.573151868383010576e+00,2.355195420022937469e-06
1.573178385587880257e+00,2.353039235458709300e-06
1.573204897919696643e+00,2.350837348785717040e-06
1.573231405380250969e+00,2.348646376049146056e-06
1.573257907971332914e+00,2.346452902202145196e-06
1.573284405694730825e+00,2.344279437238583341e-06
1.573310898552232606e+00,2.342133484489750117e-06
1.573337386545625272e+00,2.339959564778837375e-06
1.573363869676694282e+00,2.337904106752830558e-06
1.573390347947224654e+00,2.335657200092100538e-06
1.573416821359000073e+00,2.333489419470424764e-06
1.573443289913803333e+00,2.331258428966975771e-06
1.573469753613416344e+00,2.329168410142301582e-06
1.573496212459620347e+00,2.326966296095633879e-06
1.573522666454194585e+00,2.324821480215177871e-06
1.573549115598918302e+00,2.322677573829423636e-06
1.573575559895569631e+00,2.320557086932240054e-06
1.573601999345925151e+00,2.318411588930757716e-06
1.573628433951761219e+00,2.316299514859565534e-06
1.573654863714852192e+00,2.314153107363381423e-06
1.573681288636972875e+00,2.312006927240872756e-06
1.573707708719895626e+00,2.309896444785408676e-06
1.573734123965393250e+00,2.307775503140874207e-06
1.573760534375236331e+00,2.305655470991041511e-06
1.573786939951195007e+00,2.303495648448006250e-06
1.573813340695038754e+00,2.301437916685245000e-06
1.573839736608535489e+00,2.299316065546008758e-06
1.573866127693452688e+00,2.297163973707938567e-06
1.573892513951556493e+00,2.295167632837546989e-06
1.573918895384611716e+00,2.292947328896843828e-06
1.573945271994383388e+00,2.290851170982932672e-06
1.573971643782634766e+00,2.288785253767855465e-06
1.573998010751127774e+00,2.286677272422821261e-06
1.574024372901624336e+00,2.284690026499447413e-06
1.574050730235884377e+00,2.282459263369673863e-06
1.574077082755667822e+00,2.280447461089352146e-06
1.574103430462733044e+00,2.278352894791169092e-06
1.574129773358837525e+00,2.276250825161696412e-06
1.574156111445738082e+00,2.274189910167478956e-06
1.574182444725189978e+00,2.272165602335007861e-06
1.574208773198948252e+00,2.270067852805368602e-06
1.574235096868766171e+00,2.268064235977362841e-06
1.574261415736396996e+00,2.265895773234660737e-06
1.574287729803591995e+00,2.263800979562802240e-06
1.574314039072102656e+00,2.261848294438095763e-06
1.574340343543678467e+00,2.259758957734447904e-06
1.574366643220068473e+00,2.257665528304642066e-06
1.574392938103020390e+00,2.255729441458242945e-06
1.574419228194281262e+00,2.253585080325137824e-06
1.574445513495597027e+00,2.251610567327588797e-06
1.574471794008713399e+00,2.249487124572624452e-06
1.574498069735374317e+00,2.247484644612995908e-06
1.574524340677322387e+00,2.245464202133007348e-06
1.574550606836300215e+00,2.243467633888940327e-06
1.574576868214049519e+00,2.241444462924846448e-06
1.574603124812310018e+00,2.239376726720365696e-06
1.574629376632821431e+00,2.237452918052440509e-06
1.574655623677321925e+00,2.235324018329265527e-06
1.574681865947549220e+00,2.233336317658540793e-06
1.574708103445239704e+00,2.231283360742963850e-06
1.574734336172129323e+00,2.229308620371739380e-06
1.574760564129952245e+00,2.227357754236436449e-06
1.574786787320442416e+00,2.225325488325324841e-06
1.574813005745332672e+00,2.223259571110247634e-06
1.574839219406354518e+00,2.221278919023461640e-06
1.574865428305239234e+00,2.219263478764332831e-06
1.574891632443716105e+00,2.217303517682012171e-06
1.574917831823514858e+00,2.215372433056472801e-06
1.574944026446363221e+00,2.213403831774485298e-06
1.574970216313988258e+00,2.211339733548811637e-06
1.574996401428116144e+00,2.209409558417974040e-06
1.575022581790472165e+00,2.207416173405363224e-06
1.575048757402780719e+00,2.205460532422875986e-06
1.575074928266764873e+00,2.203443500548019074e-06
1.575101094384146805e+00,2.201513780164532363e-06
1.575127255756648692e+00,2.199489244958385825e-06
1.575153412385990492e+00,2.197615003751707263e-06
1.575179564273891941e+00,2.195559545725700445e-06
1.575205711422072108e+00,2.193641194025985897e-06
1.575231853832247841e+00,2.191681687691016123e-06
1.575257991506136879e+00,2.189706265198765323e-06
1.575284124445454514e+00,2.187764266636804678e-06
1.575310252651915821e+00,2.185867970183608122e-06
1.575336376127234761e+00,2.183893229812383652e-06
1.575362494873124408e+00,2.181961690439493395e-06
1.575388608891297171e+00,2.180097908421885222e-06
1.575414718183463680e+00,2.178114982598344795e-06
1.575440822751334791e+00,2.176131147280102596e-06
1.575466922596619357e+00,2.174253268094616942e-06
1.575493017721026234e+00,2.172318090742919594e-06
1.575519108126262724e+00,2.170371317333774641e-06
1.575545193814035017e+00,2.168462287954753265e-06
1.575571274786049525e+00,2.166570311601390131e-06
1.575597351044010441e+00,2.164604438803507946e-06
1.575623422589621736e+00,2.162742930522654206e-06
1.575649489424586047e+00,2.160795247618807480e-06
1.575675551550605791e+00,2.158872803192934953e-06
1.575701608969381606e+00,2.156976279366062954e-06
1.575727661682613467e+00,2.155209585907869041e-06
1.575753709692000903e+00,2.153168452423415147e-06
1.575779752999242111e+00,2.151246690118568949e-06
1.575805791606034401e+00,2.149527063011191785e-06
1.575831825514073969e+00,2.147481609426904470e-06
1.575857854725056795e+00,2.145603275494067930e-06
1.575883879240676855e+00,2.143785422958899289e-06
1.575909899062628350e+00,2.141852519343956374e-06
1.575935914192603926e+00,2.139988964700023644e-06
1.575961924632295341e+00,2.138081981684081256e-06
1.575987930383393465e+00,2.136177954525919631e-06
1.576013931447588057e+00,2.134411261067725718e-06
1.576039927826568654e+00,2.132517010977608152e-06
1.576065919522023684e+00,2.130623897755867802e-06
1.576091906535639575e+00,2.128741925844224170e-06
1.576117888869103423e+00,2.126891104126116261e-06
1.576143866524100101e+00,2.125060973412473686e-06
1.576169839502314707e+00,2.123173317158943973e-06
1.576195807805430338e+00,2.121300667567993514e-06
1.576221771435130314e+00,2.119517375831492245e-06
1.576247730393095736e+00,2.117759777320316061e-06
1.576273684681008147e+00,2.115838242389145307e-06
1.576299634300547092e+00,2.113977870976668783e-06
1.576325579253392117e+00,2.112106813001446426e-06
1.576351519541220991e+00,2.110222567353048362e-06
1.576377455165711039e+00,2.108386979671195149e-06
1.576403386128538919e+00,2.106699184878380038e-06
1.576429312431379515e+00,2.104742861774866469e-06
1.576455234075908152e+00,2.103060523950261995e-06
1.576481151063797936e+00,2.101144218613626435e-06
1.576507063396721975e+00,2.099261564580956474e-06
1.576532971076352041e+00,2.097447577398270369e-06
1.576558874104359020e+00,2.095624950015917420e-06
1.576584772482412689e+00,2.093895545840496197e-06
1.576610666212182821e+00,2.092040176648879424e-06
1.576636555295337194e+00,2.090210045935236849e-06
1.576662439733543808e+00,2.088492692564614117e-06
1.576688319528468218e+00,2.086615495500154793e-06
1.576714194681776426e+00,2.084786501654889435e-06
1.576740065195133544e+00,2.083047775158775039e-06
1.576765931070202464e+00,2.081211505355895497e-06
1.576791792308646967e+00,2.079484829664579593e-06
1.576817648912128389e+00,2.077702902170130983e-06
1.576843500882308291e+00,2.075866859740926884e-06
1.576869348220846456e+00,2.074050144074135460e-06
1.576895190929402446e+00,2.072292772936634719e-06
1.576921029009634490e+00,2.070498339890036732e-06
1.576946862463200594e+00,2.068722096737474203e-06
1.576972691291756767e+00,2.066977003778447397e-06
1.576998515496959463e+00,2.065201670120586641e-06
1.577024335080462913e+00,2.063488864223472774e-06
1.577050150043921350e+00,2.061640088868443854e-06
1.577075960388987674e+00,2.059887265204451978e-06
1.577101766117314341e+00,2.058158088402706198e-06
1.577127567230552696e+00,2.056416633422486484e-06
1.577153363730352753e+00,2.054623564617941156e-06
1.577179155618364748e+00,2.052858008028124459e-06
1.577204942896236473e+00,2.051104502243106253e-06
1.577230725565616387e+00,2.049374188572983257e-06
1.577256503628151174e+00,2.047592033704859205e-06
1.577282277085487072e+00,2.045898554570158012e-06
1.577308045939268544e+00,2.044112306975875981e-06
1.577333810191140273e+00,2.042435880866833031e-06
1.577359569842745834e+00,2.040735125774517655e-06
1.577385324895727026e+00,2.038903176071471535e-06
1.577411075351726311e+00,2.037168542301515117e-06
1.577436821212383933e+00,2.035448687820462510e-06
1.577462562479339692e+00,2.033717464655637741e-06
1.577488299154232720e+00,2.031985786743462086e-06
1.577514031238701264e+00,2.030214318438083865e-06
1.577539758734381792e+00,2.028645894824876450e-06
1.577565481642911660e+00,2.026895799644989893e-06
1.577591199965925783e+00,2.025153662543743849e-06
1.577616913705058632e+00,2.023362640102277510e-06
1.577642622861944233e+00,2.021768295890069567e-06
1.577668327438215501e+00,2.020020929194288328e-06
1.577694027435503799e+00,2.018315626628464088e-06
1.577719722855441153e+00,2.016537337112822570e-06
1.577745413699656929e+00,2.014856818277621642e-06
1.577771099969780710e+00,2.013199946304666810e-06
1.577796781667441417e+00,2.011478954955236986e-06
1.577822458794266192e+00,2.009836180150159635e-06
1.577848131351881955e+00,2.008112005569273606e-06
1.577873799341914518e+00,2.006425575018511154e-06
1.577899462765989247e+00,2.004739371841424145e-06
1.577925121625729732e+00,2.003087502089329064e-06
1.577950775922759563e+00,2.001357643166556954e-06
1.577976425658700999e+00,1.999663481910829432e-06
1.578002070835175630e+00,1.997964318434242159e-06
1.578027711453804383e+00,1.996390437852824107e-06
1.578053347516207072e+00,1.994628064494463615e-06
1.578078979024001960e+00,1.993055093407747336e-06
1.578104605978807973e+00,1.991312274185474962e-06
1.578130228382242262e+00,1.989647898881230503e-06
1.578155846235920423e+00,1.988052872547996230e-06
1.578181459541458942e+00,1.986389179364778101e-06
1.578207068300471860e+00,1.984668870136374608e-06
1.578232672514572998e+00,1.982982212211936712e-06
1.578258272185375510e+00,1.981352397706359625e-06
1.578283867314491440e+00,1.979773514904081821e-06
1.578309457903531721e+00,1.978129375856951810e-06
1.578335043954107064e+00,1.976442945306189358e-06
1.578360625467826850e+00,1.974757424250128679e-06
1.578386202446299569e+00,1.973130792976007797e-06
1.578411774891133268e+00,1.971464598682359792e-06
1.578437342803934662e+00,1.969841832760721445e-06
1.578462906186310022e+00,1.968225888049346395e-06
1.578488465039864286e+00,1.966624722626875155e-06
1.578514019366202170e+00,1.964965349543490447e-06
1.578539569166927059e+00,1.963336444532615133e-06
1.578565114443641448e+00,1.961685939022572711e-06
1.578590655197947168e+00,1.960047939064679667e-06
1.578616191431445603e+00,1.958459279194357805e-06
1.578641723145736586e+00,1.956881988007808104e-06
1.578667250342419059e+00,1.955228981387335807e-06
1.578692773023091966e+00,1.953641231011715718e-06
1.578718291189352474e+00,1.952043476194376126e-06
1.578743804842797749e+00,1.950411387952044606e-06
1.578769313985023182e+00,1.948765657289186493e-06
1.578794818617624163e+00,1.947166992977145128e-06
1.578820318742194750e+00,1.945592885022051632e-06
1.578845814360328337e+00,1.943976712937001139e-06
1.578871305473617426e+00,1.942394192155916244e-06
1.578896792083653411e+00,1.940818492585094646e-06
1.578922274192027242e+00,1.939216872415272519e-06
1.578947751800328980e+00,1.937564320542151108e-06
1.578973224910147577e+00,1.936027047122479416e-06
1.578998693523071761e+00,1.934411784532130696e-06
1.579024157640688486e+00,1.932830400619423017e-06
1.579049617264584482e+00,1.931271299326908775e-06
1.579075072396345369e+00,1.929682184709236026e-06
1.579100523037556547e+00,1.928124220285099000e-06
1.579125969189801415e+00,1.926530558193917386e-06
1.579151410854663817e+00,1.924938715092139319e-06
1.579176848033725600e+00,1.923462605191161856e-06
1.579202280728568830e+00,1.921874400068190880e-06
1.579227708940774022e+00,1.920257545862114057e-06
1.579253132671921245e+00,1.918706402648240328e-06
1.579278551923589236e+00,1.917097733894479461e-06
1.579303966697356287e+00,1.915572966026957147e-06
1.579329376994800249e+00,1.913955884447204880e-06
1.579354782817497194e+00,1.912421794258989394e-06
1.579380184167022971e+00,1.910909531943616457e-06
1.579405581044952323e+00,1.909324055304750800e-06
1.579430973452859543e+00,1.907777459564385936e-06
1.579456361392317820e+00,1.906210513880068902e-06
1.579481744864899673e+00,1.904707687572226860e-06
1.579507123872176511e+00,1.903102315736759920e-06
1.579532498415719077e+00,1.901608698062773328e-06
1.579557868497097228e+00,1.900074607874557842e-06
1.579583234117879931e+00,1.898520736176578794e-06
1.579608595279636152e+00,1.896979938464937732e-06
1.579633951983932194e+00,1.895463583423406817e-06
1.579659304232335915e+00,1.893941430353152100e-06
1.579684652026412062e+00,1.892403815872967243e-06
1.579709995367726050e+00,1.890914290925138630e-06
1.579735334257841739e+00,1.889333248072944116e-06
1.579760668698322768e+00,1.887816893031413201e-06
1.579785998690731663e+00,1.886299401121505070e-06
1.579811324236629844e+00,1.884779635474842507e-06
1.579836645337578060e+00,1.883251684375863988e-06
1.579861961995136621e+00,1.881768639577785507e-06
1.579887274210864501e+00,1.880193963188503403e-06
1.579912581986320230e+00,1.878772650343307760e-06
1.579937885323061231e+00,1.877209911071986426e-06
1.579963184222644035e+00,1.875687871688569430e-06
1.579988478686625175e+00,1.874218128250504378e-06
1.580013768716559186e+00,1.872710868155991193e-06
1.580039054314000824e+00,1.871198378466942813e-06
1.580064335480502846e+00,1.869699076451070141e-06
1.580089612217618456e+00,1.868201366050925571e-06
1.580114884526899521e+00,1.866702632469241507e-06
1.580140152409896803e+00,1.865220724539540242e-06
1.580165415868160395e+00,1.863715738181781489e-06
1.580190674903239945e+00,1.862278509179304820e-06
1.580215929516683993e+00,1.860763632066664286e-06
1.580241179710040411e+00,1.859284679994743783e-06
1.580266425484855519e+00,1.857801862570340745e-06
1.580291666842676301e+00,1.856280846368463244e-06
1.580316903785047522e+00,1.854818833635363262e-06
1.580342136313513945e+00,1.853365802162443288e-06
1.580367364429619226e+00,1.851868205449136440e-06
1.580392588134906129e+00,1.850466560426866636e-06
1.580417807430916755e+00,1.848991360020590946e-06
1.580443022319192536e+00,1.847507519414648414e-06
1.580468232801273798e+00,1.846058239607373253e-06
1.580493438878700418e+00,1.844625103331054561e-06
1.580518640553011167e+00,1.843123300204752013e-06
1.580543837825743481e+00,1.841642983890778851e-06
1.580569030698435684e+00,1.840161871768941637e-06
1.580594219172623216e+00,1.838708044488157611e-06
1.580619403249842403e+00,1.837260924730799161e-06
1.580644582931627795e+00,1.835810394368309062e-06
1.580669758219513499e+00,1.834355657592823263e-06
1.580694929115032510e+00,1.832883413044328336e-06
1.580720095619717158e+00,1.831491772463778034e-06
1.580745257735099774e+00,1.830006340242107399e-06
1.580770415462710465e+00,1.828572521844762377e-06
1.580795568804079565e+00,1.827154392231022939e-06
1.580820717760736072e+00,1.825704430302721448e-06
1.580845862334208318e+00,1.824269361350161489e-06
1.580871002526024416e+00,1.822832587095035706e-06
1.580896138337710921e+00,1.821428099901822861e-06
1.580921269770793947e+00,1.819982003326003905e-06
1.580946396826798273e+00,1.818511236706399359e-06
1.580971519507248901e+00,1.817091856537444983e-06
1.580996637813669059e+00,1.815663836168823764e-06
1.581021751747581527e+00,1.814272195588273462e-06
1.581046861310508644e+00,1.812813593460305128e-06
1.581071966503971638e+00,1.811414563235302921e-06
1.581097067329490846e+00,1.810021672099537682e-06
1.581122163788585944e+00,1.808574779715854675e-06
1.581147255882775715e+00,1.807151875254930928e-06
1.581172343613578279e+00,1.805775241336959880e-06
1.581197426982511089e+00,1.804416910999862012e-06
1.581222505991090488e+00,1.802964447961130645e-06
1.581247580640831707e+00,1.801560756575781852e-06
1.581272650933250645e+00,1.800140694285801146e-06
1.581297716869860759e+00,1.798724156287789810e-06
1.581322778452175282e+00,1.797354229893244337e-06
1.581347835681707004e+00,1.795963953554746695e-06
1.581372888559967826e+00,1.794550485101353843e-06
1.581397937088468320e+00,1.793142018868820742e-06
1.581422981268719052e+00,1.791768113434955012e-06
1.581448021102229040e+00,1.790371470633544959e-06
1.581473056590507076e+00,1.788983468031801749e-06
1.581498087735061286e+00,1.787587166290904861e-06
1.581523114537397801e+00,1.786225652722350787e-06
1.581548136999023857e+00,1.784830487849831115e-06
1.581573155121444474e+00,1.783495690688141622e-06
1.581598168906164226e+00,1.782104163794429041e-06
1.581623178354687465e+00,1.780712523213878740e-06
1.581648183468516988e+00,1.779336798790609464e-06
1.581673184249154929e+00,1.777932766344747506e-06
1.581698180698103195e+00,1.776570456968329381e-06
1.581723172816862588e+00,1.775195983100275043e-06
1.581748160606932574e+00,1.773801614035619423e-06
1.581773144069813064e+00,1.772474774952570442e-06
1.581798123207002194e+00,1.771107804415805731e-06
1.581823098019997431e+00,1.769735945345018990e-06
1.581848068510295802e+00,1.768365677889960352e-06
1.581873034679393886e+00,1.766991204021906015e-06
1.581897996528786265e+00,1.765665160746721085e-06
1.581922954059967745e+00,1.764299895512522198e-06
1.581947907274432241e+00,1.762931901794217993e-06
1.581972856173672559e+00,1.761642010933428537e-06
1.581997800759181505e+00,1.760285272212058771e-06
1.582022741032449664e+00,1.758922621775127482e-06
1.582047676994968066e+00,1.757572363203507848e-06
1.582072608648226852e+00,1.756215851855813526e-06
1.582097535993715054e+00,1.754850813995290082e-06
1.582122459032920814e+00,1.753505443957692478e-06
1.582147377767331831e+00,1.752175762703700457e-06
1.582172292198435137e+00,1.750813339640444610e-06
1.582197202327716434e+00,1.749492184899281710e-06
1.582222108156661422e+00,1.748180011418298818e-06
1.582247009686754247e+00,1.746820657899661455e-06
1.582271906919478832e+00,1.745524173202284146e-06
1.582296799856317993e+00,1.744163000694243237e-06
1.582321688498754098e+00,1.742827521411527414e-06
1.582346572848268851e+00,1.741500909702153876e-06
1.582371452906342402e+00,1.740192942634166684e-06
1.582396328674454677e+00,1.738867467793170363e-06
1.582421200154085161e+00,1.737582806526916102e-06
1.582446067346712004e+00,1.736243575578555465e-06
1.582470930253812913e+00,1.734921511342690792e-06
1.582495788876865150e+00,1.733591716401861049e-06
1.582520643217343981e+00,1.732288296807382721e-06
1.582545493276725335e+00,1.730987605697009712e-06
1.582570339056483144e+00,1.729667360450548586e-06
1.582595180558092229e+00,1.728372239995223936e-06
1.582620017783024746e+00,1.727034145915240515e-06
1.582644850732753294e+00,1.725789275042188819e-06
1.582669679408749364e+00,1.724493813526351005e-06
1.582694503812483777e+00,1.723208811199583579e-06
1.582719323945426471e+00,1.721879812066617887e-06
1.582744139809046491e+00,1.720580826258810703e-06
1.582768951404813107e+00,1.719288889034942258e-06
1.582793758734192702e+00,1.717976488180283923e-06
1.582818561798653434e+00,1.716676479190937243e-06
1.582843360599661020e+00,1.715348616926348768e-06
1.582868155138680955e+00,1.714073846414976288e-06
1.582892945417178066e+00,1.712803850750788115e-06
1.582917731436616071e+00,1.711485083433217369e-06
1.582942513198458467e+00,1.710235437712981366e-06
1.582967290704167418e+00,1.708941908873384818e-06
1.582992063955204420e+00,1.707652018012595363e-06
1.583016832953030972e+00,1.706356101749406662e-06
1.583041597699107239e+00,1.705116233097214717e-06
1.583066358194892054e+00,1.703807242847688030e-06
1.583091114441844471e+00,1.702545205262140371e-06
1.583115866441422437e+00,1.701282258181890938e-06
1.583140614195083007e+00,1.699987251413404010e-06
1.583165357704282572e+00,1.698747610134887509e-06
1.583190096970477079e+00,1.697457946647773497e-06
1.583214831995121141e+00,1.696239337434235495e-06
1.583239562779669152e+00,1.694926027084875386e-06
1.583264289325574392e+00,1.693660351520520635e-06
1.583289011634289478e+00,1.692410933173960075e-06
1.583313729707266582e+00,1.691143211246526334e-06
1.583338443545956986e+00,1.689885152700298931e-06
1.583363153151810865e+00,1.688634938545874320e-06
1.583387858526277947e+00,1.687390295046498068e-06
1.583412559670807074e+00,1.686125187916331924e-06
1.583437256586846864e+00,1.684897711129451636e-06
1.583461949275844605e+00,1.683629989202017896e-06
1.583486637739246694e+00,1.682381707723834552e-06
1.583511321978499531e+00,1.681124331298633479e-06
1.583536001995048181e+00,1.679873776083695702e-06
1.583560677790337268e+00,1.678634021118341479e-06
1.583585349365810080e+00,1.677417003520531580e-06
1.583610016722910574e+00,1.676146666795830242e-06
1.583634679863080041e+00,1.674919190008949954e-06
1.583659338787760662e+00,1.673687961556424852e-06
1.583683993498393061e+00,1.672440362199267838e-06
1.583708643996417198e+00,1.671249947321484797e-06
1.583733290283272144e+00,1.669980861151998397e-06
1.583757932360396969e+00,1.668735762905271258e-06
1.583782570229229414e+00,1.667527840254479088e-06
1.583807203891206550e+00,1.666265347921580542e-06
1.583831833347764562e+00,1.665051627242064569e-06
1.583856458600339634e+00,1.663828584241855424e-06
1.583881079650365731e+00,1.662632030274835415e-06
1.583905696499278148e+00,1.661392047935805749e-06
1.583930309148509297e+00,1.660171847106539644e-06
1.583954917599492473e+00,1.659009058130322956e-06
1.583979521853659644e+00,1.657748725847341120e-06
1.584004121912441665e+00,1.656579229347698856e-06
1.584028717777269391e+00,1.655379492149222642e-06
1.584053309449572566e+00,1.654124730521289166e-06
1.584077896930780049e+00,1.652892592574062292e-06
1.584102480222320253e+00,1.651670686442230362e-06
1.584127059325620701e+00,1.650492094995570369e-06
1.584151634242108475e+00,1.649287355576234404e-06
1.584176204973209545e+00,1.648046008995152079e-06
1.584200771520349216e+00,1.646859118409338407e-06
1.584225333884951903e+00,1.645668135097366758e-06
1.584249892068442245e+00,1.644434519221249502e-06
1.584274446072243103e+00,1.643240466364659369e-06
1.584298995897776674e+00,1.642051074668415822e-06
1.584323541546465375e+00,1.640888285692199133e-06
1.584348083019729403e+00,1.639676042941573542e-06
1.584372620318989844e+00,1.638476533116772771e-06
1.584397153445666007e+00,1.637299533285840880e-06
1.584421682401176312e+00,1.636115598557807971e-06
1.584446207186939626e+00,1.634917339288222138e-06
1.584470727804373036e+00,1.633739771023101639e-06
1.584495244254893187e+00,1.632557768971309997e-06
1.584519756539915614e+00,1.631366785659338348e-06
1.584544264660856516e+00,1.630192400625674054e-06
1.584568768619129875e+00,1.628998234082246199e-06
1.584593268416149670e+00,1.627811570870107971e-06
1.584617764053328548e+00,1.626634571039176080e-06
1.584642255532079158e+00,1.625484969736135099e-06
1.584666742853813259e+00,1.624291371626895852e-06
1.584691226019941945e+00,1.623155867491732351e-06
1.584715705031874977e+00,1.621976593924046028e-06
1.584740179891022116e+00,1.620812668079452123e-06
1.584764650598792235e+00,1.619640897843055427e-06
1.584789117156592875e+00,1.618478449927351903e-06
1.584813579565831798e+00,1.617300995349069126e-06
1.584838037827915880e+00,1.616129225112672430e-06
1.584862491944250440e+00,1.614960297047218774e-06
1.584886941916241021e+00,1.613816948520252481e-06
1.584911387745292055e+00,1.612626874702982605e-06
1.584935829432807086e+00,1.611474544915836304e-06
1.584960266980189658e+00,1.610324488865444437e-06
1.584984700388841761e+00,1.609191031093359925e-06
1.585009129660164939e+00,1.608011075404647272e-06
1.585033554795560518e+00,1.606859655112202745e-06
1.585057975796428265e+00,1.605720399311394431e-06
1.585082392664167728e+00,1.604568183211085852e-06
1.585106805400178009e+00,1.603435293873189948e-06
1.585131214005856881e+00,1.602267047928762622e-06
1.585155618482602113e+00,1.601131543793599121e-06
1.585180018831809701e+00,1.599999450263567269e-06
1.585204415054876304e+00,1.598834955984784756e-06
1.585228807153196362e+00,1.597698883415432647e-06
1.585253195128165205e+00,1.596584297658409923e-06
1.585277578981176161e+00,1.595431172063399572e-06
1.585301958713622561e+00,1.594319201103644446e-06
1.585326334326896625e+00,1.593147885614598636e-06
1.585350705822390349e+00,1.592043759046646301e-06
1.585375073201494844e+00,1.590899387338140514e-06
1.585399436465599665e+00,1.589765702192380559e-06
1.585423795616095033e+00,1.588652821737923659e-06
1.585448150654369615e+00,1.587516635481733829e-06
1.585472501581811855e+00,1.586385792506916914e-06
1.585496848399808867e+00,1.585260179126635194e-06
1.585521191109747763e+00,1.584137748977809679e-06
1.585545529713014101e+00,1.583002244842646178e-06
1.585569864210994107e+00,1.581889364388189279e-06
1.585594194605071561e+00,1.580769890097144525e-06
1.585618520896631356e+00,1.579659056005766615e-06
1.585642843087055942e+00,1.578549813530116808e-06
1.585667161177727991e+00,1.577411353537172545e-06
1.585691475170029952e+00,1.576304725858790334e-06
1.585715785065342498e+00,1.575174337631324306e-06
1.585740090865046303e+00,1.574062139297893737e-06
1.585764392570520931e+00,1.572992573528608773e-06
1.585788690183145944e+00,1.571873667671752628e-06
1.585812983704299350e+00,1.570775339132524095e-06
1.585837273135358716e+00,1.569658820699260104e-06
1.585861558477701605e+00,1.568557991049601696e-06
1.585885839732703584e+00,1.567447498018736951e-06
1.585910116901740885e+00,1.566325295243586879e-06
1.585934389986187965e+00,1.565266757097560912e-06
1.585958658987419501e+00,1.564161834721744526e-06
1.585982923906808617e+00,1.563081468702876009e-06
1.586007184745728438e+00,1.561973590469278861e-06
1.586031441505550754e+00,1.560869350214488804e-06
1.586055694187647358e+00,1.559785005156300031e-06
1.586079942793388931e+00,1.558685312375018839e-06
1.586104187324145265e+00,1.557616997160948813e-06
1.586128427781286154e+00,1.556534698465839028e-06
1.586152664166180060e+00,1.555420340082491748e-06
1.586176896480194776e+00,1.554321784169587772e-06
1.586201124724697875e+00,1.553246192997903563e-06
1.586225348901056043e+00,1.552140247440547682e-06
1.586249569010635296e+00,1.551084778839140199e-06
1.586273785054800101e+00,1.550000433780951425e-06
1.586297997034916030e+00,1.548911200188740622e-06
1.586322204952346437e+00,1.547825718262174632e-06
1.586346408808454678e+00,1.546750581837841310e-06
1.586370608604602772e+00,1.545673285363591276e-06
1.586394804342153186e+00,1.544593033031560481e-06
1.586418996022466610e+00,1.543555299576837569e-06
1.586443183646903510e+00,1.542456061542907264e-06
1.586467367216823909e+00,1.541389337944565341e-06
1.586491546733586722e+00,1.540338644190342166e-06
1.586515722198550193e+00,1.539264758321223781e-06
1.586539893613072350e+00,1.538221113150939345e-06
1.586564060978509882e+00,1.537132789053430315e-06
1.586588224296219485e+00,1.536053332529263571e-06
1.586612383567556517e+00,1.535015258014027495e-06
1.586636538793876117e+00,1.533944100629014429e-06
1.586660689976532090e+00,1.532888859401282389e-06
1.586684837116878910e+00,1.531806901766685769e-06
1.586708980216269049e+00,1.530781673864112236e-06
1.586733119276054760e+00,1.529725295768002979e-06
1.586757254297587627e+00,1.528696088826109190e-06
1.586781385282218571e+00,1.527619701846560929e-06
1.586805512231297843e+00,1.526589812783640809e-06
1.586829635146175033e+00,1.525522748124785721e-06
1.586853754028198837e+00,1.524459321444737725e-06
1.586877868878717956e+00,1.523408968751027714e-06
1.586901979699079090e+00,1.522348611615598202e-06
1.586926086490629606e+00,1.521311560281901620e-06
1.586950189254715760e+00,1.520280534350604285e-06
1.586974287992682697e+00,1.519214833933801856e-06
1.586998382705875787e+00,1.518187104920798447e-06
1.587022473395638400e+00,1.517138457529654261e-06
1.587046560063314793e+00,1.516106294729979709e-06
1.587070642710247004e+00,1.515045710220874753e-06
1.587094721337777514e+00,1.514015707471116912e-06
1.587118795947247918e+00,1.513002189312828705e-06
1.587142866539999142e+00,1.511952518740145024e-06
1.587166933117370782e+00,1.510920697000983637e-06
1.587190995680702654e+00,1.509890807938063517e-06
1.587215054231333244e+00,1.508870241195836570e-06
1.587239108770600815e+00,1.507863544247811660e-06
1.587263159299842963e+00,1.506823309682658873e-06
1.587287205820396174e+00,1.505817522229335736e-06
1.587311248333596936e+00,1.504774786553753074e-06
1.587335286840779958e+00,1.503740350017324090e-06
1.587359321343280838e+00,1.502715349488426000e-06
1.587383351842433177e+00,1.501704105066892225e-06
1.587407378339570352e+00,1.500681605648424011e-06
1.587431400836025519e+00,1.499646032243617810e-06
1.587455419333130502e+00,1.498630922469601501e-06
1.587479433832216458e+00,1.497608536737971008e-06
1.587503444334614766e+00,1.496613776907906868e-06
1.587527450841655252e+00,1.495585593147552572e-06
1.587551453354667075e+00,1.494589469075435773e-06
1.587575451874979393e+00,1.493558102083625272e-06
1.587599446403920256e+00,1.492559022153727710e-06
1.587623436942817046e+00,1.491548687226895709e-06
1.587647423492996479e+00,1.490557679062476382e-06
1.587671406055784606e+00,1.489535634391359054e-06
1.587695384632507034e+00,1.488532689108978957e-06
1.587719359224488924e+00,1.487522354182146955e-06
1.587743329833053663e+00,1.486527139604731929e-06
1.587767296459525301e+00,1.485521011090895627e-06
1.587791259105226338e+00,1.484552171859832015e-06
1.587815217771479270e+00,1.483548885516938753e-06
1.587839172459605264e+00,1.482539801145321690e-06
1.587863123170925483e+00,1.481515823797963094e-06
1.587887069906759763e+00,1.480541186538175680e-06
1.587911012668427935e+00,1.479545176152896602e-06
1.587934951457248500e+00,1.478537456023332197e-06
1.587958886274540182e+00,1.477537693972408306e-06
1.587982817121620149e+00,1.476556690249708481e-06
1.588006743999805570e+00,1.475561134611780290e-06
1.588030666910412725e+00,1.474562623116071336e-06
1.588054585854756784e+00,1.473610382163315080e-06
1.588078500834152917e+00,1.472599706175969914e-06
1.588102411849915852e+00,1.471628024773963261e-06
1.588126318903358536e+00,1.470649976909044199e-06
1.588150221995794364e+00,1.469641233597940300e-06
1.588174121128535843e+00,1.468663185733021237e-06
1.588198016302893922e+00,1.467695597057172563e-06
1.588221907520180221e+00,1.466729941057565156e-06
1.588245794781705023e+00,1.465755531171453185e-06
1.588269678088777948e+00,1.464758952351985499e-06
1.588293557442708392e+00,1.463796820644347463e-06
1.588317432844804200e+00,1.462804902985226363e-06
1.588341304296373435e+00,1.461845272388018202e-06
1.588365171798723496e+00,1.460857106394541916e-06
1.588389035353160450e+00,1.459917257307097316e-06
1.588412894960990140e+00,1.458925680708489381e-06
1.588436750623518412e+00,1.457966277484956663e-06
1.588460602342048889e+00,1.456990844417305198e-06
1.588484450117885638e+00,1.456085556128527969e-06
1.588508293952332506e+00,1.455127176086534746e-06
1.588532133846691563e+00,1.454118091714917682e-06
1.588555969802264878e+00,1.453154823138902429e-06
1.588579801820353854e+00,1.452177684768685140e-06
1.588603629902259007e+00,1.451212028769077733e-06
1.588627454049280407e+00,1.450249556000926532e-06
1.588651274262717239e+00,1.449291971766797360e-06
1.588675090543868684e+00,1.448327680009242613e-06
1.588698902894032372e+00,1.447378963348455727e-06
1.588722711314506153e+00,1.446421151740651112e-06
1.588746515806586324e+00,1.445469024474732578e-06
1.588770316371569402e+00,1.444498025193752255e-06
1.588794113010750797e+00,1.443579435544961598e-06
1.588817905725425694e+00,1.442628899894771166e-06
1.588841694516887726e+00,1.441666995560808573e-06
1.588865479386430746e+00,1.440711457689758390e-06
1.588889260335348164e+00,1.439775701328471769e-06
1.588913037364931613e+00,1.438844037693343125e-06
1.588936810476472949e+00,1.437891910427424591e-06
1.588960579671263584e+00,1.436981392544112168e-06
1.588984344950593597e+00,1.436027559975627810e-06
1.589008106315752622e+00,1.435097033208876383e-06
1.589031863768030073e+00,1.434130922461918090e-06
1.589055617308714252e+00,1.433184479537885636e-06
1.589079366939093241e+00,1.432237695553340018e-06
1.589103112660454009e+00,1.431301939192053396e-06
1.589126854474083306e+00,1.430370843991113361e-06
1.589150592381266991e+00,1.429438043487607501e-06
1.589174326383290037e+00,1.428483187737583648e-06
1.589198056481437860e+00,1.427561983291525394e-06
1.589221782676994099e+00,1.426648054803081322e-06
1.589245504971242173e+00,1.425710138391877990e-06
1.589269223365464612e+00,1.424775405212130863e-06
1.589292937860943944e+00,1.423854882887098938e-06
1.589316648458961811e+00,1.422922423444106244e-06
1.589340355160798524e+00,1.421997467332403176e-06
1.589364057967734833e+00,1.421081833541393280e-06
1.589387756881049940e+00,1.420158810105931479e-06
1.589411451902023042e+00,1.419252726009290200e-06
1.589435143031932895e+00,1.418339024894521572e-06
1.589458830272056256e+00,1.417406451764691155e-06
1.589482513623671434e+00,1.416483996763417963e-06
1.589506193088053854e+00,1.415556766914960463e-06
1.589529868666479828e+00,1.414634198226849549e-06
1.589553540360224559e+00,1.413706627317878883e-06
1.589577208170562583e+00,1.412790311405842658e-06
1.589600872098767770e+00,1.411884682056552265e-06
1.589624532146113545e+00,1.410965751347248442e-06
1.589648188313872890e+00,1.410077629770967178e-06
1.589671840603317454e+00,1.409179731126641855e-06
1.589695489015718888e+00,1.408240564160223585e-06
1.589719133552347730e+00,1.407337208547687624e-06
1.589742774214474741e+00,1.406435330864042044e-06
1.589766411003368907e+00,1.405528564646374434e-06
1.589790043920299656e+00,1.404617478328873403e-06
1.589813672966535085e+00,1.403707074132398702e-06
1.589837298143343070e+00,1.402804173267213628e-06
1.589860919451990373e+00,1.401897065989032853e-06
1.589884536893743761e+00,1.401019062541308813e-06
1.589908150469868664e+00,1.400140035912045278e-06
1.589931760181631182e+00,1.399226789544627536e-06
1.589955366030294970e+00,1.398339236402534880e-06
1.589978968017124350e+00,1.397445998918556143e-06
1.590002566143382756e+00,1.396530478814383969e-06
1.590026160410332956e+00,1.395649405822041444e-06
1.590049750819237051e+00,1.394732635162654333e-06
1.590073337371356477e+00,1.393848492625693325e-06
1.590096920067952002e+00,1.392929334542714059e-06
1.590120498910283953e+00,1.392067815686459653e-06
1.590144073899612209e+00,1.391159003105713055e-06
1.590167645037195765e+00,1.390271791024133563e-06
1.590191212324292502e+00,1.389373665006132796e-06
1.590214775762160970e+00,1.388502255394996610e-06
1.590238335352057719e+00,1.387641191286093090e-06
1.590261891095239521e+00,1.386740564157662448e-06
1.590285442992962484e+00,1.385855966873350553e-06
1.590308991046482046e+00,1.384976144436222967e-06
1.590332535257052315e+00,1.384079268973437138e-06
1.590356075625927845e+00,1.383207290928112343e-06
1.590379612154362521e+00,1.382333948640734889e-06
1.590403144843608452e+00,1.381448896609072108e-06
1.590426673694918192e+00,1.380584535581874661e-06
1.590450198709543406e+00,1.379701643600128591e-06
1.590473719888735094e+00,1.378823071718215942e-06
1.590497237233744032e+00,1.377976104777189903e-06
1.590520750745819445e+00,1.377101398247759789e-06
1.590544260426210776e+00,1.376231921312864870e-06
1.590567766276167028e+00,1.375342549181368668e-06
1.590591268296935423e+00,1.374476710225280840e-06
1.590614766489764076e+00,1.373620762024074793e-06
1.590638260855899100e+00,1.372753899886447471e-06
1.590661751396587276e+00,1.371907956126960926e-06
1.590685238113073385e+00,1.371009034301096108e-06
1.590708721006603321e+00,1.370128074995591305e-06
1.590732200078420533e+00,1.369268716189253610e-06
1.590755675329769581e+00,1.368427774650626816e-06
1.590779146761892804e+00,1.367549316455551889e-06
1.590802614376032764e+00,1.366677452097064815e-06
1.590826078173432023e+00,1.365822413390560541e-06
1.590849538155331588e+00,1.364957483929174487e-06
1.590872994322971579e+00,1.364103241030534264e-06
1.590896446677593001e+00,1.363239789498038590e-06
1.590919895220434643e+00,1.362396346848981921e-06
1.590943339952735736e+00,1.361529712085030042e-06
1.590966780875734177e+00,1.360697865493420977e-06
1.590990217990668310e+00,1.359859311378386337e-06
1.591013651298774700e+00,1.358998702016833704e-06
1.591037080801289694e+00,1.358169129161979072e-06
1.591060506499449634e+00,1.357296127935114782e-06
1.591083928394489311e+00,1.356448251499386970e-06
1.591107346487643515e+00,1.355590825369290542e-06
1.591130760780146813e+00,1.354728738078847528e-06
1.591154171273231777e+00,1.353880406895768829e-06
1.591177577968131862e+00,1.353036736873036716e-06
1.591200980866079195e+00,1.352188633063633461e-06
1.591224379968305458e+00,1.351354285361594521e-06
1.591247775276041665e+00,1.350509478470485192e-06
1.591271166790518166e+00,1.349672970718529541e-06
1.591294554512964865e+00,1.348845785287267063e-06
1.591317938444611446e+00,1.348010982837877236e-06
1.591341318586685816e+00,1.347167994936171453e-06
1.591364694940416769e+00,1.346315229966421612e-06
1.591388067507031101e+00,1.345495434179611038e-06
1.591411436287756498e+00,1.344638690170540940e-06
1.591434801283818645e+00,1.343798089692427311e-06
1.591458162496443007e+00,1.342961581940471660e-06
1.591481519926855048e+00,1.342144173577253241e-06
1.591504873576279566e+00,1.341302777291275561e-06
1.591528223445940249e+00,1.340477638223092072e-06
1.591551569537059896e+00,1.339677623946045060e-06
1.591574911850861751e+00,1.338835431852203328e-06
1.591598250388567948e+00,1.338014499197015539e-06
1.591621585151399509e+00,1.337181174676516093e-06
1.591644916140577681e+00,1.336334094048652332e-06
1.591668243357323043e+00,1.335505771749012638e-06
1.591691566802855062e+00,1.334677222075697500e-06
1.591714886478393209e+00,1.333866180175391492e-06
1.591738202385155398e+00,1.333030468231299892e-06
1.591761514524360210e+00,1.332218175775778946e-06
1.591784822897224894e+00,1.331372573076805566e-06
1.591808127504966031e+00,1.330565396528982092e-06
1.591831428348799982e+00,1.329759697910048999e-06
1.591854725429942219e+00,1.328939674749562982e-06
1.591878018749607993e+00,1.328121697952155955e-06
1.591901308309011442e+00,1.327308950749284122e-06
1.591924594109366931e+00,1.326503934251377359e-06
1.591947876151887042e+00,1.325709945376729593e-06
1.591971154437785252e+00,1.324871163888019510e-06
1.591994428968273034e+00,1.324048071182915010e-06
1.592017699744561865e+00,1.323245101048087236e-06
1.592040966767862997e+00,1.322422690464009065e-06
1.592064230039386574e+00,1.321625859418418258e-06
1.592087489560342295e+00,1.320812771155033261e-06
1.592110745331939636e+00,1.320003093496779911e-06
1.592133997355386521e+00,1.319204102401272394e-06
1.592157245631891982e+00,1.318415115747484379e-06
1.592180490162662387e+00,1.317587475568871014e-06
1.592203730948904772e+00,1.316774500992323738e-06
1.592226967991825948e+00,1.315956865255429875e-06
1.592250201292630951e+00,1.315158783654624131e-06
1.592273430852525484e+00,1.314366159022029024e-06
1.592296656672713251e+00,1.313564098381903023e-06
1.592319878754398621e+00,1.312767267336312216e-06
1.592343097098785076e+00,1.311970208917045966e-06
1.592366311707074988e+00,1.311189066655060742e-06
1.592389522580470729e+00,1.310409516008803621e-06
1.592412729720173781e+00,1.309585968556348234e-06
1.592435933127385184e+00,1.308783907916222233e-06
1.592459132803305755e+00,1.307989577981061302e-06
1.592482328749134757e+00,1.307199454458896071e-06
1.592505520966071675e+00,1.306405010836897418e-06
1.592528709455315106e+00,1.305616592617298011e-06
1.592551894218063646e+00,1.304822035308461636e-06
1.592575075255514117e+00,1.304038505622884259e-06
1.592598252568864003e+00,1.303273165831342340e-06
1.592621426159309239e+00,1.302461555496847723e-06
1.592644596028046422e+00,1.301669044551090337e-06
1.592667762176269708e+00,1.300880512644653209e-06
1.592690924605174585e+00,1.300103235735150520e-06
1.592714083315954765e+00,1.299305267821182497e-06
1.592737238309803960e+00,1.298522420256631449e-06
1.592760389587914771e+00,1.297734570471220650e-06
1.592783537151480244e+00,1.296966502195573412e-06
1.592806681001691205e+00,1.296177970289136283e-06
1.592829821139739588e+00,1.295392394240479916e-06
1.592852957566815775e+00,1.294613639402086847e-06
1.592876090284109702e+00,1.293848754357895814e-06
1.592899219292811086e+00,1.293071704822068568e-06
1.592922344594108530e+00,1.292298748012399301e-06
1.592945466189190640e+00,1.291532271352480166e-06
1.592968584079245353e+00,1.290779096052574459e-06
1.592991698265459721e+00,1.289978968088689726e-06
1.593014808749020350e+00,1.289194642595248297e-06
1.593037915531113180e+00,1.288432827095675748e-06
1.593061018612923485e+00,1.287651116399501916e-06
1.593084117995636984e+00,1.286864517169306055e-06
1.593107213680437395e+00,1.286095425712119322e-06
1.593130305668508440e+00,1.285324628952366766e-06
1.593153393961034059e+00,1.284552922697912436e-06
1.593176478559195974e+00,1.283788378714234568e-06
1.593199559464176795e+00,1.283024403164745308e-06
1.593222636677158244e+00,1.282262019230984151e-06
1.593245710199320708e+00,1.281484401260968298e-06
1.593268780031844800e+00,1.280725768992851954e-06
1.593291846175910464e+00,1.279980665458424482e-06
1.593314908632696980e+00,1.279217599403636996e-06
1.593337967403382738e+00,1.278455897590902168e-06
1.593361022489146128e+00,1.277683168154908344e-06
1.593384073891164432e+00,1.276920329473796301e-06
1.593407121610614929e+00,1.276164994123973884e-06
1.593430165648674013e+00,1.275411250389879569e-06
1.593453206006517409e+00,1.274658757211000193e-06
1.593476242685320177e+00,1.273889438380138017e-06
1.593499275686257821e+00,1.273140924240578897e-06
1.593522305010503848e+00,1.272379222427844070e-06
1.593545330659231762e+00,1.271633550459227990e-06
1.593568352633615293e+00,1.270885263693344314e-06
1.593591370934826390e+00,1.270130042030359618e-06
1.593614385564037450e+00,1.269386643798497971e-06
1.593637396522419314e+00,1.268632900064403657e-06
1.593660403811142823e+00,1.267892912437673658e-06
1.593683407431378596e+00,1.267143147742899600e-06
1.593706407384296142e+00,1.266400317945226561e-06
1.593729403671064748e+00,1.265628725377609953e-06
1.593752396292852591e+00,1.264877823814458679e-06
1.593775385250827847e+00,1.264121351596259046e-06
1.593798370546158027e+00,1.263380113414314110e-06
1.593821352180010198e+00,1.262643763766391203e-06
1.593844330153550315e+00,1.261911620531463996e-06
1.593867304467944335e+00,1.261155830434290692e-06
1.593890275124357991e+00,1.260406861547380686e-06
1.593913242123955021e+00,1.259678811038611457e-06
1.593936205467899825e+00,1.258935753867262974e-06
1.593959165157356583e+00,1.258213274013542105e-06
1.593982121193487256e+00,1.257467943105439190e-06
1.594005073577455356e+00,1.256720679521095008e-06
1.594028022310421955e+00,1.255976371794531588e-06
1.594050967393548790e+00,1.255244683306955267e-06
1.594073908827996711e+00,1.254511062143137679e-06
1.594096846614925456e+00,1.253772097697947174e-06
1.594119780755495430e+00,1.253041546078748070e-06
1.594142711250865041e+00,1.252292577191838063e-06
1.594165638102193139e+00,1.251584762940183282e-06
1.594188561310637686e+00,1.250869331670401152e-06
1.594211480877356424e+00,1.250118543794087600e-06
1.594234396803506204e+00,1.249399360858660657e-06
1.594257309090242769e+00,1.248666990250058006e-06
1.594280217738722749e+00,1.247949398930359166e-06
1.594303122750100998e+00,1.247199747922422830e-06
1.594326024125532149e+00,1.246469764737412333e-06
1.594348921866170832e+00,1.245746375388989691e-06
1.594371815973169904e+00,1.245017642759194132e-06
1.594394706447682886e+00,1.244293457602907438e-06
1.594417593290862412e+00,1.243582573806634173e-06
1.594440476503860227e+00,1.242852363247948233e-06
1.594463356087827632e+00,1.242124312739179004e-06
1.594486232043915930e+00,1.241403083440673072e-06
1.594509104373275088e+00,1.240695496562693734e-06
1.594531973077054854e+00,1.239962102772551589e-06
1.594554838156404752e+00,1.239253720086708199e-06
1.594577699612473198e+00,1.238559548255580012e-06
1.594600557446408384e+00,1.237813762600126211e-06
1.594623411659357837e+00,1.237106744156335481e-06
1.594646262252468638e+00,1.236380171576456632e-06
1.594669109226887205e+00,1.235673721566854510e-06
1.594691952583759731e+00,1.234963292517932132e-06
1.594714792324231523e+00,1.234259229931922164e-06
1.594737628449447664e+00,1.233534248967771418e-06
1.594760460960551907e+00,1.232813247042940930e-06
1.594783289858688446e+00,1.232108047588553745e-06
1.594806115145000591e+00,1.231388296218938194e-06
1.594828936820630760e+00,1.230692419085244182e-06
1.594851754886721151e+00,1.229969598171010148e-06
1.594874569344413517e+00,1.229243821398995351e-06
1.594897380194848724e+00,1.228543510478630196e-06
1.594920187439167636e+00,1.227831148753466550e-06
1.594942991078509786e+00,1.227135044246097095e-06
1.594965791114015152e+00,1.226432573275815230e-06
1.594988587546822156e+00,1.225730670739721972e-06
1.595011380378069443e+00,1.225037294716457836e-06
1.595034169608894770e+00,1.224325615112320520e-06
1.595056955240435226e+00,1.223621779899985995e-06
1.595079737273827902e+00,1.222913169840467162e-06
1.595102515710208557e+00,1.222231162500975188e-06
1.595125290550713615e+00,1.221535171680443455e-06
1.595148061796477279e+00,1.220827584802464116e-06
1.595170829448634864e+00,1.220126023326884024e-06
1.595193593508320129e+00,1.219447881339874584e-06
1.595216353976666612e+00,1.218736201735737268e-06
1.595239110854807629e+00,1.218039642481016926e-06
1.595261864143874941e+00,1.217347403326130006e-06
1.595284613845000976e+00,1.216645273416361306e-06
1.595307359959317051e+00,1.215942006638215389e-06
1.595330102487953816e+00,1.215253405462135561e-06
1.595352841432041924e+00,1.214582084685389418e-06
1.595375576792710470e+00,1.213900304719572887e-06
1.595398308571089663e+00,1.213202608596475329e-06
1.595421036768307488e+00,1.212485130963614210e-06
1.595443761385492376e+00,1.211791072819323745e-06
1.595466482423771870e+00,1.211099856845976319e-06
1.595489199884273290e+00,1.210424670716747642e-06
1.595511913768122847e+00,1.209725269291084260e-06
1.595534624076446972e+00,1.209050651596044190e-06
1.595557330810370766e+00,1.208352159665082581e-06
1.595580033971019773e+00,1.207672994496533647e-06
1.595602733559517983e+00,1.206974957312922925e-06
1.595625429576989385e+00,1.206307842949172482e-06
1.595648122024557303e+00,1.205626176670193672e-06
1.595670810903345060e+00,1.204948944177886005e-06
1.595693496214474205e+00,1.204260797749157064e-06
1.595716177959067172e+00,1.203590272780274972e-06
1.595738856138245065e+00,1.202918383569340222e-06
1.595761530753128543e+00,1.202242060571734328e-06
1.595784201804838043e+00,1.201537770612048917e-06
1.595806869294492891e+00,1.200853375848964788e-06
1.595829533223212637e+00,1.200171141135797370e-06
1.595852193592115720e+00,1.199485495817498304e-06
1.595874850402319689e+00,1.198810537061945070e-06
1.595897503654943206e+00,1.198143650071870070e-06
1.595920153351102710e+00,1.197479150505387224e-06
1.595942799491914643e+00,1.196808852910180576e-06
1.595965442078495222e+00,1.196139919557026587e-06
1.595988081111959778e+00,1.195484173877048306e-06
1.596010716593423640e+00,1.194810351989872288e-06
1.596033348524000584e+00,1.194122091874305625e-06
1.596055976904804830e+00,1.193432467516686302e-06
1.596078601736949931e+00,1.192766717394988518e-06
1.596101223021548554e+00,1.192096419799781870e-06
1.596123840759712920e+00,1.191436808767321054e-06
1.596146454952555249e+00,1.190790158034360502e-06
1.596169065601185988e+00,1.190116563520859927e-06
1.596191672706716913e+00,1.189459226225153543e-06
1.596214276270257582e+00,1.188763462778297253e-06
1.596236876292917994e+00,1.188102146443270613e-06
1.596259472775807264e+00,1.187430370919173583e-06
1.596282065720034282e+00,1.186780082207405940e-06
1.596304655126706606e+00,1.186110466733225621e-06
1.596327240996932462e+00,1.185463361252914183e-06
1.596349823331818962e+00,1.184803068099427037e-06
1.596372402132472335e+00,1.184125608233443927e-06
1.596394977399998583e+00,1.183461336040636525e-06
1.596417549135503711e+00,1.182809683086816221e-06
1.596440117340092391e+00,1.182145979328197427e-06
1.596462682014869516e+00,1.181497168545320164e-06
1.596485243160938428e+00,1.180836648018157575e-06
1.596507800779403352e+00,1.180179992843477521e-06
1.596530354871366519e+00,1.179539708573429380e-06
1.596552905437931269e+00,1.178859520223340951e-06
1.596575452480198720e+00,1.178213324237731285e-06
1.596597995999270658e+00,1.177563376586476807e-06
1.596620535996248202e+00,1.176901605504099280e-06
1.596643072472230918e+00,1.176240061795397196e-06
1.596665605428319479e+00,1.175594434243976139e-06
1.596688134865613007e+00,1.174962108052568510e-06
1.596710660785210401e+00,1.174300109596515540e-06
1.596733183188209448e+00,1.173662781184248161e-06
1.596755702075708605e+00,1.173015903077612165e-06
1.596778217448804993e+00,1.172367547042085789e-06
1.596800729308595068e+00,1.171711687675269786e-06
1.596823237656175509e+00,1.171066628558037337e-06
1.596845742492642106e+00,1.170437030850735027e-06
1.596868243819089761e+00,1.169799475064792205e-06
1.596890741636613154e+00,1.169154529634397477e-06
1.596913235946306964e+00,1.168492303804669064e-06
1.596935726749264095e+00,1.167837467619392555e-06
1.596958214046578783e+00,1.167186042039247695e-06
1.596980697839342822e+00,1.166533479590725619e-06
1.597003178128648893e+00,1.165897970167861786e-06
1.597025654915588788e+00,1.165250864687550347e-06
1.597048128201252970e+00,1.164630816674616653e-06
1.597070597986732343e+00,1.163985302810033318e-06
1.597093064273117369e+00,1.163374008683604188e-06
1.597115527061497620e+00,1.162719627245678566e-06
1.597137986352961780e+00,1.162073317573231179e-06
1.597160442148598980e+00,1.161440650321310386e-06
1.597182894449496793e+00,1.160798888122371864e-06
1.597205343256743237e+00,1.160156557489244733e-06
1.597227788571425000e+00,1.159514226856117602e-06
1.597250230394628767e+00,1.158889858743350487e-06
1.597272668727441003e+00,1.158250825028517283e-06
1.597295103570947061e+00,1.157615997726679780e-06
1.597317534926231630e+00,1.156990720119210891e-06
1.597339962794379620e+00,1.156357598119939212e-06
1.597362387176475051e+00,1.155727773038961459e-06
1.597384808073601059e+00,1.155097834271145985e-06
1.597407225486841220e+00,1.154476763076672796e-06
1.597429639417277780e+00,1.153836024059273768e-06
1.597452049865992985e+00,1.153197445091791451e-06
1.597474456834067968e+00,1.152582854047068395e-06
1.597496860322583867e+00,1.151953483713441528e-06
1.597519260332621371e+00,1.151344690697442275e-06
1.597541656865260284e+00,1.150691673501569312e-06
1.597564049921580409e+00,1.150087314272241201e-06
1.597586439502660438e+00,1.149451009041513316e-06
1.597608825609578842e+00,1.148846763499022927e-06
1.597631208243413869e+00,1.148206820289487951e-06
1.597653587405242881e+00,1.147575630966457538e-06
1.597675963096142793e+00,1.146943986896076240e-06
1.597698335317190299e+00,1.146323597822629381e-06
1.597720704069461206e+00,1.145691953752248082e-06
1.597743069354031098e+00,1.145084524978301488e-06
1.597765431171974893e+00,1.144461634794424754e-06
1.597787789524366842e+00,1.143840449913113844e-06
1.597810144412281419e+00,1.143218923971289769e-06
1.597832495836791988e+00,1.142617065852391534e-06
1.597854843798971469e+00,1.141993720921163913e-06
1.597877188299892559e+00,1.141368215940019581e-06
1.597899529340626623e+00,1.140762606155476533e-06
1.597921866922245915e+00,1.140167796620517038e-06
1.597944201045820689e+00,1.139554569817846641e-06
1.597966531712422089e+00,1.138927245847298764e-06
1.597988858923119926e+00,1.138307538894878235e-06
1.598011182678983566e+00,1.137683284468948841e-06
1.598033502981082155e+00,1.137068920797901228e-06
1.598055819830484170e+00,1.136460923589766026e-06
1.598078133228257647e+00,1.135835191234946251e-06
1.598100443175469954e+00,1.135235720539640170e-06
1.598122749673188459e+00,1.134644776357163209e-06
1.598145052722479642e+00,1.134050648943230044e-06
1.598167352324409318e+00,1.133426621890976094e-06
1.598189648480042857e+00,1.132813622461981140e-06
1.598211941190445851e+00,1.132194370256911498e-06
1.598234230456682559e+00,1.131580120272701606e-06
1.598256516279817019e+00,1.130972350438241847e-06
1.598278798660912825e+00,1.130372766056098044e-06
1.598301077601033127e+00,1.129763973040098790e-06
1.598323353101240407e+00,1.129161887547525112e-06
1.598345625162596928e+00,1.128554799834091682e-06
1.598367893786164062e+00,1.127961581914860290e-06
1.598390158973003183e+00,1.127369273490330670e-06
1.598412420724174554e+00,1.126766392189892940e-06
1.598434679040738882e+00,1.126165216192021035e-06
1.598456933923755319e+00,1.125574613070057239e-06
1.598479185374283018e+00,1.124954337683448102e-06
1.598501433393380911e+00,1.124363393500971142e-06
1.598523677982107039e+00,1.123781657952349633e-06
1.598545919141519001e+00,1.123180595641315449e-06
1.598568156872673729e+00,1.122583284995926078e-06
1.598590391176628822e+00,1.121974378293089103e-06
1.598612622054439658e+00,1.121370246437436435e-06
1.598634849507162059e+00,1.120764864026568830e-06
1.598657073535851625e+00,1.120158685807837173e-06
1.598679294141562846e+00,1.119564672080741730e-06
1.598701511325349989e+00,1.118989530368708074e-06
1.598723725088267100e+00,1.118391310228616931e-06
1.598745935431366894e+00,1.117798660743574146e-06
1.598768142355702970e+00,1.117201122724509332e-06
1.598790345862326712e+00,1.116618363994348329e-06
1.598812545952291053e+00,1.116029807235463522e-06
1.598834742626646266e+00,1.115426016440324020e-06
1.598856935886443731e+00,1.114844167204864789e-06
1.598879125732733719e+00,1.114252540901361499e-06
1.598901312166566280e+00,1.113666712626582012e-06
1.598923495188990795e+00,1.113060875468363520e-06
1.598945674801055983e+00,1.112474592446233146e-06
1.598967851003810337e+00,1.111887058868887834e-06
1.598990023798301907e+00,1.111307483370183036e-06
1.599012193185578079e+00,1.110732910092337988e-06
1.599034359166686015e+00,1.110156063077738509e-06
1.599056521742672210e+00,1.109550225919520017e-06
1.599078680914582273e+00,1.108957235373964068e-06
1.599100836683462257e+00,1.108375158764829393e-06
1.599122989050356658e+00,1.107795696952962317e-06
1.599145138016310641e+00,1.107217940443661064e-06
1.599167283582368038e+00,1.106650188376079313e-06
1.599189425749572679e+00,1.106057993638387416e-06
1.599211564518967510e+00,1.105510364141082391e-06
1.599233699891595029e+00,1.104912939808855299e-06
1.599255831868497735e+00,1.104321881939540617e-06
1.599277960450717240e+00,1.103728436646633781e-06
1.599300085639294267e+00,1.103139993574586697e-06
1.599322207435270204e+00,1.102564851862553041e-06
1.599344325839685332e+00,1.101982661566580646e-06
1.599366440853578819e+00,1.101402517633687239e-06
1.599388552477990721e+00,1.100833173950377386e-06
1.599410660713959098e+00,1.100270083043142222e-06
1.599432765562522896e+00,1.099693690775893629e-06
1.599454867024719951e+00,1.099118208003346808e-06
1.599476965101587211e+00,1.098551024369953666e-06
1.599499059794161848e+00,1.097979975384077989e-06
1.599521151103480587e+00,1.097396875593403820e-06
1.599543239030579045e+00,1.096837422664975747e-06
1.599565323576492615e+00,1.096260689337213989e-06
1.599587404742256691e+00,1.095685092877829447e-06
1.599609482528905335e+00,1.095131892725476064e-06
1.599631556937473054e+00,1.094540266421972774e-06
1.599653627968993463e+00,1.093970126930798870e-06
1.599675695624499294e+00,1.093389641937392298e-06
1.599697759905023275e+00,1.092820184567244723e-06
1.599719820811597915e+00,1.092263119062408805e-06
1.599741878345254387e+00,1.091688545784563757e-06
1.599763932507024533e+00,1.091121930585359223e-06
1.599785983297938419e+00,1.090551677407347597e-06
1.599808030719026997e+00,1.089993816094647627e-06
1.599830074771319666e+00,1.089426859834929928e-06
1.599852115455845603e+00,1.088863314180343878e-06
1.599874152773634206e+00,1.088294538931222633e-06
1.599896186725713099e+00,1.087750433725886978e-06
1.599918217313111013e+00,1.087187911252840422e-06
1.599940244536855127e+00,1.086617999135341961e-06
1.599962268397972176e+00,1.086063207367260475e-06
1.599984288897488671e+00,1.085513531506876461e-06
1.600006306036431125e+00,1.084934865502873436e-06
1.600028319815824496e+00,1.084367568182642572e-06
1.600050330236694185e+00,1.083806523638486397e-06
1.600072337300065151e+00,1.083245024346979335e-06
1.600094341006960796e+00,1.082680569197691511e-06
1.600116341358405192e+00,1.082128733287390787e-06
1.600138338355421741e+00,1.081568370864260942e-06
1.600160331999032737e+00,1.081004711522837169e-06
1.600182322290261139e+00,1.080443325918167830e-06
1.600204309230128352e+00,1.079882167687173933e-06
1.600226292819655782e+00,1.079331354958412703e-06
1.600248273059864168e+00,1.078779632734949701e-06
1.600270249951774026e+00,1.078229161066701636e-06
1.600292223496405208e+00,1.077667548088356853e-06
1.600314193694777343e+00,1.077125148185587022e-06
1.600336160547909836e+00,1.076578314496146049e-06
1.600358124056820319e+00,1.076023750101740006e-06
1.600380084222527755e+00,1.075477825907000806e-06
1.600402041046049106e+00,1.074929286914994009e-06
1.600423994528402227e+00,1.074373926712723915e-06
1.600445944670603415e+00,1.073822545549774077e-06
1.600467891473668747e+00,1.073264456863398664e-06
1.600489834938614075e+00,1.072720465344900731e-06
1.600511775066455034e+00,1.072169766302977223e-06
1.600533711858206143e+00,1.071641236194409430e-06
1.600555645314881925e+00,1.071067117663915269e-06
1.600577575437495792e+00,1.070515963874640875e-06
1.600599502227062043e+00,1.069974700840248261e-06
1.600621425684593424e+00,1.069425593414052855e-06
1.600643345811102014e+00,1.068876713361532893e-06
1.600665262607600337e+00,1.068327151187986601e-06
1.600687176075099583e+00,1.067791458808642346e-06
1.600709086214611387e+00,1.067248035724333022e-06
1.600730993027146276e+00,1.066715753950120416e-06
1.600752896513714330e+00,1.066179265762912109e-06
1.600774796675325184e+00,1.065627657226286829e-06
1.600796693512988700e+00,1.065099695551907644e-06
1.600818587027713180e+00,1.064548087015282363e-06
1.600840477220507152e+00,1.064024218067061156e-06
1.600862364092378698e+00,1.063458967109909281e-06
1.600884247644335012e+00,1.062918840943893883e-06
1.600906127877383511e+00,1.062383944372413680e-06
1.600928004792530279e+00,1.061840862348617520e-06
1.600949878390781844e+00,1.061303009919356555e-06
1.600971748673143624e+00,1.060764361682231538e-06
1.600993615640620815e+00,1.060214344761334360e-06
1.601015479294218169e+00,1.059676719705748837e-06
1.601037339634939993e+00,1.059142164194781799e-06
1.601059196663789930e+00,1.058604880199709442e-06
1.601081050381771398e+00,1.058071802617632784e-06
1.601102900789887595e+00,1.057548843164113350e-06
1.601124747889140609e+00,1.057016106642549857e-06
1.601146591680532305e+00,1.056498035723052453e-06
1.601168432165064548e+00,1.055957568496523891e-06
1.601190269343738315e+00,1.055412894856999628e-06
1.601212103217554361e+00,1.054877998285519425e-06
1.601233933787512553e+00,1.054358108376618475e-06
1.601255761054612980e+00,1.053811956808203831e-06
1.601277585019854399e+00,1.053296386999136303e-06
1.601299405684236010e+00,1.052761035680305213e-06
1.601321223048756348e+00,1.052221932695829310e-06
1.601343037114412615e+00,1.051696585818717722e-06
1.601364847882202902e+00,1.051170556820579804e-06
1.601386655353123967e+00,1.050629862220375799e-06
1.601408459528172346e+00,1.050103946909075603e-06
1.601430260408344131e+00,1.049571778821700718e-06
1.601452057994634970e+00,1.049051320478611160e-06
1.601473852288040289e+00,1.048537910719460342e-06
1.601495643289554405e+00,1.048001081471738871e-06
1.601517431000171854e+00,1.047477439897193108e-06
1.601539215420886286e+00,1.046957891048805322e-06
1.601560996552691574e+00,1.046418219630140811e-06
1.601582774396580255e+00,1.045900603457994293e-06
1.601604548953544649e+00,1.045375711328233592e-06
1.601626320224577071e+00,1.044852979248389602e-06
1.601648088210669174e+00,1.044332748278975487e-06
1.601669852912812164e+00,1.043805696099298075e-06
1.601691614331996139e+00,1.043286488311423454e-06
1.601713372469212082e+00,1.042773419612785801e-06
1.601735127325449426e+00,1.042244548443704844e-06
1.601756878901697601e+00,1.041725909090018831e-06
1.601778627198945149e+00,1.041206701302144211e-06
1.601800372218181279e+00,1.040709776134463027e-06
1.601822113960393423e+00,1.040193183143856004e-06
1.601843852426569015e+00,1.039674998537520878e-06
1.601865587617695930e+00,1.039149196913058404e-06
1.601887319534760268e+00,1.038630898619885556e-06
1.601909048178747907e+00,1.038116238305519801e-06
1.601930773550645615e+00,1.037587708196952008e-06
1.601952495651437935e+00,1.037065999298647512e-06
1.601974214482109860e+00,1.036556000144628342e-06
1.601995930043646155e+00,1.036037588164617773e-06
1.602017642337030257e+00,1.035533387039322406e-06
1.602039351363246489e+00,1.035018158290768042e-06
1.602061057123277399e+00,1.034503270602726843e-06
1.602082759618105978e+00,1.033988951348874252e-06
1.602104458848714108e+00,1.033479861689556856e-06
1.602126154816083670e+00,1.032959971780655906e-06
1.602147847521196100e+00,1.032451109495013952e-06
1.602169536965032393e+00,1.031943497764586937e-06
1.602191223148572652e+00,1.031437136589374859e-06
1.602212906072797205e+00,1.030918724609364290e-06
1.602234585738685491e+00,1.030412363434152212e-06
1.602256262147216725e+00,1.029893951454141643e-06
1.602277935299369682e+00,1.029392137752438430e-06
1.602299605196122245e+00,1.028874635267129634e-06
1.602321271838452521e+00,1.028372480504913256e-06
1.602342935227337728e+00,1.027866119329701178e-06
1.602364595363754640e+00,1.027365442496375181e-06
1.602386252248680254e+00,1.026882614496571478e-06
1.602407905883090233e+00,1.026357722366810776e-06
1.602429556267960242e+00,1.025855340230918955e-06
1.602451203404265279e+00,1.025342498905956745e-06
1.602472847292980562e+00,1.024832954499288462e-06
1.602494487935079759e+00,1.024337507260497659e-06
1.602516125331537200e+00,1.023834215629904065e-06
1.602537759483325885e+00,1.023327740767854266e-06
1.602559390391419036e+00,1.022835817821032833e-06
1.602581018056789208e+00,1.022329001898469869e-06
1.602602642480408734e+00,1.021840944304130971e-06
1.602624263663248616e+00,1.021333901007892564e-06
1.602645881606280520e+00,1.020828790387895424e-06
1.602667496310475448e+00,1.020328113554569427e-06
1.602689107776803290e+00,1.019820501824142411e-06
1.602710716006234160e+00,1.019317437567224260e-06
1.602732320999737281e+00,1.018814486997143831e-06
1.602753922758282101e+00,1.018331886371015571e-06
1.602775521282837179e+00,1.017845193018729333e-06
1.602797116574370628e+00,1.017361910271574743e-06
1.602818708633849898e+00,1.016853047985932790e-06
1.602840297462242436e+00,1.016352484839444514e-06
1.602861883060515469e+00,1.015847601593122818e-06
1.602883465429635113e+00,1.015347606880823150e-06
1.602905044570567483e+00,1.014844201563391834e-06
1.602926620484277809e+00,1.014353642858623061e-06
1.602948193171731983e+00,1.013855126075213775e-06
1.602969762633893680e+00,1.013371729641221464e-06
1.602991328871727905e+00,1.012876737149781547e-06
1.603012891886198554e+00,1.012376856124319602e-06
1.603034451678268635e+00,1.011884592116985004e-06
1.603056008248901154e+00,1.011396875583159272e-06
1.603077561599058898e+00,1.010908135867794044e-06
1.603099111729703985e+00,1.010419623526104260e-06
1.603120658641797869e+00,1.009922812045260798e-06
1.603142202336301780e+00,1.009441007226996589e-06
1.603163742814176729e+00,1.008950107461714651e-06
1.603185280076383057e+00,1.008464323604130186e-06
1.603206814123880886e+00,1.007972059596795589e-06
1.603228344957629226e+00,1.007480022963136435e-06
1.603249872578587532e+00,1.006997536023845896e-06
1.603271396987714814e+00,1.006505726763862185e-06
1.603292918185968530e+00,1.006020738714141771e-06
1.603314436174307245e+00,1.005536773845960852e-06
1.603335950953687528e+00,1.005051331048889551e-06
1.603357462525067278e+00,1.004558384920528624e-06
1.603378970889402177e+00,1.004082719191501383e-06
1.603400476047649015e+00,1.003589318315789569e-06
1.603421978000763248e+00,1.003110014607955236e-06
1.603443476749699892e+00,1.002629119284392800e-06
1.603464972295413515e+00,1.002136286842869595e-06
1.603486464638859577e+00,1.001658461063925643e-06
1.603507953780990869e+00,1.001180180537630804e-06
1.603529439722761518e+00,1.000698489406204317e-06
1.603550922465124762e+00,1.000226347969146445e-06
1.603572402009032727e+00,9.997377219406189397e-07
1.603593878355437985e+00,9.992548939408152364e-07
1.603615351505292663e+00,9.987754765461431816e-07
1.603636821459547779e+00,9.982899200622341596e-07
1.603658288219154571e+00,9.978003845390048809e-07
1.603679751785063390e+00,9.973271062335697934e-07
1.603701212158224365e+00,9.968516678782179952e-07
1.603722669339587181e+00,9.963896445697173476e-07
1.603744123330101523e+00,9.959051112673478201e-07
1.603765574130715743e+00,9.954272854884038679e-07
1.603787021742379082e+00,9.949467312253545970e-07
1.603808466166038560e+00,9.944731118594063446e-07
1.603829907402642307e+00,9.939942628989228979e-07
1.603851345453137123e+00,9.935153002516017295e-07
1.603872780318470248e+00,9.930297437676927075e-07
1.603894211999588038e+00,9.925629456120077521e-07
1.603915640497435957e+00,9.920961474563227966e-07
1.603937065812959695e+00,9.916072940541198477e-07
1.603958487947104716e+00,9.911441338772419840e-07
1.603979906900814933e+00,9.906682407745392993e-07
1.604001322675034702e+00,9.901972362058586441e-07
1.604022735270708377e+00,9.897304380501736887e-07
1.604044144688779205e+00,9.892513617160147987e-07
1.604065550930189765e+00,9.887830856314394623e-07
1.604086953995882636e+00,9.883066240945481695e-07
1.604108353886800398e+00,9.878325499812490307e-07
1.604129750603884297e+00,9.873680255623185076e-07
1.604151144148075581e+00,9.869022505881730467e-07
1.604172534520315940e+00,9.864290859695756808e-07
1.604193921721544625e+00,9.859637657427811064e-07
1.604215305752702658e+00,9.854954896582057700e-07
1.604236686614728846e+00,9.850195965555030853e-07
1.604258064308563103e+00,9.845621207205113024e-07
1.604279438835143790e+00,9.840971415542298928e-07
1.604300810195409488e+00,9.836220442593912594e-07
1.604322178390297893e+00,9.831607030719169416e-07
1.604343543420746920e+00,9.826982250160654075e-07
1.604364905287693155e+00,9.822322226682445034e-07
1.604386263992073625e+00,9.817913451115600765e-07
1.604407619534824692e+00,9.813048791329492815e-07
1.604428971916882052e+00,9.808429695112863556e-07
1.604450321139181179e+00,9.803687817111494951e-07
1.604471667202656882e+00,9.799059625947847962e-07
1.604493010108244411e+00,9.794378001970471814e-07
1.604514349856877242e+00,9.789768000700860284e-07
1.604535686449489740e+00,9.785139809537213296e-07
1.604557019887014935e+00,9.780598020370234735e-07
1.604578350170385637e+00,9.776163096830714494e-07
1.604599677300535099e+00,9.771491704668733291e-07
1.604621001278394798e+00,9.766814628164866008e-07
1.604642322104896657e+00,9.762188710737973452e-07
1.604663639780971929e+00,9.757509360497351736e-07
1.604684954307551648e+00,9.752866390044800937e-07
1.604706265685565958e+00,9.748371212481288239e-07
1.604727573915945449e+00,9.743741884449264035e-07
1.604748878999619599e+00,9.739183042256627232e-07
1.604770180937517221e+00,9.734736750033334829e-07
1.604791479730567794e+00,9.730148349262890406e-07
1.604812775379699241e+00,9.725565632834332064e-07
1.604834067885839710e+00,9.721056812850292772e-07
1.604855357249917125e+00,9.716441127238795161e-07
1.604876643472858078e+00,9.711887969388044439e-07
1.604897926555590049e+00,9.707230219646589831e-07
1.604919206499038964e+00,9.702715715320664458e-07
1.604940483304130749e+00,9.698278518044389784e-07
1.604961756971791331e+00,9.693673064248287119e-07
1.604983027502945081e+00,9.689160833659116179e-07
1.605004294898517481e+00,9.684733868198236451e-07
1.605025559159432902e+00,9.680079529061913490e-07
1.605046820286614828e+00,9.675537739894934930e-07
1.605068078280986743e+00,9.670940244177472778e-07
1.605089333143471908e+00,9.666449614087468944e-07
1.605110584874993140e+00,9.661871445132419467e-07
1.605131833476472591e+00,9.657459258960443549e-07
1.605153078948832190e+00,9.653037977841449901e-07
1.605174321292993200e+00,9.648473451306927018e-07
1.605195560509876884e+00,9.643956673244247213e-07
1.605216796600403839e+00,9.639483096179901622e-07
1.605238029565494440e+00,9.634912885303492658e-07
1.605259259406068395e+00,9.630497288526385091e-07
1.605280486123044970e+00,9.625989605410723016e-07
1.605301709717343650e+00,9.621558092476334423e-07
1.605322930189882591e+00,9.616987881599925458e-07
1.605344147541580391e+00,9.612732583264005370e-07
1.605365361773354538e+00,9.608148729967069812e-07
1.605386572886122520e+00,9.603820672055007890e-07
1.605407780880801383e+00,9.599295935913687572e-07
1.605428985758307947e+00,9.594851917427149601e-07
1.605450187519558147e+00,9.590389709046576172e-07
1.605471386165467917e+00,9.585947964296792634e-07
1.605492581696952303e+00,9.581436870575998910e-07
1.605513774114926795e+00,9.576974662195425481e-07
1.605534963420305550e+00,9.572518138156738132e-07
1.605556149614002948e+00,9.568082077748840675e-07
1.605577332696933146e+00,9.563618732499890029e-07
1.605598512670008526e+00,9.559271347825415432e-07
1.605619689534143246e+00,9.554881899020983838e-07
1.605640863290248799e+00,9.550561799187562428e-07
1.605662033939237787e+00,9.546077990307821892e-07
1.605683201482022371e+00,9.542047791910590604e-07
1.605704365919513599e+00,9.537453706798260100e-07
1.605725527252622076e+00,9.532976719128782861e-07
1.605746685482258851e+00,9.528521331958472729e-07
1.605767840609334085e+00,9.524073334432614502e-07
1.605788992634757273e+00,9.519574746263970155e-07
1.605810141559437687e+00,9.515221677247609477e-07
1.605831287384284822e+00,9.510857807981665246e-07
1.605852430110206619e+00,9.506472906650742516e-07
1.605873569738111684e+00,9.502176112619054038e-07
1.605894706268907735e+00,9.497936730440414976e-07
1.605915839703501602e+00,9.493679726801929064e-07
1.605936970042801226e+00,9.489340300206094980e-07
1.605958097287712327e+00,9.484961651651246939e-07
1.605979221439141513e+00,9.480582434662210289e-07
1.606000342497994282e+00,9.476100899519224185e-07
1.606021460465176132e+00,9.471715429754112847e-07
1.606042575341592116e+00,9.467308927924023010e-07
1.606063687128146622e+00,9.462955290473473724e-07
1.606084795825744038e+00,9.458510135118558537e-07
1.606105901435288308e+00,9.454209930481738411e-07
1.606127003957682486e+00,9.450005791222793050e-07
1.606148103393829407e+00,9.445693081033823546e-07
1.606169199744632126e+00,9.441373549634590745e-07
1.606190293010992365e+00,9.437024459657550324e-07
1.606211383193812514e+00,9.432704928258317523e-07
1.606232470293993631e+00,9.428441103409568314e-07
1.606253554312436549e+00,9.424062454854720272e-07
1.606274635250042548e+00,9.419808861821366008e-07
1.606295713107711132e+00,9.415485919817001559e-07
1.606316787886342468e+00,9.411188557351124473e-07
1.606337859586835837e+00,9.406888352714304347e-07
1.606358928210090298e+00,9.402641012457024772e-07
1.606379993757004687e+00,9.398332281307375524e-07
1.606401056228477175e+00,9.394098583470622543e-07
1.606422115625405711e+00,9.389856359121040441e-07
1.606443171948687354e+00,9.385561270391917787e-07
1.606464225199219609e+00,9.381323593515844550e-07
1.606485275377899313e+00,9.377091032547468785e-07
1.606506322485622196e+00,9.372889735459466465e-07
1.606527366523284428e+00,9.368644668938941322e-07
1.606548407491781294e+00,9.364317747895256616e-07
1.606569445392008522e+00,9.360088029097823892e-07
1.606590480224860062e+00,9.355775887343042996e-07
1.606611511991230978e+00,9.351452376904489938e-07
1.606632540692014777e+00,9.347212994725850876e-07
1.606653566328104965e+00,9.342990665572870057e-07
1.606674588900394607e+00,9.338766062683134805e-07
1.606695608409776987e+00,9.334561354990000837e-07
1.606716624857144282e+00,9.330270813734387048e-07
1.606737638243388000e+00,9.326081453764345497e-07
1.606758648569400316e+00,9.321964853370445780e-07
1.606779655836072296e+00,9.317774924966215622e-07
1.606800660044294560e+00,9.313733357885212172e-07
1.606821661194957729e+00,9.309438837590278126e-07
1.606842659288951758e+00,9.305185244556923863e-07
1.606863654327166380e+00,9.300894134867121466e-07
1.606884646310490883e+00,9.296737175645830575e-07
1.606905635239813668e+00,9.292528488913376350e-07
1.606926621116024245e+00,9.288275464314210694e-07
1.606947603940009683e+00,9.284128168474126142e-07
1.606968583712658161e+00,9.279983146370796021e-07
1.606989560434857189e+00,9.275905767935910262e-07
1.607010534107493172e+00,9.271666385757271200e-07
1.607031504731452953e+00,9.267449172511987854e-07
1.607052472307622937e+00,9.263386004931817297e-07
1.607073436836888636e+00,9.259091484636883251e-07
1.607094398320135342e+00,9.255005011254979763e-07
1.607115356758248348e+00,9.250780408365244512e-07
1.607136312152111834e+00,9.246645049643120728e-07
1.607157264502610872e+00,9.242531859854352660e-07
1.607178213810628309e+00,9.238395364263851661e-07
1.607199160077048106e+00,9.234292406290478539e-07
1.607220103302753333e+00,9.230134878634999041e-07
1.607241043488626842e+00,9.226057500200113282e-07
1.607261980635550591e+00,9.221942605108779389e-07
1.607282914744406765e+00,9.217694127983122598e-07
1.607303845816077104e+00,9.213540579366963357e-07
1.607324773851442012e+00,9.209383051711483859e-07
1.607345698851383231e+00,9.205258493238943629e-07
1.607366620816780278e+00,9.201206125908356626e-07
1.607387539748513561e+00,9.197067925015289802e-07
1.607408455647463041e+00,9.192975198857311625e-07
1.607429368514507351e+00,9.188906915369443595e-07
1.607450278350525563e+00,9.184859663946554065e-07
1.607471185156396531e+00,9.180679967357718851e-07
1.607492088932997776e+00,9.176594630844192579e-07
1.607512989681207483e+00,9.172497925646894146e-07
1.607533887401902728e+00,9.168480232801812235e-07
1.607554782095960588e+00,9.164360790236969478e-07
1.607575673764257695e+00,9.160327749668795150e-07
1.607596562407670016e+00,9.156195233117614407e-07
1.607617448027073515e+00,9.152132633971632458e-07
1.607638330623343714e+00,9.148064918917953037e-07
1.607659210197355248e+00,9.144067689703661017e-07
1.607680086749983195e+00,9.139977237282437272e-07
1.607700960282101965e+00,9.135857226283405907e-07
1.607721830794585083e+00,9.131919114224729128e-07
1.607742698288306071e+00,9.127759881266683806e-07
1.607763562764138676e+00,9.123794484366953839e-07
1.607784424222955089e+00,9.119829087467223871e-07
1.607805282665627722e+00,9.115651096180954482e-07
1.607826138093028767e+00,9.111763006330875214e-07
1.607846990506030194e+00,9.107626510740374215e-07
1.607867839905502638e+00,9.103510478780663107e-07
1.607888686292317404e+00,9.099411499846610241e-07
1.607909529667345128e+00,9.095359132516023237e-07
1.607930370031455114e+00,9.091409651773574296e-07
1.607951207385518000e+00,9.087385137718229089e-07
1.607972041730403090e+00,9.083354370886809193e-07
1.607992873066978579e+00,9.079320193450257648e-07
1.608013701396114215e+00,9.075358207155659329e-07
1.608034526718677526e+00,9.071432032214943320e-07
1.608055349035536485e+00,9.067405812857032288e-07
1.608076168347558621e+00,9.063427910405152943e-07
1.608096984655611239e+00,9.059442049874633085e-07
1.608117797960560758e+00,9.055497685039881617e-07
1.608138608263274039e+00,9.051576057572674472e-07
1.608159415564616390e+00,9.047552680385706481e-07
1.608180219865454008e+00,9.043424142873845994e-07
1.608201021166651978e+00,9.039463293447624892e-07
1.608221819469075164e+00,9.035605899043730460e-07
1.608242614773587986e+00,9.031567742567858659e-07
1.608263407081054641e+00,9.027555165630474221e-07
1.608284196392338883e+00,9.023613074532477185e-07
1.608304982708304243e+00,9.019599929160904139e-07
1.608325766029813142e+00,9.015707860271504615e-07
1.608346546357728890e+00,9.011724841911927797e-07
1.608367323692913464e+00,9.007869152810599189e-07
1.608388098036228842e+00,9.003822469821898267e-07
1.608408869388536333e+00,8.999952569865854457e-07
1.608429637750697250e+00,8.996026394925138447e-07
1.608450403123572459e+00,8.992037692223675549e-07
1.608471165508022160e+00,8.988134254650503863e-07
1.608491924904906334e+00,8.984117698673799168e-07
1.608512681315084958e+00,8.980173333839047700e-07
1.608533434739416901e+00,8.976285812423157040e-07
1.608554185178761475e+00,8.972365321824327111e-07
1.608574932633976884e+00,8.968467568593041506e-07
1.608595677105921773e+00,8.964518087850592565e-07
1.608616418595453235e+00,8.960577702055161353e-07
1.608637157103429249e+00,8.956707802099117544e-07
1.608657892630706909e+00,8.952924872573930770e-07
1.608678625178142418e+00,8.949066341301659122e-07
1.608699354746592647e+00,8.945127660808793735e-07
1.608720081336913355e+00,8.941199212131323293e-07
1.608740804949960079e+00,8.937330449043656699e-07
1.608761525586587915e+00,8.933320145843026694e-07
1.608782243247651955e+00,8.929374644139898010e-07
1.608802957934006406e+00,8.925595125219842885e-07
1.608823669646505916e+00,8.921684298002219293e-07
1.608844378386003582e+00,8.917726290746941231e-07
1.608865084153353164e+00,8.913888223105459474e-07
1.608885786949407537e+00,8.910133146855514497e-07
1.608906486775019573e+00,8.906241077966114972e-07
1.608927183631041258e+00,8.902355830286978744e-07
1.608947877518324576e+00,8.898473993212974165e-07
1.608968568437721069e+00,8.894610914467193652e-07
1.608989256390082057e+00,8.890729077393189073e-07
1.609009941376258190e+00,8.886883620107255410e-07
1.609030623397099902e+00,8.883066016096563544e-07
1.609051302453457621e+00,8.879192137101199478e-07
1.609071978546180670e+00,8.875364301275112666e-07
1.609092651676118590e+00,8.871486443240428343e-07
1.609113321844120037e+00,8.867639849086117465e-07
1.609133989051033886e+00,8.863825087246368639e-07
1.609154653297708570e+00,8.860146181177697144e-07
1.609175314584991634e+00,8.856335398377268575e-07
1.609195972913731065e+00,8.852445034790434875e-07
1.609216628284773520e+00,8.848565471453184728e-07
1.609237280698965877e+00,8.844706940180913080e-07
1.609257930157155014e+00,8.841004728310508654e-07
1.609278576660186255e+00,8.837205314193852246e-07
1.609299220208906256e+00,8.833409879116516095e-07
1.609319860804159452e+00,8.829626949591329321e-07
1.609340498446791390e+00,8.825788313515658956e-07
1.609361133137646505e+00,8.821922392598935403e-07
1.609381764877569010e+00,8.818090009299339727e-07
1.609402393667402897e+00,8.814316174721170682e-07
1.609423019507991715e+00,8.810609415377257392e-07
1.609443642400178565e+00,8.806829896457202267e-07
1.609464262344806107e+00,8.803030482340545859e-07
1.609484879342717223e+00,8.799235047263209708e-07
1.609505493394753461e+00,8.795365715741354506e-07
1.609526104501756816e+00,8.791602112978580408e-07
1.609546712664568835e+00,8.787790761743963230e-07
1.609567317884030402e+00,8.784061265032505617e-07
1.609587920160981955e+00,8.780259577179094777e-07
1.609608519496263934e+00,8.776489153206057381e-07
1.609629115890716555e+00,8.772773298915126361e-07
1.609649709345178703e+00,8.769076771386608016e-07
1.609670299860490150e+00,8.765378538555523846e-07
1.609690887437489337e+00,8.761588219385885168e-07
1.609711472077015371e+00,8.758002536524145398e-07
1.609732053779905803e+00,8.754165605751040857e-07
1.609752632546998630e+00,8.750440088078903500e-07
1.609773208379130960e+00,8.746652611080207862e-07
1.609793781277140345e+00,8.742829322727629915e-07
1.609814351241863228e+00,8.739128247725602705e-07
1.609834918274135607e+00,8.735360097489319742e-07
1.609855482374794367e+00,8.731685170459968504e-07
1.609876043544674173e+00,8.727917020223685540e-07
1.609896601784611025e+00,8.724169333618192468e-07
1.609917157095439366e+00,8.720501796233293135e-07
1.609937709477993861e+00,8.716823458598810248e-07
1.609958258933108732e+00,8.713097940926672891e-07
1.609978805461617757e+00,8.709411076779360883e-07
1.609999349064354490e+00,8.705721938895294443e-07
1.610019889742152044e+00,8.702027116669341922e-07
1.610040427495843307e+00,8.698353326508367900e-07
1.610060962326260503e+00,8.694620419191778637e-07
1.610081494234235633e+00,8.690970503266726155e-07
1.610102023220600698e+00,8.687188710609916598e-07
1.610122549286186810e+00,8.683599048708856571e-07
1.610143072431824862e+00,8.680008249939419329e-07
1.610163592658345966e+00,8.676369702698139008e-07
1.610184109966580124e+00,8.672609510540496558e-07
1.610204624357356895e+00,8.668992563798383344e-07
1.610225135831506282e+00,8.665475661473465152e-07
1.610245644389857622e+00,8.661899641992931720e-07
1.610266150033239585e+00,8.658141723572043702e-07
1.610286652762480841e+00,8.654517955619667191e-07
1.610307152578408951e+00,8.650805511933867820e-07
1.610327649481852585e+00,8.646907190268393606e-07
1.610348143473638860e+00,8.643139040032110643e-07
1.610368634554594447e+00,8.639503334961773362e-07
1.610389122725546907e+00,8.635767585474241059e-07
1.610409607987321801e+00,8.632231356386910193e-07
1.610430090340746023e+00,8.628603040961024817e-07
1.610450569786644248e+00,8.624915608379524201e-07
1.610471046325842925e+00,8.621344136372499634e-07
1.610491519959166284e+00,8.617703315394464880e-07
1.610511990687438999e+00,8.614117064098536503e-07
1.610532458511485965e+00,8.610462600699975155e-07
1.610552923432130745e+00,8.606914434494683519e-07
1.610573385450196682e+00,8.603290666542307008e-07
1.610593844566507560e+00,8.599615171078767162e-07
1.610614300781885611e+00,8.595992539994767867e-07
1.610634754097153953e+00,8.592437552579212934e-07
1.610655204513134153e+00,8.588766604589181952e-07
1.610675652030648664e+00,8.585233786106982734e-07
1.610696096650518827e+00,8.581666861573467031e-07
1.610716538373565765e+00,8.577996482017624658e-07
1.610736977200610376e+00,8.574398862037924118e-07
1.610757413132472671e+00,8.570896170567721128e-07
1.610777846169972882e+00,8.567317308916244656e-07
1.610798276313931021e+00,8.563626465729612391e-07
1.610818703565166654e+00,8.560023729842214379e-07
1.610839127924498015e+00,8.556406783100101165e-07
1.610859549392744672e+00,8.552765962122066412e-07
1.610879967970724636e+00,8.549160952497913968e-07
1.610900383659255919e+00,8.545657124159333762e-07
1.610920796459156090e+00,8.542146474610490259e-07
1.610941206371242496e+00,8.538511337974341586e-07
1.610961613396332037e+00,8.535021720490476582e-07
1.610982017535241839e+00,8.531543471690383740e-07
1.611002418788787471e+00,8.527914587830309756e-07
1.611022817157785392e+00,8.524434633727651089e-07
1.611043212643050948e+00,8.520884193785605021e-07
1.611063605245399266e+00,8.517317269252089318e-07
1.611083994965645472e+00,8.513607667737232987e-07
1.611104381804603802e+00,8.510094744451635052e-07
1.611124765763088940e+00,8.506543736075400375e-07
1.611145146841914455e+00,8.503071740051382221e-07
1.611165525041893476e+00,8.499505952386243735e-07
1.611185900363840018e+00,8.495907195538165979e-07
1.611206272808566098e+00,8.492407914673094638e-07
1.611226642376884621e+00,8.488938192385830916e-07
1.611247009069607605e+00,8.485363309773674700e-07
1.611267372887546845e+00,8.482038538204506040e-07
1.611287733831513913e+00,8.478406812173489016e-07
1.611308091902319717e+00,8.475035997435043100e-07
1.611328447100775385e+00,8.471428145639947616e-07
1.611348799427690714e+00,8.467813472634588834e-07
1.611369148883875946e+00,8.464346592518268153e-07
1.611389495470141320e+00,8.460707476842799224e-07
1.611409839187295745e+00,8.457202511635841802e-07
1.611430180036148352e+00,8.453658324469870422e-07
1.611450518017508049e+00,8.450168706986005418e-07
1.611470853132182413e+00,8.446668289252556860e-07
1.611491185380980795e+00,8.443258252555096988e-07
1.611511514764709663e+00,8.439754992650705390e-07
1.611531841284177036e+00,8.436293796876270790e-07
1.611552164940189824e+00,8.432770641775277909e-07
1.611572485733554272e+00,8.429389026787248440e-07
1.611592803665077067e+00,8.425851092397351749e-07
1.611613118735564232e+00,8.422374548899824731e-07
1.611633430945821344e+00,8.418965080636553466e-07
1.611653740296653314e+00,8.415434535891108681e-07
1.611674046788865500e+00,8.411957423959393054e-07
1.611694350423262589e+00,8.408514418078993913e-07
1.611714651200648163e+00,8.405025937463506125e-07
1.611734949121827132e+00,8.401561331083939876e-07
1.611755244187602409e+00,8.398193926950625610e-07
1.611775536398777575e+00,8.394783321818977129e-07
1.611795825756155098e+00,8.391203891733312048e-07
1.611816112260538336e+00,8.387718253288767301e-07
1.611836395912728870e+00,8.384234888580976985e-07
1.611856676713528724e+00,8.380714575650927145e-07
1.611876954663739481e+00,8.377310791729541961e-07
1.611897229764162276e+00,8.373893365387630183e-07
1.611917502015598247e+00,8.370464570361946244e-07
1.611937771418847865e+00,8.367160830857756082e-07
1.611958037974711377e+00,8.363710435332905035e-07
1.611978301683988590e+00,8.360302103938010987e-07
1.611998562547478864e+00,8.356839202861010563e-07
1.612018820565981336e+00,8.353322300536092371e-07
1.612039075740295369e+00,8.349886115865956526e-07
1.612059328071219433e+00,8.346473805431742221e-07
1.612079577559551113e+00,8.343113222508691251e-07
1.612099824206088661e+00,8.339754913322394714e-07
1.612120068011629881e+00,8.336500059158424847e-07
1.612140308976971248e+00,8.333051368936139625e-07
1.612160547102910124e+00,8.329709544341312721e-07
1.612180782390243206e+00,8.326155125359946396e-07
1.612201014839766078e+00,8.322683697770116851e-07
1.612221244452274771e+00,8.319219091390550602e-07
1.612241471228565093e+00,8.315838613270898350e-07
1.612261695169432185e+00,8.312414934152911883e-07
1.612281916275670079e+00,8.309036161335825454e-07
1.612302134548074584e+00,8.305614755954593420e-07
1.612322349987438841e+00,8.302293394990556408e-07
1.612342562594557327e+00,8.298888474200794008e-07
1.612362772370222963e+00,8.295533007185440511e-07
1.612382979315229337e+00,8.292252005048794672e-07
1.612403183430368925e+00,8.288831168101751246e-07
1.612423384716434649e+00,8.285507533400959801e-07
1.612443583174218542e+00,8.282251542368612718e-07
1.612463778804512415e+00,8.278796030936064199e-07
1.612483971608107636e+00,8.275368941212946083e-07
1.612504161585795570e+00,8.272068612313887570e-07
1.612524348738366919e+00,8.268613100881339051e-07
1.612544533066612384e+00,8.265247402050590608e-07
1.612564714571321556e+00,8.261911261797649786e-07
1.612584893253285356e+00,8.258523962467734236e-07
1.612605069113292267e+00,8.255178158833587077e-07
1.612625242152132099e+00,8.251897725131129846e-07
1.612645412370593112e+00,8.248483709394349717e-07
1.612665579769464674e+00,8.245188496402988676e-07
1.612685744349534156e+00,8.241882483162044082e-07
1.612705906111589815e+00,8.238521900238993112e-07
1.612726065056419023e+00,8.235176096604845952e-07
1.612746221184809370e+00,8.231913284362235572e-07
1.612766374497547117e+00,8.228553269873373210e-07
1.612786524995419413e+00,8.225293868235894479e-07
1.612806672679211850e+00,8.221905432037601713e-07
1.612826817549710690e+00,8.218686957661702763e-07
1.612846959607701525e+00,8.215417892643017694e-07
1.612867098853969505e+00,8.212052193812269252e-07
1.612887235289299559e+00,8.208796202779922169e-07
1.612907368914475725e+00,8.205426524909853470e-07
1.612927499730283154e+00,8.202031267501297407e-07
1.612947627737505218e+00,8.198707064366317354e-07
1.612967752936925514e+00,8.195406735467258841e-07
1.612987875329327414e+00,8.192089353542542085e-07
1.613007994915493626e+00,8.188763445104996208e-07
1.613028111696206857e+00,8.185432989193941467e-07
1.613048225672249814e+00,8.182170745385519695e-07
1.613068336844403650e+00,8.178917596524115652e-07
1.613088445213450628e+00,8.175646826202864759e-07
1.613108550780171679e+00,8.172365824066218920e-07
1.613128653545347735e+00,8.169095622179156635e-07
1.613148753509759725e+00,8.165810072569001932e-07
1.613168850674187915e+00,8.162576250470010564e-07
1.613188945039412125e+00,8.159283311215403955e-07
1.613209036606211955e+00,8.155980708579591010e-07
1.613229125375366779e+00,8.152754844559240155e-07
1.613249211347655976e+00,8.149478389896103181e-07
1.613269294523857589e+00,8.146205914272286464e-07
1.613289374904750550e+00,8.142912406583491247e-07
1.613309452491112461e+00,8.139599003698094748e-07
1.613329527283721143e+00,8.136368023770046420e-07
1.613349599283354419e+00,8.133116011777019594e-07
1.613369668490788555e+00,8.129887874019914307e-07
1.613389734906800932e+00,8.126737611746648327e-07
1.613409798532167594e+00,8.123497536871582270e-07
1.613429859367664809e+00,8.120324537230771966e-07
1.613449917414068624e+00,8.116986123241076712e-07
1.613469972672153752e+00,8.113761964523291681e-07
1.613490025142695794e+00,8.110574185593577567e-07
1.613510074826469465e+00,8.107274425128707662e-07
1.613530121724249256e+00,8.104007633846777026e-07
1.613550165836808992e+00,8.100786317299935035e-07
1.613570207164923165e+00,8.097509862636798061e-07
1.613590245709364490e+00,8.094282861748069990e-07
1.613610281470907015e+00,8.091063818937982433e-07
1.613630314450322789e+00,8.087839660220197402e-07
1.613650344648384749e+00,8.084647902251163032e-07
1.613670372065865166e+00,8.081584041974565480e-07
1.613690396703535423e+00,8.078354198914894368e-07
1.613710418562167792e+00,8.075153345998842269e-07
1.613730437642532989e+00,8.071884280980157200e-07
1.613750453945402397e+00,8.068648185144411400e-07
1.613770467471546066e+00,8.065379688559914939e-07
1.613790478221734936e+00,8.062169740696845111e-07
1.613810486196738170e+00,8.058950129452568945e-07
1.613830491397326261e+00,8.055733360379235819e-07
1.613850493824268151e+00,8.052554676396539435e-07
1.613870493478332779e+00,8.049337907323206309e-07
1.613890490360288643e+00,8.046143307183228899e-07
1.613910484470904461e+00,8.043041930250183214e-07
1.613930475810948284e+00,8.039843919505074155e-07
1.613950464381187500e+00,8.036667509259132203e-07
1.613970450182389937e+00,8.033538279050844721e-07
1.613990433215322540e+00,8.030317530938191339e-07
1.614010413480751804e+00,8.027163289625605103e-07
1.614030390979444229e+00,8.023973236959136557e-07
1.614050365712166535e+00,8.020855375434621237e-07
1.614070337679683886e+00,8.017729555831465404e-07
1.614090306882762116e+00,8.014566788006050047e-07
1.614110273322166389e+00,8.011374461602827068e-07
1.614130236998661427e+00,8.008284453353553545e-07
1.614150197913011731e+00,8.005087011042633094e-07
1.614170156065981798e+00,8.001915716704388615e-07
1.614190111458335020e+00,7.998770001904631499e-07
1.614210064090835672e+00,7.995631108315137681e-07
1.614230013964246702e+00,7.992540531631675549e-07
1.614249961079330831e+00,7.989351615833584219e-07
1.614269905436850783e+00,7.986206469468015712e-07
1.614289847037569503e+00,7.983042564774223138e-07
1.614309785882248161e+00,7.979899692145409063e-07
1.614329721971649034e+00,7.976734082149050664e-07
1.614349655306533293e+00,7.973519018378283363e-07
1.614369585887661662e+00,7.970385809130675625e-07
1.614389513715795532e+00,7.967359465510526206e-07
1.614409438791694962e+00,7.964224550960352644e-07
1.614429361116120010e+00,7.961126016198249999e-07
1.614449280689830735e+00,7.957981438266870100e-07
1.614469197513586529e+00,7.954897114359482657e-07
1.614489111588146564e+00,7.951745715217839461e-07
1.614509022914269565e+00,7.948597726681327913e-07
1.614528931492714037e+00,7.945482138893567026e-07
1.614548837324238484e+00,7.942327329146792181e-07
1.614568740409600967e+00,7.939214583529974334e-07
1.614588640749558435e+00,7.936083648019121028e-07
1.614608538344868727e+00,7.933111874081077985e-07
1.614628433196288571e+00,7.930125889288319740e-07
1.614648325304574472e+00,7.926959142423584126e-07
1.614668214670483382e+00,7.923954967736790422e-07
1.614688101294770917e+00,7.920859275145630818e-07
1.614707985178192695e+00,7.917636821730411611e-07
1.614727866321504557e+00,7.914507591522124130e-07
1.614747744725461231e+00,7.911446573416469619e-07
1.614767620390817449e+00,7.908315069471427705e-07
1.614787493318327938e+00,7.905193228907592129e-07
1.614807363508746985e+00,7.902150969130161684e-07
1.614827230962828208e+00,7.899026854829571676e-07
1.614847095681325007e+00,7.895990279394027311e-07
1.614866957664990776e+00,7.892951430221728515e-07
1.614886816914578471e+00,7.889855737630568910e-07
1.614906673430840600e+00,7.886837920523248613e-07
1.614926527214529672e+00,7.883743364800466225e-07
1.614946378266397531e+00,7.880766474954725709e-07
1.614966226587195797e+00,7.877737289163633250e-07
1.614986072177676091e+00,7.874615448599797674e-07
1.615005915038588924e+00,7.871580010032630526e-07
1.615025755170685695e+00,7.868504781072260812e-07
1.615045592574716693e+00,7.865423299335816409e-07
1.615065427251431540e+00,7.862362849664350506e-07
1.615085259201580525e+00,7.859273409849265590e-07
1.615105088425913049e+00,7.856273782635980751e-07
1.615124914925178290e+00,7.853217880438023712e-07
1.615144738700125426e+00,7.850117640373355243e-07
1.615164559751502527e+00,7.847145866435312200e-07
1.615184378080058103e+00,7.844163860681874212e-07
1.615204193686540224e+00,7.841133538022404537e-07
1.615224006571696291e+00,7.838166311557870358e-07
1.615243816736274152e+00,7.835078577045351267e-07
1.615263624181020097e+00,7.832085771042329725e-07
1.615283428906681751e+00,7.828990078451170120e-07
1.615303230914004740e+00,7.825922807569440920e-07
1.615323030203735799e+00,7.822911243238195311e-07
1.615342826776620111e+00,7.819888878657366149e-07
1.615362620633403745e+00,7.816940410521056037e-07
1.615382411774831439e+00,7.813843012627330609e-07
1.615402200201648597e+00,7.810833722032839432e-07
1.615421985914599512e+00,7.807843189766572323e-07
1.615441768914428478e+00,7.804820825185743161e-07
1.615461549201879343e+00,7.801845072208379861e-07
1.615481326777695958e+00,7.798819865456607658e-07
1.615501101642621729e+00,7.795837291268981062e-07
1.615520873797399615e+00,7.792945098117343150e-07
1.615540643242772356e+00,7.789944334035681095e-07
1.615560409979482248e+00,7.786897526784741785e-07
1.615580174008271586e+00,7.783965543239901308e-07
1.615599935329882442e+00,7.780901682963303756e-07
1.615619693945056001e+00,7.778047574902302586e-07
1.615639449854533671e+00,7.774975756547064520e-07
1.615659203059056415e+00,7.771956802571367007e-07
1.615678953559364528e+00,7.768965133436722681e-07
1.615698701356198530e+00,7.765916052449028939e-07
1.615718446450298718e+00,7.762973268654604908e-07
1.615738188842404277e+00,7.759975915178074501e-07
1.615757928533254839e+00,7.757022331134066917e-07
1.615777665523589812e+00,7.754034641038742848e-07
1.615797399814147273e+00,7.751118005216994788e-07
1.615817131405666185e+00,7.748113262096012477e-07
1.615836860298884847e+00,7.745216521470865700e-07
1.615856586494540892e+00,7.742289653833722696e-07
1.615876309993372173e+00,7.739302532172587235e-07
1.615896030796115657e+00,7.736331326668732800e-07
1.615915748903508531e+00,7.733290203759679571e-07
1.615935464316287096e+00,7.730357083346461877e-07
1.615955177035188317e+00,7.727461479589692317e-07
1.615974887060948051e+00,7.724517558926891070e-07
1.615994594394301709e+00,7.721609449617972132e-07
1.616014299035985147e+00,7.718593337813217659e-07
1.616034000986733554e+00,7.715729566371010151e-07
1.616053700247281455e+00,7.712762339906475972e-07
1.616073396818363817e+00,7.709804208388959523e-07
1.616093090700714718e+00,7.706923952355282381e-07
1.616112781895068018e+00,7.703953315285616554e-07
1.616132470402157573e+00,7.700999162807420362e-07
1.616152156222716352e+00,7.698088779761746991e-07
1.616171839357477991e+00,7.695140880059625488e-07
1.616191519807175236e+00,7.692125905123248231e-07
1.616211197572539948e+00,7.689241670050250832e-07
1.616230872654304651e+00,7.686282401664357167e-07
1.616250545053201426e+00,7.683350418119516689e-07
1.616270214769961466e+00,7.680454814362747129e-07
1.616289881805316409e+00,7.677558073737600353e-07
1.616309546159996779e+00,7.674662469980830792e-07
1.616329207834733328e+00,7.671899311390006915e-07
1.616348866830256581e+00,7.668959938200714532e-07
1.616368523147297065e+00,7.666044439247343689e-07
1.616388176786583530e+00,7.663126098123029806e-07
1.616407827748846504e+00,7.660160576961061452e-07
1.616427476034814292e+00,7.657238825231615920e-07
1.616447121645216090e+00,7.654322189409867860e-07
1.616466764580780424e+00,7.651429427824041341e-07
1.616486404842236269e+00,7.648558835171570536e-07
1.616506042430310375e+00,7.645638788744690828e-07
1.616525677345731493e+00,7.642824471076892223e-07
1.616545309589226598e+00,7.639936825398763176e-07
1.616564939161522441e+00,7.636980967618001159e-07
1.616584566063346440e+00,7.634209850948536769e-07
1.616604190295424681e+00,7.631311973455012776e-07
1.616623811858483695e+00,7.628445359841862228e-07
1.616643430753249122e+00,7.625556577295355964e-07
1.616663046980446383e+00,7.622743964930123184e-07
1.616682660540801342e+00,7.619754001098044682e-07
1.616702271435038529e+00,7.616870902893424500e-07
1.616721879663883144e+00,7.613961656716128346e-07
1.616741485228059272e+00,7.611074011037999298e-07
1.616761088128291224e+00,7.608221039845375344e-07
1.616780688365302421e+00,7.605373752994637471e-07
1.616800285939816950e+00,7.602528739880654030e-07
1.616819880852557789e+00,7.599681453029916156e-07
1.616839473104247915e+00,7.596794375785975717e-07
1.616859062695610305e+00,7.593965847263461910e-07
1.616878649627366604e+00,7.591100938952877186e-07
1.616898233900239568e+00,7.588273547298740596e-07
1.616917815514950618e+00,7.585434218526643235e-07
1.616937394472221401e+00,7.582585794807528146e-07
1.616956970772772895e+00,7.579757266285014339e-07
1.616976544417326300e+00,7.577033898087393027e-07
1.616996115406601930e+00,7.574215601380274165e-07
1.617015683741320542e+00,7.571397304673155304e-07
1.617035249422201559e+00,7.568577302663470618e-07
1.617054812449965295e+00,7.565671467091306113e-07
1.617074372825330508e+00,7.562787232018308714e-07
1.617093930549016623e+00,7.559925165878667030e-07
1.617113485621742841e+00,7.557085268672381062e-07
1.617133038044227478e+00,7.554218655059230514e-07
1.617152587817188625e+00,7.551412863904261030e-07
1.617172134941344375e+00,7.548616736130497884e-07
1.617191679417412375e+00,7.545826861132809427e-07
1.617211221246110275e+00,7.543004016952181701e-07
1.617230760428154612e+00,7.540244268966489471e-07
1.617250296964262812e+00,7.537364581367000937e-07
1.617269830855150969e+00,7.534541737186373211e-07
1.617289362101535399e+00,7.531717756137368269e-07
1.617308890704132196e+00,7.528864784944744315e-07
1.617328416663656787e+00,7.526051604145322926e-07
1.617347939980824822e+00,7.523239560214278754e-07
1.617367460656350842e+00,7.520462759202928282e-07
1.617386978690949828e+00,7.517717222071951255e-07
1.617406494085336544e+00,7.514898356930643786e-07
1.617426006840225083e+00,7.512130082432122435e-07
1.617445516956328877e+00,7.509308943554060534e-07
1.617465024434362242e+00,7.506566817028215155e-07
1.617484529275038163e+00,7.503791721319430508e-07
1.617504031479069404e+00,7.501037657675624359e-07
1.617523531047169172e+00,7.498210834455676377e-07
1.617543027980049564e+00,7.495351610486977734e-07
1.617562522278423121e+00,7.492563440791855101e-07
1.617582013943001495e+00,7.489762197110394482e-07
1.617601502974495897e+00,7.486983690796478186e-07
1.617620989373618423e+00,7.484240427402255591e-07
1.617640473141079172e+00,7.481547754650819115e-07
1.617659954277589796e+00,7.478820975848066155e-07
1.617679432783860172e+00,7.475981078641780186e-07
1.617698908660600621e+00,7.473269079127931036e-07
1.617718381908520575e+00,7.470439982171228621e-07
1.617737852528330356e+00,7.467628506674373057e-07
1.617757320520738729e+00,7.464871032425435260e-07
1.617776785886454904e+00,7.462142548320116475e-07
1.617796248626187205e+00,7.459390758413064759e-07
1.617815708740644620e+00,7.456588377863226924e-07
1.617835166230535027e+00,7.453924695255409461e-07
1.617854621096566081e+00,7.451187684637261555e-07
1.617874073339445884e+00,7.448471706084092148e-07
1.617893522959880981e+00,7.445809160344651900e-07
1.617912969958579028e+00,7.443011327268322930e-07
1.617932414336246350e+00,7.440247600243310444e-07
1.617951856093589713e+00,7.437411682076344732e-07
1.617971295231314555e+00,7.434653070959029719e-07
1.617990731750127420e+00,7.431885933328885585e-07
1.618010165650733745e+00,7.429163701999641489e-07
1.618029596933838743e+00,7.426414754263532814e-07
1.618049025600146962e+00,7.423734587064245716e-07
1.618068451650363837e+00,7.420996439577720594e-07
1.618087875085193472e+00,7.418342988785298076e-07
1.618107295905339749e+00,7.415539471367083024e-07
1.618126714111506992e+00,7.412846798615646549e-07
1.618146129704398417e+00,7.410109219563310035e-07
1.618165542684717462e+00,7.407387556668254547e-07
1.618184953053167341e+00,7.404646567010786384e-07
1.618204360810450382e+00,7.401932293760182802e-07
1.618223765957269134e+00,7.399179935418942478e-07
1.618243168494326145e+00,7.396456567221321166e-07
1.618262568422322412e+00,7.393807663902407512e-07
1.618281965741960482e+00,7.391038820969697554e-07
1.618301360453941129e+00,7.388335347968677524e-07
1.618320752558965125e+00,7.385620506283885334e-07
1.618340142057734132e+00,7.382924422927317210e-07
1.618359528950947590e+00,7.380222086794674397e-07
1.618378913239306494e+00,7.377583415291155688e-07
1.618398294923510061e+00,7.374861183961911593e-07
1.618417674004258400e+00,7.372132131422404200e-07
1.618437050482250505e+00,7.369478112195793074e-07
1.618456424358185597e+00,7.366944032582978252e-07
1.618475795632762226e+00,7.364150746980158146e-07
1.618495164306679390e+00,7.361414873230387457e-07
1.618514530380634531e+00,7.358764264608907979e-07
1.618533893855326200e+00,7.356057949436944909e-07
1.618553254731451840e+00,7.353366413553885650e-07
1.618572613009708894e+00,7.350643045356264338e-07
1.618591968690794136e+00,7.347944688262941781e-07
1.618611321775404788e+00,7.345271342273917980e-07
1.618630672264236958e+00,7.342553658418182749e-07
1.618650020157986980e+00,7.339875196521461476e-07
1.618669365457351184e+00,7.337228566939302254e-07
1.618688708163024792e+00,7.334571137107559480e-07
1.618708048275703471e+00,7.331885285566386301e-07
1.618727385796081997e+00,7.329262530220148619e-07
1.618746720724855592e+00,7.326586342060181778e-07
1.618766053062718591e+00,7.323956197069492191e-07
1.618785382810365325e+00,7.321330031118122861e-07
1.618804709968489908e+00,7.318599841710238252e-07
1.618824034537786005e+00,7.315914558603253681e-07
1.618843356518947063e+00,7.313267929021094460e-07
1.618862675912666083e+00,7.310651426450931467e-07
1.618881992719636065e+00,7.307957616831117775e-07
1.618901306940549567e+00,7.305309281946392730e-07
1.618920618576099146e+00,7.302713243007019628e-07
1.618939927626976694e+00,7.300109245989006013e-07
1.618959234093873656e+00,7.297444994946999941e-07
1.618978537977482146e+00,7.294839292626420502e-07
1.618997839278493167e+00,7.292140935533097945e-07
1.619017137997597056e+00,7.289510222108219750e-07
1.619036434135485703e+00,7.286906793524394743e-07
1.619055727692848334e+00,7.284214689207146876e-07
1.619075018670375510e+00,7.281592502295097802e-07
1.619094307068757121e+00,7.279031706275418401e-07
1.619113592888682618e+00,7.276357791852205992e-07
1.619132876130841447e+00,7.273706614796537906e-07
1.619152156795922393e+00,7.271056574609247036e-07
1.619171434884614236e+00,7.268436092999763787e-07
1.619190710397605759e+00,7.265841759362956509e-07
1.619209983335584413e+00,7.263291195158672053e-07
1.619229253699238980e+00,7.260632628458552063e-07
1.619248521489256243e+00,7.257941092575492803e-07
1.619267786706324097e+00,7.255416107909695711e-07
1.619287049351129548e+00,7.252762088683084585e-07
1.619306309424359158e+00,7.250125122482131701e-07
1.619325566926699933e+00,7.247481335070915520e-07
1.619344821858837324e+00,7.244874495881958865e-07
1.619364074221458116e+00,7.242275614771642722e-07
1.619383324015247316e+00,7.239657406898913905e-07
1.619402571240891042e+00,7.237019872263772413e-07
1.619421815899073858e+00,7.234428949232096784e-07
1.619441057990480992e+00,7.231843142108118627e-07
1.619460297515796787e+00,7.229250513773877174e-07
