# kappa, training_loss
0.000000000000000000e+00,2.499840706586837769e-01
3.459768928973513402e-01,2.340748459100723267e-01
4.392670793544951047e-01,2.216645628213882446e-01
4.954555379972339080e-01,2.115099877119064331e-01
5.357913993102262351e-01,2.061073929071426392e-01
5.672789104685340700e-01,1.955523341894149780e-01
5.931102292790526587e-01,1.848540157079696655e-01
6.150112931326130461e-01,1.773322522640228271e-01
6.340216459794901782e-01,1.749411225318908691e-01
6.508161600419836157e-01,1.775610297918319702e-01
6.658578846618153912e-01,1.634508967399597168e-01
6.794783561132732297e-01,1.537671983242034912e-01
6.919231208276525047e-01,1.508757621049880981e-01
7.033791206587758360e-01,1.496609151363372803e-01
7.139919758299098085e-01,1.417562663555145264e-01
7.238773319472707746e-01,1.336697787046432495e-01
7.331285610863922386e-01,1.444344520568847656e-01
7.418221382388717755e-01,1.285913437604904175e-01
7.500214874449637747e-01,1.234463751316070557e-01
7.577797922714620826e-01,1.145781502127647400e-01
7.651420882492380171e-01,1.375309973955154419e-01
7.721468467495533616e-01,1.227958202362060547e-01
7.788271917738393002e-01,1.071478649973869324e-01
7.852118472433436969e-01,1.100284606218338013e-01
7.913258833887013566e-01,9.576632082462310791e-02
7.971913112937561996e-01,8.941552042961120605e-02
8.028275612186811516e-01,8.188173174858093262e-02
8.082518709421588898e-01,8.629810065031051636e-02
8.134796037006279956e-01,7.772854715585708618e-02
8.185245105062981530e-01,7.767812162637710571e-02
8.233989481269167188e-01,6.764851510524749756e-02
8.281140614271055300e-01,6.818842142820358276e-02
8.326799368424521175e-01,7.728300243616104126e-02
8.371057323025777874e-01,6.330268085002899170e-02
8.413997878111193485e-01,5.557505786418914795e-02
8.455697200387194412e-01,5.269510298967361450e-02
8.496225036248209461e-01,6.380707025527954102e-02
8.535645413681895999e-01,5.412134155631065369e-02
8.574017250800395340e-01,5.513309314846992493e-02
8.611394885517903441e-01,4.716456308960914612e-02
8.647828538326878256e-01,4.915377497673034668e-02
8.683364718063639742e-01,4.424982890486717224e-02
8.718046578888993814e-01,4.068536683917045593e-02
8.751914235357411975e-01,3.345374017953872681e-02
8.785005041344305932e-01,3.605689108371734619e-02
8.817353837695073304e-01,3.282779082655906677e-02
8.848993172712700250e-01,3.422108665108680725e-02
8.879953498982122717e-01,3.389061987400054932e-02
8.910263349514923048e-01,3.135247528553009033e-02
8.939949495768086951e-01,6.249872595071792603e-02
8.969037089730028667e-01,3.058787435293197632e-02
8.997549791963597166e-01,2.951626293361186981e-02
9.025509887239356877e-01,2.701667882502079010e-02
9.052938389175020362e-01,2.213909663259983063e-02
9.079855135111951636e-01,2.174679934978485107e-02
9.106278872301805105e-01,2.054295502603054047e-02
9.132227336341262047e-01,2.193009480834007263e-02
9.157717322676753868e-01,1.990528032183647156e-02
9.182764751901208999e-01,2.119784988462924957e-02
9.207384729478547136e-01,1.768489181995391846e-02
9.231591600456988678e-01,1.937576569616794586e-02
9.255398999667429072e-01,1.376795675605535507e-02
9.278819897846701803e-01,4.390840604901313782e-02
9.301866644076385304e-01,1.753237470984458923e-02
9.324551004884792382e-01,1.402719132602214813e-02
9.346884200322113090e-01,1.598191261291503906e-02
9.368876937285596229e-01,1.950413174927234650e-02
9.390539440342541289e-01,3.067362681031227112e-02
9.411881480273230904e-01,4.647712782025337219e-02
9.432912400533232100e-01,4.553762450814247131e-02
9.453641141814481674e-01,2.711893990635871887e-02
9.474076264866718722e-01,1.503738295286893845e-02
9.494225971725094304e-01,1.189693249762058258e-02
9.514098125475676238e-01,1.273128297179937363e-02
9.533700268678054757e-01,1.357552222907543182e-02
9.553039640553077083e-01,1.258830167353153229e-02
9.572123193033730271e-01,1.011349633336067200e-02
9.590957605768208882e-01,9.565629996359348297e-03
9.609549300156224882e-01,7.938570342957973480e-03
9.627904452492327403e-01,9.323694743216037750e-03
9.646029006283590723e-01,9.875948540866374969e-03
9.663928683803102437e-01,8.891006000339984894e-03
9.681608996935460176e-01,6.231830455362796783e-03
9.699075257365726843e-01,1.013100519776344299e-02
9.716332586158936691e-01,8.129653520882129669e-03
9.733385922773408749e-01,6.514164153486490250e-03
9.750240033547533658e-01,9.062710218131542206e-03
9.766899519696535803e-01,7.068250793963670731e-03
9.783368824852761714e-01,6.088808178901672363e-03
9.799652242180425521e-01,6.170191802084445953e-03
9.815753921093287593e-01,8.377467282116413116e-03
9.831677873601589734e-01,9.109171107411384583e-03
9.847427980312516427e-01,8.826890029013156891e-03
9.863007996106629705e-01,6.605293136090040207e-03
9.878421555511067709e-01,7.038493640720844269e-03
9.893672177788732647e-01,8.257175795733928680e-03
9.908763271761280578e-01,5.684129893779754639e-03
9.923698140382470889e-01,6.521713454276323318e-03
9.938479985077210976e-01,7.585047278553247452e-03
9.953111909860552498e-01,7.274914532899856567e-03
9.967596925249904150e-01,7.266976404935121536e-03
9.981937951982788881e-01,6.119164638221263885e-03
9.996137824551629691e-01,5.308592692017555237e-03
1.001019929456627100e+00,7.759252097457647324e-03
1.002412503395420540e+00,6.903249770402908325e-03
1.003791763800781167e+00,6.183265708386898041e-03
1.005157962828732598e+00,6.243542768061161041e-03
1.006511345538761759e+00,5.587722174823284149e-03
1.007852150157640958e+00,5.441994406282901764e-03
1.009180608331102125e+00,5.709144286811351776e-03
1.010496945364029564e+00,5.290121305733919144e-03
1.011801380449793397e+00,6.055687088519334793e-03
1.013094126889307223e+00,7.904116064310073853e-03
1.014375392300359335e+00,5.516571458429098129e-03
1.015645378817729094e+00,4.754525609314441681e-03
1.016904283284572275e+00,6.577820982784032822e-03
1.018152297435527931e+00,8.586492389440536499e-03
1.019389608071973319e+00,5.485323723405599594e-03
1.020616397229826777e+00,5.623035132884979248e-03
1.021832842340276937e+00,6.559872068464756012e-03
1.023039116383791081e+00,5.665214266628026962e-03
1.024235388037739503e+00,4.563733935356140137e-03
1.025421821817947610e+00,6.293146405369043350e-03
1.026598578214477087e+00,7.059454452246427536e-03
1.027765813821913454e+00,6.100842263549566269e-03
1.028923681464423812e+00,4.793190397322177887e-03
1.030072330315837670e+00,7.583806291222572327e-03
1.031211906014984914e+00,5.551182199269533157e-03
1.032342550776512935e+00,7.603304460644721985e-03
1.033464403497396544e+00,6.217859219759702682e-03
1.034577599859337838e+00,3.909359686076641083e-03
1.035682272427244976e+00,5.294622853398323059e-03
1.036778550743970184e+00,6.976936478167772293e-03
1.037866561421475931e+00,5.906767677515745163e-03
1.038946428228586294e+00,5.283794365823268890e-03
1.040018272175482483e+00,5.850428715348243713e-03
1.041082211595079521e+00,6.097999401390552521e-03
1.042138362221425307e+00,5.817766766995191574e-03
1.043186837265251077e+00,6.079548969864845276e-03
1.044227747486796032e+00,6.943840533494949341e-03
1.045261201266022733e+00,5.481930915266275406e-03
1.046287304670338036e+00,2.434252062812447548e-03
1.047306161519918843e+00,7.157980930060148239e-03
1.048317873450751003e+00,5.186905618757009506e-03
1.049322539975469981e+00,4.075331613421440125e-03
1.050320258542100982e+00,5.600565113127231598e-03
1.051311124590778689e+00,4.881055094301700592e-03
1.052295231608534776e+00,4.447747021913528442e-03
1.053272671182228448e+00,5.723083391785621643e-03
1.054243533049695314e+00,5.489603150635957718e-03
1.055207905149188941e+00,5.164794623851776123e-03
1.056165873667177735e+00,7.061023730784654617e-03
1.057117523084568411e+00,6.287200842052698135e-03
1.058062936221412675e+00,3.505846252664923668e-03
1.059002194280159959e+00,4.186152014881372452e-03
1.059935376887510161e+00,4.599481355398893356e-03
1.060862562134923026e+00,6.016131490468978882e-03
1.061783826617832105e+00,4.214282613247632980e-03
1.062699245473616161e+00,4.933213349431753159e-03
1.063608892418372864e+00,4.595413338392972946e-03
1.064512839782540299e+00,3.809908870607614517e-03
1.065411158545409798e+00,4.857028834521770477e-03
1.066303918368570525e+00,4.073217976838350296e-03
1.067191187628326432e+00,4.850829485803842545e-03
1.068073033447120679e+00,4.299440886825323105e-03
1.068949521724007479e+00,4.012695979326963425e-03
1.069820717164202906e+00,4.006915725767612457e-03
1.070686683307748410e+00,6.210584659129381180e-03
1.071547482557320352e+00,5.635980051010847092e-03
1.072403176205213748e+00,3.475083969533443451e-03
1.073253824459531325e+00,5.674741696566343307e-03
1.074099486469603848e+00,4.273046739399433136e-03
1.074940220350671272e+00,5.427117459475994110e-03
1.075776083207847567e+00,4.833210725337266922e-03
1.076607131159395880e+00,5.657118745148181915e-03
1.077433419359337785e+00,4.543900955468416214e-03
1.078255002019416819e+00,5.407662130892276764e-03
1.079071932430442526e+00,4.571224562823772430e-03
1.079884262983032306e+00,4.546407144516706467e-03
1.080692045187772621e+00,6.202128715813159943e-03
1.081495329694818430e+00,5.939049180597066879e-03
1.082294166312951944e+00,5.373147316277027130e-03
1.083088604028113799e+00,5.633326712995767593e-03
1.083878691021429974e+00,5.916115362197160721e-03
1.084664474686744207e+00,5.638308357447385788e-03
1.085446001647679237e+00,6.472514476627111435e-03
1.086223317774235309e+00,2.862967550754547119e-03
1.086996468198945465e+00,4.800462629646062851e-03
1.087765497332600750e+00,5.362323485314846039e-03
1.088530448879556634e+00,3.700026543810963631e-03
1.089291365852637750e+00,3.972814884036779404e-03
1.090048290587650071e+00,5.098680034279823303e-03
1.090801264757515598e+00,3.968477249145507812e-03
1.091550329386040019e+00,4.532828461378812790e-03
1.092295524861322642e+00,4.799848422408103943e-03
1.093036890948825723e+00,5.072689149528741837e-03
1.093774466804105616e+00,3.947108518332242966e-03
1.094508290985222843e+00,4.827041178941726685e-03
1.095238401464837530e+00,4.526315722614526749e-03
1.095964835641999313e+00,5.143050104379653931e-03
1.096687630353643250e+00,3.696131752803921700e-03
1.097406821885798189e+00,6.774083245545625687e-03
1.098122445984518025e+00,3.420915221795439720e-03
1.098834537866542727e+00,5.908540450036525726e-03
1.099543132229696241e+00,3.205938264727592468e-03
1.100248263263033932e+00,5.085499025881290436e-03
1.100949964656738445e+00,3.907761536538600922e-03
1.101648269611780639e+00,3.683117218315601349e-03
1.102343210849344501e+00,4.509376361966133118e-03
1.103034820620026890e+00,3.114997642114758492e-03
1.103723130712820133e+00,2.284088172018527985e-03
1.104408172463877458e+00,4.498275462538003922e-03
1.105089976765075033e+00,4.214783199131488800e-03
1.105768574072369947e+00,4.219040740281343460e-03
1.106443994413963683e+00,5.322055891156196594e-03
1.107116267398275955e+00,4.769104998558759689e-03
1.107785422221732263e+00,3.938854206353425980e-03
1.108451487676372471e+00,6.711405701935291290e-03
1.109114492157284415e+00,2.547195181250572205e-03
1.109774463669867650e+00,4.768115468323230743e-03
1.110431429836931549e+00,3.934885840862989426e-03
1.111085417905633088e+00,5.877463147044181824e-03
1.111736454754256975e+00,3.524777945131063461e-03
1.112384566898843685e+00,5.607967730611562729e-03
1.113029780499671828e+00,4.495270084589719772e-03
1.113672121367591528e+00,2.822068054229021072e-03
1.114311614970221909e+00,4.206448793411254883e-03
1.114948286438008695e+00,3.652781946584582329e-03
1.115582160570151027e+00,2.820622641593217850e-03
1.116213261840397042e+00,3.378061344847083092e-03
1.116841614402713789e+00,4.206588491797447205e-03
1.117467242096834124e+00,3.371654776856303215e-03
1.118090168453684363e+00,4.485775250941514969e-03
1.118710416700694266e+00,4.764060489833354950e-03
1.119328009766994647e+00,2.814778359606862068e-03
1.119942970288502870e+00,4.203696735203266144e-03
1.120555320612901307e+00,3.645916236564517021e-03
1.121165082804510327e+00,6.977892946451902390e-03
1.121772278649059151e+00,4.754442721605300903e-03
1.122376929658354561e+00,4.202166572213172913e-03
1.122979057074856790e+00,4.485340323299169540e-03
1.123578681876155061e+00,5.033241584897041321e-03
1.124175824779354071e+00,3.921322990208864212e-03
1.124770506245368340e+00,6.140621844679117203e-03
1.125362746483129284e+00,4.200724419206380844e-03
1.125952565453706367e+00,3.366489196196198463e-03
1.126539982874342760e+00,5.013781134039163589e-03
1.127125018222411956e+00,5.316840484738349915e-03
1.127707690739291335e+00,3.646253142505884171e-03
1.128288019434160905e+00,5.030441097915172577e-03
1.128866023087723214e+00,6.146586965769529343e-03
1.129441720255850878e+00,5.965392105281352997e-03
1.130015129273160834e+00,2.912833690643310547e-01
1.130586268256517979e+00,2.309544980525970459e-01
1.131155155108470423e+00,1.586645543575286865e-01
1.131721807520615020e+00,1.574477851390838623e-01
1.132286242976900725e+00,1.288563758134841919e-01
1.132848478756863786e+00,8.991236239671707153e-02
1.133408531938802755e+00,7.449392229318618774e-02
1.133966419402891335e+00,4.397200793027877808e-02
1.134522157834230605e+00,4.044032841920852661e-02
1.135075763725843512e+00,4.678674042224884033e-02
1.135627253381612078e+00,5.500153452157974243e-02
1.136176642919158208e+00,3.006524406373500824e-02
1.136723948272670093e+00,2.002025581896305084e-02
1.137269185195675325e+00,1.259292010217905045e-02
1.137812369263761836e+00,2.894657291471958160e-02
1.138353515877247535e+00,2.498677186667919159e-02
1.138892640263799994e+00,1.873968355357646942e-02
1.139429757481007721e+00,2.498591504991054535e-02
1.139964882418904146e+00,1.943873055279254913e-02
1.140498029802443636e+00,9.575673379004001617e-03
1.141029214193932884e+00,6.559037137776613235e-03
1.141558449995417890e+00,5.661417730152606964e-03
1.142085751451026532e+00,3.306972328573465347e-03
1.142611132649269834e+00,6.471232976764440536e-03
1.143134607525298829e+00,8.245892822742462158e-03
1.143656189863124339e+00,7.246158551424741745e-03
1.144175893297793456e+00,6.546434946358203888e-03
1.144693731317528496e+00,1.106234639883041382e-02
1.145209717265827987e+00,7.480185013264417648e-03
1.145723864343529685e+00,4.331008996814489365e-03
1.146236185610836733e+00,3.965232055634260178e-03
1.146746693989307619e+00,5.355054978281259537e-03
1.147255402263813728e+00,4.516370594501495361e-03
1.147762323084457581e+00,4.785756114870309830e-03
1.148267468968463323e+00,3.300630487501621246e-03
1.148770852302029244e+00,4.410009365528821945e-03
1.149272485342150318e+00,5.226723384112119675e-03
1.149772380218410328e+00,6.827327888458967209e-03
1.150270548934740011e+00,4.610919859260320663e-03
1.150767003371147901e+00,6.277211476117372513e-03
1.151261755285419408e+00,3.188972128555178642e-03
1.151754816314788377e+00,4.013244528323411942e-03
1.152246197977578435e+00,3.457500832155346870e-03
1.152735911674818814e+00,4.850417375564575195e-03
1.153223968691831081e+00,3.176158759742975235e-03
1.153710380199788776e+00,6.521449889987707138e-03
1.154195157257252857e+00,6.151335313916206360e-03
1.154678310811679598e+00,4.856962244957685471e-03
1.155159851700904738e+00,5.966258235275745392e-03
1.155639790654600318e+00,5.664702039211988449e-03
1.156118138295711750e+00,3.734460566192865372e-03
1.156594905141866247e+00,4.848072305321693420e-03
1.157070101606762380e+00,4.003899637609720230e-03
1.157543738001533873e+00,4.266160540282726288e-03
1.158015824536091642e+00,3.158757463097572327e-03
1.158486371320445407e+00,3.984056878834962845e-03
1.158955388366002648e+00,2.598322229459881783e-03
1.159422885586845586e+00,6.477809045463800430e-03
1.159888872800989734e+00,2.865315182134509087e-03
1.160353359731621348e+00,4.809593781828880310e-03
1.160816356008313344e+00,3.967761062085628510e-03
1.161277871168224340e+00,4.249461460858583450e-03
1.161737914657277271e+00,3.971860744059085846e-03
1.162196495831318677e+00,4.795545712113380432e-03
1.162653623957261351e+00,5.349975079298019409e-03
1.163109308214207438e+00,3.126109950244426727e-03
1.163563557694553774e+00,4.512793384492397308e-03
1.164016381405082345e+00,4.514644388109445572e-03
1.164467788268029658e+00,3.402720671147108078e-03
1.164917787122142556e+00,3.118029329925775528e-03
1.165366386723716952e+00,5.346063990145921707e-03
1.165813595747619669e+00,4.783810582011938095e-03
1.166259422788295197e+00,4.784631542861461639e-03
1.166703876360756675e+00,2.839296823367476463e-03
1.167146964901561557e+00,4.224419593811035156e-03
1.167588696769772838e+00,3.114052349701523781e-03
1.168029080247904972e+00,5.051546730101108551e-03
1.168468123542856230e+00,3.942146897315979004e-03
1.168905834786824416e+00,4.505501594394445419e-03
1.169342222038214363e+00,4.498969297856092453e-03
1.169777293282524333e+00,4.493081942200660706e-03
1.170211056433225094e+00,5.334056448191404343e-03
1.170643519332622784e+00,2.554103499278426170e-03
1.171074689752709563e+00,3.659722628071904182e-03
1.171504575396002501e+00,2.828524215146899223e-03
1.171933183896367359e+00,5.328654311597347260e-03
1.172360522819834605e+00,4.773825872689485550e-03
1.172786599665398555e+00,3.935987595468759537e-03
1.173211421865807624e+00,3.662035800516605377e-03
1.173634996788343710e+00,4.769019316881895065e-03
1.174057331735586018e+00,4.212325904518365860e-03
1.174478433946168687e+00,4.208050202578306198e-03
1.174898310595524853e+00,2.814623527228832245e-03
1.175316968796619843e+00,4.209303762763738632e-03
1.175734415600674154e+00,3.093420527875423431e-03
1.176150657997875770e+00,2.820578636601567268e-03
1.176565702918084044e+00,4.765698220580816269e-03
1.176979557231519813e+00,4.206317011266946793e-03
1.177392227749449072e+00,2.542199101299047470e-03
1.177803721224855549e+00,4.483545664697885513e-03
1.178214044353103063e+00,5.311802495270967484e-03
1.178623203772589667e+00,5.591317545622587204e-03
1.179031206065392690e+00,3.369662212207913399e-03
1.179438057757902447e+00,3.646988188847899437e-03
1.179843765321450411e+00,3.645764430984854698e-03
1.180248335172924934e+00,4.200967494398355484e-03
1.180651773675381877e+00,3.085737349465489388e-03
1.181054087138645015e+00,2.534249098971486092e-03
1.181455281819896674e+00,3.367378609254956245e-03
1.181855363924263269e+00,3.918275237083435059e-03
1.182254339605390170e+00,4.197062924504280090e-03
1.182652214966009918e+00,2.809812547639012337e-03
1.183048996058502444e+00,3.086759010329842567e-03
1.183444688885447516e+00,2.529808785766363144e-03
1.183839299400169187e+00,4.754023160785436630e-03
1.184232833507273597e+00,4.191199317574501038e-03
1.184625297063179206e+00,4.750743974000215530e-03
1.185016695876639714e+00,7.806837093085050583e-03
1.185407035709258983e+00,3.916971851140260696e-03
1.185796322276000847e+00,5.583680700510740280e-03
1.186184561245692271e+00,4.748988896608352661e-03
1.186571758241515395e+00,2.805173164233565331e-03
1.186957918841499815e+00,3.916959278285503387e-03
1.187343048579001747e+00,2.805934054777026176e-03
1.187727152943182762e+00,2.805210882797837257e-03
1.188110237379476519e+00,4.196330439299345016e-03
1.188492307290052841e+00,3.082972718402743340e-03
1.188873368034276012e+00,3.358023473992943764e-03
1.189253424929154201e+00,3.911095671355724335e-03
1.189632483249785322e+00,4.745678976178169250e-03
1.190010548229796461e+00,3.912882413715124130e-03
1.190387625061777088e+00,4.470366984605789185e-03
1.190763718897707601e+00,3.361024428158998489e-03
1.191138834849380546e+00,5.580485332757234573e-03
1.191512977988818722e+00,3.633115673437714577e-03
1.191886153348686195e+00,4.743797704577445984e-03
1.192258365922693963e+00,3.355315420776605606e-03
1.192629620666002088e+00,3.079431364312767982e-03
1.192999922495613818e+00,3.355304943397641182e-03
1.193369276290768610e+00,4.186736419796943665e-03
1.193737686893325378e+00,3.077723318710923195e-03
1.194105159108145076e+00,4.741909448057413101e-03
1.194471697703466173e+00,3.632856067270040512e-03
1.194837307411275695e+00,3.631581785157322884e-03
1.195201992927676038e+00,2.799126086756587029e-03
1.195565758913247123e+00,4.740199539810419083e-03
1.195928609993402780e+00,5.019385367631912231e-03
1.196290550758744908e+00,5.574070382863283157e-03
1.196651585765411197e+00,5.019835662096738815e-03
1.197011719535419516e+00,3.353096544742584229e-03
1.197370956557006982e+00,3.905713325366377831e-03
1.197729301284967462e+00,5.852583330124616623e-03
1.198086758140980423e+00,3.629022277891635895e-03
1.198443331513940890e+00,3.354413667693734169e-03
1.198799025760280523e+00,3.895597066730260849e-03
1.199153845204289581e+00,3.631634870544075966e-03
1.199507794138428673e+00,3.911686595529317856e-03
1.199860876823644285e+00,3.909929655492305756e-03
1.200213097489674086e+00,3.073992440477013588e-03
1.200564460335351136e+00,3.628866747021675110e-03
1.200914969528905862e+00,3.904882352799177170e-03
1.201264629208260271e+00,5.573005881160497665e-03
1.201613443481323040e+00,2.239555353298783302e-03
1.201961416426278628e+00,4.750494379550218582e-03
1.202308552091872818e+00,3.632132895290851593e-03
1.202654854497695380e+00,3.908202052116394043e-03
1.203000327634460076e+00,3.906272817403078079e-03
1.203344975464280431e+00,5.015111528337001801e-03
1.203688801920941520e+00,3.348003607243299484e-03
1.204031810910170197e+00,3.073250642046332359e-03
1.204374006309901546e+00,6.680465303361415863e-03
1.204715391970540894e+00,5.016163457185029984e-03
1.205055971715224494e+00,2.236583502963185310e-03
1.205395749340076650e+00,3.625040873885154724e-03
1.205734728614462403e+00,3.068916499614715576e-03
1.206072913281240000e+00,3.625797340646386147e-03
1.206410307057008025e+00,4.458682611584663391e-03
1.206746913632350093e+00,3.347581950947642326e-03
1.207082736672078438e+00,4.457800183445215225e-03
1.207417779815471270e+00,4.458207637071609497e-03
1.207752046676511037e+00,2.513117389753460884e-03
1.208085540844118455e+00,4.179239738732576370e-03
1.208418265882382325e+00,1.957998145371675491e-03
1.208750225330788908e+00,3.625151468440890312e-03
1.209081422704448405e+00,2.790730912238359451e-03
1.209411861494317009e+00,4.456849303096532822e-03
1.209741545167418719e+00,5.568161141127347946e-03
1.210070477167062952e+00,2.789707854390144348e-03
1.210398660913061253e+00,3.901532618328928947e-03
1.210726099801938904e+00,4.733830224722623825e-03
1.211052797207147869e+00,2.790883881971240044e-03
1.211378756479273733e+00,2.233610255643725395e-03
1.211703980946243542e+00,3.345079720020294189e-03
1.212028473913527415e+00,4.734151531010866165e-03
1.212352238664341941e+00,4.731966182589530945e-03
1.212675278459849126e+00,3.345113480463624001e-03
1.212997596539353129e+00,3.622786374762654305e-03
1.213319196120494770e+00,4.178124945610761642e-03
1.213640080399445598e+00,2.787610515952110291e-03
1.213960252551097740e+00,3.621711395680904388e-03
1.214279715729251308e+00,3.065801458433270454e-03
1.214598473066802908e+00,4.453388042747974396e-03
1.214916527675928171e+00,4.178332164883613586e-03
1.215233882648265151e+00,5.009771790355443954e-03
1.215550541055094635e+00,3.620149800553917885e-03
1.215866505947517329e+00,3.065716940909624100e-03
1.216181780356631492e+00,4.175638314336538315e-03
1.216496367293707248e+00,3.618555841967463493e-03
1.216810269750358220e+00,3.898381255567073822e-03
1.217123490698713395e+00,3.065275261178612709e-03
1.217436033091585434e+00,3.897871589288115501e-03
1.217747899862637428e+00,3.897396381944417953e-03
1.218059093926548764e+00,4.731901921331882477e-03
1.218369618179177660e+00,3.620331641286611557e-03
1.218679475497724374e+00,3.893510671332478523e-03
1.218988668740889292e+00,5.842212121933698654e-03
1.219297200749032584e+00,4.175688140094280243e-03
1.219605074344330520e+00,4.730644170194864273e-03
1.219912292330928905e+00,4.453531466424465179e-03
1.220218857495099174e+00,3.620901145040988922e-03
1.220524772605387165e+00,4.731200169771909714e-03
1.220830040412764550e+00,3.622927935793995857e-03
1.221134663650777830e+00,3.343748860061168671e-03
1.221438645035692883e+00,5.287800915539264679e-03
1.221741987266643736e+00,3.343241522088646889e-03
1.222044693025772899e+00,4.185019060969352722e-03
1.222346764978375910e+00,3.065880853682756424e-03
1.222648205773041674e+00,4.455851390957832336e-03
1.222949018041791236e+00,5.010685883462429047e-03
1.223249204400215895e+00,3.341873642057180405e-03
1.223548767447613761e+00,3.063821000978350639e-03
1.223847709767125425e+00,3.898500930517911911e-03
1.224146033925866295e+00,3.343257121741771698e-03
1.224443742475060493e+00,3.341805189847946167e-03
1.224740837950169414e+00,2.787283388897776604e-03
1.225037322871024514e+00,4.452509805560112000e-03
1.225333199741951873e+00,4.453764297068119049e-03
1.225628471051902757e+00,4.454588983207941055e-03
1.225923139274575968e+00,3.619228024035692215e-03
1.226217206868544851e+00,2.230068668723106384e-03
1.226510676277379197e+00,3.618850605562329292e-03
1.226803549929765813e+00,4.729986190795898438e-03
1.227095830239631757e+00,2.786508761346340179e-03
1.227387519606262467e+00,4.729497246444225311e-03
1.227678620414418109e+00,3.895528148859739304e-03
1.227969135034454595e+00,3.895591711625456810e-03
1.228259065822435936e+00,5.007168743759393692e-03
1.228548415120249260e+00,2.229802310466766357e-03
1.228837185255720721e+00,2.507455646991729736e-03
1.229125378542725189e+00,5.007305648177862167e-03
1.229412997281299047e+00,3.339676884934306145e-03
1.229700043757749217e+00,2.784196520224213600e-03
1.229986520244763515e+00,5.839331075549125671e-03
1.230272429001517676e+00,3.895176574587821960e-03
1.230557772273782158e+00,5.006353836506605148e-03
1.230842552294028946e+00,4.728817380964756012e-03
1.231126771281535248e+00,4.172576591372489929e-03
1.231410431442487852e+00,3.895523026585578918e-03
1.231693534970085935e+00,3.895315108820796013e-03
1.231976084044642539e+00,4.173605702817440033e-03
1.232258080833685376e+00,3.062726696953177452e-03
1.232539527492056530e+00,4.450632724910974503e-03
1.232820426162011707e+00,5.561827681958675385e-03
1.233100778973317491e+00,8.061011321842670441e-03
1.233380588043348602e+00,3.617343259975314140e-03
1.233659855477183820e+00,2.783222356811165810e-03
1.233938583367700792e+00,5.283948034048080444e-03
1.234216773795669742e+00,2.783772768452763557e-03
1.234494428829847834e+00,1.950161764398217201e-03
1.234771550527071104e+00,4.172512795776128769e-03
1.235048140932345051e+00,5.005363840609788895e-03
1.235324202078935896e+00,3.616926958784461021e-03
1.235599735988459846e+00,3.338821697980165482e-03
1.235874744670972580e+00,3.894877852872014046e-03
1.236149230125056731e+00,3.616164904087781906e-03
1.236423194337909370e+00,4.172602668404579163e-03
1.236696639285427723e+00,4.171962384134531021e-03
1.236969566932294873e+00,6.116401869803667068e-03
1.237241979232065470e+00,2.783258212730288506e-03
1.237513878127247891e+00,4.449471365660429001e-03
1.237785265549388836e+00,3.338547889143228531e-03
1.238056143419155264e+00,3.894382156431674957e-03
1.238326513646414773e+00,4.727230872958898544e-03
1.238596378130318421e+00,4.727085586637258530e-03
1.238865738759379553e+00,4.726806189864873886e-03
1.239134597411552408e+00,5.005199462175369263e-03
1.239402955954312935e+00,3.615730674937367439e-03
1.239670816244734075e+00,3.616573289036750793e-03
1.239938180129564582e+00,3.616333706304430962e-03
1.240205049445305185e+00,4.726577550172805786e-03
1.240471426018283196e+00,5.004249047487974167e-03
1.240737311664728448e+00,2.504605334252119064e-03
1.241002708190847903e+00,5.004886072129011154e-03
1.241267617392898703e+00,4.171115346252918243e-03
1.241532041057260782e+00,3.893107175827026367e-03
1.241795980960509471e+00,2.782254479825496674e-03
1.242059438869487664e+00,4.449124448001384735e-03
1.242322416541376429e+00,5.560291931033134460e-03
1.242584915723764949e+00,3.615448251366615295e-03
1.242846938154720027e+00,3.615889698266983032e-03
1.243108485562856469e+00,3.892869455739855766e-03
1.243369559667403923e+00,2.504081232473254204e-03
1.243630162178276155e+00,3.893189597874879837e-03
1.243890294796136331e+00,2.782177412882447243e-03
1.244149959212466072e+00,3.059216076508164406e-03
1.244409157109628961e+00,6.115335039794445038e-03
1.244667890160938040e+00,3.058950416743755341e-03
1.244926160030719098e+00,4.726689774543046951e-03
1.245183968374375505e+00,3.893080167472362518e-03
1.245441316838452384e+00,3.337392816320061684e-03
1.245698207060699003e+00,2.781790681183338165e-03
1.245954640670131175e+00,3.059825859963893890e-03
1.246210619287093868e+00,3.059186739847064018e-03
1.246466144523322050e+00,4.170102067291736603e-03
1.246721217982002639e+00,3.059289185330271721e-03
1.246975841257832895e+00,3.614853369072079659e-03
1.247230015937082825e+00,3.336970694363117218e-03
1.247483743597652017e+00,4.448238760232925415e-03
1.247737025809129374e+00,4.725331906229257584e-03
1.247989864132852622e+00,1.947888289578258991e-03
1.248242260121963820e+00,4.170278087258338928e-03
1.248494215321468204e+00,5.836456082761287689e-03
1.248745731268290360e+00,2.781148999929428101e-03
1.248996809491330628e+00,4.725653212517499924e-03
1.249247451511520390e+00,4.169881809502840042e-03
1.249497658841878023e+00,5.558827891945838928e-03
1.249747432987563744e+00,5.281268153339624405e-03
1.249996775445933350e+00,3.614400047808885574e-03
1.250245687706591724e+00,3.337009809911251068e-03
1.250494171251447684e+00,3.892300184816122055e-03
1.250742227554765940e+00,5.280943121761083603e-03
1.250989858083219497e+00,4.725452978163957596e-03
1.251237064295941837e+00,3.892059903591871262e-03
1.251483847644579317e+00,4.725588485598564148e-03
1.251730209573340247e+00,3.892112988978624344e-03
1.251976151519047953e+00,2.780582522973418236e-03
1.252221674911189853e+00,2.780800219625234604e-03
1.252466781171967636e+00,3.336674999445676804e-03
1.252711471716345892e+00,3.892070380970835686e-03
1.252955747952102294e+00,4.169445019215345383e-03
1.253199611279875558e+00,2.503103809431195259e-03
1.253443063093213627e+00,5.280532874166965485e-03
1.253686104778622301e+00,5.003024823963642120e-03
1.253928737715610753e+00,5.002780817449092865e-03
1.254170963276739936e+00,4.447480197995901108e-03
1.254412782827669881e+00,3.058300120756030083e-03
1.254654197727203879e+00,4.169334191828966141e-03
1.254895209327334893e+00,1.947360346093773842e-03
1.255135818973293294e+00,3.336084308102726936e-03
1.255376028003587940e+00,5.002725403755903244e-03
1.255615837750053698e+00,3.336149733513593674e-03
1.255855249537895624e+00,2.502820454537868500e-03
1.256094264685731599e+00,5.002557765692472458e-03
1.256332884505636516e+00,2.224971074610948563e-03
1.256571110303185801e+00,3.613837063312530518e-03
1.256808943377498045e+00,5.002807825803756714e-03
1.257046385021277191e+00,3.614068031311035156e-03
1.257283436520855391e+00,4.724999424070119858e-03
1.257520099156234084e+00,2.780802082270383835e-03
1.257756374201125737e+00,4.169311374425888062e-03
1.257992262922996041e+00,3.069350961595773697e-03
1.258227766583101870e+00,4.727462772279977798e-03
1.258462886436535477e+00,2.506148535758256912e-03
1.258697623732261350e+00,3.899008501321077347e-03
1.258931979713157956e+00,3.060391638427972794e-03
1.259165955616056820e+00,3.892373526468873024e-03
1.259399552671780942e+00,4.170009866356849670e-03
1.259632772105185206e+00,4.725380800664424896e-03
1.259865615135193018e+00,4.447317216545343399e-03
1.260098082974835609e+00,4.447503946721553802e-03
1.260330176831290450e+00,4.724891390651464462e-03
1.260561897905917661e+00,3.613703418523073196e-03
1.260793247394297767e+00,2.502490766346454620e-03
1.261024226486269217e+00,3.613811219111084938e-03
1.261254836365965026e+00,2.780556678771972656e-03
1.261485078211847410e+00,3.336045891046524048e-03
1.261714953196747535e+00,4.724582191556692123e-03
1.261944462487897267e+00,2.225092379376292229e-03
1.262173607246967810e+00,3.613423556089401245e-03
1.262402388630103234e+00,4.446825012564659119e-03
1.262630807787956888e+00,2.780196024104952812e-03
1.262858865865724711e+00,3.891188418492674828e-03
1.263086564003180090e+00,5.002293735742568970e-03
1.263313903334709165e+00,4.168909508734941483e-03
1.263540884989343027e+00,3.335640300065279007e-03
1.263767510090792356e+00,3.890963038429617882e-03
1.263993779757480729e+00,3.057855879887938499e-03
1.264219695102577701e+00,3.891205880790948868e-03
1.264445257234031228e+00,5.279723554849624634e-03
1.264670467254600972e+00,3.057783003896474838e-03
1.264895326261889830e+00,3.613159991800785065e-03
1.265119835348377242e+00,5.835532676428556442e-03
1.265343995601449834e+00,3.613259177654981613e-03
1.265567808103433389e+00,6.668883375823497772e-03
1.265791273931624383e+00,5.001995246857404709e-03
1.266014394158320844e+00,3.891115309670567513e-03
1.266237169850853883e+00,5.280108191072940826e-03
1.266459602071617452e+00,3.057693364098668098e-03
1.266681691878099203e+00,4.724157042801380157e-03
1.266903440322910468e+00,3.613136243075132370e-03
1.267124848453816455e+00,4.168927669525146484e-03
1.267345917313766002e+00,3.613016102463006973e-03
1.267566647940919999e+00,4.724177531898021698e-03
1.267787041368682255e+00,3.890927415341138840e-03
1.268007098625728357e+00,4.446568898856639862e-03
1.268226820736031879e+00,2.779429778456687927e-03
1.268446208718896795e+00,3.335288725793361664e-03
1.268665263588983461e+00,4.724151454865932465e-03
1.268883986356337479e+00,3.057536203414201736e-03
1.269102378026417011e+00,3.890839172527194023e-03
1.269320439600121420e+00,2.779500791803002357e-03
1.269538172073818361e+00,5.279778037220239639e-03
1.269755576439370648e+00,4.446212202310562134e-03
1.269972653684164676e+00,3.890865715220570564e-03
1.270189404791135734e+00,3.891113912686705589e-03
1.270405830738795760e+00,2.779672387987375259e-03
1.270621932501259765e+00,4.446378443390130997e-03
1.270837711048271368e+00,2.501874230802059174e-03
1.271053167345229884e+00,3.334964392706751823e-03
1.271268302353215640e+00,3.335049608722329140e-03
1.271483117029015952e+00,3.057287540286779404e-03
1.271697612325150439e+00,4.168485291302204132e-03
1.271911789189896558e+00,5.001790821552276611e-03
1.272125648567314915e+00,3.612752538174390793e-03
1.272339191397273472e+00,5.001691170036792755e-03
1.272552418615473302e+00,2.779564354568719864e-03
1.272765331153473234e+00,5.557203199714422226e-03
1.272977929938712505e+00,5.557243246585130692e-03
1.273190215894537181e+00,4.723743535578250885e-03
1.273402189940223694e+00,4.445997066795825958e-03
1.273613852991001494e+00,2.223828574642539024e-03
1.273825205958077689e+00,4.168348852545022964e-03
1.274036249748661032e+00,3.335128072649240494e-03
1.274246985265985010e+00,3.334956476464867592e-03
1.274457413409329831e+00,3.890439169481396675e-03
1.274667535074047064e+00,4.446106031537055969e-03
1.274877351151581850e+00,5.279525648802518845e-03
1.275086862529495102e+00,5.279346834868192673e-03
1.275296070091487710e+00,5.557183641940355301e-03
1.275504974717420303e+00,3.321743104606866837e-03
1.275713577283337452e+00,4.616120457649230957e-01
1.275921878661489428e+00,4.417159259319305420e-01
1.276129879720353744e+00,4.446341991424560547e-01
1.276337581324656245e+00,4.361166059970855713e-01
1.276544984335393984e+00,4.271928668022155762e-01
1.276752089609856311e+00,4.157064557075500488e-01
1.276958898001644860e+00,4.174861311912536621e-01
1.277165410360696418e+00,4.223018288612365723e-01
1.277371627533302911e+00,4.154054224491119385e-01
1.277577550362132275e+00,4.177793264389038086e-01
1.277783179686249326e+00,4.118275940418243408e-01
1.277988516341136194e+00,4.040993750095367432e-01
1.278193561158712521e+00,4.016070961952209473e-01
1.278398314967356564e+00,4.060691297054290771e-01
1.278602778591923617e+00,4.088866412639617920e-01
1.278806952853766887e+00,4.112105369567871094e-01
1.279010838570758590e+00,4.058581590652465820e-01
1.279214436557306822e+00,4.183099567890167236e-01
1.279417747624377322e+00,4.003918170928955078e-01
1.279620772579512122e+00,4.071255326271057129e-01
1.279823512226848647e+00,4.031037092208862305e-01
1.280025967367138806e+00,3.724283277988433838e-01
1.280228138797768089e+00,4.025613069534301758e-01
1.280430027312774666e+00,3.709568977355957031e-01
1.280631633702868033e+00,3.474721908569335938e-01
1.280832958755447004e+00,3.571489155292510986e-01
1.281034003254618803e+00,3.600711524486541748e-01
1.281234767981217049e+00,3.667079210281372070e-01
1.281435253712820188e+00,3.755335211753845215e-01
1.281635461223769257e+00,3.704318106174468994e-01
1.281835391285186754e+00,3.550297915935516357e-01
1.282035044664992851e+00,3.548488318920135498e-01
1.282234422127924489e+00,3.493629395961761475e-01
1.282433524435551808e+00,3.326865732669830322e-01
1.282632352346297022e+00,3.412967920303344727e-01
1.282830906615450184e+00,3.396243155002593994e-01
1.283029187995188058e+00,3.480086922645568848e-01
1.283227197234589667e+00,3.354351818561553955e-01
1.283424935079653828e+00,3.397386372089385986e-01
1.283622402273316920e+00,3.347083926200866699e-01
1.283819599555467983e+00,3.266421556472778320e-01
1.284016527662966478e+00,3.445924520492553711e-01
1.284213187329658945e+00,3.117315769195556641e-01
1.284409579286394543e+00,3.203955888748168945e-01
1.284605704261041703e+00,3.126010298728942871e-01
1.284801562978504785e+00,3.097838759422302246e-01
1.284997156160739840e+00,2.974639832973480225e-01
1.285192484526770151e+00,2.907087802886962891e-01
1.285387548792702450e+00,2.702814042568206787e-01
1.285582349671742897e+00,2.596205770969390869e-01
1.285776887874212848e+00,2.320174723863601685e-01
1.285971164107563292e+00,2.007162868976593018e-01
1.286165179076391718e+00,1.971595585346221924e-01
1.286358933482456335e+00,1.873488426208496094e-01
1.286552428024692052e+00,1.835579127073287964e-01
1.286745663399224915e+00,1.782328039407730103e-01
1.286938640299388315e+00,1.753014773130416870e-01
1.287131359415735865e+00,1.726848334074020386e-01
1.287323821436058946e+00,1.598999947309494019e-01
1.287516027045398914e+00,1.592193841934204102e-01
1.287707976926063091e+00,1.568533182144165039e-01
1.287899671757639197e+00,1.530912667512893677e-01
1.288091112217009560e+00,1.447609663009643555e-01
1.288282298978364659e+00,1.401059329509735107e-01
1.288473232713219785e+00,1.332805901765823364e-01
1.288663914090426132e+00,1.287317425012588501e-01
1.288854343776186795e+00,1.209093555808067322e-01
1.289044522434070750e+00,1.158366948366165161e-01
1.289234450725025516e+00,1.064661890268325806e-01
1.289424129307392475e+00,1.202629730105400085e-01
1.289613558836918639e+00,1.217518076300621033e-01
1.289802739966772638e+00,9.728982299566268921e-02
1.289991673347555823e+00,9.700212627649307251e-02
1.290180359627317364e+00,8.449356257915496826e-02
1.290368799451567350e+00,8.008745312690734863e-02
1.290556993463289226e+00,8.029419183731079102e-02
1.290744942302953557e+00,7.852139323949813843e-02
1.290932646608531353e+00,5.992141738533973694e-02
1.291120107015506280e+00,8.134282380342483521e-02
1.291307324156888425e+00,8.712558448314666748e-02
1.291494298663226292e+00,5.839715152978897095e-02
1.291681031162620119e+00,5.447718128561973572e-02
1.291867522280734981e+00,4.817986488342285156e-02
1.292053772640811893e+00,4.368769004940986633e-02
1.292239782863682018e+00,3.969252109527587891e-02
1.292425553567776886e+00,5.754814669489860535e-02
1.292611085369143709e+00,4.841437563300132751e-02
1.292796378881454933e+00,3.591788560152053833e-02
1.292981434716022227e+00,3.266315162181854248e-02
1.293166253481807360e+00,3.834708034992218018e-02
1.293350835785435082e+00,2.510489337146282196e-02
1.293535182231204672e+00,2.828452363610267639e-02
1.293719293421101035e+00,3.322087600827217102e-02
1.293903169954808696e+00,2.399808913469314575e-02
1.294086812429721123e+00,2.708672545850276947e-02
1.294270221440954272e+00,3.058845363557338715e-02
1.294453397581356136e+00,2.770873531699180603e-02
1.294636341441520289e+00,2.903599292039871216e-02
1.294819053609796100e+00,2.022258564829826355e-02
1.295001534672300503e+00,1.895142532885074615e-02
1.295183785212928429e+00,1.484204456210136414e-02
1.295365805813366356e+00,2.810712158679962158e-02
1.295547597053100519e+00,1.405702438205480576e-02
1.295729159509429573e+00,1.658464036881923676e-02
1.295910493757475690e+00,1.528011821210384369e-02
1.296091600370194552e+00,1.014271751046180725e-02
1.296272479918387344e+00,1.195990946143865585e-02
1.296453132970710520e+00,1.133479643613100052e-02
1.296633560093687576e+00,1.347628701478242874e-02
1.296813761851718594e+00,1.206300780177116394e-02
1.296993738807092011e+00,8.491296321153640747e-03
1.297173491519993505e+00,1.263010408729314804e-02
1.297353020548518421e+00,1.117125898599624634e-02
1.297532326448681106e+00,1.007662154734134674e-02
1.297711409774424451e+00,9.629145264625549316e-03
1.297890271077632107e+00,1.010705344378948212e-02
1.298068910908137141e+00,9.760004468262195587e-03
1.298247329813732476e+00,7.806456647813320160e-03
1.298425528340181989e+00,9.753541089594364166e-03
1.298603507031228954e+00,8.475110866129398346e-03
1.298781266428606695e+00,8.211121894419193268e-03
1.298958807072049471e+00,8.895754814147949219e-03
1.299136129499300019e+00,7.565896958112716675e-03
1.299313234246121773e+00,8.044289425015449524e-03
1.299490121846306856e+00,7.596949581056833267e-03
1.299666792831686291e+00,8.963850326836109161e-03
1.299843247732140883e+00,6.058902945369482040e-03
1.300019487075607882e+00,6.455839611589908600e-03
1.300195511388092973e+00,8.257404901087284088e-03
1.300371321193678709e+00,6.047631613910198212e-03
1.300546917014533843e+00,6.521860603243112564e-03
1.300722299370923096e+00,4.581865854561328888e-03
1.300897468781216260e+00,6.635692436248064041e-03
1.301072425761896412e+00,5.934863351285457611e-03
1.301247170827570798e+00,6.449336186051368713e-03
1.301421704490978160e+00,4.879550077021121979e-03
1.301596027262999167e+00,5.969837307929992676e-03
1.301770139652664859e+00,5.486805457621812820e-03
1.301944042167165083e+00,5.353599321097135544e-03
1.302117735311858038e+00,3.292391542345285416e-03
1.302291219590278493e+00,4.903186578303575516e-03
1.302464495504147779e+00,4.250647965818643570e-03
1.302637563553380673e+00,3.641942981630563736e-03
1.302810424236095832e+00,5.310312379151582718e-03
1.302983078048622234e+00,5.553380120545625687e-03
1.303155525485510724e+00,4.618631210178136826e-03
1.303327767039539564e+00,6.873415783047676086e-03
1.303499803201724649e+00,8.161088451743125916e-03
1.303671634461327056e+00,5.748363211750984192e-03
1.303843261305862589e+00,4.010984674096107483e-03
1.304014684221108444e+00,5.191441625356674194e-03
1.304185903691112758e+00,5.027444101870059967e-03
1.304356920198201486e+00,5.273742135614156723e-03
1.304527734222988400e+00,3.486203495413064957e-03
1.304698346244381302e+00,4.399460274726152420e-03
1.304868756739591573e+00,1.669135242700576782e-01
1.305038966184141280e+00,1.027197912335395813e-01
1.305208975051871390e+00,3.738882020115852356e-02
1.305378783814949539e+00,3.453288972377777100e-02
1.305548392943878699e+00,1.910651288926601410e-02
1.305717802907503389e+00,8.611228317022323608e-03
1.305887014173019445e+00,6.593375932425260544e-03
1.306056027205979797e+00,5.479823332279920578e-03
1.306224842470304015e+00,4.303164314478635788e-03
1.306393460428284303e+00,6.316645536571741104e-03
1.306561881540593939e+00,4.471351858228445053e-03
1.306730106266295044e+00,4.471517167985439301e-03
1.306898135062845467e+00,6.209120154380798340e-03
1.307065968386106558e+00,6.063364911824464798e-03
1.307233606690350713e+00,5.653761792927980423e-03
1.307401050428268263e+00,4.855778999626636505e-03
1.307568300050975241e+00,3.981375135481357574e-03
1.307735356008021155e+00,4.779533017426729202e-03
1.307902218747394985e+00,5.046869628131389618e-03
1.308068888715533395e+00,5.122805945575237274e-03
1.308235366357327178e+00,4.004249814897775650e-03
1.308401652116129465e+00,4.433502908796072006e-03
1.308567746433761281e+00,4.376394208520650864e-03
1.308733649750520422e+00,3.458549734205007553e-03
1.308899362505186126e+00,4.020586144179105759e-03
1.309064885135028611e+00,3.820906626060605049e-03
1.309230218075814856e+00,4.003681242465972900e-03
1.309395361761813703e+00,4.280745983123779297e-03
1.309560316625806298e+00,5.132312886416912079e-03
1.309725083099089860e+00,4.846048541367053986e-03
1.309889661611486122e+00,2.646210603415966034e-03
1.310054052591347329e+00,3.420659806579351425e-03
1.310218256465562892e+00,4.531208425760269165e-03
1.310382273659566499e+00,3.942687530070543289e-03
1.310546104597342332e+00,3.702228423207998276e-03
1.310709749701432170e+00,5.373029969632625580e-03
1.310873209392941385e+00,2.323959255591034889e-03
1.311036484091544940e+00,3.367930883541703224e-03
1.311199574215495378e+00,4.197150003165006638e-03
1.311362480181628154e+00,3.886133898049592972e-03
1.311525202405368073e+00,2.497710986062884331e-03
1.311687741300736398e+00,2.499174093827605247e-03
1.311850097280355509e+00,2.207327866926789284e-03
1.312012270755457788e+00,5.529968533664941788e-03
1.312174262135888947e+00,3.078007837757468224e-03
1.312336071830116468e+00,4.693350289016962051e-03
1.312497700245235155e+00,3.655661130324006081e-03
1.312659147786972236e+00,3.301606979221105576e-03
1.312820414859695584e+00,4.395206924527883530e-03
1.312981501866417267e+00,3.844735212624073029e-03
1.313142409208801764e+00,4.647688008844852448e-03
1.313303137287170630e+00,5.818797275424003601e-03
1.313463686500509597e+00,5.529422778636217117e-03
1.313624057246473020e+00,4.656778648495674133e-03
1.313784249921390979e+00,4.097006749361753464e-03
1.313944264920274385e+00,2.419355558231472969e-03
1.314104102636822535e+00,2.204601885750889778e-03
1.314263763463426216e+00,3.252809867262840271e-03
1.314423247791175475e+00,3.313467372208833694e-03
1.314582556009864955e+00,3.557823365554213524e-03
1.314741688507998774e+00,5.721725057810544968e-03
1.314900645672797630e+00,3.967384807765483856e-03
1.315059427890203470e+00,4.116856493055820465e-03
1.315218035544885034e+00,4.815864376723766327e-03
1.315376469020244077e+00,5.511932540684938431e-03
1.315534728698420697e+00,3.773092059418559074e-03
1.315692814960298440e+00,2.677472541108727455e-03
1.315850728185510521e+00,4.308915231376886368e-03
1.316008468752444260e+00,4.058564081788063049e-03
1.316166037038247749e+00,3.802993567660450935e-03
1.316323433418835176e+00,4.087997134774923325e-03
1.316480658268890158e+00,5.183295346796512604e-03
1.316637711961874180e+00,5.188888870179653168e-03
1.316794594870029478e+00,4.049511160701513290e-03
1.316951307364385926e+00,4.593962803483009338e-03
1.317107849814765030e+00,2.376728458330035210e-03
1.317264222589785927e+00,3.200140083208680153e-03
1.317420426056870708e+00,4.603062756359577179e-03
1.317576460582248643e+00,2.921015024185180664e-03
1.317732326530962839e+00,2.911755116656422615e-03
1.317888024266874014e+00,3.467351198196411133e-03
1.318043554152666275e+00,2.634440083056688309e-03
1.318198916549851551e+00,3.174217883497476578e-03
1.318354111818776042e+00,3.716707229614257812e-03
1.318509140318623540e+00,4.358335863798856735e-03
1.318664002407420988e+00,3.787214634940028191e-03
1.318818698442044468e+00,2.654924988746643066e-03
1.318973228778222762e+00,3.746858565136790276e-03
1.319127593770542672e+00,5.433111917227506638e-03
1.319281793772454581e+00,2.087147906422615051e-03
1.319435829136275995e+00,3.164128633216023445e-03
1.319589700213197547e+00,3.172520548105239868e-03
1.319743407353287434e+00,4.289577249437570572e-03
1.319896950905495858e+00,3.423470538109540939e-03
1.320050331217660577e+00,3.445932641625404358e-03
1.320203548636510238e+00,3.162509063258767128e-03
1.320356603507670812e+00,2.316496102139353752e-03
1.320509496175668929e+00,3.164577297866344452e-03
1.320662226983937426e+00,3.159119980409741402e-03
1.320814796274819125e+00,2.871838631108403206e-03
1.320967204389572158e+00,3.985143732279539108e-03
1.321119451668374190e+00,2.607047325000166893e-03
1.321271538450327077e+00,5.118334200233221054e-03
1.321423465073461312e+00,3.145988332107663155e-03
1.321575231874740464e+00,5.371250677853822708e-03
1.321726839190066061e+00,3.705827053636312485e-03
1.321878287354282033e+00,4.532195162028074265e-03
1.322029576701178488e+00,5.363652948290109634e-03
1.322180707563496149e+00,1.749883755110204220e-03
1.322331680272931687e+00,4.251924809068441391e-03
1.322482495160141713e+00,4.816007800400257111e-03
1.322633152554746783e+00,2.034893259406089783e-03
1.322783652785335606e+00,3.139023436233401299e-03
1.322933996179469718e+00,3.979117609560489655e-03
1.323084183063687691e+00,2.027254318818449974e-03
1.323234213763509581e+00,3.138171043246984482e-03
1.323384088603440922e+00,3.414764767512679100e-03
1.323533807906976278e+00,2.851954661309719086e-03
1.323683371996605240e+00,4.243523813784122467e-03
1.323832781193814645e+00,1.751465257257223129e-03
1.323982035819093461e+00,4.798039328306913376e-03
1.324131136191937674e+00,3.689388046041131020e-03
1.324280082630853395e+00,3.406727220863103867e-03
1.324428875453360854e+00,3.401244059205055237e-03
1.324577514975999293e+00,2.851477824151515961e-03
1.324726001514330731e+00,2.854563994333148003e-03
1.324874335382943524e+00,3.959327470511198044e-03
1.325022516895456581e+00,3.123560221865773201e-03
1.325170546364523805e+00,2.838354557752609253e-03
1.325318424101836978e+00,6.174470297992229462e-03
1.325466150418131539e+00,5.061599425971508026e-03
1.325613725623188355e+00,4.217014182358980179e-03
1.325761150025838830e+00,2.846847986802458763e-03
1.325908423933969349e+00,4.505700431764125824e-03
1.326055547654523048e+00,3.117356216534972191e-03
1.326202521493506037e+00,2.565390896052122116e-03
1.326349345755989839e+00,5.899951793253421783e-03
1.326496020746115168e+00,3.389165271073579788e-03
1.326642546767096587e+00,2.842824906110763550e-03
1.326788924121225177e+00,3.117664717137813568e-03
1.326935153109873644e+00,3.389497054740786552e-03
1.327081234033498314e+00,4.502175841480493546e-03
1.327227167191644019e+00,4.219728056341409683e-03
1.327372952882947876e+00,2.559150103479623795e-03
1.327518591405142168e+00,2.841125242412090302e-03
1.327664083055058786e+00,3.112765494734048843e-03
1.327809428128631897e+00,3.115270985290408134e-03
1.327954626920903047e+00,3.111001569777727127e-03
1.328099679726022941e+00,3.110292134806513786e-03
1.328244586837256547e+00,3.943512216210365295e-03
1.328389348546985760e+00,3.112206468358635902e-03
1.328533965146713181e+00,3.111867234110832214e-03
1.328678436927065887e+00,3.666394157335162163e-03
1.328822764177798321e+00,3.940969705581665039e-03
1.328966947187797176e+00,3.937946632504463196e-03
1.329110986245082504e+00,4.219234455376863480e-03
1.329254881636813268e+00,3.939155954867601395e-03
1.329398633649290229e+00,4.768731072545051575e-03
1.329542242567958832e+00,2.830112120136618614e-03
1.329685708677412981e+00,2.271726028993725777e-03
1.329829032261398147e+00,3.655455308035016060e-03
1.329972213602816034e+00,2.546990988776087761e-03
1.330115252983725682e+00,1.988108037039637566e-03
1.330258150685348584e+00,1.435928163118660450e-03
1.330400906988071119e+00,3.103309310972690582e-03
1.330543522171448556e+00,4.212378058582544327e-03
1.330685996514207714e+00,4.210668150335550308e-03
1.330828330294250073e+00,3.378080902621150017e-03
1.330970523788655990e+00,3.933965228497982025e-03
1.331112577273687370e+00,2.263316186144948006e-03
1.331254491024790099e+00,3.930400125682353973e-03
1.331396265316599381e+00,2.259051660075783730e-03
1.331537900422939735e+00,3.927883226424455643e-03
1.331679396616831657e+00,3.648843383416533470e-03
1.331820754170492060e+00,5.320239812135696411e-03
1.331961973355339168e+00,4.205839242786169052e-03
1.332103054441994505e+00,1.983075868338346481e-03
1.332243997700286675e+00,3.369184909388422966e-03
1.332384803399254025e+00,2.259247004985809326e-03
1.332525471807147754e+00,1.425526570528745651e-03
1.332666003191435911e+00,4.202704876661300659e-03
1.332806397818804944e+00,3.373077372089028358e-03
1.332946655955163706e+00,2.814951119944453239e-03
1.333086777865646777e+00,1.425039838068187237e-03
1.333226763814616245e+00,3.929449245333671570e-03
1.333366614065665479e+00,4.757693503051996231e-03
1.333506328881622016e+00,2.813251921907067299e-03
1.333645908524551560e+00,4.477624781429767609e-03
1.333785353255757977e+00,2.817630302160978317e-03
1.333924663335790406e+00,4.479999653995037079e-03
1.334063839024442144e+00,3.922676667571067810e-03
1.334202880580755979e+00,2.531664213165640831e-03
1.334341788263026407e+00,2.532094484195113182e-03
1.334480562328803188e+00,2.254468156024813652e-03
1.334619203034892676e+00,3.365841461345553398e-03
1.334757710637362038e+00,2.810580423101782799e-03
1.334896085391541254e+00,2.529302146285772324e-03
1.335034327552026889e+00,2.813356695696711540e-03
1.335172437372683429e+00,1.972358440980315208e-03
1.335310415106648385e+00,4.756807349622249603e-03
1.335448261006332515e+00,2.530936384573578835e-03
1.335585975323423824e+00,3.364533185958862305e-03
1.335723558308890890e+00,2.810110570862889290e-03
1.335861010212984423e+00,2.806780394166707993e-03
1.335998331285240592e+00,2.809586236253380775e-03
1.336135521774483914e+00,4.750055260956287384e-03
1.336272581928829695e+00,1.971369143575429916e-03
1.336409511995686694e+00,4.197894129902124405e-03
1.336546312221759569e+00,3.641377901658415794e-03
1.336682982853052426e+00,2.807329641655087471e-03
1.336819524134870374e+00,4.750704392790794373e-03
1.336955936311823301e+00,5.305128637701272964e-03
1.337092219627826983e+00,3.914527595043182373e-03
1.337228374326107749e+00,5.583866499364376068e-03
1.337364400649202922e+00,3.358832094818353653e-03
1.337500298838964818e+00,2.812922932207584381e-03
1.337636069136562966e+00,4.198726732283830643e-03
1.337771711782486772e+00,4.751231521368026733e-03
1.337907227016547740e+00,3.084261203184723854e-03
1.338042615077882580e+00,1.972131663933396339e-03
1.338177876204954542e+00,3.637768561020493507e-03
1.338313010635557632e+00,2.248677192255854607e-03
1.338448018606818390e+00,1.970171462744474411e-03
1.338582900355197225e+00,4.474700894206762314e-03
1.338717656116493071e+00,2.527240198105573654e-03
1.338852286125844060e+00,3.355998545885086060e-03
1.338986790617730849e+00,4.470859188586473465e-03
1.339121169825978619e+00,3.078317036852240562e-03
1.339255423983760629e+00,4.744049161672592163e-03
1.339389553323598658e+00,3.356815548613667488e-03
1.339523558077367227e+00,4.746883176267147064e-03
1.339657438476295592e+00,5.026019643992185593e-03
1.339791194750968639e+00,1.969390548765659332e-03
1.339924827131331986e+00,2.799679525196552277e-03
1.340058335846691984e+00,4.466962069272994995e-03
1.340191721125719049e+00,3.355438821017742157e-03
1.340324983196450326e+00,3.356740111485123634e-03
1.340458122286291021e+00,1.688665593974292278e-03
1.340591138622017953e+00,3.079109359532594681e-03
1.340724032429781110e+00,1.409176387824118137e-03
1.340856803935105646e+00,3.079014364629983902e-03
1.340989453362895212e+00,3.076613182201981544e-03
1.341121980937432845e+00,3.635064931586384773e-03
1.341254386882385408e+00,3.081453964114189148e-03
1.341386671420803367e+00,3.079752670601010323e-03
1.341518834775124347e+00,5.022391211241483688e-03
1.341650877167175793e+00,5.300482269376516342e-03
1.341782798818175859e+00,4.186915699392557144e-03
1.341914599948737186e+00,4.465217702090740204e-03
1.342046280778867784e+00,2.242769347503781319e-03
1.342177841527973481e+00,6.413185037672519684e-03
1.342309282414861693e+00,3.917001187801361084e-03
1.342440603657740983e+00,5.581040401011705399e-03
1.342571805474225055e+00,3.358362009748816490e-03
1.342702888081334534e+00,4.466037731617689133e-03
1.342833851695499181e+00,2.520031994208693504e-03
1.342964696532559454e+00,3.074528416618704796e-03
1.343095422807769390e+00,4.185037687420845032e-03
1.343226030735798382e+00,2.521623624488711357e-03
1.343356520530733178e+00,2.517474582418799400e-03
1.343486892406080546e+00,3.074400592595338821e-03
1.343617146574768162e+00,2.541199326515197754e-03
1.343747283249148161e+00,3.330516219139099121e-01
1.343877302640998250e+00,3.593814969062805176e-01
1.344007204961524593e+00,3.452379107475280762e-01
1.344136990421362698e+00,3.088020682334899902e-01
1.344266659230580307e+00,2.948538661003112793e-01
1.344396211598679169e+00,2.771534025669097900e-01
1.344525647734597706e+00,2.661975622177124023e-01
1.344654967846711680e+00,2.433177679777145386e-01
1.344784172142837297e+00,1.969941258430480957e-01
1.344913260830233659e+00,1.588523685932159424e-01
1.345042234115602309e+00,1.351783424615859985e-01
1.345171092205092789e+00,1.048871353268623352e-01
1.345299835304301750e+00,7.507346570491790771e-02
1.345428463618276060e+00,6.139909848570823669e-02
1.345556977351514583e+00,6.593509763479232788e-02
1.345685376707970171e+00,3.532823920249938965e-02
1.345813661891051893e+00,2.858894877135753632e-02
1.345941833103626584e+00,1.830142363905906677e-02
1.346069890548020398e+00,1.149639859795570374e-02
1.346197834426021922e+00,1.359230093657970428e-02
1.346325664938882838e+00,8.262510411441326141e-03
1.346453382287320366e+00,2.369669452309608459e-02
1.346580986671519709e+00,1.059277355670928955e-02
1.346708478291134492e+00,9.675767272710800171e-03
1.346835857345290099e+00,1.226550247520208359e-02
1.346963124032584558e+00,4.490701016038656235e-03
1.347090278551091425e+00,7.423299830406904221e-03
1.347217321098360232e+00,1.174482516944408417e-02
1.347344251871419818e+00,6.762076169252395630e-03
1.347471071066778325e+00,4.926082212477922440e-03
1.347597778880427200e+00,4.789897240698337555e-03
1.347724375507841854e+00,3.559471806511282921e-03
1.347850861143983225e+00,3.810022026300430298e-03
1.347977235983299549e+00,3.700788831338286400e-03
1.348103500219729467e+00,3.635481931269168854e-03
1.348229654046701809e+00,3.608754137530922890e-03
1.348355697657139141e+00,3.273248206824064255e-03
1.348481631243459322e+00,2.683042315766215324e-03
1.348607454997574839e+00,4.232868552207946777e-03
1.348733169110898800e+00,4.397421143949031830e-03
1.348858773774342712e+00,3.814833704382181168e-03
1.348984269178320705e+00,4.328990355134010315e-03
1.349109655512749972e+00,3.725974354892969131e-03
1.349234932967053435e+00,5.642938893288373947e-03
1.349360101730160633e+00,4.048611037433147430e-03
1.349485161990509940e+00,2.901878440752625465e-03
1.349610113936049904e+00,3.215379314497113228e-03
1.349734957754241460e+00,4.592145793139934540e-03
1.349859693632058821e+00,2.647108631208539009e-03
1.349984321755992367e+00,4.850191529840230942e-03
1.350108842312048862e+00,4.544008523225784302e-03
1.350233255485754569e+00,3.418053034693002701e-03
1.350357561462155465e+00,3.982471302151679993e-03
1.350481760425819910e+00,4.813313018530607224e-03
1.350605852560840425e+00,1.766365021467208862e-03
1.350729838050834131e+00,4.820643458515405655e-03
1.350853717078945415e+00,3.700101748108863831e-03
1.350977489827847933e+00,3.417466534301638603e-03
1.351101156479744825e+00,3.977917600423097610e-03
1.351224717216371163e+00,3.690356155857443810e-03
1.351348172218995725e+00,4.521056544035673141e-03
1.351471521668422549e+00,3.134706290438771248e-03
1.351594765744991378e+00,4.531645216047763824e-03
1.351717904628581435e+00,4.241494927555322647e-03
1.351840938498610756e+00,2.280679298564791679e-03
1.351963867534039299e+00,3.117594867944717407e-03
1.352086691913369387e+00,3.115627914667129517e-03
1.352209411814648377e+00,3.123322967439889908e-03
1.352332027415469762e+00,3.127990989014506340e-03
1.352454538892973845e+00,2.839804627001285553e-03
1.352576946423850845e+00,3.390369471162557602e-03
1.352699250184340896e+00,2.838961081579327583e-03
1.352821450350236709e+00,3.113667247816920280e-03
1.352943547096885135e+00,3.103953553363680840e-03
1.353065540599187155e+00,4.775835666805505753e-03
1.353187431031601218e+00,2.276322571560740471e-03
1.353309218568143679e+00,4.491450265049934387e-03
1.353430903382390360e+00,2.272067125886678696e-03
1.353552485647478765e+00,3.665318246930837631e-03
1.353673965536108748e+00,2.278230851516127586e-03
1.353795343220544289e+00,3.668599994853138924e-03
1.353916618872614830e+00,2.552988240495324135e-03
1.354037792663716822e+00,1.438773120753467083e-03
1.354158864764815728e+00,3.942216280847787857e-03
1.354279835346446026e+00,3.378494642674922943e-03
1.354400704578714754e+00,4.769903607666492462e-03
1.354521472631300405e+00,3.100998699665069580e-03
1.354642139673456924e+00,3.651291131973266602e-03
1.354762705874013262e+00,2.265396993607282639e-03
1.354883171401375597e+00,2.817233791574835777e-03
1.355003536423528443e+00,1.707483665086328983e-03
1.355123801108036652e+00,2.821803791448473930e-03
1.355243965622045854e+00,5.312734283506870270e-03
1.355364030132284903e+00,3.922308795154094696e-03
1.355483994805066095e+00,3.928015008568763733e-03
1.355603859806287614e+00,3.651333739981055260e-03
1.355723625301434643e+00,3.366371616721153259e-03
1.355843291455580024e+00,4.203443415462970734e-03
1.355962858433386486e+00,3.373034531250596046e-03
1.356082326399107973e+00,2.808894729241728783e-03
1.356201695516590089e+00,2.811428625136613846e-03
1.356320965949272761e+00,4.200194031000137329e-03
1.356440137860190465e+00,1.977765467017889023e-03
1.356559211411973553e+00,1.979001099243760109e-03
1.356678186766851368e+00,5.587472580373287201e-03
1.356797064086650906e+00,3.919595386832952499e-03
1.356915843532800148e+00,2.251702360808849335e-03
1.357034525266328062e+00,2.528876299038529396e-03
1.357153109447867489e+00,3.087025834247469902e-03
1.357271596237654920e+00,2.249506069347262383e-03
1.357389985795532272e+00,3.637244459241628647e-03
1.357508278280948444e+00,3.363136202096939087e-03
1.357626473852960425e+00,1.137341372668743134e-03
1.357744572670234628e+00,3.916085232049226761e-03
1.357862574891047780e+00,2.803075592964887619e-03
1.357980480673289581e+00,2.524608047679066658e-03
1.358098290174461598e+00,3.913576249033212662e-03
1.358216003551680817e+00,2.526306081563234329e-03
1.358333620961679200e+00,4.747898783534765244e-03
1.358451142560806568e+00,3.363777184858918190e-03
1.358568568505030161e+00,2.524465788155794144e-03
1.358685898949937521e+00,2.803798764944076538e-03
1.358803134050735828e+00,1.965339761227369308e-03
1.358920273962255010e+00,2.247044816613197327e-03
1.359037318838947961e+00,4.194120410829782486e-03
1.359154268834892099e+00,2.244255971163511276e-03
1.359271124103790029e+00,2.803063951432704926e-03
1.359387884798971324e+00,3.079038811847567558e-03
1.359504551073394074e+00,2.521545160561800003e-03
1.359621123079644889e+00,2.520323963835835457e-03
1.359737600969940896e+00,3.908440470695495605e-03
1.359853984896131518e+00,3.354573156684637070e-03
1.359970275009698026e+00,3.908288665115833282e-03
1.360086471461756430e+00,2.241495996713638306e-03
1.360202574403057696e+00,2.798871602863073349e-03
1.360318583983988638e+00,3.908113576471805573e-03
1.360434500354574361e+00,3.904662327840924263e-03
1.360550323664478034e+00,3.628043923527002335e-03
1.360666054063003116e+00,2.519453410059213638e-03
1.360781691699093576e+00,2.240833826363086700e-03
1.360897236721335890e+00,5.853324662894010544e-03
1.361012689277959709e+00,1.686183619312942028e-03
1.361128049516838967e+00,3.628072096034884453e-03
1.361243317585493218e+00,3.353105159476399422e-03
1.361358493631088962e+00,3.072767751291394234e-03
1.361473577800439871e+00,3.350673243403434753e-03
1.361588570240009455e+00,3.905963152647018433e-03
1.361703471095910833e+00,3.071884624660015106e-03
1.361818280513907631e+00,2.518606837838888168e-03
1.361932998639417081e+00,4.183277487754821777e-03
1.362047625617508695e+00,1.683637616224586964e-03
1.362162161592906928e+00,3.349998267367482185e-03
1.362276606709992066e+00,2.237871987745165825e-03
1.362390961112800447e+00,3.347975667566061020e-03
1.362505224945026461e+00,4.184204153716564178e-03
1.362619398350023658e+00,3.348007798194885254e-03
1.362733481470805197e+00,2.238857094198465347e-03
1.362847474450045171e+00,3.349779639393091202e-03
1.362961377430079946e+00,3.628785954788327217e-03
1.363075190552908600e+00,2.791184466332197189e-03
1.363188913960195148e+00,3.070094157010316849e-03
1.363302547793268316e+00,3.070038277655839920e-03
1.363416092193123097e+00,4.736862145364284515e-03
1.363529547300422307e+00,3.626703750342130661e-03
1.363642913255496802e+00,4.461079835891723633e-03
1.363756190198346596e+00,4.461095202714204788e-03
1.363869378268642851e+00,3.902723081409931183e-03
1.363982477605728105e+00,3.342539770528674126e-03
1.364095488348617158e+00,6.124606821686029434e-03
1.364208410635998403e+00,4.735660739243030548e-03
1.364321244606234940e+00,3.624898614361882210e-03
1.364433990397365459e+00,2.236316446214914322e-03
1.364546648147105357e+00,2.792722778394818306e-03
1.364659217992847617e+00,5.014665424823760986e-03
1.364771700071663929e+00,3.347386606037616730e-03
1.364884094520304902e+00,3.623610595241189003e-03
1.364996401475203402e+00,3.347375895828008652e-03
1.365108621072472106e+00,2.790551865473389626e-03
1.365220753447907498e+00,2.789911581203341484e-03
1.365332798736989206e+00,2.510564634576439857e-03
1.365444757074881776e+00,2.788114128634333611e-03
1.365556628596434674e+00,3.346347715705633163e-03
1.365668413436184725e+00,2.790434751659631729e-03
1.365780111728355672e+00,3.900647629052400589e-03
1.365891723606859953e+00,3.901862073689699173e-03
1.366003249205299364e+00,3.622165415436029434e-03
1.366114688656966170e+00,4.455188289284706116e-03
1.366226042094844217e+00,2.513415645807981491e-03
1.366337309651608933e+00,3.067371435463428497e-03
1.366448491459630210e+00,3.065762808546423912e-03
1.366559587650970631e+00,3.900009440258145332e-03
1.366670598357389466e+00,1.677132677286863327e-03
1.366781523710340895e+00,4.178411792963743210e-03
1.366892363840976676e+00,4.455538932234048843e-03
1.367003118880146584e+00,1.954631647095084190e-03
1.367113788958398635e+00,4.733419511467218399e-03
1.367224374205981308e+00,1.677147811278700829e-03
1.367334874752843543e+00,3.621541662141680717e-03
1.367445290728636076e+00,2.509168582037091255e-03
1.367555622262711879e+00,3.065708559006452560e-03
1.367665869484127494e+00,3.064974676817655563e-03
1.367776032521644147e+00,4.177028778940439224e-03
1.367886111503727742e+00,3.065114608034491539e-03
1.367996106558550862e+00,3.342068521305918694e-03
1.368106017813992770e+00,3.620869247242808342e-03
1.368215845397641184e+00,3.342346753925085068e-03
1.368325589436792056e+00,2.508632838726043701e-03
1.368435250058451347e+00,3.065421944484114647e-03
1.368544827389335694e+00,4.175563342869281769e-03
1.368654321555873077e+00,5.287707317620515823e-03
1.368763732684203926e+00,2.510266611352562904e-03
1.368873060900181793e+00,3.064738353714346886e-03
1.368982306329374454e+00,3.064940916374325752e-03
1.369091469097064584e+00,3.064253600314259529e-03
1.369200549328250860e+00,3.064543008804321289e-03
1.369309547147647965e+00,2.508033765479922295e-03
1.369418462679689252e+00,3.896994050592184067e-03
1.369527296048525411e+00,3.896704409271478653e-03
1.369636047378026911e+00,2.508867532014846802e-03
1.369744716791784667e+00,5.841576959937810898e-03
1.369853304413109374e+00,2.785316901281476021e-03
1.369961810365034838e+00,3.064022399485111237e-03
1.370070234770316198e+00,3.618960967287421227e-03
1.370178577751433036e+00,2.786516211926937103e-03
1.370286839430588710e+00,1.675168401561677456e-03
1.370395019929711911e+00,2.230555051937699318e-03
1.370503119370457101e+00,3.063729032874107361e-03
1.370611137874205410e+00,2.785869874060153961e-03
1.370719075562065736e+00,2.785712713375687599e-03
1.370826932554875421e+00,3.340285969898104668e-03
1.370934708973200244e+00,4.173695575445890427e-03
1.371042404937337089e+00,2.784320851787924767e-03
1.371150020567313277e+00,2.229871693998575211e-03
1.371257555982886789e+00,4.174199420958757401e-03
1.371365011303549597e+00,2.230177866294980049e-03
1.371472386648525665e+00,2.230495680123567581e-03
1.371579682136773171e+00,5.008063744753599167e-03
1.371686897886985390e+00,2.507270313799381256e-03
1.371794034017591368e+00,3.061848226934671402e-03
1.371901090646755916e+00,5.006219260394573212e-03
1.372008067892381167e+00,2.784626325592398643e-03
1.372114965872107240e+00,3.895564237609505653e-03
1.372221784703313130e+00,4.172653425484895706e-03
1.372328524503117153e+00,3.618488553911447525e-03
1.372435185388377166e+00,3.062633564695715904e-03
1.372541767475693675e+00,5.006540101021528244e-03
1.372648270881406951e+00,3.895190078765153885e-03
1.372754695721601914e+00,2.784646349027752876e-03
1.372861042112104801e+00,3.617418231442570686e-03
1.372967310168486943e+00,2.506826072931289673e-03
1.373073500006064540e+00,2.783200005069375038e-03
1.373179611739899109e+00,2.229060279205441475e-03
1.373285645484798367e+00,4.173423163592815399e-03
1.373391601355317126e+00,2.506742253899574280e-03
1.373497479465757953e+00,2.506720833480358124e-03
1.373603279930172283e+00,5.005836952477693558e-03
1.373709002862360418e+00,4.450881853699684143e-03
1.373814648375872638e+00,4.728609696030616760e-03
1.373920216584010312e+00,2.784436102956533432e-03
1.374025707599826340e+00,3.617359790951013565e-03
1.374131121536124711e+00,3.894933499395847321e-03
1.374236458505463832e+00,4.172266460955142975e-03
1.374341718620154751e+00,3.616814734414219856e-03
1.374446901992263603e+00,2.505627693608403206e-03
1.374552008733610498e+00,3.894511377438902855e-03
1.374657038955772625e+00,2.505392767488956451e-03
1.374761992770082486e+00,1.950815552845597267e-03
1.374866870287630549e+00,3.339088056236505508e-03
1.374971671619265257e+00,2.505498006939888000e-03
1.375076396875593021e+00,1.949932309798896313e-03
1.375181046166979559e+00,2.505002077668905258e-03
1.375285619603551446e+00,3.894618479534983635e-03
1.375390117295195447e+00,2.227412303909659386e-03
1.375494539351559409e+00,4.172095097601413727e-03
1.375598885882053590e+00,2.227765042334794998e-03
1.375703156995851550e+00,3.060773247852921486e-03
1.375807352801888594e+00,3.338939277455210686e-03
1.375911473408866659e+00,3.894089721143245697e-03
1.376015518925250092e+00,2.782539231702685356e-03
1.376119489459270318e+00,2.783614443615078926e-03
1.376223385118924503e+00,3.616518806666135788e-03
1.376327206011976223e+00,3.893974935635924339e-03
1.376430952245957240e+00,2.505863551050424576e-03
1.376534623928166612e+00,2.782663563266396523e-03
1.376638221165673803e+00,1.949598779901862144e-03
1.376741744065315798e+00,4.726973827928304672e-03
1.376845192733701762e+00,3.060024464502930641e-03
1.376948567277209712e+00,3.059839131310582161e-03
1.377051867801990515e+00,2.504132455214858055e-03
1.377155094413966996e+00,4.726786166429519653e-03
1.377258247218834386e+00,4.449070431292057037e-03
1.377361326322061874e+00,3.337573260068893433e-03
1.377464331828891941e+00,2.504396950826048851e-03
1.377567263844342804e+00,2.226751996204257011e-03
1.377670122473207304e+00,3.060231916606426239e-03
1.377772907820054016e+00,4.171219188719987869e-03
1.377875619989229694e+00,2.782013267278671265e-03
1.377978259084856605e+00,2.226195996627211571e-03
1.378080825210836080e+00,4.449048545211553574e-03
1.378183318470847851e+00,3.893082961440086365e-03
1.378285738968350271e+00,1.392811420373618603e-03
1.378388086806581869e+00,3.060087794438004494e-03
1.378490362088562016e+00,3.059857757762074471e-03
1.378592564917090479e+00,3.337779548019170761e-03
1.378694695394748537e+00,3.615021239966154099e-03
1.378796753623900972e+00,3.893067361786961555e-03
1.378898739706694299e+00,2.226986223831772804e-03
1.379000653745058980e+00,2.782081719487905502e-03
1.379102495840709652e+00,3.615147434175014496e-03
1.379204266095145792e+00,3.059572074562311172e-03
1.379305964609651713e+00,2.225818578153848648e-03
1.379407591485298124e+00,4.170574713498353958e-03
1.379509146822942789e+00,1.671229489147663116e-03
1.379610630723229425e+00,3.614817978814244270e-03
1.379712043286590362e+00,2.781883347779512405e-03
1.379813384613245875e+00,2.781761111691594124e-03
1.379914654803205964e+00,2.781768795102834702e-03
1.380015853956269023e+00,1.948032993823289871e-03
1.380116982172024720e+00,3.615134395658969879e-03
1.380218039549852227e+00,2.225680509582161903e-03
1.380319026188922882e+00,4.170389380306005478e-03
1.380419942188199967e+00,4.170431755483150482e-03
1.380520787646438707e+00,3.892655018717050552e-03
1.380621562662188051e+00,3.336782567203044891e-03
1.380722267333789555e+00,3.614736720919609070e-03
1.380822901759379828e+00,2.781112445518374443e-03
1.380923466036890312e+00,2.781322924420237541e-03
1.381023960264047501e+00,3.614740911871194839e-03
1.381124384538373384e+00,2.503479365259408951e-03
1.381224738957187226e+00,3.614136483520269394e-03
1.381325023617604897e+00,2.781694289296865463e-03
1.381425238616539986e+00,3.336665686219930649e-03
1.381525384050704242e+00,2.781256102025508881e-03
1.381625460016608686e+00,1.947636599652469158e-03
1.381725466610562059e+00,3.058894071727991104e-03
1.381825403928675033e+00,1.391888596117496490e-03
1.381925272066857335e+00,1.669855322688817978e-03
1.382025071120819737e+00,3.336661728098988533e-03
1.382124801186075391e+00,1.669817254878580570e-03
1.382224462357938277e+00,4.169913940131664276e-03
1.382324054731526086e+00,2.780947135761380196e-03
1.382423578401758668e+00,2.780617214739322662e-03
1.382523033463360695e+00,3.058680333197116852e-03
1.382622420010860109e+00,4.169502295553684235e-03
1.382721738138590117e+00,2.503107767552137375e-03
1.382820987940689195e+00,3.891937900334596634e-03
1.382920169511101305e+00,3.058698028326034546e-03
1.383019282943577011e+00,3.891761880367994308e-03
1.383118328331674141e+00,1.947687589563429356e-03
1.383217305768757566e+00,3.336146241053938866e-03
1.383316215348000311e+00,1.669482793658971786e-03
1.383415057162383555e+00,3.058309666812419891e-03
1.383513831304697961e+00,5.836270749568939209e-03
1.383612537867543235e+00,3.058486152440309525e-03
1.383711176943329901e+00,4.447292536497116089e-03
1.383809748624278413e+00,2.780575305223464966e-03
1.383908253002420263e+00,2.503124298527836800e-03
1.384006690169599096e+00,3.058614209294319153e-03
1.384105060217470262e+00,1.669868710450828075e-03
1.384203363237502149e+00,1.947139971889555454e-03
1.384301599320975518e+00,3.058194182813167572e-03
1.384399768558985944e+00,2.225112868472933769e-03
1.384497871042442041e+00,2.502850722521543503e-03
1.384595906862068126e+00,4.169242922216653824e-03
1.384693876108402444e+00,4.169549793004989624e-03
1.384791778871800272e+00,3.891426371410489082e-03
1.384889615242432148e+00,2.224922878667712212e-03
1.384987385310285646e+00,4.169346299022436142e-03
1.385085089165165373e+00,3.336182562634348869e-03
1.385182726896693639e+00,2.780415350571274757e-03
1.385280298594311121e+00,3.891558852046728134e-03
1.385377804347276642e+00,1.947358483448624611e-03
1.385475244244668724e+00,3.057957859709858894e-03
1.385572618375385368e+00,1.946965116076171398e-03
1.385669926828144272e+00,5.280354991555213928e-03
1.385767169691484835e+00,4.169043153524398804e-03
1.385864347053765933e+00,2.502571558579802513e-03
1.385961459003169249e+00,1.669169054366648197e-03
1.386058505627698167e+00,3.335871268063783646e-03
1.386155487015177989e+00,1.113688223995268345e-03
1.386252403253258603e+00,2.502984600141644478e-03
1.386349254429411593e+00,2.502320567145943642e-03
1.386446040630933574e+00,1.668946235440671444e-03
1.386542761944945301e+00,4.446950275450944901e-03
1.386639418458392337e+00,2.224817639216780663e-03
1.386736010258045271e+00,3.335552755743265152e-03
1.386832537430501722e+00,3.335568355396389961e-03
1.386929000062184114e+00,3.057749709114432335e-03
1.387025398239342566e+00,4.169020336121320724e-03
1.387121732048054223e+00,2.224527765065431595e-03
1.387218001574223702e+00,2.780105918645858765e-03
1.387314206903584202e+00,3.058009780943393707e-03
1.387410348121697057e+00,2.502435585483908653e-03
1.387506425313953073e+00,3.057913389056921005e-03
1.387602438565572083e+00,3.891068045049905777e-03
1.387698387961604274e+00,3.335661021992564201e-03
1.387794273586930194e+00,2.502215327695012093e-03
1.387890095526260970e+00,3.613109467551112175e-03
1.387985853864139640e+00,4.724311642348766327e-03
1.388081548684940270e+00,3.890855703502893448e-03
1.388177180072870165e+00,2.779746660962700844e-03
1.388272748111967880e+00,2.224246272817254066e-03
1.388368252886106102e+00,2.502060029655694962e-03
1.388463694478990984e+00,1.946444506756961346e-03
1.388559072974162367e+00,1.946244854480028152e-03
1.388654388454994670e+00,3.890797728672623634e-03
1.388749641004696889e+00,3.890993073582649231e-03
1.388844830706313926e+00,3.057799302041530609e-03
1.388939957642725487e+00,2.224199939519166946e-03
1.389035021896648736e+00,2.779943635687232018e-03
1.389130023550636084e+00,1.391122932545840740e-03
1.389224962687077625e+00,1.113041769713163376e-03
1.389319839388200917e+00,1.391065423376858234e-03
1.389414653736071203e+00,2.779774134978652000e-03
1.389509405812592746e+00,2.501875162124633789e-03
1.389604095699507047e+00,2.780126640573143959e-03
1.389698723478396625e+00,3.335260320454835892e-03
1.389793289230681461e+00,2.224020194262266159e-03
1.389887793037623664e+00,2.224088413640856743e-03
1.389982234980324138e+00,1.668469165451824665e-03
1.390076615139725691e+00,3.612900385633111000e-03
1.390170933596611702e+00,2.223935443907976151e-03
1.390265190431607456e+00,3.057394409552216530e-03
1.390359385725180363e+00,2.501889597624540329e-03
1.390453519557640405e+00,3.612996311858296394e-03
1.390547592009139688e+00,3.335278015583753586e-03
1.390641603159675110e+00,1.946238800883293152e-03
1.390735553089085919e+00,4.168788902461528778e-03
1.390829441877055928e+00,1.668383833020925522e-03
1.390923269603114187e+00,3.612885484471917152e-03
1.391017036346633207e+00,3.612721804529428482e-03
1.391110742186832505e+00,3.890609368681907654e-03
1.391204387202775949e+00,2.501710783690214157e-03
1.391297971473373973e+00,3.057359717786312103e-03
1.391391495077384244e+00,3.612749744206666946e-03
1.391484958093410551e+00,4.446181934326887131e-03
1.391578360599903919e+00,2.501424169167876244e-03
1.391671702675164157e+00,3.890625201165676117e-03
1.391764984397337868e+00,3.335049608722329140e-03
1.391858205844420882e+00,4.446016158908605576e-03
1.391951367094257819e+00,4.168381914496421814e-03
1.392044468224542753e+00,4.723933525383472443e-03
1.392137509312819654e+00,3.334826556965708733e-03
1.392230490436481505e+00,2.779496135190129280e-03
1.392323411672772515e+00,2.501585287973284721e-03
1.392416273098788349e+00,3.057181136682629585e-03
1.392509074791474344e+00,3.335060784593224525e-03
1.392601816827629069e+00,4.446112550795078278e-03
1.392694499283901655e+00,3.056967630982398987e-03
1.392787122236794461e+00,2.501450711861252785e-03
1.392879685762662634e+00,3.334642155095934868e-03
1.392972189937714100e+00,1.945983269251883030e-03
1.393064634838010685e+00,2.223589923232793808e-03
1.393157020539467439e+00,4.168139304965734482e-03
1.393249347117853754e+00,2.223805291578173637e-03
1.393341614648794691e+00,4.168014973402023315e-03
1.393433823207768985e+00,3.890393069013953209e-03
1.393525972870111485e+00,4.167976789176464081e-03
1.393618063711012711e+00,2.223783405497670174e-03
1.393710095805518856e+00,2.779229078441858292e-03
1.393802069228533114e+00,5.001525860279798508e-03
1.393893984054815016e+00,1.945518539287149906e-03
1.393985840358982209e+00,2.779240952804684639e-03
1.394077638215508674e+00,2.779256086796522141e-03
1.394169377698726953e+00,3.612423315644264221e-03
1.394261058882828364e+00,2.778846072033047676e-03
1.394352681841861896e+00,3.056559478864073753e-03
1.394444246649735764e+00,1.668093027547001839e-03
1.394535753380218290e+00,3.056913847103714943e-03
1.394627202106937025e+00,4.445962142199277878e-03
1.394718592903378962e+00,1.668019103817641735e-03
1.394809925842892762e+00,3.334465203806757927e-03
1.394901200998686752e+00,4.167993552982807159e-03
1.394992418443831372e+00,4.168029874563217163e-03
1.395083578251258061e+00,1.945793977938592434e-03
1.395174680493759478e+00,3.333942266181111336e-03
1.395265725243991950e+00,1.945774885825812817e-03
1.395356712574472802e+00,3.612357424572110176e-03
1.395447642557583467e+00,4.167797975242137909e-03
1.395538515265567270e+00,3.890272229909896851e-03
1.395629330770532972e+00,4.445675760507583618e-03
1.395720089144451226e+00,4.166295286267995834e-03
1.395810790459158346e+00,3.057038178667426109e-03
1.395901434786354978e+00,1.381437629461288452e-01
1.395992022197606097e+00,3.910135328769683838e-01
1.396082552764342344e+00,3.595425188541412354e-01
1.396173026557860020e+00,3.353024125099182129e-01
1.396263443649321534e+00,3.156383931636810303e-01
1.396353804109755625e+00,3.247427344322204590e-01
1.396444108010057139e+00,3.048661947250366211e-01
1.396534355420987916e+00,2.843657732009887695e-01
1.396624546413177681e+00,2.775000035762786865e-01
1.396714681057123375e+00,2.492931485176086426e-01
1.396804759423189823e+00,2.415232062339782715e-01
1.396894781581610401e+00,2.424485087394714355e-01
1.396984747602487031e+00,2.147730439901351929e-01
1.397074657555790189e+00,1.853836327791213989e-01
1.397164511511360008e+00,1.450881212949752808e-01
1.397254309538906281e+00,1.369503438472747803e-01
1.397344051708008461e+00,9.456063061952590942e-02
1.397433738088116328e+00,8.008974790573120117e-02
1.397523368748549988e+00,6.290417164564132690e-02
1.397612943758500981e+00,5.591942742466926575e-02
1.397702463187031396e+00,5.329730361700057983e-02
1.397791927103075649e+00,3.204329684376716614e-02
1.397881335575438921e+00,2.843293361365795135e-02
1.397970688672799611e+00,5.962501838803291321e-02
1.398059986463707549e+00,3.229893371462821960e-02
1.398149229016586448e+00,2.141841687262058258e-02
1.398238416399732564e+00,1.303892768919467926e-02
1.398327548681315369e+00,8.564965799450874329e-03
1.398416625929378432e+00,9.555011987686157227e-03
1.398505648211838981e+00,7.601502817124128342e-03
1.398594615596489010e+00,6.208567414432764053e-03
1.398683528150995281e+00,1.047045458108186722e-02
1.398772385942898655e+00,5.892849061638116837e-03
1.398861189039616537e+00,3.921093884855508804e-03
1.398949937508440655e+00,4.665173590183258057e-03
1.399038631416539502e+00,7.745076436549425125e-03
1.399127270830957448e+00,9.325023740530014038e-03
1.399215855818615184e+00,6.920767016708850861e-03
1.399304386446311055e+00,1.188039872795343399e-02
1.399392862780718838e+00,2.224915847182273865e-02
1.399481284888391741e+00,1.359206717461347580e-02
1.399569652835758848e+00,1.230083499103784561e-02
1.399657966689128674e+00,2.323893271386623383e-02
1.399746226514687386e+00,5.858512595295906067e-03
1.399834432378499471e+00,5.296461284160614014e-03
1.399922584346509069e+00,5.399084649980068207e-03
1.400010682484538638e+00,3.625852055847644806e-03
1.400098726858291176e+00,5.717964377254247665e-03
1.400186717533348224e+00,2.506742952391505241e-03
1.400274654575172528e+00,2.456762827932834625e-03
1.400362538049106709e+00,3.217559540644288063e-03
1.400450368020373704e+00,2.908337162807583809e-03
1.400538144554077880e+00,4.003008827567100525e-03
1.400625867715205253e+00,3.737587714567780495e-03
1.400713537568621936e+00,5.142348352819681168e-03
1.400801154179077912e+00,4.017266444861888885e-03
1.400888717611202816e+00,3.424964612349867821e-03
1.400976227929510820e+00,3.684941446408629417e-03
1.401063685198397968e+00,3.408108837902545929e-03
1.401151089482142842e+00,4.268592223525047302e-03
1.401238440844907673e+00,2.017104299739003181e-03
1.401325739350738342e+00,2.575621940195560455e-03
1.401412985063564598e+00,2.253034617751836777e-03
1.401500178047199396e+00,5.078146699815988541e-03
1.401587318365341339e+00,2.851293422281742096e-03
1.401674406081573121e+00,4.775560460984706879e-03
1.401761441259361751e+00,3.103123279288411140e-03
1.401848423962060552e+00,3.676074091345071793e-03
1.401935354252907162e+00,2.829733071848750114e-03
1.402022232195026197e+00,3.116253297775983810e-03
1.402109057851427254e+00,3.102621529251337051e-03
1.402195831285006911e+00,1.717247883789241314e-03
1.402282552558548057e+00,3.123138798400759697e-03
1.402369221734720339e+00,2.823583781719207764e-03
1.402455838876080829e+00,2.259292174130678177e-03
1.402542404045073576e+00,2.810887992382049561e-03
1.402628917304030720e+00,3.653181251138448715e-03
1.402715378715171823e+00,3.376287175342440605e-03
1.402801788340605427e+00,3.927631303668022156e-03
1.402888146242327938e+00,1.148990704677999020e-03
1.402974452482224077e+00,2.812122227624058723e-03
1.403060707122068873e+00,1.701897243037819862e-03
1.403146910223525667e+00,2.806686330586671829e-03
1.403233061848147445e+00,2.257347106933593750e-03
1.403319162057376834e+00,1.981402980163693428e-03
1.403405210912547219e+00,1.975842518731951714e-03
1.403491208474881624e+00,2.524875570088624954e-03
1.403577154805493832e+00,2.253752900287508965e-03
1.403663049965388820e+00,2.251954982057213783e-03
1.403748894015461879e+00,1.134823192842304707e-03
1.403834687016500382e+00,3.642311086878180504e-03
1.403920429029183570e+00,2.525177318602800369e-03
1.404006120114081213e+00,3.358025103807449341e-03
1.404091760331656724e+00,1.132073113694787025e-03
1.404177349742264935e+00,3.633312648162245750e-03
1.404262888406153653e+00,4.194641020148992538e-03
1.404348376383463881e+00,1.687782933004200459e-03
1.404433813734229153e+00,2.522564725950360298e-03
1.404519200518376865e+00,5.298367235809564590e-03
1.404604536795728054e+00,3.353420412167906761e-03
1.404689822625997175e+00,3.073788713663816452e-03
1.404775058068793658e+00,2.521015238016843796e-03
1.404860243183620572e+00,3.352396888658404350e-03
1.404945378029876180e+00,3.075056243687868118e-03
1.405030462666853275e+00,3.351958701387047768e-03
1.405115497153740289e+00,2.792146522551774979e-03
1.405200481549620406e+00,3.071039682254195213e-03
1.405285415913472891e+00,2.519799163565039635e-03
1.405370300304172870e+00,4.183967597782611847e-03
1.405455134780491555e+00,3.071090439334511757e-03
1.405539919401096460e+00,2.795016393065452576e-03
1.405624654224551628e+00,1.682752161286771297e-03
1.405709339309318739e+00,3.628020174801349640e-03
1.405793974713755778e+00,2.791252918541431427e-03
1.405878560496117480e+00,3.068761900067329407e-03
1.405963096714558214e+00,3.904547309502959251e-03
1.406047583427128211e+00,2.515107858926057816e-03
1.406132020691776674e+00,1.680670073255896568e-03
1.406216408566351106e+00,4.178834147751331329e-03
1.406300747108597315e+00,4.458337556570768356e-03
1.406385036376159858e+00,3.901850432157516479e-03
1.406469276426582704e+00,4.734808579087257385e-03
1.406553467317308792e+00,3.901910036802291870e-03
1.406637609105680475e+00,3.067380748689174652e-03
1.406721701848939965e+00,3.624161239713430405e-03
1.406805745604229552e+00,3.066424280405044556e-03
1.406889740428591384e+00,3.621476469561457634e-03
1.406973686378968580e+00,3.621178911998867989e-03
1.407057583512204335e+00,3.622493939474225044e-03
1.407141431885042593e+00,2.511758357286453247e-03
1.407225231554129818e+00,2.232323633506894112e-03
1.407308982576011891e+00,3.899669041857123375e-03
1.407392685007137434e+00,4.453409463167190552e-03
1.407476338903856927e+00,3.899103961884975433e-03
1.407559944322422041e+00,1.954951090738177299e-03
1.407643501318988077e+00,4.454653244465589523e-03
1.407727009949611086e+00,3.342982381582260132e-03
1.407810470270251191e+00,3.342917654663324356e-03
1.407893882336771041e+00,3.064851742237806320e-03
1.407977246204936250e+00,2.786637982353568077e-03
1.408060561930416066e+00,4.453830420970916748e-03
1.408143829568783367e+00,2.786741824820637703e-03
1.408227049175514667e+00,3.341605421155691147e-03
1.408310220805990332e+00,3.897094400599598885e-03
1.408393344515495693e+00,3.341889940202236176e-03
1.408476420359220160e+00,3.063529497012495995e-03
1.408559448392257440e+00,4.174834117293357849e-03
1.408642428669607316e+00,3.618513932451605797e-03
1.408725361246173202e+00,3.064504824578762054e-03
1.408808246176765255e+00,1.952676335349678993e-03
1.408891083516098375e+00,3.897506045177578926e-03
1.408973873318793979e+00,3.896637819707393646e-03
1.409056615639378451e+00,3.341155825182795525e-03
1.409139310532285361e+00,3.619927447289228439e-03
1.409221958051854351e+00,3.895453410223126411e-03
1.409304558252331807e+00,2.508437959477305412e-03
1.409387111187871078e+00,3.340444294735789299e-03
1.409469616912532253e+00,2.785089425742626190e-03
1.409552075480283051e+00,1.395829254761338234e-03
1.409634486944998599e+00,3.618743969127535820e-03
1.409716851360461876e+00,3.340510884299874306e-03
1.409799168780363487e+00,3.618460148572921753e-03
1.409881439258302782e+00,2.507174387574195862e-03
1.409963662847786736e+00,3.339549293741583824e-03
1.410045839602231066e+00,3.616977017372846603e-03
1.410127969574960893e+00,4.727176856249570847e-03
1.410210052819209636e+00,1.673778751865029335e-03
1.410292089388119896e+00,3.617039881646633148e-03
1.410374079334744346e+00,3.617359790951013565e-03
1.410456022712044621e+00,2.505567623302340508e-03
1.410537919572891985e+00,3.060912014916539192e-03
1.410619769970068660e+00,1.950515550561249256e-03
1.410701573956266275e+00,2.782870782539248466e-03
1.410783331584086753e+00,3.894494380801916122e-03
1.410865042906043643e+00,3.060634015128016472e-03
1.410946707974560121e+00,2.505828859284520149e-03
1.411028326841970992e+00,4.171988926827907562e-03
1.411109899560522241e+00,3.615503432229161263e-03
1.411191426182371700e+00,2.228061668574810028e-03
1.411272906759588164e+00,3.615563036873936653e-03
1.411354341344151830e+00,3.616563277319073677e-03
1.411435729987956744e+00,3.060025628656148911e-03
1.411517072742807022e+00,3.893387736752629280e-03
1.411598369660420405e+00,4.449048079550266266e-03
1.411679620792427592e+00,3.893228480592370033e-03
1.411760826190370688e+00,1.948784454725682735e-03
1.411841985905706531e+00,2.226910553872585297e-03
1.411923099989803587e+00,3.893174463883042336e-03
1.412004168493944833e+00,3.893529064953327179e-03
1.412085191469326428e+00,3.892637556418776512e-03
1.412166168967057933e+00,2.782855881378054619e-03
1.412247101038164088e+00,2.504091942682862282e-03
1.412327987733582368e+00,2.504246542230248451e-03
1.412408829104165431e+00,4.170902539044618607e-03
1.412489625200680665e+00,1.392982318066060543e-03
1.412570376073809530e+00,3.059556707739830017e-03
1.412651081774148887e+00,3.337779548019170761e-03
1.412731742352210329e+00,2.225952455773949623e-03
1.412812357858421741e+00,4.725939594209194183e-03
1.412892928343125298e+00,3.337242640554904938e-03
1.412973453856579908e+00,5.003443453460931778e-03
1.413053934448959659e+00,2.781825605779886246e-03
1.413134370170354925e+00,3.336953697726130486e-03
1.413214761070772152e+00,1.948204124346375465e-03
1.413295107200135181e+00,3.336326917633414268e-03
1.413375408608283257e+00,3.336708294227719307e-03
1.413455665344972578e+00,2.503708237782120705e-03
1.413535877459877632e+00,3.059117356315255165e-03
1.413616045002588528e+00,4.170410335063934326e-03
1.413696168022613664e+00,2.503688680008053780e-03
1.413776246569378836e+00,3.892211010679602623e-03
1.413856280692227463e+00,3.059037262573838234e-03
1.413936270440421028e+00,3.892163513228297234e-03
1.414016215863138637e+00,3.058832371607422829e-03
1.414096117009478570e+00,3.614302724599838257e-03
1.414175973928456953e+00,3.614080138504505157e-03
1.414255786669008197e+00,2.781166927888989449e-03
1.414335555279986556e+00,3.058306872844696045e-03
1.414415279810164794e+00,3.058208851143717766e-03
1.414494960308234628e+00,8.363382657989859581e-04
1.414574596822807395e+00,3.058594651520252228e-03
1.414654189402414053e+00,3.058131551370024681e-03
1.414733738095504956e+00,4.169193562120199203e-03
1.414813242950450523e+00,3.058407455682754517e-03
1.414892704015541680e+00,1.947570824995636940e-03
1.414972121338988975e+00,3.336238674819469452e-03
1.415051494968923462e+00,3.891580505296587944e-03
1.415130824953397148e+00,1.670221565291285515e-03
1.415210111340382770e+00,2.502964576706290245e-03
1.415289354177773573e+00,5.002629943192005157e-03
1.415368553513384420e+00,2.225056523457169533e-03
1.415447709394951126e+00,5.002254620194435120e-03
1.415526821870131347e+00,1.669564284384250641e-03
1.415605890986503912e+00,3.058169735595583916e-03
1.415684916791569714e+00,3.058433067053556442e-03
1.415763899332751929e+00,2.502455143257975578e-03
1.415842838657395353e+00,3.891350002959370613e-03
1.415921734812767285e+00,3.891421947628259659e-03
1.416000587846057535e+00,2.780275419354438782e-03
1.416079397804379081e+00,2.780546201393008232e-03
1.416158164734766967e+00,2.780388342216610909e-03
1.416236888684179185e+00,1.947165234014391899e-03
1.416315569699497789e+00,3.335665212944149971e-03
1.416394207827527341e+00,3.891130210831761360e-03
1.416472803114996459e+00,2.779852366074919701e-03
1.416551355608556717e+00,1.946759293787181377e-03
1.416629865354784412e+00,1.668888726271688938e-03
1.416708332400179460e+00,2.780026989057660103e-03
1.416786756791165613e+00,3.057713853195309639e-03
1.416865138574091354e+00,4.724436905235052109e-03
1.416943477795229667e+00,3.058072645217180252e-03
1.417021774500778042e+00,3.891068045049905777e-03
1.417100028736858919e+00,3.335231915116310120e-03
1.417178240549519241e+00,4.168875049799680710e-03
1.417256409984732013e+00,2.779687289148569107e-03
1.417334537088394519e+00,2.779919421300292015e-03
1.417412621906330772e+00,2.502199960872530937e-03
1.417490664484289287e+00,3.057663561776280403e-03
1.417568664867944417e+00,3.057301277294754982e-03
1.417646623102897463e+00,4.724285099655389786e-03
1.417724539234674896e+00,2.502240240573883057e-03
1.417802413308730136e+00,1.668842160142958164e-03
1.417880245370442216e+00,1.390893943607807159e-03
1.417958035465117339e+00,2.502450253814458847e-03
1.418035783637988656e+00,3.890890628099441528e-03
1.418113489934215377e+00,3.057423047721385956e-03
1.418191154398884990e+00,2.501876791939139366e-03
1.418268777077011267e+00,4.168346989899873734e-03
1.418346358013535369e+00,2.779355272650718689e-03
1.418423897253326738e+00,4.168123938143253326e-03
1.418501394841181540e+00,2.779592527076601982e-03
1.418578850821824888e+00,2.501688664779067039e-03
1.418656265239909064e+00,3.613023087382316589e-03
1.418733638140014408e+00,3.613117150962352753e-03
1.418810969566649982e+00,4.168385174125432968e-03
1.418888259564253795e+00,2.502141287550330162e-03
1.418965508177191470e+00,4.446306265890598297e-03
1.419042715449757575e+00,2.779464004561305046e-03
1.419119881426176510e+00,2.223852090537548065e-03
1.419197006150600959e+00,2.779415575787425041e-03
1.419274089667112548e+00,3.057007910683751106e-03
1.419351132019722961e+00,2.775258617475628853e-03
1.419428133252373492e+00,4.168337676674127579e-03
1.419505093408934382e+00,4.446396604180335999e-03
1.419582012533206372e+00,3.619811963289976120e-03
1.419658890668919593e+00,3.117783227935433388e-03
1.419735727859735119e+00,2.811324084177613258e-03
1.419812524149243416e+00,2.475963160395622253e-02
1.419889279580965891e+00,2.165127545595169067e-01
1.419965994198354453e+00,1.476840227842330933e-01
1.420042668044791734e+00,8.638784289360046387e-02
1.420119301163591308e+00,5.133108422160148621e-02
1.420195893597997028e+00,2.399136126041412354e-02
1.420272445391185245e+00,1.545314304530620575e-02
1.420348956586262590e+00,1.382083818316459656e-02
1.420425427226267523e+00,5.074009299278259277e-03
1.420501857354169895e+00,4.356979858130216599e-03
1.420578247012871609e+00,2.068840200081467628e-03
1.420654596245205958e+00,4.898172803223133087e-03
1.420730905093938956e+00,3.283788450062274933e-03
1.420807173601768225e+00,2.473415574058890343e-03
1.420883401811324331e+00,4.112717229872941971e-03
1.420959589765169229e+00,3.019078169018030167e-03
1.421035737505798702e+00,4.519439302384853363e-03
1.421111845075640367e+00,2.566082170233130455e-03
1.421187912517055230e+00,4.226202145218849182e-03
1.421263939872336790e+00,3.387550823390483856e-03
1.421339927183712826e+00,3.099834313616156578e-03
1.421415874493342946e+00,2.820498310029506683e-03
1.421491781843321256e+00,3.682243172079324722e-03
1.421567649275675693e+00,3.641985589638352394e-03
1.421643476832366471e+00,3.366190940141677856e-03
1.421719264555288964e+00,4.757075104862451553e-03
1.421795012486272380e+00,3.645461518317461014e-03
1.421870720667079757e+00,2.807263517752289772e-03
1.421946389139408407e+00,3.081283997744321823e-03
1.422022017944890360e+00,3.636037232354283333e-03
1.422097607125092145e+00,4.748382605612277985e-03
1.422173156721515008e+00,2.803551731631159782e-03
1.422248666775594250e+00,2.801958704367280006e-03
1.422324137328701443e+00,3.074694890528917313e-03
1.422399568422142435e+00,3.908470738679170609e-03
1.422474960097158458e+00,3.352631116285920143e-03
1.422550312394926131e+00,1.131874392740428448e-03
1.422625625356558121e+00,2.799226436764001846e-03
1.422700899023101595e+00,4.464485682547092438e-03
1.422776133435540658e+00,4.185878206044435501e-03
1.422851328634794799e+00,8.493047207593917847e-04
1.422926484661718893e+00,2.794855972751975060e-03
1.423001601557105866e+00,2.794854342937469482e-03
1.423076679361682917e+00,1.682107336819171906e-03
1.423151718116114850e+00,3.350970800966024399e-03
1.423226717861003188e+00,3.624817589297890663e-03
1.423301678636884837e+00,3.902735887095332146e-03
1.423376600484235199e+00,3.070922335609793663e-03
1.423451483443465726e+00,3.345836186781525612e-03
1.423526327554925031e+00,2.789800986647605896e-03
1.423601132858899332e+00,2.513830550014972687e-03
1.423675899395612010e+00,3.902626689523458481e-03
1.423750627205223607e+00,2.232317347079515457e-03
1.423825316327832713e+00,2.511261729523539543e-03
1.423899966803475525e+00,3.066629171371459961e-03
1.423974578672126290e+00,2.233405597507953644e-03
1.424049151973697080e+00,2.510020509362220764e-03
1.424123686748038242e+00,3.065622178837656975e-03
1.424198183034937948e+00,3.064045915380120277e-03
1.424272640874123530e+00,1.954378094524145126e-03
1.424347060305260371e+00,2.786905504763126373e-03
1.424421441367952124e+00,2.785964636132121086e-03
1.424495784101742268e+00,2.796904882416129112e-03
1.424570088546112334e+00,3.632501699030399323e-03
1.424644354740482788e+00,3.346048993989825249e-03
1.424718582724214366e+00,2.507277065888047218e-03
1.424792772536605634e+00,3.619863884523510933e-03
1.424866924216895425e+00,3.618406597524881363e-03
1.424941037804261734e+00,2.506213262677192688e-03
1.425015113337822603e+00,2.506561810150742531e-03
1.425089150856635678e+00,2.228971803560853004e-03
1.425163150399698431e+00,2.784206066280603409e-03
1.425237112005947937e+00,2.227890305221080780e-03
1.425311035714262431e+00,3.617202630266547203e-03
1.425384921563459306e+00,3.061287803575396538e-03
1.425458769592297559e+00,5.283381324261426926e-03
1.425532579839475344e+00,1.950701232999563217e-03
1.425606352343632421e+00,2.783101750537753105e-03
1.425680087143349040e+00,3.617743030190467834e-03
1.425753784277145941e+00,3.894312772899866104e-03
1.425827443783485915e+00,2.783179283142089844e-03
1.425901065700771353e+00,2.505148295313119888e-03
1.425974650067347138e+00,3.062027040868997574e-03
1.426048196921499311e+00,3.060207702219486237e-03
1.426121706301454628e+00,1.671423786319792271e-03
1.426195178245382333e+00,6.115645635873079300e-03
1.426268612791393053e+00,3.059872658923268318e-03
1.426342009977538572e+00,2.503319876268506050e-03
1.426415369841813829e+00,1.949871191754937172e-03
1.426488692422155369e+00,2.782150404527783394e-03
1.426561977756441557e+00,2.226385520771145821e-03
1.426635225882493474e+00,3.614945570006966591e-03
1.426708436838074023e+00,3.337359055876731873e-03
1.426781610660889932e+00,3.337990259751677513e-03
1.426854747388588862e+00,4.170251078903675079e-03
1.426927847058762744e+00,3.059411188587546349e-03
1.427000909708945553e+00,1.669996650889515877e-03
1.427073935376614866e+00,4.448464605957269669e-03
1.427146924099190528e+00,2.503844909369945526e-03
1.427219875914036207e+00,3.058913629502058029e-03
1.427292790858458948e+00,3.614229615777730942e-03
1.427365668969709178e+00,6.392242386937141418e-03
1.427438510284980477e+00,3.059063572436571121e-03
1.427511314841411361e+00,3.058812581002712250e-03
1.427584082676082167e+00,2.503699157387018204e-03
1.427656813826019055e+00,1.947483047842979431e-03
1.427729508328191121e+00,3.058915259316563606e-03
1.427802166219511948e+00,4.724957048892974854e-03
1.427874787536839163e+00,3.058420959860086441e-03
1.427947372316975327e+00,3.058069618418812752e-03
1.428019920596667047e+00,4.724951926618814468e-03
1.428092432412605195e+00,3.336261259391903877e-03
1.428164907801426020e+00,3.891757922247052193e-03
1.428237346799710261e+00,3.058466361835598946e-03
1.428309749443983367e+00,5.002554040402173996e-03
1.428382115770716387e+00,5.835941061377525330e-03
1.428454445816324858e+00,2.224836498498916626e-03
1.428526739617170138e+00,2.780207665637135506e-03
1.428598997209558519e+00,2.225128235295414925e-03
1.428671218629742334e+00,3.613648936152458191e-03
1.428743403913918630e+00,3.057860303670167923e-03
1.428815553098231161e+00,3.613655222579836845e-03
1.428887666218768393e+00,3.335290355607867241e-03
1.428959743311565944e+00,3.890985157340764999e-03
1.429031784412604145e+00,4.723981488496065140e-03
1.429103789557810256e+00,3.335741348564624786e-03
1.429175758783057804e+00,4.168812651187181473e-03
1.429247692124166580e+00,2.779998816549777985e-03
1.429319589616902419e+00,3.891171887516975403e-03
1.429391451296978088e+00,4.446791484951972961e-03
1.429463277200052618e+00,8.357097394764423370e-04
1.429535067361732636e+00,3.057783935219049454e-03
1.429606821817570594e+00,3.890811698511242867e-03
1.429678540603066983e+00,3.613120643422007561e-03
1.429750223753668337e+00,4.168442916125059128e-03
1.429821871304769010e+00,3.057199064642190933e-03
1.429893483291710510e+00,5.279701203107833862e-03
1.429965059749782164e+00,2.779332222416996956e-03
1.430036600714219786e+00,4.446160979568958282e-03
1.430108106220207453e+00,4.168010782450437546e-03
1.430179576302877287e+00,3.612854052335023880e-03
1.430251010997308780e+00,3.890978172421455383e-03
1.430322410338528805e+00,3.057703142985701561e-03
1.430393774361513382e+00,3.057718276977539062e-03
1.430465103101186131e+00,3.334858221933245659e-03
1.430536396592418491e+00,1.668670796789228916e-03
1.430607654870031054e+00,4.168343264609575272e-03
1.430678877968792229e+00,3.334932960569858551e-03
1.430750065923419356e+00,3.334910841658711433e-03
1.430821218768577374e+00,1.112875994294881821e-03
1.430892336538881704e+00,2.501765964552760124e-03
1.430963419268895143e+00,5.279504228383302689e-03
1.431034466993130083e+00,3.057077992707490921e-03
1.431105479746047848e+00,3.890600986778736115e-03
1.431176457562059134e+00,2.779158763587474823e-03
1.431247400475522902e+00,3.890321590006351471e-03
1.431318308520748817e+00,3.056909888982772827e-03
1.431389181731995031e+00,4.168345592916011810e-03
1.431460020143469514e+00,3.334711538627743721e-03
1.431530823789330276e+00,2.779209520667791367e-03
1.431601592703683812e+00,3.334821434691548347e-03
1.431672326920587990e+00,3.056993242353200912e-03
1.431743026474050051e+00,3.890135092660784721e-03
1.431813691398026389e+00,3.056846791878342628e-03
1.431884321726424991e+00,2.223661169409751892e-03
1.431954917493102775e+00,3.890405409038066864e-03
1.432025478731867807e+00,2.779134782031178474e-03
1.432096005476478640e+00,3.890022169798612595e-03
1.432166497760643420e+00,2.779019298031926155e-03
1.432236955618022112e+00,1.667883247137069702e-03
1.432307379082224275e+00,2.223245333880186081e-03
1.432377768186811062e+00,2.778994385153055191e-03
1.432448122965293891e+00,3.056760178878903389e-03
1.432518443451135770e+00,2.223431365564465523e-03
1.432588729677750861e+00,4.445622675120830536e-03
1.432658981678503807e+00,3.612323664128780365e-03
1.432729199486710847e+00,2.501291688531637192e-03
1.432799383135640259e+00,4.445746541023254395e-03
1.432869532658510581e+00,2.779124304652214050e-03
1.432939648088492834e+00,4.167888313531875610e-03
1.433009729458709636e+00,3.056698245927691460e-03
1.433079776802234750e+00,3.612288506701588631e-03
1.433149790152094427e+00,2.223242539912462234e-03
1.433219769541266286e+00,2.778892638161778450e-03
1.433289715002680653e+00,1.945706084370613098e-03
1.433359626569219669e+00,2.501114271581172943e-03
1.433429504273717736e+00,2.500952687114477158e-03
1.433499348148961072e+00,3.334383713081479073e-03
1.433569158227689044e+00,2.223423914983868599e-03
1.433638934542592835e+00,4.445456434041261673e-03
1.433708677126317221e+00,4.167869687080383301e-03
1.433778386011458350e+00,4.167644772678613663e-03
1.433848061230566184e+00,2.223252085968852043e-03
1.433917702816143169e+00,2.500864677131175995e-03
1.433987310800644677e+00,3.056629095226526260e-03
1.434056885216478783e+00,2.778850728645920753e-03
1.434126426096007600e+00,2.778818830847740173e-03
1.434195933471545725e+00,3.334386274218559265e-03
1.434265407375361345e+00,4.445417318493127823e-03
1.434334847839676019e+00,3.056545043364167213e-03
1.434404254896664455e+00,2.223167568445205688e-03
1.434473628578455395e+00,1.667750068008899689e-03
1.434542968917131622e+00,3.334312001243233681e-03
1.434612275944728399e+00,3.056481247767806053e-03
1.434681549693235914e+00,2.223300514742732048e-03
1.434750790194598613e+00,2.778530819341540337e-03
1.434819997480713427e+00,3.334222361445426941e-03
1.434889171583432876e+00,2.223019720986485481e-03
1.434958312534562852e+00,1.667719334363937378e-03
1.435027420365864392e+00,3.611901775002479553e-03
1.435096495109051906e+00,2.778537338599562645e-03
1.435165536795794505e+00,2.223046496510505676e-03
1.435234545457716449e+00,4.445242229849100113e-03
1.435303521126396475e+00,2.500806702300906181e-03
1.435372463833367362e+00,3.056399524211883545e-03
1.435441373610117255e+00,2.500848378986120224e-03
1.435510250488089223e+00,3.333989763632416725e-03
1.435579094498681485e+00,3.334020962938666344e-03
1.435647905673246738e+00,2.223051618784666061e-03
1.435716684043093050e+00,2.778601367026567459e-03
1.435785429639484523e+00,3.611855674535036087e-03
1.435854142493638852e+00,3.889709943905472755e-03
1.435922822636731322e+00,4.445209633558988571e-03
1.435991470099890810e+00,3.611997235566377640e-03
1.436060084914202895e+00,2.500619040802121162e-03
1.436128667110708523e+00,1.667428878135979176e-03
1.436197216720404457e+00,2.222940791398286819e-03
1.436265733774243269e+00,4.445080179721117020e-03
1.436334218303132904e+00,2.500745235010981560e-03
1.436402670337938225e+00,6.111877039074897766e-03
1.436471089909479470e+00,3.056210465729236603e-03
1.436539477048534019e+00,3.056319663301110268e-03
1.436607831785833955e+00,2.778506372123956680e-03
1.436676154152069174e+00,2.500666072592139244e-03
1.436744444177884938e+00,2.778377616778016090e-03
1.436812701893883881e+00,4.167406354099512100e-03
1.436880927330624669e+00,3.333977889269590378e-03
1.436949120518622891e+00,2.222889102995395660e-03
1.437017281488350395e+00,3.889508778229355812e-03
1.437085410270236396e+00,4.722859710454940796e-03
1.437153506894667032e+00,4.722881130874156952e-03
1.437221571391984920e+00,3.611725755035877228e-03
1.437289603792490267e+00,4.722897429019212723e-03
1.437357604126440203e+00,1.945075811818242073e-03
1.437425572424049447e+00,3.333896631374955177e-03
1.437493508715489421e+00,3.611666383221745491e-03
1.437561413030889135e+00,3.611613996326923370e-03
1.437629285400335410e+00,3.611828200519084930e-03
1.437697125853872437e+00,3.056084038689732552e-03
1.437764934421501994e+00,4.722885787487030029e-03
1.437832711133183450e+00,3.611727850511670113e-03
1.437900456018834205e+00,3.056123852729797363e-03
1.437968169108329475e+00,4.167355131357908249e-03
1.438035850431502283e+00,3.056067507714033127e-03
1.438103500018144132e+00,2.222750568762421608e-03
1.438171117898003892e+00,3.056259825825691223e-03
1.438238704100788912e+00,3.333930857479572296e-03
1.438306258656165459e+00,1.944989198818802834e-03
1.438373781593757395e+00,3.889358136802911758e-03
1.438441272943147275e+00,3.889433806762099266e-03
1.438508732733875917e+00,3.889462677761912346e-03
1.438576160995443054e+00,4.722812213003635406e-03
1.438643557757306679e+00,3.056158078834414482e-03
1.438710923048884371e+00,3.333881264552474022e-03
1.438778256899551300e+00,2.500495174899697304e-03
1.438845559338642666e+00,3.889388404786586761e-03
1.438912830395451703e+00,3.889533923938870430e-03
1.438980070099231456e+00,3.611620282754302025e-03
1.439047278479193226e+00,2.500456990674138069e-03
1.439114455564508344e+00,2.500541508197784424e-03
1.439181601384307285e+00,2.778272144496440887e-03
1.439248715967679448e+00,3.055986482650041580e-03
1.439315799343673596e+00,2.500468166545033455e-03
1.439382851541298747e+00,4.167185630649328232e-03
1.439449872589522839e+00,3.889338346198201180e-03
1.439516862517273177e+00,5.000553559511899948e-03
1.439583821353437987e+00,3.056026063859462738e-03
1.439650749126864193e+00,3.333774860948324203e-03
1.439717645866358753e+00,3.611627733334898949e-03
1.439784511600689099e+00,3.611700376495718956e-03
1.439851346358582029e+00,3.889333456754684448e-03
1.439918150168724820e+00,2.222739625722169876e-03
1.439984923059764998e+00,2.500538248568773270e-03
1.440051665060309904e+00,2.500542672351002693e-03
1.440118376198928019e+00,3.611669410020112991e-03
1.440185056504146965e+00,2.222670940682291985e-03
1.440251706004455956e+00,1.667159493081271648e-03
1.440318324728304011e+00,3.611556487157940865e-03
1.440384912704101072e+00,2.500477945432066917e-03
1.440451469960218223e+00,1.944964518770575523e-03
1.440517996524986355e+00,3.333822358399629593e-03
1.440584492426697727e+00,3.611537162214517593e-03
1.440650957693605294e+00,3.611503168940544128e-03
1.440717392353923376e+00,3.056023502722382545e-03
1.440783796435826769e+00,3.889351151883602142e-03
1.440850169967452077e+00,3.889340907335281372e-03
1.440916512976896158e+00,3.889338579028844833e-03
1.440982825492217900e+00,2.222596667706966400e-03
1.441049107541437335e+00,3.333775792270898819e-03
1.441115359152535635e+00,3.055983223021030426e-03
1.441181580353456226e+00,2.778150374069809914e-03
1.441247771172102343e+00,4.722602665424346924e-03
1.441313931636341028e+00,3.055929439142346382e-03
1.441380061773999133e+00,2.778246300294995308e-03
1.441446161612866872e+00,3.611575812101364136e-03
1.441512231180694936e+00,3.889247076585888863e-03
1.441578270505196713e+00,3.889283165335655212e-03
1.441644279614046953e+00,3.333750646561384201e-03
1.441710258534882882e+00,2.778215100988745689e-03
1.441776207295303980e+00,4.722659010440111160e-03
1.441842125922871309e+00,3.055956913158297539e-03
1.441908014445108410e+00,3.055943641811609268e-03
1.441973872889501962e+00,3.889288753271102905e-03
1.442039701283499120e+00,3.889256156980991364e-03
1.442105499654511513e+00,4.167095292359590530e-03
1.442171268029911912e+00,3.333688015118241310e-03
1.442237006437036673e+00,3.055933862924575806e-03
1.442302714903183736e+00,2.222573850303888321e-03
1.442368393455614628e+00,2.500366652384400368e-03
1.442434042121552906e+00,2.222573384642601013e-03
1.442499660928186156e+00,4.444850608706474304e-03
1.442565249902663549e+00,3.611456137150526047e-03
1.442630809072097842e+00,3.333679400384426117e-03
1.442696338463565153e+00,2.222617622464895248e-03
1.442761838104104299e+00,2.778131049126386642e-03
1.442827308020717014e+00,3.333689412102103233e-03
1.442892748240369505e+00,2.778132911771535873e-03
1.442958158789989787e+00,2.500443952158093452e-03
1.443023539696469904e+00,2.778092864900827408e-03
1.443088890986665485e+00,4.166976083070039749e-03
1.443154212687396187e+00,2.222611103206872940e-03
1.443219504825443922e+00,3.611464751884341240e-03
1.443284767427555293e+00,3.055891720578074455e-03
1.443350000520440268e+00,3.055956680327653885e-03
1.443415204130772622e+00,3.055858658626675606e-03
1.443480378285190158e+00,2.222518203780055046e-03
1.443545523010294040e+00,2.778122201561927795e-03
1.443610638332650131e+00,1.944734947755932808e-03
1.443675724278788319e+00,3.611417254433035851e-03
1.443740780875201635e+00,2.500368980690836906e-03
1.443805808148348468e+00,3.055887762457132339e-03
1.443870806124651018e+00,5.278125870972871780e-03
1.443935774830495289e+00,2.222541254013776779e-03
1.444000714292231979e+00,3.611371153965592384e-03
1.444065624536176928e+00,3.055871697142720222e-03
1.444130505588609337e+00,2.778093097731471062e-03
1.444195357475773767e+00,2.778137102723121643e-03
1.444260180223879031e+00,2.500330097973346710e-03
1.444324973859098638e+00,3.333633765578269958e-03
1.444389738407571011e+00,1.667005475610494614e-03
1.444454473895399271e+00,3.333674510940909386e-03
1.444519180348651455e+00,2.222541254013776779e-03
1.444583857793360959e+00,3.611406777054071426e-03
1.444648506255524989e+00,4.166939295828342438e-03
1.444713125761106998e+00,3.055844455957412720e-03
1.444777716336035134e+00,1.944762421771883965e-03
1.444842278006202907e+00,2.222553826868534088e-03
1.444906810797468744e+00,4.166938830167055130e-03
1.444971314735656653e+00,2.500310307368636131e-03
1.445035789846555785e+00,4.722482990473508835e-03
1.445100236155921092e+00,1.944714924320578575e-03
1.445164653689472889e+00,2.778112189844250679e-03
1.445229042472896630e+00,3.611432621255517006e-03
1.445293402531844240e+00,3.055862383916974068e-03
1.445357733891932339e+00,1.944706076756119728e-03
1.445422036578743796e+00,3.889133222401142120e-03
1.445486310617827952e+00,2.222506329417228699e-03
1.445550556034698841e+00,4.722542129456996918e-03
1.445614772854836971e+00,1.944729476235806942e-03
1.445678961103688653e+00,2.500246046110987663e-03
1.445743120806666671e+00,2.500278409570455551e-03
1.445807251989149833e+00,2.500272588804364204e-03
1.445871354676482312e+00,3.333609551191329956e-03
1.445935428893975860e+00,3.611350897699594498e-03
1.445999474666907147e+00,2.778027905151247978e-03
1.446063492020520203e+00,3.055814187973737717e-03
1.446127480980024860e+00,3.055838635191321373e-03
1.446191441570597869e+00,2.778069814667105675e-03
1.446255373817382450e+00,2.777994843199849129e-03
1.446319277745487852e+00,3.611353226006031036e-03
1.446383153379990905e+00,2.222473965957760811e-03
1.446447000745934020e+00,3.055772278457880020e-03
1.446510819868327635e+00,1.666934345848858356e-03
1.446574610772147773e+00,2.500239526852965355e-03
1.446638373482338258e+00,3.889168612658977509e-03
1.446702108023809386e+00,2.778033260256052017e-03
1.446765814421438812e+00,3.333594184368848801e-03
1.446829492700070885e+00,2.500224160030484200e-03
1.446893142884516870e+00,3.889121115207672119e-03
1.446956764999556277e+00,1.389104290865361691e-03
1.447020359069934647e+00,2.500255592167377472e-03
1.447083925120365100e+00,2.222466515377163887e-03
1.447147463175529003e+00,2.222490962594747543e-03
1.447210973260073752e+00,3.889132058247923851e-03
1.447274455398615212e+00,3.889136249199509621e-03
1.447337909615736162e+00,4.166895058006048203e-03
1.447401335935987410e+00,2.778004389256238937e-03
1.447464734383887119e+00,1.944715972058475018e-03
1.447528104983921704e+00,3.333594184368848801e-03
1.447591447760544048e+00,4.722441546618938446e-03
1.447654762738176171e+00,3.889136482030153275e-03
1.447718049941207230e+00,3.611351829022169113e-03
1.447781309393994853e+00,2.500179456546902657e-03
1.447844541120864026e+00,3.333584871143102646e-03
1.447907745146107761e+00,3.055759705603122711e-03
1.447970921493987762e+00,4.166889470070600510e-03
1.448034070188733757e+00,2.777986926957964897e-03
1.448097191254542837e+00,3.055787179619073868e-03
1.448160284715581447e+00,1.111359102651476860e-03
1.448223350595983394e+00,3.611340653151273727e-03
1.448286388919851841e+00,3.611335530877113342e-03
1.448349399711257757e+00,1.389099750667810440e-03
1.448412382994240133e+00,3.055757144466042519e-03
1.448475338792807543e+00,3.889152081683278084e-03
1.448538267130936807e+00,2.222431125119328499e-03
1.448601168032572550e+00,1.666874741204082966e-03
1.448664041521628976e+00,3.889101324602961540e-03
1.448726887621988979e+00,2.777997171506285667e-03
1.448789706357503926e+00,1.944620511494576931e-03
1.448852497751994317e+00,3.333543660119175911e-03
1.448915261829249124e+00,3.333561588078737259e-03
1.448977998613027340e+00,3.889086190611124039e-03
1.449040708127055099e+00,3.055770415812730789e-03
1.449103390395029667e+00,3.611315274611115456e-03
1.449166045440616335e+00,3.333507804200053215e-03
1.449228673287449531e+00,5.555744282901287079e-03
1.449291273959133264e+00,2.777987159788608551e-03
1.449353847479240676e+00,4.166863858699798584e-03
1.449416393871314268e+00,4.444651305675506592e-03
1.449478913158866122e+00,3.889096667990088463e-03
1.449541405365377233e+00,2.500187605619430542e-03
1.449603870514298620e+00,3.611314808949828148e-03
1.449666308629050659e+00,2.222409006208181381e-03
1.449728719733023530e+00,2.500169444829225540e-03
1.449791103849576768e+00,3.611306427046656609e-03
1.449853461002039934e+00,2.777955261990427971e-03
1.449915791213711724e+00,2.777984365820884705e-03
1.449978094507861748e+00,2.500162227079272270e-03
1.450040370907728082e+00,2.222422044724225998e-03
1.450102620436519940e+00,4.166862461715936661e-03
1.450164843117415892e+00,4.166837781667709351e-03
1.450227038973564531e+00,3.055706853047013283e-03
1.450289208028084920e+00,2.777969697490334511e-03
1.450351350304065923e+00,3.055761102586984634e-03
1.450413465824566650e+00,3.055738518014550209e-03
1.450475554612616236e+00,3.889095503836870193e-03
1.450537616691214504e+00,1.389081589877605438e-03
1.450599652083331526e+00,2.222390379756689072e-03
1.450661660811907394e+00,3.611284540966153145e-03
1.450723642899852672e+00,4.166830796748399734e-03
1.450785598370049279e+00,5.000194068998098373e-03
1.450847527245348045e+00,5.000161007046699524e-03
1.450909429548572493e+00,4.166832193732261658e-03
1.450971305302514391e+00,2.777939196676015854e-03
1.451033154529938418e+00,3.611312014982104301e-03
1.451094977253578389e+00,3.611267544329166412e-03
1.451156773496139918e+00,2.222395036369562149e-03
1.451218543280298423e+00,3.333521075546741486e-03
1.451280286628701788e+00,4.166831728070974350e-03
1.451342003563966809e+00,2.500176196917891502e-03
1.451403694108683196e+00,2.500175498425960541e-03
1.451465358285410456e+00,3.333484055474400520e-03
1.451526996116679680e+00,3.055739914998412132e-03
1.451588607624992644e+00,2.500171773135662079e-03
1.451650192832822928e+00,3.055737586691975594e-03
1.451711751762615243e+00,2.777964342385530472e-03
1.451773284436784772e+00,2.222363138571381569e-03
1.451834790877719161e+00,3.333494300022721291e-03
1.451896271107776748e+00,2.222384326159954071e-03
1.451957725149287448e+00,2.500179689377546310e-03
1.452019153024552756e+00,1.111282152123749256e-03
1.452080554755845521e+00,3.055741544812917709e-03
1.452141930365410394e+00,2.222390146926045418e-03
1.452203279875463382e+00,2.500147791579365730e-03
1.452264603308192070e+00,3.055702429264783859e-03
1.452325900685756732e+00,3.611284075304865837e-03
1.452387172030287665e+00,3.611284540966153145e-03
1.452448417363888744e+00,1.944607938639819622e-03
1.452509636708634533e+00,2.500143600627779961e-03
1.452570830086572062e+00,1.389061100780963898e-03
1.452631997519720164e+00,3.889039391651749611e-03
1.452693139030069469e+00,3.611241467297077179e-03
1.452754254639583076e+00,2.500178292393684387e-03
1.452815344370196105e+00,1.666815136559307575e-03
1.452876408243815476e+00,2.500156871974468231e-03
1.452937446282320577e+00,3.333486849442124367e-03
1.452998458507562596e+00,3.611260093748569489e-03
1.453059444941366296e+00,2.777948509901762009e-03
1.453120405605527132e+00,3.611258231103420258e-03
1.453181340521813913e+00,3.611278021708130836e-03
1.453242249711967471e+00,1.666854484938085079e-03
1.453303133197701769e+00,1.944578136317431927e-03
1.453363991000702571e+00,3.055713605135679245e-03
1.453424823142627886e+00,4.444584250450134277e-03
1.453485629645109745e+00,2.500143134966492653e-03
1.453546410529751531e+00,2.777939429506659508e-03
1.453607165818129987e+00,2.777924062684178352e-03
1.453667895531794096e+00,1.944591291248798370e-03
1.453728599692266421e+00,3.333460539579391479e-03
1.453789278321041767e+00,3.333456581458449364e-03
1.453849931439587628e+00,2.500151516869664192e-03
1.453910559069345521e+00,4.444612190127372742e-03
1.453971161231728315e+00,3.333466127514839172e-03
1.454031737948123126e+00,1.666809548623859882e-03
1.454092289239889979e+00,4.166813567280769348e-03
1.454152815128361809e+00,2.777918009087443352e-03
1.454213315634844683e+00,2.500149421393871307e-03
1.454273790780617803e+00,1.944578136317431927e-03
1.454334240586934168e+00,4.166787024587392807e-03
1.454394665075019022e+00,3.333481727167963982e-03
1.454455064266072073e+00,3.611240768805146217e-03
1.454515438181265718e+00,1.944572664797306061e-03
1.454575786841746154e+00,2.777903340756893158e-03
1.454636110268632709e+00,2.777903573587536812e-03
1.454696408483018510e+00,3.055686596781015396e-03
1.454756681505970262e+00,2.777920803055167198e-03
1.454816929358528022e+00,1.944579184055328369e-03
1.454877152061705647e+00,2.222361043095588684e-03
1.454937349636491017e+00,3.055672626942396164e-03
1.454997522103844698e+00,2.777909860014915466e-03
1.455057669484702609e+00,4.722343292087316513e-03
1.455117791799972915e+00,2.777894493192434311e-03
1.455177889070538688e+00,3.889002837240695953e-03
1.455237961317256579e+00,2.500117756426334381e-03
1.455298008560957701e+00,2.500120783224701881e-03
1.455358030822446080e+00,3.055670764297246933e-03
1.455418028122500429e+00,2.500116592273116112e-03
1.455478000481873702e+00,4.166781902313232422e-03
1.455537947921293096e+00,2.777887275442481041e-03
1.455597870461459165e+00,1.944567426107823849e-03
1.455657768123047369e+00,8.334466838277876377e-04
1.455717640926707412e+00,3.611221211031079292e-03
1.455777488893063021e+00,3.055671695619821548e-03
1.455837312042712384e+00,1.666780561208724976e-03
1.455897110396228156e+00,2.222331939265131950e-03
1.455956883974157456e+00,3.889004932716488838e-03
1.456016632797021204e+00,3.611232619732618332e-03
1.456076356885316114e+00,2.500113332644104958e-03
1.456136056259512479e+00,2.777888672426342964e-03
1.456195730940055277e+00,4.444548860192298889e-03
1.456255380947364619e+00,3.055670298635959625e-03
1.456315006301834636e+00,2.500117989256978035e-03
1.456374607023834589e+00,3.611237043514847755e-03
1.456434183133708649e+00,3.888998180627822876e-03
1.456493734651775673e+00,3.889007028192281723e-03
1.456553261598328763e+00,1.388991717249155045e-03
1.456612763993637039e+00,4.444578196853399277e-03
1.456672241857943417e+00,2.777888672426342964e-03
1.456731695211466615e+00,3.055674955248832703e-03
1.456791124074400035e+00,3.055660054087638855e-03
1.456850528466912209e+00,3.889004001393914223e-03
1.456909908409146581e+00,2.777895890176296234e-03
1.456969263921221724e+00,2.777876332402229309e-03
1.457028595023231787e+00,3.611221443861722946e-03
1.457087901735246049e+00,2.222326351329684258e-03
1.457147184077308477e+00,2.500112866982817650e-03
1.457206442069439278e+00,3.888984909281134605e-03
1.457265675731632681e+00,1.944547169841825962e-03
1.457324885083859822e+00,3.888994920998811722e-03
1.457384070146066302e+00,2.222334034740924835e-03
1.457443230938173295e+00,3.055664477869868279e-03
1.457502367480077332e+00,5.000101868063211441e-03
1.457561479791651182e+00,3.889005165547132492e-03
1.457620567892742969e+00,3.333423519507050514e-03
1.457679631803175280e+00,2.777875866740942001e-03
1.457738671542748499e+00,1.111233257688581944e-03
1.457797687131236586e+00,2.222324255853891373e-03
1.457856678588390631e+00,2.777870511636137962e-03
1.457915645933937077e+00,2.777881221845746040e-03
1.457974589187577719e+00,3.333455184474587440e-03
1.458033508368991482e+00,2.777890767902135849e-03
1.458092403497831535e+00,2.500097267329692841e-03
1.458151274593728397e+00,3.055654233321547508e-03
1.458210121676287718e+00,3.888983745127916336e-03
1.458268944765091613e+00,1.944555435329675674e-03
1.458327743879697769e+00,4.166771192103624344e-03
1.458386519039640561e+00,3.055670531466603279e-03
1.458445270264430382e+00,3.611206077039241791e-03
1.458503997573553201e+00,2.777885412797331810e-03
1.458562700986471894e+00,4.444544669240713120e-03
1.458621380522625355e+00,5.277864169329404831e-03
1.458680036201428498e+00,1.666755997575819492e-03
1.458738668042273368e+00,3.055647248402237892e-03
1.458797276064527138e+00,3.055650508031249046e-03
1.458855860287534556e+00,3.333430038765072823e-03
1.458914420730615724e+00,2.500100992619991302e-03
1.458972957413068761e+00,3.055643057450652122e-03
1.459031470354166915e+00,1.666748430579900742e-03
1.459089959573160122e+00,2.222315408289432526e-03
1.459148425089275669e+00,3.055664245039224625e-03
1.459206866921716861e+00,2.222321927547454834e-03
1.459265285089664355e+00,2.777859102934598923e-03
1.459323679612274161e+00,2.222318202257156372e-03
1.459382050508680528e+00,4.444535821676254272e-03
1.459440397797993727e+00,4.722320940345525742e-03
1.459498721499300933e+00,3.888970939442515373e-03
1.459557021631666229e+00,2.777868881821632385e-03
1.459615298214130830e+00,1.666769618168473244e-03
1.459673551265712410e+00,2.500095637515187263e-03
1.459731780805405998e+00,3.333436790853738785e-03
1.459789986852183308e+00,2.777866786345839500e-03
1.459848169424993847e+00,3.055660054087638855e-03
1.459906328542762921e+00,3.888985142111778259e-03
1.459964464224394298e+00,3.611209103837609291e-03
1.460022576488767765e+00,3.055628156289458275e-03
1.460080665354741347e+00,4.166757687926292419e-03
1.460138730841149535e+00,3.888967446982860565e-03
1.460196772966804168e+00,3.333412343636155128e-03
1.460254791750494885e+00,3.888972802087664604e-03
1.460312787210988228e+00,4.722306970506906509e-03
1.460370759367027871e+00,1.944528077729046345e-03
1.460428708237335949e+00,2.777875866740942001e-03
1.460486633840611059e+00,3.888963256031274796e-03
1.460544536195529153e+00,1.944522140547633171e-03
1.460602415320744862e+00,2.777867484837770462e-03
1.460660271234889063e+00,3.611186752095818520e-03
1.460718103956571090e+00,3.333414439111948013e-03
1.460775913504377410e+00,4.166755825281143188e-03
1.460833699896872950e+00,3.055643523111939430e-03
1.460891463152598879e+00,4.722299519926309586e-03
1.460949203290075715e+00,2.777867484837770462e-03
1.461006920327800662e+00,3.611187683418393135e-03
1.461064614284249163e+00,4.166757222265005112e-03
1.461122285177874458e+00,4.166748840361833572e-03
1.461179933027107580e+00,3.055635606870055199e-03
1.461237557850357582e+00,3.055632347241044044e-03
1.461295159666011534e+00,2.777850488200783730e-03
1.461352738492434078e+00,4.166752565652132034e-03
1.461410294347968541e+00,3.055635606870055199e-03
1.461467827250935825e+00,3.611200023442506790e-03
1.461525337219634624e+00,2.777866786345839500e-03
1.461582824272342762e+00,3.055623499676585197e-03
1.461640288427314971e+00,3.055631881579756737e-03
1.461697729702785775e+00,3.611190244555473328e-03
1.461755148116966163e+00,2.500077476724982262e-03
1.461812543688046473e+00,1.388963661156594753e-03
1.461869916434195282e+00,3.055630251765251160e-03
1.461927266373559187e+00,3.055623499676585197e-03
1.461984593524263021e+00,2.222305163741111755e-03
1.462041897904410304e+00,4.444526042789220810e-03
1.462099179532083237e+00,3.888957900926470757e-03
1.462156438425342264e+00,3.055626526474952698e-03
1.462213674602226066e+00,3.055634675547480583e-03
1.462270888080752007e+00,2.777864225208759308e-03
1.462328078878915916e+00,4.166731145232915878e-03
1.462385247014692968e+00,2.500071655958890915e-03
1.462442392506035915e+00,2.777856774628162384e-03
1.462499515370876857e+00,2.500086324289441109e-03
1.462556615627126799e+00,3.888962324708700180e-03
1.462613693292674544e+00,8.334100712090730667e-04
1.462670748385388242e+00,1.666740863583981991e-03
1.462727780923115395e+00,3.611182793974876404e-03
1.462784790923681522e+00,4.166743718087673187e-03
1.462841778404891047e+00,1.388950622640550137e-03
1.462898743384527744e+00,2.777846297249197960e-03
1.462955685880354517e+00,3.055621404200792313e-03
1.463012605910112063e+00,1.388965873047709465e-03
1.463069503491521539e+00,2.500065602362155914e-03
1.463126378642282344e+00,2.222293987870216370e-03
1.463183231380073224e+00,3.888942068442702293e-03
1.463240061722551610e+00,2.222304698079824448e-03
1.463296869687354729e+00,2.222281415015459061e-03
1.463353655292098487e+00,3.055632347241044044e-03
1.463410418554377923e+00,3.888973267748951912e-03
1.463467159491767866e+00,3.333393018692731857e-03
1.463523878121822053e+00,3.888948820531368256e-03
1.463580574462073347e+00,2.500063739717006683e-03
1.463637248530034185e+00,2.777840942144393921e-03
1.463693900343197019e+00,2.222283510491251945e-03
1.463750529919031873e+00,3.611177438870072365e-03
1.463807137274990344e+00,4.166732542216777802e-03
1.463863722428502046e+00,3.888961626216769218e-03
1.463920285396976606e+00,3.333398606628179550e-03
1.463976826197803227e+00,2.500071888789534569e-03
1.464033344848350904e+00,4.722280427813529968e-03
1.464089841365967093e+00,3.333401400595903397e-03
1.464146315767980600e+00,3.333393251523375511e-03
1.464202768071698468e+00,2.777847694233059883e-03
1.464259198294408204e+00,3.611173946410417557e-03
1.464315606453376439e+00,3.055626526474952698e-03
1.464371992565850045e+00,3.888946725055575371e-03
1.464428356649055685e+00,3.333392320200800896e-03
1.464484698720199818e+00,4.166731610894203186e-03
1.464541018796468475e+00,4.444508813321590424e-03
1.464597316895027257e+00,2.500060945749282837e-03
1.464653593033022894e+00,3.055614884942770004e-03
1.464709847227580797e+00,4.444505088031291962e-03
1.464766079495807283e+00,4.444494377821683884e-03
1.464822289854787796e+00,3.333399072289466858e-03
1.464878478321588240e+00,3.888942766934633255e-03
1.464934644913255202e+00,4.166724625974893570e-03
1.464990789646814395e+00,2.777841174975037575e-03
1.465046912539271773e+00,1.944506773725152016e-03
1.465103013607614413e+00,1.666724681854248047e-03
1.465159092868808299e+00,1.944508519954979420e-03
1.465215150339800543e+00,4.722288344055414200e-03
1.465271186037518047e+00,2.777839777991175652e-03
1.465327199978868400e+00,3.055619774386286736e-03
1.465383192180738980e+00,3.055615583434700966e-03
1.465439162659997629e+00,2.500062575563788414e-03
1.465495111433493314e+00,1.111178658902645111e-03
1.465551038518054350e+00,3.055614884942770004e-03
1.465606943930490402e+00,3.055613720789551735e-03
1.465662827687590264e+00,2.500055124983191490e-03
1.465718689806125408e+00,2.500053495168685913e-03
1.465774530302845324e+00,2.777836984023451805e-03
1.465830349194481963e+00,3.055615583434700966e-03
1.465886146497746845e+00,4.166724625974893570e-03
1.465941922229332839e+00,1.944508054293692112e-03
1.465997676405912609e+00,3.611167194321751595e-03
1.466053409044140610e+00,3.055608132854104042e-03
1.466109120160650425e+00,3.055607201531529427e-03
1.466164809772058097e+00,3.055604873225092888e-03
1.466220477894959018e+00,3.888955106958746910e-03
1.466276124545930371e+00,2.777828369289636612e-03
1.466331749741529800e+00,2.222277922555804253e-03
1.466387353498295854e+00,2.500050468370318413e-03
1.466442935832747096e+00,1.666722702793776989e-03
1.466498496761384995e+00,3.333391156047582626e-03
1.466554036300690145e+00,4.166712984442710876e-03
1.466609554467124710e+00,2.222273033112287521e-03
1.466665051277132203e+00,1.944500952959060669e-03
1.466720526747136155e+00,2.777830231934785843e-03
1.466775980893542775e+00,3.888936247676610947e-03
1.466831413732738065e+00,2.500049537047743797e-03
1.466886825281089379e+00,4.722275305539369583e-03
1.466942215554945195e+00,3.333383239805698395e-03
1.466997584570636004e+00,3.333384171128273010e-03
1.467052932344472316e+00,2.222281182184815407e-03
1.467108258892746431e+00,3.333387896418571472e-03
1.467163564231731998e+00,2.500048372894525528e-03
1.467218848377683793e+00,3.611157648265361786e-03
1.467274111346837939e+00,3.055604407563805580e-03
1.467329353155412131e+00,3.888936247676610947e-03
1.467384573819604965e+00,2.500042552128434181e-03
1.467439773355596833e+00,2.777823479846119881e-03
1.467494951779549472e+00,2.500050701200962067e-03
1.467550109107606193e+00,3.333389060571789742e-03
1.467605245355891208e+00,5.833378527313470840e-03
1.467660360540510966e+00,3.055606037378311157e-03
1.467715454677553044e+00,3.055601147934794426e-03
1.467770527783087253e+00,3.055602079257369041e-03
1.467825579873163866e+00,1.944499555975198746e-03
1.467880610963816057e+00,3.888942766934633255e-03
1.467935621071057462e+00,2.777826506644487381e-03
1.467990610210884395e+00,3.333385568112134933e-03
1.468045578399274076e+00,4.166715312749147415e-03
1.468100525652185961e+00,2.777827437967061996e-03
1.468155451985561522e+00,2.777821850031614304e-03
1.468210357415323353e+00,4.722281359136104584e-03
1.468265241957376288e+00,4.444499500095844269e-03
1.468320105627606731e+00,4.166716709733009338e-03
1.468374948441883543e+00,1.666705124080181122e-03
1.468429770416056934e+00,3.333378816023468971e-03
1.468484571565959351e+00,2.777832327410578728e-03
1.468539351907404811e+00,4.444491118192672729e-03
1.468594111456189788e+00,2.777823479846119881e-03
1.468648850228092773e+00,3.333378350362181664e-03
1.468703568238873824e+00,1.388932229019701481e-03
1.468758265504275462e+00,1.944491406902670860e-03
1.468812942040022440e+00,3.333378816023468971e-03
1.468867597861821084e+00,1.944495597854256630e-03
1.468922232985360399e+00,2.777820685878396034e-03
1.468976847426311405e+00,1.666712574660778046e-03
1.469031441200327359e+00,3.888935083523392677e-03
1.469086014323043754e+00,3.055593464523553848e-03
1.469140566810077875e+00,3.333379048854112625e-03
1.469195098677030131e+00,2.777828369289636612e-03
1.469249609939482504e+00,3.888930892571806908e-03
1.469304100613000319e+00,1.388931530527770519e-03
1.469358570713130030e+00,5.000036209821701050e-03
1.469413020255400992e+00,4.166702274233102798e-03
1.469467449255325464e+00,3.611154621466994286e-03
1.469521857728397718e+00,2.777819056063890457e-03
1.469576245690094041e+00,3.888933220878243446e-03
1.469630613155874288e+00,2.777819987386465073e-03
1.469684960141179886e+00,3.055598353967070580e-03
1.469739286661435385e+00,3.611146938055753708e-03
1.469793592732047793e+00,3.611155785620212555e-03
1.469847878368406580e+00,3.333379514515399933e-03
1.469902143585883891e+00,3.055597422644495964e-03
1.469956388399834557e+00,2.777818124741315842e-03
1.470010612825596308e+00,3.888934617862105370e-03
1.470064816878489555e+00,4.166709724813699722e-03
1.470119000573816725e+00,2.777820220217108727e-03
1.470173163926863591e+00,1.111145596951246262e-03
1.470227306952899271e+00,1.944487914443016052e-03
1.470281429667174899e+00,2.777818357571959496e-03
1.470335532084924068e+00,3.055599518120288849e-03
1.470389614221364827e+00,1.944482326507568359e-03
1.470443676091696572e+00,2.500039990991353989e-03
1.470497717711102270e+00,2.777813235297799110e-03
1.470551739094748012e+00,3.611154621466994286e-03
1.470605740257782124e+00,3.611151827499270439e-03
1.470659721215336502e+00,3.888929262757301331e-03
1.470713681982526388e+00,2.222260227426886559e-03
1.470767622574448819e+00,2.500039525330066681e-03
1.470821543006185728e+00,3.333369968459010124e-03
1.470875443292800400e+00,3.611158812418580055e-03
1.470929323449340353e+00,3.333372063934803009e-03
1.470983183490836010e+00,3.611152293160557747e-03
1.471037023432300250e+00,3.333370434120297432e-03
1.471090843288729966e+00,2.777816494926810265e-03
1.471144643075105396e+00,2.500040223821997643e-03
1.471198422806389461e+00,3.611148335039615631e-03
1.471252182497528427e+00,3.333377651870250702e-03
1.471305922163452129e+00,3.333375323563814163e-03
1.471359641819073749e+00,2.222263952717185020e-03
1.471413341479289594e+00,4.166702739894390106e-03
1.471467021158979316e+00,3.055592766031622887e-03
1.471520680873005693e+00,3.055595327168703079e-03
1.471574320636215960e+00,1.944481395184993744e-03
1.471627940463439588e+00,3.333370666950941086e-03
1.471681540369490726e+00,2.777817891910672188e-03
1.471735120369165761e+00,4.166702274233102798e-03
1.471788680477245093e+00,2.222260693088173866e-03
1.471842220708493354e+00,4.166709724813699722e-03
1.471895741077658082e+00,3.055592998862266541e-03
1.471949241599469937e+00,1.111145014874637127e-03
1.472002722288644261e+00,3.611148800700902939e-03
1.472056183159878850e+00,4.166701808571815491e-03
1.472109624227856850e+00,4.166701808571815491e-03
1.472163045507243417e+00,3.055590670555830002e-03
1.472216447012687945e+00,2.777812769636511803e-03
1.472269828758824062e+00,3.055587410926818848e-03
1.472323190760268741e+00,2.222252311185002327e-03
1.472376533031622747e+00,3.611141350120306015e-03
1.472429855587470637e+00,2.500033937394618988e-03
1.472483158442381201e+00,3.333362983539700508e-03
1.472536441610906577e+00,3.888922045007348061e-03
1.472589705107582914e+00,2.500040223821997643e-03
1.472642948946930153e+00,3.611147869378328323e-03
1.472696173143452691e+00,2.777813933789730072e-03
1.472749377711638274e+00,2.222254173830151558e-03
1.472802562665959103e+00,3.055587876588106155e-03
1.472855728020870947e+00,2.500033937394618988e-03
1.472908873790813811e+00,3.055587876588106155e-03
1.472961999990211934e+00,1.944482792168855667e-03
1.473015106633473126e+00,2.222253475338220596e-03
1.473068193734989872e+00,2.500035101547837257e-03
1.473121261309138452e+00,2.500033238902688026e-03
1.473174309370279156e+00,2.222258830443024635e-03
1.473227337932756953e+00,2.777810441330075264e-03
1.473280347010900382e+00,3.611144144088029861e-03
1.473333336619022660e+00,2.500032540410757065e-03
1.473386306771420795e+00,3.055591136217117310e-03
1.473439257482376474e+00,1.944474992342293262e-03
1.473492188766155619e+00,2.222256734967231750e-03
1.473545100637008165e+00,3.333366941660642624e-03
1.473597993109168502e+00,3.611142747104167938e-03
1.473650866196855924e+00,2.500034403055906296e-03
1.473703719914272847e+00,3.611140884459018707e-03
1.473756554275607256e+00,2.500031143426895142e-03
1.473809369295031368e+00,4.166699945926666260e-03
1.473862164986700973e+00,4.444475751370191574e-03
1.473914941364757425e+00,4.444478545337915421e-03
1.473967698443325647e+00,3.055589739233255386e-03
1.474020436236516352e+00,3.055585781112313271e-03
1.474073154758422710e+00,3.333362517878413200e-03
1.474125854023125015e+00,2.777813235297799110e-03
1.474178534044685573e+00,2.222254173830151558e-03
1.474231194837153591e+00,2.777805551886558533e-03
1.474283836414561177e+00,3.055587876588106155e-03
1.474336458790926008e+00,3.055585781112313271e-03
1.474389061980249771e+00,4.444474820047616959e-03
1.474441645996519945e+00,3.333362517878413200e-03
1.474494210853707354e+00,1.944470684975385666e-03
1.474546756565768391e+00,2.500027418136596680e-03
1.474599283146644124e+00,3.055587410926818848e-03
1.474651790610260083e+00,1.666697557084262371e-03
1.474704278970527360e+00,3.333359956741333008e-03
1.474756748241340620e+00,2.777806017547845840e-03
1.474809198436580537e+00,1.944471616297960281e-03
1.474861629570112020e+00,6.388913840055465698e-03
1.474914041655784880e+00,3.611141815781593323e-03
1.474966434707434271e+00,3.611142514273524284e-03
1.475018808738880027e+00,3.888923674821853638e-03
1.475071163763926441e+00,2.777804620563983917e-03
1.475123499796364035e+00,3.055582987144589424e-03
1.475175816849966903e+00,2.500026486814022064e-03
1.475228114938494706e+00,2.777811838313937187e-03
1.475280394075692891e+00,1.944477553479373455e-03
1.475332654275291144e+00,2.777806948870420456e-03
1.475384895551003828e+00,2.222252311185002327e-03
1.475437117916531538e+00,2.777802757918834686e-03
1.475489321385559549e+00,3.611138788983225822e-03
1.475541505971757816e+00,3.055580426007509232e-03
1.475593671688782083e+00,3.611139720305800438e-03
1.475645818550272992e+00,3.611138323321938515e-03
1.475697946569856311e+00,2.500022063031792641e-03
1.475750055761143376e+00,2.777804620563983917e-03
1.475802146137730420e+00,1.944471383467316628e-03
1.475854217713199246e+00,3.611137391999363899e-03
1.475906270501117001e+00,1.944471383467316628e-03
1.475958304515035735e+00,2.222250681370496750e-03
1.476010319768493062e+00,2.500023925676941872e-03
1.476062316275012165e+00,2.777808578684926033e-03
1.476114294048101128e+00,3.055582754313945770e-03
1.476166253101254044e+00,2.777802059426903725e-03
1.476218193447950133e+00,2.500026486814022064e-03
1.476270115101653735e+00,5.000028759241104126e-03
1.476322018075815645e+00,1.388911972753703594e-03
1.476373902383870451e+00,2.777807414531707764e-03
1.476425768039240305e+00,3.333359491080045700e-03
1.476477615055331372e+00,2.777802757918834686e-03
1.476529443445535827e+00,3.611131804063916206e-03
1.476581253223231416e+00,3.055582055822014809e-03
1.476633044401782113e+00,2.777803223580121994e-03
1.476684816994536131e+00,2.222246024757623672e-03
1.476736571014828359e+00,1.944466377608478069e-03
1.476788306475979251e+00,3.611136926338076591e-03
1.476840023391294610e+00,2.222249284386634827e-03
1.476891721774066246e+00,3.055581124499440193e-03
1.476943401637571096e+00,3.333360888063907623e-03
1.476995062995072772e+00,1.944468123838305473e-03
1.477046705859819786e+00,4.166697617620229721e-03
1.477098330245046887e+00,1.944467774592339993e-03
1.477149936163974608e+00,3.611136693507432938e-03
1.477201523629809055e+00,3.611134132370352745e-03
1.477253092655742561e+00,2.777801593765616417e-03
1.477304643254952810e+00,4.722244571894407272e-03
1.477356175440603492e+00,4.722244106233119965e-03
1.477407689225844534e+00,4.166693426668643951e-03
1.477459184623811650e+00,4.166689701378345490e-03
1.477510661647626566e+00,2.500027650967240334e-03
1.477562120310396354e+00,4.444466438144445419e-03
1.477613560625214983e+00,2.222246723249554634e-03
1.477664982605161770e+00,3.611132502555847168e-03
1.477716386263302262e+00,3.055581124499440193e-03
1.477767771612688019e+00,2.500024624168872833e-03
1.477819138666356613e+00,3.611138788983225822e-03
1.477870487437332070e+00,2.222246723249554634e-03
1.477921817938623761e+00,1.388912205584347248e-03
1.477973130183228179e+00,3.055576933547854424e-03
1.478024424184126717e+00,2.777805319055914879e-03
1.478075699954288336e+00,3.333356929942965508e-03
1.478126957506666672e+00,3.611135296523571014e-03
1.478178196854202930e+00,3.055578563362360001e-03
1.478229418009823659e+00,4.166689235717058182e-03
1.478280620986442084e+00,3.888910170644521713e-03
1.478331805796957221e+00,5.277798045426607132e-03
1.478382972454255206e+00,2.500023925676941872e-03
1.478434120971207300e+00,2.777801128104329109e-03
1.478485251360672326e+00,2.500023925676941872e-03
1.478536363635494011e+00,3.055577864870429039e-03
1.478587457808503869e+00,2.500026719644665718e-03
1.478638533892518980e+00,2.500024391338229179e-03
1.478689591900343103e+00,1.388907781802117825e-03
1.478740631844766229e+00,2.500022295862436295e-03
1.478791653738564582e+00,3.888912498950958252e-03
1.478842657594501508e+00,4.166687838733196259e-03
1.478893643425326365e+00,4.444468766450881958e-03
1.478944611243774521e+00,2.500020666047930717e-03
1.478995561062569131e+00,3.611134598031640053e-03
1.479046492894418696e+00,3.611132502555847168e-03
1.479097406752018617e+00,6.388909649103879929e-03
1.479148302648051416e+00,1.111132907681167126e-03
1.479199180595185181e+00,3.333354135975241661e-03
1.479250040606075345e+00,3.333355765789747238e-03
1.479300882693363572e+00,2.222242997959256172e-03
1.479351706869678651e+00,3.333353903144598007e-03
1.479402513147635378e+00,3.055576467886567116e-03
1.479453301539835897e+00,1.944465446285903454e-03
1.479504072058868802e+00,3.055576235055923462e-03
1.479554824717308703e+00,3.333354601636528969e-03
1.479605559527718217e+00,3.611132968217134476e-03
1.479656276502645751e+00,3.333356231451034546e-03
1.479706975654626833e+00,1.666689408011734486e-03
1.479757656996183890e+00,2.777799032628536224e-03
1.479808320539825583e+00,3.611129708588123322e-03
1.479858966298048140e+00,3.611131804063916206e-03
1.479909594283334240e+00,2.777798334136605263e-03
1.479960204508153687e+00,3.055577864870429039e-03
1.480010796984962518e+00,1.944465679116547108e-03
1.480061371726204555e+00,1.388909062370657921e-03
1.480111928744309857e+00,1.666685217060148716e-03
1.480162468051695601e+00,5.277797114104032516e-03
1.480212989660766532e+00,3.333353437483310699e-03
1.480263493583913403e+00,2.500020200386643410e-03
1.480313979833514093e+00,1.944462186656892300e-03
1.480364448421934265e+00,3.333352040499448776e-03
1.480414899361526038e+00,1.944462070241570473e-03
1.480465332664628653e+00,3.055575070902705193e-03
1.480515748343568028e+00,3.055577864870429039e-03
1.480566146410658090e+00,1.944468240253627300e-03
1.480616526878199224e+00,2.222241833806037903e-03
1.480666889758478932e+00,3.055576002225279808e-03
1.480717235063771842e+00,3.055575303733348846e-03
1.480767562806340143e+00,3.333356697112321854e-03
1.480817872998432705e+00,2.500019036233425140e-03
1.480868165652285739e+00,3.055573673918843269e-03
1.480918440780123024e+00,3.333352273330092430e-03
1.480968698394155014e+00,1.666683936491608620e-03
1.481018938506579730e+00,2.777796471491456032e-03
1.481069161129582312e+00,2.777796238660812378e-03
1.481119366275335247e+00,2.500020200386643410e-03
1.481169553955998586e+00,2.777797868475317955e-03
1.481219724183719055e+00,3.333352040499448776e-03
1.481269876970630950e+00,3.055574605241417885e-03
1.481320012328856794e+00,1.944462186656892300e-03
1.481370130270505125e+00,2.777791582047939301e-03
1.481420230807672267e+00,3.333350876346230507e-03
1.481470313952442774e+00,2.222238807007670403e-03
1.481520379716887659e+00,3.888907609507441521e-03
1.481570428113065496e+00,2.500017872080206871e-03
1.481620459153023095e+00,2.777796471491456032e-03
1.481670472848793496e+00,2.777794376015663147e-03
1.481720469212398639e+00,2.777792979031801224e-03
1.481770448255846695e+00,3.055572276934981346e-03
1.481820409991133847e+00,2.777796937152743340e-03
1.481870354430244063e+00,1.388905104249715805e-03
1.481920281585148880e+00,2.500016940757632256e-03
1.481970191467806730e+00,1.944461488164961338e-03
1.482020084090164502e+00,3.888908540830016136e-03
1.482069959464156206e+00,3.611127613112330437e-03
1.482119817601703415e+00,4.166682250797748566e-03
1.482169658514715938e+00,3.333349479362368584e-03
1.482219482215090256e+00,2.777794376015663147e-03
1.482269288714711308e+00,3.611128078773617744e-03
1.482319078025451597e+00,3.611128777265548706e-03
1.482368850159171192e+00,3.055573673918843269e-03
1.482418605127718170e+00,3.055574139580130577e-03
1.482468342942927508e+00,3.333350876346230507e-03
1.482518063616623305e+00,3.888907376676797867e-03
1.482567767160616334e+00,3.333350876346230507e-03
1.482617453586705603e+00,2.222238807007670403e-03
1.482667122906677681e+00,4.444461315870285034e-03
1.482716775132307374e+00,2.500014845281839371e-03
1.482766410275357272e+00,2.777795307338237762e-03
1.482816028347577308e+00,3.055571578443050385e-03
1.482865629360705650e+00,4.444459918886423111e-03
1.482915213326468695e+00,3.333353437483310699e-03
1.482964780256580184e+00,3.611126448959112167e-03
1.483014330162742089e+00,4.166683182120323181e-03
1.483063863056644616e+00,2.222236013039946556e-03
1.483113378949964867e+00,2.222238108515739441e-03
1.483162877854369288e+00,3.611125284805893898e-03
1.483212359781511447e+00,3.888905048370361328e-03
1.483261824743033364e+00,3.333348780870437622e-03
1.483311272750564402e+00,8.333490695804357529e-04
1.483360703815722603e+00,3.333349246531724930e-03
1.483410117950114460e+00,3.611125750467181206e-03
1.483459515165333586e+00,5.000013858079910278e-03
1.483508895472961830e+00,1.111127668991684914e-03
1.483558258884569936e+00,2.500014612451195717e-03
1.483607605411715991e+00,2.777792979031801224e-03
1.483656935065946758e+00,2.222239272668957710e-03
1.483706247858796567e+00,3.611124819144606590e-03
1.483755543801788424e+00,3.055571345612406731e-03
1.483804822906433563e+00,3.611124353483319283e-03
1.483854085184231009e+00,3.055570647120475769e-03
1.483903330646668239e+00,2.222238807007670403e-03
1.483952559305220964e+00,2.500018104910850525e-03
1.484001771171353123e+00,2.222236944362521172e-03
1.484050966256517112e+00,3.055570414289832115e-03
1.484100144572153557e+00,2.500014379620552063e-03
1.484149306129690649e+00,2.777794608846306801e-03
1.484198450940546365e+00,2.500014845281839371e-03
1.484247579016125806e+00,3.888904349878430367e-03
1.484296690367822524e+00,3.333346685394644737e-03
1.484345785007019414e+00,3.333349246531724930e-03
1.484394862945086491e+00,3.055572044104337692e-03
1.484443924193383113e+00,2.500013913959264755e-03
1.484492968763256426e+00,1.666679163463413715e-03
1.484541996666042474e+00,5.000015255063772202e-03
1.484591007913065530e+00,2.500013215467333794e-03
1.484640002515638102e+00,2.222237410023808479e-03
1.484688980485061593e+00,3.333350410684943199e-03
1.484737941832625641e+00,3.055569250136613846e-03
1.484786886569608777e+00,3.611124353483319283e-03
1.484835814707277546e+00,2.500013215467333794e-03
1.484884726256887166e+00,2.500015310943126678e-03
1.484933621229681533e+00,2.500013681128621101e-03
1.484982499636892994e+00,2.222236478701233864e-03
1.485031361489743018e+00,2.500013215467333794e-03
1.485080206799440861e+00,4.166680853813886642e-03
1.485129035577184453e+00,3.333349246531724930e-03
1.485177847834161069e+00,2.222235547378659248e-03
1.485226643581546213e+00,2.500014146789908409e-03
1.485275422830504066e+00,5.000011995434761047e-03
1.485324185592187485e+00,4.444458521902561188e-03
1.485372931877737779e+00,2.222235314548015594e-03
1.485421661698285600e+00,2.500013215467333794e-03
1.485470375064949833e+00,3.611122258007526398e-03
1.485519071988837592e+00,3.888901788741350174e-03
1.485567752481046444e+00,2.222233451902866364e-03
1.485616416552660857e+00,3.611122258007526398e-03
1.485665064214755304e+00,3.611123887822031975e-03
1.485713695478392271e+00,2.222235547378659248e-03
1.485762310354623583e+00,3.611123654991388321e-03
1.485810908854489742e+00,3.611123887822031975e-03
1.485859490989020149e+00,1.944456365890800953e-03
1.485908056769232877e+00,3.888901788741350174e-03
1.485956606206135344e+00,4.166678991168737411e-03
1.486005139310722978e+00,4.166679456830024719e-03
1.486053656093981212e+00,2.500012749806046486e-03
1.486102156566883270e+00,2.777790185064077377e-03
1.486150640740392381e+00,3.611123887822031975e-03
1.486199108625459786e+00,2.222232986241579056e-03
1.486247560233026510e+00,2.500013913959264755e-03
1.486295995574022255e+00,4.166679922491312027e-03
1.486344414659365398e+00,2.777790185064077377e-03
1.486392817499963659e+00,3.611124120652675629e-03
1.486441204106713432e+00,2.222233917564153671e-03
1.486489574490500676e+00,3.611123189330101013e-03
1.486537928662200470e+00,2.500012516975402832e-03
1.486586266632675901e+00,2.777790650725364685e-03
1.486634588412780511e+00,3.611123887822031975e-03
1.486682894013356071e+00,2.500012284144759178e-03
1.486731183445233695e+00,4.444456193596124649e-03
1.486779456719233616e+00,1.666679745540022850e-03
1.486827713846165189e+00,3.888900158926844597e-03
1.486875954836827329e+00,2.777789486572146416e-03
1.486924179702007187e+00,3.333344589918851852e-03
1.486972388452482141e+00,3.055566688999533653e-03
1.487020581099018024e+00,2.777789952233433723e-03
1.487068757652370010e+00,2.777790650725364685e-03
1.487116918123283282e+00,3.055568784475326538e-03
1.487165062522490810e+00,4.722233861684799194e-03
1.487213190860716239e+00,5.277790129184722900e-03
1.487261303148671887e+00,3.611122025176882744e-03
1.487309399397058751e+00,5.833346396684646606e-03
1.487357479616568501e+00,2.222232986241579056e-03
1.487405543817880815e+00,4.444455262273550034e-03
1.487453592011665382e+00,3.333344589918851852e-03
1.487501624208581452e+00,2.777789486572146416e-03
1.487549640419276731e+00,2.500011818483471870e-03
1.487597640654389375e+00,5.555567331612110138e-03
1.487645624924545773e+00,1.666678232140839100e-03
1.487693593240362988e+00,3.055565990507602692e-03
1.487741545612446314e+00,1.944456715136766434e-03
1.487789482051391277e+00,3.888900857418775558e-03
1.487837402567782741e+00,2.777789020910859108e-03
1.487885307172194249e+00,1.944456133060157299e-03
1.487933195875190018e+00,2.500011119991540909e-03
1.487981068687323161e+00,2.500012284144759178e-03
1.488028925619135912e+00,4.722234327346086502e-03
1.488076766681160512e+00,2.222235081717371941e-03
1.488124591883918324e+00,2.500010887160897255e-03
1.488172401237921161e+00,3.611122956499457359e-03
1.488220194753669290e+00,3.055565059185028076e-03
1.488267972441652987e+00,2.222232520580291748e-03
1.488315734312352312e+00,1.944454270415008068e-03
1.488363480376237113e+00,4.722232464700937271e-03
1.488411210643765692e+00,4.444455262273550034e-03
1.488458925125387244e+00,3.333342960104346275e-03
1.488506623831540088e+00,1.944454037584364414e-03
1.488554306772651881e+00,3.055566921830177307e-03
1.488601973959140956e+00,2.500010654330253601e-03
1.488649625401413878e+00,2.500012051314115524e-03
1.488697261109868109e+00,3.611122025176882744e-03
1.488744881094890227e+00,4.166675731539726257e-03
1.488792485366856821e+00,3.611121326684951782e-03
1.488840073936134267e+00,3.055566223338246346e-03
1.488887646813078058e+00,3.055565524846315384e-03
1.488935204008033697e+00,3.888899926096200943e-03
1.488982745531337359e+00,4.722233861684799194e-03
1.489030271393313898e+00,3.611119696870446205e-03
1.489077781604278172e+00,2.777788089588284492e-03
1.489125276174535273e+00,2.222233451902866364e-03
1.489172755114379854e+00,2.777787158265709877e-03
1.489220218434096576e+00,2.777788555249571800e-03
1.489267666143959667e+00,3.055566688999533653e-03
1.489315098254233360e+00,2.222232520580291748e-03
1.489362514775171453e+00,1.944454270415008068e-03
1.489409915717018640e+00,3.333342960104346275e-03
1.489457301090008290e+00,2.500010654330253601e-03
1.489504670904364225e+00,2.222231822088360786e-03
1.489552025170300942e+00,2.222231589257717133e-03
1.489599363898021167e+00,2.222233684733510017e-03
1.489646687097719191e+00,1.944454968906939030e-03
1.489693994779578423e+00,3.888898994773626328e-03
1.489741286953772947e+00,2.777786226943135262e-03
1.489788563630465523e+00,3.611120628193020821e-03
1.489835824819810473e+00,1.666675438173115253e-03
1.489883070531951237e+00,3.055564826354384422e-03
1.489930300777021710e+00,2.500011119991540909e-03
1.489977515565145350e+00,2.777787391096353531e-03
1.490024714906436065e+00,3.888898994773626328e-03
1.490071898810997997e+00,3.611119464039802551e-03
1.490119067288924626e+00,2.777787856757640839e-03
1.490166220350300774e+00,3.888898296281695366e-03
1.490213358005199717e+00,4.444455262273550034e-03
1.490260480263686516e+00,4.444452933967113495e-03
1.490307587135815570e+00,2.222230425104498863e-03
1.490354678631631291e+00,3.888897364959120750e-03
1.490401754761168318e+00,4.166676197201013565e-03
1.490448815534451965e+00,1.944453106261789799e-03
1.490495860961497332e+00,2.222232287749648094e-03
1.490542891052309527e+00,2.222232287749648094e-03
1.490589905816884775e+00,3.055565524846315384e-03
1.490636905265207979e+00,2.222230425104498863e-03
1.490683889407255824e+00,3.333342960104346275e-03
1.490730858252994340e+00,6.388897541910409927e-03
1.490777811812380671e+00,1.666675438173115253e-03
1.490824750095361084e+00,3.611119696870446205e-03
1.490871673111872742e+00,5.277786403894424438e-03
1.490918580871843702e+00,5.277787335216999054e-03
1.490965473385191142e+00,2.777787623926997185e-03
1.491012350661823360e+00,2.500009955838322639e-03
1.491059212711639104e+00,3.888897830620408058e-03
1.491106059544526907e+00,3.055565059185028076e-03
1.491152891170365979e+00,2.222231589257717133e-03
1.491199707599026203e+00,4.166674800217151642e-03
1.491246508840367024e+00,5.277786403894424438e-03
1.491293294904239231e+00,2.500009955838322639e-03
1.491340065800483616e+00,2.222230192273855209e-03
1.491386821538930985e+00,1.666676136665046215e-03
1.491433562129403700e+00,3.055562963709235191e-03
1.491480287581713471e+00,5.277786403894424438e-03
1.491526997905662899e+00,3.333341330289840698e-03
1.491573693111045262e+00,3.611119231209158897e-03
1.491620373207643846e+00,2.222231123596429825e-03
1.491667038205233053e+00,1.944452873431146145e-03
1.491713688113577296e+00,3.333342261612415314e-03
1.491760322942432104e+00,3.055563196539878845e-03
1.491806942701542349e+00,4.722229670733213425e-03
1.491853547400644908e+00,2.222230425104498863e-03
1.491900137049466446e+00,2.500007394701242447e-03
1.491946711657724300e+00,2.222230425104498863e-03
1.491993271235126484e+00,3.888897830620408058e-03
1.492039815791371460e+00,2.777785528451204300e-03
1.492086345336148590e+00,3.611118532717227936e-03
1.492132859879137907e+00,1.944452174939215183e-03
1.492179359430009011e+00,2.500008558854460716e-03
1.492225843998423951e+00,3.611118532717227936e-03
1.492272313594034117e+00,3.333341330289840698e-03
1.492318768226482018e+00,3.888897364959120750e-03
1.492365207905400393e+00,2.500008791685104370e-03
1.492411632640413988e+00,1.944453106261789799e-03
1.492458042441136667e+00,3.055563662201166153e-03
1.492504437317173860e+00,2.222230192273855209e-03
1.492550817278121444e+00,3.055563662201166153e-03
1.492597182333566641e+00,1.944452524185180664e-03
1.492643532493086678e+00,1.111119054257869720e-03
1.492689867766249678e+00,4.444452468305826187e-03
1.492736188162614885e+00,4.166674800217151642e-03
1.492782493691732437e+00,3.055563662201166153e-03
1.492828784363142702e+00,3.333340398967266083e-03
1.492875060186376945e+00,4.166674334555864334e-03
1.492921321170958215e+00,1.944451825693249702e-03
1.492967567326399125e+00,2.222230425104498863e-03
1.493013798662203850e+00,2.222228562459349632e-03
1.493060015187867462e+00,2.777785295620560646e-03
1.493106216912875484e+00,3.055562963709235191e-03
1.493152403846704335e+00,3.888896433636546135e-03
1.493198575998822442e+00,3.333341563120484352e-03
1.493244733378687572e+00,2.500006696209311485e-03
1.493290875995749278e+00,3.055562963709235191e-03
1.493337003859448009e+00,4.166674334555864334e-03
1.493383116979214886e+00,1.944451825693249702e-03
1.493429215364472595e+00,2.777785994112491608e-03
1.493475299024633829e+00,3.333340631797909737e-03
1.493521367969102842e+00,3.611118765547871590e-03
1.493567422207275230e+00,1.944452058523893356e-03
1.493613461748536597e+00,3.333340398967266083e-03
1.493659486602264552e+00,3.333340864628553391e-03
1.493705496777827380e+00,2.777785761281847954e-03
1.493751492284584259e+00,4.444452002644538879e-03
1.493797473131885711e+00,1.666672877036035061e-03
1.493843439329072709e+00,3.611117834225296974e-03
1.493889390885478008e+00,2.777784131467342377e-03
1.493935327810425262e+00,3.055562730878591537e-03
1.493981250113228798e+00,3.888894803822040558e-03
1.494027157803194727e+00,1.944451360031962395e-03
1.494073050889619614e+00,2.222228795289993286e-03
1.494118929381791805e+00,4.166673403233289719e-03
1.494164793288990323e+00,4.166674334555864334e-03
1.494210642620485308e+00,3.611117601394653320e-03
1.494256477385538240e+00,2.777785295620560646e-03
1.494302297593402162e+00,3.888895967975258827e-03
1.494348103253320570e+00,4.166672937572002411e-03
1.494393894374528298e+00,4.722228273749351501e-03
1.494439670966251965e+00,2.222228562459349632e-03
1.494485433037709088e+00,2.222228562459349632e-03
1.494531180598108078e+00,4.444451536983251572e-03
1.494576913656648909e+00,2.777784131467342377e-03
1.494622632222522896e+00,2.500006696209311485e-03
1.494668336304912248e+00,4.444451071321964264e-03
1.494714025912991184e+00,2.222228795289993286e-03
1.494759701055924372e+00,4.444452002644538879e-03
1.494805361742868044e+00,2.777784131467342377e-03
1.494851007982969771e+00,2.500005997717380524e-03
1.494896639785369130e+00,2.777784829959273338e-03
1.494942257159195709e+00,3.611117601394653320e-03
1.494987860113571099e+00,2.500006696209311485e-03
1.495033448657608899e+00,3.055562265217304230e-03
1.495079022800413160e+00,2.777784829959273338e-03
1.495124582551079273e+00,2.500006929039955139e-03
1.495170127918694636e+00,3.611117834225296974e-03
1.495215658912337320e+00,2.222227631136775017e-03
1.495261175541078069e+00,2.500006929039955139e-03
1.495306677813977414e+00,3.611117135733366013e-03
1.495352165740088557e+00,2.777783665806055069e-03
1.495397639328455597e+00,2.222229260951280594e-03
1.495443098588113751e+00,2.222228562459349632e-03
1.495488543528090464e+00,2.222228795289993286e-03
1.495533974157404300e+00,4.166672471910715103e-03
1.495579390485065607e+00,2.777784131467342377e-03
1.495624792520075186e+00,3.055562730878591537e-03
1.495670180271426730e+00,3.333341330289840698e-03
1.495715553748104609e+00,3.055562032386660576e-03
1.495760912959084976e+00,3.611117135733366013e-03
1.495806257913335324e+00,3.888894803822040558e-03
1.495851588619814709e+00,3.888895269483327866e-03
1.495896905087474194e+00,5.000006407499313354e-03
1.495942207325255735e+00,1.388895791023969650e-03
1.495987495342093521e+00,2.500006463378667831e-03
1.496032769146912633e+00,2.222228096798062325e-03
1.496078028748630384e+00,4.166673403233289719e-03
1.496123274156155647e+00,2.777784131467342377e-03
1.496168505378388414e+00,2.777783432975411415e-03
1.496213722424220904e+00,2.777784131467342377e-03
1.496258925302536236e+00,3.333339001983404160e-03
1.496304114022210197e+00,3.055561566725373268e-03
1.496349288592109028e+00,3.611117601394653320e-03
1.496394449021091866e+00,2.500006230548024178e-03
1.496439595318008298e+00,3.333338769152760506e-03
1.496484727491701250e+00,2.500006230548024178e-03
1.496529845551003435e+00,2.222228096798062325e-03
1.496574949504740681e+00,3.611117601394653320e-03
1.496620039361729715e+00,3.611117368564009666e-03
1.496665115130779933e+00,1.944450079463422298e-03
1.496710176820691185e+00,2.222227631136775017e-03
1.496755224440256438e+00,2.500005532056093216e-03
1.496800257998259776e+00,3.333339234814047813e-03
1.496845277503476179e+00,2.222228329628705978e-03
1.496890282964674190e+00,1.666672178544104099e-03
1.496935274390612802e+00,3.055561566725373268e-03
1.496980251790043459e+00,2.500005299225449562e-03
1.497025215171709389e+00,1.666672062128782272e-03
1.497070164544345161e+00,3.333338536322116852e-03
1.497115099916677794e+00,2.777783200144767761e-03
1.497160021297425647e+00,2.777784131467342377e-03
1.497204928695299087e+00,3.611116437241435051e-03
1.497249822119000706e+00,3.888894803822040558e-03
1.497294701577224663e+00,3.055561566725373268e-03
1.497339567078656675e+00,2.500005066394805908e-03
1.497384418631975356e+00,4.444450605660676956e-03
1.497429256245849771e+00,3.888895036652684212e-03
1.497474079928942547e+00,3.611116670072078705e-03
1.497518889689906985e+00,1.944449846632778645e-03
1.497563685537388833e+00,3.055560402572154999e-03
1.497608467480025407e+00,3.333338070660829544e-03
1.497653235526446913e+00,2.222226932644844055e-03
1.497697989685274678e+00,4.444449674338102341e-03
1.497742729965121811e+00,4.166672471910715103e-03
1.497787456374594539e+00,4.166672006249427795e-03
1.497832168922289764e+00,4.166672471910715103e-03
1.497876867616797281e+00,3.333338070660829544e-03
1.497921552466698669e+00,3.888894338160753250e-03
1.497966223480567294e+00,2.500005299225449562e-03
1.498010880666968747e+00,3.055560402572154999e-03
1.498055524034461294e+00,2.500004833564162254e-03
1.498100153591593875e+00,2.222227631136775017e-03
1.498144769346908545e+00,2.777783898636698723e-03
1.498189371308939588e+00,2.777782967314124107e-03
1.498233959486212186e+00,3.888894803822040558e-03
1.498278533887245079e+00,2.222226932644844055e-03
1.498323094520547905e+00,3.333338769152760506e-03
1.498367641394623639e+00,3.888893639668822289e-03
1.498412174517965934e+00,2.222226932644844055e-03
1.498456693899061554e+00,3.888894105330109596e-03
1.498501199546389051e+00,3.055560635402798653e-03
1.498545691468419871e+00,4.444449208676815033e-03
1.498590169673616357e+00,2.500005066394805908e-03
1.498634634170433744e+00,2.777782501652836800e-03
1.498679084967319719e+00,3.611114807426929474e-03
1.498723522072713754e+00,2.777782501652836800e-03
1.498767945495047549e+00,3.333338769152760506e-03
1.498812355242745031e+00,4.444449208676815033e-03
1.498856751324222580e+00,3.333337837830185890e-03
1.498901133747888359e+00,2.777782035991549492e-03
1.498945502522143203e+00,3.333338070660829544e-03
1.498989857655379954e+00,4.444449674338102341e-03
1.499034199155983682e+00,4.166671540588140488e-03
1.499078527032332131e+00,3.333337837830185890e-03
1.499122841292795050e+00,1.944450079463422298e-03
1.499167141945734194e+00,3.611115971580147743e-03
1.499211428999504214e+00,3.055559936910867691e-03
1.499255702462451323e+00,2.777782501652836800e-03
1.499299962342914627e+00,4.166672006249427795e-03
1.499344208649225463e+00,4.166671074926853180e-03
1.499388441389707616e+00,3.611115971580147743e-03
1.499432660572676879e+00,3.611115505918860435e-03
1.499476866206441494e+00,1.111116260290145874e-03
1.499521058299302601e+00,2.222226466983556747e-03
1.499565236859552453e+00,3.611115738749504089e-03
1.499609401895476868e+00,1.666670665144920349e-03
1.499653553415354112e+00,3.055560402572154999e-03
1.499697691427453794e+00,2.500004367902874947e-03
1.499741815940038858e+00,2.500004600733518600e-03
1.499785926961364479e+00,3.611116437241435051e-03
1.499830024499677839e+00,3.055560169741511345e-03
1.499874108563219011e+00,1.666671480052173138e-03
1.499918179160220522e+00,2.777782268822193146e-03
1.499962236298906904e+00,4.722227808088064194e-03
1.500006279987496027e+00,3.055560402572154999e-03
1.500050310234197104e+00,4.444449208676815033e-03
1.500094327047212683e+00,2.777782501652836800e-03
1.500138330434737766e+00,1.944448333233594894e-03
1.500182320404958913e+00,3.611115505918860435e-03
1.500226296966056694e+00,1.944448682479560375e-03
1.500270260126202793e+00,3.055560169741511345e-03
1.500314209893562456e+00,2.500004367902874947e-03
1.500358146276292715e+00,2.777782035991549492e-03
1.500402069282543938e+00,2.777782035991549492e-03
1.500445978920458501e+00,4.444448743015527725e-03
1.500489875198171230e+00,3.055560169741511345e-03
1.500533758123809847e+00,3.055559238418936729e-03
1.500577627705494743e+00,2.777781803160905838e-03
1.500621483951338542e+00,4.722226411104202271e-03
1.500665326869446536e+00,3.055559936910867691e-03
1.500709156467917138e+00,2.777782035991549492e-03
1.500752972754840542e+00,4.444448743015527725e-03
1.500796775738300726e+00,4.722226411104202271e-03
1.500840565426372786e+00,2.777782268822193146e-03
1.500884341827125823e+00,3.611115505918860435e-03
1.500928104948620945e+00,5.555599345825612545e-04
1.500971854798911709e+00,3.055559005588293076e-03
1.501015591386045234e+00,3.333337372168898582e-03
1.501059314718060644e+00,3.055559936910867691e-03
1.501103024802989294e+00,4.444449208676815033e-03
1.501146721648856763e+00,3.611114807426929474e-03
1.501190405263679750e+00,3.888893174007534981e-03
1.501234075655468514e+00,4.444447811692953110e-03
1.501277732832225986e+00,3.333337139338254929e-03
1.501321376801947549e+00,4.166670609265565872e-03
1.501365007572621257e+00,2.500004367902874947e-03
1.501408625152228948e+00,3.611116204410791397e-03
1.501452229548743578e+00,4.166671074926853180e-03
1.501495820770132106e+00,3.333337139338254929e-03
1.501539398824353722e+00,3.611114341765642166e-03
1.501582963719360730e+00,3.888893174007534981e-03
1.501626515463098333e+00,3.333337604999542236e-03
1.501670054063503734e+00,5.833337549120187759e-03
1.501713579528507703e+00,4.722226411104202271e-03
1.501757091866033678e+00,3.888892242684960365e-03
1.501800591083997993e+00,3.611115738749504089e-03
1.501844077190309656e+00,1.666671247221529484e-03
1.501887550192870568e+00,2.222226466983556747e-03
1.501931010099575525e+00,2.222226466983556747e-03
1.501974456918311773e+00,2.777781570330262184e-03
1.502017890656960564e+00,3.333337604999542236e-03
1.502061311323394710e+00,2.777781337499618530e-03
1.502104718925481031e+00,3.333337139338254929e-03
1.502148113471078350e+00,3.611114807426929474e-03
1.502191494968038832e+00,3.333337372168898582e-03
1.502234863424207090e+00,2.500004367902874947e-03
1.502278218847422186e+00,2.500004367902874947e-03
1.502321561245514081e+00,3.055559238418936729e-03
1.502364890626306737e+00,5.000004544854164124e-03
1.502408206997617013e+00,2.222226234152913094e-03
1.502451510367254883e+00,3.055559238418936729e-03
1.502494800743023218e+00,3.888892941176891327e-03
1.502538078132717114e+00,3.888892242684960365e-03
1.502581342544125453e+00,2.500004367902874947e-03
1.502624593985030232e+00,2.500004367902874947e-03
1.502667832463205677e+00,3.055559005588293076e-03
1.502711057986419796e+00,4.444448277354240417e-03
1.502754270562433492e+00,3.333336906507611275e-03
1.502797470199000118e+00,3.055559936910867691e-03
1.502840656903866368e+00,4.166670143604278564e-03
1.502883830684772493e+00,3.055559005588293076e-03
1.502926991549451197e+00,1.944448449648916721e-03
1.502970139505628300e+00,2.500003669410943985e-03
1.503013274561022738e+00,3.333336906507611275e-03
1.503056396723347232e+00,3.611114341765642166e-03
1.503099506000306063e+00,2.500003669410943985e-03
1.503142602399598182e+00,3.055559238418936729e-03
1.503185685928914550e+00,3.055559238418936729e-03
1.503228756595939908e+00,2.777781570330262184e-03
1.503271814408351670e+00,3.611114807426929474e-03
1.503314859373820589e+00,1.944448333233594894e-03
1.503357891500010979e+00,2.222225535660982132e-03
1.503400910794579159e+00,2.777781337499618530e-03
1.503443917265175678e+00,3.333336673676967621e-03
1.503486910919443975e+00,4.166670143604278564e-03
1.503529891765020166e+00,4.444448277354240417e-03
1.503572859809534146e+00,5.000003147870302200e-03
1.503615815060608707e+00,3.333336673676967621e-03
1.503658757525860201e+00,3.333336906507611275e-03
1.503701687212897431e+00,1.944447983987629414e-03
1.503744604129322759e+00,2.777781337499618530e-03
1.503787508282732555e+00,3.055558772757649422e-03
1.503830399680715191e+00,1.666670315898954868e-03
1.503873278330853047e+00,3.333337372168898582e-03
1.503916144240721398e+00,4.444447811692953110e-03
1.503958997417888632e+00,4.722225014120340347e-03
1.504001837869916924e+00,3.888892941176891327e-03
1.504044665604361342e+00,4.166669677942991257e-03
1.504087480628770512e+00,2.777781570330262184e-03
1.504130282950685737e+00,2.500003203749656677e-03
1.504173072577642323e+00,1.666669850237667561e-03
1.504215849517168690e+00,2.777781570330262184e-03
1.504258613776785936e+00,2.777781104668974876e-03
1.504301365364009158e+00,2.500003669410943985e-03
1.504344104286346795e+00,1.944448100402951241e-03
1.504386830551300402e+00,2.222225302830338478e-03
1.504429544166364652e+00,3.055558772757649422e-03
1.504472245139028219e+00,3.888892009854316711e-03
1.504514933476771787e+00,3.888892242684960365e-03
1.504557609187071376e+00,1.388892414979636669e-03
1.504600272277394568e+00,2.500002970919013023e-03
1.504642922755203616e+00,4.444447811692953110e-03
1.504685560627953000e+00,2.500003436580300331e-03
1.504728185903091875e+00,3.333336440846323967e-03
1.504770798588061398e+00,3.333336673676967621e-03
1.504813398690297621e+00,1.944447634741663933e-03
1.504855986217228825e+00,3.333336906507611275e-03
1.504898561176276850e+00,2.777781104668974876e-03
1.504941123574857764e+00,2.500003436580300331e-03
1.504983673420380308e+00,4.166670143604278564e-03
1.505026210720247226e+00,3.055558539927005768e-03
1.505068735481853937e+00,2.777781104668974876e-03
1.505111247712590083e+00,1.944447634741663933e-03
1.505153747419838206e+00,5.000003147870302200e-03
1.505196234610974848e+00,1.944447983987629414e-03
1.505238709293369892e+00,3.055558307096362114e-03
1.505281171474386781e+00,1.944447983987629414e-03
1.505323621161381853e+00,2.777781104668974876e-03
1.505366058361705450e+00,5.555558018386363983e-03
1.505408483082701698e+00,2.777781104668974876e-03
1.505450895331707617e+00,1.388892065733671188e-03
1.505493295116054231e+00,2.500003203749656677e-03
1.505535682443065904e+00,2.222225535660982132e-03
1.505578057320060337e+00,1.944447983987629414e-03
1.505620419754349237e+00,3.055558772757649422e-03
1.505662769753237873e+00,3.333336673676967621e-03
1.505705107324024850e+00,2.777781104668974876e-03
1.505747432474001890e+00,3.055558772757649422e-03
1.505789745210455166e+00,3.333336440846323967e-03
1.505832045540663966e+00,3.055558307096362114e-03
1.505874333471901361e+00,1.666669850237667561e-03
1.505916609011433760e+00,3.055558772757649422e-03
1.505958872166521356e+00,1.666669617407023907e-03
1.506001122944418125e+00,3.611113876104354858e-03
1.506043361352371601e+00,4.166669212281703949e-03
1.506085587397622660e+00,2.500002970919013023e-03
1.506127801087405960e+00,4.166669212281703949e-03
1.506170002428950161e+00,2.777780406177043915e-03
1.506212191429477043e+00,1.944447401911020279e-03
1.506254368096202612e+00,2.777779940515756607e-03
1.506296532436335767e+00,2.222225768491625786e-03
1.506338684457080079e+00,3.611114108934998512e-03
1.506380824165632015e+00,3.333335975185036659e-03
1.506422951569181823e+00,2.777780406177043915e-03
1.506465066674914199e+00,4.444447811692953110e-03
1.506507169490006515e+00,3.888892009854316711e-03
1.506549260021630587e+00,3.888892475515604019e-03
1.506591338276951797e+00,2.777780173346400261e-03
1.506633404263128861e+00,4.722225014120340347e-03
1.506675457987314504e+00,1.388891600072383881e-03
1.506717499456655673e+00,3.888892242684960365e-03
1.506759528678292437e+00,2.777780406177043915e-03
1.506801545659358421e+00,2.777779940515756607e-03
1.506843550406982368e+00,4.166669677942991257e-03
1.506885542928285027e+00,3.055558307096362114e-03
1.506927523230381816e+00,2.222224837169051170e-03
1.506969491320382160e+00,4.166669212281703949e-03
1.507011447205389043e+00,3.888891544193029404e-03
1.507053390892499012e+00,2.222225535660982132e-03
1.507095322388802838e+00,3.888891544193029404e-03
1.507137241701384855e+00,6.111113354563713074e-03
1.507179148837323179e+00,2.777780406177043915e-03
1.507221043803689708e+00,1.666669268161058426e-03
1.507262926607550568e+00,5.000002216547727585e-03
1.507304797255965223e+00,3.611114108934998512e-03
1.507346655755987808e+00,3.055558307096362114e-03
1.507388502114665352e+00,3.333335975185036659e-03
1.507430336339039112e+00,2.222225302830338478e-03
1.507472158436144571e+00,3.055558307096362114e-03
1.507513968413010552e+00,3.888891544193029404e-03
1.507555766276660103e+00,2.222225302830338478e-03
1.507597552034110056e+00,4.722224548459053040e-03
1.507639325692371468e+00,3.333336673676967621e-03
1.507681087258448516e+00,1.388891600072383881e-03
1.507722836739340044e+00,2.500002738088369370e-03
1.507764574142038905e+00,2.777780871838331223e-03
1.507806299473531286e+00,2.777780406177043915e-03
1.507848012740797161e+00,2.222224604338407516e-03
1.507889713950811617e+00,2.222224837169051170e-03
1.507931403110542412e+00,3.611113876104354858e-03
1.507973080226952423e+00,3.055558307096362114e-03
1.508014745306996973e+00,3.333335975185036659e-03
1.508056398357627170e+00,3.888892009854316711e-03
1.508098039385786349e+00,4.722224548459053040e-03
1.508139668398413624e+00,2.222224837169051170e-03
1.508181285402440341e+00,3.333335975185036659e-03
1.508222890404793182e+00,2.777780406177043915e-03
1.508264483412392165e+00,2.777780406177043915e-03
1.508306064432151539e+00,1.666669500991702080e-03
1.508347633470979332e+00,2.777780406177043915e-03
1.508389190535778024e+00,3.333335975185036659e-03
1.508430735633444097e+00,3.055558074265718460e-03
1.508472268770867153e+00,3.888891311362385750e-03
1.508513789954932127e+00,2.222224837169051170e-03
1.508555299192517518e+00,2.777780406177043915e-03
1.508596796490495606e+00,3.611113410443067551e-03
1.508638281855733121e+00,4.166668746620416641e-03
1.508679755295090574e+00,3.333335742354393005e-03
1.508721216815422705e+00,1.666669035330414772e-03
1.508762666423578480e+00,3.888891078531742096e-03
1.508804104126401091e+00,2.222224837169051170e-03
1.508845529930727070e+00,3.055558074265718460e-03
1.508886943843387618e+00,3.888892009854316711e-03
1.508928345871207943e+00,2.500002738088369370e-03
1.508969736021007924e+00,5.000002216547727585e-03
1.509011114299600997e+00,2.500002272427082062e-03
1.509052480713794386e+00,3.333335509523749352e-03
1.509093835270390205e+00,2.222224371507763863e-03
1.509135177976184350e+00,4.166668746620416641e-03
1.509176508837966946e+00,3.611113876104354858e-03
1.509217827862522343e+00,1.944446819834411144e-03
1.509259135056628898e+00,3.055557841435074806e-03
1.509300430427059414e+00,3.055558074265718460e-03
1.509341713980580479e+00,5.555558484047651291e-03
1.509382985723953352e+00,2.222224371507763863e-03
1.509424245663933295e+00,3.333335975185036659e-03
1.509465493807269354e+00,1.944447169080376625e-03
1.509506730160705246e+00,1.944446587003767490e-03
