# n, training_loss
0.000000000000000000e+00,2.600260674953460693e-01
1.000333444481493750e+01,2.397623509168624878e-01
2.000666888962987500e+01,2.335552722215652466e-01
3.001000333444481072e+01,2.293472141027450562e-01
4.001333777925974999e+01,2.259632050991058350e-01
5.001667222407468927e+01,2.230828553438186646e-01
6.002000666888962144e+01,2.205636352300643921e-01
7.002334111370456071e+01,2.182642966508865356e-01
8.002667555851949999e+01,2.161387205123901367e-01
9.003001000333443926e+01,2.141307592391967773e-01
1.000333444481493785e+02,2.122163027524948120e-01
1.100366788929643178e+02,2.103748172521591187e-01
1.200400133377792429e+02,2.085944265127182007e-01
1.300433477825941964e+02,2.068659663200378418e-01
1.400466822274091214e+02,2.051694840192794800e-01
1.500500166722240749e+02,2.035117298364639282e-01
1.600533511170390000e+02,2.018831670284271240e-01
1.700566855618539250e+02,2.002762109041213989e-01
1.800600200066688785e+02,1.987009048461914062e-01
1.900633544514838036e+02,1.971493065357208252e-01
2.000666888962987571e+02,1.956220120191574097e-01
2.100700233411136821e+02,1.941150575876235962e-01
2.200733577859286356e+02,1.926318109035491943e-01
2.300766922307435607e+02,1.911678910255432129e-01
2.400800266755584857e+02,1.897214502096176147e-01
2.500833611203734392e+02,1.882916390895843506e-01
2.600866955651883927e+02,1.868766844272613525e-01
2.700900300100033178e+02,1.854687035083770752e-01
2.800933644548182428e+02,1.840718239545822144e-01
2.900966988996331679e+02,1.826830208301544189e-01
3.001000333444481498e+02,1.813063174486160278e-01
3.101033677892630749e+02,1.799419075250625610e-01
3.201067022340779999e+02,1.785888224840164185e-01
3.301100366788929250e+02,1.772473156452178955e-01
3.401133711237078501e+02,1.759151667356491089e-01
3.501167055685228320e+02,1.745938360691070557e-01
3.601200400133377570e+02,1.732814908027648926e-01
3.701233744581526821e+02,1.719779223203659058e-01
3.801267089029676072e+02,1.706832200288772583e-01
3.901300433477825891e+02,1.693981736898422241e-01
4.001333777925975141e+02,1.681219190359115601e-01
4.101367122374124392e+02,1.668543964624404907e-01
4.201400466822273643e+02,1.655956506729125977e-01
4.301433811270422893e+02,1.643460392951965332e-01
4.401467155718572712e+02,1.631042212247848511e-01
4.501500500166721963e+02,1.618708074092864990e-01
4.601533844614871214e+02,1.606455296277999878e-01
4.701567189063020464e+02,1.594266891479492188e-01
4.801600533511169715e+02,1.582148522138595581e-01
4.901633877959319534e+02,1.570117324590682983e-01
5.001667222407468785e+02,1.558182537555694580e-01
5.101700566855618035e+02,1.546341329813003540e-01
5.201733911303767854e+02,1.534662544727325439e-01
5.301767255751916537e+02,1.523049026727676392e-01
5.401800600200066356e+02,1.511736959218978882e-01
5.501833944648216175e+02,1.500349789857864380e-01
5.601867289096364857e+02,1.489309221506118774e-01
5.701900633544514676e+02,1.478286832571029663e-01
5.801933977992663358e+02,1.467317491769790649e-01
5.901967322440813177e+02,1.456816196441650391e-01
6.002000666888962996e+02,1.445992588996887207e-01
6.102034011337111679e+02,1.435784697532653809e-01
6.202067355785261498e+02,1.425290554761886597e-01
6.302100700233410180e+02,1.415004581212997437e-01
6.402134044681559999e+02,1.405212432146072388e-01
6.502167389129709818e+02,1.395002156496047974e-01
6.602200733577858500e+02,1.385326683521270752e-01
6.702234078026008319e+02,1.375568807125091553e-01
6.802267422474157001e+02,1.365835964679718018e-01
6.902300766922306821e+02,1.356628686189651489e-01
7.002334111370456640e+02,1.346921920776367188e-01
7.102367455818605322e+02,1.338010281324386597e-01
7.202400800266755141e+02,1.328610628843307495e-01
7.302434144714903823e+02,1.319456249475479126e-01
7.402467489163053642e+02,1.310782432556152344e-01
7.502500833611203461e+02,1.301583945751190186e-01
7.602534178059352143e+02,1.293174475431442261e-01
7.702567522507501963e+02,1.284292191267013550e-01
7.802600866955651782e+02,1.275708079338073730e-01
7.902634211403800464e+02,1.267463117837905884e-01
8.002667555851950283e+02,1.258751153945922852e-01
8.102700900300098965e+02,1.250837296247482300e-01
8.202734244748248784e+02,1.242405697703361511e-01
8.302767589196398603e+02,1.234234943985939026e-01
8.402800933644547285e+02,1.226507276296615601e-01
8.502834278092697105e+02,1.218202337622642517e-01
8.602867622540845787e+02,1.210780367255210876e-01
8.702900966988995606e+02,1.202715784311294556e-01
8.802934311437145425e+02,1.194990947842597961e-01
8.902967655885294107e+02,1.187662780284881592e-01
9.003001000333443926e+02,1.179760470986366272e-01
9.103034344781592608e+02,1.172719821333885193e-01
9.203067689229742427e+02,1.164985075592994690e-01
9.303101033677892246e+02,1.157815381884574890e-01
9.403134378126040929e+02,1.150656491518020630e-01
9.503167722574190748e+02,1.143180876970291138e-01
9.603201067022339430e+02,1.136515960097312927e-01
9.703234411470489249e+02,1.129066348075866699e-01
9.803267755918639068e+02,1.122405603528022766e-01
9.903301100366787750e+02,1.115321516990661621e-01
1.000333444481493757e+03,1.108390092849731445e-01
1.010336778926308739e+03,1.101900339126586914e-01
1.020340113371123607e+03,1.094790846109390259e-01
1.030343447815938589e+03,1.088665500283241272e-01
1.040346782260753571e+03,1.081582009792327881e-01
1.050350116705568325e+03,1.075139865279197693e-01
1.060353451150383307e+03,1.068713143467903137e-01
1.070356785595198289e+03,1.062057837843894958e-01
1.080360120040013271e+03,1.056059151887893677e-01
1.090363454484828253e+03,1.049287319183349609e-01
1.100366788929643235e+03,1.043474227190017700e-01
1.110370123374457989e+03,1.036861315369606018e-01
1.120373457819272971e+03,1.030908524990081787e-01
1.130376792264087953e+03,1.024662554264068604e-01
1.140380126708902935e+03,1.018604710698127747e-01
1.150383461153717917e+03,1.012729480862617493e-01
1.160386795598532672e+03,1.006480902433395386e-01
1.170390130043347654e+03,1.000988036394119263e-01
1.180393464488162635e+03,9.946665912866592407e-02
1.190396798932977617e+03,9.893099963665008545e-02
1.200400133377792599e+03,9.831380099058151245e-02
1.210403467822607354e+03,9.775557368993759155e-02
1.220406802267422336e+03,9.718112647533416748e-02
1.230410136712237318e+03,9.661470353603363037e-02
1.240413471157052300e+03,9.607078135013580322e-02
1.250416805601867281e+03,9.548585861921310425e-02
1.260420140046682036e+03,9.497617930173873901e-02
1.270423474491497018e+03,9.438523650169372559e-02
1.280426808936312000e+03,9.389549493789672852e-02
1.290430143381126982e+03,9.330627322196960449e-02
1.300433477825941964e+03,9.280986338853836060e-02
1.310436812270756718e+03,9.224704653024673462e-02
1.320440146715571700e+03,9.174767881631851196e-02
1.330443481160386682e+03,9.120828658342361450e-02
1.340446815605201664e+03,9.068626165390014648e-02
1.350450150050016646e+03,9.018652141094207764e-02
1.360453484494831400e+03,8.965108543634414673e-02
1.370456818939646382e+03,8.918239176273345947e-02
1.380460153384461364e+03,8.863607794046401978e-02
1.390463487829276346e+03,8.818341791629791260e-02
1.400466822274091328e+03,8.764113485813140869e-02
1.410470156718906082e+03,8.720005303621292114e-02
1.420473491163721064e+03,8.666280657052993774e-02
1.430476825608536046e+03,8.621168136596679688e-02
1.440480160053351028e+03,8.570180088281631470e-02
1.450483494498166010e+03,8.523634076118469238e-02
1.460486828942980765e+03,8.475823700428009033e-02
1.470490163387795747e+03,8.427515625953674316e-02
1.480493497832610728e+03,8.382033556699752808e-02
1.490496832277425710e+03,8.334115147590637207e-02
1.500500166722240692e+03,8.289908617734909058e-02
1.510503501167055674e+03,8.241266012191772461e-02
1.520506835611870429e+03,8.198934048414230347e-02
1.530510170056685411e+03,8.150161802768707275e-02
1.540513504501500393e+03,8.109357953071594238e-02
1.550516838946315374e+03,8.060278743505477905e-02
1.560520173391130356e+03,8.020801842212677002e-02
1.570523507835945111e+03,7.971911877393722534e-02
1.580526842280760093e+03,7.933104038238525391e-02
1.590530176725575075e+03,7.884736359119415283e-02
1.600533511170390057e+03,7.846852391958236694e-02
1.610536845615205038e+03,7.798862457275390625e-02
1.620540180060019793e+03,7.760524004697799683e-02
1.630543514504834775e+03,7.714169472455978394e-02
1.640546848949649757e+03,7.677111774682998657e-02
1.650550183394464739e+03,7.630870491266250610e-02
1.660553517839279721e+03,7.592026144266128540e-02
1.670556852284094475e+03,7.548140734434127808e-02
1.680560186728909457e+03,7.511942088603973389e-02
1.690563521173724439e+03,7.467173784971237183e-02
1.700566855618539421e+03,7.428531348705291748e-02
1.710570190063354403e+03,7.386849075555801392e-02
1.720573524508169157e+03,7.349555939435958862e-02
1.730576858952984139e+03,7.308225333690643311e-02
1.740580193397799121e+03,7.269065082073211670e-02
1.750583527842614103e+03,7.229483127593994141e-02
1.760586862287429085e+03,7.193073630332946777e-02
1.770590196732243840e+03,7.152911275625228882e-02
1.780593531177058821e+03,7.114407420158386230e-02
1.790596865621873803e+03,7.076524943113327026e-02
1.800600200066688785e+03,7.039672881364822388e-02
1.810603534511503767e+03,7.001560181379318237e-02
1.820606868956318522e+03,6.964337080717086792e-02
1.830610203401133504e+03,6.927148252725601196e-02
1.840613537845948485e+03,6.891210377216339111e-02
1.850616872290763467e+03,6.853745877742767334e-02
1.860620206735578449e+03,6.818396598100662231e-02
1.870623541180393204e+03,6.780615448951721191e-02
1.880626875625208186e+03,6.748636811971664429e-02
1.890630210070023168e+03,6.709526479244232178e-02
1.900633544514838150e+03,6.675565987825393677e-02
1.910636878959653131e+03,6.638647615909576416e-02
1.920640213404467886e+03,6.607336550951004028e-02
1.930643547849282868e+03,6.569188088178634644e-02
1.940646882294097850e+03,6.536608934402465820e-02
1.950650216738912832e+03,6.499920040369033813e-02
1.960653551183727814e+03,6.470657885074615479e-02
1.970656885628542796e+03,6.432069838047027588e-02
1.980660220073357550e+03,6.401062756776809692e-02
1.990663554518172532e+03,6.364600360393524170e-02
2.000666888962987514e+03,6.336512416601181030e-02
2.010670223407802496e+03,6.298238039016723633e-02
2.020673557852617478e+03,6.268919259309768677e-02
2.030676892297432232e+03,6.232615932822227478e-02
2.040680226742247214e+03,6.205003336071968079e-02
2.050683561187061969e+03,6.167714670300483704e-02
2.060686895631877178e+03,6.140386685729026794e-02
2.070690230076691932e+03,6.103724241256713867e-02
2.080693564521507142e+03,6.076413393020629883e-02
2.090696898966321896e+03,6.040620058774948120e-02
2.100700233411136651e+03,6.012900918722152710e-02
2.110703567855951860e+03,5.978528410196304321e-02
2.120706902300766615e+03,5.950270220637321472e-02
2.130710236745581824e+03,5.917133763432502747e-02
2.140713571190396578e+03,5.887826904654502869e-02
2.150716905635211788e+03,5.857362970709800720e-02
2.160720240080026542e+03,5.826968699693679810e-02
2.170723574524841297e+03,5.797204375267028809e-02
2.180726908969656506e+03,5.766580626368522644e-02
2.190730243414471261e+03,5.738605186343193054e-02
2.200733577859286470e+03,5.706976354122161865e-02
2.210736912304101224e+03,5.680739507079124451e-02
2.220740246748915979e+03,5.648010224103927612e-02
2.230743581193731188e+03,5.623973160982131958e-02
2.240746915638545943e+03,5.590021982789039612e-02
2.250750250083361152e+03,5.565709248185157776e-02
2.260753584528175907e+03,5.532813444733619690e-02
2.270756918972990661e+03,5.508328229188919067e-02
2.280760253417805870e+03,5.476585403084754944e-02
2.290763587862620625e+03,5.451414734125137329e-02
2.300766922307435834e+03,5.420885980129241943e-02
2.310770256752250589e+03,5.394190549850463867e-02
2.320773591197065343e+03,5.367700010538101196e-02
2.330776925641880553e+03,5.339442566037178040e-02
2.340780260086695307e+03,5.312247201800346375e-02
2.350783594531510516e+03,5.283823236823081970e-02
2.360786928976325271e+03,5.262602493166923523e-02
2.370790263421140025e+03,5.230221897363662720e-02
2.380793597865955235e+03,5.206799134612083435e-02
2.390796932310769989e+03,5.177000537514686584e-02
2.400800266755585199e+03,5.155884847044944763e-02
2.410803601200399953e+03,5.124580115079879761e-02
2.420806935645214708e+03,5.102487653493881226e-02
2.430810270090029917e+03,5.072845146059989929e-02
2.440813604534844671e+03,5.049624666571617126e-02
2.450816938979659881e+03,5.022601038217544556e-02
2.460820273424474635e+03,4.998405650258064270e-02
2.470823607869289390e+03,4.971909150481224060e-02
2.480826942314104599e+03,4.946507886052131653e-02
2.490830276758919354e+03,4.924809932708740234e-02
2.500833611203734563e+03,4.896648973226547241e-02
2.510836945648549317e+03,4.874400049448013306e-02
2.520840280093364072e+03,4.847003519535064697e-02
2.530843614538179281e+03,4.826938360929489136e-02
2.540846948982994036e+03,4.798140749335289001e-02
2.550850283427809245e+03,4.777916893362998962e-02
2.560853617872624000e+03,4.750146344304084778e-02
2.570856952317438754e+03,4.728880524635314941e-02
2.580860286762253963e+03,4.703060910105705261e-02
2.590863621207068718e+03,4.679897427558898926e-02
2.600866955651883927e+03,4.657877609133720398e-02
2.610870290096698682e+03,4.632547497749328613e-02
2.620873624541513436e+03,4.611997306346893311e-02
2.630876958986328646e+03,4.585703834891319275e-02
2.640880293431143400e+03,4.567516222596168518e-02
2.650883627875958609e+03,4.539890587329864502e-02
2.660886962320773364e+03,4.520881921052932739e-02
2.670890296765588118e+03,4.494824260473251343e-02
2.680893631210403328e+03,4.473828151822090149e-02
2.690896965655218082e+03,4.451626539230346680e-02
2.700900300100033292e+03,4.428668692708015442e-02
2.710903634544848046e+03,4.407771676778793335e-02
2.720906968989662801e+03,4.383656010031700134e-02
2.730910303434478010e+03,4.367069527506828308e-02
2.740913637879292764e+03,4.340019449591636658e-02
2.750916972324107974e+03,4.322141036391258240e-02
2.760920306768922728e+03,4.296943917870521545e-02
2.770923641213737483e+03,4.277201741933822632e-02
2.780926975658552692e+03,4.255656525492668152e-02
2.790930310103367447e+03,4.235431551933288574e-02
2.800933644548182656e+03,4.212682321667671204e-02
2.810936978992997410e+03,4.192005470395088196e-02
2.820940313437812165e+03,4.173343628644943237e-02
2.830943647882627374e+03,4.150065034627914429e-02
2.840946982327442129e+03,4.132594913244247437e-02
2.850950316772257338e+03,4.108690842986106873e-02
2.860953651217072093e+03,4.091860353946685791e-02
2.870956985661886847e+03,4.068376868963241577e-02
2.880960320106702056e+03,4.050660133361816406e-02
2.890963654551516811e+03,4.028436914086341858e-02
2.900966988996332020e+03,4.008921235799789429e-02
2.910970323441146775e+03,3.990880772471427917e-02
2.920973657885961529e+03,3.969119116663932800e-02
2.930976992330776739e+03,3.951875492930412292e-02
2.940980326775591493e+03,3.929584845900535583e-02
2.950983661220406702e+03,3.914517909288406372e-02
2.960986995665221457e+03,3.890848532319068909e-02
2.970990330110036211e+03,3.875279426574707031e-02
2.980993664554851421e+03,3.852742165327072144e-02
2.990996998999666175e+03,3.835714608430862427e-02
3.001000333444481385e+03,3.815828263759613037e-02
3.011003667889296139e+03,3.796928748488426208e-02
3.021007002334111348e+03,3.779862448573112488e-02
3.031010336778926103e+03,3.758925944566726685e-02
3.041013671223740857e+03,3.744998574256896973e-02
3.051017005668556067e+03,3.721997514367103577e-02
3.061020340113370821e+03,3.707369416952133179e-02
3.071023674558186030e+03,3.685654327273368835e-02
3.081027009003000785e+03,3.669483587145805359e-02
3.091030343447815540e+03,3.650460019707679749e-02
3.101033677892630749e+03,3.632370010018348694e-02
3.111037012337445503e+03,3.616431728005409241e-02
3.121040346782260713e+03,3.596261516213417053e-02
3.131043681227075467e+03,3.582433238625526428e-02
3.141047015671890222e+03,3.560996055603027344e-02
3.151050350116705431e+03,3.546426445245742798e-02
3.161053684561520186e+03,3.526602312922477722e-02
3.171057019006335395e+03,3.510328754782676697e-02
3.181060353451150149e+03,3.493314608931541443e-02
3.191063687895964904e+03,3.475025668740272522e-02
3.201067022340780113e+03,3.461467102169990540e-02
3.211070356785594868e+03,3.440826758742332458e-02
3.221073691230410077e+03,3.427864238619804382e-02
3.231077025675224832e+03,3.407341241836547852e-02
3.241080360120039586e+03,3.393163904547691345e-02
3.251083694564854795e+03,3.374562785029411316e-02
3.261087029009669550e+03,3.358757495880126953e-02
3.271090363454484759e+03,3.343099728226661682e-02
3.281093697899299514e+03,3.325095772743225098e-02
3.291097032344114268e+03,3.313050419092178345e-02
3.301100366788929477e+03,3.292668983340263367e-02
3.311103701233744232e+03,3.279945999383926392e-02
3.321107035678559441e+03,3.260827064514160156e-02
3.331110370123374196e+03,3.245970606803894043e-02
3.341113704568188950e+03,3.230597451329231262e-02
3.351117039013004160e+03,3.213904425501823425e-02
3.361120373457818914e+03,3.200049325823783875e-02
3.371123707902634123e+03,3.182134777307510376e-02
3.381127042347448878e+03,3.170584887266159058e-02
3.391130376792263633e+03,3.151297569274902344e-02
3.401133711237078842e+03,3.138205781579017639e-02
3.411137045681893596e+03,3.121291100978851318e-02
3.421140380126708806e+03,3.106082044541835785e-02
3.431143714571523560e+03,3.093240968883037567e-02
3.441147049016338315e+03,3.075577877461910248e-02
3.451150383461153524e+03,3.064249828457832336e-02
3.461153717905968279e+03,3.045735321938991547e-02
3.471157052350783488e+03,3.032643906772136688e-02
3.481160386795598242e+03,3.017199598252773285e-02
3.491163721240412997e+03,3.002076409757137299e-02
3.501167055685228206e+03,2.989914454519748688e-02
3.511170390130042961e+03,2.972630597651004791e-02
3.521173724574858170e+03,2.961925975978374481e-02
3.531177059019672924e+03,2.943960577249526978e-02
3.541180393464487679e+03,2.931223995983600616e-02
3.551183727909302888e+03,2.916378714144229889e-02
3.561187062354117643e+03,2.901616692543029785e-02
3.571190396798932852e+03,2.890673838555812836e-02
3.581193731243747607e+03,2.873379364609718323e-02
3.591197065688562361e+03,2.863123640418052673e-02
3.601200400133377570e+03,2.845651097595691681e-02
3.611203734578192325e+03,2.833450213074684143e-02
3.621207069023007534e+03,2.819084376096725464e-02
3.631210403467822289e+03,2.805288881063461304e-02
3.641213737912637043e+03,2.793007157742977142e-02
3.651217072357452253e+03,2.777581661939620972e-02
3.661220406802267007e+03,2.768026664853096008e-02
3.671223741247082216e+03,2.750851958990097046e-02
3.681227075691896971e+03,2.739762514829635620e-02
3.691230410136711725e+03,2.724778652191162109e-02
3.701233744581526935e+03,2.711187675595283508e-02
3.711237079026341689e+03,2.702766656875610352e-02
3.721240413471156899e+03,2.685096301138401031e-02
3.731243747915971653e+03,2.675413712859153748e-02
3.741247082360786408e+03,2.659313939511775970e-02
3.751250416805601617e+03,2.647941559553146362e-02
3.761253751250416371e+03,2.634648419916629791e-02
3.771257085695231581e+03,2.621487900614738464e-02
3.781260420140046335e+03,2.610972896218299866e-02
3.791263754584861090e+03,2.595901489257812500e-02
3.801267089029676299e+03,2.587003074586391449e-02
3.811270423474491054e+03,2.570998109877109528e-02
3.821273757919306263e+03,2.560160122811794281e-02
3.831277092364121017e+03,2.547062374651432037e-02
3.841280426808935772e+03,2.534360066056251526e-02
3.851283761253750981e+03,2.524689212441444397e-02
3.861287095698565736e+03,2.509739622473716736e-02
3.871290430143380945e+03,2.500050514936447144e-02
3.881293764588195700e+03,2.486017718911170959e-02
3.891297099033010909e+03,2.474416419863700867e-02
3.901300433477825663e+03,2.463680319488048553e-02
3.911303767922640418e+03,2.450039237737655640e-02
3.921307102367455627e+03,2.441680245101451874e-02
3.931310436812270382e+03,2.426610700786113739e-02
3.941313771257085591e+03,2.416551671922206879e-02
3.951317105701900346e+03,2.403950691223144531e-02
3.961320440146715100e+03,2.391946688294410706e-02
3.971323774591530309e+03,2.383805252611637115e-02
3.981327109036345064e+03,2.368905581533908844e-02
3.991330443481160273e+03,2.360615134239196777e-02
4.001333777925975028e+03,2.346320450305938721e-02
4.011337112370789782e+03,2.335636503994464874e-02
4.021340446815604992e+03,2.325632050633430481e-02
4.031343781260419746e+03,2.312694117426872253e-02
4.041347115705234955e+03,2.305065467953681946e-02
4.051350450150049710e+03,2.290562726557254791e-02
4.061353784594864464e+03,2.281700633466243744e-02
4.071357119039679674e+03,2.269004099071025848e-02
4.081360453484494428e+03,2.258057519793510437e-02
4.091363787929309638e+03,2.249779365956783295e-02
4.101367122374123937e+03,2.236269973218441010e-02
4.111370456818939601e+03,2.228578180074691772e-02
4.121373791263754356e+03,2.214935608208179474e-02
4.131377125708569110e+03,2.204637788236141205e-02
4.141380460153383865e+03,2.196040004491806030e-02
4.151383794598198619e+03,2.183361537754535675e-02
4.161387129043014284e+03,2.175594493746757507e-02
4.171390463487829038e+03,2.162364870309829712e-02
4.181393797932643793e+03,2.152911014854907990e-02
4.191397132377458547e+03,2.142853476107120514e-02
4.201400466822273302e+03,2.131939120590686798e-02
4.211403801267088966e+03,2.123046666383743286e-02
4.221407135711903720e+03,2.111107669770717621e-02
4.231410470156718475e+03,2.102447487413883209e-02
4.241413804601533229e+03,2.091575041413307190e-02
4.251417139046347984e+03,2.081882581114768982e-02
4.261420473491163648e+03,2.071982435882091522e-02
4.271423807935978402e+03,2.061167918145656586e-02
4.281427142380793157e+03,2.054623886942863464e-02
4.291430476825607911e+03,2.041492424905300140e-02
4.301433811270423575e+03,2.032375708222389221e-02
4.311437145715238330e+03,2.023420669138431549e-02
4.321440480160053085e+03,2.012636698782444000e-02
4.331443814604867839e+03,2.004770189523696899e-02
4.341447149049682594e+03,1.993153616786003113e-02
4.351450483494498258e+03,1.983804814517498016e-02
4.361453817939313012e+03,1.977102085947990417e-02
4.371457152384127767e+03,1.965008489787578583e-02
4.381460486828942521e+03,1.957217603921890259e-02
4.391463821273757276e+03,1.946022361516952515e-02
4.401467155718572940e+03,1.939318701624870300e-02
4.411470490163387694e+03,1.927654072642326355e-02
4.421473824608202449e+03,1.918569579720497131e-02
4.431477159053017203e+03,1.911528035998344421e-02
4.441480493497831958e+03,1.900079846382141113e-02
4.451483827942647622e+03,1.893945969641208649e-02
4.461487162387462377e+03,1.881980150938034058e-02
4.471490496832277131e+03,1.874021627008914948e-02
4.481493831277091886e+03,1.864857412874698639e-02
4.491497165721906640e+03,1.855390332639217377e-02
4.501500500166722304e+03,1.848841458559036255e-02
4.511503834611537059e+03,1.837558113038539886e-02
4.521507169056351813e+03,1.830725744366645813e-02
4.531510503501166568e+03,1.820356026291847229e-02
4.541513837945981322e+03,1.812052726745605469e-02
4.551517172390796986e+03,1.804103516042232513e-02
4.561520506835611741e+03,1.794230937957763672e-02
4.571523841280426495e+03,1.788135245442390442e-02
4.581527175725241250e+03,1.777322404086589813e-02
4.591530510170056004e+03,1.770092733204364777e-02
4.601533844614871668e+03,1.760830357670783997e-02
4.611537179059686423e+03,1.751966774463653564e-02
4.621540513504501178e+03,1.746900379657745361e-02
4.631543847949315932e+03,1.735346578061580658e-02
4.641547182394130687e+03,1.729254983365535736e-02
4.651550516838946351e+03,1.719021424651145935e-02
4.661553851283761105e+03,1.711030304431915283e-02
4.671557185728575860e+03,1.704498939216136932e-02
4.681560520173390614e+03,1.694546267390251160e-02
4.691563854618205369e+03,1.689013093709945679e-02
4.701567189063021033e+03,1.678510755300521851e-02
4.711570523507835787e+03,1.670653000473976135e-02
4.721573857952650542e+03,1.665002480149269104e-02
4.731577192397465296e+03,1.654653251171112061e-02
4.741580526842280051e+03,1.649573072791099548e-02
4.751583861287095715e+03,1.638995669782161713e-02
4.761587195731910469e+03,1.631790585815906525e-02
4.771590530176725224e+03,1.624580472707748413e-02
4.781593864621539979e+03,1.615870371460914612e-02
4.791597199066354733e+03,1.610378175973892212e-02
4.801600533511170397e+03,1.600473560392856598e-02
4.811603867955985152e+03,1.593314483761787415e-02
4.821607202400799906e+03,1.586810871958732605e-02
4.831610536845614661e+03,1.577917113900184631e-02
4.841613871290429415e+03,1.572635211050510406e-02
4.851617205735245079e+03,1.562867686152458191e-02
4.861620540180059834e+03,1.556247472763061523e-02
4.871623874624874588e+03,1.548891887068748474e-02
4.881627209069689343e+03,1.540987845510244370e-02
4.891630543514504097e+03,1.535267755389213562e-02
4.901633877959319761e+03,1.526181586086750031e-02
4.911637212404134516e+03,1.520126499235630035e-02
4.921640546848949270e+03,1.512216497212648392e-02
4.931643881293764025e+03,1.505010947585105896e-02
4.941647215738578780e+03,1.498727966099977493e-02
4.951650550183394444e+03,1.490386016666889191e-02
4.961653884628209198e+03,1.485635992139577866e-02
4.971657219073023953e+03,1.476404350250959396e-02
4.981660553517838707e+03,1.469846162945032120e-02
4.991663887962653462e+03,1.463447511196136475e-02
5.001667222407469126e+03,1.455482933670282364e-02
5.011670556852283880e+03,1.451216544955968857e-02
5.021673891297098635e+03,1.441736426204442978e-02
5.031677225741913389e+03,1.435699686408042908e-02
5.041680560186728144e+03,1.428763847798109055e-02
5.051683894631543808e+03,1.421355735510587692e-02
5.061687229076358562e+03,1.417372096329927444e-02
5.071690563521173317e+03,1.407949626445770264e-02
5.081693897965988072e+03,1.402070932090282440e-02
5.091697232410802826e+03,1.395288016647100449e-02
5.101700566855618490e+03,1.388046424835920334e-02
5.111703901300433245e+03,1.384193357080221176e-02
5.121707235745247999e+03,1.374959386885166168e-02
5.131710570190062754e+03,1.369887683540582657e-02
5.141713904634877508e+03,1.362244505435228348e-02
5.151717239079693172e+03,1.355553884059190750e-02
5.161720573524507927e+03,1.351794973015785217e-02
5.171723907969322681e+03,1.342786196619272232e-02
5.181727242414137436e+03,1.337122265249490738e-02
5.191730576858952190e+03,1.330753136426210403e-02
5.201733911303767854e+03,1.323848497122526169e-02
5.211737245748582609e+03,1.319980155676603317e-02
5.221740580193397363e+03,1.311340928077697754e-02
5.231743914638212118e+03,1.305164489895105362e-02
5.241747249083026873e+03,1.301755197346210480e-02
5.251750583527842537e+03,1.292875967919826508e-02
5.261753917972657291e+03,1.288705877959728241e-02
5.271757252417472046e+03,1.280659157782793045e-02
5.281760586862286800e+03,1.275029126554727554e-02
5.291763921307101555e+03,1.269600726664066315e-02
5.301767255751917219e+03,1.262573339045047760e-02
5.311770590196731973e+03,1.258945930749177933e-02
5.321773924641546728e+03,1.250745356082916260e-02
5.331777259086361482e+03,1.245357468724250793e-02
5.341780593531176237e+03,1.239650044590234756e-02
5.351783927975991901e+03,1.233061961829662323e-02
5.361787262420806655e+03,1.229103561490774155e-02
5.371790596865621410e+03,1.221558172255754471e-02
5.381793931310436164e+03,1.216235570609569550e-02
5.391797265755250919e+03,1.210709009319543839e-02
5.401800600200066583e+03,1.204289309680461884e-02
5.411803934644881338e+03,1.200893241912126541e-02
5.421807269089696092e+03,1.192934531718492508e-02
5.431810603534510847e+03,1.187503337860107422e-02
5.441813937979325601e+03,1.183169055730104446e-02
5.451817272424141265e+03,1.176097150892019272e-02
5.461820606868956020e+03,1.171157322824001312e-02
5.471823941313770774e+03,1.165580097585916519e-02
5.481827275758585529e+03,1.159862522035837173e-02
5.491830610203400283e+03,1.155002880841493607e-02
5.501833944648215947e+03,1.148607861250638962e-02
5.511837279093030702e+03,1.144941709935665131e-02
5.521840613537845456e+03,1.137883774936199188e-02
5.531843947982660211e+03,1.132883783429861069e-02
5.541847282427474966e+03,1.127842534333467484e-02
5.551850616872290630e+03,1.121785584837198257e-02
5.561853951317105384e+03,1.118527911603450775e-02
5.571857285761920139e+03,1.111260056495666504e-02
5.581860620206734893e+03,1.106203719973564148e-02
5.591863954651549648e+03,1.102065294981002808e-02
5.601867289096365312e+03,1.095548644661903381e-02
5.611870623541180066e+03,1.091471780091524124e-02
5.621873957985994821e+03,1.085482165217399597e-02
5.631877292430809575e+03,1.080364547669887543e-02
5.641880626875624330e+03,1.076159533113241196e-02
5.651883961320439994e+03,1.069955993443727493e-02
5.661887295765254748e+03,1.066091936081647873e-02
5.671890630210069503e+03,1.060083415359258652e-02
5.681893964654884257e+03,1.054966356605291367e-02
5.691897299099699012e+03,1.051738020032644272e-02
5.701900633544514676e+03,1.044960319995880127e-02
5.711903967989329431e+03,1.041839551180601120e-02
5.721907302434144185e+03,1.035196054726839066e-02
5.731910636878958940e+03,1.030650455504655838e-02
5.741913971323773694e+03,1.026184763759374619e-02
5.751917305768589358e+03,1.020543090999126434e-02
5.761920640213404113e+03,1.017334684729576111e-02
5.771923974658218867e+03,1.011026743799448013e-02
5.781927309103033622e+03,1.006386056542396545e-02
5.791930643547848376e+03,1.002504583448171616e-02
5.801933977992664040e+03,9.967125952243804932e-03
5.811937312437478795e+03,9.938552975654602051e-03
5.821940646882293549e+03,9.873452596366405487e-03
5.831943981327108304e+03,9.826420806348323822e-03
5.841947315771923058e+03,9.794925339519977570e-03
5.851950650216738723e+03,9.734866209328174591e-03
5.861953984661553477e+03,9.702763520181179047e-03
5.871957319106368232e+03,9.643386118113994598e-03
5.881960653551182986e+03,9.596966207027435303e-03
5.891963987995997741e+03,9.570810012519359589e-03
5.901967322440813405e+03,9.507264010608196259e-03
5.911970656885628159e+03,9.461695328354835510e-03
5.921973991330442914e+03,9.441634640097618103e-03
5.931977325775257668e+03,9.372775442898273468e-03
5.941980660220072423e+03,9.344249032437801361e-03
5.951983994664888087e+03,9.285325184464454651e-03
5.961987329109702841e+03,9.243664331734180450e-03
5.971990663554517596e+03,9.206604212522506714e-03
5.981993997999332350e+03,9.154388681054115295e-03
5.991997332444148014e+03,9.127737954258918762e-03
6.002000666888962769e+03,9.068372659385204315e-03
6.012004001333777524e+03,9.030575864017009735e-03
6.022007335778592278e+03,8.988089859485626221e-03
6.032010670223407033e+03,8.940951898694038391e-03
6.042014004668222697e+03,8.913514204323291779e-03
6.052017339113037451e+03,8.856617845594882965e-03
6.062020673557852206e+03,8.819309994578361511e-03
6.072024008002666960e+03,8.779101073741912842e-03
6.082027342447481715e+03,8.731838315725326538e-03
6.092030676892297379e+03,8.706556633114814758e-03
6.102034011337112133e+03,8.649742230772972107e-03
6.112037345781926888e+03,8.610008284449577332e-03
6.122040680226741642e+03,8.580977097153663635e-03
6.132044014671556397e+03,8.527399040758609772e-03
6.142047349116372061e+03,8.490099571645259857e-03
6.152050683561186815e+03,8.455022238194942474e-03
6.162054018006001570e+03,8.407638408243656158e-03
6.172057352450816325e+03,8.384220302104949951e-03
6.182060686895631079e+03,8.328502066433429718e-03
6.192064021340446743e+03,8.294579572975635529e-03
6.202067355785261498e+03,8.254815824329853058e-03
6.212070690230076252e+03,8.211836218833923340e-03
6.222074024674891007e+03,8.186666294932365417e-03
6.232077359119705761e+03,8.134057745337486267e-03
6.242080693564521425e+03,8.102726191282272339e-03
6.252084028009336180e+03,8.060317486524581909e-03
6.262087362454150934e+03,8.019514381885528564e-03
6.272090696898965689e+03,7.997158914804458618e-03
6.282094031343780443e+03,7.944327779114246368e-03
6.292097365788596107e+03,7.912899367511272430e-03
6.302100700233410862e+03,7.872569374740123749e-03
6.312104034678225617e+03,7.832355797290802002e-03
6.322107369123040371e+03,7.811034098267555237e-03
6.332110703567855126e+03,7.758416701108217239e-03
6.342114038012670790e+03,7.723847869783639908e-03
6.352117372457485544e+03,7.693942636251449585e-03
6.362120706902300299e+03,7.648888975381851196e-03
6.372124041347115053e+03,7.616194896399974823e-03
6.382127375791929808e+03,7.582142483443021774e-03
6.392130710236745472e+03,7.541855331510305405e-03
6.402134044681560226e+03,7.519502658396959305e-03
6.412137379126374981e+03,7.470240816473960876e-03
6.422140713571189735e+03,7.442855741828680038e-03
6.432144048016004490e+03,7.402032148092985153e-03
6.442147382460820154e+03,7.365116849541664124e-03
6.452150716905634908e+03,7.338514551520347595e-03
6.462154051350449663e+03,7.297405973076820374e-03
6.472157385795264418e+03,7.263381965458393097e-03
6.482160720240079172e+03,7.234793622046709061e-03
6.492164054684894836e+03,7.193067576736211777e-03
6.502167389129709591e+03,7.159223780035972595e-03
6.512170723574524345e+03,7.146223448216915131e-03
6.522174058019339100e+03,7.091963663697242737e-03
6.532177392464153854e+03,7.071861065924167633e-03
6.542180726908969518e+03,7.025173865258693695e-03
6.552184061353784273e+03,7.002039346843957901e-03
6.562187395798599027e+03,6.960106547921895981e-03
6.572190730243413782e+03,6.926810834556818008e-03
6.582194064688228536e+03,6.906428374350070953e-03
6.592197399133044200e+03,6.861239671707153320e-03
6.602200733577858955e+03,6.834966130554676056e-03
6.612204068022673709e+03,6.799249909818172455e-03
6.622207402467488464e+03,6.764864083379507065e-03
6.632210736912303219e+03,6.746465805917978287e-03
6.642214071357118883e+03,6.701118312776088715e-03
6.652217405801933637e+03,6.677319761365652084e-03
6.662220740246748392e+03,6.639520637691020966e-03
6.672224074691563146e+03,6.607179064303636551e-03
6.682227409136377901e+03,6.588062737137079239e-03
6.692230743581193565e+03,6.544366944581270218e-03
6.702234078026008319e+03,6.513641215860843658e-03
6.712237412470823074e+03,6.498158909380435944e-03
6.722240746915637828e+03,6.452152971178293228e-03
6.732244081360452583e+03,6.435541436076164246e-03
6.742247415805268247e+03,6.391458678990602493e-03
6.752250750250083001e+03,6.361495237797498703e-03
6.762254084694897756e+03,6.345606874674558640e-03
6.772257419139712511e+03,6.301424466073513031e-03
6.782260753584527265e+03,6.284784525632858276e-03
6.792264088029342929e+03,6.242336239665746689e-03
6.802267422474157684e+03,6.215382367372512817e-03
6.812270756918972438e+03,6.188263650983572006e-03
6.822274091363787193e+03,6.154317874461412430e-03
6.832277425808601947e+03,6.136241834610700607e-03
6.842280760253417611e+03,6.097010802477598190e-03
6.852284094698232366e+03,6.071593612432479858e-03
6.862287429143047120e+03,6.042690947651863098e-03
6.872290763587861875e+03,6.011440884321928024e-03
6.882294098032676629e+03,5.991940386593341827e-03
6.892297432477492293e+03,5.954300053417682648e-03
6.902300766922307048e+03,5.933173932135105133e-03
6.912304101367121802e+03,5.899597425013780594e-03
6.922307435811936557e+03,5.871528293937444687e-03
6.932310770256751312e+03,5.850669927895069122e-03
6.942314104701566976e+03,5.815420765429735184e-03
6.952317439146381730e+03,5.795174278318881989e-03
6.962320773591196485e+03,5.761610344052314758e-03
6.972324108036011239e+03,5.734907463192939758e-03
6.982327442480825994e+03,5.713007412850856781e-03
6.992330776925641658e+03,5.679280031472444534e-03
7.002334111370456412e+03,5.658830516040325165e-03
7.012337445815271167e+03,5.627537611871957779e-03
7.022340780260085921e+03,5.599416792392730713e-03
7.032344114704900676e+03,5.583840887993574142e-03
7.042347449149716340e+03,5.546714179217815399e-03
7.052350783594531094e+03,5.525666754692792892e-03
7.062354118039345849e+03,5.496201105415821075e-03
7.072357452484160603e+03,5.468362476676702499e-03
7.082360786928975358e+03,5.453179590404033661e-03
7.092364121373791022e+03,5.416758358478546143e-03
7.102367455818605777e+03,5.392216611653566360e-03
7.112370790263420531e+03,5.373046267777681351e-03
7.122374124708235286e+03,5.340163595974445343e-03
7.132377459153050040e+03,5.323893856257200241e-03
7.142380793597865704e+03,5.290654022246599197e-03
7.152384128042680459e+03,5.265744868665933609e-03
7.162387462487495213e+03,5.248367320746183395e-03
7.172390796932309968e+03,5.215175449848175049e-03
7.182394131377124722e+03,5.197376944124698639e-03
7.192397465821940386e+03,5.167322233319282532e-03
7.202400800266755141e+03,5.143275950103998184e-03
7.212404134711569895e+03,5.123350303620100021e-03
7.222407469156384650e+03,5.093434359878301620e-03
7.232410803601199405e+03,5.078783258795738220e-03
7.242414138046015069e+03,5.045752041041851044e-03
7.252417472490829823e+03,5.023862235248088837e-03
7.262420806935644578e+03,5.001695360988378525e-03
7.272424141380459332e+03,4.974091425538063049e-03
7.282427475825274087e+03,4.950399510562419891e-03
7.292430810270089751e+03,4.936323966830968857e-03
7.302434144714904505e+03,4.904141649603843689e-03
7.312437479159719260e+03,4.889290314167737961e-03
7.322440813604534014e+03,4.857996944338083267e-03
7.332444148049348769e+03,4.835021216422319412e-03
7.342447482494164433e+03,4.821787588298320770e-03
7.352450816938979187e+03,4.789177794009447098e-03
7.362454151383793942e+03,4.774936940521001816e-03
7.372457485828608696e+03,4.744447302073240280e-03
7.382460820273423451e+03,4.723901860415935516e-03
7.392464154718239115e+03,4.702935460954904556e-03
7.402467489163053870e+03,4.677422344684600830e-03
7.412470823607868624e+03,4.662780091166496277e-03
7.422474158052683379e+03,4.633257165551185608e-03
7.432477492497498133e+03,4.614750854671001434e-03
7.442480826942313797e+03,4.591712262481451035e-03
7.452484161387128552e+03,4.568251781165599823e-03
7.462487495831943306e+03,4.553663544356822968e-03
7.472490830276758061e+03,4.524523857980966568e-03
7.482494164721572815e+03,4.507198929786682129e-03
7.492497499166388479e+03,4.483653698116540909e-03
7.502500833611203234e+03,4.460658878087997437e-03
7.512504168056017988e+03,4.448433406651020050e-03
7.522507502500832743e+03,4.418681841343641281e-03
7.532510836945647497e+03,4.400910809636116028e-03
7.542514171390463162e+03,4.379002377390861511e-03
7.552517505835277916e+03,4.355959128588438034e-03
7.562520840280092671e+03,4.343685694038867950e-03
7.572524174724907425e+03,4.315244965255260468e-03
7.582527509169722180e+03,4.294987302273511887e-03
7.592530843614537844e+03,4.282327368855476379e-03
7.602534178059352598e+03,4.253884777426719666e-03
7.612537512504167353e+03,4.236310720443725586e-03
7.622540846948982107e+03,4.216481000185012817e-03
7.632544181393796862e+03,4.193705506622791290e-03
7.642547515838612526e+03,4.175534937530755997e-03
7.652550850283427280e+03,4.157360177487134933e-03
7.662554184728242035e+03,4.135581664741039276e-03
7.672557519173056789e+03,4.119521938264369965e-03
7.682560853617871544e+03,4.095583222806453705e-03
7.692564188062687208e+03,4.083986394107341766e-03
7.702567522507501963e+03,4.057221114635467529e-03
7.712570856952316717e+03,4.039352294057607651e-03
7.722574191397131472e+03,4.022295586764812469e-03
7.732577525841947136e+03,3.999719396233558655e-03
7.742580860286761890e+03,3.988457378000020981e-03
7.752584194731576645e+03,3.962048795074224472e-03
7.762587529176391399e+03,3.945924341678619385e-03
7.772590863621206154e+03,3.926730249077081680e-03
7.782594198066021818e+03,3.906224388629198074e-03
7.792597532510836572e+03,3.894384717568755150e-03
7.802600866955651327e+03,3.869119565933942795e-03
7.812604201400466081e+03,3.853786271065473557e-03
7.822607535845280836e+03,3.834327915683388710e-03
7.832610870290096500e+03,3.815184347331523895e-03
7.842614204734911254e+03,3.801585407927632332e-03
7.852617539179726009e+03,3.778670448809862137e-03
7.862620873624540764e+03,3.765489440411329269e-03
7.872624208069355518e+03,3.743684617802500725e-03
7.882627542514171182e+03,3.726740833371877670e-03
7.892630876958985937e+03,3.710965625941753387e-03
7.902634211403800691e+03,3.690398996695876122e-03
7.912637545848615446e+03,3.677610773593187332e-03
7.922640880293430200e+03,3.655733074992895126e-03
7.932644214738245864e+03,3.639261936768889427e-03
7.942647549183060619e+03,3.624166129156947136e-03
7.952650883627875373e+03,3.603972494602203369e-03
7.962654218072690128e+03,3.590433858335018158e-03
7.972657552517504882e+03,3.570468397811055183e-03
7.982660886962320546e+03,3.553071524947881699e-03
7.992664221407135301e+03,3.541292389854788780e-03
8.002667555851950056e+03,3.518990939483046532e-03
8.012670890296764810e+03,3.503281623125076294e-03
8.022674224741579565e+03,3.490380011498928070e-03
8.032677559186395229e+03,3.469025250524282455e-03
8.042680893631209983e+03,3.456855658441781998e-03
8.052684228076024738e+03,3.437354229390621185e-03
8.062687562520839492e+03,3.420467022806406021e-03
8.072690896965654247e+03,3.409359604120254517e-03
8.082694231410469911e+03,3.387686796486377716e-03
8.092697565855284665e+03,3.373966086655855179e-03
8.102700900300099420e+03,3.357880283147096634e-03
8.112704234744914174e+03,3.339996328577399254e-03
8.122707569189728929e+03,3.329763654619455338e-03
8.132710903634544593e+03,3.308431245386600494e-03
8.142714238079359347e+03,3.295621834695339203e-03
8.152717572524174102e+03,3.278330434113740921e-03
8.162720906968988857e+03,3.261765697970986366e-03
8.172724241413803611e+03,3.250962821766734123e-03
8.182727575858619275e+03,3.230712376534938812e-03
8.192730910303433120e+03,3.218612633645534515e-03
8.202734244748247875e+03,3.201164072379469872e-03
8.212737579193064448e+03,3.185139037668704987e-03
8.222740913637879203e+03,3.175013931468129158e-03
8.232744248082693957e+03,3.154739737510681152e-03
8.242747582527508712e+03,3.142555942758917809e-03
8.252750916972323466e+03,3.126424038782715797e-03
8.262754251417138221e+03,3.110548015683889389e-03
8.272757585861952975e+03,3.099867841228842735e-03
8.282760920306767730e+03,3.080656053498387337e-03
8.292764254751582484e+03,3.068330464884638786e-03
8.302767589196397239e+03,3.053170861676335335e-03
8.312770923641213813e+03,3.037081100046634674e-03
8.322774258086028567e+03,3.028320614248514175e-03
8.332777592530843322e+03,3.008290892466902733e-03
8.342780926975658076e+03,2.995526883751153946e-03
8.352784261420472831e+03,2.982035977765917778e-03
8.362787595865287585e+03,2.965413033962249756e-03
8.372790930310102340e+03,2.952580107375979424e-03
8.382794264754917094e+03,2.940259873867034912e-03
8.392797599199731849e+03,2.923401072621345520e-03
8.402800933644546603e+03,2.915224293246865273e-03
8.412804268089363177e+03,2.896040910854935646e-03
8.422807602534177931e+03,2.882301807403564453e-03
8.432810936978992686e+03,2.873805584385991096e-03
8.442814271423807440e+03,2.854809397831559181e-03
8.452817605868622195e+03,2.846383489668369293e-03
8.462820940313436950e+03,2.828121883794665337e-03
8.472824274758251704e+03,2.815406769514083862e-03
8.482827609203066459e+03,2.803820185363292694e-03
8.492830943647881213e+03,2.787823323160409927e-03
8.502834278092695968e+03,2.779962262138724327e-03
8.512837612537512541e+03,2.761524170637130737e-03
8.522840946982327296e+03,2.749759005382657051e-03
8.532844281427142050e+03,2.737447386607527733e-03
8.542847615871956805e+03,2.723029814660549164e-03
8.552850950316771559e+03,2.712990390136837959e-03
8.562854284761586314e+03,2.696823328733444214e-03
8.572857619206401068e+03,2.686813240870833397e-03
8.582860953651215823e+03,2.672044793143868446e-03
8.592864288096030577e+03,2.659650053828954697e-03
8.602867622540847151e+03,2.648253459483385086e-03
8.612870956985661905e+03,2.633876865729689598e-03
8.622874291430476660e+03,2.622941508889198303e-03
8.632877625875291415e+03,2.609912538900971413e-03
8.642880960320106169e+03,2.596621168777346611e-03
8.652884294764920924e+03,2.586467191576957703e-03
8.662887629209735678e+03,2.572182100266218185e-03
8.672890963654550433e+03,2.559716813266277313e-03
8.682894298099365187e+03,2.550779376178979874e-03
8.692897632544179942e+03,2.535103121772408485e-03
8.702900966988996515e+03,2.524715149775147438e-03
8.712904301433811270e+03,2.512675477191805840e-03
8.722907635878626024e+03,2.499012742191553116e-03
8.732910970323440779e+03,2.491089981049299240e-03
8.742914304768255533e+03,2.475580666214227676e-03
8.752917639213070288e+03,2.464371034875512123e-03
8.762920973657885042e+03,2.454657806083559990e-03
8.772924308102699797e+03,2.440670039504766464e-03
8.782927642547514552e+03,2.431829459965229034e-03
8.792930976992329306e+03,2.417485462501645088e-03
8.802934311437145880e+03,2.406904473900794983e-03
8.812937645881960634e+03,2.396308351308107376e-03
8.822940980326775389e+03,2.382823964580893517e-03
8.832944314771590143e+03,2.374036703258752823e-03
8.842947649216404898e+03,2.361230086535215378e-03
8.852950983661219652e+03,2.349277026951313019e-03
8.862954318106034407e+03,2.342170337215065956e-03
8.872957652550849161e+03,2.326910383999347687e-03
8.882960986995663916e+03,2.317582722753286362e-03
8.892964321440478670e+03,2.305997768417000771e-03
8.902967655885295244e+03,2.293980447575449944e-03
8.912970990330109998e+03,2.286886796355247498e-03
8.922974324774924753e+03,2.272283658385276794e-03
8.932977659219739508e+03,2.263702685013413429e-03
8.942980993664554262e+03,2.251370111480355263e-03
8.952984328109369017e+03,2.240463625639677048e-03
8.962987662554183771e+03,2.232268918305635452e-03
8.972990996998998526e+03,2.218853216618299484e-03
8.982994331443813280e+03,2.210791921243071556e-03
8.992997665888628035e+03,2.198514528572559357e-03
9.003001000333444608e+03,2.187935169786214828e-03
9.013004334778259363e+03,2.179381903260946274e-03
9.023007669223074117e+03,2.166806953027844429e-03
9.033011003667888872e+03,2.158462302759289742e-03
9.043014338112703626e+03,2.146856160834431648e-03
9.053017672557518381e+03,2.136218128725886345e-03
9.063021007002333135e+03,2.128829713910818100e-03
9.073024341447147890e+03,2.115680370479822159e-03
9.083027675891962645e+03,2.107383450493216515e-03
9.093031010336777399e+03,2.096494659781455994e-03
9.103034344781593973e+03,2.085649175569415092e-03
9.113037679226408727e+03,2.079247264191508293e-03
9.123041013671223482e+03,2.065879292786121368e-03
9.133044348116038236e+03,2.056896453723311424e-03
9.143047682560852991e+03,2.047904068604111671e-03
9.153051017005667745e+03,2.036413410678505898e-03
9.163054351450482500e+03,2.030108589679002762e-03
9.173057685895297254e+03,2.017480321228504181e-03
9.183061020340112009e+03,2.008522627875208855e-03
9.193064354784926763e+03,1.999819418415427208e-03
9.203067689229743337e+03,1.988733652979135513e-03
9.213071023674558091e+03,1.982087967917323112e-03
9.223074358119372846e+03,1.969906501471996307e-03
9.233077692564187601e+03,1.962030073627829552e-03
9.243081027009002355e+03,1.951983547769486904e-03
9.253084361453817110e+03,1.942057744599878788e-03
9.263087695898631864e+03,1.935230917297303677e-03
9.273091030343446619e+03,1.923623844049870968e-03
9.283094364788261373e+03,1.915969769470393658e-03
9.293097699233076128e+03,1.905934419482946396e-03
9.303101033677892701e+03,1.896404195576906204e-03
9.313104368122707456e+03,1.889636158011853695e-03
9.323107702567522210e+03,1.878293580375611782e-03
9.333111037012336965e+03,1.871048356406390667e-03
9.343114371457151719e+03,1.861069584265351295e-03
9.353117705901966474e+03,1.851908396929502487e-03
9.363121040346781228e+03,1.844733371399343014e-03
9.373124374791595983e+03,1.834123395383358002e-03
9.383127709236410738e+03,1.826353836804628372e-03
9.393131043681225492e+03,1.817798707634210587e-03
9.403134378126042066e+03,1.808128319680690765e-03
9.413137712570856820e+03,1.801731414161622524e-03
9.423141047015671575e+03,1.790920156054198742e-03
9.433144381460486329e+03,1.782642677426338196e-03
9.443147715905301084e+03,1.775881741195917130e-03
9.453151050350115838e+03,1.765156164765357971e-03
9.463154384794930593e+03,1.757529797032475471e-03
9.473157719239745347e+03,1.750210532918572426e-03
9.483161053684560102e+03,1.740346895530819893e-03
9.493164388129374856e+03,1.734517281875014305e-03
9.503167722574191430e+03,1.723896595649421215e-03
9.513171057019006184e+03,1.716922386549413204e-03
9.523174391463820939e+03,1.708298106677830219e-03
9.533177725908635693e+03,1.699423184618353844e-03
9.543181060353450448e+03,1.693375874310731888e-03
9.553184394798265203e+03,1.683411886915564537e-03
9.563187729243079957e+03,1.676162239164113998e-03
9.573191063687894712e+03,1.668416894972324371e-03
9.583194398132709466e+03,1.659490517340600491e-03
9.593197732577524221e+03,1.653069048188626766e-03
9.603201067022340794e+03,1.643949071876704693e-03
9.613204401467155549e+03,1.636011409573256969e-03
9.623207735911970303e+03,1.629911013878881931e-03
9.633211070356785058e+03,1.620245166122913361e-03
9.643214404801599812e+03,1.612906227819621563e-03
9.653217739246414567e+03,1.606441102921962738e-03
9.663221073691229321e+03,1.597183407284319401e-03
9.673224408136044076e+03,1.591082196682691574e-03
9.683227742580858830e+03,1.582477358169853687e-03
9.693231077025673585e+03,1.574768335558474064e-03
9.703234411470490159e+03,1.568688079714775085e-03
9.713237745915304913e+03,1.559491967782378197e-03
9.723241080360119668e+03,1.553411828354001045e-03
9.733244414804934422e+03,1.545391394756734371e-03
9.743247749249749177e+03,1.537262811325490475e-03
9.753251083694563931e+03,1.532074064016342163e-03
9.763254418139378686e+03,1.522917533293366432e-03
9.773257752584193440e+03,1.516194548457860947e-03
9.783261087029008195e+03,1.509421970695257187e-03
9.793264421473822949e+03,1.501156017184257507e-03
9.803267755918639523e+03,1.495886244811117649e-03
9.813271090363454277e+03,1.487068482674658298e-03
9.823274424808269032e+03,1.480458071455359459e-03
9.833277759253083786e+03,1.473806099966168404e-03
9.843281093697898541e+03,1.465950394049286842e-03
9.853284428142713296e+03,1.460263621993362904e-03
9.863287762587528050e+03,1.452142256312072277e-03
9.873291097032342805e+03,1.445329398848116398e-03
9.883294431477157559e+03,1.439483836293220520e-03
9.893297765921972314e+03,1.431305543519556522e-03
9.903301100366788887e+03,1.425279420800507069e-03
9.913304434811603642e+03,1.418464002199470997e-03
9.923307769256418396e+03,1.411192235536873341e-03
9.933311103701233151e+03,1.405309652909636497e-03
9.943314438146047905e+03,1.397593994624912739e-03
9.953317772590862660e+03,1.391469268128275871e-03
9.963321107035677414e+03,1.385132200084626675e-03
9.973324441480492169e+03,1.377713400870561600e-03
9.983327775925306923e+03,1.372107653878629208e-03
9.993331110370121678e+03,1.365094096399843693e-03
1.000333444481493825e+04,1.358209992758929729e-03
1.001333777925975301e+04,1.353160012513399124e-03
1.002334111370456776e+04,1.345308963209390640e-03
1.003334444814938252e+04,1.339662470854818821e-03
1.004334778259419727e+04,1.332971150986850262e-03
1.005335111703901202e+04,1.326195430010557175e-03
1.006335445148382678e+04,1.321098767220973969e-03
1.007335778592864153e+04,1.313454355113208294e-03
1.008336112037345629e+04,1.307826954871416092e-03
1.009336445481827104e+04,1.301776035688817501e-03
1.010336778926308762e+04,1.294687506742775440e-03
1.011337112370790237e+04,1.290240907110273838e-03
1.012337445815271712e+04,1.282481942325830460e-03
1.013337779259753188e+04,1.276474678888916969e-03
1.014338112704234663e+04,1.271766843274235725e-03
1.015338446148716139e+04,1.264034421183168888e-03
1.016338779593197614e+04,1.258797943592071533e-03
1.017339113037679090e+04,1.252967631444334984e-03
1.018339446482160565e+04,1.246326602995395660e-03
1.019339779926642041e+04,1.241585705429315567e-03
1.020340113371123698e+04,1.234539551660418510e-03
1.021340446815605173e+04,1.229205867275595665e-03
1.022340780260086649e+04,1.223379862494766712e-03
1.023341113704568124e+04,1.216894364915788174e-03
1.024341447149049600e+04,1.212272560223937035e-03
1.025341780593531075e+04,1.205657608807086945e-03
1.026342114038012551e+04,1.199893886223435402e-03
1.027342447482494026e+04,1.194694661535322666e-03
1.028342780926975502e+04,1.188397873193025589e-03
1.029343114371457159e+04,1.182970241643488407e-03
1.030343447815938634e+04,1.177633414044976234e-03
1.031343781260420110e+04,1.171226729638874531e-03
1.032344114704901585e+04,1.166468369774520397e-03
1.033344448149383061e+04,1.160608022473752499e-03
1.034344781593864536e+04,1.154430792666971684e-03
1.035345115038346012e+04,1.150843221694231033e-03
1.036345448482827487e+04,1.143528148531913757e-03
1.037345781927308963e+04,1.138476654887199402e-03
1.038346115371790438e+04,1.133623882196843624e-03
1.039346448816272095e+04,1.127197057940065861e-03
1.040346782260753571e+04,1.123552443459630013e-03
1.041347115705235046e+04,1.116530620492994785e-03
1.042347449149716522e+04,1.111625344492495060e-03
1.043347782594197997e+04,1.106828800402581692e-03
1.044348116038679473e+04,1.100686844438314438e-03
1.045348449483160948e+04,1.096913008950650692e-03
1.046348782927642424e+04,1.090265577659010887e-03
1.047349116372123899e+04,1.085576252080500126e-03
1.048349449816605375e+04,1.080508111044764519e-03
1.049349783261087032e+04,1.074689440429210663e-03
1.050350116705568507e+04,1.070835045538842678e-03
1.051350450150049983e+04,1.064657699316740036e-03
1.052350783594531458e+04,1.059696893207728863e-03
1.053351117039012934e+04,1.055292552337050438e-03
1.054351450483494409e+04,1.049433485604822636e-03
1.055351783927975885e+04,1.045220298692584038e-03
1.056352117372457360e+04,1.039717230014503002e-03
1.057352450816938835e+04,1.034694607369601727e-03
1.058352784261420311e+04,1.030541374348104000e-03
1.059353117705901968e+04,1.024551689624786377e-03
1.060353451150383444e+04,1.020321855321526527e-03
1.061353784594864919e+04,1.015362329781055450e-03
1.062354118039346395e+04,1.009966596029698849e-03
1.063354451483827870e+04,1.006621518172323704e-03
1.064354784928309346e+04,1.000382704660296440e-03
1.065355118372790821e+04,9.959304006770253181e-04
1.066355451817272296e+04,9.917361894622445107e-04
1.067355785261753772e+04,9.862510487437248230e-04
1.068356118706235247e+04,9.826733730733394623e-04
1.069356452150716905e+04,9.768449235707521439e-04
1.070356785595198380e+04,9.726758580654859543e-04
1.071357119039679856e+04,9.680982329882681370e-04
1.072357452484161331e+04,9.629651904106140137e-04
1.073357785928642807e+04,9.594156290404498577e-04
1.074358119373124282e+04,9.538074373267591000e-04
1.075358452817605757e+04,9.493218385614454746e-04
1.076358786262087233e+04,9.457647101953625679e-04
1.077359119706568708e+04,9.401515708304941654e-04
1.078359453151050184e+04,9.365548612549901009e-04
1.079359786595531841e+04,9.314839262515306473e-04
1.080360120040013317e+04,9.269674192182719707e-04
1.081360453484494792e+04,9.233796154148876667e-04
1.082360786928976268e+04,9.180379565805196762e-04
1.083361120373457743e+04,9.142002090811729431e-04
1.084361453817939218e+04,9.096839930862188339e-04
1.085361787262420694e+04,9.049062500707805157e-04
1.086362120706902169e+04,9.014824754558503628e-04
1.087362454151383645e+04,8.965135202743113041e-04
1.088362787595865120e+04,8.922145352698862553e-04
1.089363121040346778e+04,8.887369767762720585e-04
1.090363454484828253e+04,8.836761116981506348e-04
1.091363787929309728e+04,8.801309159025549889e-04
1.092364121373791204e+04,8.754162699915468693e-04
1.093364454818272679e+04,8.710292750038206577e-04
1.094364788262754155e+04,8.676572469994425774e-04
1.095365121707235630e+04,8.628851501271128654e-04
1.096365455151717106e+04,8.588056080043315887e-04
1.097365788596198581e+04,8.553910884074866772e-04
1.098366122040680057e+04,8.505474543198943138e-04
1.099366455485161714e+04,8.470685570500791073e-04
1.100366788929643189e+04,8.427285938523709774e-04
1.101367122374124665e+04,8.384677930735051632e-04
1.102367455818606140e+04,8.353650919161736965e-04
1.103367789263087616e+04,8.304152288474142551e-04
1.104368122707569091e+04,8.268135134130716324e-04
1.105368456152050567e+04,8.230087114498019218e-04
1.106368789596532042e+04,8.184886537492275238e-04
1.107369123041013518e+04,8.153797825798392296e-04
1.108369456485494993e+04,8.110074559226632118e-04
1.109369789929976650e+04,8.069229661487042904e-04
1.110370123374458126e+04,8.041346445679664612e-04
1.111370456818939601e+04,7.993054459802806377e-04
1.112370790263421077e+04,7.961168303154408932e-04
1.113371123707902552e+04,7.919020717963576317e-04
1.114371457152384028e+04,7.879663608036935329e-04
1.115371790596865503e+04,7.850378751754760742e-04
1.116372124041346979e+04,7.804511114954948425e-04
1.117372457485828454e+04,7.771626114845275879e-04
1.118372790930309930e+04,7.733655511401593685e-04
1.119373124374791587e+04,7.692609797231853008e-04
1.120373457819273062e+04,7.664540316909551620e-04
1.121373791263754538e+04,7.620388059876859188e-04
1.122374124708236013e+04,7.583465194329619408e-04
1.123374458152717489e+04,7.557818898931145668e-04
1.124374791597198964e+04,7.510617142543196678e-04
1.125375125041680440e+04,7.480644853785634041e-04
1.126375458486161915e+04,7.442975183948874474e-04
1.127375791930643391e+04,7.405065116472542286e-04
1.128376125375124866e+04,7.377560250461101532e-04
1.129376458819606523e+04,7.334271213039755821e-04
1.130376792264087999e+04,7.304987520910799503e-04
1.131377125708569474e+04,7.266136817634105682e-04
1.132377459153050950e+04,7.230871706269681454e-04
1.133377792597532425e+04,7.201918051578104496e-04
1.134378126042013901e+04,7.162005058489739895e-04
1.135378459486495376e+04,7.132067694328725338e-04
1.136378792930976851e+04,7.094785687513649464e-04
1.137379126375458327e+04,7.059726049192249775e-04
1.138379459819939802e+04,7.032486028037965298e-04
1.139379793264421460e+04,6.992772687226533890e-04
1.140380126708902935e+04,6.962192710489034653e-04
1.141380460153384411e+04,6.929140654392540455e-04
1.142380793597865886e+04,6.892259698361158371e-04
1.143381127042347362e+04,6.867145420983433723e-04
1.144381460486828837e+04,6.827550823800265789e-04
1.145381793931310312e+04,6.795653025619685650e-04
1.146382127375791788e+04,6.768722087144851685e-04
1.147382460820273263e+04,6.730604218319058418e-04
1.148382794264754739e+04,6.701581878587603569e-04
1.149383127709236396e+04,6.666394183412194252e-04
1.150383461153717872e+04,6.633177399635314941e-04
1.151383794598199347e+04,6.608462426811456680e-04
1.152384128042680823e+04,6.571930134668946266e-04
1.153384461487162298e+04,6.538901361636817455e-04
1.154384794931643773e+04,6.516260909847915173e-04
1.155385128376125249e+04,6.478212890215218067e-04
1.156385461820606724e+04,6.451665540225803852e-04
1.157385795265088200e+04,6.417010445147752762e-04
1.158386128709569675e+04,6.386645254679024220e-04
1.159386462154051333e+04,6.360971019603312016e-04
1.160386795598532808e+04,6.324501591734588146e-04
1.161387129043014284e+04,6.299671949818730354e-04
1.162387462487495759e+04,6.266107666306197643e-04
1.163387795931977234e+04,6.234706961549818516e-04
1.164388129376458710e+04,6.211003055796027184e-04
1.165388462820940185e+04,6.176117458380758762e-04
1.166388796265421661e+04,6.148564862087368965e-04
1.167389129709903136e+04,6.119561148807406425e-04
1.168389463154384612e+04,6.086654611863195896e-04
1.169389796598866269e+04,6.060570594854652882e-04
1.170390130043347745e+04,6.033363169990479946e-04
1.171390463487829220e+04,6.000552675686776638e-04
1.172390796932310695e+04,5.978371482342481613e-04
1.173391130376792171e+04,5.944129079580307007e-04
1.174391463821273646e+04,5.917815724387764931e-04
1.175391797265755122e+04,5.891015753149986267e-04
1.176392130710236597e+04,5.859511438757181168e-04
1.177392464154718073e+04,5.836285417899489403e-04
1.178392797599199548e+04,5.803928361274302006e-04
1.179393131043681205e+04,5.776320467703044415e-04
1.180393464488162681e+04,5.753490258939564228e-04
1.181393797932644156e+04,5.720859044231474400e-04
1.182394131377125632e+04,5.696326843462884426e-04
1.183394464821607107e+04,5.669986712746322155e-04
1.184394798266088583e+04,5.638793227262794971e-04
1.185395131710570058e+04,5.615456029772758484e-04
1.186395465155051534e+04,5.588303320109844208e-04
1.187395798599533009e+04,5.559098790399730206e-04
1.188396132044014485e+04,5.537890247069299221e-04
1.189396465488496142e+04,5.507147870957851410e-04
1.190396798932977617e+04,5.481900298036634922e-04
1.191397132377459093e+04,5.457617808133363724e-04
1.192397465821940568e+04,5.428260774351656437e-04
1.193397799266422044e+04,5.405028350651264191e-04
1.194398132710903519e+04,5.378103815019130707e-04
1.195398466155384995e+04,5.351047147996723652e-04
1.196398799599866470e+04,5.329551640897989273e-04
1.197399133044347946e+04,5.301472265273332596e-04
1.198399466488829603e+04,5.276769516058266163e-04
1.199399799933311078e+04,5.252854898571968079e-04
1.200400133377792554e+04,5.224450724199414253e-04
1.201400466822274029e+04,5.200556479394435883e-04
1.202400800266755505e+04,5.179158761166036129e-04
1.203401133711236980e+04,5.149760982021689415e-04
1.204401467155718456e+04,5.127771291881799698e-04
1.205401800600199931e+04,5.104071460664272308e-04
1.206402134044681407e+04,5.076841334812343121e-04
1.207402467489162882e+04,5.058066453784704208e-04
1.208402800933644539e+04,5.028311861678957939e-04
1.209403134378126015e+04,5.005903076380491257e-04
1.210403467822607490e+04,4.984711413271725178e-04
1.211403801267088966e+04,4.956328193657100201e-04
1.212404134711570441e+04,4.938312340527772903e-04
1.213404468156051917e+04,4.910709685645997524e-04
1.214404801600533392e+04,4.888084949925541878e-04
1.215405135045014868e+04,4.866690142080187798e-04
1.216405468489496343e+04,4.839550238102674484e-04
1.217405801933977818e+04,4.820372560061514378e-04
1.218406135378459476e+04,4.795922141056507826e-04
1.219406468822940951e+04,4.772378888446837664e-04
1.220406802267422427e+04,4.751849919557571411e-04
1.221407135711903902e+04,4.726123588625341654e-04
1.222407469156385378e+04,4.705672035925090313e-04
1.223407802600866853e+04,4.683684674091637135e-04
1.224408136045348328e+04,4.659054684452712536e-04
1.225408469489829804e+04,4.639255348592996597e-04
1.226408802934311279e+04,4.615946672856807709e-04
1.227409136378792755e+04,4.593207268044352531e-04
1.228409469823274412e+04,4.574446065817028284e-04
1.229409803267755888e+04,4.549231380224227905e-04
1.230410136712237363e+04,4.529170983005315065e-04
1.231410470156718839e+04,4.508090787567198277e-04
1.232410803601200314e+04,4.484195960685610771e-04
1.233411137045681789e+04,4.465554666239768267e-04
1.234411470490163265e+04,4.442838544491678476e-04
1.235411803934644740e+04,4.420636978466063738e-04
1.236412137379126216e+04,4.403022758197039366e-04
1.237412470823607691e+04,4.379264719318598509e-04
1.238412804268089349e+04,4.358772130217403173e-04
1.239413137712570824e+04,4.339441074989736080e-04
1.240413471157052300e+04,4.316338454373180866e-04
1.241413804601533775e+04,4.299267602618783712e-04
1.242414138046015250e+04,4.275862593203783035e-04
1.243414471490496726e+04,4.255285020917654037e-04
1.244414804934978201e+04,4.238996480125933886e-04
1.245415138379459677e+04,4.213982610963284969e-04
1.246415471823941152e+04,4.196994705125689507e-04
1.247415805268422628e+04,4.175990470685064793e-04
1.248416138712904285e+04,4.154872731305658817e-04
1.249416472157385761e+04,4.139143857173621655e-04
1.250416805601867236e+04,4.115003393962979317e-04
1.251417139046348711e+04,4.098616482224315405e-04
1.252417472490830187e+04,4.077155608683824539e-04
1.253417805935311662e+04,4.056874604430049658e-04
1.254418139379793138e+04,4.041195788886398077e-04
1.255418472824274613e+04,4.018318431917577982e-04
1.256418806268756089e+04,4.000138142146170139e-04
1.257419139713237564e+04,3.982561174780130386e-04
1.258419473157719221e+04,3.960768517572432756e-04
1.259419806602200697e+04,3.944079799111932516e-04
1.260420140046682172e+04,3.925216151401400566e-04
1.261420473491163648e+04,3.904510522261261940e-04
1.262420806935645123e+04,3.890646621584892273e-04
1.263421140380126599e+04,3.867393825203180313e-04
1.264421473824608074e+04,3.849401255138218403e-04
1.265421807269089550e+04,3.834395320154726505e-04
1.266422140713571025e+04,3.811865753959864378e-04
1.267422474158052501e+04,3.796470700763165951e-04
1.268422807602534158e+04,3.777513920795172453e-04
1.269423141047015633e+04,3.757727390620857477e-04
1.270423474491497109e+04,3.745194117072969675e-04
1.271423807935978584e+04,3.722784167621284723e-04
1.272424141380460060e+04,3.706956340465694666e-04
1.273424474824941535e+04,3.688721626531332731e-04
1.274424808269423011e+04,3.669683355838060379e-04
1.275425141713904486e+04,3.656462649814784527e-04
1.276425475158385962e+04,3.634952881839126348e-04
1.277425808602867437e+04,3.620948409661650658e-04
1.278426142047349094e+04,3.600911877583712339e-04
1.279426475491830570e+04,3.584230435080826283e-04
1.280426808936312045e+04,3.568877000361680984e-04
1.281427142380793521e+04,3.549948742147535086e-04
1.282427475825274996e+04,3.534973657224327326e-04
1.283427809269756472e+04,3.516075084917247295e-04
1.284428142714237947e+04,3.500428574625402689e-04
1.285428476158719423e+04,3.484165936242789030e-04
1.286428809603200898e+04,3.465530753601342440e-04
1.287429143047682373e+04,3.450564108788967133e-04
1.288429476492164031e+04,3.433826786931604147e-04
1.289429809936645506e+04,3.416524268686771393e-04
1.290430143381126982e+04,3.402154543437063694e-04
1.291430476825608457e+04,3.385174786671996117e-04
1.292430810270089933e+04,3.368837933521717787e-04
1.293431143714571408e+04,3.353557549417018890e-04
1.294431477159052884e+04,3.336060908623039722e-04
1.295431810603534359e+04,3.321217081975191832e-04
1.296432144048015834e+04,3.306405269540846348e-04
1.297432477492497310e+04,3.288765437901020050e-04
1.298432810936978967e+04,3.274528717156499624e-04
1.299433144381460443e+04,3.258851356804370880e-04
1.300433477825941918e+04,3.242209495510905981e-04
1.301433811270423394e+04,3.228245768696069717e-04
1.302434144714904869e+04,3.212109440937638283e-04
1.303434478159386344e+04,3.196604666300117970e-04
1.304434811603867820e+04,3.182932850904762745e-04
1.305435145048349295e+04,3.165568341501057148e-04
1.306435478492830771e+04,3.151522541884332895e-04
1.307435811937312246e+04,3.137149324174970388e-04
1.308436145381793904e+04,3.120192850474268198e-04
1.309436478826275379e+04,3.108533855993300676e-04
1.310436812270756855e+04,3.091412945650517941e-04
1.311437145715238330e+04,3.075870336033403873e-04
1.312437479159719805e+04,3.064554766751825809e-04
1.313437812604201281e+04,3.046991769224405289e-04
1.314438146048682756e+04,3.033833345398306847e-04
1.315438479493164232e+04,3.019687719643115997e-04
1.316438812937645707e+04,3.003783640451729298e-04
1.317439146382127183e+04,2.992249501403421164e-04
1.318439479826608840e+04,2.975568349938839674e-04
1.319439813271090316e+04,2.961525460705161095e-04
1.320440146715571791e+04,2.948721521534025669e-04
1.321440480160053266e+04,2.933486539404839277e-04
1.322440813604534742e+04,2.919948601629585028e-04
1.323441147049016217e+04,2.906208101194351912e-04
1.324441480493497693e+04,2.891689364332705736e-04
1.325441813937979168e+04,2.879232924897223711e-04
1.326442147382460644e+04,2.864840498659759760e-04
1.327442480826942119e+04,2.850655000656843185e-04
1.328442814271423777e+04,2.839277440216392279e-04
1.329443147715905252e+04,2.823071845341473818e-04
1.330443481160386727e+04,2.809541765600442886e-04
1.331443814604868203e+04,2.800038491841405630e-04
1.332444148049349678e+04,2.782761876005679369e-04
1.333444481493831154e+04,2.772085135802626610e-04
1.334444814938312629e+04,2.757350739557296038e-04
1.335445148382794105e+04,2.743263030424714088e-04
1.336445481827275580e+04,2.733606088440865278e-04
1.337445815271757056e+04,2.717484894674271345e-04
1.338446148716238713e+04,2.705687365960329771e-04
1.339446482160720188e+04,2.693138085305690765e-04
1.340446815605201664e+04,2.678830642253160477e-04
1.341447149049683139e+04,2.669077366590499878e-04
1.342447482494164615e+04,2.653554838616400957e-04
1.343447815938646090e+04,2.641769242472946644e-04
1.344448149383127566e+04,2.630193775985389948e-04
1.345448482827609041e+04,2.615765843074768782e-04
1.346448816272090517e+04,2.605908666737377644e-04
1.347449149716571992e+04,2.591228985693305731e-04
1.348449483161053649e+04,2.579355204943567514e-04
1.349449816605535125e+04,2.568138006608933210e-04
1.350450150050016600e+04,2.554294478613883257e-04
1.351450483494498076e+04,2.543766458984464407e-04
1.352450816938979551e+04,2.530792553443461657e-04
1.353451150383461027e+04,2.518980472814291716e-04
1.354451483827942502e+04,2.507575554773211479e-04
1.355451817272423978e+04,2.494334185030311346e-04
1.356452150716905453e+04,2.484199358150362968e-04
1.357452484161386928e+04,2.471265324857085943e-04
1.358452817605868586e+04,2.459402894601225853e-04
1.359453151050350061e+04,2.449149906169623137e-04
1.360453484494831537e+04,2.435209898976609111e-04
1.361453817939313012e+04,2.425291750114411116e-04
1.362454151383794488e+04,2.413536276435479522e-04
1.363454484828275963e+04,2.400601370027288795e-04
1.364454818272757439e+04,2.391926682321354747e-04
1.365455151717238914e+04,2.378531644353643060e-04
1.366455485161720389e+04,2.367701672483235598e-04
1.367455818606202047e+04,2.357314515393227339e-04
1.368456152050683522e+04,2.344578970223665237e-04
1.369456485495164998e+04,2.335675671929493546e-04
1.370456818939646473e+04,2.322497311979532242e-04
1.371457152384127949e+04,2.312553406227380037e-04
1.372457485828609424e+04,2.301175554748624563e-04
1.373457819273090900e+04,2.289792028022930026e-04
1.374458152717572375e+04,2.280455082654953003e-04
1.375458486162053850e+04,2.267687232233583927e-04
1.376458819606535326e+04,2.257535670651122928e-04
1.377459153051016983e+04,2.247599477414041758e-04
1.378459486495498459e+04,2.235074498457834125e-04
1.379459819939979934e+04,2.225921052740886807e-04
1.380460153384461410e+04,2.215317654190585017e-04
1.381460486828942885e+04,2.203776530222967267e-04
1.382460820273424360e+04,2.196024433942511678e-04
1.383461153717905836e+04,2.182751632062718272e-04
1.384461487162387311e+04,2.173733228119090199e-04
1.385461820606868787e+04,2.163298340747132897e-04
1.386462154051350262e+04,2.152296510757878423e-04
1.387462487495831920e+04,2.143862220691516995e-04
1.388462820940313395e+04,2.131446235580369830e-04
1.389463154384794871e+04,2.122412697644904256e-04
1.390463487829276346e+04,2.112504007527604699e-04
1.391463821273757821e+04,2.101512800436466932e-04
1.392464154718239297e+04,2.093891089316457510e-04
1.393464488162720772e+04,2.081384154735133052e-04
1.394464821607202248e+04,2.071601047646254301e-04
1.395465155051683723e+04,2.064645232167094946e-04
1.396465488496165199e+04,2.051636693067848682e-04
1.397465821940646856e+04,2.044260472757741809e-04
1.398466155385128332e+04,2.032846387010067701e-04
1.399466488829609807e+04,2.023626584559679031e-04
1.400466822274091282e+04,2.014489145949482918e-04
1.401467155718572758e+04,2.003714471356943250e-04
1.402467489163054233e+04,1.997147919610142708e-04
1.403467822607535709e+04,1.984923583222553134e-04
1.404468156052017184e+04,1.977294596144929528e-04
1.405468489496498660e+04,1.966437121154740453e-04
1.406468822940980135e+04,1.957601489266380668e-04
1.407469156385461793e+04,1.948720164364203811e-04
1.408469489829943268e+04,1.938401401275768876e-04
1.409469823274424743e+04,1.930951693793758750e-04
1.410470156718906219e+04,1.920000795507803559e-04
1.411470490163387694e+04,1.911002764245495200e-04
1.412470823607869170e+04,1.904030650621280074e-04
1.413471157052350645e+04,1.892710570245981216e-04
1.414471490496832121e+04,1.885751407826319337e-04
1.415471823941313596e+04,1.875056914286687970e-04
1.416472157385795072e+04,1.866566453827545047e-04
1.417472490830276729e+04,1.858225004980340600e-04
1.418472824274758204e+04,1.848548417910933495e-04
1.419473157719239680e+04,1.840651239035651088e-04
1.420473491163721155e+04,1.831337722251191735e-04
1.421473824608202631e+04,1.822772173909470439e-04
1.422474158052684106e+04,1.814887509681284428e-04
1.423474491497165582e+04,1.805354113457724452e-04
1.424474824941647057e+04,1.797784061636775732e-04
1.425475158386128533e+04,1.788440131349489093e-04
1.426475491830610008e+04,1.779788581188768148e-04
1.427475825275091665e+04,1.772766845533624291e-04
1.428476158719573141e+04,1.762803003657609224e-04
1.429476492164054616e+04,1.754882832756265998e-04
1.430476825608536092e+04,1.747164351399987936e-04
1.431477159053017567e+04,1.738066348480060697e-04
1.432477492497499043e+04,1.729765062918886542e-04
1.433477825941980518e+04,1.722232700558379292e-04
1.434478159386461994e+04,1.713533856673166156e-04
1.435478492830943469e+04,1.705444301478564739e-04
1.436478826275424944e+04,1.697950356174260378e-04
1.437479159719906602e+04,1.689716882538050413e-04
1.438479493164388077e+04,1.681414578342810273e-04
1.439479826608869553e+04,1.673649094300344586e-04
1.440480160053351028e+04,1.665863965172320604e-04
1.441480493497832504e+04,1.657799875829368830e-04
1.442480826942313979e+04,1.650106860324740410e-04
1.443481160386795455e+04,1.642276911297813058e-04
1.444481493831276930e+04,1.634927029954269528e-04
1.445481827275758405e+04,1.626637240406125784e-04
1.446482160720239881e+04,1.618992828298360109e-04
1.447482494164721538e+04,1.611935440450906754e-04
1.448482827609203014e+04,1.603037380846217275e-04
1.449483161053684489e+04,1.595884968992322683e-04
1.450483494498165965e+04,1.589177263667806983e-04
1.451483827942647440e+04,1.580214157002046704e-04
1.452484161387128916e+04,1.573818444740027189e-04
1.453484494831610391e+04,1.566160644870251417e-04
1.454484828276091866e+04,1.557929354021325707e-04
1.455485161720573342e+04,1.552889152662828565e-04
1.456485495165054817e+04,1.543081889394670725e-04
1.457485828609536475e+04,1.536205818410962820e-04
1.458486162054017950e+04,1.530192530481144786e-04
1.459486495498499426e+04,1.521243248134851456e-04
1.460486828942980901e+04,1.516429765615612268e-04
1.461487162387462377e+04,1.507158740423619747e-04
1.462487495831943852e+04,1.500718062743544579e-04
1.463487829276425327e+04,1.493678719270974398e-04
1.464488162720906803e+04,1.485683606006205082e-04
1.465488496165388278e+04,1.480540668126195669e-04
1.466488829609869754e+04,1.471936848247423768e-04
1.467489163054351411e+04,1.465236273361369967e-04
1.468489496498832887e+04,1.459140912629663944e-04
1.469489829943314362e+04,1.451056159567087889e-04
1.470490163387795837e+04,1.445969246560707688e-04
1.471490496832277313e+04,1.437274477211758494e-04
1.472490830276758788e+04,1.430475094821304083e-04
1.473491163721240264e+04,1.425819355063140392e-04
1.474491497165721739e+04,1.416998129570856690e-04
1.475491830610203215e+04,1.411942648701369762e-04
1.476492164054684690e+04,1.403820060659199953e-04
1.477492497499166348e+04,1.397565501974895597e-04
1.478492830943647823e+04,1.391463738400489092e-04
1.479493164388129298e+04,1.384093338856473565e-04
1.480493497832610774e+04,1.378597225993871689e-04
1.481493831277092249e+04,1.370967365801334381e-04
1.482494164721573725e+04,1.365154457744210958e-04
1.483494498166055200e+04,1.358597510261461139e-04
1.484494831610536676e+04,1.351731043541803956e-04
1.485495165055018151e+04,1.346407370874658227e-04
1.486495498499499627e+04,1.339014124823734164e-04
1.487495831943981284e+04,1.332705287495627999e-04
1.488496165388462759e+04,1.326910278294235468e-04
1.489496498832944235e+04,1.320488372584804893e-04
1.490496832277425710e+04,1.314050605287775397e-04
1.491497165721907186e+04,1.308229693677276373e-04
1.492497499166388661e+04,1.301658485317602754e-04
1.493497832610870137e+04,1.295624242629855871e-04
1.494498166055351612e+04,1.289777574129402637e-04
1.495498499499833088e+04,1.283208985114470124e-04
1.496498832944314563e+04,1.277588016819208860e-04
1.497499166388796220e+04,1.271459914278239012e-04
1.498499499833277696e+04,1.264763559447601438e-04
1.499499833277759171e+04,1.259614800801500678e-04
1.500500166722240647e+04,1.253428927157074213e-04
1.501500500166722122e+04,1.247031323146075010e-04
1.502500833611203598e+04,1.242719445144757628e-04
1.503501167055685073e+04,1.235329109476879239e-04
1.504501500500166549e+04,1.230162888532504439e-04
1.505501833944648024e+04,1.224309526151046157e-04
1.506502167389129499e+04,1.218123870785348117e-04
1.507502500833611157e+04,1.213297073263674974e-04
1.508502834278092632e+04,1.206437664222903550e-04
1.509503167722574108e+04,1.200906262965872884e-04
1.510503501167055583e+04,1.196181765408255160e-04
1.511503834611537059e+04,1.189196555060334504e-04
1.512504168056018534e+04,1.184031425509601831e-04
1.513504501500500010e+04,1.179114769911393523e-04
1.514504834944981485e+04,1.172598349512554705e-04
1.515505168389462960e+04,1.168463204521685839e-04
1.516505501833944436e+04,1.161673499154858291e-04
1.517505835278426093e+04,1.156847938545979559e-04
1.518506168722907569e+04,1.151084652519784868e-04
1.519506502167389044e+04,1.145162095781415701e-04
1.520506835611870520e+04,1.141363318311050534e-04
1.521507169056351995e+04,1.134527046815492213e-04
1.522507502500833471e+04,1.129760566982440650e-04
1.523507835945314946e+04,1.124332411563955247e-04
1.524508169389796421e+04,1.118915970437228680e-04
1.525508502834277897e+04,1.113882972276769578e-04
1.526508836278759372e+04,1.107979260268621147e-04
1.527509169723241030e+04,1.103285248973406851e-04
1.528509503167722505e+04,1.098124921554699540e-04
1.529509836612203981e+04,1.092423190129920840e-04
1.530510170056685456e+04,1.088275166694074869e-04
1.531510503501166932e+04,1.082296585082076490e-04
1.532510836945648407e+04,1.077337947208434343e-04
1.533511170390129882e+04,1.072897866833955050e-04
1.534511503834611358e+04,1.067116972990334034e-04
1.535511837279092833e+04,1.062818482751026750e-04
1.536512170723574309e+04,1.057105764630250633e-04
1.537512504168055966e+04,1.052100851666182280e-04
1.538512837612537442e+04,1.048005578923039138e-04
1.539513171057018917e+04,1.042043077177368104e-04
1.540513504501500393e+04,1.037886104313656688e-04
1.541513837945981868e+04,1.032574291457422078e-04
1.542514171390463343e+04,1.027405232889577746e-04
1.543514504834944819e+04,1.023604709189385176e-04
1.544514838279426294e+04,1.017608155962079763e-04
1.545515171723907770e+04,1.012909415294416249e-04
1.546515505168389427e+04,1.009560583042912185e-04
1.547515838612870903e+04,1.003290381049737334e-04
1.548516172057352378e+04,9.996797598432749510e-05
1.549516505501833853e+04,9.941118332790210843e-05
1.550516838946315329e+04,9.894635149976238608e-05
1.551517172390796804e+04,9.855221287580206990e-05
1.552517505835278280e+04,9.800223051570355892e-05
1.553517839279759755e+04,9.762328409124165773e-05
1.554518172724241231e+04,9.711620805319398642e-05
1.555518506168722706e+04,9.668948769103735685e-05
1.556518839613204364e+04,9.619075717637315392e-05
1.557519173057685839e+04,9.573363058734685183e-05
1.558519506502167314e+04,9.533692355034872890e-05
1.559519839946648790e+04,9.483085887040942907e-05
1.560520173391130265e+04,9.441101428819820285e-05
1.561520506835611741e+04,9.397147368872538209e-05
1.562520840280093216e+04,9.349626634502783418e-05
1.563521173724574692e+04,9.311381290899589658e-05
1.564521507169056167e+04,9.262430830858647823e-05
1.565521840613537643e+04,9.221671643899753690e-05
1.566522174058019300e+04,9.178811160381883383e-05
1.567522507502500775e+04,9.129837417276576161e-05
1.568522840946982251e+04,9.091848914977163076e-05
1.569523174391463726e+04,9.051240340340882540e-05
1.570523507835945202e+04,9.004383173305541277e-05
1.571523841280426677e+04,8.969782356871291995e-05
1.572524174724908153e+04,8.919489482650533319e-05
1.573524508169389628e+04,8.885820716386660933e-05
1.574524841613871104e+04,8.835733024170622230e-05
1.575525175058352579e+04,8.795303438091650605e-05
1.576525508502834236e+04,8.762176730670034885e-05
1.577525841947315712e+04,8.711578266229480505e-05
1.578526175391797187e+04,8.678794256411492825e-05
1.579526508836278663e+04,8.629632066003978252e-05
1.580526842280760138e+04,8.588434138800948858e-05
1.581527175725241614e+04,8.560430433135479689e-05
1.582527509169723089e+04,8.506907033734023571e-05
1.583527842614204565e+04,8.468978194287046790e-05
1.584528176058686040e+04,8.437175711151212454e-05
1.585528509503167516e+04,8.389721915591508150e-05
1.586528842947649173e+04,8.359103958355262876e-05
1.587529176392130648e+04,8.310792327392846346e-05
1.588529509836612124e+04,8.279963367385789752e-05
1.589529843281093599e+04,8.234034612542018294e-05
1.590530176725575075e+04,8.197361603379249573e-05
1.591530510170056550e+04,8.161515143001452088e-05
1.592530843614538026e+04,8.117903780657798052e-05
1.593531177059019501e+04,8.087002788670361042e-05
1.594531510503500976e+04,8.043002890190109611e-05
1.595531843947982452e+04,8.006043208297342062e-05
1.596532177392464109e+04,7.972265302669256926e-05
1.597532510836945585e+04,7.928882405394688249e-05
1.598532844281427060e+04,7.898348849266767502e-05
1.599533177725908536e+04,7.856808952055871487e-05
1.600533511170390011e+04,7.820215978426858783e-05
1.601533844614871487e+04,7.786955393385142088e-05
1.602534178059352962e+04,7.745788025204092264e-05
1.603534511503834437e+04,7.714291859883815050e-05
1.604534844948315913e+04,7.675024244235828519e-05
1.605535178392797388e+04,7.637705857632681727e-05
1.606535511837279046e+04,7.607932639075443149e-05
1.607535845281760521e+04,7.565564010292291641e-05
1.608536178726241997e+04,7.533579628216102719e-05
1.609536512170723472e+04,7.497453771065920591e-05
1.610536845615204948e+04,7.458945037797093391e-05
1.611537179059686423e+04,7.431676203850656748e-05
1.612537512504167898e+04,7.391002873191609979e-05
1.613537845948649374e+04,7.356244896072894335e-05
1.614538179393130849e+04,7.327194907702505589e-05
1.615538512837612325e+04,7.287863263627514243e-05
1.616538846282093982e+04,7.257401739479973912e-05
1.617539179726575458e+04,7.220539555419236422e-05
1.618539513171056933e+04,7.185791037045419216e-05
1.619539846615538409e+04,7.157340587582439184e-05
1.620540180060019884e+04,7.118290523067116737e-05
1.621540513504501359e+04,7.084818207658827305e-05
1.622540846948982835e+04,7.057866605464369059e-05
1.623541180393464310e+04,7.018034375505521894e-05
1.624541513837945786e+04,6.987227243371307850e-05
1.625541847282427261e+04,6.957722507650032640e-05
1.626542180726908919e+04,6.920159648871049285e-05
1.627542514171390394e+04,6.894726539030671120e-05
1.628542847615871869e+04,6.856549589429050684e-05
1.629543181060353345e+04,6.828151526860892773e-05
1.630543514504834820e+04,6.793621287215501070e-05
1.631543847949316296e+04,6.759450479876250029e-05
1.632544181393797771e+04,6.736374780302867293e-05
1.633544514838279247e+04,6.696909258607774973e-05
1.634544848282760722e+04,6.667544948868453503e-05
1.635545181727242198e+04,6.638824561377987266e-05
1.636545515171723855e+04,6.602517532883211970e-05
1.637545848616205330e+04,6.580986519111320376e-05
1.638546182060686624e+04,6.541660695802420378e-05
1.639546515505168281e+04,6.513866537716239691e-05
1.640546848949649575e+04,6.484607729362323880e-05
1.641547182394131232e+04,6.451364606618881226e-05
1.642547515838612890e+04,6.425986066460609436e-05
1.643547849283094183e+04,6.390007183654233813e-05
1.644548182727575841e+04,6.363505963236093521e-05
1.645548516172057134e+04,6.333406781777739525e-05
1.646548849616538791e+04,6.301691610133275390e-05
1.647549183061020085e+04,6.278001819737255573e-05
1.648549516505501742e+04,6.242561357794329524e-05
1.649549849949983036e+04,6.217556074261665344e-05
1.650550183394464693e+04,6.186377868289127946e-05
1.651550516838946351e+04,6.156633025966584682e-05
1.652550850283427644e+04,6.131899135652929544e-05
1.653551183727909302e+04,6.098259473219513893e-05
1.654551517172390595e+04,6.073920667404308915e-05
1.655551850616872252e+04,6.043687972123734653e-05
1.656552184061353546e+04,6.014288373989984393e-05
1.657552517505835203e+04,5.990664794808253646e-05
1.658552850950316497e+04,5.957504254183731973e-05
1.659553184394798154e+04,5.933952706982381642e-05
1.660553517839279448e+04,5.903134297113865614e-05
1.661553851283761105e+04,5.875211718375794590e-05
1.662554184728242763e+04,5.852450703969225287e-05
1.663554518172724056e+04,5.819669968332163990e-05
1.664554851617205713e+04,5.796162804472260177e-05
1.665555185061687007e+04,5.767559923697263002e-05
1.666555518506168664e+04,5.738572508562356234e-05
1.667555851950649958e+04,5.718178726965561509e-05
1.668556185395131615e+04,5.685562791768461466e-05
1.669556518839612909e+04,5.660336319124326110e-05
1.670556852284094566e+04,5.636775313178077340e-05
1.671557185728576223e+04,5.606145714409649372e-05
1.672557519173057517e+04,5.585491453530266881e-05
1.673557852617539174e+04,5.554879317060112953e-05
1.674558186062020468e+04,5.531149872695095837e-05
1.675558519506502125e+04,5.504876389750279486e-05
1.676558852950983419e+04,5.479140600073151290e-05
1.677559186395465076e+04,5.455019345390610397e-05
1.678559519839946370e+04,5.426468851510435343e-05
1.679559853284428027e+04,5.405953925219364464e-05
1.680560186728909321e+04,5.376091576181352139e-05
1.681560520173390978e+04,5.350840729079209268e-05
1.682560853617872635e+04,5.332057480700314045e-05
1.683561187062353929e+04,5.300578777678310871e-05
1.684561520506835586e+04,5.280812911223620176e-05
1.685561853951316880e+04,5.252524351817555726e-05
1.686562187395798537e+04,5.227135261520743370e-05
1.687562520840279831e+04,5.209982191445305943e-05
1.688562854284761488e+04,5.178862556931562722e-05
1.689563187729242782e+04,5.159209104022011161e-05
1.690563521173724439e+04,5.132336445967666805e-05
1.691563854618206096e+04,5.108962068334221840e-05
1.692564188062687390e+04,5.086058081360533834e-05
1.693564521507169047e+04,5.060581315774470568e-05
1.694564854951650341e+04,5.040033283876255155e-05
1.695565188396131998e+04,5.013384725316427648e-05
1.696565521840613292e+04,4.990847810404375196e-05
1.697565855285094949e+04,4.969756628270260990e-05
1.698566188729576243e+04,4.943844396620988846e-05
1.699566522174057900e+04,4.924229506286792457e-05
1.700566855618539194e+04,4.898087354376912117e-05
1.701567189063020851e+04,4.875068043475039303e-05
1.702567522507502508e+04,4.857232488575391471e-05
1.703567855951983802e+04,4.829613681067712605e-05
1.704568189396465459e+04,4.811067992704920471e-05
1.705568522840946753e+04,4.785860437550581992e-05
1.706568856285428410e+04,4.763433389598503709e-05
1.707569189729909704e+04,4.744633770314976573e-05
1.708569523174391361e+04,4.718022682936862111e-05
1.709569856618872655e+04,4.700877980212680995e-05
1.710570190063354312e+04,4.675189120462164283e-05
1.711570523507835969e+04,4.652809366234578192e-05
1.712570856952317263e+04,4.636992525774985552e-05
1.713571190396798920e+04,4.610028918250463903e-05
1.714571523841280214e+04,4.591042306856252253e-05
1.715571857285761871e+04,4.569572774926200509e-05
1.716572190730243165e+04,4.547341814031824470e-05
1.717572524174724822e+04,4.527900091488845646e-05
1.718572857619206115e+04,4.504018943407572806e-05
1.719573191063687773e+04,4.485464523895643651e-05
1.720573524508169430e+04,4.464613084564916790e-05
1.721573857952650724e+04,4.442108183866366744e-05
1.722574191397132381e+04,4.424711733008734882e-05
1.723574524841613675e+04,4.401809565024450421e-05
1.724574858286095332e+04,4.382522456580772996e-05
1.725575191730576626e+04,4.361536412034183741e-05
1.726575525175058283e+04,4.341768362792208791e-05
1.727575858619539576e+04,4.322456516092643142e-05
1.728576192064021234e+04,4.300759974285028875e-05
1.729576525508502527e+04,4.281888323021121323e-05
1.730576858952984185e+04,4.262239963281899691e-05
1.731577192397465842e+04,4.241368878865614533e-05
1.732577525841947136e+04,4.223932046443223953e-05
1.733577859286428793e+04,4.201619594823569059e-05
1.734578192730910087e+04,4.182377961114980280e-05
1.735578526175391744e+04,4.166540384176187217e-05
1.736578859619873037e+04,4.143205660511739552e-05
1.737579193064354695e+04,4.126564090256579220e-05
1.738579526508835988e+04,4.106630149181000888e-05
1.739579859953317646e+04,4.085970431333407760e-05
1.740580193397799303e+04,4.071420335094444454e-05
1.741580526842280597e+04,4.047937181894667447e-05
1.742580860286762254e+04,4.028740295325405896e-05
1.743581193731243548e+04,4.017403625766746700e-05
1.744581527175725205e+04,3.991832636529579759e-05
1.745581860620206498e+04,3.978031600126996636e-05
1.746582194064688156e+04,3.955407737521454692e-05
1.747582527509169449e+04,3.936670327675528824e-05
1.748582860953651107e+04,3.924692282453179359e-05
1.749583194398132400e+04,3.900884985341690481e-05
1.750583527842614058e+04,3.887165803462266922e-05
1.751583861287095715e+04,3.864958853228017688e-05
1.752584194731577008e+04,3.849650602205656469e-05
1.753584528176058666e+04,3.830350033240392804e-05
1.754584861620539959e+04,3.812482827925123274e-05
1.755585195065021617e+04,3.796724195126444101e-05
1.756585528509502910e+04,3.777047822950407863e-05
1.757585861953984568e+04,3.761838161153718829e-05
1.758586195398465861e+04,3.742471744772046804e-05
1.759586528842947519e+04,3.726128852576948702e-05
1.760586862287429176e+04,3.708965596160851419e-05
1.761587195731910469e+04,3.690285666380077600e-05
1.762587529176392127e+04,3.677334098028950393e-05
1.763587862620873420e+04,3.656371700344607234e-05
1.764588196065355078e+04,3.640765498857945204e-05
1.765588529509836371e+04,3.624628516263328493e-05
1.766588862954318029e+04,3.606520840548910201e-05
1.767589196398799322e+04,3.592184657463803887e-05
1.768589529843280980e+04,3.572908099158667028e-05
1.769589863287762273e+04,3.558344178600236773e-05
1.770590196732243930e+04,3.540788748068735003e-05
1.771590530176725588e+04,3.523465420585125685e-05
1.772590863621206881e+04,3.510744136292487383e-05
1.773591197065688539e+04,3.491373718134127557e-05
1.774591530510169832e+04,3.474845289019867778e-05
1.775591863954651490e+04,3.462876338744536042e-05
1.776592197399132783e+04,3.443088644417002797e-05
1.777592530843614441e+04,3.428332274779677391e-05
1.778592864288095734e+04,3.413552258280105889e-05
1.779593197732577391e+04,3.396434112801216543e-05
1.780593531177059049e+04,3.383073635632172227e-05
1.781593864621540342e+04,3.365404700161889195e-05
1.782594198066022000e+04,3.351747727720066905e-05
1.783594531510503293e+04,3.334471330163069069e-05
1.784594864954984951e+04,3.320568066556006670e-05
1.785595198399466244e+04,3.304199344711378217e-05
1.786595531843947902e+04,3.288278094260022044e-05
1.787595865288429195e+04,3.275876588304527104e-05
1.788596198732910852e+04,3.258032302255742252e-05
1.789596532177392146e+04,3.243979153921827674e-05
1.790596865621873803e+04,3.229678623029030859e-05
1.791597199066355461e+04,3.213044328731484711e-05
1.792597532510836754e+04,3.202113657607696950e-05
1.793597865955318412e+04,3.183622175129130483e-05
1.794598199399799705e+04,3.171094431309029460e-05
1.795598532844281362e+04,3.155453305225819349e-05
1.796598866288762656e+04,3.140670378343202174e-05
1.797599199733244313e+04,3.127895251964218915e-05
1.798599533177725607e+04,3.110841862508095801e-05
1.799599866622207264e+04,3.099147579632699490e-05
1.800600200066688922e+04,3.083500632783398032e-05
1.801600533511170215e+04,3.069670856348238885e-05
1.802600866955651873e+04,3.055921843042597175e-05
1.803601200400133166e+04,3.040227784367743880e-05
1.804601533844614823e+04,3.029174149560276419e-05
1.805601867289096117e+04,3.012722299899905920e-05
1.806602200733577774e+04,2.999635216838214546e-05
1.807602534178059068e+04,2.986844083352480084e-05
1.808602867622540725e+04,2.971678077301476151e-05
1.809603201067022019e+04,2.960586425615474582e-05
1.810603534511503676e+04,2.944021071016322821e-05
1.811603867955985334e+04,2.931943163275718689e-05
1.812604201400466627e+04,2.918543395935557783e-05
1.813604534844948284e+04,2.903950189647730440e-05
1.814604868289429578e+04,2.892840348067693412e-05
1.815605201733911235e+04,2.877673432521987706e-05
1.816605535178392529e+04,2.865340320568066090e-05
1.817605868622874186e+04,2.852322177204769105e-05
1.818606202067355480e+04,2.838154432538431138e-05
1.819606535511837137e+04,2.827729258569888771e-05
1.820606868956318795e+04,2.811991544149350375e-05
1.821607202400800088e+04,2.800091351673472673e-05
1.822607535845281745e+04,2.788059282465837896e-05
1.823607869289763039e+04,2.773722917481791228e-05
1.824608202734244696e+04,2.763826159934978932e-05
1.825608536178725990e+04,2.748219958448316902e-05
1.826608869623207647e+04,2.737533395702484995e-05
1.827609203067688941e+04,2.723655597947072238e-05
1.828609536512170598e+04,2.711092201934661716e-05
1.829609869956651892e+04,2.700837831071112305e-05
1.830610203401133549e+04,2.686250445549376309e-05
1.831610536845615206e+04,2.675381256267428398e-05
1.832610870290096500e+04,2.662089718796778470e-05
1.833611203734578157e+04,2.649979614943731576e-05
1.834611537179059451e+04,2.639061131048947573e-05
1.835611870623541108e+04,2.625515662657562643e-05
1.836612204068022402e+04,2.615109406178817153e-05
1.837612537512504059e+04,2.601910819066688418e-05
1.838612870956985353e+04,2.590002077340614051e-05
1.839613204401467010e+04,2.579414831416215748e-05
1.840613537845948667e+04,2.565932118159253150e-05
1.841613871290429961e+04,2.554509592300746590e-05
1.842614204734911618e+04,2.544212657085154206e-05
1.843614538179392912e+04,2.530879100959282368e-05
1.844614871623874569e+04,2.520604721212293953e-05
1.845615205068355863e+04,2.508565739844925702e-05
1.846615538512837520e+04,2.496570414223242551e-05
1.847615871957318814e+04,2.487574965925887227e-05
1.848616205401800471e+04,2.473887252563145012e-05
1.849616538846281765e+04,2.464314638928044587e-05
1.850616872290763422e+04,2.451621548971161246e-05
1.851617205735245079e+04,2.440645948809105903e-05
1.852617539179726373e+04,2.430626773275434971e-05
1.853617872624208030e+04,2.417756331851705909e-05
1.854618206068689324e+04,2.408381624263711274e-05
1.855618539513170981e+04,2.396413219685200602e-05
1.856618872957652275e+04,2.384875551797449589e-05
1.857619206402133932e+04,2.376196243858430535e-05
1.858619539846615226e+04,2.363751082157250494e-05
1.859619873291096883e+04,2.353420859435573220e-05
1.860620206735578540e+04,2.343097912671510130e-05
1.861620540180059834e+04,2.331183713977225125e-05
1.862620873624541491e+04,2.322555337741505355e-05
1.863621207069022785e+04,2.310165837116073817e-05
1.864621540513504442e+04,2.300077721884008497e-05
1.865621873957985736e+04,2.290451629960443825e-05
1.866622207402467393e+04,2.278662395838182420e-05
1.867622540846948687e+04,2.269870310556143522e-05
1.868622874291430344e+04,2.258562744827941060e-05
1.869623207735911637e+04,2.248603414045646787e-05
1.870623541180393295e+04,2.238565684820059687e-05
1.871623874624874952e+04,2.227430923085194081e-05
1.872624208069356246e+04,2.219019734184257686e-05
1.873624541513837903e+04,2.207490797445643693e-05
1.874624874958319197e+04,2.197793764935340732e-05
1.875625208402800854e+04,2.188337930419947952e-05
1.876625541847282148e+04,2.177318856411147863e-05
1.877625875291763805e+04,2.168244827771559358e-05
1.878626208736245098e+04,2.158403549401555210e-05
1.879626542180726756e+04,2.147849227185361087e-05
1.880626875625208413e+04,2.139554817404132336e-05
1.881627209069689707e+04,2.128847154381219298e-05
1.882627542514171364e+04,2.119545024470426142e-05
1.883627875958652658e+04,2.109942397510167211e-05
1.884628209403134315e+04,2.099765515595208853e-05
1.885628542847615608e+04,2.091063470288645476e-05
1.886628876292097266e+04,2.081175989587791264e-05
1.887629209736578559e+04,2.071442395390477031e-05
1.888629543181060217e+04,2.063169449684210122e-05
1.889629876625541874e+04,2.052479248959571123e-05
1.890630210070023168e+04,2.043454696831759065e-05
1.891630543514504825e+04,2.035248144238721579e-05
1.892630876958986119e+04,2.024469540629070252e-05
1.893631210403467776e+04,2.017365477513521910e-05
1.894631543847949069e+04,2.006461181736085564e-05
1.895631877292430727e+04,1.997733488678932190e-05
1.896632210736912020e+04,1.989399424928706139e-05
1.897632544181393678e+04,1.979252556338906288e-05
1.898632877625874971e+04,1.972036079678218812e-05
1.899633211070356629e+04,1.961501766345463693e-05
1.900633544514838286e+04,1.953307037183549255e-05
1.901633877959319580e+04,1.944400901265908033e-05
1.902634211403801237e+04,1.934963074745610356e-05
1.903634544848282530e+04,1.927451376104727387e-05
1.904634878292764188e+04,1.917862755362875760e-05
1.905635211737245481e+04,1.909157617774326354e-05
1.906635545181727139e+04,1.901567156892269850e-05
1.907635878626208432e+04,1.891753890959080309e-05
1.908636212070690090e+04,1.884444645838811994e-05
1.909636545515171747e+04,1.874670851975679398e-05
1.910636878959653041e+04,1.866484308266080916e-05
1.911637212404134698e+04,1.858866198745090514e-05
1.912637545848615991e+04,1.849196996772661805e-05
1.913637879293097649e+04,1.842515484895557165e-05
1.914638212737578942e+04,1.832711313909385353e-05
1.915638546182060600e+04,1.824910214054398239e-05
1.916638879626541893e+04,1.817063639464322478e-05
1.917639213071023551e+04,1.807891021599061787e-05
1.918639546515504844e+04,1.801693360903300345e-05
1.919639879959986501e+04,1.791634895198512822e-05
1.920640213404468159e+04,1.783988409442827106e-05
1.921640546848949452e+04,1.776598401193041354e-05
1.922640880293431110e+04,1.767468893376644701e-05
1.923641213737912403e+04,1.761611565598286688e-05
1.924641547182394061e+04,1.751699164742603898e-05
1.925641880626875354e+04,1.745400732033886015e-05
1.926642214071357012e+04,1.736130434437654912e-05
1.927642547515838305e+04,1.729103314573876560e-05
1.928642880960319962e+04,1.720978252706117928e-05
1.929643214404801620e+04,1.712961420707870275e-05
1.930643547849282913e+04,1.706228431430645287e-05
1.931643881293764571e+04,1.697303923720028251e-05
1.932644214738245864e+04,1.690735371084883809e-05
1.933644548182727522e+04,1.682419497228693217e-05
1.934644881627208815e+04,1.674863415246363729e-05
1.935645215071690473e+04,1.668035656621214002e-05
1.936645548516171766e+04,1.659388544794637710e-05
1.937645881960653423e+04,1.653416256885975599e-05
1.938646215405134717e+04,1.644754411245230585e-05
1.939646548849616374e+04,1.637996138015296310e-05
1.940646882294098032e+04,1.630452061363030225e-05
1.941647215738579325e+04,1.622723539185244590e-05
1.942647549183060983e+04,1.616543886484578252e-05
1.943647882627542276e+04,1.607985359441954643e-05
1.944648216072023934e+04,1.601282019692007452e-05
1.945648549516505227e+04,1.594383502379059792e-05
1.946648882960986884e+04,1.586544931342359632e-05
1.947649216405468178e+04,1.580878233653493226e-05
1.948649549849949835e+04,1.572358269186224788e-05
1.949649883294431493e+04,1.566253558848984540e-05
1.950650216738912786e+04,1.558739859319757670e-05
1.951650550183394444e+04,1.551925561216194183e-05
1.952650883627875737e+04,1.544929182273335755e-05
1.953651217072357394e+04,1.537941898277495056e-05
1.954651550516838688e+04,1.531339876237325370e-05
1.955651883961320345e+04,1.524087474535917863e-05
1.956652217405801639e+04,1.517494729341706261e-05
1.957652550850283296e+04,1.510582205810351297e-05
1.958652884294764590e+04,1.503769908595131710e-05
1.959653217739246247e+04,1.497143784945365041e-05
1.960653551183727905e+04,1.490257636760361493e-05
1.961653884628209198e+04,1.484406220697565004e-05
1.962654218072690855e+04,1.476921988796675578e-05
1.963654551517172149e+04,1.470450570195680484e-05
1.964654884961653806e+04,1.464377328375121579e-05
1.965655218406135100e+04,1.457121197745436803e-05
1.966655551850616757e+04,1.451128082408104092e-05
1.967655885295098051e+04,1.444447025278350338e-05
1.968656218739579708e+04,1.437603987142210826e-05
1.969656552184061366e+04,1.431303007848327979e-05
1.970656885628542659e+04,1.425772279617376626e-05
1.971657219073024316e+04,1.418360898242099211e-05
1.972657552517505610e+04,1.412702476955018938e-05
1.973657885961987267e+04,1.406171850248938426e-05
1.974658219406468561e+04,1.399650864186696708e-05
1.975658552850950218e+04,1.394152604916598648e-05
1.976658886295431512e+04,1.387020893162116408e-05
1.977659219739913169e+04,1.382152368023525923e-05
1.978659553184394463e+04,1.374622206640196964e-05
1.979659886628876120e+04,1.369036726828198880e-05
1.980660220073357777e+04,1.363057162961922586e-05
1.981660553517839071e+04,1.356616576231317595e-05
1.982660886962320728e+04,1.351325317955343053e-05
1.983661220406802022e+04,1.344448264717357233e-05
1.984661553851283679e+04,1.339505433861631900e-05
1.985661887295764973e+04,1.332396823272574693e-05
1.986662220740246630e+04,1.326984238403383642e-05
1.987662554184727924e+04,1.321074068982852623e-05
1.988662887629209581e+04,1.314792734774528071e-05
1.989663221073691238e+04,1.309789968217955902e-05
1.990663554518172532e+04,1.303112640016479418e-05
1.991663887962654189e+04,1.298233564739348367e-05
1.992664221407135483e+04,1.291669013880891725e-05
1.993664554851617140e+04,1.286081351281609386e-05
1.994664888296098434e+04,1.280755623156437650e-05
1.995665221740580091e+04,1.274508940696250647e-05
1.996665555185061385e+04,1.269572658202378079e-05
1.997665888629543042e+04,1.263126978301443160e-05
1.998666222074024336e+04,1.258097745449049398e-05
1.999666555518505993e+04,1.252240053872810677e-05
2.000666888962987650e+04,1.246318333869567141e-05
2.001667222407468944e+04,1.241838708665454760e-05
2.002667555851950601e+04,1.235328090842813253e-05
2.003667889296431895e+04,1.230546058650361374e-05
2.004668222740913552e+04,1.224642437591683120e-05
2.005668556185394846e+04,1.219194018631242216e-05
2.006668889629876503e+04,1.214208896271884441e-05
2.007669223074357797e+04,1.208194044011179358e-05
2.008669556518839454e+04,1.203700230689719319e-05
2.009669889963321111e+04,1.197526762553025037e-05
2.010670223407802405e+04,1.192746731248917058e-05
2.011670556852284062e+04,1.187317229778273031e-05
2.012670890296765356e+04,1.181993866339325905e-05
2.013671223741247013e+04,1.176995738205732778e-05
2.014671557185728307e+04,1.171457279269816354e-05
2.015671890630209964e+04,1.166677157016238198e-05
2.016672224074691258e+04,1.161113777925493196e-05
2.017672557519172915e+04,1.156212510977638885e-05
2.018672890963654208e+04,1.151118522102478892e-05
2.019673224408135866e+04,1.145817441283725202e-05
2.020673557852617523e+04,1.140936728916130960e-05
2.021673891297098817e+04,1.135723596235038713e-05
2.022674224741580474e+04,1.130733016907470301e-05
2.023674558186061768e+04,1.126098050008295104e-05
2.024674891630543425e+04,1.120680553867714480e-05
2.025675225075024719e+04,1.116122984967660159e-05
2.026675558519506376e+04,1.111054280045209453e-05
2.027675891963987669e+04,1.106213403545552865e-05
2.028676225408469327e+04,1.101388716051587835e-05
2.029676558852950984e+04,1.096181586035527289e-05
2.030676892297432278e+04,1.092021284421207383e-05
2.031677225741913935e+04,1.086565953301033005e-05
2.032677559186395229e+04,1.082097423932282254e-05
2.033677892630876886e+04,1.077294200513279065e-05
2.034678226075358180e+04,1.072082523023709655e-05
2.035678559519839837e+04,1.067999983206391335e-05
2.036678892964321130e+04,1.062882529367925599e-05
2.037679226408802788e+04,1.058118778018979356e-05
2.038679559853284081e+04,1.054221775120822713e-05
2.039679893297765739e+04,1.048721242113970220e-05
2.040680226742247396e+04,1.044839427777333185e-05
2.041680560186728690e+04,1.039590370055520907e-05
2.042680893631210347e+04,1.035157856676960364e-05
2.043681227075691640e+04,1.031017836794489995e-05
2.044681560520173298e+04,1.026013251248514280e-05
2.045681893964654591e+04,1.022025662678061053e-05
2.046682227409136249e+04,1.016873648040927947e-05
2.047682560853617542e+04,1.012811844702810049e-05
2.048682894298099200e+04,1.008212802844354883e-05
2.049683227742580857e+04,1.003606485028285533e-05
2.050683561187062151e+04,9.997789675253443420e-06
2.051683894631543808e+04,9.948437764251139015e-06
2.052684228076025101e+04,9.909801519825123250e-06
2.053684561520506759e+04,9.862702427199110389e-06
2.054684894964988052e+04,9.821226740314159542e-06
2.055685228409469710e+04,9.777466402738355100e-06
2.056685561853951003e+04,9.733618753671180457e-06
2.057685895298432661e+04,9.693861102277878672e-06
2.058686228742914318e+04,9.646840226196218282e-06
2.059686562187395612e+04,9.608044820197392255e-06
2.060686895631877269e+04,9.565315849613398314e-06
2.061687229076358562e+04,9.520876119495369494e-06
2.062687562520840220e+04,9.484991096542216837e-06
2.063687895965321513e+04,9.438030247110873461e-06
2.064688229409803171e+04,9.398779184266459197e-06
2.065688562854284464e+04,9.358203897136263549e-06
2.066688896298766122e+04,9.314607268606778234e-06
2.067689229743247415e+04,9.279611731471959502e-06
2.068689563187729073e+04,9.233500350092072040e-06
2.069689896632210730e+04,9.194474841933697462e-06
2.070690230076692023e+04,9.155251973425038159e-06
2.071690563521173681e+04,9.112775842368137091e-06
2.072690896965654974e+04,9.076899914362002164e-06
2.073691230410136632e+04,9.034694812726229429e-06
2.074691563854617925e+04,8.994894415081944317e-06
2.075691897299099583e+04,8.958777470979839563e-06
2.076692230743580876e+04,8.916349543142132461e-06
2.077692564188062534e+04,8.879842425812967122e-06
2.078692897632544191e+04,8.840614100336097181e-06
2.079693231077025484e+04,8.800929208518937230e-06
2.080693564521507142e+04,8.765171514824032784e-06
2.081693897965988435e+04,8.724218787392601371e-06
2.082694231410470093e+04,8.685713510203640908e-06
2.083694564854951386e+04,8.650012205180246383e-06
2.084694898299433044e+04,8.611554221715778112e-06
2.085695231743914337e+04,8.573580998927354813e-06
2.086695565188395994e+04,8.537544999853707850e-06
2.087695898632877288e+04,8.498596798744983971e-06
2.088696232077358945e+04,8.462766345473937690e-06
2.089696565521840603e+04,8.426349268120247871e-06
2.090696898966321896e+04,8.388438800466246903e-06
2.091697232410803554e+04,8.352654731424991041e-06
2.092697565855284847e+04,8.317295396409463137e-06
2.093697899299766505e+04,8.279354005935601890e-06
2.094698232744247798e+04,8.245562639785930514e-06
2.095698566188729455e+04,8.208598046621773392e-06
2.096698899633210749e+04,8.172341949830297381e-06
2.097699233077692406e+04,8.137710210576187819e-06
2.098699566522174064e+04,8.101442290353588760e-06
2.099699899966655357e+04,8.066968803177587688e-06
2.100700233411137015e+04,8.032936420931946486e-06
2.101700566855618308e+04,7.995918167580384761e-06
2.102700900300099966e+04,7.960973562148865312e-06
2.103701233744581259e+04,7.930150786705780774e-06
2.104701567189062916e+04,7.892159374023322016e-06
2.105701900633544210e+04,7.858702701923903078e-06
2.106702234078025867e+04,7.826259206922259182e-06
2.107702567522507161e+04,7.789161827531643212e-06
2.108702900966988818e+04,7.759595064271707088e-06
2.109703234411470476e+04,7.722873306192923337e-06
2.110703567855951769e+04,7.690124220971483737e-06
2.111703901300433427e+04,7.657974492758512497e-06
2.112704234744914720e+04,7.621608347108121961e-06
2.113704568189396377e+04,7.592343536089174449e-06
2.114704901633877671e+04,7.557443950645392761e-06
2.115705235078359328e+04,7.524464763264404610e-06
2.116705568522840622e+04,7.494735655200202018e-06
2.117705901967322279e+04,7.458697837137151510e-06
2.118706235411803937e+04,7.430799996654968709e-06
2.119706568856285230e+04,7.395416105282492936e-06
2.120706902300766887e+04,7.364816156041342765e-06
2.121707235745248181e+04,7.333757366723148152e-06
2.122707569189729838e+04,7.300827292056055740e-06
2.123707902634211132e+04,7.270876722031971440e-06
2.124708236078692789e+04,7.237288173200795427e-06
2.125708569523174083e+04,7.207946964626898989e-06
2.126708902967655740e+04,7.176211965997936204e-06
2.127709236412137034e+04,7.144655228330520913e-06
2.128709569856618691e+04,7.115566404536366463e-06
2.129709903301100348e+04,7.083581294864416122e-06
2.130710236745581642e+04,7.052972705423599109e-06
2.131710570190063299e+04,7.023544640105683357e-06
2.132710903634544593e+04,6.992281669226940721e-06
2.133711237079026250e+04,6.962048701097955927e-06
2.134711570523507544e+04,6.932295491424156353e-06
2.135711903967989201e+04,6.903005214553559199e-06
2.136712237412470495e+04,6.872154699522070587e-06
2.137712570856952152e+04,6.842830771347507834e-06
2.138712904301433809e+04,6.815709184593288228e-06
2.139713237745915103e+04,6.784029210393782705e-06
2.140713571190396760e+04,6.757557002856628969e-06
2.141713904634878054e+04,6.725422736053587869e-06
2.142714238079359711e+04,6.698044217046117410e-06
2.143714571523841005e+04,6.669859430985525250e-06
2.144714904968322662e+04,6.640219453402096406e-06
2.145715238412803956e+04,6.613387085963040590e-06
2.146715571857285613e+04,6.581657999049639329e-06
2.147715905301766907e+04,6.555412710440577939e-06
2.148716238746248564e+04,6.527255209221038967e-06
2.149716572190730221e+04,6.497730737464735284e-06
2.150716905635211515e+04,6.474301699199713767e-06
2.151717239079693172e+04,6.442182893806602806e-06
2.152717572524174466e+04,6.416655196517240256e-06
2.153717905968656123e+04,6.388501788023859262e-06
2.154718239413137417e+04,6.361275154631584883e-06
2.155718572857619074e+04,6.334262707241578028e-06
2.156718906302100368e+04,6.306928298727143556e-06
2.157719239746582025e+04,6.280617071752203628e-06
2.158719573191063682e+04,6.251977083593374118e-06
2.159719906635544976e+04,6.228294751053908840e-06
2.160720240080026633e+04,6.199103609105804935e-06
2.161720573524507927e+04,6.173948804644169286e-06
2.162720906968989584e+04,6.147511157905682921e-06
2.163721240413470878e+04,6.120996658864896744e-06
2.164721573857952535e+04,6.095376647863304242e-06
2.165721907302433829e+04,6.067752110539004207e-06
2.166722240746915486e+04,6.044386736903106794e-06
2.167722574191396779e+04,6.016307906975271180e-06
2.168722907635878437e+04,5.990649697196204215e-06
2.169723241080360094e+04,5.967637662251945585e-06
2.170723574524841388e+04,5.938903996138833463e-06
2.171723907969323045e+04,5.917456292081624269e-06
2.172724241413804339e+04,5.888702617085073143e-06
2.173724574858285996e+04,5.864361810381524265e-06
2.174724908302767290e+04,5.840319772687507793e-06
2.175725241747248947e+04,5.813765710627194494e-06
2.176725575191730240e+04,5.792538104287814349e-06
2.177725908636211898e+04,5.764963134424760938e-06
2.178726242080693555e+04,5.742092071159277111e-06
2.179726575525174849e+04,5.716004125133622438e-06
2.180726908969656506e+04,5.693430466635618359e-06
2.181727242414137800e+04,5.667727236868813634e-06
2.182727575858619457e+04,5.644852080877171829e-06
2.183727909303100751e+04,5.620117917715106159e-06
2.184728242747582408e+04,5.596346909442218021e-06
2.185728576192063701e+04,5.573561338678700849e-06
2.186728909636545359e+04,5.548488843487575650e-06
2.187729243081026652e+04,5.525751475943252444e-06
2.188729576525508310e+04,5.502341082319617271e-06
2.189729909969989967e+04,5.478530965774552897e-06
2.190730243414471261e+04,5.456357484945328906e-06
2.191730576858952918e+04,5.432052603282500058e-06
2.192730910303434212e+04,5.408958713815081865e-06
2.193731243747915869e+04,5.386950761021580547e-06
2.194731577192397162e+04,5.363127002055989578e-06
2.195731910636878820e+04,5.342018994269892573e-06
2.196732244081360113e+04,5.317960585671244189e-06
2.197732577525841771e+04,5.297061761666554958e-06
2.198732910970323428e+04,5.273293027130421251e-06
2.199733244414804722e+04,5.251333732303464785e-06
2.200733577859286379e+04,5.229576345300301909e-06
2.201733911303767673e+04,5.206309651839546859e-06
2.202734244748249330e+04,5.186045655136695132e-06
2.203734578192730623e+04,5.162854449736187235e-06
2.204734911637212281e+04,5.141454039403470233e-06
2.205735245081693574e+04,5.119740762893343344e-06
2.206735578526175232e+04,5.097694611322367564e-06
2.207735911970656525e+04,5.077441073808586225e-06
2.208736245415138183e+04,5.054272151028271765e-06
2.209736578859619840e+04,5.034181413066107780e-06
2.210736912304101133e+04,5.012526798964245245e-06
2.211737245748582791e+04,4.991291461919900030e-06
2.212737579193064084e+04,4.970900135958800092e-06
2.213737912637545742e+04,4.948559308104449883e-06
2.214738246082027035e+04,4.930139766656793654e-06
2.215738579526508693e+04,4.907320544589310884e-06
2.216738912970989986e+04,4.888374405709328130e-06
2.217739246415471644e+04,4.866352355747949332e-06
2.218739579859953301e+04,4.846554020332405344e-06
2.219739913304434594e+04,4.826110853173304349e-06
2.220740246748916252e+04,4.805365733773214743e-06
2.221740580193397545e+04,4.785170858667697757e-06
2.222740913637879203e+04,4.765676749229896814e-06
2.223741247082360496e+04,4.745392288896255195e-06
2.224741580526842154e+04,4.725087819679174572e-06
2.225741913971323447e+04,4.705599621956935152e-06
2.226742247415805105e+04,4.685227395384572446e-06
2.227742580860286762e+04,4.666332188207888976e-06
2.228742914304768055e+04,4.647097284760093316e-06
2.229743247749249713e+04,4.627102498488966376e-06
2.230743581193731006e+04,4.608000836014980450e-06
2.231743914638212664e+04,4.588647698255954310e-06
2.232744248082693957e+04,4.569452812575036660e-06
2.233744581527175615e+04,4.549934146780287847e-06
2.234744914971656908e+04,4.531400009000208229e-06
2.235745248416138566e+04,4.512114628596464172e-06
2.236745581860619859e+04,4.493953838391462341e-06
2.237745915305101516e+04,4.474291017686482519e-06
2.238746248749583174e+04,4.455983798834495246e-06
2.239746582194064467e+04,4.437511506694136187e-06
2.240746915638546125e+04,4.418250227899989113e-06
2.241747249083027418e+04,4.400387297209817916e-06
2.242747582527509076e+04,4.381697635835735127e-06
2.243747915971990369e+04,4.363922471384285018e-06
2.244748249416472026e+04,4.345442448538960889e-06
2.245748582860953320e+04,4.327466740505769849e-06
2.246748916305434977e+04,4.309096766519360244e-06
2.247749249749916635e+04,4.290936885809060186e-06
2.248749583194397928e+04,4.273696958989603445e-06
2.249749916638879586e+04,4.255364274285966530e-06
2.250750250083360879e+04,4.238158908265177161e-06
2.251750583527842537e+04,4.219937181915156543e-06
2.252750916972323830e+04,4.202558102406328544e-06
2.253751250416805487e+04,4.185162651992868632e-06
2.254751583861286781e+04,4.167653969489037991e-06
2.255751917305768438e+04,4.150720542384078726e-06
2.256752250750249732e+04,4.133060429012402892e-06
2.257752584194731389e+04,4.116119271202478558e-06
2.258752917639213047e+04,4.098977115063462406e-06
2.259753251083694340e+04,4.081783117726445198e-06
2.260753584528175998e+04,4.064982931595295668e-06
2.261753917972657291e+04,4.047988113597966731e-06
2.262754251417138948e+04,4.030946001876145601e-06
2.263754584861620242e+04,4.014657861262094229e-06
2.264754918306101899e+04,3.997902695118682459e-06
2.265755251750583193e+04,3.980946985393529758e-06
2.266755585195064850e+04,3.965034920838661492e-06
2.267755918639546508e+04,3.948272933484986424e-06
2.268756252084027801e+04,3.932207619072869420e-06
2.269756585528509459e+04,3.915527940989704803e-06
2.270756918972990752e+04,3.899823241226840764e-06
2.271757252417472409e+04,3.883419594785664231e-06
2.272757585861953703e+04,3.867247869493439794e-06
2.273757919306435360e+04,3.851559540635207668e-06
2.274758252750916654e+04,3.835418738162843511e-06
2.275758586195398311e+04,3.819571247731801122e-06
2.276758919639879605e+04,3.803952040470903739e-06
2.277759253084361262e+04,3.787744390137959272e-06
2.278759586528842920e+04,3.772900072362972423e-06
2.279759919973324213e+04,3.756810201593907550e-06
2.280760253417805870e+04,3.741454293049173430e-06
2.281760586862287164e+04,3.725853048308636062e-06
2.282760920306768821e+04,3.710098553710849956e-06
2.283761253751250115e+04,3.695408850035164505e-06
2.284761587195731772e+04,3.680042937048710883e-06
2.285761920640213066e+04,3.664824362203944474e-06
2.286762254084694723e+04,3.649850896181305870e-06
2.287762587529176380e+04,3.634523409346002154e-06
2.288762920973657674e+04,3.619705012170015834e-06
2.289763254418139331e+04,3.605107849580235779e-06
2.290763587862620625e+04,3.589796961023239419e-06
2.291763921307102282e+04,3.575260734578478150e-06
2.292764254751583576e+04,3.560680170267005451e-06
2.293764588196065233e+04,3.545744903021841310e-06
2.294764921640546527e+04,3.531756192387547344e-06
2.295765255085028184e+04,3.516723154461942613e-06
2.296765588529509478e+04,3.502824711176799610e-06
2.297765921973991135e+04,3.488095671855262481e-06
2.298766255418472792e+04,3.474046252449625172e-06
2.299766588862954086e+04,3.459308572928421199e-06
2.300766922307435743e+04,3.445127958912053145e-06
2.301767255751917037e+04,3.431355480643105693e-06
2.302767589196398694e+04,3.417135758354561403e-06
2.303767922640879988e+04,3.402887841730262153e-06
2.304768256085361645e+04,3.389194489500368945e-06
2.305768589529842939e+04,3.375566393515327945e-06
2.306768922974324596e+04,3.361515155120287091e-06
2.307769256418806253e+04,3.347875008330447599e-06
2.308769589863287547e+04,3.334086386530543678e-06
2.309769923307769204e+04,3.320480118418345228e-06
2.310770256752250498e+04,3.306885673737269826e-06
2.311770590196732155e+04,3.293255531389149837e-06
2.312770923641213449e+04,3.279868906247429550e-06
2.313771257085695106e+04,3.266657813583151437e-06
2.314771590530176400e+04,3.253364866395713761e-06
2.315771923974658057e+04,3.239860689063789323e-06
2.316772257419139351e+04,3.226839226044830866e-06
2.317772590863621008e+04,3.213411218894179910e-06
2.318772924308102665e+04,3.200537321390584111e-06
2.319773257752583959e+04,3.187216407241066918e-06
2.320773591197065616e+04,3.173993718519341201e-06
2.321773924641546910e+04,3.162062512274133042e-06
2.322774258086028567e+04,3.148533323837909847e-06
2.323774591530509861e+04,3.135850192848010920e-06
2.324774924974991518e+04,3.123083615719224326e-06
2.325775258419472812e+04,3.110146053586504422e-06
2.326775591863954469e+04,3.097481339864316396e-06
2.327775925308436126e+04,3.085309572270489298e-06
2.328776258752917420e+04,3.072079834964824840e-06
2.329776592197399077e+04,3.060255494347075000e-06
2.330776925641880371e+04,3.047363406949443743e-06
2.331777259086362028e+04,3.034940391444251873e-06
2.332777592530843322e+04,3.023268163815373555e-06
2.333777925975324979e+04,3.010461341546033509e-06
2.334778259419806272e+04,2.998751597260707058e-06
2.335778592864287930e+04,2.986243998748250306e-06
2.336778926308769223e+04,2.974340759465121664e-06
2.337779259753250881e+04,2.961906602649833076e-06
2.338779593197732538e+04,2.950623184005962685e-06
2.339779926642213832e+04,2.938050556622329168e-06
2.340780260086695489e+04,2.926603656305815093e-06
2.341780593531176783e+04,2.914360038630547933e-06
2.342780926975658440e+04,2.902592768805334345e-06
2.343781260420139733e+04,2.890960104195983149e-06
2.344781593864621391e+04,2.879276507883332670e-06
2.345781927309102684e+04,2.867706143661052920e-06
2.346782260753584342e+04,2.855858838302083313e-06
2.347782594198065999e+04,2.844716391336987726e-06
2.348782927642547293e+04,2.833084636222338304e-06
2.349783261087028950e+04,2.821458565449574962e-06
2.350783594531510244e+04,2.810393880281480961e-06
2.351783927975991901e+04,2.798796685965498909e-06
2.352784261420473194e+04,2.787683797578210942e-06
2.353784594864954852e+04,2.776373776214313693e-06
2.354784928309436145e+04,2.765279532468412071e-06
2.355785261753917803e+04,2.754075012489920482e-06
2.356785595198399096e+04,2.743071718214196153e-06
2.357785928642880754e+04,2.731779659370658919e-06
2.358786262087362411e+04,2.721021928664413281e-06
2.359786595531843705e+04,2.710032731556566432e-06
2.360786928976325362e+04,2.699044216569745913e-06
2.361787262420806655e+04,2.688309223231044598e-06
2.362787595865288313e+04,2.677245447557652369e-06
2.363787929309769606e+04,2.667027274583233520e-06
2.364788262754251264e+04,2.655764092196477577e-06
2.365788596198732557e+04,2.645626864250516519e-06
2.366788929643214215e+04,2.634518068589386530e-06
2.367789263087695872e+04,2.624525222927331924e-06
2.368789596532177165e+04,2.613403239593026228e-06
2.369789929976658823e+04,2.603569100756430998e-06
2.370790263421140116e+04,2.592551481939153746e-06
2.371790596865621774e+04,2.582754632385331206e-06
2.372790930310103067e+04,2.571786126281949691e-06
2.373791263754584725e+04,2.561827386671211571e-06
2.374791597199066018e+04,2.551400712036411278e-06
2.375791930643547676e+04,2.541142293921438977e-06
2.376792264088028969e+04,2.531353402446256950e-06
2.377792597532510626e+04,2.521012447687098756e-06
2.378792930976992284e+04,2.511015736672561616e-06
2.379793264421473577e+04,2.500888285794644617e-06
2.380793597865955235e+04,2.491022087269811891e-06
2.381793931310436528e+04,2.480808234395226464e-06
2.382794264754918186e+04,2.471276502546970733e-06
2.383794598199399479e+04,2.461102440065587871e-06
2.384794931643881137e+04,2.451449972795671783e-06
2.385795265088362430e+04,2.441519427520688623e-06
2.386795598532844087e+04,2.431887423881562427e-06
2.387795931977325745e+04,2.422153102088486776e-06
2.388796265421807038e+04,2.412851927147130482e-06
2.389796598866288696e+04,2.402881136731593870e-06
2.390796932310769989e+04,2.393797785771312192e-06
2.391797265755251647e+04,2.383716491749510169e-06
2.392797599199732940e+04,2.374325276832678355e-06
2.393797932644214598e+04,2.364983174629742280e-06
2.394798266088695891e+04,2.355635842832271010e-06
2.395798599533177548e+04,2.346174369449727237e-06
2.396798932977659206e+04,2.337085106773884036e-06
2.397799266422140499e+04,2.327567244719830342e-06
2.398799599866622157e+04,2.318745146112632938e-06
2.399799933311103450e+04,2.309168394276639447e-06
2.400800266755585108e+04,2.300394271514960565e-06
2.401800600200066401e+04,2.290894826728617772e-06
2.402800933644548059e+04,2.282204832226852886e-06
2.403801267089029352e+04,2.272827941851573996e-06
2.404801600533511009e+04,2.264177282995660789e-06
2.405801933977992303e+04,2.254839500892558135e-06
2.406802267422473960e+04,2.246018993901088834e-06
2.407802600866955618e+04,2.237208946098689921e-06
2.408802934311436911e+04,2.228224502687226050e-06
2.409803267755918569e+04,2.219804628111887723e-06
2.410803601200399862e+04,2.210735146945808083e-06
2.411803934644881519e+04,2.202104269599658437e-06
2.412804268089362813e+04,2.193402906414121389e-06
2.413804601533844470e+04,2.184718596254242584e-06
2.414804934978325764e+04,2.176196630898630247e-06
2.415805268422807421e+04,2.167462753277504817e-06
2.416805601867289079e+04,2.159159976145019755e-06
2.417805935311770372e+04,2.150449063265114091e-06
2.418806268756252030e+04,2.142185394404805265e-06
2.419806602200733323e+04,2.133547468474716879e-06
2.420806935645214980e+04,2.125370883732102811e-06
2.421807269089696274e+04,2.116823907272191718e-06
2.422807602534177931e+04,2.108658236465998925e-06
2.423807935978659225e+04,2.100258825521450490e-06
2.424808269423140882e+04,2.092085424010292627e-06
2.425808602867622176e+04,2.083750359815894626e-06
2.426808936312103833e+04,2.075739075735327788e-06
2.427809269756585491e+04,2.067454033749527298e-06
2.428809603201066784e+04,2.059392954834038392e-06
2.429809936645548441e+04,2.051262072200188413e-06
2.430810270090029735e+04,2.043333097390132025e-06
2.431810603534511392e+04,2.035139459621859714e-06
2.432810936978992686e+04,2.027558366535231471e-06
2.433811270423474343e+04,2.019233761529903859e-06
2.434811603867955637e+04,2.011729748119250871e-06
2.435811937312437294e+04,2.003505414904793724e-06
2.436812270756918952e+04,1.995920229092007503e-06
2.437812604201400245e+04,1.987901896427501924e-06
2.438812937645881902e+04,1.980336264750803821e-06
2.439813271090363196e+04,1.972390691662440076e-06
2.440813604534844853e+04,1.964905322893173434e-06
2.441813937979326147e+04,1.957006361408275552e-06
2.442814271423807804e+04,1.949709485415951349e-06
2.443814604868289098e+04,1.941850996445282362e-06
2.444814938312770755e+04,1.934346983034629375e-06
2.445815271757252049e+04,1.926679260577657260e-06
2.446815605201733706e+04,1.919528131111292168e-06
2.447815938646215363e+04,1.911730350911966525e-06
2.448816272090696657e+04,1.904641749206348322e-06
2.449816605535178314e+04,1.896906610454607289e-06
2.450816938979659608e+04,1.889854388537060004e-06
2.451817272424141265e+04,1.882179731182986870e-06
2.452817605868622559e+04,1.875233579085033853e-06
2.453817939313104216e+04,1.867577907432860229e-06
2.454818272757585510e+04,1.860641873463464435e-06
2.455818606202067167e+04,1.853097046478069387e-06
2.456818939646548824e+04,1.845969904934463557e-06
2.457819273091030118e+04,1.838844809753936715e-06
2.458819606535511775e+04,1.831754616432590410e-06
2.459819939979993069e+04,1.824603145905712154e-06
2.460820273424474726e+04,1.817485326682799496e-06
2.461820606868956020e+04,1.810659455259155948e-06
2.462820940313437677e+04,1.803491954888158944e-06
2.463821273757918971e+04,1.796582637325627729e-06
2.464821607202400628e+04,1.789526777429273352e-06
2.465821940646881922e+04,1.783015932232956402e-06
2.466822274091363579e+04,1.775770556378120091e-06
2.467822607535845236e+04,1.769096911630185787e-06
2.468822940980326530e+04,1.762098804647393990e-06
2.469823274424808187e+04,1.755438120198959950e-06
2.470823607869289481e+04,1.748644876897742506e-06
2.471823941313771138e+04,1.741816618050506804e-06
2.472824274758252432e+04,1.735190267027064692e-06
2.473824608202734089e+04,1.728419533719716128e-06
2.474824941647215383e+04,1.721839225865551271e-06
2.475825275091697040e+04,1.715119651635177433e-06
2.476825608536178697e+04,1.708652803245058749e-06
2.477825941980659991e+04,1.701985411273199134e-06
2.478826275425141648e+04,1.695562673376116436e-06
2.479826608869622942e+04,1.688909833319485188e-06
2.480826942314104599e+04,1.682439801697910298e-06
2.481827275758585893e+04,1.676023885011090897e-06
2.482827609203067550e+04,1.669519747338199522e-06
2.483827942647548844e+04,1.663359398662578315e-06
2.484828276092030501e+04,1.656745325817610137e-06
2.485828609536511794e+04,1.650648187023762148e-06
2.486828942980993452e+04,1.644090502850303892e-06
2.487829276425475109e+04,1.637790319364285097e-06
2.488829609869956403e+04,1.631607688068470452e-06
2.489829943314438060e+04,1.625280788175587077e-06
2.490830276758919354e+04,1.619129534446983598e-06
2.491830610203401011e+04,1.613075824025145266e-06
2.492830943647882305e+04,1.606730165804037824e-06
2.493831277092363962e+04,1.600801738277368713e-06
2.494831610536845255e+04,1.594476771060726605e-06
2.495831943981326913e+04,1.588387021911330521e-06
2.496832277425808570e+04,1.582404593136743642e-06
2.497832610870289864e+04,1.576429212946095504e-06
2.498832944314771521e+04,1.570322297084203456e-06
2.499833277759252815e+04,1.564440253787324764e-06
2.500833611203734472e+04,1.558380404276249465e-06
2.501833944648215765e+04,1.552615458422224037e-06
2.502834278092697423e+04,1.546535031593521126e-06
2.503834611537178716e+04,1.540793050480715465e-06
2.504834944981660374e+04,1.534805619485268835e-06
2.505835278426141667e+04,1.529114115328411572e-06
2.506835611870623325e+04,1.523153628113504965e-06
2.507835945315104982e+04,1.517533519290736876e-06
2.508836278759586276e+04,1.511619075245107524e-06
2.509836612204067933e+04,1.505921318312175572e-06
2.510836945648549226e+04,1.500227767792239320e-06
2.511837279093030884e+04,1.494576963523286395e-06
2.512837612537512177e+04,1.488859311393753160e-06
2.513837945981993835e+04,1.483273990743327886e-06
2.514838279426475128e+04,1.477615683143085334e-06
2.515838612870956786e+04,1.472044345973699819e-06
2.516838946315438443e+04,1.466497792534937616e-06
2.517839279759919737e+04,1.460886892346024979e-06
2.518839613204401394e+04,1.455361712032754440e-06
2.519839946648882687e+04,1.450021500204456970e-06
2.520840280093364345e+04,1.444420604457263835e-06
2.521840613537845638e+04,1.439067659703141544e-06
2.522840946982327296e+04,1.433538045603199862e-06
2.523841280426808589e+04,1.428275709258741699e-06
2.524841613871290247e+04,1.422758032276760787e-06
2.525841947315771540e+04,1.417468865838600323e-06
2.526842280760253198e+04,1.412070332662551664e-06
2.527842614204734855e+04,1.406781166224391200e-06
2.528842947649216148e+04,1.401454596816620324e-06
2.529843281093697806e+04,1.396264792674628552e-06
2.530843614538179099e+04,1.390955503666191362e-06
2.531843947982660757e+04,1.385756149829830974e-06
2.532844281427142050e+04,1.380527123728825245e-06
2.533844614871623708e+04,1.375366878164641093e-06
2.534844948316105001e+04,1.370172981296491344e-06
2.535845281760586658e+04,1.365063894809281919e-06
2.536845615205068316e+04,1.359939005851629190e-06
2.537845948649549609e+04,1.354856522084446624e-06
2.538846282094031267e+04,1.349788362858816981e-06
2.539846615538512560e+04,1.344732368124823552e-06
2.540846948982994218e+04,1.339714231107791420e-06
2.541847282427475511e+04,1.334730086455238052e-06
2.542847615871957169e+04,1.329707060904183891e-06
2.543847949316438462e+04,1.324743720942933578e-06
2.544848282760920119e+04,1.319777993558091111e-06
2.545848616205401413e+04,1.314879568781179842e-06
2.546848949649883070e+04,1.309933054471912328e-06
2.547849283094364728e+04,1.305069417867343873e-06
2.548849616538846021e+04,1.300226358580403030e-06
2.549849949983327679e+04,1.295356469199759886e-06
2.550850283427808972e+04,1.290536033593525644e-06
2.551850616872290630e+04,1.285742087020480540e-06
2.552850950316771923e+04,1.280932337976992130e-06
2.553851283761253580e+04,1.276183979825873394e-06
2.554851617205734874e+04,1.271492124033102300e-06
2.555851950650216531e+04,1.266718072656658478e-06
2.556852284094698189e+04,1.262020191461488139e-06
2.557852617539179482e+04,1.257347889804805163e-06
2.558852950983661140e+04,1.252668084816832561e-06
2.559853284428142433e+04,1.248018747901369352e-06
2.560853617872624091e+04,1.243383735527459066e-06
2.561853951317105384e+04,1.238771460521093104e-06
2.562854284761587041e+04,1.234182263942784630e-06
2.563854618206068335e+04,1.229688677995000035e-06
2.564854951650549992e+04,1.225112669089867268e-06
2.565855285095031650e+04,1.220542003466107417e-06
2.566855618539512943e+04,1.216033979289932176e-06
2.567855951983994601e+04,1.211581206916889641e-06
2.568856285428475894e+04,1.207070567943446804e-06
2.569856618872957552e+04,1.202616658702027053e-06
2.570856952317438845e+04,1.198186396322853398e-06
2.571857285761920502e+04,1.193758066619921010e-06
2.572857619206401796e+04,1.189395334222353995e-06
2.573857952650883453e+04,1.184994516734150238e-06
2.574858286095364747e+04,1.180623712571104988e-06
2.575858619539846404e+04,1.176269165625853930e-06
2.576858952984328062e+04,1.171936219179769978e-06
2.577859286428809355e+04,1.167680693470174447e-06
2.578859619873291012e+04,1.163340130005963147e-06
2.579859953317772306e+04,1.159062662736687344e-06
2.580860286762253963e+04,1.154862502517062239e-06
2.581860620206735257e+04,1.150577531916496810e-06
2.582860953651216914e+04,1.146380441241490189e-06
2.583861287095698208e+04,1.142157998401671648e-06
2.584861620540179865e+04,1.137978529186511878e-06
2.585861953984661523e+04,1.133812929765554145e-06
2.586862287429142816e+04,1.129651082010241225e-06
2.587862620873624473e+04,1.125546191360626835e-06
2.588862954318105767e+04,1.121402874559862539e-06
2.589863287762587424e+04,1.117327997235406656e-06
2.590863621207068718e+04,1.113221060222713277e-06
2.591863954651550375e+04,1.109163463297591079e-06
2.592864288096031669e+04,1.105122805711289402e-06
2.593864621540513326e+04,1.101073394238483161e-06
2.594864954984994620e+04,1.097076278711028863e-06
2.595865288429476277e+04,1.093074502023227978e-06
2.596865621873957934e+04,1.089083866645523813e-06
2.597865955318439228e+04,1.085114149645960424e-06
2.598866288762920885e+04,1.081190134755161125e-06
2.599866622207402179e+04,1.077233491741935723e-06
2.600866955651883836e+04,1.073329372047737706e-06
2.601867289096365130e+04,1.069421955435245764e-06
2.602867622540846787e+04,1.065533979272004217e-06
2.603867955985328081e+04,1.061687271430855617e-06
2.604868289429809738e+04,1.057833856066281442e-06
2.605868622874291395e+04,1.053990445143426768e-06
2.606868956318772689e+04,1.050170794769655913e-06
2.607869289763254346e+04,1.046359898282389622e-06
2.608869623207735640e+04,1.042577082444040570e-06
2.609869956652217297e+04,1.038800519381766208e-06
2.610870290096698591e+04,1.035030550156079698e-06
2.611870623541180248e+04,1.031285023600503337e-06
2.612870956985661542e+04,1.027560642796743196e-06
2.613871290430143199e+04,1.023849108605645597e-06
2.614871623874624493e+04,1.020192257783492096e-06
2.615871957319106150e+04,1.016476858239911962e-06
2.616872290763587807e+04,1.012816369438951369e-06
2.617872624208069101e+04,1.009167249321762938e-06
2.618872957652550758e+04,1.005526200970052741e-06
2.619873291097032052e+04,1.001907435238535982e-06
2.620873624541513709e+04,9.982996971302782185e-07
2.621873957985995003e+04,9.947226544682052918e-07
2.622874291430476660e+04,9.911361757986014709e-07
2.623874624874957954e+04,9.875728892438928597e-07
2.624874958319439611e+04,9.840241546044126153e-07
2.625875291763921268e+04,9.804980436456389725e-07
2.626875625208402562e+04,9.769798907655058429e-07
2.627875958652884219e+04,9.734917512105312198e-07
2.628876292097365513e+04,9.699825795905780979e-07
2.629876625541847170e+04,9.665088782639941201e-07
2.630876958986328464e+04,9.630488193579367362e-07
2.631877292430810121e+04,9.596018344382173382e-07
2.632877625875291415e+04,9.561716751704807393e-07
2.633877959319773072e+04,9.527530551167728845e-07
2.634878292764254365e+04,9.493462584941880777e-07
2.635878626208736023e+04,9.459547527512768283e-07
2.636878959653217680e+04,9.425976941201952286e-07
2.637879293097698974e+04,9.392181254952447489e-07
2.638879626542180631e+04,9.358712986795580946e-07
2.639879959986661925e+04,9.325353858002927154e-07
2.640880293431143582e+04,9.292138543059991207e-07
2.641880626875624876e+04,9.259039188691531308e-07
2.642880960320106533e+04,9.226127417605312075e-07
2.643881293764587826e+04,9.193337291435454972e-07
2.644881627209069484e+04,9.160672789221280254e-07
2.645881960653551141e+04,9.128163469540595543e-07
2.646882294098032435e+04,9.095754194277105853e-07
2.647882627542514092e+04,9.063446668733377010e-07
2.648882960986995386e+04,9.031327294906077441e-07
2.649883294431477043e+04,8.999386409414000809e-07
2.650883627875958337e+04,8.967456892605696339e-07
2.651883961320439994e+04,8.935624578043643851e-07
2.652884294764921287e+04,8.904053743208351079e-07
2.653884628209402945e+04,8.872497687661962118e-07
2.654884961653884238e+04,8.841268481774022803e-07
2.655885295098365896e+04,8.809925589048361871e-07
2.656885628542847553e+04,8.778820301813539118e-07
2.657885961987328847e+04,8.747869628678017762e-07
2.658886295431810504e+04,8.717021842130634468e-07
2.659886628876291797e+04,8.686241699251695536e-07
2.660886962320773455e+04,8.655683814140502363e-07
2.661887295765254748e+04,8.625211194157600403e-07
2.662887629209736406e+04,8.594774385528580751e-07
2.663887962654217699e+04,8.564572340219456237e-07
2.664888296098699357e+04,8.534477160537790041e-07
2.665888629543181014e+04,8.504546258336631581e-07
2.666888962987662308e+04,8.474659694002184551e-07
2.667889296432143965e+04,8.444932859674736392e-07
2.668889629876625258e+04,8.415279921791807283e-07
2.669889963321106916e+04,8.385765113416709937e-07
2.670890296765588209e+04,8.356342959814355709e-07
2.671890630210069867e+04,8.327103842020733282e-07
2.672890963654551160e+04,8.297929525724612176e-07
2.673891297099032818e+04,8.268933697763714008e-07
2.674891630543514111e+04,8.240006650339637417e-07
2.675891963987995769e+04,8.211226827370410319e-07
2.676892297432477426e+04,8.182560691238904838e-07
2.677892630876958719e+04,8.154038368957117200e-07
2.678892964321440377e+04,8.125557542371097952e-07
2.679893297765921670e+04,8.097229056147625670e-07
2.680893631210403328e+04,8.069003456512291450e-07
2.681893964654884621e+04,8.040927355068561155e-07
2.682894298099366279e+04,8.012937087187310681e-07
2.683894631543847572e+04,7.985053116499329917e-07
2.684894964988329230e+04,7.957299885674729012e-07
2.685895298432810887e+04,7.929650678306643385e-07
2.686895631877292180e+04,7.902120842118165456e-07
2.687895965321773838e+04,7.874688208175939508e-07
2.688896298766255131e+04,7.847359029256040230e-07
2.689896632210736789e+04,7.820142400305485353e-07
2.690896965655218082e+04,7.793100280650833156e-07
2.691897299099699740e+04,7.766136036480020266e-07
2.692897632544181033e+04,7.739216130175918806e-07
2.693897965988662691e+04,7.712468459430965595e-07
2.694898299433143984e+04,7.685796958867285866e-07
2.695898632877625641e+04,7.659253355996042956e-07
2.696898966322107299e+04,7.632818892489012796e-07
2.697899299766588592e+04,7.606465146636764985e-07
2.698899633211070250e+04,7.580254077765857801e-07
2.699899966655551543e+04,7.554126000286487397e-07
2.700900300100033201e+04,7.528117862420913298e-07
2.701900633544514494e+04,7.502175662921217736e-07
2.702900966988996151e+04,7.476383530047314707e-07
2.703901300433477445e+04,7.450627776961482596e-07
2.704901633877959102e+04,7.425041417263855692e-07
2.705901967322440760e+04,7.399556807285989635e-07
2.706902300766922053e+04,7.374154620265471749e-07
2.707902634211403711e+04,7.348831445597170386e-07
2.708902967655885004e+04,7.323654926949529909e-07
2.709903301100366662e+04,7.298572768377198372e-07
2.710903634544847955e+04,7.273584401445987169e-07
2.711903967989329612e+04,7.248675046866992489e-07
2.712904301433810906e+04,7.223939064715523273e-07
2.713904634878292563e+04,7.199258220680349041e-07
2.714904968322773857e+04,7.174620009209320415e-07
2.715905301767255514e+04,7.150121632548689377e-07
2.716905635211737172e+04,7.125715342226612847e-07
2.717905968656218465e+04,7.101381243046489544e-07
2.718906302100700123e+04,7.077231884977663867e-07
2.719906635545181416e+04,7.053095600895176176e-07
2.720906968989663073e+04,7.029096309452143032e-07
2.721907302434144367e+04,7.005177735663892236e-07
2.722907635878626024e+04,6.981377396186871920e-07
2.723907969323107318e+04,6.957652658456936479e-07
2.724908302767588975e+04,6.934017164894612506e-07
2.725908636212070633e+04,6.910472052368277218e-07
2.726908969656551926e+04,6.887037216074531898e-07
2.727909303101033584e+04,6.863697308290284127e-07
2.728909636545514877e+04,6.840474497948889621e-07
2.729909969989996534e+04,6.817332973696466070e-07
2.730910303434477828e+04,6.794305136281764135e-07
2.731910636878959485e+04,6.771313678655133117e-07
2.732910970323440779e+04,6.748460918970522471e-07
2.733911303767922436e+04,6.725604180246591568e-07
2.734911637212404094e+04,6.702905466227093711e-07
2.735911970656885387e+04,6.680284627691435162e-07
2.736912304101367044e+04,6.657758717665274162e-07
2.737912637545848338e+04,6.635348199779400602e-07
2.738912970990329995e+04,6.613004188693594187e-07
2.739913304434811289e+04,6.590715884158271365e-07
2.740913637879292946e+04,6.568555477315385360e-07
2.741913971323774240e+04,6.546479198732413352e-07
2.742914304768255897e+04,6.524527407236746512e-07
2.743914638212737191e+04,6.502630753857374657e-07
2.744914971657218848e+04,6.480815955001162365e-07
2.745915305101700505e+04,6.459117116719426122e-07
2.746915638546181799e+04,6.437440447371045593e-07
2.747915971990663456e+04,6.415896791622799356e-07
2.748916305435144750e+04,6.394394631570321508e-07
2.749916638879626407e+04,6.373020369210280478e-07
2.750916972324107701e+04,6.351700676532345824e-07
2.751917305768589358e+04,6.330524797704129014e-07
2.752917639213070652e+04,6.309406899163150229e-07
2.753917972657552309e+04,6.288385634434234817e-07
2.754918306102033966e+04,6.267454182307119481e-07
2.755918639546515260e+04,6.246557973099697847e-07
2.756918972990996917e+04,6.225786819413769990e-07
2.757919306435478211e+04,6.205065687936439645e-07
2.758919639879959868e+04,6.184404810483101755e-07
2.759919973324441162e+04,6.163851367091410793e-07
2.760920306768922819e+04,6.143378641354502179e-07
2.761920640213404113e+04,6.122982085798867047e-07
2.762920973657885770e+04,6.102679321884352248e-07
2.763921307102367064e+04,6.082451591282733716e-07
2.764921640546848721e+04,6.062272746021335479e-07
2.765921973991330378e+04,6.042222366886562668e-07
2.766922307435811672e+04,6.022261800353589933e-07
2.767922640880293329e+04,6.002336476740310900e-07
2.768922974324774623e+04,5.982515745017735753e-07
2.769923307769256280e+04,5.962747877674701158e-07
2.770923641213737574e+04,5.943099949945462868e-07
2.771923974658219231e+04,5.923531034568441100e-07
2.772924308102700525e+04,5.903970645704248454e-07
2.773924641547182182e+04,5.884542133571812883e-07
2.774924974991663839e+04,5.865161938345408998e-07
2.775925308436145133e+04,5.845907935508876108e-07
2.776925641880626790e+04,5.826689175592036918e-07
2.777925975325108084e+04,5.807551133329980075e-07
2.778926308769589741e+04,5.788500061498780269e-07
2.779926642214071035e+04,5.769515496467647608e-07
2.780926975658552692e+04,5.750586069552809931e-07
2.781927309103033986e+04,5.731768624173128046e-07
2.782927642547515643e+04,5.712994379791780375e-07
2.783927975991996937e+04,5.694312790183175821e-07
2.784928309436478594e+04,5.675705665453278925e-07
2.785928642880960251e+04,5.657156521010620054e-07
2.786928976325441545e+04,5.638671041197085287e-07
2.787929309769923202e+04,5.620286742669122759e-07
2.788929643214404496e+04,5.601960992862586863e-07
2.789929976658886153e+04,5.583731876868114341e-07
2.790930310103367447e+04,5.565531751017260831e-07
2.791930643547849104e+04,5.547432806451979559e-07
2.792930976992330397e+04,5.529388431568804663e-07
2.793931310436812055e+04,5.511400900104490574e-07
2.794931643881293712e+04,5.493510570886428468e-07
2.795931977325775006e+04,5.475691295941942371e-07
2.796932310770256663e+04,5.457970360112085473e-07
2.797932644214737957e+04,5.440261361400189344e-07
2.798932977659219614e+04,5.422649564934545197e-07
2.799933311103700908e+04,5.405081537901423872e-07
2.800933644548182565e+04,5.387603323470102623e-07
2.801933977992663858e+04,5.370181384023453575e-07
2.802934311437145516e+04,5.352831067284569144e-07
2.803934644881626809e+04,5.335592732080840506e-07
2.804934978326108467e+04,5.318387366060051136e-07
2.805935311770590124e+04,5.301236001287179533e-07
2.806935645215071418e+04,5.284142616801545955e-07
2.807935978659553075e+04,5.267159508548502345e-07
2.808936312104034369e+04,5.250210506346775219e-07
2.809936645548516026e+04,5.233325168774172198e-07
2.810936978992997319e+04,5.216537033447821159e-07
2.811937312437478977e+04,5.199788688514672685e-07
2.812937645881960270e+04,5.183119355933740735e-07
2.813937979326441928e+04,5.166503456166537944e-07
2.814938312770923585e+04,5.149938147042121273e-07
2.815938646215404879e+04,5.133467766427202150e-07
2.816938979659886536e+04,5.117050250191823579e-07
2.817939313104367830e+04,5.100675934954779223e-07
2.818939646548849487e+04,5.084382337372517213e-07
2.819939979993330780e+04,5.068172299615980592e-07
2.820940313437812438e+04,5.052000915384269319e-07
2.821940646882293731e+04,5.035894901084247977e-07
2.822940980326775389e+04,5.019866762268065941e-07
2.823941313771256682e+04,5.003880687581840903e-07
2.824941647215738340e+04,4.987982720194850117e-07
2.825941980660219997e+04,4.972131932845513802e-07
2.826942314104701290e+04,4.956331167704774998e-07
2.827942647549182948e+04,4.940600888403423596e-07
2.828942980993664241e+04,4.924917220705538057e-07
2.829943314438145899e+04,4.909308017886360176e-07
2.830943647882627192e+04,4.893775553682644386e-07
2.831943981327108850e+04,4.878271511188359000e-07
2.832944314771590143e+04,4.862864102506136987e-07
2.833944648216071801e+04,4.847489094572665635e-07
2.834944981660553458e+04,4.832184004044393077e-07
2.835945315105034751e+04,4.816939735974301584e-07
2.836945648549516409e+04,4.801754016625636723e-07
2.837945981993997702e+04,4.786647878063376993e-07
2.838946315438479360e+04,4.771542876369494479e-07
2.839946648882960653e+04,4.756525981974846218e-07
2.840946982327442311e+04,4.741563373045210028e-07
2.841947315771923604e+04,4.726659881271189079e-07
2.842947649216405262e+04,4.711828580639121355e-07
2.843947982660886555e+04,4.697064355241309386e-07
2.844948316105368212e+04,4.682320025040098699e-07
2.845948649549849870e+04,4.667668349611631129e-07
2.846948982994331163e+04,4.653065843740478158e-07
2.847949316438812821e+04,4.638513360077922698e-07
2.848949649883294114e+04,4.624000098374381196e-07
2.849949983327775772e+04,4.609587449522223324e-07
2.850950316772257065e+04,4.595165137288859114e-07
2.851950650216738723e+04,4.580830932354729157e-07
2.852950983661220016e+04,4.566551581319799880e-07
2.853951317105701673e+04,4.552330210572108626e-07
2.854951650550183331e+04,4.538169946499692742e-07
2.855951983994664624e+04,4.524039809439273085e-07
2.856952317439146282e+04,4.509988684731069952e-07
2.857952650883627575e+04,4.495967118600674439e-07
2.858952984328109233e+04,4.482029396513098618e-07
2.859953317772590526e+04,4.468137149160611443e-07
2.860953651217072183e+04,4.454290376543212915e-07
2.861953984661553477e+04,4.440505847469466971e-07
2.862954318106035134e+04,4.426778161814581836e-07
2.863954651550516428e+04,4.413094245592219522e-07
2.864954984994998085e+04,4.399433066737401532e-07
2.865955318439479743e+04,4.385880458812607685e-07
2.866955651883961036e+04,4.372339219571586000e-07
2.867955985328442694e+04,4.358878129551158054e-07
2.868956318772923987e+04,4.345446598108537728e-07
2.869956652217405644e+04,4.332082710334361764e-07
2.870956985661886938e+04,4.318753212828596588e-07
2.871957319106368595e+04,4.305468621623731451e-07
2.872957652550849889e+04,4.292259347948856885e-07
2.873957985995331546e+04,4.279084464542393107e-07
2.874958319439813204e+04,4.265961024429998361e-07
2.875958652884294497e+04,4.252895564604841638e-07
2.876958986328776155e+04,4.239883537593414076e-07
2.877959319773257448e+04,4.226913574711943511e-07
2.878959653217739105e+04,4.213989939216844505e-07
2.879959986662220399e+04,4.201156116323545575e-07
2.880960320106702056e+04,4.188324282949906774e-07
2.881960653551183350e+04,4.175547871909657260e-07
2.882960986995665007e+04,4.162818925124156522e-07
2.883961320440146301e+04,4.150126073909632396e-07
2.884961653884627958e+04,4.137497171541326679e-07
2.885961987329109616e+04,4.124911470171355177e-07
2.886962320773590909e+04,4.112380054266395746e-07
2.887962654218072566e+04,4.099897523701656610e-07
2.888962987662553860e+04,4.087482068371173227e-07
2.889963321107035517e+04,4.075097876921063289e-07
2.890963654551516811e+04,4.062766549850493902e-07
2.891963987995998468e+04,4.050475013173127081e-07
2.892964321440479762e+04,4.038222130020585610e-07
2.893964654884961419e+04,4.026011595215095440e-07
2.894964988329443077e+04,4.013872114683181280e-07
2.895965321773924370e+04,4.001760771643603221e-07
2.896965655218406027e+04,3.989713093233149266e-07
2.897965988662887321e+04,3.977696394485974452e-07
2.898966322107368978e+04,3.965712380704644602e-07
2.899966655551850272e+04,3.953803116019116715e-07
2.900966988996331929e+04,3.941935915463545825e-07
2.901967322440813223e+04,3.930105663130234461e-07
2.902967655885294880e+04,3.918293884908052860e-07
2.903967989329776537e+04,3.906550318788504228e-07
2.904968322774257831e+04,3.894854785357892979e-07
2.905968656218739488e+04,3.883198189669201383e-07
2.906968989663220782e+04,3.871568878821562976e-07
2.907969323107702439e+04,3.860011190681689186e-07
2.908969656552183733e+04,3.848481355817057192e-07
2.909969989996665390e+04,3.837007795937097399e-07
2.910970323441146684e+04,3.825568910542642698e-07
2.911970656885628341e+04,3.814166689153353218e-07
2.912970990330109635e+04,3.802823869136773283e-07
2.913971323774591292e+04,3.791527660723659210e-07
2.914971657219072949e+04,3.780262716190918582e-07
2.915971990663554243e+04,3.769047509649681160e-07
2.916972324108035900e+04,3.757858166864025407e-07
2.917972657552517194e+04,3.746717709418589948e-07
2.918972990996998851e+04,3.735627274181752000e-07
2.919973324441480145e+04,3.724554460404760903e-07
2.920973657885961802e+04,3.713550995598779991e-07
2.921973991330443096e+04,3.702585615883435821e-07
2.922974324774924753e+04,3.691661163429671433e-07
2.923974658219406410e+04,3.680786164750315947e-07
2.924974991663887704e+04,3.669942145734239602e-07
2.925975325108369361e+04,3.659134222289139871e-07
2.926975658552850655e+04,3.648363815500488272e-07
2.927975991997332312e+04,3.637633767539227847e-07
2.928976325441813606e+04,3.626935551892529475e-07
2.929976658886295263e+04,3.616304127262992552e-07
2.930976992330776557e+04,3.605698282171942992e-07
2.931977325775258214e+04,3.595137059164699167e-07
2.932977659219739508e+04,3.584610510642960435e-07
2.933977992664221165e+04,3.574124320948612876e-07
2.934978326108702822e+04,3.563677637430373579e-07
2.935978659553184116e+04,3.553287228896806482e-07
2.936978992997665773e+04,3.542925242072669789e-07
2.937979326442147067e+04,3.532593382260529324e-07
2.938979659886628724e+04,3.522299039104836993e-07
2.939979993331110018e+04,3.512057276111590909e-07
2.940980326775591675e+04,3.501841376873926492e-07
2.941980660220072969e+04,3.491664699595276034e-07
2.942980993664554626e+04,3.481530939097865485e-07
2.943981327109036283e+04,3.471431284651771421e-07
2.944981660553517577e+04,3.461357209744164720e-07
2.945981993997999234e+04,3.451321504144289065e-07
2.946982327442480528e+04,3.441329852194030536e-07
2.947982660886962185e+04,3.431391917274595471e-07
2.948982994331443479e+04,3.421481267196213594e-07
2.949983327775925136e+04,3.411606712688808329e-07
2.950983661220406429e+04,3.401775643396831583e-07
2.951983994664888087e+04,3.391978111721982714e-07
2.952984328109369380e+04,3.382223212611279450e-07
2.953984661553851038e+04,3.372492187736497726e-07
2.954984994998332695e+04,3.362800953254918568e-07
2.955985328442813989e+04,3.353141266870807158e-07
2.956985661887295646e+04,3.343537002820085036e-07
2.957985995331776940e+04,3.333957465656567365e-07
2.958986328776258597e+04,3.324402086946065538e-07
2.959986662220739890e+04,3.314885645977483364e-07
2.960986995665221548e+04,3.305400753106368938e-07
2.961987329109702841e+04,3.295955934845551383e-07
2.962987662554184499e+04,3.286550338543747785e-07
2.963987995998666156e+04,3.277178564076166367e-07
2.964988329443147450e+04,3.267851980126579292e-07
2.965988662887629107e+04,3.258543301853933372e-07
2.966988996332110401e+04,3.249270719152264064e-07
2.967989329776592058e+04,3.240030821416439721e-07
2.968989663221073351e+04,3.230839524803741369e-07
2.969989996665555009e+04,3.221663007479946828e-07
2.970990330110036302e+04,3.212534238627995364e-07
2.971990663554517960e+04,3.203446112820529379e-07
2.972990996998999253e+04,3.194377882209664676e-07
2.973991330443480911e+04,3.185352284162945580e-07
2.974991663887962568e+04,3.176353118305996759e-07
2.975991997332443862e+04,3.167389479585835943e-07
2.976992330776925519e+04,3.158465631258877693e-07
2.977992664221406812e+04,3.149571909943915671e-07
2.978992997665888470e+04,3.140704052384535316e-07
2.979993331110369763e+04,3.131869732442282839e-07
2.980993664554851421e+04,3.123068950117158238e-07
2.981993997999332714e+04,3.114319611086102668e-07
2.982994331443814372e+04,3.105575672179838875e-07
2.983994664888296029e+04,3.096870955232589040e-07
2.984994998332777323e+04,3.088209155066579115e-07
2.985995331777258980e+04,3.079561281538190087e-07
2.986995665221740273e+04,3.070971956731227692e-07
2.987995998666221931e+04,3.062380073970416561e-07
2.988996332110703224e+04,3.053839066069485852e-07
2.989996665555184882e+04,3.045342396035266574e-07
2.990996998999666175e+04,3.036847431303613121e-07
2.991997332444147833e+04,3.028398793958331225e-07
2.992997665888629126e+04,3.019988810137874680e-07
2.993997999333110783e+04,3.011597868862736505e-07
2.994998332777592441e+04,3.003260644618421793e-07
2.995998666222073734e+04,2.994923988808295690e-07
2.996998999666555392e+04,2.986624281220429111e-07
2.997999333111036685e+04,2.978357258598407498e-07
2.998999666555518343e+04,2.970130026369588450e-07
3.000000000000000000e+04,2.961915868127107387e-07
