# n, training_loss
0.000000000000000000e+00,3.509065806865692139e-01
1.000133351113481872e+01,2.185014635324478149e-01
2.000266702226963744e+01,1.832253336906433105e-01
3.000400053340445794e+01,1.649038791656494141e-01
4.000533404453927488e+01,1.538890749216079712e-01
5.000666755567409183e+01,1.469975262880325317e-01
6.000800106680891588e+01,1.421565711498260498e-01
7.000933457794373282e+01,1.383703052997589111e-01
8.001066808907854977e+01,1.352474540472030640e-01
9.001200160021336671e+01,1.326374411582946777e-01
1.000133351113481837e+02,1.303091794252395630e-01
1.100146686224830006e+02,1.281706392765045166e-01
1.200160021336178318e+02,1.261773705482482910e-01
1.300173356447526487e+02,1.243728026747703552e-01
1.400186691558874656e+02,1.226753666996955872e-01
1.500200026670222826e+02,1.210774034261703491e-01
1.600213361781570995e+02,1.195418909192085266e-01
1.700226696892919165e+02,1.180829554796218872e-01
1.800240032004267334e+02,1.166542917490005493e-01
1.900253367115615504e+02,1.152757555246353149e-01
2.000266702226963673e+02,1.139612793922424316e-01
2.100280037338311843e+02,1.127005815505981445e-01
2.200293372449660012e+02,1.114606931805610657e-01
2.300306707561008182e+02,1.102591529488563538e-01
2.400320042672356635e+02,1.090893894433975220e-01
2.500333377783704805e+02,1.079422608017921448e-01
2.600346712895052974e+02,1.068186387419700623e-01
2.700360048006401144e+02,1.057155728340148926e-01
2.800373383117749313e+02,1.046232655644416809e-01
2.900386718229097482e+02,1.035420149564743042e-01
3.000400053340445652e+02,1.024906709790229797e-01
3.100413388451793821e+02,1.014641597867012024e-01
3.200426723563141991e+02,1.004563570022583008e-01
3.300440058674490160e+02,9.946999698877334595e-02
3.400453393785838330e+02,9.850784391164779663e-02
3.500466728897186499e+02,9.756708890199661255e-02
3.600480064008534669e+02,9.664699435234069824e-02
3.700493399119882838e+02,9.575393050909042358e-02
3.800506734231231007e+02,9.488148242235183716e-02
3.900520069342579177e+02,9.402135759592056274e-02
4.000533404453927346e+02,9.316757321357727051e-02
4.100546739565275516e+02,9.233243018388748169e-02
4.200560074676623685e+02,9.151127934455871582e-02
4.300573409787971855e+02,9.070033580064773560e-02
4.400586744899320024e+02,8.989859372377395630e-02
4.500600080010668194e+02,8.911032974720001221e-02
4.600613415122016363e+02,8.833660930395126343e-02
4.700626750233364533e+02,8.757768571376800537e-02
4.800640085344713270e+02,8.682519197463989258e-02
4.900653420456061440e+02,8.608121424913406372e-02
5.000666755567409609e+02,8.535176515579223633e-02
5.100680090678757779e+02,8.463539928197860718e-02
5.200693425790105948e+02,8.393073081970214844e-02
5.300706760901454118e+02,8.323534578084945679e-02
5.400720096012802287e+02,8.254889398813247681e-02
5.500733431124150457e+02,8.187367022037506104e-02
5.600746766235498626e+02,8.120819181203842163e-02
5.700760101346846795e+02,8.054950833320617676e-02
5.800773436458194965e+02,7.990045845508575439e-02
5.900786771569543134e+02,7.926077395677566528e-02
6.000800106680891304e+02,7.862892001867294312e-02
6.100813441792239473e+02,7.800301164388656616e-02
6.200826776903587643e+02,7.738433033227920532e-02
6.300840112014935812e+02,7.677058130502700806e-02
6.400853447126283982e+02,7.616547495126724243e-02
6.500866782237632151e+02,7.556814700365066528e-02
6.600880117348980320e+02,7.497958838939666748e-02
6.700893452460328490e+02,7.439811527729034424e-02
6.800906787571676659e+02,7.381764799356460571e-02
6.900920122683024829e+02,7.324471324682235718e-02
7.000933457794372998e+02,7.267636060714721680e-02
7.100946792905721168e+02,7.211420685052871704e-02
7.200960128017069337e+02,7.155612856149673462e-02
7.300973463128417507e+02,7.100313901901245117e-02
7.400986798239765676e+02,7.045543938875198364e-02
7.501000133351113845e+02,6.991264969110488892e-02
7.601013468462462015e+02,6.937460601329803467e-02
7.701026803573810184e+02,6.884536892175674438e-02
7.801040138685158354e+02,6.832271814346313477e-02
7.901053473796506523e+02,6.780722737312316895e-02
8.001066808907854693e+02,6.729888916015625000e-02
8.101080144019202862e+02,6.679581105709075928e-02
8.201093479130551032e+02,6.629922986030578613e-02
8.301106814241899201e+02,6.580825895071029663e-02
8.401120149353247371e+02,6.532303988933563232e-02
8.501133484464595540e+02,6.484439969062805176e-02
8.601146819575943709e+02,6.437221169471740723e-02
8.701160154687291879e+02,6.390409916639328003e-02
8.801173489798640048e+02,6.344112753868103027e-02
8.901186824909988218e+02,6.298336386680603027e-02
9.001200160021336387e+02,6.253086775541305542e-02
9.101213495132684557e+02,6.208307296037673950e-02
9.201226830244032726e+02,6.163952499628067017e-02
9.301240165355380896e+02,6.119938939809799194e-02
9.401253500466729065e+02,6.076242402195930481e-02
9.501266835578077234e+02,6.032996624708175659e-02
9.601280170689426541e+02,5.990191549062728882e-02
9.701293505800774710e+02,5.947790294885635376e-02
9.801306840912122880e+02,5.905739590525627136e-02
9.901320176023471049e+02,5.864065885543823242e-02
1.000133351113481922e+03,5.822819843888282776e-02
1.010134684624616739e+03,5.782002955675125122e-02
1.020136018135751556e+03,5.741542950272560120e-02
1.030137351646886373e+03,5.701493844389915466e-02
1.040138685158021190e+03,5.661817640066146851e-02
1.050140018669156007e+03,5.622475966811180115e-02
1.060141352180290824e+03,5.583570525050163269e-02
1.070142685691425640e+03,5.545052513480186462e-02
1.080144019202560457e+03,5.506857857108116150e-02
1.090145352713695274e+03,5.468929186463356018e-02
1.100146686224830091e+03,5.431371927261352539e-02
1.110148019735964908e+03,5.394083261489868164e-02
1.120149353247099725e+03,5.357182025909423828e-02
1.130150686758234542e+03,5.320614948868751526e-02
1.140152020269369359e+03,5.284403637051582336e-02
1.150153353780504176e+03,5.248414352536201477e-02
1.160154687291638993e+03,5.212661623954772949e-02
1.170156020802773810e+03,5.177274718880653381e-02
1.180157354313908627e+03,5.142239853739738464e-02
1.190158687825043444e+03,5.107509717345237732e-02
1.200160021336178261e+03,5.073076114058494568e-02
1.210161354847313078e+03,5.038921535015106201e-02
1.220162688358447895e+03,5.005019158124923706e-02
1.230164021869582712e+03,4.971378296613693237e-02
1.240165355380717529e+03,4.938028380274772644e-02
1.250166688891852345e+03,4.904988780617713928e-02
1.260168022402987162e+03,4.872276633977890015e-02
1.270169355914121979e+03,4.839867725968360901e-02
1.280170689425256796e+03,4.807759448885917664e-02
1.290172022936391613e+03,4.775879904627799988e-02
1.300173356447526430e+03,4.744281619787216187e-02
1.310174689958661247e+03,4.712954908609390259e-02
1.320176023469796064e+03,4.681934043765068054e-02
1.330177356980930881e+03,4.651170969009399414e-02
1.340178690492065698e+03,4.620654881000518799e-02
1.350180024003200515e+03,4.590353742241859436e-02
1.360181357514335332e+03,4.560293629765510559e-02
1.370182691025470149e+03,4.530498385429382324e-02
1.380184024536604966e+03,4.500944912433624268e-02
1.390185358047739783e+03,4.471625387668609619e-02
1.400186691558874600e+03,4.442527890205383301e-02
1.410188025070009417e+03,4.413702338933944702e-02
1.420189358581144234e+03,4.385114461183547974e-02
1.430190692092279050e+03,4.356770962476730347e-02
1.440192025603413867e+03,4.328665137290954590e-02
1.450193359114548684e+03,4.300819709897041321e-02
1.460194692625683501e+03,4.273188859224319458e-02
1.470196026136818318e+03,4.245767742395401001e-02
1.480197359647953135e+03,4.218557104468345642e-02
1.490198693159087952e+03,4.191555082798004150e-02
1.500200026670222769e+03,4.164799675345420837e-02
1.510201360181357586e+03,4.138265177607536316e-02
1.520202693692492403e+03,4.111919924616813660e-02
1.530204027203627220e+03,4.085778072476387024e-02
1.540205360714762037e+03,4.059854149818420410e-02
1.550206694225896854e+03,4.034148529171943665e-02
1.560208027737031671e+03,4.008660838007926941e-02
1.570209361248166488e+03,3.983397409319877625e-02
1.580210694759301305e+03,3.958335518836975098e-02
1.590212028270436122e+03,3.933461010456085205e-02
1.600213361781570939e+03,3.908804059028625488e-02
1.610214695292705755e+03,3.884359821677207947e-02
1.620216028803840572e+03,3.860100731253623962e-02
1.630217362314975389e+03,3.836036100983619690e-02
1.640218695826110206e+03,3.812140226364135742e-02
1.650220029337245023e+03,3.788418322801589966e-02
1.660221362848379840e+03,3.764879703521728516e-02
1.670222696359514657e+03,3.741560876369476318e-02
1.680224029870649474e+03,3.718396648764610291e-02
1.690225363381784291e+03,3.695401176810264587e-02
1.700226696892919108e+03,3.672581911087036133e-02
1.710228030404053925e+03,3.649948164820671082e-02
1.720229363915188742e+03,3.627507761120796204e-02
1.730230697426323559e+03,3.605230152606964111e-02
1.740232030937458376e+03,3.583149611949920654e-02
1.750233364448593193e+03,3.561228513717651367e-02
1.760234697959728010e+03,3.539483621716499329e-02
1.770236031470862827e+03,3.517875447869300842e-02
1.780237364981997644e+03,3.496421128511428833e-02
1.790238698493132460e+03,3.475111722946166992e-02
1.800240032004267277e+03,3.453962132334709167e-02
1.810241365515402094e+03,3.432973101735115051e-02
1.820242699026536911e+03,3.412162512540817261e-02
1.830244032537671728e+03,3.391520678997039795e-02
1.840245366048806545e+03,3.370981290936470032e-02
1.850246699559941362e+03,3.350627422332763672e-02
1.860248033071076179e+03,3.330487385392189026e-02
1.870249366582210996e+03,3.310498222708702087e-02
1.880250700093345813e+03,3.290626406669616699e-02
1.890252033604480630e+03,3.270879387855529785e-02
1.900253367115615447e+03,3.251337632536888123e-02
1.910254700626750264e+03,3.231865167617797852e-02
1.920256034137885308e+03,3.212554380297660828e-02
1.930257367649020125e+03,3.193403780460357666e-02
1.940258701160154942e+03,3.174399212002754211e-02
1.950260034671289759e+03,3.155590593814849854e-02
1.960261368182424576e+03,3.136794641613960266e-02
1.970262701693559393e+03,3.118183463811874390e-02
1.980264035204694210e+03,3.099722787737846375e-02
1.990265368715829027e+03,3.081335313618183136e-02
2.000266702226963844e+03,3.063148073852062225e-02
2.010268035738098661e+03,3.045028634369373322e-02
2.020269369249233478e+03,3.027061745524406433e-02
2.030270702760368295e+03,3.009302914142608643e-02
2.040272036271503111e+03,2.991569228470325470e-02
2.050273369782637928e+03,2.973974868655204773e-02
2.060274703293772745e+03,2.956519648432731628e-02
2.070276036804907562e+03,2.939165569841861725e-02
2.080277370316042379e+03,2.921992354094982147e-02
2.090278703827177196e+03,2.904860675334930420e-02
2.100280037338312013e+03,2.887949161231517792e-02
2.110281370849446830e+03,2.871094830334186554e-02
2.120282704360581647e+03,2.854400500655174255e-02
2.130284037871716464e+03,2.837804891169071198e-02
2.140285371382851281e+03,2.821317687630653381e-02
2.150286704893986098e+03,2.804962173104286194e-02
2.160288038405120915e+03,2.788679674267768860e-02
2.170289371916255732e+03,2.772574126720428467e-02
2.180290705427390549e+03,2.756486088037490845e-02
2.190292038938525366e+03,2.740644477307796478e-02
2.200293372449660183e+03,2.724825963377952576e-02
2.210294705960795000e+03,2.709059417247772217e-02
2.220296039471929817e+03,2.693495154380798340e-02
2.230297372983064633e+03,2.678097784519195557e-02
2.240298706494199450e+03,2.662695944309234619e-02
2.250300040005334267e+03,2.647480368614196777e-02
2.260301373516469084e+03,2.632308937609195709e-02
2.270302707027603901e+03,2.617371827363967896e-02
2.280304040538738718e+03,2.602405287325382233e-02
2.290305374049873535e+03,2.587560378015041351e-02
2.300306707561008352e+03,2.572819776833057404e-02
2.310308041072143169e+03,2.558220364153385162e-02
2.320309374583277986e+03,2.543657086789608002e-02
2.330310708094412803e+03,2.529197558760643005e-02
2.340312041605547620e+03,2.514873072504997253e-02
2.350313375116682437e+03,2.500602416694164276e-02
2.360314708627817254e+03,2.486384846270084381e-02
2.370316042138952071e+03,2.472280524671077728e-02
2.380317375650086888e+03,2.458360791206359863e-02
2.390318709161221705e+03,2.444382198154926300e-02
2.400320042672356522e+03,2.430559508502483368e-02
2.410321376183491338e+03,2.416883222758769989e-02
2.420322709694626155e+03,2.403231710195541382e-02
2.430324043205760972e+03,2.389703691005706787e-02
2.440325376716895789e+03,2.376288361847400665e-02
2.450326710228030606e+03,2.362991124391555786e-02
2.460328043739165423e+03,2.349697798490524292e-02
2.470329377250300240e+03,2.336594089865684509e-02
2.480330710761435057e+03,2.323463186621665955e-02
2.490332044272569874e+03,2.310636267066001892e-02
2.500333377783704691e+03,2.297668904066085815e-02
2.510334711294839508e+03,2.284828014671802521e-02
2.520336044805974325e+03,2.272241190075874329e-02
2.530337378317109142e+03,2.259615994989871979e-02
2.540338711828243959e+03,2.247043326497077942e-02
2.550340045339378776e+03,2.234656922519207001e-02
2.560341378850513593e+03,2.222273126244544983e-02
2.570342712361648410e+03,2.210102789103984833e-02
2.580344045872783227e+03,2.197852730751037598e-02
2.590345379383918043e+03,2.185780368745326996e-02
2.600346712895052860e+03,2.173879370093345642e-02
2.610348046406187677e+03,2.161870896816253662e-02
2.620349379917322494e+03,2.150083519518375397e-02
2.630350713428457311e+03,2.138349786400794983e-02
2.640352046939592128e+03,2.126664482057094574e-02
2.650353380450726945e+03,2.115187607705593109e-02
2.660354713961861762e+03,2.103599905967712402e-02
2.670356047472996579e+03,2.092244289815425873e-02
2.680357380984131396e+03,2.080838009715080261e-02
2.690358714495266213e+03,2.069624513387680054e-02
2.700360048006401030e+03,2.058399841189384460e-02
2.710361381517535847e+03,2.047275565564632416e-02
2.720362715028670664e+03,2.036347985267639160e-02
2.730364048539805481e+03,2.025415748357772827e-02
2.740365382050940298e+03,2.014410309493541718e-02
2.750366715562075115e+03,2.003639563918113708e-02
2.760368049073209932e+03,1.992959529161453247e-02
2.770369382584344748e+03,1.982283964753150940e-02
2.780370716095479565e+03,1.971640810370445251e-02
2.790372049606614382e+03,1.961191371083259583e-02
2.800373383117749199e+03,1.950677484273910522e-02
2.810374716628884016e+03,1.940321177244186401e-02
2.820376050140018833e+03,1.929980143904685974e-02
2.830377383651153650e+03,1.919716224074363708e-02
2.840378717162288467e+03,1.909549161791801453e-02
2.850380050673423284e+03,1.899393275380134583e-02
2.860381384184558101e+03,1.889378577470779419e-02
2.870382717695692918e+03,1.879320852458477020e-02
2.880384051206827735e+03,1.869446225464344025e-02
2.890385384717962552e+03,1.859580725431442261e-02
2.900386718229097369e+03,1.849689707159996033e-02
2.910388051740232186e+03,1.839979551732540131e-02
2.920389385251367003e+03,1.830273866653442383e-02
2.930390718762501820e+03,1.820621639490127563e-02
2.940392052273636637e+03,1.811123825609683990e-02
2.950393385784771453e+03,1.801542565226554871e-02
2.960394719295906270e+03,1.792259700596332550e-02
2.970396052807041087e+03,1.782817021012306213e-02
2.980397386318175904e+03,1.773430407047271729e-02
2.990398719829310721e+03,1.764328777790069580e-02
3.000400053340445538e+03,1.755080744624137878e-02
3.010401386851580355e+03,1.745887659490108490e-02
3.020402720362715172e+03,1.736865192651748657e-02
3.030404053873849989e+03,1.727865822613239288e-02
3.040405387384984806e+03,1.718865334987640381e-02
3.050406720896119623e+03,1.710076257586479187e-02
3.060408054407254440e+03,1.701116934418678284e-02
3.070409387918389257e+03,1.692475005984306335e-02
3.080410721429524074e+03,1.683590374886989594e-02
3.090412054940658891e+03,1.674894243478775024e-02
3.100413388451793708e+03,1.666386052966117859e-02
3.110414721962928525e+03,1.657651551067829132e-02
3.120416055474063342e+03,1.649290695786476135e-02
3.130417388985198158e+03,1.640804670751094818e-02
3.140418722496332975e+03,1.632284373044967651e-02
3.150420056007467792e+03,1.623872853815555573e-02
3.160421389518602609e+03,1.615688204765319824e-02
3.170422723029737426e+03,1.607293635606765747e-02
3.180424056540872243e+03,1.599075831472873688e-02
3.190425390052007060e+03,1.590895280241966248e-02
3.200426723563141877e+03,1.582762040197849274e-02
3.210428057074276694e+03,1.574701257050037384e-02
3.220429390585411511e+03,1.566736027598381042e-02
3.230430724096546328e+03,1.558661460876464844e-02
3.240432057607681145e+03,1.550742425024509430e-02
3.250433391118815962e+03,1.542841456830501556e-02
3.260434724629950779e+03,1.534974668174982071e-02
3.270436058141085596e+03,1.527246553450822830e-02
3.280437391652220413e+03,1.519443746656179428e-02
3.290438725163355230e+03,1.511730626225471497e-02
3.300440058674490047e+03,1.504114922136068344e-02
3.310441392185624863e+03,1.496520079672336578e-02
3.320442725696759680e+03,1.488937065005302429e-02
3.330444059207894497e+03,1.481524948030710220e-02
3.340445392719029314e+03,1.473990175873041153e-02
3.350446726230164131e+03,1.466563344001770020e-02
3.360448059741298948e+03,1.459327619522809982e-02
3.370449393252433765e+03,1.451887190341949463e-02
3.380450726763568582e+03,1.444745715707540512e-02
3.390452060274703399e+03,1.437480468302965164e-02
3.400453393785838216e+03,1.430252194404602051e-02
3.410454727296973033e+03,1.423097215592861176e-02
3.420456060808107850e+03,1.416194997727870941e-02
3.430457394319242667e+03,1.409045420587062836e-02
3.440458727830377484e+03,1.402007974684238434e-02
3.450460061341512301e+03,1.395136956125497818e-02
3.460461394852647118e+03,1.388150639832019806e-02
3.470462728363781935e+03,1.381423883140087128e-02
3.480464061874916752e+03,1.374497078359127045e-02
3.490465395386051568e+03,1.367717888206243515e-02
3.500466728897186385e+03,1.361105591058731079e-02
3.510468062408321202e+03,1.354330684989690781e-02
3.520469395919456019e+03,1.347627211362123489e-02
3.530470729430590836e+03,1.340997312217950821e-02
3.540472062941725653e+03,1.334450487047433853e-02
3.550473396452860470e+03,1.327922008931636810e-02
3.560474729963995287e+03,1.321491319686174393e-02
3.570476063475130104e+03,1.314986683428287506e-02
3.580477396986264921e+03,1.308545842766761780e-02
3.590478730497399738e+03,1.302135456353425980e-02
3.600480064008534555e+03,1.295879762619733810e-02
3.610481397519669372e+03,1.289620436728000641e-02
3.620482731030804189e+03,1.283232681453227997e-02
3.630484064541939006e+03,1.277114637196063995e-02
3.640485398053073823e+03,1.270805019885301590e-02
3.650486731564208640e+03,1.264696288853883743e-02
3.660488065075343457e+03,1.258607953786849976e-02
3.670489398586478274e+03,1.252450328320264816e-02
3.680490732097613090e+03,1.246514171361923218e-02
3.690492065608747907e+03,1.240410748869180679e-02
3.700493399119882724e+03,1.234556548297405243e-02
3.710494732631017541e+03,1.228518318384885788e-02
3.720496066142152358e+03,1.222662162035703659e-02
3.730497399653287175e+03,1.216801162809133530e-02
3.740498733164421992e+03,1.210933644324541092e-02
3.750500066675556809e+03,1.205271389335393906e-02
3.760501400186691626e+03,1.199411042034626007e-02
3.770502733697826443e+03,1.193726900964975357e-02
3.780504067208961260e+03,1.187995076179504395e-02
3.790505400720096077e+03,1.182451751083135605e-02
3.800506734231230894e+03,1.176749076694250107e-02
3.810508067742365711e+03,1.171167660504579544e-02
3.820509401253500528e+03,1.165720913559198380e-02
3.830510734764635345e+03,1.160176657140254974e-02
3.840512068275770616e+03,1.154614426195621490e-02
3.850513401786905433e+03,1.149224955588579178e-02
3.860514735298040250e+03,1.143741887062788010e-02
3.870516068809175067e+03,1.138424314558506012e-02
3.880517402320309884e+03,1.132996194064617157e-02
3.890518735831444701e+03,1.127742230892181396e-02
3.900520069342579518e+03,1.122346427291631699e-02
3.910521402853714335e+03,1.117179729044437408e-02
3.920522736364849152e+03,1.111857872456312180e-02
3.930524069875983969e+03,1.106649264693260193e-02
3.940525403387118786e+03,1.101454626768827438e-02
3.950526736898253603e+03,1.096275448799133301e-02
3.960528070409388420e+03,1.091204024851322174e-02
3.970529403920523237e+03,1.086016930639743805e-02
3.980530737431658054e+03,1.081000361591577530e-02
3.990532070942792870e+03,1.075883302837610245e-02
4.000533404453927687e+03,1.071012858301401138e-02
4.010534737965062504e+03,1.065974961966276169e-02
4.020536071476197321e+03,1.060965843498706818e-02
4.030537404987332138e+03,1.055982988327741623e-02
4.040538738498466955e+03,1.051090378314256668e-02
4.050540072009601772e+03,1.046245172619819641e-02
4.060541405520736589e+03,1.041304878890514374e-02
4.070542739031871406e+03,1.036522630602121353e-02
4.080544072543006223e+03,1.031667646020650864e-02
4.090545406054141040e+03,1.026928052306175232e-02
4.100546739565275857e+03,1.022110693156719208e-02
4.110548073076410219e+03,1.017490308731794357e-02
4.120549406587545491e+03,1.012650690972805023e-02
4.130550740098679853e+03,1.008090004324913025e-02
4.140552073609815125e+03,1.003338303416967392e-02
4.150553407120949487e+03,9.986541233956813812e-03
4.160554740632084759e+03,9.941089898347854614e-03
4.170556074143219121e+03,9.894172661006450653e-03
4.180557407654354392e+03,9.849375113844871521e-03
4.190558741165488755e+03,9.803074412047863007e-03
4.200560074676624026e+03,9.757451713085174561e-03
4.210561408187758389e+03,9.712319821119308472e-03
4.220562741698893660e+03,9.667296893894672394e-03
4.230564075210028022e+03,9.623423218727111816e-03
4.240565408721163294e+03,9.577761404216289520e-03
4.250566742232297656e+03,9.534614160656929016e-03
4.260568075743432928e+03,9.489347226917743683e-03
4.270569409254567290e+03,9.446294978260993958e-03
4.280570742765702562e+03,9.401742368936538696e-03
4.290572076276836924e+03,9.359572082757949829e-03
4.300573409787972196e+03,9.315122850239276886e-03
4.310574743299106558e+03,9.273208677768707275e-03
4.320576076810241830e+03,9.230052120983600616e-03
4.330577410321376192e+03,9.186951443552970886e-03
4.340578743832511464e+03,9.145593270659446716e-03
4.350580077343645826e+03,9.102396667003631592e-03
4.360581410854781097e+03,9.061835706233978271e-03
4.370582744365915460e+03,9.018877521157264709e-03
4.380584077877050731e+03,8.978228084743022919e-03
4.390585411388185094e+03,8.936126716434955597e-03
4.400586744899320365e+03,8.896217681467533112e-03
4.410588078410454727e+03,8.854261599481105804e-03
4.420589411921589999e+03,8.813958615064620972e-03
4.430590745432724361e+03,8.773449808359146118e-03
4.440592078943859633e+03,8.733788505196571350e-03
4.450593412454993995e+03,8.693211711943149567e-03
4.460594745966129267e+03,8.653756231069564819e-03
4.470596079477263629e+03,8.614317514002323151e-03
4.480597412988398901e+03,8.575103245675563812e-03
4.490598746499533263e+03,8.535710163414478302e-03
4.500600080010668535e+03,8.497876115143299103e-03
4.510601413521802897e+03,8.459538221359252930e-03
4.520602747032938169e+03,8.420938625931739807e-03
4.530604080544072531e+03,8.382051251828670502e-03
4.540605414055207802e+03,8.344254456460475922e-03
4.550606747566342165e+03,8.306589908897876740e-03
4.560608081077477436e+03,8.269819431006908417e-03
4.570609414588611799e+03,8.231923915445804596e-03
4.580610748099747070e+03,8.195850998163223267e-03
4.590612081610881432e+03,8.158246055245399475e-03
4.600613415122016704e+03,8.121985942125320435e-03
4.610614748633151066e+03,8.085713721811771393e-03
4.620616082144286338e+03,8.049867115914821625e-03
4.630617415655420700e+03,8.013730868697166443e-03
4.640618749166555972e+03,7.978193461894989014e-03
4.650620082677690334e+03,7.942732423543930054e-03
4.660621416188825606e+03,7.908157072961330414e-03
4.670622749699959968e+03,7.872423157095909119e-03
4.680624083211095240e+03,7.838496938347816467e-03
4.690625416722229602e+03,7.803085260093212128e-03
4.700626750233364874e+03,7.769845426082611084e-03
4.710628083744499236e+03,7.734615355730056763e-03
4.720629417255634507e+03,7.702134549617767334e-03
4.730630750766768870e+03,7.667100988328456879e-03
4.740632084277904141e+03,7.633985485881567001e-03
4.750633417789038504e+03,7.600205019116401672e-03
4.760634751300173775e+03,7.567765656858682632e-03
4.770636084811308137e+03,7.533880416303873062e-03
4.780637418322443409e+03,7.501815445721149445e-03
4.790638751833577771e+03,7.468626834452152252e-03
4.800640085344713043e+03,7.436308078467845917e-03
4.810641418855847405e+03,7.403840310871601105e-03
4.820642752366982677e+03,7.371917366981506348e-03
4.830644085878117039e+03,7.339783944189548492e-03
4.840645419389252311e+03,7.308958098292350769e-03
4.850646752900386673e+03,7.277413737028837204e-03
4.860648086411521945e+03,7.245258893817663193e-03
4.870649419922656307e+03,7.214469835162162781e-03
4.880650753433791579e+03,7.183058653026819229e-03
4.890652086944925941e+03,7.153167389333248138e-03
4.900653420456061212e+03,7.121536880731582642e-03
4.910654753967195575e+03,7.091210223734378815e-03
4.920656087478330846e+03,7.060782983899116516e-03
4.930657420989465209e+03,7.031185552477836609e-03
4.940658754500600480e+03,7.000686600804328918e-03
4.950660088011734842e+03,6.971206516027450562e-03
4.960661421522870114e+03,6.941076368093490601e-03
4.970662755034004476e+03,6.911523174494504929e-03
4.980664088545139748e+03,6.882612593472003937e-03
4.990665422056274110e+03,6.853456143289804459e-03
5.000666755567409382e+03,6.823876872658729553e-03
5.010668089078543744e+03,6.796121131628751755e-03
5.020669422589679016e+03,6.766338367015123367e-03
5.030670756100813378e+03,6.737685762345790863e-03
5.040672089611948650e+03,6.709451787173748016e-03
5.050673423123083012e+03,6.680815014988183975e-03
5.060674756634218284e+03,6.653121672570705414e-03
5.070676090145352646e+03,6.624381989240646362e-03
5.080677423656487917e+03,6.597404368221759796e-03
5.090678757167622280e+03,6.568661425262689590e-03
5.100680090678757551e+03,6.541492883116006851e-03
5.110681424189891914e+03,6.513477303087711334e-03
5.120682757701027185e+03,6.485996767878532410e-03
5.130684091212162457e+03,6.458490621298551559e-03
5.140685424723296819e+03,6.431307177990674973e-03
5.150686758234432091e+03,6.404584273695945740e-03
5.160688091745566453e+03,6.376829929649829865e-03
5.170689425256701725e+03,6.350405514240264893e-03
5.180690758767836087e+03,6.322897505015134811e-03
5.190692092278971359e+03,6.296740379184484482e-03
5.200693425790105721e+03,6.269272416830062866e-03
5.210694759301240992e+03,6.242576986551284790e-03
5.220696092812375355e+03,6.216266192495822906e-03
5.230697426323510626e+03,6.189990788698196411e-03
5.240698759834644989e+03,6.162985693663358688e-03
5.250700093345780260e+03,6.137146148830652237e-03
5.260701426856914622e+03,6.110282149165868759e-03
5.270702760368049894e+03,6.084189284592866898e-03
5.280704093879184256e+03,6.058015394955873489e-03
5.290705427390319528e+03,6.031764671206474304e-03
5.300706760901453890e+03,6.005600560456514359e-03
5.310708094412589162e+03,5.980155430734157562e-03
5.320709427923723524e+03,5.953786429017782211e-03
5.330710761434858796e+03,5.927950143814086914e-03
5.340712094945993158e+03,5.902026314288377762e-03
5.350713428457128430e+03,5.876541603356599808e-03
5.360714761968262792e+03,5.850426387041807175e-03
5.370716095479398064e+03,5.825321190059185028e-03
5.380717428990532426e+03,5.799114704132080078e-03
5.390718762501667698e+03,5.773920565843582153e-03
5.400720096012802060e+03,5.748355295509099960e-03
5.410721429523937331e+03,5.722957663238048553e-03
5.420722763035071694e+03,5.697797983884811401e-03
5.430724096546206965e+03,5.673640407621860504e-03
5.440725430057341327e+03,5.647930782288312912e-03
5.450726763568476599e+03,5.623282399028539658e-03
5.460728097079610961e+03,5.599076859652996063e-03
5.470729430590746233e+03,5.574372131377458572e-03
5.480730764101880595e+03,5.550479982048273087e-03
5.490732097613015867e+03,5.526219028979539871e-03
5.500733431124150229e+03,5.503199063241481781e-03
5.510734764635285501e+03,5.478939972817897797e-03
5.520736098146419863e+03,5.455856211483478546e-03
5.530737431657555135e+03,5.432213656604290009e-03
5.540738765168689497e+03,5.409582518041133881e-03
5.550740098679824769e+03,5.386369302868843079e-03
5.560741432190959131e+03,5.364192184060811996e-03
5.570742765702094403e+03,5.341215524822473526e-03
5.580744099213228765e+03,5.319229792803525925e-03
5.590745432724364036e+03,5.296538583934307098e-03
5.600746766235498399e+03,5.275404080748558044e-03
5.610748099746633670e+03,5.252795293927192688e-03
5.620749433257768032e+03,5.231245420873165131e-03
5.630750766768903304e+03,5.209654569625854492e-03
5.640752100280037666e+03,5.188117735087871552e-03
5.650753433791172938e+03,5.166897084563970566e-03
5.660754767302307300e+03,5.146045703440904617e-03
5.670756100813442572e+03,5.124787800014019012e-03
5.680757434324576934e+03,5.104227457195520401e-03
5.690758767835712206e+03,5.083274096250534058e-03
5.700760101346846568e+03,5.062856245785951614e-03
5.710761434857981840e+03,5.042295437306165695e-03
5.720762768369116202e+03,5.022402852773666382e-03
5.730764101880251474e+03,5.001843906939029694e-03
5.740765435391385836e+03,4.981903824955224991e-03
5.750766768902521108e+03,4.961928818374872208e-03
5.760768102413655470e+03,4.942001774907112122e-03
5.770769435924790741e+03,4.922580439597368240e-03
5.780770769435925104e+03,4.902665037661790848e-03
5.790772102947060375e+03,4.883149638772010803e-03
5.800773436458194737e+03,4.864024464040994644e-03
5.810774769969330009e+03,4.844491835683584213e-03
5.820776103480464371e+03,4.825896117836236954e-03
5.830777436991599643e+03,4.806293640285730362e-03
5.840778770502734005e+03,4.787735175341367722e-03
5.850780104013869277e+03,4.768612328916788101e-03
5.860781437525003639e+03,4.750224761664867401e-03
5.870782771036138911e+03,4.731496796011924744e-03
5.880784104547273273e+03,4.712858237326145172e-03
5.890785438058408545e+03,4.694723058491945267e-03
5.900786771569542907e+03,4.676300100982189178e-03
5.910788105080678179e+03,4.657964687794446945e-03
5.920789438591812541e+03,4.640143364667892456e-03
5.930790772102947813e+03,4.621777217835187912e-03
5.940792105614082175e+03,4.603971261531114578e-03
5.950793439125217446e+03,4.586401861160993576e-03
5.960794772636351809e+03,4.568405915051698685e-03
5.970796106147487080e+03,4.551270045340061188e-03
5.980797439658621443e+03,4.533492028713226318e-03
5.990798773169756714e+03,4.516169428825378418e-03
6.000800106680891076e+03,4.498680587857961655e-03
6.010801440192026348e+03,4.481910262256860733e-03
6.020802773703160710e+03,4.464317113161087036e-03
6.030804107214295982e+03,4.447700921446084976e-03
6.040805440725430344e+03,4.430415574461221695e-03
6.050806774236565616e+03,4.414102993905544281e-03
6.060808107747699978e+03,4.396764095872640610e-03
6.070809441258835250e+03,4.380663391202688217e-03
6.080810774769969612e+03,4.363577812910079956e-03
6.090812108281104884e+03,4.347472451627254486e-03
6.100813441792239246e+03,4.330688156187534332e-03
6.110814775303374518e+03,4.314888734370470047e-03
6.120816108814508880e+03,4.298327956348657608e-03
6.130817442325644151e+03,4.282243084162473679e-03
6.140818775836778514e+03,4.266453906893730164e-03
6.150820109347913785e+03,4.250245634466409683e-03
6.160821442859048148e+03,4.234401509165763855e-03
6.170822776370183419e+03,4.218971822410821915e-03
6.180824109881317781e+03,4.202994052320718765e-03
6.190825443392453053e+03,4.187751095741987228e-03
6.200826776903587415e+03,4.171820357441902161e-03
6.210828110414722687e+03,4.156412556767463684e-03
6.220829443925857049e+03,4.141465760767459869e-03
6.230830777436992321e+03,4.125831648707389832e-03
6.240832110948126683e+03,4.111150279641151428e-03
6.250833444459261955e+03,4.095645621418952942e-03
6.260834777970396317e+03,4.080694634467363358e-03
6.270836111481531589e+03,4.065790679305791855e-03
6.280837444992665951e+03,4.051022697240114212e-03
6.290838778503801223e+03,4.036071244627237320e-03
6.300840112014935585e+03,4.021394066512584686e-03
6.310841445526070856e+03,4.007106646895408630e-03
6.320842779037205219e+03,3.992213867604732513e-03
6.330844112548340490e+03,3.977766726166009903e-03
6.340845446059474853e+03,3.963680006563663483e-03
6.350846779570610124e+03,3.949285019189119339e-03
6.360848113081744486e+03,3.934891428798437119e-03
6.370849446592879758e+03,3.920807968825101852e-03
6.380850780104014120e+03,3.907118923962116241e-03
6.390852113615149392e+03,3.892731387168169022e-03
6.400853447126283754e+03,3.879104508087038994e-03
6.410854780637419026e+03,3.865046659484505653e-03
6.420856114148553388e+03,3.851535730063915253e-03
6.430857447659688660e+03,3.837582189589738846e-03
6.440858781170823022e+03,3.824470099061727524e-03
6.450860114681958294e+03,3.810437396168708801e-03
6.460861448193092656e+03,3.797156736254692078e-03
6.470862781704227928e+03,3.783692140132188797e-03
6.480864115215362290e+03,3.770289476960897446e-03
6.490865448726497561e+03,3.757539205253124237e-03
6.500866782237631924e+03,3.743934445083141327e-03
6.510868115748767195e+03,3.730995813384652138e-03
6.520869449259901558e+03,3.717741696164011955e-03
6.530870782771036829e+03,3.705204231664538383e-03
6.540872116282171191e+03,3.691960824653506279e-03
6.550873449793306463e+03,3.679285291582345963e-03
6.560874783304440825e+03,3.666338277980685234e-03
6.570876116815576097e+03,3.653618507087230682e-03
6.580877450326710459e+03,3.641657996922731400e-03
6.590878783837845731e+03,3.628438571467995644e-03
6.600880117348980093e+03,3.616527421399950981e-03
6.610881450860115365e+03,3.603558987379074097e-03
6.620882784371249727e+03,3.591585438698530197e-03
6.630884117882384999e+03,3.578968346118927002e-03
6.640885451393519361e+03,3.567075356841087341e-03
6.650886784904654633e+03,3.554722061380743980e-03
6.660888118415788995e+03,3.542409511283040047e-03
6.670889451926924266e+03,3.530516289174556732e-03
6.680890785438058629e+03,3.518590470775961876e-03
6.690892118949193900e+03,3.506463486701250076e-03
6.700893452460328263e+03,3.494809614494442940e-03
6.710894785971463534e+03,3.482786472886800766e-03
6.720896119482597896e+03,3.471043659374117851e-03
6.730897452993733168e+03,3.459152067080140114e-03
6.740898786504867530e+03,3.448040690273046494e-03
6.750900120016002802e+03,3.435920691117644310e-03
6.760901453527137164e+03,3.424531547352671623e-03
6.770902787038272436e+03,3.412792226299643517e-03
6.780904120549406798e+03,3.401540219783782959e-03
6.790905454060542070e+03,3.389879595488309860e-03
6.800906787571676432e+03,3.378460183739662170e-03
6.810908121082811704e+03,3.367219818755984306e-03
6.820909454593946066e+03,3.356027882546186447e-03
6.830910788105081338e+03,3.344526514410972595e-03
6.840912121616215700e+03,3.333236556500196457e-03
6.850913455127350971e+03,3.321819240227341652e-03
6.860914788638485334e+03,3.310750471428036690e-03
6.870916122149620605e+03,3.299253759905695915e-03
6.880917455660754968e+03,3.288082778453826904e-03
6.890918789171890239e+03,3.276623087003827095e-03
6.900920122683024601e+03,3.265316598117351532e-03
6.910921456194159873e+03,3.253859700635075569e-03
6.920922789705294235e+03,3.242140170186758041e-03
6.930924123216429507e+03,3.230282571166753769e-03
6.940925456727563869e+03,3.218147903680801392e-03
6.950926790238699141e+03,3.205457236617803574e-03
6.960928123749833503e+03,3.192037576809525490e-03
6.970929457260968775e+03,3.177512669935822487e-03
6.980930790772103137e+03,3.161307424306869507e-03
6.990932124283238409e+03,3.143023699522018433e-03
7.000933457794372771e+03,3.122987691313028336e-03
7.010934791305508043e+03,3.103025257587432861e-03
7.020936124816642405e+03,3.085134318098425865e-03
7.030937458327777676e+03,3.069537226110696793e-03
7.040938791838912039e+03,3.055530833080410957e-03
7.050940125350047310e+03,3.042491152882575989e-03
7.060941458861181673e+03,3.030036110430955887e-03
7.070942792372316944e+03,3.017944982275366783e-03
7.080944125883451306e+03,3.006143495440483093e-03
7.090945459394586578e+03,2.994539914652705193e-03
7.100946792905720940e+03,2.983051352202892303e-03
7.110948126416856212e+03,2.971636829897761345e-03
7.120949459927990574e+03,2.960329875349998474e-03
7.130950793439125846e+03,2.949069254100322723e-03
7.140952126950260208e+03,2.937823766842484474e-03
7.150953460461395480e+03,2.926572691649198532e-03
7.160954793972529842e+03,2.915329532697796822e-03
7.170956127483665114e+03,2.904035151004791260e-03
7.180957460994799476e+03,2.892654621973633766e-03
7.190958794505934748e+03,2.881207503378391266e-03
7.200960128017069110e+03,2.869686111807823181e-03
7.210961461528204381e+03,2.857948886230587959e-03
7.220962795039338744e+03,2.845980459824204445e-03
7.230964128550474015e+03,2.833770355209708214e-03
7.240965462061608378e+03,2.821377711370587349e-03
7.250966795572743649e+03,2.808785066008567810e-03
7.260968129083878011e+03,2.795920474454760551e-03
7.270969462595013283e+03,2.782949246466159821e-03
7.280970796106147645e+03,2.769846236333250999e-03
7.290972129617282917e+03,2.756705274805426598e-03
7.300973463128417279e+03,2.743528690189123154e-03
7.310974796639552551e+03,2.730483654886484146e-03
7.320976130150686913e+03,2.717475639656186104e-03
7.330977463661822185e+03,2.704678801819682121e-03
7.340978797172956547e+03,2.692102454602718353e-03
7.350980130684091819e+03,2.679642057046294212e-03
7.360981464195226181e+03,2.667326014488935471e-03
7.370982797706361453e+03,2.654986921697854996e-03
7.380984131217495815e+03,2.642602426931262016e-03
7.390985464728631086e+03,2.630117349326610565e-03
7.400986798239765449e+03,2.617398742586374283e-03
7.410988131750900720e+03,2.604315988719463348e-03
7.420989465262035083e+03,2.590754767879843712e-03
7.430990798773170354e+03,2.576640574261546135e-03
7.440992132284304716e+03,2.562026493251323700e-03
7.450993465795439988e+03,2.547082025557756424e-03
7.460994799306574350e+03,2.532124286517500877e-03
7.470996132817709622e+03,2.517265733331441879e-03
7.480997466328843984e+03,2.502664225175976753e-03
7.490998799839979256e+03,2.488445024937391281e-03
7.501000133351113618e+03,2.474556211382150650e-03
7.511001466862248890e+03,2.460845047608017921e-03
7.521002800373383252e+03,2.447364851832389832e-03
7.531004133884518524e+03,2.433997578918933868e-03
7.541005467395652886e+03,2.420736243948340416e-03
7.551006800906788158e+03,2.407566644251346588e-03
7.561008134417922520e+03,2.394618932157754898e-03
7.571009467929057791e+03,2.381844911724328995e-03
7.581010801440192154e+03,2.369267400354146957e-03
7.591012134951327425e+03,2.356951823458075523e-03
7.601013468462461788e+03,2.344953361898660660e-03
7.611014801973597059e+03,2.333215670660138130e-03
7.621016135484731421e+03,2.321749459952116013e-03
7.631017468995866693e+03,2.310560084879398346e-03
7.641018802507001055e+03,2.299646381288766861e-03
7.651020136018136327e+03,2.288926625624299049e-03
7.661021469529270689e+03,2.278444590047001839e-03
7.671022803040405961e+03,2.268191892653703690e-03
7.681024136551541233e+03,2.258182503283023834e-03
7.691025470062675595e+03,2.248292556032538414e-03
7.701026803573810867e+03,2.238560235127806664e-03
7.711028137084945229e+03,2.229108707979321480e-03
7.721029470596080500e+03,2.219496062025427818e-03
7.731030804107214863e+03,2.210371429100632668e-03
7.741032137618350134e+03,2.201124560087919235e-03
7.751033471129484496e+03,2.192007843405008316e-03
7.761034804640619768e+03,2.183046191930770874e-03
7.771036138151754130e+03,2.174330875277519226e-03
7.781037471662889402e+03,2.165346173569560051e-03
7.791038805174023764e+03,2.156748436391353607e-03
7.801040138685159036e+03,2.148258965462446213e-03
7.811041472196293398e+03,2.139583928510546684e-03
7.821042805707428670e+03,2.131351036950945854e-03
7.831044139218563032e+03,2.122892532497644424e-03
7.841045472729698304e+03,2.114575589075684547e-03
7.851046806240832666e+03,2.106386469677090645e-03
7.861048139751967938e+03,2.098301658406853676e-03
7.871049473263102300e+03,2.090445253998041153e-03
7.881050806774237572e+03,2.082202117890119553e-03
7.891052140285371934e+03,2.074285410344600677e-03
7.901053473796507205e+03,2.066721208393573761e-03
7.911054807307641568e+03,2.058539539575576782e-03
7.921056140818776839e+03,2.050895243883132935e-03
7.931057474329911201e+03,2.043144078925251961e-03
7.941058807841046473e+03,2.035369165241718292e-03
7.951060141352180835e+03,2.027754439041018486e-03
7.961061474863316107e+03,2.020022831857204437e-03
7.971062808374450469e+03,2.012462122365832329e-03
7.981064141885585741e+03,2.004727954044938087e-03
7.991065475396720103e+03,1.996990758925676346e-03
8.001066808907855375e+03,1.989772776141762733e-03
8.011068142418989737e+03,1.981716370210051537e-03
8.021069475930125009e+03,1.974001061171293259e-03
8.031070809441259371e+03,1.966101350262761116e-03
8.041072142952394643e+03,1.958138309419155121e-03
8.051073476463529005e+03,1.950059784576296806e-03
8.061074809974664277e+03,1.941709429956972599e-03
8.071076143485798639e+03,1.933127525262534618e-03
8.081077476996933910e+03,1.924198702909052372e-03
8.091078810508068273e+03,1.914757885970175266e-03
8.101080144019203544e+03,1.904954435303807259e-03
8.111081477530337907e+03,1.894691260531544685e-03
8.121082811041473178e+03,1.884233090095221996e-03
8.131084144552607540e+03,1.873830216936767101e-03
8.141085478063742812e+03,1.863588695414364338e-03
8.151086811574877174e+03,1.853754743933677673e-03
8.161088145086012446e+03,1.844315323978662491e-03
8.171089478597146808e+03,1.835196861065924168e-03
8.181090812108282080e+03,1.826512278057634830e-03
8.191092145619416442e+03,1.818056683987379074e-03
8.201093479130551714e+03,1.809911336749792099e-03
8.211094812641686076e+03,1.802017563022673130e-03
8.221096146152820438e+03,1.794262672774493694e-03
8.231097479663956619e+03,1.786639215424656868e-03
8.241098813175090982e+03,1.779380370862782001e-03
8.251100146686225344e+03,1.772226649336516857e-03
8.261101480197359706e+03,1.764932763762772083e-03
8.271102813708495887e+03,1.758124912157654762e-03
8.281104147219630249e+03,1.751005649566650391e-03
8.291105480730764612e+03,1.744185574352741241e-03
8.301106814241898974e+03,1.737843267619609833e-03
8.311108147753035155e+03,1.730910036712884903e-03
8.321109481264169517e+03,1.724387286230921745e-03
8.331110814775303879e+03,1.718214596621692181e-03
8.341112148286438241e+03,1.711496268399059772e-03
8.351113481797574423e+03,1.705500762909650803e-03
8.361114815308708785e+03,1.698945998214185238e-03
8.371116148819843147e+03,1.692870631814002991e-03
8.381117482330977509e+03,1.686913426965475082e-03
8.391118815842113690e+03,1.680647605098783970e-03
8.401120149353248053e+03,1.674821018241345882e-03
8.411121482864382415e+03,1.668657059781253338e-03
8.421122816375516777e+03,1.662925118580460548e-03
8.431124149886652958e+03,1.656897133216261864e-03
8.441125483397787320e+03,1.651062746532261372e-03
8.451126816908921683e+03,1.645463518798351288e-03
8.461128150420056045e+03,1.639980240724980831e-03
8.471129483931192226e+03,1.633892534300684929e-03
8.481130817442326588e+03,1.628444413654506207e-03
8.491132150953460950e+03,1.622704439796507359e-03
8.501133484464595313e+03,1.617240835912525654e-03
8.511134817975731494e+03,1.611607731319963932e-03
8.521136151486865856e+03,1.606100820936262608e-03
8.531137484998000218e+03,1.600812305696308613e-03
8.541138818509134580e+03,1.595238107256591320e-03
8.551140152020270762e+03,1.589907333254814148e-03
8.561141485531405124e+03,1.584456651471555233e-03
8.571142819042539486e+03,1.579097239300608635e-03
8.581144152553673848e+03,1.573891029693186283e-03
8.591145486064810029e+03,1.568450126796960831e-03
8.601146819575944392e+03,1.563109690323472023e-03
8.611148153087078754e+03,1.557888230308890343e-03
8.621149486598213116e+03,1.552503556013107300e-03
8.631150820109349297e+03,1.547467545606195927e-03
8.641152153620483659e+03,1.541966921649873257e-03
8.651153487131618022e+03,1.536654424853622913e-03
8.661154820642752384e+03,1.531590591184794903e-03
8.671156154153888565e+03,1.526093692518770695e-03
8.681157487665022927e+03,1.520916703157126904e-03
8.691158821176157289e+03,1.515389769338071346e-03
8.701160154687291651e+03,1.509993686340749264e-03
8.711161488198427833e+03,1.504584797658026218e-03
8.721162821709562195e+03,1.499323290772736073e-03
8.731164155220696557e+03,1.493563177064061165e-03
8.741165488731830919e+03,1.487826346419751644e-03
8.751166822242967100e+03,1.482044230215251446e-03
8.761168155754101463e+03,1.476041856221854687e-03
8.771169489265235825e+03,1.469869399443268776e-03
8.781170822776370187e+03,1.463508349843323231e-03
8.791172156287506368e+03,1.456899568438529968e-03
8.801173489798640730e+03,1.450049574486911297e-03
8.811174823309775093e+03,1.443002838641405106e-03
8.821176156820909455e+03,1.435725716874003410e-03
8.831177490332045636e+03,1.428312738426029682e-03
8.841178823843179998e+03,1.420836080797016621e-03
8.851180157354314360e+03,1.413421123288571835e-03
8.861181490865448723e+03,1.406148541718721390e-03
8.871182824376584904e+03,1.399094355292618275e-03
8.881184157887719266e+03,1.392298843711614609e-03
8.891185491398853628e+03,1.385794021189212799e-03
8.901186824909987990e+03,1.379482797347009182e-03
8.911188158421124172e+03,1.373389037325978279e-03
8.921189491932258534e+03,1.367466407828032970e-03
8.931190825443392896e+03,1.361737609840929508e-03
8.941192158954527258e+03,1.356166438199579716e-03
8.951193492465663439e+03,1.350807957351207733e-03
8.961194825976797802e+03,1.345448778010904789e-03
8.971196159487932164e+03,1.340359798632562160e-03
8.981197492999066526e+03,1.335222390480339527e-03
8.991198826510202707e+03,1.330257044173777103e-03
9.001200160021337069e+03,1.325420918874442577e-03
9.011201493532471432e+03,1.320582581683993340e-03
9.021202827043605794e+03,1.315904082730412483e-03
9.031204160554741975e+03,1.311120460741221905e-03
9.041205494065876337e+03,1.306535908952355385e-03
9.051206827577010699e+03,1.302124699577689171e-03
9.061208161088145062e+03,1.297509530559182167e-03
9.071209494599281243e+03,1.293188543058931828e-03
9.081210828110415605e+03,1.288765110075473785e-03
9.091212161621549967e+03,1.284477533772587776e-03
9.101213495132684329e+03,1.280148397199809551e-03
9.111214828643820510e+03,1.275919843465089798e-03
9.121216162154954873e+03,1.271692104637622833e-03
9.131217495666089235e+03,1.267534564249217510e-03
9.141218829177223597e+03,1.263467129319906235e-03
9.151220162688359778e+03,1.259372802451252937e-03
9.161221496199494140e+03,1.255327137187123299e-03
9.171222829710628503e+03,1.251309178769588470e-03
9.181224163221762865e+03,1.247342675924301147e-03
9.191225496732899046e+03,1.243319245986640453e-03
9.201226830244033408e+03,1.239704084582626820e-03
9.211228163755167770e+03,1.235555391758680344e-03
9.221229497266302133e+03,1.231975154951214790e-03
9.231230830777438314e+03,1.227926462888717651e-03
9.241232164288572676e+03,1.224351814016699791e-03
9.251233497799707038e+03,1.220382051542401314e-03
9.261234831310841400e+03,1.216912642121315002e-03
9.271236164821977582e+03,1.212993403896689415e-03
9.281237498333111944e+03,1.209533656947314739e-03
9.291238831844246306e+03,1.205680193379521370e-03
9.301240165355380668e+03,1.202067593112587929e-03
9.311241498866516849e+03,1.198801212012767792e-03
9.321242832377651212e+03,1.194942393340170383e-03
9.331244165888785574e+03,1.191615941934287548e-03
9.341245499399919936e+03,1.187918242067098618e-03
9.351246832911056117e+03,1.184724969789385796e-03
9.361248166422190479e+03,1.181011903099715710e-03
9.371249499933324842e+03,1.177643425762653351e-03
9.381250833444459204e+03,1.174186705611646175e-03
9.391252166955595385e+03,1.170847914181649685e-03
9.401253500466729747e+03,1.167451264336705208e-03
9.411254833977864109e+03,1.164127723313868046e-03
9.421256167488998472e+03,1.160723972134292126e-03
9.431257501000134653e+03,1.157575985416769981e-03
9.441258834511269015e+03,1.154186902567744255e-03
9.451260168022403377e+03,1.151091302745044231e-03
9.461261501533537739e+03,1.147704897448420525e-03
9.471262835044673920e+03,1.144646084867417812e-03
9.481264168555808283e+03,1.141333370469510555e-03
9.491265502066942645e+03,1.138234627433121204e-03
9.501266835578077007e+03,1.135049038566648960e-03
9.511268169089213188e+03,1.131926896050572395e-03
9.521269502600347550e+03,1.128750620409846306e-03
9.531270836111481913e+03,1.125753507949411869e-03
9.541272169622616275e+03,1.122615532949566841e-03
9.551273503133752456e+03,1.119577325880527496e-03
9.561274836644886818e+03,1.116523751989006996e-03
9.571276170156021180e+03,1.113445614464581013e-03
9.581277503667155543e+03,1.110627548769116402e-03
9.591278837178291724e+03,1.107630087062716484e-03
9.601280170689426086e+03,1.104542752727866173e-03
9.611281504200560448e+03,1.101614674553275108e-03
9.621282837711694810e+03,1.098683103919029236e-03
9.631284171222830992e+03,1.095720683224499226e-03
9.641285504733965354e+03,1.092955702915787697e-03
9.651286838245099716e+03,1.089957077056169510e-03
9.661288171756234078e+03,1.087182201445102692e-03
9.671289505267370259e+03,1.084246905520558357e-03
9.681290838778504622e+03,1.081592519767582417e-03
9.691292172289638984e+03,1.078570145182311535e-03
9.701293505800773346e+03,1.075937645509839058e-03
9.711294839311909527e+03,1.072984421625733376e-03
9.721296172823043889e+03,1.070383470505475998e-03
9.731297506334178252e+03,1.067483448423445225e-03
9.741298839845312614e+03,1.064757700078189373e-03
9.751300173356448795e+03,1.062125898897647858e-03
9.761301506867583157e+03,1.059322850778698921e-03
9.771302840378717519e+03,1.056743669323623180e-03
9.781304173889851882e+03,1.053927349857985973e-03
9.791305507400988063e+03,1.051357015967369080e-03
9.801306840912122425e+03,1.048623817041516304e-03
9.811308174423256787e+03,1.046059885993599892e-03
9.821309507934391149e+03,1.043393742293119431e-03
9.831310841445527331e+03,1.040779286995530128e-03
9.841312174956661693e+03,1.038183574564754963e-03
9.851313508467796055e+03,1.035606605000793934e-03
9.861314841978930417e+03,1.033028936944901943e-03
9.871316175490066598e+03,1.030439976602792740e-03
9.881317509001200960e+03,1.027989317663013935e-03
9.891318842512335323e+03,1.025340054184198380e-03
9.901320176023469685e+03,1.022856682538986206e-03
9.911321509534605866e+03,1.020341995172202587e-03
9.921322843045740228e+03,1.017918228171765804e-03
9.931324176556874590e+03,1.015326823107898235e-03
9.941325510068008953e+03,1.012880820780992508e-03
9.951326843579145134e+03,1.010411651805043221e-03
9.961328177090279496e+03,1.007935148663818836e-03
9.971329510601413858e+03,1.005523605272173882e-03
9.981330844112548220e+03,1.003032317385077477e-03
9.991332177623684402e+03,1.000749529339373112e-03
1.000133351113481876e+04,9.981767507269978523e-04
1.001133484464595313e+04,9.957893053069710732e-04
1.002133617815708749e+04,9.933817200362682343e-04
1.003133751166822367e+04,9.909820510074496269e-04
1.004133884517935803e+04,9.885942563414573669e-04
1.005134017869049239e+04,9.862432489171624184e-04
1.006134151220162676e+04,9.837904945015907288e-04
1.007134284571276294e+04,9.815228404477238655e-04
1.008134417922389730e+04,9.790249168872833252e-04
1.009134551273503166e+04,9.767303708940744400e-04
1.010134684624616602e+04,9.741985122673213482e-04
1.011134817975730220e+04,9.717984939925372601e-04
1.012134951326843657e+04,9.693424217402935028e-04
1.013135084677957093e+04,9.667820413596928120e-04
1.014135218029070529e+04,9.641969227232038975e-04
1.015135351380184147e+04,9.614067967049777508e-04
1.016135484731297583e+04,9.583626524545252323e-04
1.017135618082411020e+04,9.546326473355293274e-04
1.018135751433524456e+04,9.490441880188882351e-04
1.019135884784638074e+04,9.347879095003008842e-04
1.020136018135751510e+04,8.913398487493395805e-04
1.021136151486864946e+04,8.734197472222149372e-04
1.022136284837978383e+04,8.655543206259608269e-04
1.023136418189092001e+04,8.600967121310532093e-04
1.024136551540205437e+04,8.559270645491778851e-04
1.025136684891318873e+04,8.524472941644489765e-04
1.026136818242432491e+04,8.493193308822810650e-04
1.027136951593545928e+04,8.463719859719276428e-04
1.028137084944659364e+04,8.435406489297747612e-04
1.029137218295772800e+04,8.408021531067788601e-04
1.030137351646886418e+04,8.381070801988244057e-04
1.031137484997999854e+04,8.354556048288941383e-04
1.032137618349113291e+04,8.328281110152602196e-04
1.033137751700226727e+04,8.302038186229765415e-04
1.034137885051340345e+04,8.275723084807395935e-04
1.035138018402453781e+04,8.249268284998834133e-04
1.036138151753567217e+04,8.222534670494496822e-04
1.037138285104680654e+04,8.195244590751826763e-04
1.038138418455794272e+04,8.167274063453078270e-04
1.039138551806907708e+04,8.138139382936060429e-04
1.040138685158021144e+04,8.107500034384429455e-04
1.041138818509134580e+04,8.074825163930654526e-04
1.042138951860248198e+04,8.039140375331044197e-04
1.043139085211361635e+04,7.998822256922721863e-04
1.044139218562475071e+04,7.951818988658487797e-04
1.045139351913588507e+04,7.894753362052142620e-04
1.046139485264702125e+04,7.824022322893142700e-04
1.047139618615815561e+04,7.740776054561138153e-04
1.048139751966928998e+04,7.652054191567003727e-04
1.049139885318042434e+04,7.568253204226493835e-04
1.050140018669156052e+04,7.494029123336076736e-04
1.051140152020269488e+04,7.429624674841761589e-04
1.052140285371382924e+04,7.373703992925584316e-04
1.053140418722496361e+04,7.324450416490435600e-04
1.054140552073609979e+04,7.280283607542514801e-04
1.055140685424723415e+04,7.240043487399816513e-04
1.056140818775836851e+04,7.203053100965917110e-04
1.057140952126950287e+04,7.168467273004353046e-04
1.058141085478063906e+04,7.135929772630333900e-04
1.059141218829177342e+04,7.105013937689363956e-04
1.060141352180290778e+04,7.075564935803413391e-04
1.061141485531404214e+04,7.047067629173398018e-04
1.062141618882517832e+04,7.019646000117063522e-04
1.063141752233631269e+04,6.992955459281802177e-04
1.064141885584744705e+04,6.967121153138577938e-04
1.065142018935858141e+04,6.941907340660691261e-04
1.066142152286971759e+04,6.917266873642802238e-04
1.067142285638085195e+04,6.893272511661052704e-04
1.068142418989198632e+04,6.869705393910408020e-04
1.069142552340312068e+04,6.846577161923050880e-04
1.070142685691425686e+04,6.823798757977783680e-04
1.071142819042539122e+04,6.801405106671154499e-04
1.072142952393652558e+04,6.779326940886676311e-04
1.073143085744765995e+04,6.757626542821526527e-04
1.074143219095879613e+04,6.736262585036456585e-04
1.075143352446993049e+04,6.715438212268054485e-04
1.076143485798106485e+04,6.694516050629317760e-04
1.077143619149219921e+04,6.673735915683209896e-04
1.078143752500333540e+04,6.653327727690339088e-04
1.079143885851446976e+04,6.633421871811151505e-04
1.080144019202560412e+04,6.613280856981873512e-04
1.081144152553673848e+04,6.593785947188735008e-04
1.082144285904787466e+04,6.574134458787739277e-04
1.083144419255900902e+04,6.555095314979553223e-04
1.084144552607014339e+04,6.535639404319226742e-04
1.085144685958127775e+04,6.517281290143728256e-04
1.086144819309241393e+04,6.498030270449817181e-04
1.087144952660354829e+04,6.479471339844167233e-04
1.088145086011468265e+04,6.461159209720790386e-04
1.089145219362581702e+04,6.442913436330854893e-04
1.090145352713695320e+04,6.424614693969488144e-04
1.091145486064808756e+04,6.407301989383995533e-04
1.092145619415922192e+04,6.388824549503624439e-04
1.093145752767035628e+04,6.371811614371836185e-04
1.094145886118149247e+04,6.353799835778772831e-04
1.095146019469262683e+04,6.336644291877746582e-04
1.096146152820376119e+04,6.319191306829452515e-04
1.097146286171489555e+04,6.302522961050271988e-04
1.098146419522603173e+04,6.285293493419885635e-04
1.099146552873716610e+04,6.268115830607712269e-04
1.100146686224830046e+04,6.252240273170173168e-04
1.101146819575943482e+04,6.235025357455015182e-04
1.102146952927057100e+04,6.218624184839427471e-04
1.103147086278170536e+04,6.202355143614113331e-04
1.104147219629283973e+04,6.185983656905591488e-04
1.105147352980397409e+04,6.170348497107625008e-04
1.106147486331511027e+04,6.153797730803489685e-04
1.107147619682624463e+04,6.137785967439413071e-04
1.108147753033737899e+04,6.123309140093624592e-04
1.109147886384851336e+04,6.106663495302200317e-04
1.110148019735964954e+04,6.090841488912701607e-04
1.111148153087078390e+04,6.075490964576601982e-04
1.112148286438191826e+04,6.060493178665637970e-04
1.113148419789305262e+04,6.044843466952443123e-04
1.114148553140418881e+04,6.030587246641516685e-04
1.115148686491532317e+04,6.014575483277440071e-04
1.116148819842645753e+04,6.000099238008260727e-04
1.117148953193759189e+04,5.984893068671226501e-04
1.118149086544872807e+04,5.970273050479590893e-04
1.119149219895986244e+04,5.955601809546351433e-04
1.120149353247099680e+04,5.940831033512949944e-04
1.121149486598213116e+04,5.926301819272339344e-04
1.122149619949326734e+04,5.912854103371500969e-04
1.123149753300440170e+04,5.898075178265571594e-04
1.124149886651553606e+04,5.883618723601102829e-04
1.125150020002667043e+04,5.869392771273851395e-04
1.126150153353780661e+04,5.856014322489500046e-04
1.127150286704894097e+04,5.841902457177639008e-04
1.128150420056007533e+04,5.827769055031239986e-04
1.129150553407120969e+04,5.813988391309976578e-04
1.130150686758234588e+04,5.800683866254985332e-04
1.131150820109348024e+04,5.786608671769499779e-04
1.132150953460461460e+04,5.773122538812458515e-04
1.133151086811574896e+04,5.760531057603657246e-04
1.134151220162688514e+04,5.747035611420869827e-04
1.135151353513801951e+04,5.733136204071342945e-04
1.136151486864915387e+04,5.720228073187172413e-04
1.137151620216028823e+04,5.707198288291692734e-04
1.138151753567142441e+04,5.693875718861818314e-04
1.139151886918255877e+04,5.682125338353216648e-04
1.140152020269369314e+04,5.668046069331467152e-04
1.141152153620482750e+04,5.656474386341869831e-04
1.142152286971596368e+04,5.642696050927042961e-04
1.143152420322709804e+04,5.630274536088109016e-04
1.144152553673823240e+04,5.617784336209297180e-04
1.145152687024936677e+04,5.605362821370363235e-04
1.146152820376050295e+04,5.592702073045074940e-04
1.147152953727163731e+04,5.580658325925469398e-04
1.148153087078277167e+04,5.568026681430637836e-04
1.149153220429390603e+04,5.556157557293772697e-04
1.150153353780504222e+04,5.543844890780746937e-04
1.151153487131617658e+04,5.532060749828815460e-04
1.152153620482731094e+04,5.519755068235099316e-04
1.153153753833844530e+04,5.508070462383329868e-04
1.154153887184958148e+04,5.495978402905166149e-04
1.155154020536071585e+04,5.484052235260605812e-04
1.156154153887185021e+04,5.472657503560185432e-04
1.157154287238298457e+04,5.460903048515319824e-04
1.158154420589412075e+04,5.449163145385682583e-04
1.159154553940525511e+04,5.438024527393281460e-04
1.160154687291638947e+04,5.426202551461756229e-04
1.161154820642752384e+04,5.415230407379567623e-04
1.162154953993866002e+04,5.403407849371433258e-04
1.163155087344979438e+04,5.392593448050320148e-04
1.164155220696092874e+04,5.380883230827748775e-04
1.165155354047206310e+04,5.370404105633497238e-04
1.166155487398319929e+04,5.358771886676549911e-04
1.167155620749433365e+04,5.348077393136918545e-04
1.168155754100546801e+04,5.336663452908396721e-04
1.169155887451660237e+04,5.326427635736763477e-04
1.170156020802773855e+04,5.314961308613419533e-04
1.171156154153887292e+04,5.304658552631735802e-04
1.172156287505000728e+04,5.293441354297101498e-04
1.173156420856114164e+04,5.283508216962218285e-04
1.174156554207227782e+04,5.272182170301675797e-04
1.175156687558341218e+04,5.261772312223911285e-04
1.176156820909454655e+04,5.251185502856969833e-04
1.177156954260568091e+04,5.241034086793661118e-04
1.178157087611681709e+04,5.230449023656547070e-04
1.179157220962795145e+04,5.220201564952731133e-04
1.180157354313908581e+04,5.209944793023169041e-04
1.181157487665022018e+04,5.199741572141647339e-04
1.182157621016135636e+04,5.189469084143638611e-04
1.183157754367249072e+04,5.179578438401222229e-04
1.184157887718362508e+04,5.169191281311213970e-04
1.185158021069475944e+04,5.160021828487515450e-04
1.186158154420589563e+04,5.149312783032655716e-04
1.187158287771702999e+04,5.139927961863577366e-04
1.188158421122816435e+04,5.129622295498847961e-04
1.189158554473929871e+04,5.120273563079535961e-04
1.190158687825043489e+04,5.110098281875252724e-04
1.191158821176156926e+04,5.100979469716548920e-04
1.192158954527270362e+04,5.090926424600183964e-04
1.193159087878383798e+04,5.081399576738476753e-04
1.194159221229497416e+04,5.071681225672364235e-04
1.195159354580610852e+04,5.062721902504563332e-04
1.196159487931724289e+04,5.052672931924462318e-04
1.197159621282837725e+04,5.043744458816945553e-04
1.198159754633951343e+04,5.034032510593533516e-04
1.199159887985064779e+04,5.024992860853672028e-04
1.200160021336178215e+04,5.015610367991030216e-04
1.201160154687291651e+04,5.006215069442987442e-04
1.202160288038405270e+04,4.997961223125457764e-04
1.203160421389518706e+04,4.987993743270635605e-04
1.204160554740632142e+04,4.979276563972234726e-04
1.205160688091745578e+04,4.970062873326241970e-04
1.206160821442859196e+04,4.961351514793932438e-04
1.207160954793972633e+04,4.952143062837421894e-04
1.208161088145086069e+04,4.943541716784238815e-04
1.209161221496199505e+04,4.934652824886143208e-04
1.210161354847313123e+04,4.926003748551011086e-04
1.211161488198426559e+04,4.917073529213666916e-04
1.212161621549539996e+04,4.908507689833641052e-04
1.213161754900653432e+04,4.899624618701636791e-04
1.214161888251767050e+04,4.891319549642503262e-04
1.215162021602880486e+04,4.882551438640803099e-04
1.216162154953993922e+04,4.873970756307244301e-04
1.217162288305107359e+04,4.865717783104628325e-04
1.218162421656220977e+04,4.857108579017221928e-04
1.219162555007334413e+04,4.849070392083376646e-04
1.220162688358447849e+04,4.840315086767077446e-04
1.221162821709561285e+04,4.832161357626318932e-04
1.222162955060674904e+04,4.823828057851642370e-04
1.223163088411788340e+04,4.815502907149493694e-04
1.224163221762901776e+04,4.807785735465586185e-04
1.225163355114015212e+04,4.799189046025276184e-04
1.226163488465128830e+04,4.791542887687683105e-04
1.227163621816242267e+04,4.783049516845494509e-04
1.228163755167355703e+04,4.775251145474612713e-04
1.229163888518469139e+04,4.767110804095864296e-04
1.230164021869582757e+04,4.759026924148201942e-04
1.231164155220696193e+04,4.751142987515777349e-04
1.232164288571809630e+04,4.743528843391686678e-04
1.233164421922923066e+04,4.735987458843737841e-04
1.234164555274036684e+04,4.727683553937822580e-04
1.235164688625150120e+04,4.719918651971966028e-04
1.236164821976263556e+04,4.712896188721060753e-04
1.237164955327376992e+04,4.704532620962709188e-04
1.238165088678490611e+04,4.697260737884789705e-04
1.239165222029604047e+04,4.689391062129288912e-04
1.240165355380717483e+04,4.682079597841948271e-04
1.241165488731830919e+04,4.674487863667309284e-04
1.242165622082944537e+04,4.667036992032080889e-04
1.243165755434057974e+04,4.659471451304852962e-04
1.244165888785171410e+04,4.652048519346863031e-04
1.245166022136284846e+04,4.644790024030953646e-04
1.246166155487398464e+04,4.637304227799177170e-04
1.247166288838511900e+04,4.629936011042445898e-04
1.248166422189625337e+04,4.623203712981194258e-04
1.249166555540738773e+04,4.615498473867774010e-04
1.250166688891852391e+04,4.608599119819700718e-04
1.251166822242965827e+04,4.601182008627802134e-04
1.252166955594079263e+04,4.594222409650683403e-04
1.253167088945192700e+04,4.587235453072935343e-04
1.254167222296306318e+04,4.579962696880102158e-04
1.255167355647419754e+04,4.572878242470324039e-04
1.256167488998533190e+04,4.566360730677843094e-04
1.257167622349646626e+04,4.558954096864908934e-04
1.258167755700760245e+04,4.552205500658601522e-04
1.259167889051873681e+04,4.545363190118223429e-04
1.260168022402987117e+04,4.538615175988525152e-04
1.261168155754100553e+04,4.531608428806066513e-04
1.262168289105214171e+04,4.524899413809180260e-04
1.263168422456327608e+04,4.518187488429248333e-04
1.264168555807441044e+04,4.511339939199388027e-04
1.265168689158554480e+04,4.505007527768611908e-04
1.266168822509668098e+04,4.497943155001848936e-04
1.267168955860781534e+04,4.491794097702950239e-04
1.268169089211894971e+04,4.485055396798998117e-04
1.269169222563008407e+04,4.478254122659564018e-04
1.270169355914122025e+04,4.472017753869295120e-04
1.271169489265235461e+04,4.465251404326409101e-04
1.272169622616348897e+04,4.458744369912892580e-04
1.273169755967462334e+04,4.453037108760327101e-04
1.274169889318575952e+04,4.446095845196396112e-04
1.275170022669689388e+04,4.439642652869224548e-04
1.276170156020802824e+04,4.433495341800153255e-04
1.277170289371916260e+04,4.426954546943306923e-04
1.278170422723029878e+04,4.421205376274883747e-04
1.279170556074143315e+04,4.414448630996048450e-04
1.280170689425256751e+04,4.408732638694345951e-04
1.281170822776370369e+04,4.402023332659155130e-04
1.282170956127483805e+04,4.395865835249423981e-04
1.283171089478597241e+04,4.390104732010513544e-04
1.284171222829710678e+04,4.383673658594489098e-04
1.285171356180824296e+04,4.378166049718856812e-04
1.286171489531937732e+04,4.371583345346152782e-04
1.287171622883051168e+04,4.365704371593892574e-04
1.288171756234164604e+04,4.359698214102536440e-04
1.289171889585278223e+04,4.353818658273667097e-04
1.290172022936391659e+04,4.347778158262372017e-04
1.291172156287505095e+04,4.342034226283431053e-04
1.292172289638618531e+04,4.336133424658328295e-04
1.293172422989732149e+04,4.330155788920819759e-04
1.294172556340845586e+04,4.324789042584598064e-04
1.295172689691959022e+04,4.318510473240166903e-04
1.296172823043072458e+04,4.313124518375843763e-04
1.297172956394186076e+04,4.307072667870670557e-04
1.298173089745299512e+04,4.301378212403506041e-04
1.299173223096412949e+04,4.295799008104950190e-04
1.300173356447526385e+04,4.290285869501531124e-04
1.301173489798640003e+04,4.284481401555240154e-04
1.302173623149753439e+04,4.278930427972227335e-04
1.303173756500866875e+04,4.273353551980108023e-04
1.304173889851980312e+04,4.267720214556902647e-04
1.305174023203093930e+04,4.262553993612527847e-04
1.306174156554207366e+04,4.256845277268439531e-04
1.307174289905320802e+04,4.251303616911172867e-04
1.308174423256434238e+04,4.246043099556118250e-04
1.309174556607547856e+04,4.240552370902150869e-04
1.310174689958661293e+04,4.235363448970019817e-04
1.311174823309774729e+04,4.229709447827190161e-04
1.312174956660888165e+04,4.224758013151586056e-04
1.313175090012001783e+04,4.219056572765111923e-04
1.314175223363115219e+04,4.214151413179934025e-04
1.315175356714228656e+04,4.208555037621408701e-04
1.316175490065342092e+04,4.203475837130099535e-04
1.317175623416455710e+04,4.198062233626842499e-04
1.318175756767569146e+04,4.192980704829096794e-04
1.319175890118682582e+04,4.187724844086915255e-04
1.320176023469796019e+04,4.182774573564529419e-04
1.321176156820909637e+04,4.177505034022033215e-04
1.322176290172023073e+04,4.172625776845961809e-04
1.323176423523136509e+04,4.167384176980704069e-04
1.324176556874249945e+04,4.162456898484379053e-04
1.325176690225363564e+04,4.157265939284116030e-04
1.326176823576477000e+04,4.152330220676958561e-04
1.327176956927590436e+04,4.147354920860379934e-04
1.328177090278703872e+04,4.142299003433436155e-04
1.329177223629817490e+04,4.137848736718297005e-04
1.330177356980930927e+04,4.132457543164491653e-04
1.331177490332044363e+04,4.128006694372743368e-04
1.332177623683157799e+04,4.122720565646886826e-04
1.333177757034271417e+04,4.117885837331414223e-04
1.334177890385384853e+04,4.113271716050803661e-04
1.335178023736498290e+04,4.108263819944113493e-04
1.336178157087611726e+04,4.103964311070740223e-04
1.337178290438725344e+04,4.098765202797949314e-04
1.338178423789838780e+04,4.094227624591439962e-04
1.339178557140952216e+04,4.089373396709561348e-04
1.340178690492065653e+04,4.084849206265062094e-04
1.341178823843179271e+04,4.080035141669213772e-04
1.342178957194292707e+04,4.075607575941830873e-04
1.343179090545406143e+04,4.070832510478794575e-04
1.344179223896519579e+04,4.066268738824874163e-04
1.345179357247633197e+04,4.061592335347086191e-04
1.346179490598746634e+04,4.057082114741206169e-04
1.347179623949860070e+04,4.052482545375823975e-04
1.348179757300973506e+04,4.047992697451263666e-04
1.349179890652087124e+04,4.043522640131413937e-04
1.350180024003200560e+04,4.038909683004021645e-04
1.351180157354313997e+04,4.034838057123124599e-04
1.352180290705427433e+04,4.030083946418017149e-04
1.353180424056541051e+04,4.025938396807760000e-04
1.354180557407654487e+04,4.021208733320236206e-04
1.355180690758767923e+04,4.016913298983126879e-04
1.356180824109881360e+04,4.012548888567835093e-04
1.357180957460994978e+04,4.008200485259294510e-04
1.358181090812108414e+04,4.003889916930347681e-04
1.359181224163221850e+04,3.999630280304700136e-04
1.360181357514335286e+04,3.995374718215316534e-04
1.361181490865448905e+04,3.991151170339435339e-04
1.362181624216562341e+04,3.986754163634032011e-04
1.363181757567675777e+04,3.982928465120494366e-04
1.364181890918789213e+04,3.978326276410371065e-04
1.365182024269902831e+04,3.974544524680823088e-04
1.366182157621016268e+04,3.970139368902891874e-04
1.367182290972129704e+04,3.965859650634229183e-04
1.368182424323243140e+04,3.961815382353961468e-04
1.369182557674356758e+04,3.957668668590486050e-04
1.370182691025470194e+04,3.953541745431721210e-04
1.371182824376583631e+04,3.949795500375330448e-04
1.372182957727697067e+04,3.945456701330840588e-04
1.373183091078810685e+04,3.941637987736612558e-04
1.374183224429924121e+04,3.937402216251939535e-04
1.375183357781037557e+04,3.933553816750645638e-04
1.376183491132150994e+04,3.929462109226733446e-04
1.377183624483264612e+04,3.925657947547733784e-04
1.378183757834378048e+04,3.921513562090694904e-04
1.379183891185491484e+04,3.917893918696790934e-04
1.380184024536604920e+04,3.913718683179467916e-04
1.381184157887718538e+04,3.910003579221665859e-04
1.382184291238831975e+04,3.906074562110006809e-04
1.383184424589945411e+04,3.902189782820641994e-04
1.384184557941058847e+04,3.898369614034891129e-04
1.385184691292172465e+04,3.894496476277709007e-04
1.386184824643285901e+04,3.890776133630424738e-04
1.387184957994399338e+04,3.886961494572460651e-04
1.388185091345512774e+04,3.883219324052333832e-04
1.389185224696626392e+04,3.879410505760461092e-04
1.390185358047739828e+04,3.875664842780679464e-04
1.391185491398853264e+04,3.872063243761658669e-04
1.392185624749966701e+04,3.868333005812019110e-04
1.393185758101080319e+04,3.864581522066146135e-04
1.394185891452193755e+04,3.861027071252465248e-04
1.395186024803307191e+04,3.857193805743008852e-04
1.396186158154420627e+04,3.853667294606566429e-04
1.397186291505534246e+04,3.850055218208581209e-04
1.398186424856647682e+04,3.846370091196149588e-04
1.399186558207761118e+04,3.842949518002569675e-04
1.400186691558874554e+04,3.839256532955914736e-04
1.401186824909988172e+04,3.835744282696396112e-04
1.402186958261101609e+04,3.832178481388837099e-04
1.403187091612215045e+04,3.828651679214090109e-04
1.404187224963328481e+04,3.825200255960226059e-04
1.405187358314442099e+04,3.821633290499448776e-04
1.406187491665555535e+04,3.818389668595045805e-04
1.407187625016668972e+04,3.814746742136776447e-04
1.408187758367782408e+04,3.811338683590292931e-04
1.409187891718896026e+04,3.807964676525443792e-04
1.410188025070009462e+04,3.804409352596849203e-04
1.411188158421122898e+04,3.801047278102487326e-04
1.412188291772236335e+04,3.797695098910480738e-04
1.413188425123349953e+04,3.794437216129153967e-04
1.414188558474463389e+04,3.790912451222538948e-04
1.415188691825576825e+04,3.787806781474500895e-04
1.416188825176690261e+04,3.784249129239469767e-04
1.417188958527803879e+04,3.781081468332558870e-04
1.418189091878917316e+04,3.777669626288115978e-04
1.419189225230030752e+04,3.774355282075703144e-04
1.420189358581144188e+04,3.771416086237877607e-04
1.421189491932257806e+04,3.767888410948216915e-04
1.422189625283371242e+04,3.764765278901904821e-04
1.423189758634484679e+04,3.761400876101106405e-04
1.424189891985598115e+04,3.758450329769402742e-04
1.425190025336711733e+04,3.755038196686655283e-04
1.426190158687825169e+04,3.751963376998901367e-04
1.427190292038938605e+04,3.748693270608782768e-04
1.428190425390052042e+04,3.745540743693709373e-04
1.429190558741165660e+04,3.742535482160747051e-04
1.430190692092279096e+04,3.739331150427460670e-04
1.431190825443392532e+04,3.736180660780519247e-04
1.432190958794505968e+04,3.733054618351161480e-04
1.433191092145619587e+04,3.730348835233598948e-04
1.434191225496733023e+04,3.726955619640648365e-04
1.435191358847846459e+04,3.723922127392143011e-04
1.436191492198959895e+04,3.720930835697799921e-04
1.437191625550073513e+04,3.717833023983985186e-04
1.438191758901186950e+04,3.714803024195134640e-04
1.439191892252300386e+04,3.711867611855268478e-04
1.440192025603413822e+04,3.708945296239107847e-04
1.441192158954527440e+04,3.705832932610064745e-04
1.442192292305640876e+04,3.702914982568472624e-04
1.443192425656754313e+04,3.699938824865967035e-04
1.444192559007867749e+04,3.697130305226892233e-04
1.445192692358981367e+04,3.694093320518732071e-04
1.446192825710094803e+04,3.691384627018123865e-04
1.447192959061208239e+04,3.688299912028014660e-04
1.448193092412321676e+04,3.685553092509508133e-04
1.449193225763435294e+04,3.682551905512809753e-04
1.450193359114548730e+04,3.679670917335897684e-04
1.451193492465662166e+04,3.676984342746436596e-04
1.452193625816775602e+04,3.674048930406570435e-04
1.453193759167889220e+04,3.671272424980998039e-04
1.454193892519002657e+04,3.668405988719314337e-04
1.455194025870116093e+04,3.665797121357172728e-04
1.456194159221229529e+04,3.662849194370210171e-04
1.457194292572343147e+04,3.660094225779175758e-04
1.458194425923456583e+04,3.657330817077308893e-04
1.459194559274570020e+04,3.654685278888791800e-04
1.460194692625683456e+04,3.651796141639351845e-04
1.461194825976797074e+04,3.649423888418823481e-04
1.462194959327910510e+04,3.646372642833739519e-04
1.463195092679023946e+04,3.643822274170815945e-04
1.464195226030137383e+04,3.641088842414319515e-04
1.465195359381251001e+04,3.638322232291102409e-04
1.466195492732364437e+04,3.635883622337132692e-04
1.467195626083477873e+04,3.633009328041225672e-04
1.468195759434591309e+04,3.630436840467154980e-04
1.469195892785704928e+04,3.627807018347084522e-04
1.470196026136818364e+04,3.625175449997186661e-04
1.471196159487931800e+04,3.622609656304121017e-04
1.472196292839045236e+04,3.620006318669766188e-04
1.473196426190158854e+04,3.617471666075289249e-04
1.474196559541272291e+04,3.614855231717228889e-04
1.475196692892385727e+04,3.612262662500143051e-04
1.476196826243499163e+04,3.609886916819959879e-04
1.477196959594612781e+04,3.607154358178377151e-04
1.478197092945726217e+04,3.604608646128326654e-04
1.479197226296839654e+04,3.602197684813290834e-04
1.480197359647953090e+04,3.599615592975169420e-04
1.481197492999066708e+04,3.597179311327636242e-04
1.482197626350180144e+04,3.594701411202549934e-04
1.483197759701293580e+04,3.592250868678092957e-04
1.484197893052407017e+04,3.589770349208265543e-04
1.485198026403520635e+04,3.587290702853351831e-04
1.486198159754634071e+04,3.584905643947422504e-04
1.487198293105747507e+04,3.582476929295808077e-04
1.488198426456860943e+04,3.579984477255493402e-04
1.489198559807974561e+04,3.577670431695878506e-04
1.490198693159087998e+04,3.575200098566710949e-04
1.491198826510201434e+04,3.572938148863613605e-04
1.492198959861314870e+04,3.570562694221735001e-04
1.493199093212428488e+04,3.568049287423491478e-04
1.494199226563541924e+04,3.565762017387896776e-04
1.495199359914655361e+04,3.563495411071926355e-04
1.496199493265768797e+04,3.561021294444799423e-04
1.497199626616882415e+04,3.558835305739194155e-04
1.498199759967995851e+04,3.556393494363874197e-04
1.499199893319109287e+04,3.554231952875852585e-04
1.500200026670222724e+04,3.551829722709953785e-04
1.501200160021336342e+04,3.549581451807171106e-04
1.502200293372449778e+04,3.547341621015220881e-04
1.503200426723563214e+04,3.545006329659372568e-04
1.504200560074676650e+04,3.542807826306670904e-04
1.505200693425790269e+04,3.540504840202629566e-04
1.506200826776903705e+04,3.538254240993410349e-04
1.507200960128017141e+04,3.536218137014657259e-04
1.508201093479130577e+04,3.533819981385022402e-04
1.509201226830244195e+04,3.531643596943467855e-04
1.510201360181357632e+04,3.529428504407405853e-04
1.511201493532471068e+04,3.527329245116561651e-04
1.512201626883584504e+04,3.525079519022256136e-04
1.513201760234698122e+04,3.522960469126701355e-04
1.514201893585811558e+04,3.520759637467563152e-04
1.515202026936924995e+04,3.518641751725226641e-04
1.516202160288038431e+04,3.516505530569702387e-04
1.517202293639152049e+04,3.514403360895812511e-04
1.518202426990265485e+04,3.512249968480318785e-04
1.519202560341378921e+04,3.510116948746144772e-04
1.520202693692492358e+04,3.508061927277594805e-04
1.521202827043605976e+04,3.505930362734943628e-04
1.522202960394719412e+04,3.503948973957449198e-04
1.523203093745832848e+04,3.501798782963305712e-04
1.524203227096946284e+04,3.499753365758806467e-04
1.525203360448059902e+04,3.497638681437820196e-04
1.526203493799173339e+04,3.495687269605696201e-04
1.527203627150286775e+04,3.493549593258649111e-04
1.528203760501400211e+04,3.491556562948971987e-04
1.529203893852513829e+04,3.489517548587173223e-04
1.530204027203627265e+04,3.487510839477181435e-04
1.531204160554740702e+04,3.485617053229361773e-04
1.532204293905854138e+04,3.483485197648406029e-04
1.533204427256967756e+04,3.481527674011886120e-04
1.534204560608081192e+04,3.479534061625599861e-04
1.535204693959194628e+04,3.477602731436491013e-04
1.536204827310308247e+04,3.475634148344397545e-04
1.537204960661421683e+04,3.473715041764080524e-04
1.538205094012535119e+04,3.471699019428342581e-04
1.539205227363648555e+04,3.469788352958858013e-04
1.540205360714762173e+04,3.467864298727363348e-04
1.541205494065875610e+04,3.465932968538254499e-04
1.542205627416989046e+04,3.464076435193419456e-04
1.543205760768102482e+04,3.462108143139630556e-04
1.544205894119216100e+04,3.460341540630906820e-04
1.545206027470329536e+04,3.458354331087321043e-04
1.546206160821442973e+04,3.456528938841074705e-04
1.547206294172556409e+04,3.454562975093722343e-04
1.548206427523670027e+04,3.452767559792846441e-04
1.549206560874783463e+04,3.450872900430113077e-04
1.550206694225896899e+04,3.449195646680891514e-04
1.551206827577010336e+04,3.447172348387539387e-04
1.552206960928123954e+04,3.445497422944754362e-04
1.553207094279237390e+04,3.443541063461452723e-04
1.554207227630350826e+04,3.441765729803591967e-04
1.555207360981464262e+04,3.439996507950127125e-04
1.556207494332577880e+04,3.438132407609373331e-04
1.557207627683691317e+04,3.436386177781969309e-04
1.558207761034804753e+04,3.434542159084230661e-04
1.559207894385918189e+04,3.432948433328419924e-04
1.560208027737031807e+04,3.431001678109169006e-04
1.561208161088145243e+04,3.429355856496840715e-04
1.562208294439258680e+04,3.427510673645883799e-04
1.563208427790372116e+04,3.425772301852703094e-04
1.564208561141485734e+04,3.424067981541156769e-04
1.565208694492599170e+04,3.422311565373092890e-04
1.566208827843712606e+04,3.420674474909901619e-04
1.567208961194826043e+04,3.418834821786731482e-04
1.568209094545939661e+04,3.417251282371580601e-04
1.569209227897053097e+04,3.415439859963953495e-04
1.570209361248166533e+04,3.413798112887889147e-04
1.571209494599279969e+04,3.412076039239764214e-04
1.572209627950393588e+04,3.410496574360877275e-04
1.573209761301507024e+04,3.408711927477270365e-04
1.574209894652620460e+04,3.407101612538099289e-04
1.575210028003733896e+04,3.405415045563131571e-04
1.576210161354847514e+04,3.403819864615797997e-04
1.577210294705960951e+04,3.402118454687297344e-04
1.578210428057074387e+04,3.400539280846714973e-04
1.579210561408187823e+04,3.398849803488701582e-04
1.580210694759301441e+04,3.397244727239012718e-04
1.581210828110414877e+04,3.395661187823861837e-04
1.582210961461528314e+04,3.394062514416873455e-04
1.583211094812641750e+04,3.392419894225895405e-04
1.584211228163755368e+04,3.390868951100856066e-04
1.585211361514868804e+04,3.389251069165766239e-04
1.586211494865982240e+04,3.387644537724554539e-04
1.587211628217095677e+04,3.386225725989788771e-04
1.588211761568209295e+04,3.384492883924394846e-04
1.589211894919322731e+04,3.382991708349436522e-04
1.590212028270436167e+04,3.381403803359717131e-04
1.591212161621549603e+04,3.379850822966545820e-04
1.592212294972663221e+04,3.378330438863486052e-04
1.593212428323776658e+04,3.376784734427928925e-04
1.594212561674890094e+04,3.375220694579184055e-04
1.595212695026003530e+04,3.373898798599839211e-04
1.596212828377117148e+04,3.372252685949206352e-04
1.597212961728230584e+04,3.370711347088217735e-04
1.598213095079344021e+04,3.369246551301330328e-04
1.599213228430457457e+04,3.367722092662006617e-04
1.600213361781571075e+04,3.366313467267900705e-04
1.601213495132684511e+04,3.364730218891054392e-04
1.602213628483797947e+04,3.363269788678735495e-04
1.603213761834911384e+04,3.361833805684000254e-04
1.604213895186025002e+04,3.360329719725996256e-04
1.605214028537138438e+04,3.358905087225139141e-04
1.606214161888251874e+04,3.357426612637937069e-04
1.607214295239365310e+04,3.356031375005841255e-04
1.608214428590478929e+04,3.354558430146425962e-04
1.609214561941592365e+04,3.353100328240543604e-04
1.610214695292705801e+04,3.351749328430742025e-04
1.611214828643819237e+04,3.350247570779174566e-04
1.612214961994932855e+04,3.348912578076124191e-04
1.613215095346046292e+04,3.347420715726912022e-04
1.614215228697159728e+04,3.346061566844582558e-04
1.615215362048273164e+04,3.344615979585796595e-04
1.616215495399386782e+04,3.343255084473639727e-04
1.617215628750500218e+04,3.341932606417685747e-04
1.618215762101613655e+04,3.340464027132838964e-04
1.619215895452727091e+04,3.339095856063067913e-04
1.620216028803840709e+04,3.337746311444789171e-04
1.621216162154954145e+04,3.336400550324469805e-04
1.622216295506067581e+04,3.335001529194414616e-04
1.623216428857181018e+04,3.333642671350389719e-04
1.624216562208294636e+04,3.332433116156607866e-04
1.625216695559408072e+04,3.330971230752766132e-04
1.626216828910521508e+04,3.329714236315339804e-04
1.627216962261634944e+04,3.328310267534106970e-04
1.628217095612748562e+04,3.327003214508295059e-04
1.629217228963861999e+04,3.325699071865528822e-04
1.630217362314975435e+04,3.324432182125747204e-04
1.631217495666088871e+04,3.323063428979367018e-04
1.632217629017202489e+04,3.321809635963290930e-04
1.633217762368315925e+04,3.320475225336849689e-04
1.634217895719429362e+04,3.319181269034743309e-04
1.635218029070542798e+04,3.317957744002342224e-04
1.636218162421656416e+04,3.316697548143565655e-04
1.637218295772769852e+04,3.315359936095774174e-04
1.638218429123883288e+04,3.314099740236997604e-04
1.639218562474996725e+04,3.312818880658596754e-04
1.640218695826110343e+04,3.311620675958693027e-04
1.641218829177223597e+04,3.310323809273540974e-04
1.642218962528337215e+04,3.309086896479129791e-04
1.643219095879450833e+04,3.307884326204657555e-04
1.644219229230564088e+04,3.306594153400510550e-04
1.645219362581677706e+04,3.305470745544880629e-04
1.646219495932791324e+04,3.304146230220794678e-04
1.647219629283904578e+04,3.302968980278819799e-04
1.648219762635018196e+04,3.301706165075302124e-04
1.649219895986131451e+04,3.300561220385134220e-04
1.650220029337245069e+04,3.299302479717880487e-04
1.651220162688358687e+04,3.298157826066017151e-04
1.652220296039471941e+04,3.296910435892641544e-04
1.653220429390585559e+04,3.295750648248940706e-04
1.654220562741699177e+04,3.294547495897859335e-04
1.655220696092812432e+04,3.293425834272056818e-04
1.656220829443926050e+04,3.292198525741696358e-04
1.657220962795039304e+04,3.291042521595954895e-04
1.658221096146152922e+04,3.289866144768893719e-04
1.659221229497266540e+04,3.288805310148745775e-04
1.660221362848379795e+04,3.287546278443187475e-04
1.661221496199493413e+04,3.286417340859770775e-04
1.662221629550607031e+04,3.285269194748252630e-04
1.663221762901720285e+04,3.284158592578023672e-04
1.664221896252833903e+04,3.282990946900099516e-04
1.665222029603947158e+04,3.281904500909149647e-04
1.666222162955060776e+04,3.280740638729184866e-04
1.667222296306174394e+04,3.279607335571199656e-04
1.668222429657287648e+04,3.278591902926564217e-04
1.669222563008401266e+04,3.277396317571401596e-04
1.670222696359514885e+04,3.276336065027862787e-04
1.671222829710628139e+04,3.275188792031258345e-04
1.672222963061741757e+04,3.274158516433089972e-04
1.673223096412855011e+04,3.273007168900221586e-04
1.674223229763968629e+04,3.271968162152916193e-04
1.675223363115082248e+04,3.270835441071540117e-04
1.676223496466195502e+04,3.269748995080590248e-04
1.677223629817309120e+04,3.268726868554949760e-04
1.678223763168422738e+04,3.267617139499634504e-04
1.679223896519535992e+04,3.266579587943851948e-04
1.680224029870649611e+04,3.265487612225115299e-04
1.681224163221762865e+04,3.264496626798063517e-04
1.682224296572876483e+04,3.263399703428149223e-04
1.683224429923990101e+04,3.262356040067970753e-04
1.684224563275103355e+04,3.261310630477964878e-04
1.685224696626216974e+04,3.260292578488588333e-04
1.686224829977330592e+04,3.259223303757607937e-04
1.687224963328443846e+04,3.258249780628830194e-04
1.688225096679557464e+04,3.257171483710408211e-04
1.689225230030670718e+04,3.256225318182259798e-04
1.690225363381784337e+04,3.255151095800101757e-04
1.691225496732897955e+04,3.254169423598796129e-04
1.692225630084011209e+04,3.253119648434221745e-04
1.693225763435124827e+04,3.252214228268712759e-04
1.694225896786238445e+04,3.251125162933021784e-04
1.695226030137351700e+04,3.250182198826223612e-04
1.696226163488465318e+04,3.249135043006390333e-04
1.697226296839578572e+04,3.248208086006343365e-04
1.698226430190692190e+04,3.247172280680388212e-04
1.699226563541805808e+04,3.246251144446432590e-04
1.700226696892919063e+04,3.245215048082172871e-04
1.701226830244032681e+04,3.244288964197039604e-04
1.702226963595146299e+04,3.243286046199500561e-04
1.703227096946259553e+04,3.242333768866956234e-04
1.704227230297373171e+04,3.241391677875071764e-04
1.705227363648486426e+04,3.240413207095116377e-04
1.706227496999600044e+04,3.239536890760064125e-04
1.707227630350713662e+04,3.238528151996433735e-04
1.708227763701826916e+04,3.237595374230295420e-04
1.709227897052940534e+04,3.236649790778756142e-04
1.710228030404054152e+04,3.235731564927846193e-04
1.711228163755167407e+04,3.234777250327169895e-04
1.712228297106281025e+04,3.233934112358838320e-04
1.713228430457394279e+04,3.232934686820954084e-04
1.714228563808507897e+04,3.232061862945556641e-04
1.715228697159621515e+04,3.231096197851002216e-04
1.716228830510734770e+04,3.230189904570579529e-04
1.717228963861848388e+04,3.229386347811669111e-04
1.718229097212962006e+04,3.228386922273784876e-04
1.719229230564075260e+04,3.227580164093524218e-04
1.720229363915188878e+04,3.226591506972908974e-04
1.721229497266302133e+04,3.225766704417765141e-04
1.722229630617415751e+04,3.224824031349271536e-04
1.723229763968529369e+04,3.223997191525995731e-04
1.724229897319642623e+04,3.223063249606639147e-04
1.725230030670756241e+04,3.222195664420723915e-04
1.726230164021869859e+04,3.221304214093834162e-04
1.727230297372983114e+04,3.220528014935553074e-04
1.728230430724096732e+04,3.219595237169414759e-04
1.729230564075209986e+04,3.218750935047864914e-04
1.730230697426323604e+04,3.217864723410457373e-04
1.731230830777437222e+04,3.217033226974308491e-04
1.732230964128550477e+04,3.216162440367043018e-04
1.733231097479664095e+04,3.215379256289452314e-04
1.734231230830777713e+04,3.214520402252674103e-04
1.735231364181890967e+04,3.213644959032535553e-04
1.736231497533004585e+04,3.212811134289950132e-04
1.737231630884117840e+04,3.211994480807334185e-04
1.738231764235231458e+04,3.211163566447794437e-04
1.739231897586345076e+04,3.210318100173026323e-04
1.740232030937458330e+04,3.209517744835466146e-04
1.741232164288571948e+04,3.208689449820667505e-04
1.742232297639685567e+04,3.207883273717015982e-04
1.743232430990798821e+04,3.207048866897821426e-04
1.744232564341912439e+04,3.206245019100606441e-04
1.745232697693025693e+04,3.205449902452528477e-04
1.746232831044139311e+04,3.204637323506176472e-04
1.747232964395252930e+04,3.203872183803468943e-04
1.748233097746366184e+04,3.203063097316771746e-04
1.749233231097479802e+04,3.202270891051739454e-04
1.750233364448593420e+04,3.201483632437884808e-04
1.751233497799706674e+04,3.200681239832192659e-04
1.752233631150820293e+04,3.199939092155545950e-04
1.753233764501933547e+04,3.199123311787843704e-04
1.754233897853047165e+04,3.198399790562689304e-04
1.755234031204160783e+04,3.197584010194987059e-04
1.756234164555274037e+04,3.196811012458056211e-04
1.757234297906387656e+04,3.196061588823795319e-04
1.758234431257501274e+04,3.195300523657351732e-04
1.759234564608614528e+04,3.194550517946481705e-04
1.760234697959728146e+04,3.193781303707510233e-04
1.761234831310841400e+04,3.193038573954254389e-04
1.762234964661955019e+04,3.192281583324074745e-04
1.763235098013068637e+04,3.191529540345072746e-04
1.764235231364181891e+04,3.190837742295116186e-04
1.765235364715295509e+04,3.190044662915170193e-04
1.766235498066409127e+04,3.189319977536797523e-04
1.767235631417522382e+04,3.188576956745237112e-04
1.768235764768636000e+04,3.187849069945514202e-04
1.769235898119749254e+04,3.187134279869496822e-04
1.770236031470862872e+04,3.186387475579977036e-04
1.771236164821976490e+04,3.185733803547918797e-04
1.772236298173089745e+04,3.184953529853373766e-04
1.773236431524203363e+04,3.184257366228848696e-04
1.774236564875316981e+04,3.183516964782029390e-04
1.775236698226430235e+04,3.182897635269910097e-04
1.776236831577543853e+04,3.182113869115710258e-04
1.777236964928657108e+04,3.181410720571875572e-04
1.778237098279770726e+04,3.180699713993817568e-04
1.779237231630884344e+04,3.180024505127221346e-04
1.780237364981997598e+04,3.179360355716198683e-04
1.781237498333111216e+04,3.178624319843947887e-04
1.782237631684224834e+04,3.177958715241402388e-04
1.783237765035338089e+04,3.177245962433516979e-04
1.784237898386451707e+04,3.176626923959702253e-04
1.785238031737564961e+04,3.175890014972537756e-04
1.786238165088678579e+04,3.175228775944560766e-04
1.787238298439792197e+04,3.174541925545781851e-04
1.788238431790905452e+04,3.173892328049987555e-04
1.789238565142019070e+04,3.173209843225777149e-04
1.790238698493132688e+04,3.172552387695759535e-04
1.791238831844245942e+04,3.171886492054909468e-04
1.792238965195359560e+04,3.171224088873714209e-04
1.793239098546473178e+04,3.170555573888123035e-04
1.794239231897586433e+04,3.169902774970978498e-04
1.795239365248700051e+04,3.169252013321965933e-04
1.796239498599813305e+04,3.168639959767460823e-04
1.797239631950926923e+04,3.167946997564285994e-04
1.798239765302040541e+04,3.167306422255933285e-04
1.799239898653153796e+04,3.166676906403154135e-04
1.800240032004267414e+04,3.166024980600923300e-04
1.801240165355381032e+04,3.165427187923341990e-04
1.802240298706494286e+04,3.164763038512319326e-04
1.803240432057607904e+04,3.164134395774453878e-04
1.804240565408721159e+04,3.163511573802679777e-04
1.805240698759834777e+04,3.162880893796682358e-04
1.806240832110948395e+04,3.162274661008268595e-04
1.807240965462061649e+04,3.161635249853134155e-04
1.808241098813175267e+04,3.161040367558598518e-04
1.809241232164288886e+04,3.160404157824814320e-04
1.810241365515402140e+04,3.159820043947547674e-04
1.811241498866515758e+04,3.159171901643276215e-04
1.812241632217629012e+04,3.158623585477471352e-04
1.813241765568742630e+04,3.157959727104753256e-04
1.814241898919856249e+04,3.157390747219324112e-04
1.815242032270969503e+04,3.156775783281773329e-04
1.816242165622083121e+04,3.156190796289592981e-04
1.817242298973196739e+04,3.155578451696783304e-04
1.818242432324309993e+04,3.154995501972734928e-04
1.819242565675423612e+04,3.154402074869722128e-04
1.820242699026536866e+04,3.153821162413805723e-04
1.821242832377650484e+04,3.153233556076884270e-04
1.822242965728764102e+04,3.152650315314531326e-04
1.823243099079877356e+04,3.152067947667092085e-04
1.824243232430990975e+04,3.151486744172871113e-04
1.825243365782104593e+04,3.150908742100000381e-04
1.826243499133217847e+04,3.150341799482703209e-04
1.827243632484331465e+04,3.149756812490522861e-04
1.828243765835444719e+04,3.149229451082646847e-04
1.829243899186558338e+04,3.148628165945410728e-04
1.830244032537671956e+04,3.148076939396560192e-04
1.831244165888785210e+04,3.147499519400298595e-04
1.832244299239898828e+04,3.146974777337163687e-04
1.833244432591012446e+04,3.146395902149379253e-04
1.834244565942125701e+04,3.145850787404924631e-04
1.835244699293239319e+04,3.145279188174754381e-04
1.836244832644352573e+04,3.144772490486502647e-04
1.837244965995466191e+04,3.144190122839063406e-04
1.838245099346579809e+04,3.143648209515959024e-04
1.839245232697693064e+04,3.143112699035555124e-04
1.840245366048806682e+04,3.142564673908054829e-04
1.841245499399920300e+04,3.142015775665640831e-04
1.842245632751033554e+04,3.141521301586180925e-04
1.843245766102147172e+04,3.140959888696670532e-04
1.844245899453260427e+04,3.140423796139657497e-04
1.845246032804374045e+04,3.139896434731781483e-04
1.846246166155487663e+04,3.139364416711032391e-04
1.847246299506600917e+04,3.138843167107552290e-04
1.848246432857714535e+04,3.138332103844732046e-04
1.849246566208828153e+04,3.137813473585993052e-04
1.850246699559941408e+04,3.137267776764929295e-04
1.851246832911055026e+04,3.136789600830525160e-04
1.852246966262168280e+04,3.136240120511502028e-04
1.853247099613281898e+04,3.135764854960143566e-04
1.854247232964395516e+04,3.135220322292298079e-04
1.855247366315508771e+04,3.134733124170452356e-04
1.856247499666622389e+04,3.134210419375449419e-04
1.857247633017736007e+04,3.133717982564121485e-04
1.858247766368849261e+04,3.133210993837565184e-04
1.859247899719962879e+04,3.132711863145232201e-04
1.860248033071076134e+04,3.132225247099995613e-04
1.861248166422189752e+04,3.131708945147693157e-04
1.862248299773303370e+04,3.131243574898689985e-04
1.863248433124416624e+04,3.130719123873859644e-04
1.864248566475530242e+04,3.130257537122815847e-04
1.865248699826643860e+04,3.129747346974909306e-04
1.866248833177757115e+04,3.129295946564525366e-04
1.867248966528870733e+04,3.128782554995268583e-04
1.868249099879983987e+04,3.128302632831037045e-04
1.869249233231097605e+04,3.127842501271516085e-04
1.870249366582211223e+04,3.127343952655792236e-04
1.871249499933324478e+04,3.126881492789834738e-04
1.872249633284438096e+04,3.126400115434080362e-04
1.873249766635551714e+04,3.125935909338295460e-04
1.874249899986664968e+04,3.125459188595414162e-04
1.875250033337778586e+04,3.125002840533852577e-04
1.876250166688891841e+04,3.124535724055022001e-04
1.877250300040005459e+04,3.124064242001622915e-04
1.878250433391119077e+04,3.123618662357330322e-04
1.879250566742232331e+04,3.123135247733443975e-04
1.880250700093345949e+04,3.122685302514582872e-04
1.881250833444459568e+04,3.122237103525549173e-04
1.882250966795572822e+04,3.121772606391459703e-04
1.883251100146686440e+04,3.121350018773227930e-04
1.884251233497799694e+04,3.120870387647300959e-04
1.885251366848913312e+04,3.120424225926399231e-04
1.886251500200026931e+04,3.119998727925121784e-04
1.887251633551140185e+04,3.119529574178159237e-04
1.888251766902253803e+04,3.119101165793836117e-04
1.889251900253367421e+04,3.118651511613279581e-04
1.890252033604480675e+04,3.118229215033352375e-04
1.891252166955594294e+04,3.117787709925323725e-04
1.892252300306707548e+04,3.117342130281031132e-04
1.893252433657821166e+04,3.116924781352281570e-04
1.894252567008934784e+04,3.116478910669684410e-04
1.895252700360048038e+04,3.116050502285361290e-04
1.896252833711161657e+04,3.115618019364774227e-04
1.897252967062275275e+04,3.115190775133669376e-04
1.898253100413388529e+04,3.114783903583884239e-04
1.899253233764502147e+04,3.114348219241946936e-04
1.900253367115615401e+04,3.113932907581329346e-04
1.901253500466729020e+04,3.113516431767493486e-04
1.902253633817842638e+04,3.113093844149261713e-04
1.903253767168955892e+04,3.112693666480481625e-04
1.904253900520069510e+04,3.112257982138544321e-04
1.905254033871183128e+04,3.111865371465682983e-04
1.906254167222296383e+04,3.111441910732537508e-04
1.907254300573410001e+04,3.111025725957006216e-04
1.908254433924523255e+04,3.110629622824490070e-04
1.909254567275636873e+04,3.110220714006572962e-04
1.910254700626750491e+04,3.109826648142188787e-04
1.911254833977863746e+04,3.109414537902921438e-04
1.912254967328977364e+04,3.109024546574801207e-04
1.913255100680090982e+04,3.108616219833493233e-04
1.914255234031204236e+04,3.108224191237241030e-04
1.915255367382317854e+04,3.107836528215557337e-04
1.916255500733431109e+04,3.107433149125427008e-04
1.917255634084544727e+04,3.107037337031215429e-04
1.918255767435658345e+04,3.106652002315968275e-04
1.919255900786771599e+04,3.106251242570579052e-04
1.920256034137885217e+04,3.105888317804783583e-04
1.921256167488998835e+04,3.105477662757039070e-04
1.922256300840112090e+04,3.105101641267538071e-04
1.923256434191225708e+04,3.104707866441458464e-04
1.924256567542338962e+04,3.104369679931551218e-04
1.925256700893452580e+04,3.103954368270933628e-04
1.926256834244566198e+04,3.103577182628214359e-04
1.927256967595679453e+04,3.103204653598368168e-04
1.928257100946793071e+04,3.102824266534298658e-04
1.929257234297906689e+04,3.102452319581061602e-04
1.930257367649019943e+04,3.102077753283083439e-04
1.931257501000133561e+04,3.101705515291541815e-04
1.932257634351246816e+04,3.101351321674883366e-04
1.933257767702360434e+04,3.100964822806417942e-04
1.934257901053474052e+04,3.100623143836855888e-04
1.935258034404587306e+04,3.100236353930085897e-04
1.936258167755700924e+04,3.099892928730696440e-04
1.937258301106814542e+04,3.099512832704931498e-04
1.938258434457927797e+04,3.099167370237410069e-04
1.939258567809041415e+04,3.098807646892964840e-04
1.940258701160154669e+04,3.098438610322773457e-04
1.941258834511268287e+04,3.098101879004389048e-04
1.942258967862381905e+04,3.097723238170146942e-04
1.943259101213495160e+04,3.097400767728686333e-04
1.944259234564608778e+04,3.097024164162576199e-04
1.945259367915722396e+04,3.096677828580141068e-04
1.946259501266835650e+04,3.096325381193310022e-04
1.947259634617949268e+04,3.095986903645098209e-04
1.948259767969062523e+04,3.095646388828754425e-04
1.949259901320176141e+04,3.095288411714136600e-04
1.950260034671289759e+04,3.094958956353366375e-04
1.951260168022403013e+04,3.094607382081449032e-04
1.952260301373516631e+04,3.094265412073582411e-04
1.953260434724630250e+04,3.093921113759279251e-04
1.954260568075743504e+04,3.093610575888305902e-04
1.955260701426857122e+04,3.093268605880439281e-04
1.956260834777970376e+04,3.092914994340389967e-04
1.957260968129083994e+04,3.092585830017924309e-04
1.958261101480197613e+04,3.092268307227641344e-04
1.959261234831310867e+04,3.091918770223855972e-04
1.960261368182424485e+04,3.091611142735928297e-04
1.961261501533538103e+04,3.091263643000274897e-04
1.962261634884651357e+04,3.090960672125220299e-04
1.963261768235764976e+04,3.090611426159739494e-04
1.964261901586878230e+04,3.090317186433821917e-04
1.965262034937991848e+04,3.089965612161904573e-04
1.966262168289105466e+04,3.089678066316992044e-04
1.967262301640218720e+04,3.089323872700333595e-04
1.968262434991332339e+04,3.089029341936111450e-04
1.969262568342445957e+04,3.088697267230600119e-04
1.970262701693559211e+04,3.088377125095576048e-04
1.971262835044672829e+04,3.088066878262907267e-04
1.972262968395786083e+04,3.087750228587538004e-04
1.973263101746899702e+04,3.087460063397884369e-04
1.974263235098013320e+04,3.087123914156109095e-04
1.975263368449126574e+04,3.086819488089531660e-04
1.976263501800240192e+04,3.086523502133786678e-04
1.977263635151353810e+04,3.086200158577412367e-04
1.978263768502467065e+04,3.085912903770804405e-04
1.979263901853580683e+04,3.085588396061211824e-04
1.980264035204693937e+04,3.085295611526817083e-04
1.981264168555807555e+04,3.084980417042970657e-04
1.982264301906921173e+04,3.084691998083144426e-04
1.983264435258034428e+04,3.084383497480303049e-04
1.984264568609148046e+04,3.084083728026598692e-04
1.985264701960261664e+04,3.083801129832863808e-04
1.986264835311374918e+04,3.083494666498154402e-04
1.987264968662488536e+04,3.083195188082754612e-04
1.988265102013601791e+04,3.082916664425283670e-04
1.989265235364715409e+04,3.082609327975660563e-04
1.990265368715829027e+04,3.082317416556179523e-04
1.991265502066942281e+04,3.082046459894627333e-04
1.992265635418055899e+04,3.081744071096181870e-04
1.993265768769169517e+04,3.081450995523482561e-04
1.994265902120282772e+04,3.081179165747016668e-04
1.995266035471396390e+04,3.080883761867880821e-04
1.996266168822509644e+04,3.080602909903973341e-04
1.997266302173623262e+04,3.080320311710238457e-04
1.998266435524736880e+04,3.080031892750412226e-04
1.999266568875850135e+04,3.079750167671591043e-04
2.000266702226963753e+04,3.079480084124952555e-04
2.001266835578077371e+04,3.079188172705471516e-04
2.002266968929190625e+04,3.078940790146589279e-04
2.003267102280304243e+04,3.078637528233230114e-04
2.004267235631417498e+04,3.078360459767282009e-04
2.005267368982531116e+04,3.078105510212481022e-04
2.006267502333644734e+04,3.077815636061131954e-04
2.007267635684757988e+04,3.077540895901620388e-04
2.008267769035871606e+04,3.077277215197682381e-04
2.009267902386985224e+04,3.077003057114779949e-04
2.010268035738098479e+04,3.076737921219319105e-04
2.011268169089212097e+04,3.076468419749289751e-04
2.012268302440325351e+04,3.076203283853828907e-04
2.013268435791438969e+04,3.075934364460408688e-04
2.014268569142552587e+04,3.075675631407648325e-04
2.015268702493665842e+04,3.075413114856928587e-04
2.016268835844779460e+04,3.075145068578422070e-04
2.017268969195893078e+04,3.074891574215143919e-04
2.018269102547006332e+04,3.074626729357987642e-04
2.019269235898119950e+04,3.074374690186232328e-04
2.020269369249233205e+04,3.074105770792812109e-04
2.021269502600346823e+04,3.073850530199706554e-04
2.022269635951460441e+04,3.073597908951342106e-04
2.023269769302573695e+04,3.073337138630449772e-04
2.024269902653687313e+04,3.073095285799354315e-04
2.025270036004800932e+04,3.072829276788979769e-04
2.026270169355914186e+04,3.072588297072798014e-04
2.027270302707027804e+04,3.072325489483773708e-04
2.028270436058141058e+04,3.072077815886586905e-04
2.029270569409254676e+04,3.071829851251095533e-04
2.030270702760368295e+04,3.071582468692213297e-04
2.031270836111481549e+04,3.071332757826894522e-04
2.032270969462595167e+04,3.071100509259849787e-04
2.033271102813708785e+04,3.070842067245393991e-04
2.034271236164822039e+04,3.070592647418379784e-04
2.035271369515935658e+04,3.070365346502512693e-04
2.036271502867048912e+04,3.070110105909407139e-04
2.037271636218162530e+04,3.069892991334199905e-04
2.038271769569276148e+04,3.069638332817703485e-04
2.039271902920389402e+04,3.069391823373734951e-04
2.040272036271503021e+04,3.069158701691776514e-04
2.041272169622616639e+04,3.068915393669158220e-04
2.042272302973729893e+04,3.068684600293636322e-04
2.043272436324843511e+04,3.068443329539150000e-04
2.044272569675956765e+04,3.068221849389374256e-04
2.045272703027070384e+04,3.067980578634887934e-04
2.046272836378184002e+04,3.067747165914624929e-04
2.047272969729297256e+04,3.067512589041143656e-04
2.048273103080410874e+04,3.067280049435794353e-04
2.049273236431524492e+04,3.067061479669064283e-04
2.050273369782637747e+04,3.066825447604060173e-04
2.051273503133751365e+04,3.066603676415979862e-04
2.052273636484864983e+04,3.066367644350975752e-04
2.053273769835978237e+04,3.066167118959128857e-04
2.054273903187091855e+04,3.065918572247028351e-04
2.055274036538205110e+04,3.065696510020643473e-04
2.056274169889318728e+04,3.065484634134918451e-04
2.057274303240432346e+04,3.065246855840086937e-04
2.058274436591545600e+04,3.065034397877752781e-04
2.059274569942659218e+04,3.064814663957804441e-04
2.060274703293772836e+04,3.064586489927023649e-04
2.061274836644886091e+04,3.064374905079603195e-04
2.062274969995999709e+04,3.064151096623390913e-04
2.063275103347112963e+04,3.063933982048183680e-04
2.064275236698226581e+04,3.063723270315676928e-04
2.065275370049340199e+04,3.063503245357424021e-04
2.066275503400453454e+04,3.063286130782216787e-04
2.067275636751567072e+04,3.063083859160542488e-04
2.068275770102680690e+04,3.062862379010766745e-04
2.069275903453793944e+04,3.062654286623001099e-04
2.070276036804907562e+04,3.062442119698971510e-04
2.071276170156020817e+04,3.062233445234596729e-04
2.072276303507134435e+04,3.062019532080739737e-04
2.073276436858248053e+04,3.061809402424842119e-04
2.074276570209361307e+04,3.061620227526873350e-04
2.075276703560474925e+04,3.061397001147270203e-04
2.076276836911588543e+04,3.061196184717118740e-04
2.077276970262701798e+04,3.060991002712398767e-04
2.078277103613815416e+04,3.060781455133110285e-04
2.079277236964928670e+04,3.060584422200918198e-04
2.080277370316042288e+04,3.060374583583325148e-04
2.081277503667155906e+04,3.060179296880960464e-04
2.082277637018269161e+04,3.059976443182677031e-04
2.083277770369382779e+04,3.059773007407784462e-04
2.084277903720496397e+04,3.059575683437287807e-04
2.085278037071609651e+04,3.059377486351877451e-04
2.086278170422723269e+04,3.059178125113248825e-04
2.087278303773836524e+04,3.058982256334275007e-04
2.088278437124950142e+04,3.058791044168174267e-04
2.089278570476063760e+04,3.058584989048540592e-04
2.090278703827177014e+04,3.058397560380399227e-04
2.091278837178290632e+04,3.058196743950247765e-04
2.092278970529404251e+04,3.058005822822451591e-04
2.093279103880517505e+04,3.057811991311609745e-04
2.094279237231631123e+04,3.057630092371255159e-04
2.095279370582744377e+04,3.057430149056017399e-04
2.096279503933857995e+04,3.057245921809226274e-04
2.097279637284971614e+04,3.057050053030252457e-04
2.098279770636084868e+04,3.056858840864151716e-04
2.099279903987198486e+04,3.056671121157705784e-04
2.100280037338312104e+04,3.056486893910914660e-04
2.101280170689425358e+04,3.056307032238692045e-04
2.102280304040538977e+04,3.056113782804459333e-04
2.103280437391652231e+04,3.055933339055627584e-04
2.104280570742765849e+04,3.055744455195963383e-04
2.105280704093879467e+04,3.055572451557964087e-04
2.106280837444992721e+04,3.055375127587467432e-04
2.107280970796106340e+04,3.055206325370818377e-04
2.108281104147219958e+04,3.055013949051499367e-04
2.109281237498333212e+04,3.054837288800626993e-04
2.110281370849446830e+04,3.054655389860272408e-04
2.111281504200560084e+04,3.054476983379572630e-04
2.112281637551673703e+04,3.054297121707350016e-04
2.113281770902787321e+04,3.054118424188345671e-04
2.114281904253900575e+04,3.053943219128996134e-04
2.115282037605014193e+04,3.053773834835737944e-04
2.116282170956127811e+04,3.053596883546561003e-04
2.117282304307241066e+04,3.053413820452988148e-04
2.118282437658354684e+04,3.053255204576998949e-04
2.119282571009467938e+04,3.053074178751558065e-04
2.120282704360581556e+04,3.052894608117640018e-04
2.121282837711695174e+04,3.052726387977600098e-04
2.122282971062808429e+04,3.052549145650118589e-04
2.123283104413922047e+04,3.052385873161256313e-04
2.124283237765035665e+04,3.052209794986993074e-04
2.125283371116148919e+04,3.052038664463907480e-04
2.126283504467262537e+04,3.051881503779441118e-04
2.127283637818375792e+04,3.051708627026528120e-04
2.128283771169489410e+04,3.051534877158701420e-04
2.129283904520603028e+04,3.051371604669839144e-04
2.130284037871716282e+04,3.051206003874540329e-04
2.131284171222829900e+04,3.051038074772804976e-04
2.132284304573943518e+04,3.050873347092419863e-04
2.133284437925056773e+04,3.050712111871689558e-04
2.134284571276170391e+04,3.050546220038086176e-04
2.135284704627283645e+04,3.050384111702442169e-04
2.136284837978397263e+04,3.050218510907143354e-04
2.137284971329510881e+04,3.050063096452504396e-04
2.138285104680624136e+04,3.049897495657205582e-04
2.139285238031737754e+04,3.049738006666302681e-04
2.140285371382851372e+04,3.049585793633013964e-04
2.141285504733964626e+04,3.049422521144151688e-04
2.142285638085078244e+04,3.049260412808507681e-04
2.143285771436191499e+04,3.049099468626081944e-04
2.144285904787305117e+04,3.048957441933453083e-04
2.145286038138418735e+04,3.048789221793413162e-04
2.146286171489531989e+04,3.048632934223860502e-04
2.147286304840645607e+04,3.048481303267180920e-04
2.148286438191759225e+04,3.048320068046450615e-04
2.149286571542872480e+04,3.048171929549425840e-04
2.150286704893986098e+04,3.048015933018177748e-04
2.151286838245099352e+04,3.047859645448625088e-04
2.152286971596212970e+04,3.047713835258036852e-04
2.153287104947326588e+04,3.047556092496961355e-04
2.154287238298439843e+04,3.047407662961632013e-04
2.155287371649553461e+04,3.047253994736820459e-04
2.156287505000667079e+04,3.047108475584536791e-04
2.157287638351780333e+04,3.046953061129897833e-04
2.158287771702893951e+04,3.046815400011837482e-04
2.159287905054007206e+04,3.046660276595503092e-04
2.160288038405120824e+04,3.046510973945260048e-04
2.161288171756234442e+04,3.046364290639758110e-04
2.162288305107347696e+04,3.046215570066124201e-04
2.163288438458461314e+04,3.046078491024672985e-04
2.164288571809574933e+04,3.045926569029688835e-04
2.165288705160688187e+04,3.045780176762491465e-04
2.166288838511801805e+04,3.045638150069862604e-04
2.167288971862915059e+04,3.045495541300624609e-04
2.168289105214028677e+04,3.045350313186645508e-04
2.169289238565142296e+04,3.045213234145194292e-04
2.170289371916255550e+04,3.045065677724778652e-04
2.171289505267369168e+04,3.044924524147063494e-04
2.172289638618482786e+04,3.044783952645957470e-04
2.173289771969596040e+04,3.044640761800110340e-04
2.174289905320709659e+04,3.044509212486445904e-04
2.175290038671822913e+04,3.044365148525685072e-04
2.176290172022936531e+04,3.044228651560842991e-04
2.177290305374050149e+04,3.044087789021432400e-04
2.178290438725163403e+04,3.043948381673544645e-04
2.179290572076277022e+04,3.043813048861920834e-04
2.180290705427390640e+04,3.043675096705555916e-04
2.181290838778503894e+04,3.043547621928155422e-04
2.182290972129617512e+04,3.043402393814176321e-04
2.183291105480730766e+04,3.043269098270684481e-04
2.184291238831844385e+04,3.043133765459060669e-04
2.185291372182958003e+04,3.043000178877264261e-04
2.186291505534071257e+04,3.042874159291386604e-04
2.187291638885184875e+04,3.042735334020107985e-04
2.188291772236298493e+04,3.042601456400007010e-04
2.189291905587411748e+04,3.042474563699215651e-04
2.190292038938525366e+04,3.042338357772678137e-04
2.191292172289638620e+04,3.042210882995277643e-04
2.192292305640752238e+04,3.042082535102963448e-04
2.193292438991865856e+04,3.041945747099816799e-04
2.194292572342979111e+04,3.041825839318335056e-04
2.195292705694092729e+04,3.041692543774843216e-04
2.196292839045206347e+04,3.041559830307960510e-04
2.197292972396319601e+04,3.041434974875301123e-04
2.198293105747433219e+04,3.041307500097900629e-04
2.199293239098546474e+04,3.041182062588632107e-04
2.200293372449660092e+04,3.041053132619708776e-04
2.201293505800773710e+04,3.040927695110440254e-04
2.202293639151886964e+04,3.040801093447953463e-04
2.203293772503000582e+04,3.040678857360035181e-04
2.204293905854114200e+04,3.040551091544330120e-04
2.205294039205227455e+04,3.040432347916066647e-04
2.206294172556341073e+04,3.040303708985447884e-04
2.207294305907454327e+04,3.040180017706006765e-04
2.208294439258567945e+04,3.040059527847915888e-04
2.209294572609681563e+04,3.039938746951520443e-04
2.210294705960794818e+04,3.039814182557165623e-04
2.211294839311908436e+04,3.039698640350252390e-04
2.212294972663022054e+04,3.039576113224029541e-04
2.213295106014135308e+04,3.039452712982892990e-04
2.214295239365248926e+04,3.039334842469543219e-04
2.215295372716362181e+04,3.039218718186020851e-04
2.216295506067475799e+04,3.039094153791666031e-04
2.217295639418589417e+04,3.038981230929493904e-04
2.218295772769702671e+04,3.038859576918184757e-04
2.219295906120816289e+04,3.038740251213312149e-04
2.220296039471929907e+04,3.038626455236226320e-04
2.221296172823043162e+04,3.038506547454744577e-04
2.222296306174156780e+04,3.038389550056308508e-04
2.223296439525270034e+04,3.038278082385659218e-04
2.224296572876383652e+04,3.038160502910614014e-04
2.225296706227497270e+04,3.038046415895223618e-04
2.226296839578610525e+04,3.037934366147965193e-04
2.227296972929724143e+04,3.037817368749529123e-04
2.228297106280837761e+04,3.037703863810747862e-04
2.229297239631951015e+04,3.037591814063489437e-04
2.230297372983064633e+04,3.037486749235540628e-04
2.231297506334177888e+04,3.037366841454058886e-04
2.232297639685291506e+04,3.037253918591886759e-04
2.233297773036405124e+04,3.037147107534110546e-04
2.234297906387518378e+04,3.037033020518720150e-04
2.235298039738631996e+04,3.036921843886375427e-04
2.236298173089745615e+04,3.036811540368944407e-04
2.237298306440858869e+04,3.036703565157949924e-04
2.238298439791972487e+04,3.036591515410691500e-04
2.239298573143085741e+04,3.036488487850874662e-04
2.240298706494199359e+04,3.036374691873788834e-04
2.241298839845312978e+04,3.036272828467190266e-04
2.242298973196426232e+04,3.036159323528409004e-04
2.243299106547539850e+04,3.036051639355719090e-04
2.244299239898653468e+04,3.035945701412856579e-04
2.245299373249766722e+04,3.035840636584907770e-04
2.246299506600880341e+04,3.035733534488826990e-04
2.247299639951993595e+04,3.035628760699182749e-04
2.248299773303107213e+04,3.035524860024452209e-04
2.249299906654220831e+04,3.035416011698544025e-04
2.250300040005334085e+04,3.035316476598381996e-04
2.251300173356447704e+04,3.035211120732128620e-04
2.252300306707561322e+04,3.035104891750961542e-04
2.253300440058674576e+04,3.035004192497581244e-04
2.254300573409788194e+04,3.034898545593023300e-04
2.255300706760901448e+04,3.034801338799297810e-04
2.256300840112015067e+04,3.034695109818130732e-04
2.257300973463128685e+04,3.034593246411532164e-04
2.258301106814241939e+04,3.034496912732720375e-04
2.259301240165355557e+04,3.034395631402730942e-04
2.260301373516469175e+04,3.034290566574782133e-04
2.261301506867582430e+04,3.034192486666142941e-04
2.262301640218696048e+04,3.034090041182935238e-04
2.263301773569809302e+04,3.033990797121077776e-04
2.264301906920922920e+04,3.033895918633788824e-04
2.265302040272036538e+04,3.033795510418713093e-04
2.266302173623149793e+04,3.033697430510073900e-04
2.267302306974263411e+04,3.033597022294998169e-04
2.268302440325377029e+04,3.033503890037536621e-04
2.269302573676490283e+04,3.033404645975679159e-04
2.270302707027603901e+04,3.033305692952126265e-04
2.271302840378717156e+04,3.033213433809578419e-04
2.272302973729830774e+04,3.033113025594502687e-04
2.273303107080944392e+04,3.033020766451954842e-04
2.274303240432057646e+04,3.032924141734838486e-04
2.275303373783171264e+04,3.032827225979417562e-04
2.276303507134284882e+04,3.032737877219915390e-04
2.277303640485398137e+04,3.032638342119753361e-04
2.278303773836511755e+04,3.032548702321946621e-04
2.279303907187625009e+04,3.032450040336698294e-04
2.280304040538738627e+04,3.032363019883632660e-04
2.281304173889852245e+04,3.032265813089907169e-04
2.282304307240965500e+04,3.032172098755836487e-04
2.283304440592079118e+04,3.032081585843116045e-04
2.284304573943192736e+04,3.031989035662263632e-04
2.285304707294305990e+04,3.031897358596324921e-04
2.286304840645419608e+04,3.031806263606995344e-04
2.287304973996532863e+04,3.031718079000711441e-04
2.288305107347646481e+04,3.031627275049686432e-04
2.289305240698760099e+04,3.031535306945443153e-04
2.290305374049873353e+04,3.031449741683900356e-04
2.291305507400986971e+04,3.031357773579657078e-04
2.292305640752100589e+04,3.031266096513718367e-04
2.293305774103213844e+04,3.031177620869129896e-04
2.294305907454327462e+04,3.031091182492673397e-04
2.295306040805440716e+04,3.031000960618257523e-04
2.296306174156554334e+04,3.030917432624846697e-04
2.297306307507667952e+04,3.030825464520603418e-04
2.298306440858781207e+04,3.030741936527192593e-04
2.299306574209894825e+04,3.030652296729385853e-04
2.300306707561008443e+04,3.030566149391233921e-04
2.301306840912121697e+04,3.030478255823254585e-04
2.302306974263235315e+04,3.030398220289498568e-04
2.303307107614348570e+04,3.030309162568300962e-04
2.304307240965462188e+04,3.030222724191844463e-04
2.305307374316575806e+04,3.030136576853692532e-04
2.306307507667689060e+04,3.030056541319936514e-04
2.307307641018802678e+04,3.029967774637043476e-04
2.308307774369916297e+04,3.029888903256505728e-04
2.309307907721029551e+04,3.029801300726830959e-04
2.310308041072143169e+04,3.029718063771724701e-04
2.311308174423256787e+04,3.029636864084750414e-04
2.312308307774370041e+04,3.029554209206253290e-04
2.313308441125483660e+04,3.029469517059624195e-04
2.314308574476596914e+04,3.029388026334345341e-04
2.315308707827710532e+04,3.029307408723980188e-04
2.316308841178824150e+04,3.029225335922092199e-04
2.317308974529937404e+04,3.029145300388336182e-04
2.318309107881051023e+04,3.029062645509839058e-04
2.319309241232164641e+04,3.028984938282519579e-04
2.320309374583277895e+04,3.028904029633849859e-04
2.321309507934391513e+04,3.028821956831961870e-04
2.322309641285504767e+04,3.028743958566337824e-04
2.323309774636618386e+04,3.028663631994277239e-04
2.324309907987732004e+04,3.028583887498825788e-04
2.325310041338845258e+04,3.028507053386420012e-04
2.326310174689958876e+04,3.028427017852663994e-04
2.327310308041072494e+04,3.028348146472126245e-04
2.328310441392185749e+04,3.028271021321415901e-04
2.329310574743299367e+04,3.028193314094096422e-04
2.330310708094412621e+04,3.028115606866776943e-04
2.331310841445526239e+04,3.028039063792675734e-04
2.332310974796639857e+04,3.027962229680269957e-04
2.333311108147753112e+04,3.027884231414645910e-04
2.334311241498866730e+04,3.027811471838504076e-04
2.335311374849980348e+04,3.027732309419661760e-04
2.336311508201093602e+04,3.027658385690301657e-04
2.337311641552207220e+04,3.027581551577895880e-04
2.338311774903320475e+04,3.027506754733622074e-04
2.339311908254434093e+04,3.027434286195784807e-04
2.340312041605547711e+04,3.027356578968465328e-04
2.341312174956660965e+04,3.027283237315714359e-04
2.342312308307774583e+04,3.027211932931095362e-04
2.343312441658888201e+04,3.027135389856994152e-04
2.344312575010001456e+04,3.027061757165938616e-04
2.345312708361115074e+04,3.026989579666405916e-04
2.346312841712228328e+04,3.026915364898741245e-04
2.347312975063341946e+04,3.026845806743949652e-04
2.348313108414455564e+04,3.026770427823066711e-04
2.349313241765568819e+04,3.026699123438447714e-04
2.350313375116682437e+04,3.026626072824001312e-04
2.351313508467796055e+04,3.026554477401077747e-04
2.352313641818909309e+04,3.026483464054763317e-04
2.353313775170022927e+04,3.026411286555230618e-04
2.354313908521136182e+04,3.026342892553657293e-04
2.355314041872249800e+04,3.026272752322256565e-04
2.356314175223363418e+04,3.026200574822723866e-04
2.357314308574476672e+04,3.026132471859455109e-04
2.358314441925590290e+04,3.026060585398226976e-04
2.359314575276703908e+04,3.025993355549871922e-04
2.360314708627817163e+04,3.025922633241862059e-04
2.361314841978930781e+04,3.025852493010461330e-04
2.362314975330044035e+04,3.025785845238715410e-04
2.363315108681157653e+04,3.025717451237142086e-04
2.364315242032271271e+04,3.025646728929132223e-04
2.365315375383384526e+04,3.025579790119081736e-04
2.366315508734498144e+04,3.025512269232422113e-04
2.367315642085611762e+04,3.025445621460676193e-04
2.368315775436725016e+04,3.025378100574016571e-04
2.369315908787838634e+04,3.025309415534138680e-04
2.370316042138951889e+04,3.025245096068829298e-04
2.371316175490065507e+04,3.025175828952342272e-04
2.372316308841179125e+04,3.025110636372119188e-04
2.373316442192292379e+04,3.025044861715286970e-04
2.374316575543405997e+04,3.024978213943541050e-04
2.375316708894519616e+04,3.024913603439927101e-04
2.376316842245632870e+04,3.024847828783094883e-04
2.377316975596746488e+04,3.024782345164567232e-04
2.378317108947859742e+04,3.024719771929085255e-04
2.379317242298973360e+04,3.024651960004121065e-04
2.380317375650086979e+04,3.024589968845248222e-04
2.381317509001200233e+04,3.024524485226720572e-04
2.382317642352313851e+04,3.024459874723106623e-04
2.383317775703427469e+04,3.024397883564233780e-04
2.384317909054540723e+04,3.024333273060619831e-04
2.385318042405654342e+04,3.024270117748528719e-04
2.386318175756767596e+04,3.024206089321523905e-04
2.387318309107881214e+04,3.024143516086041927e-04
2.388318442458994832e+04,3.024083562195301056e-04
2.389318575810108086e+04,3.024018078576773405e-04
2.390318709161221705e+04,3.023958415724337101e-04
2.391318842512335323e+04,3.023894096259027719e-04
2.392318975863448577e+04,3.023832105100154877e-04
2.393319109214562195e+04,3.023772151209414005e-04
2.394319242565675449e+04,3.023709577973932028e-04
2.395319375916789068e+04,3.023649042006582022e-04
2.396319509267902686e+04,3.023587341886013746e-04
2.397319642619015940e+04,3.023526514880359173e-04
2.398319775970129558e+04,3.023466852027922869e-04
2.399319909321243176e+04,3.023408935405313969e-04
2.400320042672356431e+04,3.023347817361354828e-04
2.401320176023470049e+04,3.023288154508918524e-04
2.402320309374583303e+04,3.023228491656482220e-04
2.403320442725696921e+04,3.023168537765741348e-04
2.404320576076810539e+04,3.023109165951609612e-04
2.405320709427923794e+04,3.023051540367305279e-04
2.406320842779037412e+04,3.022992168553173542e-04
2.407320976130151030e+04,3.022934251930564642e-04
2.408321109481264284e+04,3.022875171154737473e-04
2.409321242832377902e+04,3.022816672455519438e-04
2.410321376183491157e+04,3.022757882717996836e-04
2.411321509534604775e+04,3.022703458555042744e-04
2.412321642885718393e+04,3.022644377779215574e-04
2.413321776236831647e+04,3.022587334271520376e-04
2.414321909587945265e+04,3.022529417648911476e-04
2.415322042939058883e+04,3.022472956217825413e-04
2.416322176290172138e+04,3.022416494786739349e-04
2.417322309641285756e+04,3.022360324393957853e-04
2.418322442992399010e+04,3.022303571924567223e-04
2.419322576343512628e+04,3.022248565685003996e-04
2.420322709694626246e+04,3.022191813215613365e-04
2.421322843045739501e+04,3.022136515937745571e-04
2.422322976396853119e+04,3.022080345544964075e-04
2.423323109747966737e+04,3.022024757228791714e-04
2.424323243099079991e+04,3.021970624104142189e-04
2.425323376450193609e+04,3.021916490979492664e-04
2.426323509801306864e+04,3.021860902663320303e-04
2.427323643152420482e+04,3.021806187462061644e-04
2.428323776503534100e+04,3.021752927452325821e-04
2.429323909854647354e+04,3.021697339136153460e-04
2.430324043205760972e+04,3.021644079126417637e-04
2.431324176556874590e+04,3.021590819116681814e-04
2.432324309907987845e+04,3.021536394953727722e-04
2.433324443259101463e+04,3.021483425982296467e-04
2.434324576610214717e+04,3.021429874934256077e-04
2.435324709961328335e+04,3.021376905962824821e-04
2.436324843312441953e+04,3.021325101144611835e-04
2.437324976663555208e+04,3.021271550096571445e-04
2.438325110014668826e+04,3.021220036316663027e-04
2.439325243365782444e+04,3.021167067345231771e-04
2.440325376716895698e+04,3.021114680450409651e-04
2.441325510068009316e+04,3.021063166670501232e-04
2.442325643419122571e+04,3.021011652890592813e-04
2.443325776770236189e+04,3.020960721187293530e-04
2.444325910121349807e+04,3.020908043254166842e-04
2.445326043472463061e+04,3.020858275704085827e-04
2.446326176823576679e+04,3.020805888809263706e-04
2.447326310174690298e+04,3.020756703335791826e-04
2.448326443525803552e+04,3.020704316440969706e-04
2.449326576876917170e+04,3.020655713044106960e-04
2.450326710228030424e+04,3.020604490302503109e-04
2.451326843579144042e+04,3.020554431714117527e-04
2.452326976930257661e+04,3.020504373125731945e-04
2.453327110281370915e+04,3.020454023499041796e-04
2.454327243632484533e+04,3.020405711140483618e-04
2.455327376983598151e+04,3.020354779437184334e-04
2.456327510334711405e+04,3.020305593963712454e-04
2.457327643685825024e+04,3.020258445758372545e-04
2.458327777036938278e+04,3.020208387169986963e-04
2.459327910388051896e+04,3.020159201696515083e-04
2.460328043739165514e+04,3.020110889337956905e-04
2.461328177090278768e+04,3.020062285941094160e-04
2.462328310441392387e+04,3.020014555659145117e-04
2.463328443792506005e+04,3.019966534338891506e-04
2.464328577143619259e+04,3.019917930942028761e-04
2.465328710494732877e+04,3.019871946889907122e-04
2.466328843845846131e+04,3.019823052454739809e-04
2.467328977196959750e+04,3.019775904249399900e-04
2.468329110548073368e+04,3.019728465005755424e-04
2.469329243899186622e+04,3.019681316800415516e-04
2.470329377250300240e+04,3.019633586518466473e-04
2.471329510601413858e+04,3.019587311428040266e-04
2.472329643952527113e+04,3.019542200490832329e-04
2.473329777303640731e+04,3.019494470208883286e-04
2.474329910654753985e+04,3.019448777195066214e-04
2.475330044005867603e+04,3.019402793142944574e-04
2.476330177356981221e+04,3.019356227014213800e-04
2.477330310708094476e+04,3.019310825038701296e-04
2.478330444059208094e+04,3.019264258909970522e-04
2.479330577410321712e+04,3.019219730049371719e-04
2.480330710761434966e+04,3.019173454958945513e-04
2.481330844112548584e+04,3.019128635060042143e-04
2.482330977463661839e+04,3.019083524122834206e-04
2.483331110814775457e+04,3.019039286300539970e-04
2.484331244165889075e+04,3.018993884325027466e-04
2.485331377517002329e+04,3.018949355464428663e-04
2.486331510868115947e+04,3.018905117642134428e-04
2.487331644219229565e+04,3.018862043973058462e-04
2.488331777570342820e+04,3.018816641997545958e-04
2.489331910921456438e+04,3.018773568328469992e-04
2.490332044272569692e+04,3.018729621544480324e-04
2.491332177623683310e+04,3.018685383722186089e-04
2.492332310974796928e+04,3.018641727976500988e-04
2.493332444325910183e+04,3.018599527422338724e-04
2.494332577677023801e+04,3.018554998561739922e-04
2.495332711028137419e+04,3.018512506969273090e-04
2.496332844379250673e+04,3.018469433300197124e-04
2.497332977730364291e+04,3.018426068592816591e-04
2.498333111081477546e+04,3.018384450115263462e-04
2.499333244432591164e+04,3.018341958522796631e-04
2.500333377783704782e+04,3.018298593815416098e-04
2.501333511134818036e+04,3.018257848452776670e-04
2.502333644485931654e+04,3.018215647898614407e-04
2.503333777837045272e+04,3.018172865267843008e-04
2.504333911188158527e+04,3.018132119905203581e-04
2.505334044539272145e+04,3.018089628312736750e-04
2.506334177890385399e+04,3.018049465026706457e-04
2.507334311241499017e+04,3.018007555510848761e-04
2.508334444592612635e+04,3.017965645994991064e-04
2.509334577943725890e+04,3.017924318555742502e-04
2.510334711294839508e+04,3.017883573193103075e-04
2.511334844645953126e+04,3.017843118868768215e-04
2.512334977997066380e+04,3.017802955582737923e-04
2.513335111348179998e+04,3.017762210220098495e-04
2.514335244699293253e+04,3.017721464857459068e-04
2.515335378050406871e+04,3.017681592609733343e-04
2.516335511401520489e+04,3.017640847247093916e-04
2.517335644752633743e+04,3.017601557075977325e-04
2.518335778103747361e+04,3.017561393789947033e-04
2.519335911454860980e+04,3.017522394657135010e-04
2.520336044805974234e+04,3.017482231371104717e-04
2.521336178157087852e+04,3.017443232238292694e-04
2.522336311508201106e+04,3.017403359990566969e-04
2.523336444859314724e+04,3.017363778781145811e-04
2.524336578210428343e+04,3.017325652763247490e-04
2.525336711561541597e+04,3.017286653630435467e-04
2.526336844912655215e+04,3.017247654497623444e-04
2.527336978263768833e+04,3.017209237441420555e-04
2.528337111614882087e+04,3.017170820385217667e-04
2.529337244965995706e+04,3.017131821252405643e-04
2.530337378317108960e+04,3.017093695234507322e-04
2.531337511668222578e+04,3.017056151293218136e-04
2.532337645019336196e+04,3.017017734237015247e-04
2.533337778370449450e+04,3.016980190295726061e-04
2.534337911721563069e+04,3.016941773239523172e-04
2.535338045072676687e+04,3.016905102413147688e-04
2.536338178423789941e+04,3.016866976395249367e-04
2.537338311774903559e+04,3.016830014530569315e-04
2.538338445126016813e+04,3.016792761627584696e-04
2.539338578477130432e+04,3.016754926647990942e-04
2.540338711828244050e+04,3.016718255821615458e-04
2.541338845179357304e+04,3.016681876033544540e-04
2.542338978530470922e+04,3.016644623130559921e-04
2.543339111881584540e+04,3.016607370227575302e-04
2.544339245232697795e+04,3.016572445631027222e-04
2.545339378583811413e+04,3.016536065842956305e-04
2.546339511934924667e+04,3.016499395016580820e-04
2.547339645286038285e+04,3.016462724190205336e-04
2.548339778637151903e+04,3.016426344402134418e-04
2.549339911988265158e+04,3.016390255652368069e-04
2.550340045339378776e+04,3.016355040017515421e-04
2.551340178690492394e+04,3.016319242306053638e-04
2.552340312041605648e+04,3.016284026671200991e-04
2.553340445392719266e+04,3.016248519998043776e-04
2.554340578743832521e+04,3.016212431248277426e-04
2.555340712094946139e+04,3.016178379766643047e-04
2.556340845446059757e+04,3.016142873093485832e-04
2.557340978797173011e+04,3.016107366420328617e-04
2.558341112148286629e+04,3.016072150785475969e-04
2.559341245499400247e+04,3.016037808265537024e-04
2.560341378850513502e+04,3.016003465745598078e-04
2.561341512201627120e+04,3.015968832187354565e-04
2.562341645552740738e+04,3.015934489667415619e-04
2.563341778903853992e+04,3.015899856109172106e-04
2.564341912254967610e+04,3.015866095665842295e-04
2.565342045606080865e+04,3.015831753145903349e-04
2.566342178957194483e+04,3.015797992702573538e-04
2.567342312308308101e+04,3.015764523297548294e-04
2.568342445659421355e+04,3.015730762854218483e-04
2.569342579010534973e+04,3.015697002410888672e-04
2.570342712361648591e+04,3.015663533005863428e-04
2.571342845712761846e+04,3.015629772562533617e-04
2.572342979063875464e+04,3.015596885234117508e-04
2.573343112414988718e+04,3.015563415829092264e-04
2.574343245766102336e+04,3.015531110577285290e-04
2.575343379117215954e+04,3.015497350133955479e-04
2.576343512468329209e+04,3.015464753843843937e-04
2.577343645819442827e+04,3.015431866515427828e-04
2.578343779170556445e+04,3.015399270225316286e-04
2.579343912521669699e+04,3.015366382896900177e-04
2.580344045872783317e+04,3.015334659721702337e-04
2.581344179223896572e+04,3.015302063431590796e-04
2.582344312575010190e+04,3.015269758179783821e-04
2.583344445926123808e+04,3.015237743966281414e-04
2.584344579277237062e+04,3.015205438714474440e-04
2.585344712628350680e+04,3.015173715539276600e-04
2.586344845979464299e+04,3.015141992364078760e-04
2.587344979330577553e+04,3.015110269188880920e-04
2.588345112681691171e+04,3.015078254975378513e-04
2.589345246032804425e+04,3.015046822838485241e-04
2.590345379383918043e+04,3.015015390701591969e-04
2.591345512735031662e+04,3.014985413756221533e-04
2.592345646086144916e+04,3.014953108504414558e-04
2.593345779437258534e+04,3.014921967405825853e-04
2.594345912788372152e+04,3.014890535268932581e-04
2.595346046139485406e+04,3.014859976246953011e-04
2.596346179490599025e+04,3.014829417224973440e-04
2.597346312841712279e+04,3.014798858202993870e-04
2.598346446192825897e+04,3.014768008142709732e-04
2.599346579543939515e+04,3.014737449120730162e-04
2.600346712895052769e+04,3.014707472175359726e-04
2.601346846246166388e+04,3.014676913153380156e-04
2.602346979597280006e+04,3.014646936208009720e-04
2.603347112948393260e+04,3.014616959262639284e-04
2.604347246299506878e+04,3.014586691278964281e-04
2.605347379650620132e+04,3.014556714333593845e-04
2.606347513001733751e+04,3.014526737388223410e-04
2.607347646352847369e+04,3.014497051481157541e-04
2.608347779703960623e+04,3.014467365574091673e-04
2.609347913055074241e+04,3.014437970705330372e-04
2.610348046406187859e+04,3.014409448951482773e-04
2.611348179757301114e+04,3.014378889929503202e-04
2.612348313108414732e+04,3.014350368175655603e-04
2.613348446459527986e+04,3.014320682268589735e-04
2.614348579810641604e+04,3.014291869476437569e-04
2.615348713161755222e+04,3.014262474607676268e-04
2.616348846512868477e+04,3.014233661815524101e-04
2.617348979863982095e+04,3.014204849023371935e-04
2.618349113215095713e+04,3.014176327269524336e-04
2.619349246566208967e+04,3.014148096553981304e-04
2.620349379917322585e+04,3.014119574800133705e-04
2.621349513268435840e+04,3.014091053046286106e-04
2.622349646619549458e+04,3.014062240254133940e-04
2.623349779970663076e+04,3.014034300576895475e-04
2.624349913321776330e+04,3.014005778823047876e-04
2.625350046672889948e+04,3.013978712260723114e-04
2.626350180024003566e+04,3.013949899468570948e-04
2.627350313375116821e+04,3.013922250829637051e-04
2.628350446726230439e+04,3.013894020114094019e-04
2.629350580077343693e+04,3.013866662513464689e-04
2.630350713428457311e+04,3.013838431797921658e-04
2.631350846779570929e+04,3.013811656273901463e-04
2.632350980130684184e+04,3.013783425558358431e-04
2.633351113481797802e+04,3.013756067957729101e-04
2.634351246832911420e+04,3.013729001395404339e-04
2.635351380184024674e+04,3.013701934833079576e-04
2.636351513535138292e+04,3.013673995155841112e-04
2.637351646886251547e+04,3.013647510670125484e-04
2.638351780237365165e+04,3.013620444107800722e-04
2.639351913588478783e+04,3.013593668583780527e-04
2.640352046939592037e+04,3.013566893059760332e-04
2.641352180290705655e+04,3.013540117535740137e-04
2.642352313641819273e+04,3.013513633050024509e-04
2.643352446992932528e+04,3.013487148564308882e-04
2.644352580344046146e+04,3.013460664078593254e-04
2.645352713695159400e+04,3.013434761669486761e-04
2.646352847046273018e+04,3.013407986145466566e-04
2.647352980397386636e+04,3.013381501659750938e-04
2.648353113748499891e+04,3.013355599250644445e-04
2.649353247099613509e+04,3.013329114764928818e-04
2.650353380450727127e+04,3.013303794432431459e-04
2.651353513801840381e+04,3.013277892023324966e-04
2.652353647152953999e+04,3.013251698575913906e-04
2.653353780504067254e+04,3.013226087205111980e-04
2.654353913855180872e+04,3.013200184796005487e-04
2.655354047206294490e+04,3.013175446540117264e-04
2.656354180557407744e+04,3.013149253092706203e-04
2.657354313908521362e+04,3.013123641721904278e-04
2.658354447259634981e+04,3.013098321389406919e-04
2.659354580610748235e+04,3.013073292095214128e-04
2.660354713961861853e+04,3.013047971762716770e-04
2.661354847312975107e+04,3.013023233506828547e-04
2.662354980664088725e+04,3.012997913174331188e-04
2.663355114015202344e+04,3.012972301803529263e-04
2.664355247366315598e+04,3.012947854585945606e-04
2.665355380717429216e+04,3.012923116330057383e-04
2.666355514068542834e+04,3.012898669112473726e-04
2.667355647419656088e+04,3.012873930856585503e-04
2.668355780770769707e+04,3.012849192600697279e-04
2.669355914121882961e+04,3.012824745383113623e-04
2.670356047472996579e+04,3.012800007127225399e-04
2.671356180824110197e+04,3.012775850947946310e-04
2.672356314175223451e+04,3.012751403730362654e-04
2.673356447526337070e+04,3.012727538589388132e-04
2.674356580877450688e+04,3.012703382410109043e-04
2.675356714228563942e+04,3.012679517269134521e-04
2.676356847579677560e+04,3.012655361089855433e-04
2.677356980930790814e+04,3.012631786987185478e-04
2.678357114281904433e+04,3.012607630807906389e-04
2.679357247633018051e+04,3.012583474628627300e-04
2.680357380984131305e+04,3.012560191564261913e-04
2.681357514335244923e+04,3.012536035384982824e-04
2.682357647686358541e+04,3.012512752320617437e-04
2.683357781037471796e+04,3.012490051332861185e-04
2.684357914388585414e+04,3.012466477230191231e-04
2.685358047739698668e+04,3.012442612089216709e-04
2.686358181090812286e+04,3.012419329024851322e-04
2.687358314441925904e+04,3.012396336998790503e-04
2.688358447793039159e+04,3.012372762896120548e-04
2.689358581144152777e+04,3.012350061908364296e-04
2.690358714495266395e+04,3.012327069882303476e-04
2.691358847846379649e+04,3.012303786817938089e-04
2.692358981197493267e+04,3.012281376868486404e-04
2.693359114548606522e+04,3.012258384842425585e-04
2.694359247899720140e+04,3.012235974892973900e-04
2.695359381250833758e+04,3.012213273905217648e-04
2.696359514601947012e+04,3.012191154994070530e-04
2.697359647953060630e+04,3.012167871929705143e-04
2.698359781304174248e+04,3.012145170941948891e-04
2.699359914655287503e+04,3.012123052030801773e-04
2.700360048006401121e+04,3.012100642081350088e-04
2.701360181357514375e+04,3.012078814208507538e-04
2.702360314708627993e+04,3.012056695297360420e-04
2.703360448059741611e+04,3.012034285347908735e-04
2.704360581410854866e+04,3.012011875398457050e-04
2.705360714761968484e+04,3.011990629602223635e-04
2.706360848113082102e+04,3.011969092767685652e-04
2.707360981464195356e+04,3.011946682818233967e-04
2.708361114815308974e+04,3.011925145983695984e-04
2.709361248166422229e+04,3.011903318110853434e-04
2.710361381517535847e+04,3.011881199199706316e-04
2.711361514868649465e+04,3.011859953403472900e-04
2.712361648219762719e+04,3.011838416568934917e-04
2.713361781570876337e+04,3.011816879734396935e-04
2.714361914921989955e+04,3.011795342899858952e-04
2.715362048273103210e+04,3.011773806065320969e-04
2.716362181624216828e+04,3.011753142345696688e-04
2.717362314975330082e+04,3.011731605511158705e-04
2.718362448326443700e+04,3.011710650753229856e-04
2.719362581677557318e+04,3.011689695995301008e-04
2.720362715028670573e+04,3.011668159160763025e-04
2.721362848379784191e+04,3.011647204402834177e-04
2.722362981730897809e+04,3.011626540683209896e-04
2.723363115082011063e+04,3.011605585925281048e-04
2.724363248433124681e+04,3.011584922205656767e-04
2.725363381784237936e+04,3.011564549524337053e-04
2.726363515135351554e+04,3.011543594766408205e-04
2.727363648486465172e+04,3.011522931046783924e-04
2.728363781837578426e+04,3.011502558365464211e-04
2.729363915188692044e+04,3.011482185684144497e-04
2.730364048539805663e+04,3.011461813002824783e-04
2.731364181890918917e+04,3.011441731359809637e-04
2.732364315242032535e+04,3.011421067640185356e-04
2.733364448593145789e+04,3.011400985997170210e-04
2.734364581944259407e+04,3.011381195392459631e-04
2.735364715295373026e+04,3.011360822711139917e-04
2.736364848646486280e+04,3.011340450029820204e-04
2.737364981997599898e+04,3.011320077348500490e-04
2.738365115348713516e+04,3.011300577782094479e-04
2.739365248699826770e+04,3.011281078215688467e-04
2.740365382050940389e+04,3.011260705534368753e-04
2.741365515402053643e+04,3.011241497006267309e-04
2.742365648753167261e+04,3.011221706401556730e-04
2.743365782104280879e+04,3.011201915796846151e-04
2.744365915455394133e+04,3.011182125192135572e-04
2.745366048806507752e+04,3.011162916664034128e-04
2.746366182157621370e+04,3.011143708135932684e-04
2.747366315508734624e+04,3.011123917531222105e-04
2.748366448859848242e+04,3.011104417964816093e-04
2.749366582210961496e+04,3.011085500475019217e-04
2.750366715562075115e+04,3.011066291946917772e-04
2.751366848913188733e+04,3.011046501342207193e-04
2.752366982264301987e+04,3.011028165929019451e-04
2.753367115615415605e+04,3.011008666362613440e-04
2.754367248966529223e+04,3.010989457834511995e-04
2.755367382317642478e+04,3.010971122421324253e-04
2.756367515668756096e+04,3.010951331816613674e-04
2.757367649019869350e+04,3.010932705365121365e-04
2.758367782370982968e+04,3.010913787875324488e-04
2.759367915722096586e+04,3.010895161423832178e-04
2.760368049073209841e+04,3.010876534972339869e-04
2.761368182424323459e+04,3.010857908520847559e-04
2.762368315775437077e+04,3.010838991031050682e-04
2.763368449126550331e+04,3.010820655617862940e-04
2.764368582477663949e+04,3.010802320204675198e-04
2.765368715828777204e+04,3.010783693753182888e-04
2.766368849179890822e+04,3.010765358339995146e-04
2.767368982531004440e+04,3.010747313965111971e-04
2.768369115882117694e+04,3.010728687513619661e-04
2.769369249233231312e+04,3.010710934177041054e-04
2.770369382584344930e+04,3.010692598763853312e-04
2.771369515935458185e+04,3.010674554388970137e-04
2.772369649286571803e+04,3.010656218975782394e-04
2.773369782637685057e+04,3.010638465639203787e-04
2.774369915988798675e+04,3.010620130226016045e-04
2.775370049339912293e+04,3.010602958966046572e-04
2.776370182691025548e+04,3.010584623552858829e-04
2.777370316042139166e+04,3.010566870216280222e-04
2.778370449393252784e+04,3.010549116879701614e-04
2.779370582744366038e+04,3.010531072504818439e-04
2.780370716095479656e+04,3.010513319168239832e-04
2.781370849446592911e+04,3.010496147908270359e-04
2.782370982797706529e+04,3.010478394571691751e-04
2.783371116148820147e+04,3.010461514350026846e-04
2.784371249499933401e+04,3.010443761013448238e-04
2.785371382851047019e+04,3.010425716638565063e-04
2.786371516202160637e+04,3.010408545378595591e-04
2.787371649553273892e+04,3.010391665156930685e-04
2.788371782904387510e+04,3.010373620782047510e-04
2.789371916255500764e+04,3.010357322636991739e-04
2.790372049606614382e+04,3.010339569300413132e-04
2.791372182957728000e+04,3.010322398040443659e-04
2.792372316308841255e+04,3.010305517818778753e-04
2.793372449659954873e+04,3.010288637597113848e-04
2.794372583011068491e+04,3.010271466337144375e-04
2.795372716362181745e+04,3.010254877153784037e-04
2.796372849713295363e+04,3.010237414855509996e-04
2.797372983064408618e+04,3.010220825672149658e-04
2.798373116415522236e+04,3.010204527527093887e-04
2.799373249766635854e+04,3.010187647305428982e-04
2.800373383117749108e+04,3.010170767083764076e-04
2.801373516468862726e+04,3.010154177900403738e-04
2.802373649819976345e+04,3.010137879755347967e-04
2.803373783171089599e+04,3.010120999533683062e-04
2.804373916522203217e+04,3.010104701388627291e-04
2.805374049873316471e+04,3.010088403243571520e-04
2.806374183224430089e+04,3.010071814060211182e-04
2.807374316575543708e+04,3.010054933838546276e-04
2.808374449926656962e+04,3.010038635693490505e-04
2.809374583277770580e+04,3.010022919625043869e-04
2.810374716628884198e+04,3.010006330441683531e-04
2.811374849979997452e+04,3.009990323334932327e-04
2.812374983331111071e+04,3.009974025189876556e-04
2.813375116682224325e+04,3.009957727044820786e-04
2.814375250033337943e+04,3.009942010976374149e-04
2.815375383384451561e+04,3.009925712831318378e-04
2.816375516735564815e+04,3.009909996762871742e-04
2.817375650086678434e+04,3.009894280694425106e-04
2.818375783437792052e+04,3.009878273587673903e-04
2.819375916788905306e+04,3.009862266480922699e-04
2.820376050140018924e+04,3.009846841450780630e-04
2.821376183491132542e+04,3.009831125382333994e-04
2.822376316842245797e+04,3.009815118275582790e-04
2.823376450193359415e+04,3.009799402207136154e-04
2.824376583544472669e+04,3.009784268215298653e-04
2.825376716895586287e+04,3.009768552146852016e-04
2.826376850246699905e+04,3.009752836078405380e-04
2.827376983597813160e+04,3.009737411048263311e-04
2.828377116948926778e+04,3.009721694979816675e-04
2.829377250300040396e+04,3.009705978911370039e-04
2.830377383651153650e+04,3.009691135957837105e-04
2.831377517002267268e+04,3.009675710927695036e-04
2.832377650353380523e+04,3.009660285897552967e-04
2.833377783704494141e+04,3.009645442944020033e-04
2.834377917055607759e+04,3.009630308952182531e-04
2.835378050406721013e+04,3.009614592883735895e-04
2.836378183757834631e+04,3.009599749930202961e-04
2.837378317108948249e+04,3.009584324900060892e-04
2.838378450460061504e+04,3.009570064023137093e-04
2.839378583811175122e+04,3.009554638992995024e-04
2.840378717162288376e+04,3.009540087077766657e-04
2.841378850513401994e+04,3.009524662047624588e-04
2.842378983864515612e+04,3.009509819094091654e-04
2.843379117215628867e+04,3.009494976140558720e-04
2.844379250566742485e+04,3.009480133187025785e-04
2.845379383917856103e+04,3.009465581271797419e-04
2.846379517268969357e+04,3.009450738318264484e-04
2.847379650620082975e+04,3.009436186403036118e-04
2.848379783971196230e+04,3.009421634487807751e-04
2.849379917322309848e+04,3.009406500495970249e-04
2.850380050673423466e+04,3.009392530657351017e-04
2.851380184024536720e+04,3.009377978742122650e-04
2.852380317375650338e+04,3.009363426826894283e-04
2.853380450726763956e+04,3.009349165949970484e-04
2.854380584077877211e+04,3.009334614034742117e-04
2.855380717428990829e+04,3.009320062119513750e-04
2.856380850780104083e+04,3.009305510204285383e-04
2.857380984131217701e+04,3.009291540365666151e-04
2.858381117482331319e+04,3.009276697412133217e-04
2.859381250833444574e+04,3.009263309650123119e-04
2.860381384184558192e+04,3.009248757734894753e-04
2.861381517535671810e+04,3.009235369972884655e-04
2.862381650886785064e+04,3.009220527019351721e-04
2.863381784237898682e+04,3.009206557180732489e-04
2.864381917589011937e+04,3.009192296303808689e-04
2.865382050940125555e+04,3.009178617503494024e-04
2.866382184291239173e+04,3.009164647664874792e-04
2.867382317642352427e+04,3.009150677826255560e-04
2.868382450993466045e+04,3.009136999025940895e-04
2.869382584344579664e+04,3.009123320225626230e-04
2.870382717695692918e+04,3.009109059348702431e-04
2.871382851046806536e+04,3.009095671586692333e-04
2.872382984397919790e+04,3.009081701748073101e-04
2.873383117749033408e+04,3.009068313986063004e-04
2.874383251100147027e+04,3.009054053109139204e-04
2.875383384451260281e+04,3.009040665347129107e-04
2.876383517802373899e+04,3.009027277585119009e-04
2.877383651153487517e+04,3.009013598784804344e-04
2.878383784504600771e+04,3.009000793099403381e-04
2.879383917855714390e+04,3.008986532222479582e-04
2.880384051206827644e+04,3.008973435498774052e-04
2.881384184557941262e+04,3.008960047736763954e-04
2.882384317909054880e+04,3.008946368936449289e-04
2.883384451260168134e+04,3.008933272212743759e-04
2.884384584611281753e+04,3.008920175489038229e-04
2.885384717962395371e+04,3.008906787727028131e-04
2.886384851313508625e+04,3.008893108926713467e-04
2.887384984664622243e+04,3.008880012203007936e-04
2.888385118015735497e+04,3.008867497555911541e-04
2.889385251366849116e+04,3.008853818755596876e-04
2.890385384717962734e+04,3.008840430993586779e-04
2.891385518069075988e+04,3.008827916346490383e-04
2.892385651420189606e+04,3.008815110661089420e-04
2.893385784771303224e+04,3.008801722899079323e-04
2.894385918122416479e+04,3.008788917213678360e-04
2.895386051473530097e+04,3.008776111528277397e-04
2.896386184824643351e+04,3.008763305842876434e-04
2.897386318175756969e+04,3.008750500157475471e-04
2.898386451526870587e+04,3.008737403433769941e-04
2.899386584877983842e+04,3.008724597748368979e-04
2.900386718229097460e+04,3.008711792062968016e-04
2.901386851580211078e+04,3.008699277415871620e-04
2.902386984931324332e+04,3.008686471730470657e-04
2.903387118282437950e+04,3.008673666045069695e-04
2.904387251633551205e+04,3.008660860359668732e-04
2.905387384984664823e+04,3.008648345712572336e-04
2.906387518335778441e+04,3.008635831065475941e-04
2.907387651686891695e+04,3.008623607456684113e-04
2.908387785038005313e+04,3.008611092809587717e-04
2.909387918389118931e+04,3.008598287124186754e-04
2.910388051740232186e+04,3.008586354553699493e-04
2.911388185091345804e+04,3.008573548868298531e-04
2.912388318442459058e+04,3.008561616297811270e-04
2.913388451793572676e+04,3.008549101650714874e-04
2.914388585144686294e+04,3.008536878041923046e-04
2.915388718495799549e+04,3.008524363394826651e-04
2.916388851846913167e+04,3.008512430824339390e-04
2.917388985198026785e+04,3.008499916177242994e-04
2.918389118549140039e+04,3.008487692568451166e-04
2.919389251900253657e+04,3.008475468959659338e-04
2.920389385251366912e+04,3.008463827427476645e-04
2.921389518602480530e+04,3.008451021742075682e-04
2.922389651953594148e+04,3.008439671248197556e-04
2.923389785304707402e+04,3.008427156601101160e-04
2.924389918655821020e+04,3.008415224030613899e-04
2.925390052006934638e+04,3.008403582498431206e-04
2.926390185358047893e+04,3.008391358889639378e-04
2.927390318709161511e+04,3.008379717357456684e-04
2.928390452060274765e+04,3.008367493748664856e-04
2.929390585411388383e+04,3.008355852216482162e-04
2.930390718762502001e+04,3.008344210684299469e-04
2.931390852113615256e+04,3.008332278113812208e-04
2.932390985464728874e+04,3.008320636581629515e-04
2.933391118815842492e+04,3.008308704011142254e-04
2.934391252166955746e+04,3.008297353517264128e-04
2.935391385518069364e+04,3.008284838870167732e-04
2.936391518869182619e+04,3.008274070452898741e-04
2.937391652220296237e+04,3.008262137882411480e-04
2.938391785571409855e+04,3.008250205311924219e-04
2.939391918922523109e+04,3.008238854818046093e-04
2.940392052273636727e+04,3.008227213285863400e-04
2.941392185624750346e+04,3.008215862791985273e-04
2.942392318975863600e+04,3.008204221259802580e-04
2.943392452326977218e+04,3.008192870765924454e-04
2.944392585678090472e+04,3.008181811310350895e-04
2.945392719029204090e+04,3.008170169778168201e-04
2.946392852380317709e+04,3.008159110322594643e-04
2.947392985731430963e+04,3.008147468790411949e-04
2.948393119082544581e+04,3.008135827258229256e-04
2.949393252433658199e+04,3.008125349879264832e-04
2.950393385784771453e+04,3.008113708347082138e-04
2.951393519135885072e+04,3.008102357853204012e-04
2.952393652486998326e+04,3.008091589435935020e-04
2.953393785838111944e+04,3.008080238942056894e-04
2.954393919189225562e+04,3.008068888448178768e-04
2.955394052540338816e+04,3.008058120030909777e-04
2.956394185891452435e+04,3.008046478498727083e-04
2.957394319242566053e+04,3.008035710081458092e-04
2.958394452593679307e+04,3.008024941664189100e-04
2.959394585944792925e+04,3.008013882208615541e-04
2.960394719295906179e+04,3.008002822753041983e-04
2.961394852647019798e+04,3.007992054335772991e-04
2.962394985998133416e+04,3.007980703841894865e-04
2.963395119349246670e+04,3.007969644386321306e-04
2.964395252700360288e+04,3.007959167007356882e-04
2.965395386051473906e+04,3.007948689628392458e-04
2.966395519402587161e+04,3.007937339134514332e-04
2.967395652753700779e+04,3.007926861755549908e-04
2.968395786104814033e+04,3.007916384376585484e-04
2.969395919455927651e+04,3.007905324921011925e-04
2.970396052807041269e+04,3.007894556503742933e-04
2.971396186158154524e+04,3.007884079124778509e-04
2.972396319509268142e+04,3.007873601745814085e-04
2.973396452860381760e+04,3.007862833328545094e-04
2.974396586211495014e+04,3.007852064911276102e-04
2.975396719562608632e+04,3.007841587532311678e-04
2.976396852913721887e+04,3.007830819115042686e-04
2.977396986264835505e+04,3.007820050697773695e-04
2.978397119615949123e+04,3.007809573318809271e-04
2.979397252967062377e+04,3.007799095939844847e-04
2.980397386318175995e+04,3.007789200637489557e-04
2.981397519669289613e+04,3.007778432220220566e-04
2.982397653020402868e+04,3.007767954841256142e-04
2.983397786371516486e+04,3.007758059538900852e-04
2.984397919722629740e+04,3.007748164236545563e-04
2.985398053073743358e+04,3.007737395819276571e-04
2.986398186424856976e+04,3.007726627402007580e-04
2.987398319775970231e+04,3.007716150023043156e-04
2.988398453127083849e+04,3.007705963682383299e-04
2.989398586478197467e+04,3.007696068380028009e-04
2.990398719829310721e+04,3.007685591001063585e-04
2.991398853180424339e+04,3.007675695698708296e-04
2.992398986531537594e+04,3.007665509358048439e-04
2.993399119882651212e+04,3.007655614055693150e-04
2.994399253233764830e+04,3.007645427715033293e-04
2.995399386584878084e+04,3.007635532412678003e-04
2.996399519935991702e+04,3.007624472957104445e-04
2.997399653287105320e+04,3.007615450769662857e-04
2.998399786638218575e+04,3.007604973390698433e-04
2.999399919989332193e+04,3.007595369126647711e-04
3.000400053340445447e+04,3.007585182785987854e-04
3.001400186691559065e+04,3.007574996445327997e-04
3.002400320042672683e+04,3.007565974257886410e-04
3.003400453393785938e+04,3.007555496878921986e-04
3.004400586744899556e+04,3.007545310538262129e-04
3.005400720096013174e+04,3.007535415235906839e-04
3.006400853447126428e+04,3.007526102010160685e-04
3.007400986798240046e+04,3.007516206707805395e-04
3.008401120149353301e+04,3.007506602443754673e-04
3.009401253500466919e+04,3.007496707141399384e-04
3.010401386851580537e+04,3.007487102877348661e-04
3.011401520202693791e+04,3.007477207574993372e-04
3.012401653553807409e+04,3.007467312272638083e-04
3.013401786904921028e+04,3.007457708008587360e-04
3.014401920256034282e+04,3.007448685821145773e-04
3.015402053607147900e+04,3.007438499480485916e-04
3.016402186958261154e+04,3.007429186254739761e-04
3.017402320309374772e+04,3.007419290952384472e-04
3.018402453660488391e+04,3.007409395650029182e-04
3.019402587011601645e+04,3.007400082424283028e-04
3.020402720362715263e+04,3.007390769198536873e-04
3.021402853713828881e+04,3.007381455972790718e-04
3.022402987064942135e+04,3.007372142747044563e-04
3.023403120416055754e+04,3.007362829521298409e-04
3.024403253767169008e+04,3.007353225257247686e-04
3.025403387118282626e+04,3.007343620993196964e-04
3.026403520469396244e+04,3.007334016729146242e-04
3.027403653820509498e+04,3.007324703503400087e-04
3.028403787171623117e+04,3.007315972354263067e-04
3.029403920522736735e+04,3.007306368090212345e-04
3.030404053873849989e+04,3.007297054864466190e-04
3.031404187224963607e+04,3.007287159562110901e-04
3.032404320576076861e+04,3.007278719451278448e-04
3.033404453927190480e+04,3.007269115187227726e-04
3.034404587278304098e+04,3.007260384038090706e-04
3.035404720629417352e+04,3.007251070812344551e-04
3.036404853980530970e+04,3.007241757586598396e-04
3.037404987331644588e+04,3.007232735399156809e-04
3.038405120682757843e+04,3.007223422173410654e-04
3.039405254033871461e+04,3.007214399985969067e-04
3.040405387384984715e+04,3.007205086760222912e-04
3.041405520736098333e+04,3.007196064572781324e-04
3.042405654087211951e+04,3.007187042385339737e-04
3.043405787438325206e+04,3.007178020197898149e-04
3.044405920789438824e+04,3.007169289048761129e-04
3.045406054140552442e+04,3.007159975823014975e-04
3.046406187491665696e+04,3.007150953635573387e-04
3.047406320842779314e+04,3.007142513524740934e-04
3.048406454193892569e+04,3.007133491337299347e-04
3.049406587545006187e+04,3.007124760188162327e-04
3.050406720896119805e+04,3.007115738000720739e-04
3.051406854247233059e+04,3.007107006851583719e-04
3.052406987598346677e+04,3.007097984664142132e-04
3.053407120949460295e+04,3.007089253515005112e-04
3.054407254300573550e+04,3.007080522365868092e-04
3.055407387651687168e+04,3.007072082255035639e-04
3.056407521002800422e+04,3.007063060067594051e-04
3.057407654353914040e+04,3.007054619956761599e-04
3.058407787705027658e+04,3.007045306731015444e-04
3.059407921056140913e+04,3.007037157658487558e-04
3.060408054407254531e+04,3.007028135471045971e-04
3.061408187758368149e+04,3.007019986398518085e-04
3.062408321109481403e+04,3.007010673172771931e-04
3.063408454460595021e+04,3.007002233061939478e-04
3.064408587811708276e+04,3.006993501912802458e-04
3.065408721162821894e+04,3.006985061801970005e-04
3.066408854513935512e+04,3.006976912729442120e-04
3.067408987865048766e+04,3.006967890542000532e-04
3.068409121216162384e+04,3.006959450431168079e-04
3.069409254567276002e+04,3.006951010320335627e-04
3.070409387918389257e+04,3.006942861247807741e-04
3.071409521269502875e+04,3.006934130098670721e-04
3.072409654620616493e+04,3.006925689987838268e-04
3.073409787971729747e+04,3.006917540915310383e-04
3.074409921322843365e+04,3.006908809766173363e-04
3.075410054673956620e+04,3.006900660693645477e-04
3.076410188025070238e+04,3.006891929544508457e-04
3.077410321376183856e+04,3.006884071510285139e-04
3.078410454727297110e+04,3.006875340361148119e-04
3.079410588078410728e+04,3.006867191288620234e-04
3.080410721429524347e+04,3.006858751177787781e-04
3.081410854780637601e+04,3.006850602105259895e-04
3.082410988131751219e+04,3.006842453032732010e-04
3.083411121482864473e+04,3.006834012921899557e-04
3.084411254833978091e+04,3.006825863849371672e-04
3.085411388185091710e+04,3.006817714776843786e-04
3.086411521536204964e+04,3.006809565704315901e-04
3.087411654887318582e+04,3.006801125593483448e-04
3.088411788238432200e+04,3.006792976520955563e-04
3.089411921589545454e+04,3.006785409525036812e-04
3.090412054940659073e+04,3.006776678375899792e-04
3.091412188291772327e+04,3.006768820341676474e-04
3.092412321642885945e+04,3.006760962307453156e-04
3.093412454993999563e+04,3.006752813234925270e-04
3.094412588345112817e+04,3.006744373124092817e-04
3.095412721696226436e+04,3.006736224051564932e-04
3.096412855047340054e+04,3.006728948093950748e-04
3.097412988398453308e+04,3.006720799021422863e-04
3.098413121749566926e+04,3.006712940987199545e-04
3.099413255100680180e+04,3.006705082952976227e-04
3.100413388451793799e+04,3.006696642842143774e-04
3.101413521802907417e+04,3.006689075846225023e-04
3.102413655154020671e+04,3.006681217812001705e-04
3.103413788505134289e+04,3.006673359777778387e-04
3.104413921856247907e+04,3.006665501743555069e-04
3.105414055207361162e+04,3.006657352671027184e-04
3.106414188558474780e+04,3.006649785675108433e-04
3.107414321909588034e+04,3.006641927640885115e-04
3.108414455260701652e+04,3.006634069606661797e-04
3.109414588611815270e+04,3.006626502610743046e-04
3.110414721962928525e+04,3.006618353538215160e-04
3.111414855314042143e+04,3.006610786542296410e-04
3.112414988665155761e+04,3.006602928508073092e-04
3.113415122016269015e+04,3.006595361512154341e-04
3.114415255367382633e+04,3.006587794516235590e-04
3.115415388718495888e+04,3.006580227520316839e-04
3.116415522069609506e+04,3.006572078447788954e-04
3.117415655420723124e+04,3.006564511451870203e-04
3.118415788771836378e+04,3.006556944455951452e-04
3.119415922122949996e+04,3.006549377460032701e-04
3.120416055474063614e+04,3.006542101502418518e-04
3.121416188825176869e+04,3.006534243468195200e-04
3.122416322176290487e+04,3.006526385433971882e-04
3.123416455527403741e+04,3.006519109476357698e-04
3.124416588878517359e+04,3.006511542480438948e-04
3.125416722229630977e+04,3.006504266522824764e-04
3.126416855580744232e+04,3.006496699526906013e-04
3.127416988931857850e+04,3.006489132530987263e-04
3.128417122282971468e+04,3.006481274496763945e-04
3.129417255634084722e+04,3.006473707500845194e-04
3.130417388985198340e+04,3.006466431543231010e-04
3.131417522336311595e+04,3.006459446623921394e-04
3.132417655687425213e+04,3.006451879628002644e-04
3.133417789038538831e+04,3.006444312632083893e-04
3.134417922389652085e+04,3.006437036674469709e-04
3.135418055740765703e+04,3.006429469678550959e-04
3.136418189091879321e+04,3.006422775797545910e-04
3.137418322442992576e+04,3.006415208801627159e-04
3.138418455794106194e+04,3.006407350767403841e-04
3.139418589145219448e+04,3.006401238963007927e-04
3.140418722496333066e+04,3.006393671967089176e-04
3.141418855847446684e+04,3.006385813932865858e-04
3.142418989198559939e+04,3.006379120051860809e-04
3.143419122549673557e+04,3.006371262017637491e-04
3.144419255900787175e+04,3.006364277098327875e-04
3.145419389251900429e+04,3.006356710102409124e-04
3.146419522603014047e+04,3.006350307259708643e-04
3.147419655954127302e+04,3.006342740263789892e-04
3.148419789305240920e+04,3.006335755344480276e-04
3.149419922656354538e+04,3.006328770425170660e-04
3.150420056007467792e+04,3.006321494467556477e-04
3.151420189358581410e+04,3.006314800586551428e-04
3.152420322709695029e+04,3.006307233590632677e-04
3.153420456060808283e+04,3.006300248671323061e-04
3.154420589411921901e+04,3.006293263752013445e-04
3.155420722763035155e+04,3.006285987794399261e-04
3.156420856114148773e+04,3.006278420798480511e-04
3.157420989465262392e+04,3.006271726917475462e-04
3.158421122816375646e+04,3.006265033036470413e-04
3.159421256167489264e+04,3.006258339155465364e-04
3.160421389518602882e+04,3.006250772159546614e-04
3.161421522869716136e+04,3.006244078278541565e-04
3.162421656220829755e+04,3.006237093359231949e-04
3.163421789571943009e+04,3.006229817401617765e-04
3.164421922923056627e+04,3.006223123520612717e-04
3.165422056274170245e+04,3.006216138601303101e-04
3.166422189625283499e+04,3.006209153681993484e-04
3.167422322976397118e+04,3.006202750839293003e-04
3.168422456327510736e+04,3.006195474881678820e-04
3.169422589678623990e+04,3.006188781000673771e-04
3.170422723029737608e+04,3.006181796081364155e-04
3.171422856380850862e+04,3.006175102200359106e-04
3.172422989731964481e+04,3.006168408319354057e-04
3.173423123083078099e+04,3.006161714438349009e-04
3.174423256434191353e+04,3.006155020557343960e-04
3.175423389785304971e+04,3.006148326676338911e-04
3.176423523136418589e+04,3.006141050718724728e-04
3.177423656487531844e+04,3.006134356837719679e-04
3.178423789838645462e+04,3.006127662956714630e-04
3.179423923189758716e+04,3.006121260114014149e-04
3.180424056540872334e+04,3.006113984156399965e-04
3.181424189891985952e+04,3.006107872352004051e-04
3.182424323243099207e+04,3.006101178470999002e-04
3.183424456594212825e+04,3.006094484589993954e-04
3.184424589945326443e+04,3.006087790708988905e-04
3.185424723296439697e+04,3.006080805789679289e-04
3.186424856647553315e+04,3.006074693985283375e-04
3.187424989998666570e+04,3.006067126989364624e-04
3.188425123349780188e+04,3.006061015184968710e-04
3.189425256700893806e+04,3.006054903380572796e-04
3.190425390052007060e+04,3.006048209499567747e-04
3.191425523403120678e+04,3.006041515618562698e-04
3.192425656754234296e+04,3.006035112775862217e-04
3.193425790105347551e+04,3.006028709933161736e-04
3.194425923456461169e+04,3.006022016052156687e-04
3.195426056807574423e+04,3.006015322171151638e-04
3.196426190158688041e+04,3.006008919328451157e-04
3.197426323509801659e+04,3.006002225447446108e-04
3.198426456860914914e+04,3.005996113643050194e-04
3.199426590212028532e+04,3.005989419762045145e-04
3.200426723563142150e+04,3.005982725881040096e-04
3.201426856914255404e+04,3.005976614076644182e-04
3.202426990265369022e+04,3.005970211233943701e-04
3.203427123616482277e+04,3.005964099429547787e-04
3.204427256967595895e+04,3.005957696586847305e-04
3.205427390318709513e+04,3.005951002705842257e-04
3.206427523669822767e+04,3.005944599863141775e-04
3.207427657020936385e+04,3.005938488058745861e-04
3.208427790372050003e+04,3.005932376254349947e-04
3.209427923723163258e+04,3.005926264449954033e-04
3.210428057074276876e+04,3.005919279530644417e-04
3.211428190425390130e+04,3.005913458764553070e-04
3.212428323776503748e+04,3.005907055921852589e-04
3.213428457127617366e+04,3.005900653079152107e-04
3.214428590478730621e+04,3.005894541274756193e-04
3.215428723829844239e+04,3.005887847393751144e-04
3.216428857180957857e+04,3.005881735589355230e-04
3.217428990532071111e+04,3.005875623784959316e-04
3.218429123883184729e+04,3.005869803018867970e-04
3.219429257234297984e+04,3.005863109137862921e-04
3.220429390585411602e+04,3.005856706295162439e-04
3.221429523936525220e+04,3.005851176567375660e-04
3.222429657287638474e+04,3.005845064762979746e-04
3.223429790638752092e+04,3.005838661920279264e-04
3.224429923989865711e+04,3.005832550115883350e-04
3.225430057340978965e+04,3.005826438311487436e-04
3.226430190692092583e+04,3.005820326507091522e-04
3.227430324043205837e+04,3.005814505741000175e-04
3.228430457394319455e+04,3.005808393936604261e-04
3.229430590745433074e+04,3.005801700055599213e-04
3.230430724096546328e+04,3.005796170327812433e-04
3.231430857447659946e+04,3.005790349561721087e-04
3.232430990798773564e+04,3.005783946719020605e-04
3.233431124149886818e+04,3.005777834914624691e-04
3.234431257501000437e+04,3.005771432071924210e-04
3.235431390852113691e+04,3.005765902344137430e-04
3.236431524203227309e+04,3.005760081578046083e-04
3.237431657554340927e+04,3.005753969773650169e-04
3.238431790905454181e+04,3.005747857969254255e-04
3.239431924256567800e+04,3.005742037203162909e-04
3.240432057607681418e+04,3.005735925398766994e-04
3.241432190958794672e+04,3.005729522556066513e-04
3.242432324309908290e+04,3.005723992828279734e-04
3.243432457661021544e+04,3.005718463100492954e-04
3.244432591012135163e+04,3.005712060257792473e-04
3.245432724363248781e+04,3.005706530530005693e-04
3.246432857714362035e+04,3.005700418725609779e-04
3.247432991065475653e+04,3.005694597959518433e-04
3.248433124416589271e+04,3.005688486155122519e-04
3.249433257767702526e+04,3.005682956427335739e-04
3.250433391118816144e+04,3.005677135661244392e-04
3.251433524469929398e+04,3.005671314895153046e-04
3.252433657821043016e+04,3.005665785167366266e-04
3.253433791172156634e+04,3.005659382324665785e-04
3.254433924523269889e+04,3.005653852596879005e-04
3.255434057874383507e+04,3.005648322869092226e-04
3.256434191225497125e+04,3.005642211064696312e-04
3.257434324576610379e+04,3.005636681336909533e-04
3.258434457927723997e+04,3.005631733685731888e-04
3.259434591278837252e+04,3.005625621881335974e-04
3.260434724629950870e+04,3.005619510076940060e-04
3.261434857981064488e+04,3.005613689310848713e-04
3.262434991332177742e+04,3.005608159583061934e-04
3.263435124683291360e+04,3.005602629855275154e-04
3.264435258034404978e+04,3.005596809089183807e-04
3.265435391385518233e+04,3.005591279361397028e-04
3.266435524736631851e+04,3.005585458595305681e-04
3.267435658087745105e+04,3.005579928867518902e-04
3.268435791438858723e+04,3.005574108101427555e-04
3.269435924789972341e+04,3.005568287335336208e-04
3.270436058141085596e+04,3.005563048645853996e-04
3.271436191492199214e+04,3.005556936841458082e-04
3.272436324843312832e+04,3.005551407113671303e-04
3.273436458194426086e+04,3.005546459462493658e-04
3.274436591545539704e+04,3.005540347658097744e-04
3.275436724896652959e+04,3.005535108968615532e-04
3.276436858247766577e+04,3.005529288202524185e-04
3.277436991598879831e+04,3.005524049513041973e-04
3.278437124949993449e+04,3.005518228746950626e-04
3.279437258301107067e+04,3.005512990057468414e-04
3.280437391652220686e+04,3.005507751367986202e-04
3.281437525003334304e+04,3.005502512678503990e-04
3.282437658354447194e+04,3.005496400874108076e-04
3.283437791705560812e+04,3.005491162184625864e-04
3.284437925056674430e+04,3.005485341418534517e-04
3.285438058407788048e+04,3.005480102729052305e-04
3.286438191758901667e+04,3.005474864039570093e-04
3.287438325110014557e+04,3.005469334311783314e-04
3.288438458461128175e+04,3.005463513545691967e-04
3.289438591812241793e+04,3.005458274856209755e-04
3.290438725163355411e+04,3.005453036166727543e-04
3.291438858514469030e+04,3.005447797477245331e-04
3.292438991865582648e+04,3.005442558787763119e-04
3.293439125216695538e+04,3.005436738021671772e-04
3.294439258567809156e+04,3.005431208293884993e-04
3.295439391918922774e+04,3.005425969604402781e-04
3.296439525270036393e+04,3.005421021953225136e-04
3.297439658621150011e+04,3.005414910148829222e-04
3.298439791972262901e+04,3.005409962497651577e-04
3.299439925323376519e+04,3.005405014846473932e-04
3.300440058674490137e+04,3.005399485118687153e-04
3.301440192025603756e+04,3.005393955390900373e-04
3.302440325376717374e+04,3.005388716701418161e-04
3.303440458727830264e+04,3.005383769050240517e-04
3.304440592078943882e+04,3.005378530360758305e-04
3.305440725430057500e+04,3.005373291671276093e-04
3.306440858781171119e+04,3.005368052981793880e-04
3.307440992132284737e+04,3.005362523254007101e-04
3.308441125483398355e+04,3.005357575602829456e-04
3.309441258834511245e+04,3.005352045875042677e-04
3.310441392185624863e+04,3.005346807185560465e-04
3.311441525536738482e+04,3.005342150572687387e-04
3.312441658887852100e+04,3.005336329806596041e-04
3.313441792238965718e+04,3.005331673193722963e-04
3.314441925590078608e+04,3.005326143465936184e-04
3.315442058941192226e+04,3.005320904776453972e-04
3.316442192292305845e+04,3.005315375048667192e-04
3.317442325643419463e+04,3.005310718435794115e-04
3.318442458994533081e+04,3.005305770784616470e-04
3.319442592345645971e+04,3.005300241056829691e-04
3.320442725696759589e+04,3.005295584443956614e-04
3.321442859047873208e+04,3.005290054716169834e-04
3.322442992398986826e+04,3.005285398103296757e-04
3.323443125750100444e+04,3.005280450452119112e-04
3.324443259101214062e+04,3.005275211762636900e-04
3.325443392452326952e+04,3.005270264111459255e-04
3.326443525803440571e+04,3.005265025421977043e-04
3.327443659154554189e+04,3.005259786732494831e-04
3.328443792505667807e+04,3.005255421157926321e-04
3.329443925856781425e+04,3.005250182468444109e-04
3.330444059207894315e+04,3.005245234817266464e-04
3.331444192559007934e+04,3.005239996127784252e-04
3.332444325910121552e+04,3.005234757438302040e-04
3.333444459261235170e+04,3.005229809787124395e-04
3.334444592612348788e+04,3.005224571097642183e-04
3.335444725963462406e+04,3.005219914484769106e-04
3.336444859314575297e+04,3.005214966833591461e-04
3.337444992665688915e+04,3.005209728144109249e-04
3.338445126016802533e+04,3.005205071531236172e-04
3.339445259367916151e+04,3.005200414918363094e-04
3.340445392719029769e+04,3.005194594152271748e-04
3.341445526070142660e+04,3.005190228577703238e-04
3.342445659421256278e+04,3.005184989888221025e-04
3.343445792772369896e+04,3.005180333275347948e-04
3.344445926123483514e+04,3.005175385624170303e-04
3.345446059474597132e+04,3.005170729011297226e-04
3.346446192825710023e+04,3.005165199283510447e-04
3.347446326176823641e+04,3.005160833708941936e-04
3.348446459527937259e+04,3.005155886057764292e-04
3.349446592879050877e+04,3.005151229444891214e-04
3.350446726230164495e+04,3.005145990755409002e-04
3.351446859581278113e+04,3.005141334142535925e-04
3.352446992932391004e+04,3.005136968567967415e-04
3.353447126283504622e+04,3.005131729878485203e-04
3.354447259634618240e+04,3.005127073265612125e-04
3.355447392985731858e+04,3.005122125614434481e-04
3.356447526336845476e+04,3.005117469001561403e-04
3.357447659687958367e+04,3.005112812388688326e-04
3.358447793039071985e+04,3.005107864737510681e-04
3.359447926390185603e+04,3.005103208124637604e-04
3.360448059741299221e+04,3.005098260473459959e-04
3.361448193092412839e+04,3.005093603860586882e-04
3.362448326443525730e+04,3.005088656209409237e-04
3.363448459794639348e+04,3.005084290634840727e-04
3.364448593145752966e+04,3.005079342983663082e-04
3.365448726496866584e+04,3.005074395332485437e-04
3.366448859847980202e+04,3.005070029757916927e-04
3.367448993199093820e+04,3.005065082106739283e-04
3.368449126550206711e+04,3.005060716532170773e-04
3.369449259901320329e+04,3.005055477842688560e-04
3.370449393252433947e+04,3.005051112268120050e-04
3.371449526603547565e+04,3.005047037731856108e-04
3.372449659954661183e+04,3.005042381118983030e-04
3.373449793305774074e+04,3.005037433467805386e-04
3.374449926656887692e+04,3.005032776854932308e-04
3.375450060008001310e+04,3.005027829203754663e-04
3.376450193359114928e+04,3.005023463629186153e-04
3.377450326710228546e+04,3.005018515978008509e-04
3.378450460061341437e+04,3.005014150403439999e-04
3.379450593412455055e+04,3.005009493790566921e-04
3.380450726763568673e+04,3.005004837177693844e-04
3.381450860114682291e+04,3.005000471603125334e-04
3.382450993465795909e+04,3.004995814990252256e-04
3.383451126816909527e+04,3.004991158377379179e-04
3.384451260168022418e+04,3.004986792802810669e-04
3.385451393519136036e+04,3.004981845151633024e-04
3.386451526870249654e+04,3.004977188538759947e-04
3.387451660221363272e+04,3.004973114002496004e-04
3.388451793572476890e+04,3.004968457389622927e-04
3.389451926923589781e+04,3.004964382853358984e-04
3.390452060274703399e+04,3.004959435202181339e-04
3.391452193625817017e+04,3.004955360665917397e-04
3.392452326976930635e+04,3.004950413014739752e-04
3.393452460328044253e+04,3.004946338478475809e-04
3.394452593679157144e+04,3.004941972903907299e-04
3.395452727030270762e+04,3.004937025252729654e-04
3.396452860381384380e+04,3.004932659678161144e-04
3.397452993732497998e+04,3.004928003065288067e-04
3.398453127083611616e+04,3.004923346452414989e-04
3.399453260434725235e+04,3.004919271916151047e-04
3.400453393785838125e+04,3.004914615303277969e-04
3.401453527136951743e+04,3.004910249728709459e-04
3.402453660488065361e+04,3.004905593115836382e-04
3.403453793839178979e+04,3.004901227541267872e-04
3.404453927190292598e+04,3.004897153005003929e-04
3.405454060541405488e+04,3.004892205353826284e-04
3.406454193892519106e+04,3.004887839779257774e-04
3.407454327243632724e+04,3.004883765242993832e-04
3.408454460594746342e+04,3.004879981745034456e-04
3.409454593945859961e+04,3.004875034093856812e-04
3.410454727296972851e+04,3.004870959557592869e-04
3.411454860648086469e+04,3.004866011906415224e-04
3.412454993999200087e+04,3.004861646331846714e-04
3.413455127350313705e+04,3.004857571795582771e-04
3.414455260701427324e+04,3.004853497259318829e-04
3.415455394052540942e+04,3.004848840646445751e-04
3.416455527403653832e+04,3.004844766110181808e-04
3.417455660754767450e+04,3.004840691573917866e-04
3.418455794105881068e+04,3.004836325999349356e-04
3.419455927456994687e+04,3.004831669386476278e-04
3.420456060808108305e+04,3.004827594850212336e-04
3.421456194159221195e+04,3.004823811352252960e-04
3.422456327510334813e+04,3.004819154739379883e-04
3.423456460861448431e+04,3.004815080203115940e-04
3.424456594212562050e+04,3.004810132551938295e-04
3.425456727563675668e+04,3.004806349053978920e-04
3.426456860914788558e+04,3.004801692441105843e-04
3.427456994265902176e+04,3.004797908943146467e-04
3.428457127617015794e+04,3.004793543368577957e-04
3.429457260968129413e+04,3.004789177794009447e-04
3.430457394319243031e+04,3.004784521181136370e-04
3.431457527670356649e+04,3.004781028721481562e-04
3.432457661021469539e+04,3.004776372108608484e-04
3.433457794372583157e+04,3.004772879648953676e-04
3.434457927723696776e+04,3.004768223036080599e-04
3.435458061074810394e+04,3.004764439538121223e-04
3.436458194425924012e+04,3.004759782925248146e-04
3.437458327777036902e+04,3.004755999427288771e-04
3.438458461128150520e+04,3.004751051776111126e-04
3.439458594479264138e+04,3.004747850354760885e-04
3.440458727830377757e+04,3.004742902703583241e-04
3.441458861181491375e+04,3.004738828167319298e-04
3.442458994532604265e+04,3.004734462592750788e-04
3.443459127883717883e+04,3.004730679094791412e-04
3.444459261234831501e+04,3.004726895596832037e-04
3.445459394585945120e+04,3.004722530022263527e-04
3.446459527937058738e+04,3.004718164447695017e-04
3.447459661288172356e+04,3.004714380949735641e-04
3.448459794639285246e+04,3.004709724336862564e-04
3.449459927990398864e+04,3.004706231877207756e-04
3.450460061341512483e+04,3.004702448379248381e-04
3.451460194692626101e+04,3.004698082804679871e-04
3.452460328043739719e+04,3.004694008268415928e-04
3.453460461394852609e+04,3.004690224770456553e-04
3.454460594745966227e+04,3.004685859195888042e-04
3.455460728097079846e+04,3.004681493621319532e-04
3.456460861448193464e+04,3.004677710123360157e-04
3.457460994799307082e+04,3.004673926625400782e-04
3.458461128150419972e+04,3.004669852089136839e-04
3.459461261501533590e+04,3.004665777552872896e-04
3.460461394852647209e+04,3.004661994054913521e-04
3.461461528203760827e+04,3.004657628480345011e-04
3.462461661554874445e+04,3.004653844982385635e-04
3.463461794905988063e+04,3.004650061484426260e-04
3.464461928257100953e+04,3.004645695909857750e-04
3.465462061608214572e+04,3.004641330335289240e-04
3.466462194959328190e+04,3.004637546837329865e-04
3.467462328310441808e+04,3.004633763339370489e-04
3.468462461661555426e+04,3.004629397764801979e-04
3.469462595012668316e+04,3.004625614266842604e-04
3.470462728363781935e+04,3.004621830768883228e-04
3.471462861714895553e+04,3.004618629347532988e-04
3.472462995066009171e+04,3.004613681696355343e-04
3.473463128417122789e+04,3.004609898198395967e-04
3.474463261768235679e+04,3.004606114700436592e-04
3.475463395119349298e+04,3.004602040164172649e-04
3.476463528470462916e+04,3.004597965627908707e-04
3.477463661821576534e+04,3.004593891091644764e-04
3.478463795172690152e+04,3.004590398631989956e-04
3.479463928523803770e+04,3.004586615134030581e-04
3.480464061874916661e+04,3.004582831636071205e-04
3.481464195226030279e+04,3.004579048138111830e-04
3.482464328577143897e+04,3.004575264640152454e-04
3.483464461928257515e+04,3.004571481142193079e-04
3.484464595279371133e+04,3.004567115567624569e-04
3.485464728630484024e+04,3.004563332069665194e-04
3.486464861981597642e+04,3.004559548571705818e-04
3.487464995332711260e+04,3.004555765073746443e-04
3.488465128683824878e+04,3.004551690537482500e-04
3.489465262034938496e+04,3.004547907039523125e-04
3.490465395386051387e+04,3.004544414579868317e-04
3.491465528737165005e+04,3.004540631081908941e-04
3.492465662088278623e+04,3.004536556545644999e-04
3.493465795439392241e+04,3.004532190971076488e-04
3.494465928790505859e+04,3.004528989549726248e-04
3.495466062141619477e+04,3.004525206051766872e-04
3.496466195492732368e+04,3.004521422553807497e-04
3.497466328843845986e+04,3.004517348017543554e-04
3.498466462194959604e+04,3.004513564519584179e-04
3.499466595546073222e+04,3.004510654136538506e-04
3.500466728897186840e+04,3.004506579600274563e-04
3.501466862248299731e+04,3.004502796102315187e-04
3.502466995599413349e+04,3.004499012604355812e-04
3.503467128950526967e+04,3.004495811183005571e-04
3.504467262301640585e+04,3.004491154570132494e-04
3.505467395652754203e+04,3.004487371072173119e-04
3.506467529003867094e+04,3.004483587574213743e-04
3.507467662354980712e+04,3.004480386152863503e-04
3.508467795706094330e+04,3.004476602654904127e-04
3.509467929057207948e+04,3.004472528118640184e-04
3.510468062408321566e+04,3.004468744620680809e-04
3.511468195759435184e+04,3.004465252161026001e-04
3.512468329110548075e+04,3.004461759701371193e-04
3.513468462461661693e+04,3.004458267241716385e-04
3.514468595812775311e+04,3.004454192705452442e-04
3.515468729163888929e+04,3.004450700245797634e-04
3.516468862515002547e+04,3.004446916747838259e-04
3.517468995866115438e+04,3.004443133249878883e-04
3.518469129217229056e+04,3.004439640790224075e-04
3.519469262568342674e+04,3.004435566253960133e-04
3.520469395919456292e+04,3.004432073794305325e-04
3.521469529270569910e+04,3.004428872372955084e-04
3.522469662621682801e+04,3.004425379913300276e-04
3.523469795972796419e+04,3.004421305377036333e-04
3.524469929323910037e+04,3.004418103955686092e-04
3.525470062675023655e+04,3.004414611496031284e-04
3.526470196026137273e+04,3.004410536959767342e-04
3.527470329377250891e+04,3.004406753461807966e-04
3.528470462728363782e+04,3.004403261002153158e-04
3.529470596079477400e+04,3.004400059580802917e-04
3.530470729430591018e+04,3.004396276082843542e-04
3.531470862781704636e+04,3.004392783623188734e-04
3.532470996132818254e+04,3.004389291163533926e-04
3.533471129483931145e+04,3.004385798703879118e-04
3.534471262835044763e+04,3.004382015205919743e-04
3.535471396186158381e+04,3.004378522746264935e-04
3.536471529537271999e+04,3.004375030286610126e-04
3.537471662888385617e+04,3.004370955750346184e-04
3.538471796239498508e+04,3.004367754328995943e-04
3.539471929590612126e+04,3.004364261869341135e-04
3.540472062941725744e+04,3.004360478371381760e-04
3.541472196292839362e+04,3.004357276950031519e-04
3.542472329643952980e+04,3.004353493452072144e-04
3.543472462995066599e+04,3.004350000992417336e-04
3.544472596346179489e+04,3.004346508532762527e-04
3.545472729697293107e+04,3.004343307111412287e-04
3.546472863048406725e+04,3.004339523613452911e-04
3.547472996399520343e+04,3.004336613230407238e-04
3.548473129750633962e+04,3.004332829732447863e-04
3.549473263101746852e+04,3.004329628311097622e-04
3.550473396452860470e+04,3.004325844813138247e-04
3.551473529803974088e+04,3.004322352353483438e-04
3.552473663155087706e+04,3.004318568855524063e-04
3.553473796506201325e+04,3.004315658472478390e-04
3.554473929857314215e+04,3.004311874974519014e-04
3.555474063208427833e+04,3.004308091476559639e-04
3.556474196559541451e+04,3.004304890055209398e-04
3.557474329910655069e+04,3.004301106557250023e-04
3.558474463261768688e+04,3.004298196174204350e-04
3.559474596612882306e+04,3.004294703714549541e-04
3.560474729963995196e+04,3.004290920216590166e-04
3.561474863315108814e+04,3.004287718795239925e-04
3.562474996666222432e+04,3.004284517373889685e-04
3.563475130017336051e+04,3.004281024914234877e-04
3.564475263368449669e+04,3.004277532454580069e-04
3.565475396719562559e+04,3.004274039994925261e-04
3.566475530070676177e+04,3.004270838573575020e-04
3.567475663421789795e+04,3.004267055075615644e-04
3.568475796772903414e+04,3.004264144692569971e-04
3.569475930124017032e+04,3.004260361194610596e-04
3.570476063475129922e+04,3.004257450811564922e-04
3.571476196826243540e+04,3.004253667313605547e-04
3.572476330177357158e+04,3.004249883815646172e-04
3.573476463528470777e+04,3.004246682394295931e-04
3.574476596879584395e+04,3.004243772011250257e-04
3.575476730230698013e+04,3.004239988513290882e-04
3.576476863581810903e+04,3.004237078130245209e-04
3.577476996932924521e+04,3.004233294632285833e-04
3.578477130284038140e+04,3.004230384249240160e-04
3.579477263635151758e+04,3.004226600751280785e-04
3.580477396986265376e+04,3.004223690368235111e-04
3.581477530337378266e+04,3.004219906870275736e-04
3.582477663688491884e+04,3.004216705448925495e-04
3.583477797039605503e+04,3.004213795065879822e-04
3.584477930390719121e+04,3.004210302606225014e-04
3.585478063741832739e+04,3.004207101184874773e-04
3.586478197092946357e+04,3.004203608725219965e-04
3.587478330444059247e+04,3.004200407303869724e-04
3.588478463795172866e+04,3.004197496920824051e-04
3.589478597146286484e+04,3.004194004461169243e-04
3.590478730497400102e+04,3.004190803039819002e-04
3.591478863848513720e+04,3.004187601618468761e-04
3.592478997199626610e+04,3.004184400197118521e-04
3.593479130550740229e+04,3.004180616699159145e-04
3.594479263901853847e+04,3.004177415277808905e-04
3.595479397252967465e+04,3.004174213856458664e-04
3.596479530604081083e+04,3.004171303473412991e-04
3.597479663955193973e+04,3.004168102052062750e-04
3.598479797306307591e+04,3.004164609592407942e-04
3.599479930657421210e+04,3.004161699209362268e-04
3.600480064008534828e+04,3.004158497788012028e-04
3.601480197359648446e+04,3.004155005328357220e-04
3.602480330710762064e+04,3.004152094945311546e-04
3.603480464061874954e+04,3.004148602485656738e-04
3.604480597412988573e+04,3.004145401064306498e-04
3.605480730764102191e+04,3.004142199642956257e-04
3.606480864115215809e+04,3.004138998221606016e-04
3.607480997466329427e+04,3.004136087838560343e-04
3.608481130817442317e+04,3.004132304340600967e-04
3.609481264168555936e+04,3.004129393957555294e-04
3.610481397519669554e+04,3.004126192536205053e-04
3.611481530870783172e+04,3.004122991114854813e-04
3.612481664221896790e+04,3.004119789693504572e-04
3.613481797573009680e+04,3.004116879310458899e-04
3.614481930924123299e+04,3.004113095812499523e-04
3.615482064275236917e+04,3.004110185429453850e-04
3.616482197626350535e+04,3.004106984008103609e-04
3.617482330977464153e+04,3.004104364663362503e-04
3.618482464328577771e+04,3.004100581165403128e-04
3.619482597679690662e+04,3.004097670782357454e-04
3.620482731030804280e+04,3.004095051437616348e-04
3.621482864381917898e+04,3.004091558977961540e-04
3.622482997733031516e+04,3.004088066518306732e-04
3.623483131084145134e+04,3.004085447173565626e-04
3.624483264435258025e+04,3.004082536790519953e-04
3.625483397786371643e+04,3.004079335369169712e-04
3.626483531137485261e+04,3.004076424986124039e-04
3.627483664488598879e+04,3.004072932526469231e-04
3.628483797839712497e+04,3.004069731105118990e-04
3.629483931190825388e+04,3.004066529683768749e-04
3.630484064541939006e+04,3.004063619300723076e-04
3.631484197893052624e+04,3.004060999955981970e-04
3.632484331244166242e+04,3.004057798534631729e-04
3.633484464595279860e+04,3.004054888151586056e-04
3.634484597946393478e+04,3.004051686730235815e-04
3.635484731297506369e+04,3.004048194270581007e-04
3.636484864648619987e+04,3.004045283887535334e-04
3.637484997999733605e+04,3.004042373504489660e-04
3.638485131350847223e+04,3.004038590006530285e-04
3.639485264701960841e+04,3.004035970661789179e-04
3.640485398053073732e+04,3.004033351317048073e-04
3.641485531404187350e+04,3.004030149895697832e-04
3.642485664755300968e+04,3.004027239512652159e-04
3.643485798106414586e+04,3.004023456014692783e-04
3.644485931457528204e+04,3.004020836669951677e-04
3.645486064808641095e+04,3.004017926286906004e-04
3.646486198159754713e+04,3.004015015903860331e-04
3.647486331510868331e+04,3.004011523444205523e-04
3.648486464861981949e+04,3.004008904099464417e-04
3.649486598213095567e+04,3.004005702678114176e-04
3.650486731564209185e+04,3.004003083333373070e-04
3.651486864915322076e+04,3.003999590873718262e-04
3.652486998266435694e+04,3.003996680490672588e-04
3.653487131617549312e+04,3.003993770107626915e-04
3.654487264968662930e+04,3.003991150762885809e-04
3.655487398319776548e+04,3.003988240379840136e-04
3.656487531670889439e+04,3.003985329996794462e-04
3.657487665022003057e+04,3.003982128575444221e-04
3.658487798373116675e+04,3.003978927154093981e-04
3.659487931724230293e+04,3.003976307809352875e-04
3.660488065075343911e+04,3.003972815349698067e-04
3.661488198426456802e+04,3.003969613928347826e-04
3.662488331777570420e+04,3.003966994583606720e-04
3.663488465128684038e+04,3.003964375238865614e-04
3.664488598479797656e+04,3.003961173817515373e-04
3.665488731830911274e+04,3.003958263434469700e-04
3.666488865182024892e+04,3.003954770974814892e-04
3.667488998533137783e+04,3.003952733706682920e-04
3.668489131884251401e+04,3.003949532285332680e-04
3.669489265235365019e+04,3.003946330863982439e-04
3.670489398586478637e+04,3.003943711519241333e-04
3.671489531937592255e+04,3.003941092174500227e-04
3.672489665288705146e+04,3.003937599714845419e-04
3.673489798639818764e+04,3.003935271408408880e-04
3.674489931990932382e+04,3.003932361025363207e-04
3.675490065342046000e+04,3.003929159604012966e-04
3.676490198693159618e+04,3.003926540259271860e-04
3.677490332044272509e+04,3.003923629876226187e-04
3.678490465395386127e+04,3.003920428454875946e-04
3.679490598746499745e+04,3.003917518071830273e-04
3.680490732097613363e+04,3.003914898727089167e-04
3.681490865448726981e+04,3.003912279382348061e-04
3.682490998799840600e+04,3.003909368999302387e-04
3.683491132150953490e+04,3.003906167577952147e-04
3.684491265502067108e+04,3.003903257194906473e-04
3.685491398853180726e+04,3.003900346811860800e-04
3.686491532204294344e+04,3.003898018505424261e-04
3.687491665555407963e+04,3.003894817084074020e-04
3.688491798906520853e+04,3.003891906701028347e-04
3.689491932257634471e+04,3.003889287356287241e-04
3.690492065608748089e+04,3.003886668011546135e-04
3.691492198959861707e+04,3.003883175551891327e-04
3.692492332310975326e+04,3.003880847245454788e-04
3.693492465662088216e+04,3.003877936862409115e-04
3.694492599013201834e+04,3.003875317517668009e-04
3.695492732364315452e+04,3.003871825058013201e-04
3.696492865715429070e+04,3.003869496751576662e-04
3.697492999066542689e+04,3.003866586368530989e-04
3.698493132417656307e+04,3.003863675985485315e-04
3.699493265768769197e+04,3.003861347679048777e-04
3.700493399119882815e+04,3.003857855219393969e-04
3.701493532470996433e+04,3.003855526912957430e-04
3.702493665822110052e+04,3.003852325491607189e-04
3.703493799173223670e+04,3.003849415108561516e-04
3.704493932524336560e+04,3.003846795763820410e-04
3.705494065875450178e+04,3.003844467457383871e-04
3.706494199226563796e+04,3.003841557074338198e-04
3.707494332577677415e+04,3.003838937729597092e-04
3.708494465928791033e+04,3.003836027346551418e-04
3.709494599279903923e+04,3.003833116963505745e-04
3.710494732631017541e+04,3.003830788657069206e-04
3.711494865982131159e+04,3.003827587235718966e-04
3.712494999333244778e+04,3.003824967890977859e-04
3.713495132684358396e+04,3.003822348546236753e-04
3.714495266035472014e+04,3.003819729201495647e-04
3.715495399386584904e+04,3.003817109856754541e-04
3.716495532737698522e+04,3.003813617397099733e-04
3.717495666088812141e+04,3.003811580128967762e-04
3.718495799439925759e+04,3.003808378707617521e-04
3.719495932791039377e+04,3.003806050401180983e-04
3.720496066142152267e+04,3.003803722094744444e-04
3.721496199493265885e+04,3.003800520673394203e-04
3.722496332844379504e+04,3.003797319252043962e-04
3.723496466195493122e+04,3.003794699907302856e-04
3.724496599546606740e+04,3.003792080562561750e-04
3.725496732897719630e+04,3.003789461217820644e-04
3.726496866248833248e+04,3.003786841873079538e-04
3.727496999599946867e+04,3.003784222528338432e-04
3.728497132951060485e+04,3.003781603183597326e-04
3.729497266302174103e+04,3.003778983838856220e-04
3.730497399653287721e+04,3.003776655532419682e-04
3.731497533004400611e+04,3.003772872034460306e-04
3.732497666355514230e+04,3.003770834766328335e-04
3.733497799706627848e+04,3.003768215421587229e-04
3.734497933057741466e+04,3.003765887115150690e-04
3.735498066408855084e+04,3.003762976732105017e-04
3.736498199759967974e+04,3.003760357387363911e-04
3.737498333111081593e+04,3.003757447004318237e-04
3.738498466462195211e+04,3.003755118697881699e-04
3.739498599813308829e+04,3.003752208314836025e-04
3.740498733164422447e+04,3.003749880008399487e-04
3.741498866515535337e+04,3.003747260663658381e-04
3.742498999866648956e+04,3.003744641318917274e-04
3.743499133217762574e+04,3.003741439897567034e-04
3.744499266568876192e+04,3.003738820552825928e-04
3.745499399919989810e+04,3.003736492246389389e-04
3.746499533271103428e+04,3.003733872901648283e-04
3.747499666622216319e+04,3.003731253556907177e-04
3.748499799973329937e+04,3.003728925250470638e-04
3.749499933324443555e+04,3.003726305905729532e-04
3.750500066675557173e+04,3.003723395522683859e-04
3.751500200026670791e+04,3.003720776177942753e-04
3.752500333377783681e+04,3.003718156833201647e-04
3.753500466728897300e+04,3.003715537488460541e-04
3.754500600080010918e+04,3.003712918143719435e-04
3.755500733431124536e+04,3.003710298798978329e-04
3.756500866782238154e+04,3.003707679454237223e-04
3.757501000133351044e+04,3.003705060109496117e-04
3.758501133484464663e+04,3.003702440764755011e-04
3.759501266835578281e+04,3.003700112458318472e-04
3.760501400186691899e+04,3.003697784151881933e-04
3.761501533537805517e+04,3.003695164807140827e-04
3.762501666888919135e+04,3.003691963385790586e-04
3.763501800240032026e+04,3.003689344041049480e-04
3.764501933591145644e+04,3.003687306772917509e-04
3.765502066942259262e+04,3.003685269504785538e-04
3.766502200293372880e+04,3.003682650160044432e-04
3.767502333644486498e+04,3.003679157700389624e-04
3.768502466995599389e+04,3.003676829393953085e-04
3.769502600346713007e+04,3.003674501087516546e-04
3.770502733697826625e+04,3.003671590704470873e-04
3.771502867048940243e+04,3.003669262398034334e-04
3.772503000400053861e+04,3.003666934091597795e-04
3.773503133751166752e+04,3.003664314746856689e-04
3.774503267102280370e+04,3.003661404363811016e-04
3.775503400453393988e+04,3.003659076057374477e-04
3.776503533804507606e+04,3.003657038789242506e-04
3.777503667155621224e+04,3.003654419444501400e-04
3.778503800506734842e+04,3.003651800099760294e-04
3.779503933857847733e+04,3.003649180755019188e-04
3.780504067208961351e+04,3.003646852448582649e-04
3.781504200560074969e+04,3.003644233103841543e-04
3.782504333911188587e+04,3.003641904797405005e-04
3.783504467262302205e+04,3.003639285452663898e-04
3.784504600613415096e+04,3.003636666107922792e-04
3.785504733964528714e+04,3.003634046763181686e-04
3.786504867315642332e+04,3.003632009495049715e-04
3.787505000666755950e+04,3.003629099112004042e-04
3.788505134017869568e+04,3.003627352882176638e-04
3.789505267368982459e+04,3.003624442499130964e-04
3.790505400720096077e+04,3.003621532116085291e-04
3.791505534071209695e+04,3.003619494847953320e-04
3.792505667422323313e+04,3.003617166541516781e-04
3.793505800773436931e+04,3.003614256158471107e-04
3.794505934124550549e+04,3.003612218890339136e-04
3.795506067475663440e+04,3.003609599545598030e-04
3.796506200826777058e+04,3.003607271239161491e-04
3.797506334177890676e+04,3.003604360856115818e-04
3.798506467529004294e+04,3.003602032549679279e-04
3.799506600880117912e+04,3.003599704243242741e-04
3.800506734231230803e+04,3.003597084898501635e-04
3.801506867582344421e+04,3.003595338668674231e-04
3.802507000933458039e+04,3.003593010362237692e-04
3.803507134284571657e+04,3.003590391017496586e-04
3.804507267635685275e+04,3.003587771672755480e-04
3.805507400986798166e+04,3.003585152328014374e-04
3.806507534337911784e+04,3.003582532983273268e-04
3.807507667689025402e+04,3.003580495715141296e-04
3.808507801040139020e+04,3.003578167408704758e-04
3.809507934391252638e+04,3.003575257025659084e-04
3.810508067742366256e+04,3.003572928719222546e-04
3.811508201093479147e+04,3.003570891451090574e-04
3.812508334444592765e+04,3.003568563144654036e-04
3.813508467795706383e+04,3.003566234838217497e-04
3.814508601146820001e+04,3.003563324455171824e-04
3.815508734497933619e+04,3.003560705110430717e-04
3.816508867849046510e+04,3.003558667842298746e-04
3.817509001200160128e+04,3.003556048497557640e-04
3.818509134551273746e+04,3.003554011229425669e-04
3.819509267902387364e+04,3.003551682922989130e-04
3.820509401253500982e+04,3.003549063578248024e-04
3.821509534604613873e+04,3.003546735271811485e-04
3.822509667955727491e+04,3.003544406965374947e-04
3.823509801306841109e+04,3.003542369697242975e-04
3.824509934657954727e+04,3.003539459314197302e-04
3.825510068009068345e+04,3.003537422046065331e-04
3.826510201360181964e+04,3.003535093739628792e-04
3.827510334711294854e+04,3.003532474394887686e-04
3.828510468062408472e+04,3.003530728165060282e-04
3.829510601413522090e+04,3.003527817782014608e-04
3.830510734764635708e+04,3.003525780513882637e-04
3.831510868115749327e+04,3.003522870130836964e-04
3.832511001466862217e+04,3.003520541824400425e-04
3.833511134817975835e+04,3.003518504556268454e-04
3.834511268169089453e+04,3.003516467288136482e-04
3.835511401520203071e+04,3.003513847943395376e-04
3.836511534871316690e+04,3.003511228598654270e-04
3.837511668222429580e+04,3.003508900292217731e-04
3.838511801573543198e+04,3.003506863024085760e-04
3.839511934924656816e+04,3.003504534717649221e-04
3.840512068275770434e+04,3.003501915372908115e-04
3.841512201626884053e+04,3.003499878104776144e-04
3.842512334977997671e+04,3.003498131874948740e-04
3.843512468329110561e+04,3.003495512530207634e-04
3.844512601680224179e+04,3.003493475262075663e-04
3.845512735031337797e+04,3.003490855917334557e-04
3.846512868382451416e+04,3.003488527610898018e-04
3.847513001733565034e+04,3.003486199304461479e-04
3.848513135084677924e+04,3.003483870998024940e-04
3.849513268435791542e+04,3.003481833729892969e-04
3.850513401786905160e+04,3.003479796461760998e-04
3.851513535138018779e+04,3.003477177117019892e-04
3.852513668489132397e+04,3.003474557772278786e-04
3.853513801840246015e+04,3.003472520504146814e-04
3.854513935191358905e+04,3.003469901159405708e-04
3.855514068542472523e+04,3.003467863891273737e-04
3.856514201893586142e+04,3.003465535584837198e-04
3.857514335244699760e+04,3.003463498316705227e-04
3.858514468595813378e+04,3.003460878971964121e-04
3.859514601946926268e+04,3.003459132742136717e-04
3.860514735298039886e+04,3.003457095474004745e-04
3.861514868649153505e+04,3.003454185090959072e-04
3.862515002000267123e+04,3.003452147822827101e-04
3.863515135351380741e+04,3.003449819516390562e-04
3.864515268702493631e+04,3.003447782248258591e-04
3.865515402053607249e+04,3.003445162903517485e-04
3.866515535404720868e+04,3.003443125635385513e-04
3.867515668755834486e+04,3.003440797328948975e-04
3.868515802106948104e+04,3.003438177984207869e-04
3.869515935458061722e+04,3.003436140716075897e-04
3.870516068809174612e+04,3.003434103447943926e-04
3.871516202160288231e+04,3.003432357218116522e-04
3.872516335511401849e+04,3.003429737873375416e-04
3.873516468862515467e+04,3.003427991643548012e-04
3.874516602213629085e+04,3.003425372298806906e-04
3.875516735564741975e+04,3.003423043992370367e-04
3.876516868915855594e+04,3.003420715685933828e-04
3.877517002266969212e+04,3.003418678417801857e-04
3.878517135618082830e+04,3.003415768034756184e-04
3.879517268969196448e+04,3.003414312843233347e-04
3.880517402320309338e+04,3.003411111421883106e-04
3.881517535671422957e+04,3.003409656230360270e-04
3.882517669022536575e+04,3.003407910000532866e-04
3.883517802373650193e+04,3.003404999617487192e-04
3.884517935724763811e+04,3.003403253387659788e-04
3.885518069075877429e+04,3.003401216119527817e-04
3.886518202426990320e+04,3.003398887813091278e-04
3.887518335778103938e+04,3.003396850544959307e-04
3.888518469129217556e+04,3.003393940161913633e-04
3.889518602480331174e+04,3.003392484970390797e-04
3.890518735831444792e+04,3.003390156663954258e-04
3.891518869182557683e+04,3.003387828357517719e-04
3.892519002533671301e+04,3.003386082127690315e-04
3.893519135884784919e+04,3.003383462782949209e-04
3.894519269235898537e+04,3.003381134476512671e-04
3.895519402587012155e+04,3.003379388246685266e-04
3.896519535938125046e+04,3.003377059940248728e-04
3.897519669289238664e+04,3.003374440595507622e-04
3.898519802640352282e+04,3.003372985403984785e-04
3.899519935991465900e+04,3.003370075020939112e-04
3.900520069342579518e+04,3.003368910867720842e-04
3.901520202693693136e+04,3.003366873599588871e-04
3.902520336044806027e+04,3.003364254254847765e-04
3.903520469395919645e+04,3.003362216986715794e-04
3.904520602747033263e+04,3.003359888680279255e-04
3.905520736098146881e+04,3.003357851412147284e-04
3.906520869449260499e+04,3.003355523105710745e-04
3.907521002800373390e+04,3.003353194799274206e-04
3.908521136151487008e+04,3.003351157531142235e-04
3.909521269502600626e+04,3.003349120263010263e-04
3.910521402853714244e+04,3.003347374033182859e-04
3.911521536204827862e+04,3.003344754688441753e-04
3.912521669555940753e+04,3.003343008458614349e-04
3.913521802907054371e+04,3.003340098075568676e-04
3.914521936258167989e+04,3.003338642884045839e-04
3.915522069609281607e+04,3.003336314577609301e-04
3.916522202960395225e+04,3.003334568347781897e-04
3.917522336311508843e+04,3.003332531079649925e-04
3.918522469662621734e+04,3.003330493811517954e-04
3.919522603013735352e+04,3.003328456543385983e-04
3.920522736364848970e+04,3.003326419275254011e-04
3.921522869715962588e+04,3.003324090968817472e-04
3.922523003067076206e+04,3.003322053700685501e-04
3.923523136418189097e+04,3.003319725394248962e-04
3.924523269769302715e+04,3.003317979164421558e-04
3.925523403120416333e+04,3.003315941896289587e-04
3.926523536471529951e+04,3.003313613589853048e-04
3.927523669822643569e+04,3.003311867360025644e-04
3.928523803173756460e+04,3.003308956976979971e-04
3.929523936524870078e+04,3.003307792823761702e-04
3.930524069875983696e+04,3.003305464517325163e-04
3.931524203227097314e+04,3.003302845172584057e-04
3.932524336578210932e+04,3.003301098942756653e-04
3.933524469929324550e+04,3.003299061674624681e-04
3.934524603280437441e+04,3.003296733368188143e-04
3.935524736631551059e+04,3.003294987138360739e-04
3.936524869982664677e+04,3.003292658831924200e-04
3.937525003333778295e+04,3.003290621563792229e-04
3.938525136684891913e+04,3.003288584295660257e-04
3.939525270036004804e+04,3.003286255989223719e-04
3.940525403387118422e+04,3.003284509759396315e-04
3.941525536738232040e+04,3.003282472491264343e-04
3.942525670089345658e+04,3.003280435223132372e-04
3.943525803440459276e+04,3.003278688993304968e-04
3.944525936791572167e+04,3.003276651725172997e-04
3.945526070142685785e+04,3.003274032380431890e-04
3.946526203493799403e+04,3.003272577188909054e-04
3.947526336844913021e+04,3.003269957844167948e-04
3.948526470196026639e+04,3.003268211614340544e-04
3.949526603547140257e+04,3.003266174346208572e-04
3.950526736898253148e+04,3.003264719154685736e-04
3.951526870249366766e+04,3.003262099809944630e-04
3.952527003600480384e+04,3.003260644618421793e-04
3.953527136951594002e+04,3.003258025273680687e-04
3.954527270302707620e+04,3.003255988005548716e-04
3.955527403653820511e+04,3.003253950737416744e-04
3.956527537004934129e+04,3.003251622430980206e-04
3.957527670356047747e+04,3.003250167239457369e-04
3.958527803707161365e+04,3.003248421009629965e-04
3.959527937058274983e+04,3.003246092703193426e-04
3.960528070409387874e+04,3.003244346473366022e-04
3.961528203760501492e+04,3.003242309205234051e-04
3.962528337111615110e+04,3.003239980898797512e-04
3.963528470462728728e+04,3.003238234668970108e-04
3.964528603813842346e+04,3.003236197400838137e-04
3.965528737164955965e+04,3.003233869094401598e-04
3.966528870516068855e+04,3.003232704941183329e-04
3.967529003867182473e+04,3.003230085596442223e-04
3.968529137218296091e+04,3.003228048328310251e-04
3.969529270569409709e+04,3.003226302098482847e-04
3.970529403920523328e+04,3.003223682753741741e-04
3.971529537271636218e+04,3.003221936523914337e-04
3.972529670622749836e+04,3.003220481332391500e-04
3.973529803973863454e+04,3.003218444064259529e-04
3.974529937324977072e+04,3.003216115757822990e-04
3.975530070676090691e+04,3.003214660566300154e-04
3.976530204027203581e+04,3.003212332259863615e-04
3.977530337378317199e+04,3.003210586030036211e-04
3.978530470729430817e+04,3.003208548761904240e-04
3.979530604080544435e+04,3.003206511493772268e-04
3.980530737431658054e+04,3.003204765263944864e-04
3.981530870782771672e+04,3.003202727995812893e-04
3.982531004133884562e+04,3.003200690727680922e-04
3.983531137484998180e+04,3.003198653459548950e-04
3.984531270836111798e+04,3.003196616191416979e-04
3.985531404187225417e+04,3.003194869961589575e-04
3.986531537538339035e+04,3.003192832693457603e-04
3.987531670889451925e+04,3.003191377501934767e-04
3.988531804240565543e+04,3.003188758157193661e-04
3.989531937591679161e+04,3.003187011927366257e-04
3.990532070942792780e+04,3.003185265697538853e-04
3.991532204293906398e+04,3.003183228429406881e-04
3.992532337645019288e+04,3.003181482199579477e-04
3.993532470996132906e+04,3.003179153893142939e-04
3.994532604347246524e+04,3.003177698701620102e-04
3.995532737698360143e+04,3.003175661433488131e-04
3.996532871049473761e+04,3.003173624165356159e-04
3.997533004400587379e+04,3.003172168973833323e-04
3.998533137751700269e+04,3.003169840667396784e-04
3.999533271102813887e+04,3.003168094437569380e-04
4.000533404453927506e+04,3.003166057169437408e-04
4.001533537805041124e+04,3.003163728863000870e-04
4.002533671156154742e+04,3.003162855748087168e-04
4.003533804507267632e+04,3.003159945365041494e-04
4.004533937858381250e+04,3.003157908096909523e-04
4.005534071209494869e+04,3.003156452905386686e-04
4.006534204560608487e+04,3.003154706675559282e-04
4.007534337911722105e+04,3.003152378369122744e-04
4.008534471262834995e+04,3.003150632139295340e-04
4.009534604613948613e+04,3.003149176947772503e-04
4.010534737965062232e+04,3.003147139679640532e-04
4.011534871316175850e+04,3.003145102411508560e-04
4.012535004667289468e+04,3.003143356181681156e-04
4.013535138018403086e+04,3.003141027875244617e-04
4.014535271369515976e+04,3.003139281645417213e-04
4.015535404720629595e+04,3.003137535415589809e-04
4.016535538071743213e+04,3.003135498147457838e-04
4.017535671422856831e+04,3.003133460879325867e-04
4.018535804773970449e+04,3.003132005687803030e-04
4.019535938125083339e+04,3.003130259457975626e-04
4.020536071476196958e+04,3.003128804266452789e-04
4.021536204827310576e+04,3.003127058036625385e-04
4.022536338178424194e+04,3.003124729730188847e-04
4.023536471529537812e+04,3.003122692462056875e-04
4.024536604880650702e+04,3.003121237270534039e-04
4.025536738231764321e+04,3.003119491040706635e-04
4.026536871582877939e+04,3.003117453772574663e-04
4.027537004933991557e+04,3.003115416504442692e-04
4.028537138285105175e+04,3.003113961312919855e-04
4.029537271636218793e+04,3.003111341968178749e-04
4.030537404987331684e+04,3.003109886776655912e-04
4.031537538338445302e+04,3.003108140546828508e-04
4.032537671689558920e+04,3.003106394317001104e-04
4.033537805040672538e+04,3.003104066010564566e-04
4.034537938391786156e+04,3.003102319780737162e-04
4.035538071742899047e+04,3.003100282512605190e-04
4.036538205094012665e+04,3.003098536282777786e-04
4.037538338445126283e+04,3.003097081091254950e-04
4.038538471796239901e+04,3.003095043823122978e-04
4.039538605147353519e+04,3.003093297593295574e-04
4.040538738498466410e+04,3.003091842401772738e-04
4.041538871849580028e+04,3.003089514095336199e-04
4.042539005200693646e+04,3.003087767865508795e-04
4.043539138551807264e+04,3.003086603712290525e-04
4.044539271902920882e+04,3.003084275405853987e-04
4.045539405254034500e+04,3.003082238137722015e-04
4.046539538605147391e+04,3.003080782946199179e-04
4.047539671956261009e+04,3.003078745678067207e-04
4.048539805307374627e+04,3.003077290486544371e-04
4.049539938658488245e+04,3.003075253218412399e-04
4.050540072009601863e+04,3.003073506988584995e-04
4.051540205360714754e+04,3.003071760758757591e-04
4.052540338711828372e+04,3.003070305567234755e-04
4.053540472062941990e+04,3.003068268299102783e-04
4.054540605414055608e+04,3.003066522069275379e-04
4.055540738765169226e+04,3.003064193762838840e-04
4.056540872116282117e+04,3.003062738571316004e-04
4.057541005467395735e+04,3.003060992341488600e-04
4.058541138818509353e+04,3.003058955073356628e-04
4.059541272169622971e+04,3.003056917805224657e-04
4.060541405520736589e+04,3.003055462613701820e-04
4.061541538871850207e+04,3.003054007422178984e-04
4.062541672222963098e+04,3.003051970154047012e-04
4.063541805574076716e+04,3.003050223924219608e-04
4.064541938925190334e+04,3.003048477694392204e-04
4.065542072276303952e+04,3.003045858349651098e-04
4.066542205627417570e+04,3.003044985234737396e-04
4.067542338978530461e+04,3.003043530043214560e-04
4.068542472329644079e+04,3.003041492775082588e-04
4.069542605680757697e+04,3.003040037583559752e-04
4.070542739031871315e+04,3.003037709277123213e-04
4.071542872382984933e+04,3.003036545123904943e-04
4.072543005734097824e+04,3.003034216817468405e-04
4.073543139085211442e+04,3.003033343702554703e-04
4.074543272436325060e+04,3.003031306434422731e-04
4.075543405787438678e+04,3.003029560204595327e-04
4.076543539138552296e+04,3.003027231898158789e-04
4.077543672489665914e+04,3.003025485668331385e-04
4.078543805840778805e+04,3.003023448400199413e-04
4.079543939191892423e+04,3.003021993208676577e-04
4.080544072543006041e+04,3.003020246978849173e-04
4.081544205894119659e+04,3.003018791787326336e-04
4.082544339245233277e+04,3.003016754519194365e-04
4.083544472596346168e+04,3.003015008289366961e-04
4.084544605947459786e+04,3.003013553097844124e-04
4.085544739298573404e+04,3.003012097906321287e-04
4.086544872649687022e+04,3.003010060638189316e-04
4.087545006000800640e+04,3.003008314408361912e-04
4.088545139351913531e+04,3.003006277140229940e-04
4.089545272703027149e+04,3.003004821948707104e-04
4.090545406054140767e+04,3.003003075718879700e-04
4.091545539405254385e+04,3.003001620527356863e-04
4.092545672756368003e+04,3.002999583259224892e-04
4.093545806107481621e+04,3.002998419106006622e-04
4.094545939458594512e+04,3.002996672876179218e-04
4.095546072809708130e+04,3.002994926646351814e-04
4.096546206160821748e+04,3.002992889378219843e-04
4.097546339511935366e+04,3.002991143148392439e-04
4.098546472863048984e+04,3.002989687956869602e-04
4.099546606214161875e+04,3.002987359650433064e-04
4.100546739565275493e+04,3.002985904458910227e-04
4.101546872916389111e+04,3.002983867190778255e-04
4.102547006267502729e+04,3.002982411999255419e-04
4.103547139618616347e+04,3.002981247846037149e-04
4.104547272969729966e+04,3.002979501616209745e-04
4.105547406320842856e+04,3.002977755386382341e-04
4.106547539671956474e+04,3.002976009156554937e-04
4.107547673023070092e+04,3.002973971888422966e-04
4.108547806374183710e+04,3.002971934620290995e-04
4.109547939725297329e+04,3.002971061505377293e-04
4.110548073076410219e+04,3.002969315275549889e-04
4.111548206427523837e+04,3.002967860084027052e-04
4.112548339778637455e+04,3.002965822815895081e-04
4.113548473129751073e+04,3.002964076586067677e-04
4.114548606480864692e+04,3.002962039317935705e-04
4.115548739831977582e+04,3.002960584126412868e-04
4.116548873183091200e+04,3.002958837896585464e-04
4.117549006534204818e+04,3.002957382705062628e-04
4.118549139885318436e+04,3.002955345436930656e-04
4.119549273236432055e+04,3.002953890245407820e-04
4.120549406587545673e+04,3.002952144015580416e-04
4.121549539938658563e+04,3.002950979862362146e-04
4.122549673289772181e+04,3.002948942594230175e-04
4.123549806640885799e+04,3.002947196364402771e-04
4.124549939991999418e+04,3.002945741172879934e-04
4.125550073343113036e+04,3.002944285981357098e-04
4.126550206694225926e+04,3.002941957674920559e-04
4.127550340045339544e+04,3.002940793521702290e-04
4.128550473396453162e+04,3.002939047291874886e-04
4.129550606747566781e+04,3.002937301062047482e-04
4.130550740098680399e+04,3.002935554832220078e-04
4.131550873449793289e+04,3.002934099640697241e-04
4.132551006800906907e+04,3.002932644449174404e-04
4.133551140152020525e+04,3.002930898219347000e-04
4.134551273503134144e+04,3.002929151989519596e-04
4.135551406854247762e+04,3.002927696797996759e-04
4.136551540205361380e+04,3.002926241606473923e-04
4.137551673556474270e+04,3.002924495376646519e-04
4.138551806907587888e+04,3.002922458108514547e-04
4.139551940258701507e+04,3.002921293955296278e-04
4.140552073609815125e+04,3.002919256687164307e-04
4.141552206960928743e+04,3.002917801495641470e-04
4.142552340312041633e+04,3.002916637342423201e-04
4.143552473663155251e+04,3.002914600074291229e-04
4.144552607014268870e+04,3.002912562806159258e-04
4.145552740365382488e+04,3.002911398652940989e-04
4.146552873716496106e+04,3.002909652423113585e-04
4.147553007067608996e+04,3.002908197231590748e-04
4.148553140418722614e+04,3.002906451001763344e-04
4.149553273769836233e+04,3.002905286848545074e-04
4.150553407120949851e+04,3.002903249580413103e-04
4.151553540472063469e+04,3.002901794388890266e-04
4.152553673823177087e+04,3.002899466082453728e-04
4.153553807174289977e+04,3.002898592967540026e-04
4.154553940525403596e+04,3.002896846737712622e-04
4.155554073876517214e+04,3.002895391546189785e-04
4.156554207227630832e+04,3.002893936354666948e-04
4.157554340578744450e+04,3.002892190124839544e-04
4.158554473929857340e+04,3.002890152856707573e-04
4.159554607280970959e+04,3.002888697665184736e-04
4.160554740632084577e+04,3.002887242473661900e-04
4.161554873983198195e+04,3.002885205205529928e-04
4.162555007334311813e+04,3.002883750014007092e-04
4.163555140685424703e+04,3.002882585860788822e-04
4.164555274036538322e+04,3.002881421707570553e-04
4.165555407387651940e+04,3.002879093401134014e-04
4.166555540738765558e+04,3.002877929247915745e-04
4.167555674089879176e+04,3.002876183018088341e-04
4.168555807440992794e+04,3.002874436788260937e-04
4.169555940792105685e+04,3.002872690558433533e-04
4.170556074143219303e+04,3.002871235366910696e-04
4.171556207494332921e+04,3.002870071213692427e-04
4.172556340845446539e+04,3.002867742907255888e-04
4.173556474196560157e+04,3.002866287715733051e-04
4.174556607547673048e+04,3.002865123562514782e-04
4.175556740898786666e+04,3.002863668370991945e-04
4.176556874249900284e+04,3.002861631102859974e-04
4.177557007601013902e+04,3.002860466949641705e-04
4.178557140952127520e+04,3.002858429681509733e-04
4.179557274303240411e+04,3.002857265528291464e-04
4.180557407654354029e+04,3.002855810336768627e-04
4.181557541005467647e+04,3.002854064106941223e-04
4.182557674356581265e+04,3.002852317877113819e-04
4.183557807707694883e+04,3.002850862685590982e-04
4.184557941058808501e+04,3.002849407494068146e-04
4.185558074409921392e+04,3.002847370225936174e-04
4.186558207761035010e+04,3.002846497111022472e-04
4.187558341112148628e+04,3.002844750881195068e-04
4.188558474463262246e+04,3.002843295689672232e-04
4.189558607814375864e+04,3.002841258421540260e-04
4.190558741165488755e+04,3.002840094268321991e-04
4.191558874516602373e+04,3.002838348038494587e-04
4.192559007867715991e+04,3.002837183885276318e-04
4.193559141218829609e+04,3.002835728693753481e-04
4.194559274569943227e+04,3.002834273502230644e-04
4.195559407921056118e+04,3.002832236234098673e-04
4.196559541272169736e+04,3.002831072080880404e-04
4.197559674623283354e+04,3.002829616889357567e-04
4.198559807974396972e+04,3.002827579621225595e-04
4.199559941325510590e+04,3.002826124429702759e-04
4.200560074676624208e+04,3.002824669238179922e-04
4.201560208027737099e+04,3.002823214046657085e-04
4.202560341378850717e+04,3.002822049893438816e-04
4.203560474729964335e+04,3.002820303663611412e-04
4.204560608081077953e+04,3.002818848472088575e-04
4.205560741432191571e+04,3.002817393280565739e-04
4.206560874783304462e+04,3.002815647050738335e-04
4.207561008134418080e+04,3.002814482897520065e-04
4.208561141485531698e+04,3.002812736667692661e-04
4.209561274836645316e+04,3.002810990437865257e-04
4.210561408187758934e+04,3.002809535246342421e-04
4.211561541538871825e+04,3.002807497978210449e-04
4.212561674889985443e+04,3.002806042786687613e-04
4.213561808241099061e+04,3.002804587595164776e-04
4.214561941592212679e+04,3.002803714480251074e-04
4.215562074943326297e+04,3.002801968250423670e-04
4.216562208294439915e+04,3.002800513058900833e-04
4.217562341645552806e+04,3.002799057867377996e-04
4.218562474996666424e+04,3.002797893714159727e-04
4.219562608347780042e+04,3.002795856446027756e-04
4.220562741698893660e+04,3.002794401254504919e-04
4.221562875050007278e+04,3.002792655024677515e-04
4.222563008401120169e+04,3.002791199833154678e-04
4.223563141752233787e+04,3.002790035679936409e-04
4.224563275103347405e+04,3.002788580488413572e-04
4.225563408454461023e+04,3.002787125296890736e-04
4.226563541805574641e+04,3.002785379067063332e-04
4.227563675156687532e+04,3.002783923875540495e-04
4.228563808507801150e+04,3.002782177645713091e-04
4.229563941858914768e+04,3.002781013492494822e-04
4.230564075210028386e+04,3.002779267262667418e-04
4.231564208561142004e+04,3.002778103109449148e-04
4.232564341912255622e+04,3.002776647917926311e-04
4.233564475263368513e+04,3.002775192726403475e-04
4.234564608614482131e+04,3.002774028573185205e-04
4.235564741965595749e+04,3.002772573381662369e-04
4.236564875316709367e+04,3.002770245075225830e-04
4.237565008667822985e+04,3.002769371960312128e-04
4.238565142018935876e+04,3.002767916768789291e-04
4.239565275370049494e+04,3.002766170538961887e-04
4.240565408721163112e+04,3.002765006385743618e-04
4.241565542072276730e+04,3.002763260155916214e-04
4.242565675423390348e+04,3.002761804964393377e-04
4.243565808774503239e+04,3.002760640811175108e-04
4.244565942125616857e+04,3.002759476657956839e-04
4.245566075476730475e+04,3.002757439389824867e-04
4.246566208827844093e+04,3.002755984198302031e-04
4.247566342178957711e+04,3.002754529006779194e-04
4.248566475530071330e+04,3.002753364853560925e-04
4.249566608881184220e+04,3.002751618623733521e-04
4.250566742232297838e+04,3.002750454470515251e-04
4.251566875583411456e+04,3.002748417202383280e-04
4.252567008934525074e+04,3.002746962010860443e-04
4.253567142285638693e+04,3.002745506819337606e-04
4.254567275636751583e+04,3.002744633704423904e-04
4.255567408987865201e+04,3.002743178512901068e-04
4.256567542338978819e+04,3.002741723321378231e-04
4.257567675690092437e+04,3.002739686053246260e-04
4.258567809041206056e+04,3.002738812938332558e-04
4.259567942392318946e+04,3.002737357746809721e-04
4.260568075743432564e+04,3.002735902555286884e-04
4.261568209094546182e+04,3.002734738402068615e-04
4.262568342445659800e+04,3.002732701133936644e-04
4.263568475796773419e+04,3.002731828019022942e-04
4.264568609147887037e+04,3.002730081789195538e-04
4.265568742498999927e+04,3.002728917635977268e-04
4.266568875850113545e+04,3.002727462444454432e-04
4.267569009201227163e+04,3.002726007252931595e-04
4.268569142552340782e+04,3.002724552061408758e-04
4.269569275903454400e+04,3.002722805831581354e-04
4.270569409254567290e+04,3.002721641678363085e-04
4.271569542605680908e+04,3.002720186486840248e-04
4.272569675956794526e+04,3.002718440257012844e-04
4.273569809307908145e+04,3.002717858180403709e-04
4.274569942659021763e+04,3.002716111950576305e-04
4.275570076010134653e+04,3.002714365720748901e-04
4.276570209361248271e+04,3.002713201567530632e-04
4.277570342712361889e+04,3.002711746376007795e-04
4.278570476063475508e+04,3.002710291184484959e-04
4.279570609414589126e+04,3.002708835992962122e-04
4.280570742765702744e+04,3.002707380801439285e-04
4.281570876116815634e+04,3.002706216648221016e-04
4.282571009467929252e+04,3.002704470418393612e-04
4.283571142819042871e+04,3.002703015226870775e-04
4.284571276170156489e+04,3.002701560035347939e-04
4.285571409521270107e+04,3.002700395882129669e-04
4.286571542872382997e+04,3.002698940690606833e-04
4.287571676223496615e+04,3.002697485499083996e-04
4.288571809574610234e+04,3.002696321345865726e-04
4.289571942925723852e+04,3.002694575116038322e-04
4.290572076276837470e+04,3.002693410962820053e-04
4.291572209627950360e+04,3.002692246809601784e-04
4.292572342979063978e+04,3.002690791618078947e-04
4.293572476330177597e+04,3.002689336426556110e-04
4.294572609681291215e+04,3.002688172273337841e-04
4.295572743032404833e+04,3.002686426043510437e-04
4.296572876383518451e+04,3.002684970851987600e-04
4.297573009734631341e+04,3.002683515660464764e-04
4.298573143085744960e+04,3.002682060468941927e-04
4.299573276436858578e+04,3.002680605277419090e-04
4.300573409787972196e+04,3.002679732162505388e-04
4.301573543139085814e+04,3.002677985932677984e-04
4.302573676490198704e+04,3.002676239702850580e-04
4.303573809841312323e+04,3.002675075549632311e-04
4.304573943192425941e+04,3.002674493473023176e-04
4.305574076543539559e+04,3.002672456204891205e-04
4.306574209894653177e+04,3.002671001013368368e-04
4.307574343245766067e+04,3.002669836860150099e-04
4.308574476596879686e+04,3.002668672706931829e-04
4.309574609947993304e+04,3.002667217515408993e-04
4.310574743299106922e+04,3.002665762323886156e-04
4.311574876650220540e+04,3.002664598170667887e-04
4.312575010001334158e+04,3.002663434017449617e-04
4.313575143352447049e+04,3.002661978825926781e-04
4.314575276703560667e+04,3.002660523634403944e-04
4.315575410054674285e+04,3.002659359481185675e-04
4.316575543405787903e+04,3.002657904289662838e-04
4.317575676756901521e+04,3.002656449098140001e-04
4.318575810108014412e+04,3.002655284944921732e-04
4.319575943459128030e+04,3.002653538715094328e-04
4.320576076810241648e+04,3.002652665600180626e-04
4.321576210161355266e+04,3.002650919370353222e-04
4.322576343512468884e+04,3.002649755217134953e-04
4.323576476863581775e+04,3.002648591063916683e-04
4.324576610214695393e+04,3.002646262757480145e-04
4.325576743565809011e+04,3.002645971719175577e-04
4.326576876916922629e+04,3.002644516527652740e-04
4.327577010268036247e+04,3.002643061336129904e-04
4.328577143619149865e+04,3.002641606144607067e-04
4.329577276970262756e+04,3.002640150953084230e-04
4.330577410321376374e+04,3.002638695761561394e-04
4.331577543672489992e+04,3.002637240570038557e-04
4.332577677023603610e+04,3.002635785378515720e-04
4.333577810374717228e+04,3.002634912263602018e-04
4.334577943725830119e+04,3.002633457072079182e-04
4.335578077076943737e+04,3.002632001880556345e-04
4.336578210428057355e+04,3.002630837727338076e-04
4.337578343779170973e+04,3.002629673574119806e-04
4.338578477130284591e+04,3.002628218382596970e-04
4.339578610481397482e+04,3.002626763191074133e-04
4.340578743832511100e+04,3.002625599037855864e-04
4.341578877183624718e+04,3.002624434884637594e-04
4.342579010534738336e+04,3.002622688654810190e-04
4.343579143885851954e+04,3.002621524501591921e-04
4.344579277236965572e+04,3.002620069310069084e-04
4.345579410588078463e+04,3.002618323080241680e-04
4.346579543939192081e+04,3.002617158927023411e-04
4.347579677290305699e+04,3.002616285812109709e-04
4.348579810641419317e+04,3.002614830620586872e-04
4.349579943992532935e+04,3.002613957505673170e-04
4.350580077343645826e+04,3.002612793352454901e-04
4.351580210694759444e+04,3.002611047122627497e-04
4.352580344045873062e+04,3.002609591931104660e-04
4.353580477396986680e+04,3.002608718816190958e-04
4.354580610748100298e+04,3.002606681548058987e-04
4.355580744099213916e+04,3.002605808433145285e-04
4.356580877450326807e+04,3.002604353241622448e-04
4.357581010801440425e+04,3.002603771165013313e-04
4.358581144152554043e+04,3.002602024935185909e-04
4.359581277503667661e+04,3.002599987667053938e-04
4.360581410854781279e+04,3.002599696628749371e-04
4.361581544205894170e+04,3.002597659360617399e-04
4.362581677557007788e+04,3.002596495207399130e-04
4.363581810908121406e+04,3.002595331054180861e-04
4.364581944259235024e+04,3.002594457939267159e-04
4.365582077610348642e+04,3.002593002747744322e-04
4.366582210961461533e+04,3.002591256517916918e-04
4.367582344312575151e+04,3.002590383403003216e-04
4.368582477663688769e+04,3.002589510288089514e-04
4.369582611014802387e+04,3.002587764058262110e-04
4.370582744365916005e+04,3.002586308866739273e-04
4.371582877717029623e+04,3.002585435751825571e-04
4.372583011068142514e+04,3.002583980560302734e-04
4.373583144419256132e+04,3.002582525368779898e-04
4.374583277770369750e+04,3.002581070177257061e-04
4.375583411121483368e+04,3.002580488100647926e-04
4.376583544472596986e+04,3.002578741870820522e-04
4.377583677823709877e+04,3.002577577717602253e-04
4.378583811174823495e+04,3.002576413564383984e-04
4.379583944525937113e+04,3.002574667334556580e-04
4.380584077877050731e+04,3.002573503181338310e-04
4.381584211228164349e+04,3.002572339028120041e-04
4.382584344579277240e+04,3.002570592798292637e-04
4.383584477930390858e+04,3.002569719683378935e-04
4.384584611281504476e+04,3.002568264491856098e-04
4.385584744632618094e+04,3.002566809300333261e-04
4.386584877983731712e+04,3.002565645147114992e-04
4.387585011334845331e+04,3.002564772032201290e-04
4.388585144685958221e+04,3.002563316840678453e-04
4.389585278037071839e+04,3.002562152687460184e-04
4.390585411388185457e+04,3.002560406457632780e-04
4.391585544739299075e+04,3.002559533342719078e-04
4.392585678090412694e+04,3.002558078151196241e-04
4.393585811441525584e+04,3.002556622959673405e-04
4.394585944792639202e+04,3.002555749844759703e-04
4.395586078143752820e+04,3.002554294653236866e-04
4.396586211494866438e+04,3.002553421538323164e-04
4.397586344845980057e+04,3.002552548423409462e-04
4.398586478197092947e+04,3.002550511155277491e-04
4.399586611548206565e+04,3.002549055963754654e-04
4.400586744899320183e+04,3.002548473887145519e-04
4.401586878250433801e+04,3.002547018695622683e-04
4.402587011601547420e+04,3.002545854542404413e-04
4.403587144952661038e+04,3.002544399350881577e-04
4.404587278303773928e+04,3.002543235197663307e-04
4.405587411654887546e+04,3.002541780006140471e-04
4.406587545006001164e+04,3.002540906891226768e-04
4.407587678357114783e+04,3.002539451699703932e-04
4.408587811708228401e+04,3.002537996508181095e-04
4.409587945059341291e+04,3.002536832354962826e-04
4.410588078410454909e+04,3.002535377163439989e-04
4.411588211761568527e+04,3.002534795086830854e-04
4.412588345112682146e+04,3.002533339895308018e-04
4.413588478463795764e+04,3.002531884703785181e-04
4.414588611814908654e+04,3.002530429512262344e-04
4.415588745166022272e+04,3.002529556397348642e-04
4.416588878517135890e+04,3.002528974320739508e-04
4.417589011868249509e+04,3.002527228090912104e-04
4.418589145219363127e+04,3.002525772899389267e-04
4.419589278570476745e+04,3.002524899784475565e-04
4.420589411921589635e+04,3.002523444592952728e-04
4.421589545272703253e+04,3.002522571478039026e-04
4.422589678623816872e+04,3.002520825248211622e-04
4.423589811974930490e+04,3.002519661094993353e-04
4.424589945326044108e+04,3.002518787980079651e-04
4.425590078677156998e+04,3.002517041750252247e-04
4.426590212028270616e+04,3.002515586558729410e-04
4.427590345379384235e+04,3.002515004482120275e-04
4.428590478730497853e+04,3.002513840328902006e-04
4.429590612081611471e+04,3.002512676175683737e-04
4.430590745432724361e+04,3.002511512022465467e-04
4.431590878783837979e+04,3.002510056830942631e-04
4.432591012134951598e+04,3.002508892677724361e-04
4.433591145486065216e+04,3.002507728524506092e-04
4.434591278837178834e+04,3.002506273332983255e-04
4.435591412188292452e+04,3.002505109179764986e-04
4.436591545539405342e+04,3.002503653988242149e-04
4.437591678890518961e+04,3.002502780873328447e-04
4.438591812241632579e+04,3.002501907758414745e-04
4.439591945592746197e+04,3.002500161528587341e-04
4.440592078943859815e+04,3.002499288413673639e-04
4.441592212294972705e+04,3.002498415298759937e-04
4.442592345646086324e+04,3.002496669068932533e-04
4.443592478997199942e+04,3.002495795954018831e-04
4.444592612348313560e+04,3.002494340762495995e-04
4.445592745699427178e+04,3.002493176609277725e-04
4.446592879050540068e+04,3.002492594532668591e-04
4.447593012401653687e+04,3.002490557264536619e-04
4.448593145752767305e+04,3.002489393111318350e-04
4.449593279103880923e+04,3.002488519996404648e-04
4.450593412454994541e+04,3.002487064804881811e-04
4.451593545806108159e+04,3.002485609613358974e-04
4.452593679157221050e+04,3.002485027536749840e-04
4.453593812508334668e+04,3.002483863383531570e-04
4.454593945859448286e+04,3.002482408192008734e-04
4.455594079210561904e+04,3.002481244038790464e-04
4.456594212561675522e+04,3.002480370923876762e-04
4.457594345912788413e+04,3.002478624694049358e-04
4.458594479263902031e+04,3.002478042617440224e-04
4.459594612615015649e+04,3.002476587425917387e-04
4.460594745966129267e+04,3.002475423272699118e-04
4.461594879317242885e+04,3.002474259119480848e-04
4.462595012668355776e+04,3.002472803927958012e-04
4.463595146019469394e+04,3.002471930813044310e-04
4.464595279370583012e+04,3.002470766659826040e-04
4.465595412721696630e+04,3.002469893544912338e-04
4.466595546072810248e+04,3.002468147315084934e-04
4.467595679423923866e+04,3.002466983161866665e-04
4.468595812775036757e+04,3.002465527970343828e-04
4.469595946126150375e+04,3.002464654855430126e-04
4.470596079477263993e+04,3.002463781740516424e-04
4.471596212828377611e+04,3.002462617587298155e-04
4.472596346179491229e+04,3.002461453434079885e-04
4.473596479530604120e+04,3.002459998242557049e-04
4.474596612881717738e+04,3.002458543051034212e-04
4.475596746232831356e+04,3.002457669936120510e-04
4.476596879583944974e+04,3.002456505782902241e-04
4.477597012935058592e+04,3.002455341629683971e-04
4.478597146286171483e+04,3.002454468514770269e-04
4.479597279637285101e+04,3.002452722284942865e-04
4.480597412988398719e+04,3.002451849170029163e-04
4.481597546339512337e+04,3.002450976055115461e-04
4.482597679690625955e+04,3.002449811901897192e-04
4.483597813041739573e+04,3.002448356710374355e-04
4.484597946392852464e+04,3.002447192557156086e-04
4.485598079743966082e+04,3.002446028403937817e-04
4.486598213095079700e+04,3.002444864250719547e-04
4.487598346446193318e+04,3.002443700097501278e-04
4.488598479797306936e+04,3.002442826982587576e-04
4.489598613148419827e+04,3.002441371791064739e-04
4.490598746499533445e+04,3.002440498676151037e-04
4.491598879850647063e+04,3.002439334522932768e-04
4.492599013201760681e+04,3.002438170369714499e-04
4.493599146552874299e+04,3.002437006216496229e-04
4.494599279903987190e+04,3.002436133101582527e-04
4.495599413255100808e+04,3.002434677910059690e-04
4.496599546606214426e+04,3.002433804795145988e-04
4.497599679957328044e+04,3.002432349603623152e-04
4.498599813308441662e+04,3.002430894412100315e-04
4.499599946659555280e+04,3.002430021297186613e-04
4.500600080010668171e+04,3.002428857143968344e-04
4.501600213361781789e+04,3.002427984029054642e-04
4.502600346712895407e+04,3.002426819875836372e-04
4.503600480064009025e+04,3.002425655722618103e-04
4.504600613415122643e+04,3.002424491569399834e-04
4.505600746766235534e+04,3.002423327416181564e-04
4.506600880117349152e+04,3.002421872224658728e-04
4.507601013468462770e+04,3.002420708071440458e-04
4.508601146819576388e+04,3.002420125994831324e-04
4.509601280170690006e+04,3.002418379765003920e-04
4.510601413521802897e+04,3.002417797688394785e-04
4.511601546872916515e+04,3.002416633535176516e-04
4.512601680224030133e+04,3.002416051458567381e-04
4.513601813575143751e+04,3.002414305228739977e-04
4.514601946926257369e+04,3.002412850037217140e-04
4.515602080277370987e+04,3.002411685883998871e-04
4.516602213628483878e+04,3.002410812769085169e-04
4.517602346979597496e+04,3.002409357577562332e-04
4.518602480330711114e+04,3.002408193424344063e-04
4.519602613681824732e+04,3.002407611347734928e-04
4.520602747032938350e+04,3.002406156156212091e-04
4.521602880384051241e+04,3.002405283041298389e-04
4.522603013735164859e+04,3.002404118888080120e-04
4.523603147086278477e+04,3.002403536811470985e-04
4.524603280437392095e+04,3.002401790581643581e-04
4.525603413788505713e+04,3.002400917466729879e-04
4.526603547139618604e+04,3.002399753313511610e-04
4.527603680490732222e+04,3.002398880198597908e-04
4.528603813841845840e+04,3.002397716045379639e-04
4.529603947192959458e+04,3.002396551892161369e-04
4.530604080544073076e+04,3.002395387738943100e-04
4.531604213895186695e+04,3.002394223585724831e-04
4.532604347246299585e+04,3.002393059432506561e-04
4.533604480597413203e+04,3.002391604240983725e-04
4.534604613948526821e+04,3.002390731126070023e-04
4.535604747299640439e+04,3.002389566972851753e-04
4.536604880650754058e+04,3.002388984896242619e-04
4.537605014001866948e+04,3.002386947628110647e-04
4.538605147352980566e+04,3.002386365551501513e-04
4.539605280704094184e+04,3.002385783474892378e-04
4.540605414055207802e+04,3.002384037245064974e-04
4.541605547406321421e+04,3.002382873091846704e-04
4.542605680757434311e+04,3.002381999976933002e-04
4.543605814108547929e+04,3.002380835823714733e-04
4.544605947459661547e+04,3.002379962708801031e-04
4.545606080810775165e+04,3.002378798555582762e-04
4.546606214161888784e+04,3.002377634402364492e-04
4.547606347513002402e+04,3.002377052325755358e-04
4.548606480864115292e+04,3.002375306095927954e-04
4.549606614215228910e+04,3.002374141942709684e-04
4.550606747566342528e+04,3.002373268827795982e-04
4.551606880917456147e+04,3.002372686751186848e-04
4.552607014268569765e+04,3.002371231559664011e-04
4.553607147619682655e+04,3.002370358444750309e-04
4.554607280970796273e+04,3.002368903253227472e-04
4.555607414321909891e+04,3.002368030138313770e-04
4.556607547673023510e+04,3.002366865985095501e-04
4.557607681024137128e+04,3.002365992870181799e-04
4.558607814375250018e+04,3.002364828716963530e-04
4.559607947726363636e+04,3.002363664563745260e-04
4.560608081077477254e+04,3.002362791448831558e-04
4.561608214428590873e+04,3.002361627295613289e-04
4.562608347779704491e+04,3.002360172104090452e-04
4.563608481130818109e+04,3.002358716912567616e-04
4.564608614481930999e+04,3.002358425874263048e-04
4.565608747833044617e+04,3.002356970682740211e-04
4.566608881184158236e+04,3.002356097567826509e-04
4.567609014535271854e+04,3.002354933414608240e-04
4.568609147886385472e+04,3.002353478223085403e-04
4.569609281237498362e+04,3.002353187184780836e-04
4.570609414588611980e+04,3.002351731993257999e-04
4.571609547939725599e+04,3.002350858878344297e-04
4.572609681290839217e+04,3.002349694725126028e-04
4.573609814641952835e+04,3.002348821610212326e-04
4.574609947993065725e+04,3.002347366418689489e-04
4.575610081344179343e+04,3.002346202265471220e-04
4.576610214695292962e+04,3.002345620188862085e-04
4.577610348046406580e+04,3.002344164997339249e-04
4.578610481397520198e+04,3.002343291882425547e-04
4.579610614748633816e+04,3.002342127729207277e-04
4.580610748099746706e+04,3.002341254614293575e-04
4.581610881450860325e+04,3.002339799422770739e-04
4.582611014801973943e+04,3.002339508384466171e-04
4.583611148153087561e+04,3.002338053192943335e-04
4.584611281504201179e+04,3.002336306963115931e-04
4.585611414855314069e+04,3.002336015924811363e-04
4.586611548206427688e+04,3.002334851771593094e-04
4.587611681557541306e+04,3.002333978656679392e-04
4.588611814908654924e+04,3.002333105541765690e-04
4.589611948259768542e+04,3.002331941388547421e-04
4.590612081610881432e+04,3.002330195158720016e-04
4.591612214961995051e+04,3.002329613082110882e-04
4.592612348313108669e+04,3.002328739967197180e-04
4.593612481664222287e+04,3.002327284775674343e-04
4.594612615015335905e+04,3.002326120622456074e-04
4.595612748366449523e+04,3.002325829584151506e-04
4.596612881717562414e+04,3.002324374392628670e-04
4.597613015068676032e+04,3.002322919201105833e-04
4.598613148419789650e+04,3.002322628162801266e-04
4.599613281770903268e+04,3.002321172971278429e-04
4.600613415122016886e+04,3.002320299856364727e-04
4.601613548473129777e+04,3.002319135703146458e-04
4.602613681824243395e+04,3.002318553626537323e-04
4.603613815175357013e+04,3.002316807396709919e-04
4.604613948526470631e+04,3.002315934281796217e-04
4.605614081877584249e+04,3.002314770128577948e-04
4.606614215228697140e+04,3.002313897013664246e-04
4.607614348579810758e+04,3.002312441822141409e-04
4.608614481930924376e+04,3.002311568707227707e-04
4.609614615282037994e+04,3.002310695592314005e-04
4.610614748633151612e+04,3.002309822477400303e-04
4.611614881984265230e+04,3.002308367285877466e-04
4.612615015335378121e+04,3.002308076247572899e-04
4.613615148686491739e+04,3.002306621056050062e-04
4.614615282037605357e+04,3.002305456902831793e-04
4.615615415388718975e+04,3.002304583787918091e-04
4.616615548739832593e+04,3.002303419634699821e-04
4.617615682090945484e+04,3.002302546519786119e-04
4.618615815442059102e+04,3.002301091328263283e-04
4.619615948793172720e+04,3.002300800289958715e-04
4.620616082144286338e+04,3.002299345098435879e-04
4.621616215495399956e+04,3.002298471983522177e-04
4.622616348846513574e+04,3.002297889906913042e-04
4.623616482197626465e+04,3.002296143677085638e-04
4.624616615548740083e+04,3.002295561600476503e-04
4.625616748899853701e+04,3.002294106408953667e-04
4.626616882250967319e+04,3.002293524332344532e-04
4.627617015602080937e+04,3.002292651217430830e-04
4.628617148953193828e+04,3.002291487064212561e-04
4.629617282304307446e+04,3.002289740834385157e-04
4.630617415655421064e+04,3.002288867719471455e-04
4.631617549006534682e+04,3.002287703566253185e-04
4.632617682357648300e+04,3.002287412527948618e-04
4.633617815708761191e+04,3.002286248374730349e-04
4.634617949059874809e+04,3.002285375259816647e-04
4.635618082410988427e+04,3.002283920068293810e-04
4.636618215762102045e+04,3.002283337991684675e-04
4.637618349113215663e+04,3.002282173838466406e-04
4.638618482464329281e+04,3.002281009685248137e-04
4.639618615815442172e+04,3.002280136570334435e-04
4.640618749166555790e+04,3.002278972417116165e-04
4.641618882517669408e+04,3.002278390340507030e-04
4.642619015868783026e+04,3.002276935148984194e-04
4.643619149219896644e+04,3.002276353072375059e-04
4.644619282571009535e+04,3.002275188919156790e-04
4.645619415922123153e+04,3.002274024765938520e-04
4.646619549273236771e+04,3.002273151651024818e-04
4.647619682624350389e+04,3.002272278536111116e-04
4.648619815975464007e+04,3.002271114382892847e-04
4.649619949326576898e+04,3.002269950229674578e-04
4.650620082677690516e+04,3.002269077114760876e-04
4.651620216028804134e+04,3.002267621923238039e-04
4.652620349379917752e+04,3.002267330884933472e-04
4.653620482731031370e+04,3.002266457770019770e-04
4.654620616082144988e+04,3.002265293616801500e-04
4.655620749433257879e+04,3.002263838425278664e-04
4.656620882784371497e+04,3.002263547386974096e-04
4.657621016135485115e+04,3.002262383233755827e-04
4.658621149486598733e+04,3.002261219080537558e-04
4.659621282837712351e+04,3.002260054927319288e-04
4.660621416188825242e+04,3.002259763889014721e-04
4.661621549539938860e+04,3.002258308697491884e-04
4.662621682891052478e+04,3.002257144544273615e-04
4.663621816242166096e+04,3.002255980391055346e-04
4.664621949593279714e+04,3.002254816237837076e-04
4.665622082944392605e+04,3.002254525199532509e-04
4.666622216295506223e+04,3.002253361046314240e-04
4.667622349646619841e+04,3.002252196893095970e-04
4.668622482997733459e+04,3.002251323778182268e-04
4.669622616348847077e+04,3.002250450663268566e-04
4.670622749699960696e+04,3.002249286510050297e-04
4.671622883051073586e+04,3.002247831318527460e-04
4.672623016402187204e+04,3.002247249241918325e-04
4.673623149753300822e+04,3.002246667165309191e-04
4.674623283104414440e+04,3.002245794050395489e-04
4.675623416455528059e+04,3.002244338858872652e-04
4.676623549806640949e+04,3.002243465743958950e-04
4.677623683157754567e+04,3.002242592629045248e-04
4.678623816508868185e+04,3.002241719514131546e-04
4.679623949859981803e+04,3.002240555360913277e-04
4.680624083211095422e+04,3.002239682245999575e-04
4.681624216562208312e+04,3.002238809131085873e-04
4.682624349913321930e+04,3.002237644977867603e-04
4.683624483264435548e+04,3.002236771862953901e-04
4.684624616615549166e+04,3.002236189786344767e-04
4.685624749966662785e+04,3.002234734594821930e-04
4.686624883317776403e+04,3.002234152518212795e-04
4.687625016668889293e+04,3.002232988364994526e-04
4.688625150020002911e+04,3.002232406288385391e-04
4.689625283371116529e+04,3.002230951096862555e-04
4.690625416722230148e+04,3.002230077981948853e-04
4.691625550073343766e+04,3.002228913828730583e-04
4.692625683424456656e+04,3.002228040713816881e-04
4.693625816775570274e+04,3.002226876560598612e-04
4.694625950126683892e+04,3.002226294483989477e-04
4.695626083477797511e+04,3.002225130330771208e-04
4.696626216828911129e+04,3.002223966177552938e-04
4.697626350180024019e+04,3.002223384100943804e-04
4.698626483531137637e+04,3.002222510986030102e-04
4.699626616882251255e+04,3.002221055794507265e-04
4.700626750233364874e+04,3.002220473717898130e-04
4.701626883584478492e+04,3.002219309564679861e-04
4.702627016935592110e+04,3.002218145411461592e-04
4.703627150286705000e+04,3.002217272296547890e-04
4.704627283637818618e+04,3.002216399181634188e-04
4.705627416988932237e+04,3.002215526066720486e-04
4.706627550340045855e+04,3.002214943990111351e-04
4.707627683691159473e+04,3.002213488798588514e-04
4.708627817042272363e+04,3.002212324645370245e-04
4.709627950393385981e+04,3.002212033607065678e-04
4.710628083744499600e+04,3.002211160492151976e-04
4.711628217095613218e+04,3.002209705300629139e-04
4.712628350446726836e+04,3.002209123224020004e-04
4.713628483797839726e+04,3.002208250109106302e-04
4.714628617148953344e+04,3.002207085955888033e-04
4.715628750500066963e+04,3.002206212840974331e-04
4.716628883851180581e+04,3.002204757649451494e-04
4.717629017202294199e+04,3.002203884534537792e-04
4.718629150553407817e+04,3.002203302457928658e-04
4.719629283904520707e+04,3.002201847266405821e-04
4.720629417255634326e+04,3.002201556228101254e-04
4.721629550606747944e+04,3.002200392074882984e-04
4.722629683957861562e+04,3.002199518959969282e-04
4.723629817308975180e+04,3.002198645845055580e-04
4.724629950660088070e+04,3.002197772730141878e-04
4.725630084011201689e+04,3.002196899615228176e-04
4.726630217362315307e+04,3.002195735462009907e-04
4.727630350713428925e+04,3.002195153385400772e-04
4.728630484064542543e+04,3.002194571308791637e-04
4.729630617415655433e+04,3.002192825078964233e-04
4.730630750766769052e+04,3.002192534040659666e-04
4.731630884117882670e+04,3.002191369887441397e-04
4.732631017468996288e+04,3.002189623657613993e-04
4.733631150820109906e+04,3.002189041581004858e-04
4.734631284171223524e+04,3.002188459504395723e-04
4.735631417522336415e+04,3.002186713274568319e-04
4.736631550873450033e+04,3.002186131197959185e-04
4.737631684224563651e+04,3.002185549121350050e-04
4.738631817575677269e+04,3.002184676006436348e-04
4.739631950926790887e+04,3.002183802891522646e-04
4.740632084277903778e+04,3.002182638738304377e-04
4.741632217629017396e+04,3.002182056661695242e-04
4.742632350980131014e+04,3.002180892508476973e-04
4.743632484331244632e+04,3.002180310431867838e-04
4.744632617682358250e+04,3.002179437316954136e-04
4.745632751033471141e+04,3.002177982125431299e-04
4.746632884384584759e+04,3.002177109010517597e-04
4.747633017735698377e+04,3.002176235895603895e-04
4.748633151086811995e+04,3.002175362780690193e-04
4.749633284437925613e+04,3.002174198627471924e-04
4.750633417789039231e+04,3.002173325512558222e-04
4.751633551140152122e+04,3.002172743435949087e-04
4.752633684491265740e+04,3.002171288244426250e-04
4.753633817842379358e+04,3.002170415129512548e-04
4.754633951193492976e+04,3.002169542014598846e-04
4.755634084544606594e+04,3.002168959937989712e-04
4.756634217895719485e+04,3.002167795784771442e-04
4.757634351246833103e+04,3.002167213708162308e-04
4.758634484597946721e+04,3.002166340593248606e-04
4.759634617949060339e+04,3.002165758516639471e-04
4.760634751300173957e+04,3.002164303325116634e-04
4.761634884651286848e+04,3.002163430210202932e-04
4.762635018002400466e+04,3.002162848133593798e-04
4.763635151353514084e+04,3.002161975018680096e-04
4.764635284704627702e+04,3.002160810865461826e-04
4.765635418055741320e+04,3.002159646712243557e-04
4.766635551406854938e+04,3.002159355673938990e-04
4.767635684757967829e+04,3.002158191520720720e-04
4.768635818109081447e+04,3.002156736329197884e-04
4.769635951460195065e+04,3.002156445290893316e-04
4.770636084811308683e+04,3.002155281137675047e-04
4.771636218162422301e+04,3.002154116984456778e-04
4.772636351513535192e+04,3.002153243869543076e-04
4.773636484864648810e+04,3.002152661792933941e-04
4.774636618215762428e+04,3.002151788678020239e-04
4.775636751566876046e+04,3.002150624524801970e-04
4.776636884917989664e+04,3.002150042448192835e-04
4.777637018269102555e+04,3.002149169333279133e-04
4.778637151620216173e+04,3.002148296218365431e-04
4.779637284971329791e+04,3.002147132065147161e-04
4.780637418322443409e+04,3.002146549988538027e-04
4.781637551673557027e+04,3.002145385835319757e-04
4.782637685024670645e+04,3.002144803758710623e-04
4.783637818375783536e+04,3.002143930643796921e-04
4.784637951726897154e+04,3.002142475452274084e-04
4.785638085078010772e+04,3.002141893375664949e-04
4.786638218429124390e+04,3.002141311299055815e-04
4.787638351780238008e+04,3.002139856107532978e-04
4.788638485131350899e+04,3.002138400916010141e-04
4.789638618482464517e+04,3.002138109877705574e-04
4.790638751833578135e+04,3.002137818839401007e-04
4.791638885184691753e+04,3.002136654686182737e-04
4.792639018535805371e+04,3.002135781571269035e-04
4.793639151886918262e+04,3.002134617418050766e-04
4.794639285238031880e+04,3.002133744303137064e-04
4.795639418589145498e+04,3.002133162226527929e-04
4.796639551940259116e+04,3.002131998073309660e-04
4.797639685291372734e+04,3.002131707035005093e-04
4.798639818642486352e+04,3.002130542881786823e-04
4.799639951993599243e+04,3.002129087690263987e-04
4.800640085344712861e+04,3.002128505613654852e-04
4.801640218695826479e+04,3.002127923537045717e-04
4.802640352046940097e+04,3.002126759383827448e-04
4.803640485398053715e+04,3.002125886268913746e-04
4.804640618749166606e+04,3.002125304192304611e-04
4.805640752100280224e+04,3.002124140039086342e-04
4.806640885451393842e+04,3.002123266924172640e-04
4.807641018802507460e+04,3.002122393809258938e-04
4.808641152153621078e+04,3.002121229656040668e-04
4.809641285504733969e+04,3.002120356541126966e-04
4.810641418855847587e+04,3.002120065502822399e-04
4.811641552206961205e+04,3.002118901349604130e-04
4.812641685558074823e+04,3.002117737196385860e-04
4.813641818909188441e+04,3.002117446158081293e-04
4.814641952260302060e+04,3.002115990966558456e-04
4.815642085611414950e+04,3.002115990966558456e-04
4.816642218962528568e+04,3.002114826813340187e-04
4.817642352313642186e+04,3.002113662660121918e-04
4.818642485664755804e+04,3.002112498506903648e-04
4.819642619015869423e+04,3.002112207468599081e-04
4.820642752366982313e+04,3.002110752277076244e-04
4.821642885718095931e+04,3.002110752277076244e-04
4.822643019069209549e+04,3.002109588123857975e-04
4.823643152420323167e+04,3.002108132932335138e-04
4.824643285771436786e+04,3.002107841894030571e-04
4.825643419122549676e+04,3.002106968779116869e-04
4.826643552473663294e+04,3.002106386702507734e-04
4.827643685824776912e+04,3.002105222549289465e-04
4.828643819175890530e+04,3.002104058396071196e-04
4.829643952527004149e+04,3.002103767357766628e-04
4.830644085878117767e+04,3.002102894242852926e-04
4.831644219229230657e+04,3.002101730089634657e-04
4.832644352580344275e+04,3.002100565936416388e-04
4.833644485931457893e+04,3.002100274898111820e-04
4.834644619282571512e+04,3.002098819706588984e-04
4.835644752633685130e+04,3.002098237629979849e-04
4.836644885984798020e+04,3.002097655553370714e-04
4.837645019335911638e+04,3.002096491400152445e-04
4.838645152687025256e+04,3.002096200361847878e-04
4.839645286038138875e+04,3.002095036208629608e-04
4.840645419389252493e+04,3.002093872055411339e-04
4.841645552740365383e+04,3.002093289978802204e-04
4.842645686091479001e+04,3.002091834787279367e-04
4.843645819442592619e+04,3.002091252710670233e-04
4.844645952793706238e+04,3.002090670634061098e-04
4.845646086144819856e+04,3.002089797519147396e-04
4.846646219495933474e+04,3.002089215442538261e-04
4.847646352847046364e+04,3.002087760251015425e-04
4.848646486198159982e+04,3.002087178174406290e-04
4.849646619549273601e+04,3.002086014021188021e-04
4.850646752900387219e+04,3.002085140906274319e-04
4.851646886251500837e+04,3.002084558829665184e-04
4.852647019602613727e+04,3.002083685714751482e-04
4.853647152953727345e+04,3.002082812599837780e-04
4.854647286304840964e+04,3.002081939484924078e-04
4.855647419655954582e+04,3.002081357408314943e-04
4.856647553007068200e+04,3.002080484293401241e-04
4.857647686358181090e+04,3.002079611178487539e-04
4.858647819709294708e+04,3.002079029101878405e-04
4.859647953060408327e+04,3.002077864948660135e-04
4.860648086411521945e+04,3.002077282872051001e-04
4.861648219762635563e+04,3.002076409757137299e-04
4.862648353113749181e+04,3.002075245603919029e-04
4.863648486464862071e+04,3.002074663527309895e-04
4.864648619815975690e+04,3.002073790412396193e-04
4.865648753167089308e+04,3.002072917297482491e-04
4.866648886518202926e+04,3.002072335220873356e-04
4.867649019869316544e+04,3.002071171067655087e-04
4.868649153220429434e+04,3.002070297952741385e-04
4.869649286571543053e+04,3.002070006914436817e-04
4.870649419922656671e+04,3.002068551722913980e-04
4.871649553273770289e+04,3.002067969646304846e-04
4.872649686624883907e+04,3.002067387569695711e-04
4.873649819975997525e+04,3.002065932378172874e-04
4.874649953327110416e+04,3.002065350301563740e-04
4.875650086678224034e+04,3.002064768224954605e-04
4.876650220029337652e+04,3.002064186148345470e-04
4.877650353380451270e+04,3.002062730956822634e-04
4.878650486731564888e+04,3.002062148880213499e-04
4.879650620082677779e+04,3.002061275765299797e-04
4.880650753433791397e+04,3.002060402650386095e-04
4.881650886784905015e+04,3.002059820573776960e-04
4.882651020136018633e+04,3.002058947458863258e-04
4.883651153487132251e+04,3.002058074343949556e-04
4.884651286838245142e+04,3.002057201229035854e-04
4.885651420189358760e+04,3.002056328114122152e-04
4.886651553540472378e+04,3.002055163960903883e-04
4.887651686891585996e+04,3.002055163960903883e-04
4.888651820242699614e+04,3.002053999807685614e-04
4.889651953593813232e+04,3.002053126692771912e-04
4.890652086944926123e+04,3.002052253577858210e-04
4.891652220296039741e+04,3.002051671501249075e-04
4.892652353647153359e+04,3.002050216309726238e-04
4.893652486998266977e+04,3.002049925271421671e-04
4.894652620349380595e+04,3.002048761118203402e-04
4.895652753700493486e+04,3.002048179041594267e-04
4.896652887051607104e+04,3.002047596964985132e-04
4.897653020402720722e+04,3.002046432811766863e-04
4.898653153753834340e+04,3.002045559696853161e-04
4.899653287104947958e+04,3.002044977620244026e-04
4.900653420456060849e+04,3.002044395543634892e-04
4.901653553807174467e+04,3.002043231390416622e-04
4.902653687158288085e+04,3.002042358275502920e-04
4.903653820509401703e+04,3.002041776198893785e-04
4.904653953860515321e+04,3.002040903083980083e-04
4.905654087211628939e+04,3.002040321007370949e-04
4.906654220562741830e+04,3.002039447892457247e-04
4.907654353913855448e+04,3.002038283739238977e-04
4.908654487264969066e+04,3.002037410624325275e-04
4.909654620616082684e+04,3.002036828547716141e-04
4.910654753967196302e+04,3.002035955432802439e-04
4.911654887318309193e+04,3.002035082317888737e-04
4.912655020669422811e+04,3.002034500241279602e-04
4.913655154020536429e+04,3.002033627126365900e-04
4.914655287371650047e+04,3.002033045049756765e-04
4.915655420722763665e+04,3.002032171934843063e-04
4.916655554073876556e+04,3.002031298819929361e-04
4.917655687424990174e+04,3.002030425705015659e-04
4.918655820776103792e+04,3.002028970513492823e-04
4.919655954127217410e+04,3.002028970513492823e-04
4.920656087478331028e+04,3.002027806360274553e-04
4.921656220829444646e+04,3.002027224283665419e-04
4.922656354180557537e+04,3.002026351168751717e-04
4.923656487531671155e+04,3.002025478053838015e-04
4.924656620882784773e+04,3.002024604938924313e-04
4.925656754233898391e+04,3.002024022862315178e-04
4.926656887585012009e+04,3.002023149747401476e-04
4.927657020936124900e+04,3.002022276632487774e-04
4.928657154287238518e+04,3.002021694555878639e-04
4.929657287638352136e+04,3.002020530402660370e-04
4.930657420989465754e+04,3.002019948326051235e-04
4.931657554340579372e+04,3.002019075211137533e-04
4.932657687691692263e+04,3.002018493134528399e-04
4.933657821042805881e+04,3.002017911057919264e-04
4.934657954393919499e+04,3.002016455866396427e-04
4.935658087745033117e+04,3.002016455866396427e-04
4.936658221096146735e+04,3.002015000674873590e-04
4.937658354447260353e+04,3.002014418598264456e-04
4.938658487798373244e+04,3.002013254445046186e-04
4.939658621149486862e+04,3.002012963406741619e-04
4.940658754500600480e+04,3.002011799253523350e-04
4.941658887851714098e+04,3.002011217176914215e-04
4.942659021202827716e+04,3.002010635100305080e-04
4.943659154553940607e+04,3.002009179908782244e-04
4.944659287905054225e+04,3.002009179908782244e-04
4.945659421256167843e+04,3.002008306793868542e-04
4.946659554607281461e+04,3.002007142640650272e-04
4.947659687958395079e+04,3.002006560564041138e-04
4.948659821309507970e+04,3.002005396410822868e-04
4.949659954660621588e+04,3.002005105372518301e-04
4.950660088011735206e+04,3.002004523295909166e-04
4.951660221362848824e+04,3.002003650180995464e-04
4.952660354713962442e+04,3.002002486027777195e-04
4.953660488065076061e+04,3.002001903951168060e-04
4.954660621416188951e+04,3.002001030836254358e-04
4.955660754767302569e+04,3.002000157721340656e-04
4.956660888118416187e+04,3.001999284606426954e-04
4.957661021469529805e+04,3.001998702529817820e-04
4.958661154820643424e+04,3.001998411491513252e-04
4.959661288171756314e+04,3.001996956299990416e-04
4.960661421522869932e+04,3.001996374223381281e-04
4.961661554873983550e+04,3.001995501108467579e-04
4.962661688225097168e+04,3.001994627993553877e-04
4.963661821576210787e+04,3.001993754878640175e-04
4.964661954927323677e+04,3.001993172802031040e-04
4.965662088278437295e+04,3.001992299687117338e-04
4.966662221629550913e+04,3.001991717610508204e-04
4.967662354980664531e+04,3.001991426572203636e-04
4.968662488331778150e+04,3.001990262418985367e-04
4.969662621682891768e+04,3.001989680342376232e-04
4.970662755034004658e+04,3.001988807227462530e-04
4.971662888385118276e+04,3.001987934112548828e-04
4.972663021736231894e+04,3.001987060997635126e-04
4.973663155087345513e+04,3.001986478921025991e-04
4.974663288438459131e+04,3.001985605806112289e-04
4.975663421789572021e+04,3.001985023729503155e-04
4.976663555140685639e+04,3.001984150614589453e-04
4.977663688491799257e+04,3.001983568537980318e-04
4.978663821842912876e+04,3.001982695423066616e-04
4.979663955194026494e+04,3.001981531269848347e-04
4.980664088545139384e+04,3.001980658154934645e-04
4.981664221896253002e+04,3.001980076078325510e-04
4.982664355247366620e+04,3.001979494001716375e-04
4.983664488598480239e+04,3.001978329848498106e-04
4.984664621949593857e+04,3.001977747771888971e-04
4.985664755300707475e+04,3.001977456733584404e-04
4.986664888651820365e+04,3.001976292580366135e-04
4.987665022002933983e+04,3.001976001542061567e-04
4.988665155354047602e+04,3.001974837388843298e-04
4.989665288705161220e+04,3.001974837388843298e-04
4.990665422056274838e+04,3.001973673235625029e-04
4.991665555407387728e+04,3.001972509082406759e-04
4.992665688758501346e+04,3.001971927005797625e-04
4.993665822109614965e+04,3.001971053890883923e-04
4.994665955460728583e+04,3.001970762852579355e-04
4.995666088811842201e+04,3.001969598699361086e-04
4.996666222162955091e+04,3.001968725584447384e-04
4.997666355514068709e+04,3.001968143507838249e-04
4.998666488865182328e+04,3.001967561431229115e-04
4.999666622216295946e+04,3.001966397278010845e-04
5.000666755567409564e+04,3.001965815201401711e-04
5.001666888918523182e+04,3.001965524163097143e-04
5.002667022269636072e+04,3.001964360009878874e-04
5.003667155620749691e+04,3.001963486894965172e-04
5.004667288971863309e+04,3.001963195856660604e-04
5.005667422322976927e+04,3.001962322741746902e-04
5.006667555674090545e+04,3.001961158588528633e-04
5.007667689025203435e+04,3.001960285473614931e-04
5.008667822376317054e+04,3.001959703397005796e-04
5.009667955727430672e+04,3.001959121320396662e-04
5.010668089078544290e+04,3.001958248205482960e-04
5.011668222429657908e+04,3.001957375090569258e-04
5.012668355780770798e+04,3.001957084052264690e-04
5.013668489131884417e+04,3.001956210937350988e-04
5.014668622482998035e+04,3.001955337822437286e-04
5.015668755834111653e+04,3.001954464707523584e-04
5.016668889185225271e+04,3.001953591592609882e-04
5.017669022536338889e+04,3.001953009516000748e-04
5.018669155887451780e+04,3.001952427439391613e-04
5.019669289238565398e+04,3.001951263286173344e-04
5.020669422589679016e+04,3.001950681209564209e-04
5.021669555940792634e+04,3.001950099132955074e-04
5.022669689291906252e+04,3.001949517056345940e-04
5.023669822643019143e+04,3.001949226018041372e-04
5.024669955994132761e+04,3.001947479788213968e-04
5.025670089345246379e+04,3.001947188749909401e-04
5.026670222696359997e+04,3.001946024596691132e-04
5.027670356047473615e+04,3.001945733558386564e-04
5.028670489398586506e+04,3.001944860443472862e-04
5.029670622749700124e+04,3.001943987328559160e-04
5.030670756100813742e+04,3.001943987328559160e-04
5.031670889451927360e+04,3.001943405251950026e-04
5.032671022803040978e+04,3.001941950060427189e-04
5.033671156154154596e+04,3.001940785907208920e-04
5.034671289505267487e+04,3.001940494868904352e-04
5.035671422856381105e+04,3.001939621753990650e-04
5.036671556207494723e+04,3.001939039677381516e-04
5.037671689558608341e+04,3.001938166562467813e-04
5.038671822909721959e+04,3.001937875524163246e-04
5.039671956260834850e+04,3.001937002409249544e-04
5.040672089611948468e+04,3.001936420332640409e-04
5.041672222963062086e+04,3.001935547217726707e-04
5.042672356314175704e+04,3.001935547217726707e-04
5.043672489665289322e+04,3.001934092026203871e-04
5.044672623016402213e+04,3.001932636834681034e-04
5.045672756367515831e+04,3.001932636834681034e-04
5.046672889718629449e+04,3.001932054758071899e-04
5.047673023069743067e+04,3.001930599566549063e-04
5.048673156420856685e+04,3.001930599566549063e-04
5.049673289771970303e+04,3.001930017489939928e-04
5.050673423123083194e+04,3.001928853336721659e-04
5.051673556474196812e+04,3.001927980221807957e-04
5.052673689825310430e+04,3.001927398145198822e-04
5.053673823176424048e+04,3.001926816068589687e-04
5.054673956527537666e+04,3.001925942953675985e-04
5.055674089878650557e+04,3.001925069838762283e-04
5.056674223229764175e+04,3.001924487762153149e-04
5.057674356580877793e+04,3.001923614647239447e-04
5.058674489931991411e+04,3.001922741532325745e-04
5.059674623283105029e+04,3.001922450494021177e-04
5.060674756634217920e+04,3.001921286340802908e-04
5.061674889985331538e+04,3.001920995302498341e-04
5.062675023336445156e+04,3.001919831149280071e-04
5.063675156687558774e+04,3.001919540110975504e-04
5.064675290038672392e+04,3.001918958034366369e-04
5.065675423389786010e+04,3.001918375957757235e-04
5.066675556740898901e+04,3.001917211804538965e-04
5.067675690092012519e+04,3.001916629727929831e-04
5.068675823443126137e+04,3.001915756613016129e-04
5.069675956794239755e+04,3.001915465574711561e-04
5.070676090145353373e+04,3.001914592459797859e-04
5.071676223496466264e+04,3.001914301421493292e-04
5.072676356847579882e+04,3.001913137268275023e-04
5.073676490198693500e+04,3.001911973115056753e-04
5.074676623549807118e+04,3.001911682076752186e-04
5.075676756900920736e+04,3.001910517923533916e-04
5.076676890252033627e+04,3.001910226885229349e-04
5.077677023603147245e+04,3.001909353770315647e-04
5.078677156954260863e+04,3.001908771693706512e-04
5.079677290305374481e+04,3.001907898578792810e-04
5.080677423656488099e+04,3.001907316502183676e-04
5.081677557007601717e+04,3.001906734425574541e-04
5.082677690358714608e+04,3.001906152348965406e-04
5.083677823709828226e+04,3.001905279234051704e-04
5.084677957060941844e+04,3.001904406119138002e-04
5.085678090412055462e+04,3.001903824042528868e-04
5.086678223763169080e+04,3.001903241965919733e-04
5.087678357114281971e+04,3.001902077812701464e-04
5.088678490465395589e+04,3.001901495736092329e-04
5.089678623816509207e+04,3.001900622621178627e-04
5.090678757167622825e+04,3.001900622621178627e-04
5.091678890518736443e+04,3.001899749506264925e-04
5.092679023869849334e+04,3.001898876391351223e-04
5.093679157220962952e+04,3.001898003276437521e-04
5.094679290572076570e+04,3.001897130161523819e-04
5.095679423923190188e+04,3.001896548084914684e-04
5.096679557274303806e+04,3.001896257046610117e-04
5.097679690625417425e+04,3.001895383931696415e-04
5.098679823976530315e+04,3.001894801855087280e-04
5.099679957327643933e+04,3.001893928740173578e-04
5.100680090678757551e+04,3.001893055625259876e-04
5.101680224029871169e+04,3.001892473548650742e-04
5.102680357380984788e+04,3.001891891472041607e-04
5.103680490732097678e+04,3.001891018357127905e-04
5.104680624083211296e+04,3.001890727318823338e-04
5.105680757434324914e+04,3.001889854203909636e-04
5.106680890785438532e+04,3.001888690050691366e-04
5.107681024136552151e+04,3.001888690050691366e-04
5.108681157487665041e+04,3.001887525897473097e-04
5.109681290838778659e+04,3.001887234859168530e-04
5.110681424189892277e+04,3.001886652782559395e-04
5.111681557541005895e+04,3.001885197591036558e-04
5.112681690892119514e+04,3.001884615514427423e-04
5.113681824243233132e+04,3.001884324476122856e-04
5.114681957594346022e+04,3.001883160322904587e-04
5.115682090945459640e+04,3.001882869284600019e-04
5.116682224296573258e+04,3.001882287207990885e-04
5.117682357647686877e+04,3.001881123054772615e-04
5.118682490998800495e+04,3.001880540978163481e-04
5.119682624349913385e+04,3.001880249939858913e-04
5.120682757701027003e+04,3.001879667863249779e-04
5.121682891052140621e+04,3.001878503710031509e-04
5.122683024403254240e+04,3.001878212671726942e-04
5.123683157754367858e+04,3.001877339556813240e-04
5.124683291105481476e+04,3.001876466441899538e-04
5.125683424456594366e+04,3.001875884365290403e-04
5.126683557807707984e+04,3.001874720212072134e-04
5.127683691158821603e+04,3.001874720212072134e-04
5.128683824509935221e+04,3.001873556058853865e-04
5.129683957861048839e+04,3.001872973982244730e-04
5.130684091212161729e+04,3.001872391905635595e-04
5.131684224563275347e+04,3.001872100867331028e-04
5.132684357914388966e+04,3.001871227752417326e-04
5.133684491265502584e+04,3.001870645675808191e-04
5.134684624616616202e+04,3.001869481522589922e-04
5.135684757967729092e+04,3.001869481522589922e-04
5.136684891318842710e+04,3.001868317369371653e-04
5.137685024669956329e+04,3.001867735292762518e-04
5.138685158021069947e+04,3.001867153216153383e-04
5.139685291372183565e+04,3.001865989062935114e-04
5.140685424723297183e+04,3.001865698024630547e-04
5.141685558074410073e+04,3.001865115948021412e-04
5.142685691425523692e+04,3.001864242833107710e-04
5.143685824776637310e+04,3.001863951794803143e-04
5.144685958127750928e+04,3.001862787641584873e-04
5.145686091478864546e+04,3.001862787641584873e-04
5.146686224829977436e+04,3.001861332450062037e-04
5.147686358181091055e+04,3.001861623488366604e-04
5.148686491532204673e+04,3.001860750373452902e-04
5.149686624883318291e+04,3.001859004143625498e-04
5.150686758234431909e+04,3.001859004143625498e-04
5.151686891585544799e+04,3.001858131028711796e-04
5.152687024936658418e+04,3.001857548952102661e-04
5.153687158287772036e+04,3.001857257913798094e-04
5.154687291638885654e+04,3.001856384798884392e-04
5.155687424989999272e+04,3.001855802722275257e-04
5.156687558341112890e+04,3.001854929607361555e-04
5.157687691692225781e+04,3.001854347530752420e-04
5.158687825043339399e+04,3.001853765454143286e-04
5.159687958394453017e+04,3.001852892339229584e-04
5.160688091745566635e+04,3.001852310262620449e-04
5.161688225096680253e+04,3.001851146109402180e-04
5.162688358447793144e+04,3.001850272994488478e-04
5.163688491798906762e+04,3.001849981956183910e-04
5.164688625150020380e+04,3.001849690917879343e-04
5.165688758501133998e+04,3.001848526764661074e-04
5.166688891852247616e+04,3.001848235726356506e-04
5.167689025203360507e+04,3.001847362611442804e-04
5.168689158554474125e+04,3.001847071573138237e-04
5.169689291905587743e+04,3.001846489496529102e-04
5.170689425256701361e+04,3.001845325343310833e-04
5.171689558607814979e+04,3.001844743266701698e-04
5.172689691958928597e+04,3.001844452228397131e-04
5.173689825310041488e+04,3.001843288075178862e-04
5.174689958661155106e+04,3.001843288075178862e-04
5.175690092012268724e+04,3.001841832883656025e-04
5.176690225363382342e+04,3.001841541845351458e-04
5.177690358714495960e+04,3.001840668730437756e-04
5.178690492065608851e+04,3.001840086653828621e-04
5.179690625416722469e+04,3.001839504577219486e-04
5.180690758767836087e+04,3.001839213538914919e-04
5.181690892118949705e+04,3.001838631462305784e-04
5.182691025470063323e+04,3.001837176270782948e-04
5.183691158821176214e+04,3.001836594194173813e-04
5.184691292172289832e+04,3.001836594194173813e-04
5.185691425523403450e+04,3.001835430040955544e-04
5.186691558874517068e+04,3.001835139002650976e-04
5.187691692225630686e+04,3.001834265887737274e-04
5.188691825576744304e+04,3.001833974849432707e-04
5.189691958927857195e+04,3.001832810696214437e-04
5.190692092278970813e+04,3.001832519657909870e-04
5.191692225630084431e+04,3.001831355504691601e-04
5.192692358981198049e+04,3.001831064466387033e-04
5.193692492332311667e+04,3.001830191351473331e-04
5.194692625683424558e+04,3.001829609274864197e-04
5.195692759034538176e+04,3.001828736159950495e-04
5.196692892385651794e+04,3.001828445121645927e-04
5.197693025736765412e+04,3.001827572006732225e-04
5.198693159087879030e+04,3.001827280968427658e-04
5.199693292438991921e+04,3.001826116815209389e-04
5.200693425790105539e+04,3.001825825776904821e-04
5.201693559141219157e+04,3.001825243700295687e-04
5.202693692492332775e+04,3.001824661623686552e-04
5.203693825843446393e+04,3.001823497470468283e-04
5.204693959194560011e+04,3.001823497470468283e-04
5.205694092545672902e+04,3.001822624355554581e-04
5.206694225896786520e+04,3.001822042278945446e-04
5.207694359247900138e+04,3.001820587087422609e-04
5.208694492599013756e+04,3.001820878125727177e-04
5.209694625950127374e+04,3.001820005010813475e-04
5.210694759301240265e+04,3.001819131895899773e-04
5.211694892652353883e+04,3.001818258780986071e-04
5.212695026003467501e+04,3.001817967742681503e-04
5.213695159354581119e+04,3.001817094627767801e-04
5.214695292705694737e+04,3.001816512551158667e-04
5.215695426056807628e+04,3.001816221512854099e-04
5.216695559407921246e+04,3.001815348397940397e-04
5.217695692759034864e+04,3.001814766321331263e-04
5.218695826110148482e+04,3.001814184244722128e-04
5.219695959461262100e+04,3.001813893206417561e-04
5.220696092812375718e+04,3.001813311129808426e-04
5.221696226163488609e+04,3.001811855938285589e-04
5.222696359514602227e+04,3.001811564899981022e-04
5.223696492865715845e+04,3.001810691785067320e-04
5.224696626216829463e+04,3.001810109708458185e-04
5.225696759567943081e+04,3.001809527631849051e-04
5.226696892919055972e+04,3.001808654516935349e-04
5.227697026270169590e+04,3.001808654516935349e-04
5.228697159621283208e+04,3.001807781402021646e-04
5.229697292972396826e+04,3.001807199325412512e-04
5.230697426323510444e+04,3.001806326210498810e-04
5.231697559674623335e+04,3.001805744133889675e-04
5.232697693025736953e+04,3.001804871018975973e-04
5.233697826376850571e+04,3.001804871018975973e-04
5.234697959727964189e+04,3.001803706865757704e-04
5.235698093079077807e+04,3.001802833750844002e-04
5.236698226430191426e+04,3.001801960635930300e-04
5.237698359781304316e+04,3.001802251674234867e-04
5.238698493132417934e+04,3.001801378559321165e-04
5.239698626483531552e+04,3.001800796482712030e-04
5.240698759834645170e+04,3.001799923367798328e-04
5.241698893185758789e+04,3.001799632329493761e-04
5.242699026536871679e+04,3.001799050252884626e-04
5.243699159887985297e+04,3.001798177137970924e-04
5.244699293239098915e+04,3.001797595061361790e-04
5.245699426590212533e+04,3.001797012984752655e-04
5.246699559941326152e+04,3.001796139869838953e-04
5.247699693292439042e+04,3.001795557793229818e-04
5.248699826643552660e+04,3.001795266754925251e-04
5.249699959994666278e+04,3.001794102601706982e-04
5.250700093345779896e+04,3.001793811563402414e-04
5.251700226696893515e+04,3.001792938448488712e-04
5.252700360048007133e+04,3.001792938448488712e-04
5.253700493399120023e+04,3.001791774295270443e-04
5.254700626750233641e+04,3.001790901180356741e-04
5.255700760101347259e+04,3.001790610142052174e-04
5.256700893452460878e+04,3.001789737027138472e-04
5.257701026803574496e+04,3.001789445988833904e-04
5.258701160154687386e+04,3.001788572873920202e-04
5.259701293505801004e+04,3.001788572873920202e-04
5.260701426856914622e+04,3.001787699759006500e-04
5.261701560208028241e+04,3.001787117682397366e-04
5.262701693559141859e+04,3.001786244567483664e-04
5.263701826910254749e+04,3.001785662490874529e-04
5.264701960261368367e+04,3.001785080414265394e-04
5.265702093612481985e+04,3.001784207299351692e-04
5.266702226963595604e+04,3.001783916261047125e-04
5.267702360314709222e+04,3.001783334184437990e-04
5.268702493665822840e+04,3.001782461069524288e-04
5.269702627016935730e+04,3.001782170031219721e-04
5.270702760368049348e+04,3.001781878992915154e-04
5.271702893719162967e+04,3.001780423801392317e-04
5.272703027070276585e+04,3.001779841724783182e-04
5.273703160421390203e+04,3.001779550686478615e-04
5.274703293772503093e+04,3.001778386533260345e-04
5.275703427123616711e+04,3.001778386533260345e-04
5.276703560474730330e+04,3.001777222380042076e-04
5.277703693825843948e+04,3.001776640303432941e-04
5.278703827176957566e+04,3.001776058226823807e-04
5.279703960528070456e+04,3.001775767188519239e-04
5.280704093879184074e+04,3.001775185111910105e-04
5.281704227230297693e+04,3.001774311996996403e-04
5.282704360581411311e+04,3.001773729920387268e-04
5.283704493932524929e+04,3.001773147843778133e-04
5.284704627283638547e+04,3.001772274728864431e-04
5.285704760634751437e+04,3.001772274728864431e-04
5.286704893985865056e+04,3.001771401613950729e-04
5.287705027336978674e+04,3.001770819537341595e-04
5.288705160688092292e+04,3.001770237460732460e-04
5.289705294039205910e+04,3.001769364345818758e-04
5.290705427390318800e+04,3.001769364345818758e-04
5.291705560741432419e+04,3.001768200192600489e-04
5.292705694092546037e+04,3.001767618115991354e-04
5.293705827443659655e+04,3.001766745001077652e-04
5.294705960794773273e+04,3.001766745001077652e-04
5.295706094145886163e+04,3.001766162924468517e-04
5.296706227496999782e+04,3.001764707732945681e-04
5.297706360848113400e+04,3.001764707732945681e-04
5.298706494199227018e+04,3.001763834618031979e-04
5.299706627550340636e+04,3.001763543579727411e-04
5.300706760901454254e+04,3.001762670464813709e-04
5.301706894252567145e+04,3.001762088388204575e-04
5.302707027603680763e+04,3.001761797349900007e-04
5.303707160954794381e+04,3.001761215273290873e-04
5.304707294305907999e+04,3.001760342158377171e-04
5.305707427657021617e+04,3.001760051120072603e-04
5.306707561008134508e+04,3.001759469043463469e-04
5.307707694359248126e+04,3.001758595928549767e-04
5.308707827710361744e+04,3.001758013851940632e-04
5.309707961061475362e+04,3.001757140737026930e-04
5.310708094412588980e+04,3.001757140737026930e-04
5.311708227763701871e+04,3.001756558660417795e-04
5.312708361114815489e+04,3.001755103468894958e-04
5.313708494465929107e+04,3.001755103468894958e-04
5.314708627817042725e+04,3.001754230353981256e-04
5.315708761168156343e+04,3.001753939315676689e-04
5.316708894519269961e+04,3.001753357239067554e-04
5.317709027870382852e+04,3.001752775162458420e-04
5.318709161221496470e+04,3.001752193085849285e-04
5.319709294572610088e+04,3.001751902047544718e-04
5.320709427923723706e+04,3.001750737894326448e-04
5.321709561274837324e+04,3.001750155817717314e-04
5.322709694625950215e+04,3.001749573741108179e-04
5.323709827977063833e+04,3.001748991664499044e-04
5.324709961328177451e+04,3.001748118549585342e-04
5.325710094679291069e+04,3.001747536472976208e-04
5.326710228030404687e+04,3.001746954396367073e-04
5.327710361381517578e+04,3.001746954396367073e-04
5.328710494732631196e+04,3.001746081281453371e-04
5.329710628083744814e+04,3.001745208166539669e-04
5.330710761434858432e+04,3.001744917128235102e-04
5.331710894785972050e+04,3.001744335051625967e-04
5.332711028137085668e+04,3.001743461936712265e-04
5.333711161488198559e+04,3.001742879860103130e-04
5.334711294839312177e+04,3.001742006745189428e-04
5.335711428190425795e+04,3.001741715706884861e-04
5.336711561541539413e+04,3.001741424668580294e-04
5.337711694892653031e+04,3.001740260515362024e-04
5.338711828243765922e+04,3.001739969477057457e-04
5.339711961594879540e+04,3.001739096362143755e-04
5.340712094945993158e+04,3.001738805323839188e-04
5.341712228297106776e+04,3.001738223247230053e-04
5.342712361648220394e+04,3.001737641170620918e-04
5.343712494999333285e+04,3.001737641170620918e-04
5.344712628350446903e+04,3.001736477017402649e-04
5.345712761701560521e+04,3.001736185979098082e-04
5.346712895052674139e+04,3.001735603902488947e-04
5.347713028403787757e+04,3.001734730787575245e-04
5.348713161754901375e+04,3.001733566634356976e-04
5.349713295106014266e+04,3.001733857672661543e-04
5.350713428457127884e+04,3.001732693519443274e-04
5.351713561808241502e+04,3.001732402481138706e-04
5.352713695159355120e+04,3.001731238327920437e-04
5.353713828510468738e+04,3.001730947289615870e-04
5.354713961861581629e+04,3.001730656251311302e-04
5.355714095212695247e+04,3.001729783136397600e-04
5.356714228563808865e+04,3.001729783136397600e-04
5.357714361914922483e+04,3.001728910021483898e-04
5.358714495266036101e+04,3.001727745868265629e-04
5.359714628617148992e+04,3.001727454829961061e-04
5.360714761968262610e+04,3.001727163791656494e-04
5.361714895319376228e+04,3.001725999638438225e-04
5.362715028670489846e+04,3.001725708600133657e-04
5.363715162021603464e+04,3.001725126523524523e-04
5.364715295372717083e+04,3.001724544446915388e-04
5.365715428723829973e+04,3.001723962370306253e-04
5.366715562074943591e+04,3.001723089255392551e-04
5.367715695426057209e+04,3.001723089255392551e-04
5.368715828777170827e+04,3.001722507178783417e-04
5.369715962128284445e+04,3.001721925102174282e-04
5.370716095479397336e+04,3.001720760948956013e-04
5.371716228830510954e+04,3.001720469910651445e-04
5.372716362181624572e+04,3.001720178872346878e-04
5.373716495532738190e+04,3.001719305757433176e-04
5.374716628883851808e+04,3.001719014719128609e-04
5.375716762234964699e+04,3.001718432642519474e-04
5.376716895586078317e+04,3.001717850565910339e-04
5.377717028937191935e+04,3.001716977450996637e-04
5.378717162288305553e+04,3.001716977450996637e-04
5.379717295639419171e+04,3.001715813297778368e-04
5.380717428990532790e+04,3.001715231221169233e-04
5.381717562341645680e+04,3.001715231221169233e-04
5.382717695692759298e+04,3.001714649144560099e-04
5.383717829043872916e+04,3.001714067067950964e-04
5.384717962394986534e+04,3.001713193953037262e-04
5.385718095746100153e+04,3.001712320838123560e-04
5.386718229097213043e+04,3.001712320838123560e-04
5.387718362448326661e+04,3.001711738761514425e-04
5.388718495799440279e+04,3.001710865646600723e-04
5.389718629150553897e+04,3.001710574608296156e-04
5.390718762501667516e+04,3.001709410455077887e-04
5.391718895852781134e+04,3.001709119416773319e-04
5.392719029203894024e+04,3.001708537340164185e-04
5.393719162555007642e+04,3.001707955263555050e-04
5.394719295906121260e+04,3.001707373186945915e-04
5.395719429257234879e+04,3.001706791110336781e-04
5.396719562608348497e+04,3.001706500072032213e-04
5.397719695959461387e+04,3.001705917995423079e-04
5.398719829310575005e+04,3.001705044880509377e-04
5.399719962661688623e+04,3.001704462803900242e-04
5.400720096012802242e+04,3.001703880727291107e-04
5.401720229363915860e+04,3.001703298650681973e-04
5.402720362715028750e+04,3.001702716574072838e-04
5.403720496066142368e+04,3.001702134497463703e-04
5.404720629417255986e+04,3.001702134497463703e-04
5.405720762768369605e+04,3.001700970344245434e-04
5.406720896119483223e+04,3.001700679305940866e-04
5.407721029470596841e+04,3.001700097229331732e-04
5.408721162821709731e+04,3.001699515152722597e-04
5.409721296172823349e+04,3.001698350999504328e-04
5.410721429523936968e+04,3.001698350999504328e-04
5.411721562875050586e+04,3.001698059961199760e-04
5.412721696226164204e+04,3.001697186846286058e-04
5.413721829577277094e+04,3.001696604769676924e-04
5.414721962928390712e+04,3.001696022693067789e-04
5.415722096279504331e+04,3.001695440616458654e-04
5.416722229630617949e+04,3.001694567501544952e-04
5.417722362981731567e+04,3.001694276463240385e-04
5.418722496332844457e+04,3.001693985424935818e-04
5.419722629683958075e+04,3.001693403348326683e-04
5.420722763035071694e+04,3.001692821271717548e-04
5.421722896386185312e+04,3.001692239195108414e-04
5.422723029737298930e+04,3.001691948156803846e-04
5.423723163088412548e+04,3.001690784003585577e-04
5.424723296439525438e+04,3.001690784003585577e-04
5.425723429790639057e+04,3.001690201926976442e-04
5.426723563141752675e+04,3.001689328812062740e-04
5.427723696492866293e+04,3.001688746735453606e-04
5.428723829843979911e+04,3.001687873620539904e-04
5.429723963195092801e+04,3.001687582582235336e-04
5.430724096546206420e+04,3.001687000505626202e-04
5.431724229897320038e+04,3.001686127390712500e-04
5.432724363248433656e+04,3.001686127390712500e-04
5.433724496599547274e+04,3.001685545314103365e-04
5.434724629950660164e+04,3.001684672199189663e-04
5.435724763301773783e+04,3.001684672199189663e-04
5.436724896652887401e+04,3.001684090122580528e-04
5.437725030004001019e+04,3.001682925969362259e-04
5.438725163355114637e+04,3.001682343892753124e-04
5.439725296706228255e+04,3.001682343892753124e-04
5.440725430057341146e+04,3.001681179739534855e-04
5.441725563408454764e+04,3.001680888701230288e-04
5.442725696759568382e+04,3.001680888701230288e-04
5.443725830110682000e+04,3.001679724548012018e-04
5.444725963461795618e+04,3.001679433509707451e-04
5.445726096812908509e+04,3.001678560394793749e-04
5.446726230164022127e+04,3.001677687279880047e-04
5.447726363515135745e+04,3.001677978318184614e-04
5.448726496866249363e+04,3.001676523126661777e-04
5.449726630217362981e+04,3.001676523126661777e-04
5.450726763568475872e+04,3.001676232088357210e-04
5.451726896919589490e+04,3.001675650011748075e-04
5.452727030270703108e+04,3.001674776896834373e-04
5.453727163621816726e+04,3.001674194820225239e-04
5.454727296972930344e+04,3.001674194820225239e-04
5.455727430324043962e+04,3.001673321705311537e-04
5.456727563675156853e+04,3.001673030667006969e-04
5.457727697026270471e+04,3.001672157552093267e-04
5.458727830377384089e+04,3.001671575475484133e-04
5.459727963728497707e+04,3.001671284437179565e-04
5.460728097079611325e+04,3.001670411322265863e-04
5.461728230430724216e+04,3.001670120283961296e-04
5.462728363781837834e+04,3.001669247169047594e-04
5.463728497132951452e+04,3.001669247169047594e-04
5.464728630484065070e+04,3.001668665092438459e-04
5.465728763835178688e+04,3.001667500939220190e-04
5.466728897186291579e+04,3.001667500939220190e-04
5.467729030537405197e+04,3.001666918862611055e-04
5.468729163888518815e+04,3.001666045747697353e-04
5.469729297239632433e+04,3.001665754709392786e-04
5.470729430590746051e+04,3.001665172632783651e-04
5.471729563941859669e+04,3.001664590556174517e-04
5.472729697292972560e+04,3.001663426402956247e-04
5.473729830644086178e+04,3.001663717441260815e-04
5.474729963995199796e+04,3.001662844326347113e-04
5.475730097346313414e+04,3.001662262249737978e-04
5.476730230697427032e+04,3.001661680173128843e-04
5.477730364048539923e+04,3.001661098096519709e-04
5.478730497399653541e+04,3.001661098096519709e-04
5.479730630750767159e+04,3.001659933943301439e-04
5.480730764101880777e+04,3.001659933943301439e-04
5.481730897452994395e+04,3.001658769790083170e-04
5.482731030804107286e+04,3.001658769790083170e-04
5.483731164155220904e+04,3.001658187713474035e-04
5.484731297506334522e+04,3.001657314598560333e-04
5.485731430857448140e+04,3.001657314598560333e-04
5.486731564208561758e+04,3.001655859407037497e-04
5.487731697559675376e+04,3.001655277330428362e-04
5.488731830910788267e+04,3.001654986292123795e-04
5.489731964261901885e+04,3.001654986292123795e-04
5.490732097613015503e+04,3.001654113177210093e-04
5.491732230964129121e+04,3.001653531100600958e-04
5.492732364315242739e+04,3.001653531100600958e-04
5.493732497666355630e+04,3.001652075909078121e-04
5.494732631017469248e+04,3.001652075909078121e-04
5.495732764368582866e+04,3.001651784870773554e-04
5.496732897719696484e+04,3.001650620717555285e-04
5.497733031070810102e+04,3.001650329679250717e-04
5.498733164421922993e+04,3.001649747602641582e-04
5.499733297773036611e+04,3.001649747602641582e-04
5.500733431124150229e+04,3.001648874487727880e-04
5.501733564475263847e+04,3.001648292411118746e-04
5.502733697826377465e+04,3.001648001372814178e-04
5.503733831177491084e+04,3.001647419296205044e-04
5.504733964528603974e+04,3.001646546181291342e-04
5.505734097879717592e+04,3.001645964104682207e-04
5.506734231230831210e+04,3.001645382028073072e-04
5.507734364581944828e+04,3.001645382028073072e-04
5.508734497933058447e+04,3.001644508913159370e-04
5.509734631284171337e+04,3.001643926836550236e-04
5.510734764635284955e+04,3.001643635798245668e-04
5.511734897986398573e+04,3.001642762683331966e-04
5.512735031337512191e+04,3.001642180606722832e-04
5.513735164688625810e+04,3.001642471645027399e-04
5.514735298039738700e+04,3.001641307491809130e-04
5.515735431390852318e+04,3.001641307491809130e-04
5.516735564741965936e+04,3.001640143338590860e-04
5.517735698093079554e+04,3.001639852300286293e-04
5.518735831444193173e+04,3.001639561261981726e-04
5.519735964795306791e+04,3.001638688147068024e-04
5.520736098146419681e+04,3.001638397108763456e-04
5.521736231497533299e+04,3.001637232955545187e-04
5.522736364848646917e+04,3.001637523993849754e-04
5.523736498199760535e+04,3.001636359840631485e-04
5.524736631550874154e+04,3.001636359840631485e-04
5.525736764901987044e+04,3.001635777764022350e-04
5.526736898253100662e+04,3.001634904649108648e-04
5.527737031604214280e+04,3.001634613610804081e-04
5.528737164955327898e+04,3.001634031534194946e-04
5.529737298306441517e+04,3.001633449457585812e-04
5.530737431657554407e+04,3.001633158419281244e-04
5.531737565008668025e+04,3.001632285304367542e-04
5.532737698359781643e+04,3.001632576342672110e-04
5.533737831710895261e+04,3.001631412189453840e-04
5.534737965062008880e+04,3.001631121151149273e-04
5.535738098413122498e+04,3.001630248036235571e-04
5.536738231764235388e+04,3.001629665959626436e-04
5.537738365115349006e+04,3.001628792844712734e-04
5.538738498466462624e+04,3.001628792844712734e-04
5.539738631817576243e+04,3.001628210768103600e-04
5.540738765168689861e+04,3.001628210768103600e-04
5.541738898519802751e+04,3.001626755576580763e-04
5.542739031870916369e+04,3.001626755576580763e-04
5.543739165222029987e+04,3.001626464538276196e-04
5.544739298573143606e+04,3.001625882461667061e-04
5.545739431924257224e+04,3.001625009346753359e-04
5.546739565275370114e+04,3.001624427270144224e-04
5.547739698626483732e+04,3.001624136231839657e-04
5.548739831977597350e+04,3.001623554155230522e-04
5.549739965328710969e+04,3.001622972078621387e-04
5.550740098679824587e+04,3.001622681040316820e-04
5.551740232030938205e+04,3.001622098963707685e-04
5.552740365382051095e+04,3.001621516887098551e-04
5.553740498733164713e+04,3.001621516887098551e-04
5.554740632084278332e+04,3.001620934810489416e-04
5.555740765435391950e+04,3.001620061695575714e-04
5.556740898786505568e+04,3.001619770657271147e-04
5.557741032137618458e+04,3.001618897542357445e-04
5.558741165488732076e+04,3.001618024427443743e-04
5.559741298839845695e+04,3.001617733389139175e-04
5.560741432190959313e+04,3.001617733389139175e-04
5.561741565542072931e+04,3.001617151312530041e-04
5.562741698893185821e+04,3.001616278197616339e-04
5.563741832244299439e+04,3.001615987159311771e-04
5.564741965595413058e+04,3.001615405082702637e-04
5.565742098946526676e+04,3.001615114044398069e-04
5.566742232297640294e+04,3.001614531967788935e-04
5.567742365648753912e+04,3.001613949891179800e-04
5.568742498999866802e+04,3.001613658852875233e-04
5.569742632350980421e+04,3.001612494699656963e-04
5.570742765702094039e+04,3.001612494699656963e-04
5.571742899053207657e+04,3.001611621584743261e-04
5.572743032404321275e+04,3.001611039508134127e-04
5.573743165755434165e+04,3.001610748469829559e-04
5.574743299106547784e+04,3.001610166393220425e-04
5.575743432457661402e+04,3.001609584316611290e-04
5.576743565808775020e+04,3.001609584316611290e-04
5.577743699159888638e+04,3.001608711201697588e-04
5.578743832511001528e+04,3.001608420163393021e-04
5.579743965862115147e+04,3.001607838086783886e-04
5.580744099213228765e+04,3.001606964971870184e-04
5.581744232564342383e+04,3.001606964971870184e-04
5.582744365915456001e+04,3.001606382895261049e-04
5.583744499266569619e+04,3.001605800818651915e-04
5.584744632617682510e+04,3.001604927703738213e-04
5.585744765968796128e+04,3.001604636665433645e-04
5.586744899319909746e+04,3.001604054588824511e-04
5.587745032671023364e+04,3.001603472512215376e-04
5.588745166022136982e+04,3.001602890435606241e-04
5.589745299373249873e+04,3.001603181473910809e-04
5.590745432724363491e+04,3.001602017320692539e-04
5.591745566075477109e+04,3.001601726282387972e-04
5.592745699426590727e+04,3.001601144205778837e-04
5.593745832777704345e+04,3.001600853167474270e-04
5.594745966128817236e+04,3.001600271090865135e-04
5.595746099479930854e+04,3.001599106937646866e-04
5.596746232831044472e+04,3.001599106937646866e-04
5.597746366182158090e+04,3.001599106937646866e-04
5.598746499533271708e+04,3.001597942784428596e-04
5.599746632884385326e+04,3.001597942784428596e-04
5.600746766235498217e+04,3.001597360707819462e-04
5.601746899586611835e+04,3.001597069669514894e-04
5.602747032937725453e+04,3.001596196554601192e-04
5.603747166288839071e+04,3.001595323439687490e-04
5.604747299639952689e+04,3.001595323439687490e-04
5.605747432991065580e+04,3.001594741363078356e-04
5.606747566342179198e+04,3.001594450324773788e-04
5.607747699693292816e+04,3.001593577209860086e-04
5.608747833044406434e+04,3.001593577209860086e-04
5.609747966395520052e+04,3.001592704094946384e-04
5.610748099746632943e+04,3.001592122018337250e-04
5.611748233097746561e+04,3.001591539941728115e-04
5.612748366448860179e+04,3.001591248903423548e-04
5.613748499799973797e+04,3.001590957865118980e-04
5.614748633151087415e+04,3.001589793711900711e-04
5.615748766502201033e+04,3.001589793711900711e-04
5.616748899853313924e+04,3.001589211635291576e-04
5.617749033204427542e+04,3.001588629558682442e-04
5.618749166555541160e+04,3.001588338520377874e-04
5.619749299906654778e+04,3.001587465405464172e-04
5.620749433257768396e+04,3.001586883328855038e-04
5.621749566608881287e+04,3.001586883328855038e-04
5.622749699959994905e+04,3.001586010213941336e-04
5.623749833311108523e+04,3.001586010213941336e-04
5.624749966662222141e+04,3.001584846060723066e-04
5.625750100013335759e+04,3.001584846060723066e-04
5.626750233364448650e+04,3.001583972945809364e-04
5.627750366715562268e+04,3.001583972945809364e-04
5.628750500066675886e+04,3.001583390869200230e-04
5.629750633417789504e+04,3.001582517754286528e-04
5.630750766768903122e+04,3.001582517754286528e-04
5.631750900120016740e+04,3.001581935677677393e-04
5.632751033471129631e+04,3.001581062562763691e-04
5.633751166822243249e+04,3.001580189447849989e-04
5.634751300173356867e+04,3.001580480486154556e-04
5.635751433524470485e+04,3.001580189447849989e-04
5.636751566875584103e+04,3.001579025294631720e-04
5.637751700226696994e+04,3.001579025294631720e-04
5.638751833577810612e+04,3.001578443218022585e-04
5.639751966928924230e+04,3.001577861141413450e-04
5.640752100280037848e+04,3.001577279064804316e-04
5.641752233631151466e+04,3.001576696988195181e-04
5.642752366982265085e+04,3.001575823873281479e-04
5.643752500333377975e+04,3.001575823873281479e-04
5.644752633684491593e+04,3.001575532834976912e-04
5.645752767035605211e+04,3.001574950758367777e-04
5.646752900386718829e+04,3.001574659720063210e-04
5.647753033737832448e+04,3.001574077643454075e-04
5.648753167088945338e+04,3.001573495566844940e-04
5.649753300440058956e+04,3.001572913490235806e-04
5.650753433791172574e+04,3.001572913490235806e-04
5.651753567142286192e+04,3.001572040375322104e-04
5.652753700493399811e+04,3.001571458298712969e-04
5.653753833844512701e+04,3.001570876222103834e-04
5.654753967195626319e+04,3.001570294145494699e-04
5.655754100546739937e+04,3.001570585183799267e-04
5.656754233897853555e+04,3.001569129992276430e-04
5.657754367248967174e+04,3.001569129992276430e-04
5.658754500600080792e+04,3.001568256877362728e-04
5.659754633951193682e+04,3.001568256877362728e-04
5.660754767302307300e+04,3.001567383762449026e-04
5.661754900653420918e+04,3.001567383762449026e-04
5.662755034004534537e+04,3.001566801685839891e-04
5.663755167355648155e+04,3.001566510647535324e-04
5.664755300706761045e+04,3.001565928570926189e-04
5.665755434057874663e+04,3.001564764417707920e-04
5.666755567408988281e+04,3.001564473379403353e-04
5.667755700760101900e+04,3.001564764417707920e-04
5.668755834111215518e+04,3.001563600264489651e-04
5.669755967462328408e+04,3.001563018187880516e-04
5.670756100813442026e+04,3.001563018187880516e-04
5.671756234164555644e+04,3.001562145072966814e-04
5.672756367515669263e+04,3.001562145072966814e-04
5.673756500866782881e+04,3.001561562996357679e-04
5.674756634217896499e+04,3.001560980919748545e-04
5.675756767569009389e+04,3.001560689881443977e-04
5.676756900920123007e+04,3.001559525728225708e-04
5.677757034271236626e+04,3.001559525728225708e-04
5.678757167622350244e+04,3.001559234689921141e-04
5.679757300973463862e+04,3.001558361575007439e-04
5.680757434324576752e+04,3.001558070536702871e-04
5.681757567675690370e+04,3.001557779498398304e-04
5.682757701026803988e+04,3.001557197421789169e-04
5.683757834377917607e+04,3.001556906383484602e-04
5.684757967729031225e+04,3.001555742230266333e-04
5.685758101080144115e+04,3.001555451191961765e-04
5.686758234431257733e+04,3.001554869115352631e-04
5.687758367782371351e+04,3.001554287038743496e-04
5.688758501133484970e+04,3.001553996000438929e-04
5.689758634484598588e+04,3.001553413923829794e-04
5.690758767835712206e+04,3.001553122885525227e-04
5.691758901186825096e+04,3.001552540808916092e-04
5.692759034537938714e+04,3.001552540808916092e-04
5.693759167889052333e+04,3.001551958732306957e-04
5.694759301240165951e+04,3.001551667694002390e-04
5.695759434591279569e+04,3.001550794579088688e-04
5.696759567942392459e+04,3.001550794579088688e-04
5.697759701293506077e+04,3.001549921464174986e-04
5.698759834644619696e+04,3.001549630425870419e-04
5.699759967995733314e+04,3.001549048349261284e-04
5.700760101346846932e+04,3.001548757310956717e-04
5.701760234697959822e+04,3.001547884196043015e-04
5.702760368049073440e+04,3.001547593157738447e-04
5.703760501400187059e+04,3.001547302119433880e-04
5.704760634751300677e+04,3.001546429004520178e-04
5.705760768102414295e+04,3.001546429004520178e-04
5.706760901453527913e+04,3.001545264851301908e-04
5.707761034804640803e+04,3.001544973812997341e-04
5.708761168155754422e+04,3.001544973812997341e-04
5.709761301506868040e+04,3.001544682774692774e-04
5.710761434857981658e+04,3.001543809659779072e-04
5.711761568209095276e+04,3.001543518621474504e-04
5.712761701560208166e+04,3.001542936544865370e-04
5.713761834911321785e+04,3.001542354468256235e-04
5.714761968262435403e+04,3.001542063429951668e-04
5.715762101613549021e+04,3.001541481353342533e-04
5.716762234964662639e+04,3.001541190315037966e-04
5.717762368315775529e+04,3.001540899276733398e-04
5.718762501666889148e+04,3.001539735123515129e-04
5.719762635018002766e+04,3.001539735123515129e-04
5.720762768369116384e+04,3.001538862008601427e-04
5.721762901720230002e+04,3.001538570970296860e-04
5.722763035071343620e+04,3.001538279931992292e-04
5.723763168422456511e+04,3.001537697855383158e-04
5.724763301773570129e+04,3.001537115778774023e-04
5.725763435124683747e+04,3.001536824740469456e-04
5.726763568475797365e+04,3.001536242663860321e-04
5.727763701826910983e+04,3.001536242663860321e-04
5.728763835178023874e+04,3.001535660587251186e-04
5.729763968529137492e+04,3.001535078510642052e-04
5.730764101880251110e+04,3.001534496434032917e-04
5.731764235231364728e+04,3.001533914357423782e-04
5.732764368582478346e+04,3.001533332280814648e-04
5.733764501933591237e+04,3.001533041242510080e-04
5.734764635284704855e+04,3.001532750204205513e-04
5.735764768635818473e+04,3.001531877089291811e-04
5.736764901986932091e+04,3.001531877089291811e-04
5.737765035338045709e+04,3.001531586050987244e-04
5.738765168689159327e+04,3.001530712936073542e-04
5.739765302040272218e+04,3.001530712936073542e-04
5.740765435391385836e+04,3.001530130859464407e-04
5.741765568742499454e+04,3.001529257744550705e-04
5.742765702093613072e+04,3.001529257744550705e-04
5.743765835444726690e+04,3.001528675667941570e-04
5.744765968795839581e+04,3.001528093591332436e-04
5.745766102146953199e+04,3.001528093591332436e-04
5.746766235498066817e+04,3.001526929438114166e-04
5.747766368849180435e+04,3.001526638399809599e-04
5.748766502200294053e+04,3.001526347361505032e-04
5.749766635551406944e+04,3.001525765284895897e-04
5.750766768902520562e+04,3.001525183208286762e-04
5.751766902253634180e+04,3.001524892169982195e-04
5.752767035604747798e+04,3.001524310093373060e-04
5.753767168955861416e+04,3.001524019055068493e-04
5.754767302306975034e+04,3.001523436978459358e-04
5.755767435658087925e+04,3.001522563863545656e-04
5.756767569009201543e+04,3.001522854901850224e-04
5.757767702360315161e+04,3.001521981786936522e-04
5.758767835711428779e+04,3.001521399710327387e-04
5.759767969062542397e+04,3.001521399710327387e-04
5.760768102413655288e+04,3.001520817633718252e-04
5.761768235764768906e+04,3.001519944518804550e-04
5.762768369115882524e+04,3.001519944518804550e-04
5.763768502466996142e+04,3.001519362442195415e-04
5.764768635818109760e+04,3.001518780365586281e-04
5.765768769169222651e+04,3.001518780365586281e-04
5.766768902520336269e+04,3.001517616212368011e-04
5.767769035871449887e+04,3.001517325174063444e-04
5.768769169222563505e+04,3.001517034135758877e-04
5.769769302573677123e+04,3.001516743097454309e-04
5.770769435924790741e+04,3.001516743097454309e-04
5.771769569275903632e+04,3.001515869982540607e-04
5.772769702627017250e+04,3.001515287905931473e-04
5.773769835978130868e+04,3.001514996867626905e-04
5.774769969329244486e+04,3.001514414791017771e-04
5.775770102680358104e+04,3.001514123752713203e-04
5.776770236031470995e+04,3.001513541676104069e-04
5.777770369382584613e+04,3.001513250637799501e-04
5.778770502733698231e+04,3.001512377522885799e-04
5.779770636084811849e+04,3.001512086484581232e-04
5.780770769435925467e+04,3.001511795446276665e-04
5.781770902787038358e+04,3.001511504407972097e-04
5.782771036138151976e+04,3.001510631293058395e-04
5.783771169489265594e+04,3.001510631293058395e-04
5.784771302840379212e+04,3.001509758178144693e-04
5.785771436191492830e+04,3.001509467139840126e-04
5.786771569542606449e+04,3.001508885063230991e-04
5.787771702893719339e+04,3.001508594024926424e-04
5.788771836244832957e+04,3.001508302986621857e-04
5.789771969595946575e+04,3.001507720910012722e-04
5.790772102947060193e+04,3.001507429871708155e-04
5.791772236298173812e+04,3.001506847795099020e-04
5.792772369649286702e+04,3.001505974680185318e-04
5.793772503000400320e+04,3.001505392603576183e-04
5.794772636351513938e+04,3.001505392603576183e-04
5.795772769702627556e+04,3.001504810526967049e-04
5.796772903053741175e+04,3.001504519488662481e-04
5.797773036404854065e+04,3.001503937412053347e-04
5.798773169755967683e+04,3.001503937412053347e-04
5.799773303107081301e+04,3.001502773258835077e-04
5.800773436458194919e+04,3.001502773258835077e-04
5.801773569809308538e+04,3.001501900143921375e-04
5.802773703160422156e+04,3.001501609105616808e-04
5.803773836511535046e+04,3.001501609105616808e-04
5.804773969862648664e+04,3.001501027029007673e-04
5.805774103213762282e+04,3.001500444952398539e-04
5.806774236564875901e+04,3.001500153914093971e-04
5.807774369915989519e+04,3.001499862875789404e-04
5.808774503267102409e+04,3.001498989760875702e-04
5.809774636618216027e+04,3.001498698722571135e-04
5.810774769969329645e+04,3.001498698722571135e-04
5.811774903320443264e+04,3.001497825607657433e-04
5.812775036671556882e+04,3.001497534569352865e-04
5.813775170022669772e+04,3.001496952492743731e-04
5.814775303373783390e+04,3.001496079377830029e-04
5.815775436724897008e+04,3.001496370416134596e-04
5.816775570076010627e+04,3.001496079377830029e-04
5.817775703427124245e+04,3.001495206262916327e-04
5.818775836778237863e+04,3.001494915224611759e-04
5.819775970129350753e+04,3.001494333148002625e-04
5.820776103480464371e+04,3.001493751071393490e-04
5.821776236831577990e+04,3.001493460033088923e-04
5.822776370182691608e+04,3.001492877956479788e-04
5.823776503533805226e+04,3.001492586918175220e-04
5.824776636884918116e+04,3.001492295879870653e-04
5.825776770236031734e+04,3.001491422764956951e-04
5.826776903587145353e+04,3.001491131726652384e-04
5.827777036938258971e+04,3.001491131726652384e-04
5.828777170289372589e+04,3.001489967573434114e-04
5.829777303640485479e+04,3.001489676535129547e-04
5.830777436991599097e+04,3.001489967573434114e-04
5.831777570342712716e+04,3.001489094458520412e-04
5.832777703693826334e+04,3.001488803420215845e-04
5.833777837044939952e+04,3.001488221343606710e-04
5.834777970396053570e+04,3.001487639266997576e-04
5.835778103747166460e+04,3.001487057190388441e-04
5.836778237098280078e+04,3.001487057190388441e-04
5.837778370449393697e+04,3.001486766152083874e-04
5.838778503800507315e+04,3.001485893037170172e-04
5.839778637151620933e+04,3.001485310960561037e-04
5.840778770502733823e+04,3.001485310960561037e-04
5.841778903853847441e+04,3.001484437845647335e-04
5.842779037204961060e+04,3.001484146807342768e-04
5.843779170556074678e+04,3.001483564730733633e-04
5.844779303907188296e+04,3.001483564730733633e-04
5.845779437258301186e+04,3.001482691615819931e-04
5.846779570609414804e+04,3.001482982654124498e-04
5.847779703960528423e+04,3.001482109539210796e-04
5.848779837311642041e+04,3.001481818500906229e-04
5.849779970662755659e+04,3.001481236424297094e-04
5.850780104013869277e+04,3.001480654347687960e-04
5.851780237364982167e+04,3.001480363309383392e-04
5.852780370716095786e+04,3.001480363309383392e-04
5.853780504067209404e+04,3.001479199156165123e-04
5.854780637418323022e+04,3.001479199156165123e-04
5.855780770769436640e+04,3.001478617079555988e-04
5.856780904120549530e+04,3.001478326041251421e-04
5.857781037471663149e+04,3.001478035002946854e-04
5.858781170822776767e+04,3.001477161888033152e-04
5.859781304173890385e+04,3.001477452926337719e-04
5.860781437525004003e+04,3.001476579811424017e-04
5.861781570876116893e+04,3.001475415658205748e-04
5.862781704227230512e+04,3.001475706696510315e-04
5.863781837578344130e+04,3.001475124619901180e-04
5.864781970929457748e+04,3.001474833581596613e-04
5.865782104280571366e+04,3.001474833581596613e-04
5.866782237631684984e+04,3.001473960466682911e-04
5.867782370982797875e+04,3.001473669428378344e-04
5.868782504333911493e+04,3.001473087351769209e-04
5.869782637685025111e+04,3.001472796313464642e-04
5.870782771036138729e+04,3.001472505275160074e-04
5.871782904387252347e+04,3.001471923198550940e-04
5.872783037738365238e+04,3.001471050083637238e-04
5.873783171089478856e+04,3.001471341121941805e-04
5.874783304440592474e+04,3.001470759045332670e-04
5.875783437791706092e+04,3.001470176968723536e-04
5.876783571142819710e+04,3.001469885930418968e-04
5.877783704493932601e+04,3.001469303853809834e-04
5.878783837845046219e+04,3.001468430738896132e-04
5.879783971196159837e+04,3.001468430738896132e-04
5.880784104547273455e+04,3.001468139700591564e-04
5.881784237898387073e+04,3.001467557623982430e-04
5.882784371249500691e+04,3.001466975547373295e-04
5.883784504600613582e+04,3.001466975547373295e-04
5.884784637951727200e+04,3.001466102432459593e-04
5.885784771302840818e+04,3.001465811394155025e-04
5.886784904653954436e+04,3.001464938279241323e-04
5.887785038005068054e+04,3.001464647240936756e-04
5.888785171356180945e+04,3.001464356202632189e-04
5.889785304707294563e+04,3.001464356202632189e-04
5.890785438058408181e+04,3.001463774126023054e-04
5.891785571409521799e+04,3.001463192049413919e-04
5.892785704760635417e+04,3.001462318934500217e-04
5.893785838111749035e+04,3.001462901011109352e-04
5.894785971462861926e+04,3.001462027896195650e-04
5.895786104813975544e+04,3.001462027896195650e-04
5.896786238165089162e+04,3.001461445819586515e-04
5.897786371516202780e+04,3.001460281666368246e-04
5.898786504867316398e+04,3.001460572704672813e-04
5.899786638218429289e+04,3.001459408551454544e-04
5.900786771569542907e+04,3.001459408551454544e-04
5.901786904920656525e+04,3.001459117513149977e-04
5.902787038271770143e+04,3.001458535436540842e-04
5.903787171622883761e+04,3.001457953359931707e-04
5.904787304973996652e+04,3.001457953359931707e-04
5.905787438325110270e+04,3.001457080245018005e-04
5.906787571676223888e+04,3.001457662321627140e-04
5.907787705027337506e+04,3.001456789206713438e-04
5.908787838378451124e+04,3.001455916091799736e-04
5.909787971729564742e+04,3.001455334015190601e-04
5.910788105080677633e+04,3.001455625053495169e-04
5.911788238431791251e+04,3.001455042976886034e-04
5.912788371782904869e+04,3.001454751938581467e-04
5.913788505134018487e+04,3.001454460900276899e-04
5.914788638485132105e+04,3.001453296747058630e-04
5.915788771836244996e+04,3.001452714670449495e-04
5.916788905187358614e+04,3.001452714670449495e-04
5.917789038538472232e+04,3.001452423632144928e-04
5.918789171889585850e+04,3.001451841555535793e-04
5.919789305240699468e+04,3.001451550517231226e-04
5.920789438591812359e+04,3.001451550517231226e-04
5.921789571942925977e+04,3.001450386364012957e-04
5.922789705294039595e+04,3.001450386364012957e-04
5.923789838645153213e+04,3.001450095325708389e-04
5.924789971996266831e+04,3.001450095325708389e-04
5.925790105347380450e+04,3.001448931172490120e-04
5.926790238698493340e+04,3.001448640134185553e-04
5.927790372049606958e+04,3.001448058057576418e-04
5.928790505400720576e+04,3.001447475980967283e-04
5.929790638751834194e+04,3.001447475980967283e-04
5.930790772102947813e+04,3.001446893904358149e-04
5.931790905454060703e+04,3.001446311827749014e-04
5.932791038805174321e+04,3.001446311827749014e-04
5.933791172156287939e+04,3.001445729751139879e-04
5.934791305507401557e+04,3.001445438712835312e-04
5.935791438858515176e+04,3.001444856636226177e-04
5.936791572209628066e+04,3.001444856636226177e-04
5.937791705560741684e+04,3.001444274559617043e-04
5.938791838911855302e+04,3.001443692483007908e-04
5.939791972262968920e+04,3.001443401444703341e-04
5.940792105614082539e+04,3.001442819368094206e-04
5.941792238965196157e+04,3.001442819368094206e-04
5.942792372316309047e+04,3.001442237291485071e-04
5.943792505667422665e+04,3.001441655214875937e-04
5.944792639018536283e+04,3.001441073138266802e-04
5.945792772369649902e+04,3.001440782099962234e-04
5.946792905720763520e+04,3.001440200023353100e-04
5.947793039071876410e+04,3.001439908985048532e-04
5.948793172422990028e+04,3.001439617946743965e-04
5.949793305774103646e+04,3.001439326908439398e-04
5.950793439125217265e+04,3.001438162755221128e-04
5.951793572476330883e+04,3.001438162755221128e-04
5.952793705827443773e+04,3.001438162755221128e-04
5.953793839178557391e+04,3.001437580678611994e-04
5.954793972529671009e+04,3.001436998602002859e-04
5.955794105880784628e+04,3.001436707563698292e-04
5.956794239231898246e+04,3.001436125487089157e-04
5.957794372583011864e+04,3.001436416525393724e-04
5.958794505934124754e+04,3.001434961333870888e-04
5.959794639285238372e+04,3.001435252372175455e-04
5.960794772636351991e+04,3.001434961333870888e-04
5.961794905987465609e+04,3.001434379257261753e-04
5.962795039338579227e+04,3.001434088218957186e-04
5.963795172689692117e+04,3.001433797180652618e-04
5.964795306040805735e+04,3.001432924065738916e-04
5.965795439391919354e+04,3.001432924065738916e-04
5.966795572743032972e+04,3.001432050950825214e-04
5.967795706094146590e+04,3.001431759912520647e-04
5.968795839445259480e+04,3.001431468874216080e-04
5.969795972796373098e+04,3.001431468874216080e-04
5.970796106147486717e+04,3.001430595759302378e-04
5.971796239498600335e+04,3.001430304720997810e-04
5.972796372849713953e+04,3.001430013682693243e-04
5.973796506200827571e+04,3.001429140567779541e-04
5.974796639551940461e+04,3.001429140567779541e-04
5.975796772903054080e+04,3.001429140567779541e-04
5.976796906254167698e+04,3.001427976414561272e-04
5.977797039605281316e+04,3.001427685376256704e-04
5.978797172956394934e+04,3.001427685376256704e-04
5.979797306307507824e+04,3.001426812261343002e-04
5.980797439658621443e+04,3.001426812261343002e-04
5.981797573009735061e+04,3.001426521223038435e-04
5.982797706360848679e+04,3.001426230184733868e-04
5.983797839711962297e+04,3.001425648108124733e-04
5.984797973063075187e+04,3.001424774993211031e-04
5.985798106414188806e+04,3.001424774993211031e-04
5.986798239765302424e+04,3.001423901878297329e-04
5.987798373116416042e+04,3.001423901878297329e-04
5.988798506467529660e+04,3.001423319801688194e-04
5.989798639818643278e+04,3.001423319801688194e-04
5.990798773169756168e+04,3.001422737725079060e-04
5.991798906520869787e+04,3.001421864610165358e-04
5.992799039871983405e+04,3.001421864610165358e-04
5.993799173223097023e+04,3.001421864610165358e-04
5.994799306574210641e+04,3.001420991495251656e-04
5.995799439925323531e+04,3.001420409418642521e-04
5.996799573276437150e+04,3.001419827342033386e-04
5.997799706627550768e+04,3.001420118380337954e-04
5.998799839978664386e+04,3.001419827342033386e-04
5.999799973329778004e+04,3.001418372150510550e-04
6.000800106680890894e+04,3.001418663188815117e-04
6.001800240032004513e+04,3.001418081112205982e-04
6.002800373383118131e+04,3.001418372150510550e-04
6.003800506734231749e+04,3.001417207997292280e-04
6.004800640085345367e+04,3.001416916958987713e-04
6.005800773436458985e+04,3.001416625920683146e-04
6.006800906787571876e+04,3.001416043844074011e-04
6.007801040138685494e+04,3.001415752805769444e-04
6.008801173489799112e+04,3.001415752805769444e-04
6.009801306840912730e+04,3.001415170729160309e-04
6.010801440192026348e+04,3.001414588652551174e-04
6.011801573543139239e+04,3.001413715537637472e-04
6.012801706894252857e+04,3.001413715537637472e-04
6.013801840245366475e+04,3.001413715537637472e-04
6.014801973596480093e+04,3.001413424499332905e-04
6.015802106947593711e+04,3.001412842422723770e-04
6.016802240298706602e+04,3.001412260346114635e-04
6.017802373649820220e+04,3.001411969307810068e-04
6.018802507000933838e+04,3.001411387231200933e-04
6.019802640352047456e+04,3.001411387231200933e-04
6.020802773703161074e+04,3.001410514116287231e-04
6.021802907054274692e+04,3.001410514116287231e-04
6.022803040405387583e+04,3.001409932039678097e-04
6.023803173756501201e+04,3.001409641001373529e-04
6.024803307107614819e+04,3.001409349963068962e-04
6.025803440458728437e+04,3.001409058924764395e-04
6.026803573809842055e+04,3.001408476848155260e-04
6.027803707160954946e+04,3.001407894771546125e-04
6.028803840512068564e+04,3.001407894771546125e-04
6.029803973863182182e+04,3.001407312694936991e-04
6.030804107214295800e+04,3.001407021656632423e-04
6.031804240565409418e+04,3.001406730618327856e-04
6.032804373916522309e+04,3.001406439580023289e-04
6.033804507267635927e+04,3.001405566465109587e-04
6.034804640618749545e+04,3.001405275426805019e-04
6.035804773969863163e+04,3.001404984388500452e-04
6.036804907320976781e+04,3.001404402311891317e-04
6.037805040672090399e+04,3.001404111273586750e-04
6.038805174023203290e+04,3.001403820235282183e-04
6.039805307374316908e+04,3.001403238158673048e-04
6.040805440725430526e+04,3.001403238158673048e-04
6.041805574076544144e+04,3.001402656082063913e-04
6.042805707427657762e+04,3.001402074005454779e-04
6.043805840778770653e+04,3.001401782967150211e-04
6.044805974129884271e+04,3.001401491928845644e-04
6.045806107480997889e+04,3.001400909852236509e-04
6.046806240832111507e+04,3.001400909852236509e-04
6.047806374183225125e+04,3.001400327775627375e-04
6.048806507534338016e+04,3.001400036737322807e-04
6.049806640885451634e+04,3.001399454660713673e-04
6.050806774236565252e+04,3.001399163622409105e-04
6.051806907587678870e+04,3.001398872584104538e-04
6.052807040938792488e+04,3.001398581545799971e-04
6.053807174289906106e+04,3.001397999469190836e-04
6.054807307641018997e+04,3.001397417392581701e-04
6.055807440992132615e+04,3.001397417392581701e-04
6.056807574343246233e+04,3.001397126354277134e-04
6.057807707694359851e+04,3.001396253239363432e-04
6.058807841045473469e+04,3.001395671162754297e-04
6.059807974396586360e+04,3.001395671162754297e-04
6.060808107747699978e+04,3.001395380124449730e-04
6.061808241098813596e+04,3.001394798047840595e-04
6.062808374449927214e+04,3.001394507009536028e-04
6.063808507801040832e+04,3.001394215971231461e-04
6.064808641152153723e+04,3.001393633894622326e-04
6.065808774503267341e+04,3.001393342856317759e-04
6.066808907854380959e+04,3.001392760779708624e-04
6.067809041205494577e+04,3.001392760779708624e-04
6.068809174556608195e+04,3.001392178703099489e-04
6.069809307907721814e+04,3.001391887664794922e-04
6.070809441258834704e+04,3.001391014549881220e-04
6.071809574609948322e+04,3.001390723511576653e-04
6.072809707961061940e+04,3.001390432473272085e-04
6.073809841312175558e+04,3.001390432473272085e-04
6.074809974663289177e+04,3.001389559358358383e-04
6.075810108014402067e+04,3.001389559358358383e-04
6.076810241365515685e+04,3.001389559358358383e-04
6.077810374716629303e+04,3.001388686243444681e-04
6.078810508067742921e+04,3.001388395205140114e-04
6.079810641418856540e+04,3.001388104166835546e-04
6.080810774769969430e+04,3.001387813128530979e-04
6.081810908121083048e+04,3.001387231051921844e-04
6.082811041472196666e+04,3.001386940013617277e-04
6.083811174823310284e+04,3.001386648975312710e-04
6.084811308174423903e+04,3.001386066898703575e-04
6.085811441525537521e+04,3.001385484822094440e-04
6.086811574876650411e+04,3.001385484822094440e-04
6.087811708227764029e+04,3.001384902745485306e-04
6.088811841578877647e+04,3.001384611707180738e-04
6.089811974929991266e+04,3.001384611707180738e-04
6.090812108281104884e+04,3.001383738592267036e-04
6.091812241632217774e+04,3.001383156515657902e-04
6.092812374983331392e+04,3.001383156515657902e-04
6.093812508334445010e+04,3.001382574439048767e-04
6.094812641685558629e+04,3.001382283400744200e-04
6.095812775036672247e+04,3.001381701324135065e-04
6.096812908387785137e+04,3.001381410285830498e-04
6.097813041738898755e+04,3.001381410285830498e-04
6.098813175090012373e+04,3.001380828209221363e-04
6.099813308441125992e+04,3.001380246132612228e-04
6.100813441792239610e+04,3.001380246132612228e-04
6.101813575143353228e+04,3.001379955094307661e-04
6.102813708494466118e+04,3.001379664056003094e-04
6.103813841845579736e+04,3.001379081979393959e-04
6.104813975196693355e+04,3.001379081979393959e-04
6.105814108547806973e+04,3.001378499902784824e-04
6.106814241898920591e+04,3.001377917826175690e-04
6.107814375250033481e+04,3.001377626787871122e-04
6.108814508601147099e+04,3.001377044711261988e-04
6.109814641952260718e+04,3.001376462634652853e-04
6.110814775303374336e+04,3.001376171596348286e-04
6.111814908654487954e+04,3.001376171596348286e-04
6.112815042005600844e+04,3.001375880558043718e-04
6.113815175356714462e+04,3.001375007443130016e-04
6.114815308707828081e+04,3.001374716404825449e-04
6.115815442058941699e+04,3.001374716404825449e-04
6.116815575410055317e+04,3.001373552251607180e-04
6.117815708761168935e+04,3.001374134328216314e-04
6.118815842112281825e+04,3.001373552251607180e-04
6.119815975463395444e+04,3.001372679136693478e-04
6.120816108814509062e+04,3.001372388098388910e-04
6.121816242165622680e+04,3.001372388098388910e-04
6.122816375516736298e+04,3.001371806021779776e-04
6.123816508867849188e+04,3.001371223945170641e-04
6.124816642218962807e+04,3.001371223945170641e-04
6.125816775570076425e+04,3.001370641868561506e-04
6.126816908921190043e+04,3.001370641868561506e-04
6.127817042272303661e+04,3.001370059791952372e-04
6.128817175623416551e+04,3.001369477715343237e-04
6.129817308974530170e+04,3.001369477715343237e-04
6.130817442325643788e+04,3.001368604600429535e-04
6.131817575676757406e+04,3.001368895638734102e-04
6.132817709027871024e+04,3.001368022523820400e-04
6.133817842378984642e+04,3.001368022523820400e-04
6.134817975730097533e+04,3.001367440447211266e-04
6.135818109081211151e+04,3.001367149408906698e-04
6.136818242432324769e+04,3.001367149408906698e-04
6.137818375783438387e+04,3.001365985255688429e-04
6.138818509134552005e+04,3.001365694217383862e-04
6.139818642485664896e+04,3.001365694217383862e-04
6.140818775836778514e+04,3.001365403179079294e-04
6.141818909187892132e+04,3.001364821102470160e-04
6.142819042539005750e+04,3.001364821102470160e-04
6.143819175890119368e+04,3.001363656949251890e-04
6.144819309241232986e+04,3.001363656949251890e-04
6.145819442592345877e+04,3.001363074872642756e-04
6.146819575943459495e+04,3.001363074872642756e-04
6.147819709294573113e+04,3.001362492796033621e-04
6.148819842645686731e+04,3.001361910719424486e-04
6.149819975996800349e+04,3.001361910719424486e-04
6.150820109347913240e+04,3.001361910719424486e-04
6.151820242699026858e+04,3.001361328642815351e-04
6.152820376050140476e+04,3.001360455527901649e-04
6.153820509401254094e+04,3.001360455527901649e-04
6.154820642752367712e+04,3.001360455527901649e-04
6.155820776103480603e+04,3.001360164489597082e-04
6.156820909454594221e+04,3.001359291374683380e-04
6.157821042805707839e+04,3.001358709298074245e-04
6.158821176156821457e+04,3.001359000336378813e-04
6.159821309507935075e+04,3.001358127221465111e-04
6.160821442859048693e+04,3.001357836183160543e-04
6.161821576210161584e+04,3.001357545144855976e-04
6.162821709561275202e+04,3.001356963068246841e-04
6.163821842912388820e+04,3.001356672029942274e-04
6.164821976263502438e+04,3.001356380991637707e-04
6.165822109614616056e+04,3.001356089953333139e-04
6.166822242965728947e+04,3.001355507876724005e-04
6.167822376316842565e+04,3.001355216838419437e-04
6.168822509667956183e+04,3.001355216838419437e-04
6.169822643019069801e+04,3.001354634761810303e-04
6.170822776370183419e+04,3.001354052685201168e-04
6.171822909721296310e+04,3.001354052685201168e-04
6.172823043072409928e+04,3.001353761646896601e-04
6.173823176423523546e+04,3.001353179570287466e-04
6.174823309774637164e+04,3.001352597493678331e-04
6.175823443125750782e+04,3.001352597493678331e-04
6.176823576476864400e+04,3.001352015417069197e-04
6.177823709827977291e+04,3.001351142302155495e-04
6.178823843179090909e+04,3.001351724378764629e-04
6.179823976530204527e+04,3.001351142302155495e-04
6.180824109881318145e+04,3.001350269187241793e-04
6.181824243232431763e+04,3.001350269187241793e-04
6.182824376583544654e+04,3.001349978148937225e-04
6.183824509934658272e+04,3.001349687110632658e-04
6.184824643285771890e+04,3.001348813995718956e-04
6.185824776636885508e+04,3.001348522957414389e-04
6.186824909987999126e+04,3.001348231919109821e-04
6.187825043339112017e+04,3.001348522957414389e-04
6.188825176690225635e+04,3.001347940880805254e-04
6.189825310041339253e+04,3.001347067765891552e-04
6.190825443392452871e+04,3.001347067765891552e-04
6.191825576743566489e+04,3.001347358804196119e-04
6.192825710094680107e+04,3.001346485689282417e-04
6.193825843445792998e+04,3.001345903612673283e-04
6.194825976796906616e+04,3.001345612574368715e-04
6.195826110148020234e+04,3.001345030497759581e-04
6.196826243499133852e+04,3.001344739459455013e-04
6.197826376850247470e+04,3.001344739459455013e-04
6.198826510201360361e+04,3.001344739459455013e-04
6.199826643552473979e+04,3.001344157382845879e-04
6.200826776903587597e+04,3.001343575306236744e-04
6.201826910254701215e+04,3.001343284267932177e-04
6.202827043605814833e+04,3.001342993229627609e-04
6.203827176956927724e+04,3.001342120114713907e-04
6.204827310308041342e+04,3.001341829076409340e-04
6.205827443659154960e+04,3.001341246999800205e-04
6.206827577010268578e+04,3.001341246999800205e-04
6.207827710361382196e+04,3.001340664923191071e-04
6.208827843712495815e+04,3.001340664923191071e-04
6.209827977063608705e+04,3.001340664923191071e-04
6.210828110414722323e+04,3.001339791808277369e-04
6.211828243765835941e+04,3.001339500769972801e-04
6.212828377116949559e+04,3.001339209731668234e-04
6.213828510468063178e+04,3.001338627655059099e-04
6.214828643819176068e+04,3.001338336616754532e-04
6.215828777170289686e+04,3.001338045578449965e-04
6.216828910521403304e+04,3.001338045578449965e-04
6.217829043872516922e+04,3.001337463501840830e-04
6.218829177223630541e+04,3.001336881425231695e-04
6.219829310574743431e+04,3.001336590386927128e-04
6.220829443925857049e+04,3.001336299348622561e-04
6.221829577276970667e+04,3.001336008310317993e-04
6.222829710628084285e+04,3.001335717272013426e-04
6.223829843979197904e+04,3.001335426233708858e-04
6.224829977330311522e+04,3.001335135195404291e-04
6.225830110681424412e+04,3.001334844157099724e-04
6.226830244032538030e+04,3.001333971042186022e-04
6.227830377383651648e+04,3.001333680003881454e-04
6.228830510734765267e+04,3.001333680003881454e-04
6.229830644085878885e+04,3.001333388965576887e-04
6.230830777436991775e+04,3.001333097927272320e-04
6.231830910788105393e+04,3.001332224812358618e-04
6.232831044139219011e+04,3.001331642735749483e-04
6.233831177490332630e+04,3.001331642735749483e-04
6.234831310841446248e+04,3.001331351697444916e-04
6.235831444192559138e+04,3.001330769620835781e-04
6.236831577543672756e+04,3.001330769620835781e-04
6.237831710894786374e+04,3.001330478582531214e-04
6.238831844245899993e+04,3.001329896505922079e-04
6.239831977597013611e+04,3.001329605467617512e-04
6.240832110948127229e+04,3.001329314429312944e-04
6.241832244299240119e+04,3.001329314429312944e-04
6.242832377650353737e+04,3.001328441314399242e-04
6.243832511001467356e+04,3.001328732352703810e-04
6.244832644352580974e+04,3.001327859237790108e-04
6.245832777703694592e+04,3.001327568199485540e-04
6.246832911054807482e+04,3.001327568199485540e-04
6.247833044405921100e+04,3.001326986122876406e-04
6.248833177757034719e+04,3.001326404046267271e-04
6.249833311108148337e+04,3.001326113007962704e-04
6.250833444459261955e+04,3.001325821969658136e-04
6.251833577810374845e+04,3.001325530931353569e-04
6.252833711161488463e+04,3.001324948854744434e-04
6.253833844512602082e+04,3.001324948854744434e-04
6.254833977863715700e+04,3.001324948854744434e-04
6.255834111214829318e+04,3.001324075739830732e-04
6.256834244565942936e+04,3.001323493663221598e-04
6.257834377917055826e+04,3.001323493663221598e-04
6.258834511268169445e+04,3.001323202624917030e-04
6.259834644619283063e+04,3.001322329510003328e-04
6.260834777970396681e+04,3.001322329510003328e-04
6.261834911321510299e+04,3.001322038471698761e-04
6.262835044672623189e+04,3.001321747433394194e-04
6.263835178023736808e+04,3.001320874318480492e-04
6.264835311374850426e+04,3.001320874318480492e-04
6.265835444725964044e+04,3.001320583280175924e-04
6.266835578077077662e+04,3.001320001203566790e-04
6.267835711428190552e+04,3.001319419126957655e-04
6.268835844779304171e+04,3.001319710165262222e-04
6.269835978130417789e+04,3.001319128088653088e-04
6.270836111481531407e+04,3.001319419126957655e-04
6.271836244832645025e+04,3.001318546012043953e-04
6.272836378183758643e+04,3.001318254973739386e-04
6.273836511534871534e+04,3.001317963935434818e-04
6.274836644885985152e+04,3.001317381858825684e-04
6.275836778237098770e+04,3.001317381858825684e-04
6.276836911588212388e+04,3.001317090820521116e-04
6.277837044939326006e+04,3.001317090820521116e-04
6.278837178290438897e+04,3.001316799782216549e-04
6.279837311641552515e+04,3.001315635628998280e-04
6.280837444992666133e+04,3.001315635628998280e-04
6.281837578343779751e+04,3.001315344590693712e-04
6.282837711694893369e+04,3.001315053552389145e-04
6.283837845046006260e+04,3.001314180437475443e-04
6.284837978397119878e+04,3.001314180437475443e-04
6.285838111748233496e+04,3.001314180437475443e-04
6.286838245099347114e+04,3.001313598360866308e-04
6.287838378450460732e+04,3.001313016284257174e-04
6.288838511801574350e+04,3.001313016284257174e-04
6.289838645152687241e+04,3.001312143169343472e-04
6.290838778503800859e+04,3.001312434207648039e-04
6.291838911854914477e+04,3.001311852131038904e-04
6.292839045206028095e+04,3.001311561092734337e-04
6.293839178557141713e+04,3.001310687977820635e-04
6.294839311908254604e+04,3.001310396939516068e-04
6.295839445259368222e+04,3.001310396939516068e-04
6.296839578610481840e+04,3.001309814862906933e-04
6.297839711961595458e+04,3.001309814862906933e-04
6.298839845312709076e+04,3.001309232786297798e-04
6.299839978663821967e+04,3.001308650709688663e-04
6.300840112014935585e+04,3.001308359671384096e-04
6.301840245366049203e+04,3.001308941747993231e-04
6.302840378717162821e+04,3.001308068633079529e-04
6.303840512068276439e+04,3.001307195518165827e-04
6.304840645419390057e+04,3.001307195518165827e-04
6.305840778770502948e+04,3.001306904479861259e-04
6.306840912121616566e+04,3.001306322403252125e-04
6.307841045472730184e+04,3.001306322403252125e-04
6.308841178823843802e+04,3.001306322403252125e-04
6.309841312174957420e+04,3.001305449288338423e-04
6.310841445526070311e+04,3.001305158250033855e-04
6.311841578877183929e+04,3.001305158250033855e-04
6.312841712228297547e+04,3.001305158250033855e-04
6.313841845579411165e+04,3.001304285135120153e-04
6.314841978930524783e+04,3.001303703058511019e-04
6.315842112281637674e+04,3.001303703058511019e-04
6.316842245632751292e+04,3.001303412020206451e-04
6.317842378983864910e+04,3.001303412020206451e-04
6.318842512334978528e+04,3.001302829943597317e-04
6.319842645686092146e+04,3.001301956828683615e-04
6.320842779037205764e+04,3.001302247866988182e-04
6.321842912388318655e+04,3.001301665790379047e-04
6.322843045739432273e+04,3.001301083713769913e-04
6.323843179090545891e+04,3.001301083713769913e-04
6.324843312441659509e+04,3.001300792675465345e-04
6.325843445792773127e+04,3.001300792675465345e-04
6.326843579143886018e+04,3.001300210598856211e-04
6.327843712494999636e+04,3.001299628522247076e-04
6.328843845846113254e+04,3.001299046445637941e-04
6.329843979197226872e+04,3.001298755407333374e-04
6.330844112548340490e+04,3.001299046445637941e-04
6.331844245899453381e+04,3.001297882292419672e-04
6.332844379250566999e+04,3.001297882292419672e-04
6.333844512601680617e+04,3.001297882292419672e-04
6.334844645952794235e+04,3.001297009177505970e-04
6.335844779303907853e+04,3.001297300215810537e-04
6.336844912655021471e+04,3.001296718139201403e-04
6.337845046006134362e+04,3.001297009177505970e-04
6.338845179357247980e+04,3.001295845024287701e-04
6.339845312708361598e+04,3.001295553985983133e-04
6.340845446059475216e+04,3.001295262947678566e-04
6.341845579410588834e+04,3.001294971909373999e-04
6.342845712761701725e+04,3.001294680871069431e-04
6.343845846112815343e+04,3.001294389832764864e-04
6.344845979463928961e+04,3.001293807756155729e-04
6.345846112815042579e+04,3.001293225679546595e-04
6.346846246166156197e+04,3.001293516717851162e-04
6.347846379517269088e+04,3.001292643602937460e-04
6.348846512868382706e+04,3.001292934641242027e-04
6.349846646219496324e+04,3.001292061526328325e-04
6.350846779570609942e+04,3.001291770488023758e-04
6.351846912921723560e+04,3.001292352564632893e-04
6.352847046272837179e+04,3.001290897373110056e-04
6.353847179623950069e+04,3.001290606334805489e-04
6.354847312975063687e+04,3.001290897373110056e-04
6.355847446326177305e+04,3.001290606334805489e-04
6.356847579677290923e+04,3.001290024258196354e-04
6.357847713028404542e+04,3.001289442181587219e-04
6.358847846379517432e+04,3.001290024258196354e-04
6.359847979730631050e+04,3.001289151143282652e-04
6.360848113081744668e+04,3.001288278028368950e-04
6.361848246432858286e+04,3.001288860104978085e-04
6.362848379783971905e+04,3.001288278028368950e-04
6.363848513135084795e+04,3.001287986990064383e-04
6.364848646486198413e+04,3.001287695951759815e-04
6.365848779837312031e+04,3.001286822836846113e-04
6.366848913188425649e+04,3.001286531798541546e-04
6.367849046539539268e+04,3.001286822836846113e-04
6.368849179890652886e+04,3.001285949721932411e-04
6.369849313241765776e+04,3.001285949721932411e-04
6.370849446592879394e+04,3.001285367645323277e-04
6.371849579943993012e+04,3.001285076607018709e-04
6.372849713295106631e+04,3.001284785568714142e-04
6.373849846646220249e+04,3.001284203492105007e-04
6.374849979997333139e+04,3.001284203492105007e-04
6.375850113348446757e+04,3.001283621415495872e-04
6.376850246699560375e+04,3.001283621415495872e-04
6.377850380050673994e+04,3.001283039338886738e-04
6.378850513401787612e+04,3.001282748300582170e-04
6.379850646752900502e+04,3.001282457262277603e-04
6.380850780104014120e+04,3.001282166223973036e-04
6.381850913455127738e+04,3.001282166223973036e-04
6.382851046806241357e+04,3.001281584147363901e-04
6.383851180157354975e+04,3.001281002070754766e-04
6.384851313508468593e+04,3.001280711032450199e-04
6.385851446859581483e+04,3.001280419994145632e-04
6.386851580210695101e+04,3.001280128955841064e-04
6.387851713561808720e+04,3.001280128955841064e-04
6.388851846912922338e+04,3.001280128955841064e-04
6.389851980264035956e+04,3.001278964802622795e-04
6.390852113615148846e+04,3.001278673764318228e-04
6.391852246966262464e+04,3.001278382726013660e-04
6.392852380317376083e+04,3.001278382726013660e-04
6.393852513668489701e+04,3.001277800649404526e-04
6.394852647019603319e+04,3.001277509611099958e-04
6.395852780370716209e+04,3.001277509611099958e-04
6.396852913721829827e+04,3.001277218572795391e-04
6.397853047072943446e+04,3.001276927534490824e-04
6.398853180424057064e+04,3.001276345457881689e-04
6.399853313775170682e+04,3.001276054419577122e-04
6.400853447126284300e+04,3.001275472342967987e-04
6.401853580477397190e+04,3.001276054419577122e-04
6.402853713828510809e+04,3.001274890266358852e-04
6.403853847179624427e+04,3.001274599228054285e-04
6.404853980530738045e+04,3.001274308189749718e-04
6.405854113881851663e+04,3.001274017151445150e-04
6.406854247232964553e+04,3.001274017151445150e-04
6.407854380584078172e+04,3.001274308189749718e-04
6.408854513935191790e+04,3.001273144036531448e-04
6.409854647286305408e+04,3.001273144036531448e-04
6.410854780637419026e+04,3.001272270921617746e-04
6.411854913988532644e+04,3.001272270921617746e-04
6.412855047339645535e+04,3.001271688845008612e-04
6.413855180690759153e+04,3.001271106768399477e-04
6.414855314041872771e+04,3.001271106768399477e-04
6.415855447392986389e+04,3.001270815730094910e-04
6.416855580744100007e+04,3.001270815730094910e-04
6.417855714095212898e+04,3.001270524691790342e-04
6.418855847446326516e+04,3.001269651576876640e-04
6.419855980797440134e+04,3.001269360538572073e-04
6.420856114148553752e+04,3.001269360538572073e-04
6.421856247499667370e+04,3.001269069500267506e-04
6.422856380850780261e+04,3.001268778461962938e-04
6.423856514201893879e+04,3.001268196385353804e-04
6.424856647553007497e+04,3.001267905347049236e-04
6.425856780904121115e+04,3.001267905347049236e-04
6.426856914255234733e+04,3.001267323270440102e-04
6.427857047606348351e+04,3.001267032232135534e-04
6.428857180957461242e+04,3.001266741193830967e-04
6.429857314308574860e+04,3.001266741193830967e-04
6.430857447659688478e+04,3.001266450155526400e-04
6.431857581010802096e+04,3.001265577040612698e-04
6.432857714361915714e+04,3.001265286002308130e-04
6.433857847713028605e+04,3.001264994964003563e-04
6.434857981064142223e+04,3.001264703925698996e-04
6.435858114415255841e+04,3.001264412887394428e-04
6.436858247766369459e+04,3.001264412887394428e-04
6.437858381117483077e+04,3.001264121849089861e-04
6.438858514468595968e+04,3.001263539772480726e-04
6.439858647819709586e+04,3.001262666657567024e-04
6.440858781170823204e+04,3.001262957695871592e-04
6.441858914521936822e+04,3.001262666657567024e-04
6.442859047873050440e+04,3.001261502504348755e-04
6.443859181224164058e+04,3.001262084580957890e-04
6.444859314575276949e+04,3.001261502504348755e-04
6.445859447926390567e+04,3.001261211466044188e-04
6.446859581277504185e+04,3.001261211466044188e-04
6.447859714628617803e+04,3.001260920427739620e-04
6.448859847979731421e+04,3.001260338351130486e-04
6.449859981330844312e+04,3.001260338351130486e-04
6.450860114681957930e+04,3.001259465236216784e-04
6.451860248033071548e+04,3.001259174197912216e-04
6.452860381384185166e+04,3.001259174197912216e-04
6.453860514735298784e+04,3.001258883159607649e-04
6.454860648086411675e+04,3.001258883159607649e-04
6.455860781437525293e+04,3.001258301082998514e-04
6.456860914788638911e+04,3.001258010044693947e-04
6.457861048139752529e+04,3.001257427968084812e-04
6.458861181490866147e+04,3.001257719006389380e-04
6.459861314841979765e+04,3.001256845891475677e-04
6.460861448193092656e+04,3.001256554853171110e-04
6.461861581544206274e+04,3.001256263814866543e-04
6.462861714895319892e+04,3.001255972776561975e-04
6.463861848246433510e+04,3.001255681738257408e-04
6.464861981597547128e+04,3.001255390699952841e-04
6.465862114948660019e+04,3.001255099661648273e-04
6.466862248299773637e+04,3.001255099661648273e-04
6.467862381650887255e+04,3.001254808623343706e-04
6.468862515002000873e+04,3.001253935508430004e-04
6.469862648353114491e+04,3.001253644470125437e-04
6.470862781704227382e+04,3.001253644470125437e-04
6.471862915055341000e+04,3.001253353431820869e-04
6.472863048406454618e+04,3.001253062393516302e-04
6.473863181757568236e+04,3.001252480316907167e-04
6.474863315108681854e+04,3.001252480316907167e-04
6.475863448459795472e+04,3.001251607201993465e-04
6.476863581810908363e+04,3.001252189278602600e-04
6.477863715162021981e+04,3.001251316163688898e-04
6.478863848513135599e+04,3.001251025125384331e-04
6.479863981864249217e+04,3.001250734087079763e-04
6.480864115215362835e+04,3.001250734087079763e-04
6.481864248566475726e+04,3.001250152010470629e-04
6.482864381917589344e+04,3.001249569933861494e-04
6.483864515268702962e+04,3.001249860972166061e-04
6.484864648619816580e+04,3.001249278895556927e-04
6.485864781970930198e+04,3.001248987857252359e-04
6.486864915322043089e+04,3.001248987857252359e-04
6.487865048673156707e+04,3.001248405780643225e-04
6.488865182024270325e+04,3.001248114742338657e-04
6.489865315375383943e+04,3.001247823704034090e-04
6.490865448726497561e+04,3.001247241627424955e-04
6.491865582077611180e+04,3.001246950589120388e-04
6.492865715428724070e+04,3.001246368512511253e-04
6.493865848779837688e+04,3.001246368512511253e-04
6.494865982130951306e+04,3.001245786435902119e-04
6.495866115482064924e+04,3.001245786435902119e-04
6.496866248833178543e+04,3.001245786435902119e-04
6.497866382184291433e+04,3.001245495397597551e-04
6.498866515535405051e+04,3.001244913320988417e-04
6.499866648886518669e+04,3.001244331244379282e-04
6.500866782237632287e+04,3.001244331244379282e-04
6.501866915588745906e+04,3.001244331244379282e-04
6.502867048939858796e+04,3.001243749167770147e-04
6.503867182290972414e+04,3.001243167091161013e-04
6.504867315642086032e+04,3.001243167091161013e-04
6.505867448993199650e+04,3.001242585014551878e-04
6.506867582344313269e+04,3.001242876052856445e-04
6.507867715695426887e+04,3.001242293976247311e-04
6.508867849046539777e+04,3.001241711899638176e-04
6.509867982397653395e+04,3.001241711899638176e-04
6.510868115748767013e+04,3.001241129823029041e-04
6.511868249099880632e+04,3.001241129823029041e-04
6.512868382450994250e+04,3.001240256708115339e-04
6.513868515802107140e+04,3.001240838784724474e-04
6.514868649153220758e+04,3.001239965669810772e-04
6.515868782504334376e+04,3.001239383593201637e-04
6.516868915855447995e+04,3.001239383593201637e-04
6.517869049206561613e+04,3.001239092554897070e-04
6.518869182557674503e+04,3.001238510478287935e-04
6.519869315908788121e+04,3.001238801516592503e-04
6.520869449259901739e+04,3.001238510478287935e-04
6.521869582611015358e+04,3.001238219439983368e-04
6.522869715962128976e+04,3.001237928401678801e-04
6.523869849313242594e+04,3.001237055286765099e-04
6.524869982664355484e+04,3.001237055286765099e-04
6.525870116015469102e+04,3.001236473210155964e-04
6.526870249366582721e+04,3.001236473210155964e-04
6.527870382717696339e+04,3.001235891133546829e-04
6.528870516068809957e+04,3.001235309056937695e-04
6.529870649419922847e+04,3.001235309056937695e-04
6.530870782771036465e+04,3.001235309056937695e-04
6.531870916122150084e+04,3.001234435942023993e-04
6.532871049473263702e+04,3.001235018018633127e-04
6.533871182824377320e+04,3.001233853865414858e-04
6.534871316175490210e+04,3.001233853865414858e-04
6.535871449526603828e+04,3.001233562827110291e-04
6.536871582877717447e+04,3.001233562827110291e-04
6.537871716228831065e+04,3.001232980750501156e-04
6.538871849579944683e+04,3.001232689712196589e-04
6.539871982931058301e+04,3.001232980750501156e-04
6.540872116282171191e+04,3.001232107635587454e-04
6.541872249633284810e+04,3.001232107635587454e-04
6.542872382984398428e+04,3.001231234520673752e-04
6.543872516335512046e+04,3.001230652444064617e-04
6.544872649686625664e+04,3.001231234520673752e-04
6.545872783037738554e+04,3.001230652444064617e-04
6.546872916388852173e+04,3.001230070367455482e-04
6.547873049739965791e+04,3.001230070367455482e-04
6.548873183091079409e+04,3.001229197252541780e-04
6.549873316442193027e+04,3.001229197252541780e-04
6.550873449793305917e+04,3.001228615175932646e-04
6.551873583144419536e+04,3.001228324137628078e-04
6.552873716495533154e+04,3.001228615175932646e-04
6.553873849846646772e+04,3.001227742061018944e-04
6.554873983197759662e+04,3.001228324137628078e-04
6.555874116548874008e+04,3.001228033099323511e-04
6.556874249899986899e+04,3.001227159984409809e-04
6.557874383251101244e+04,3.001227159984409809e-04
6.558874516602214135e+04,3.001226868946105242e-04
6.559874649953327025e+04,3.001225995831191540e-04
6.560874783304441371e+04,3.001225995831191540e-04
6.561874916655554262e+04,3.001226286869496107e-04
6.562875050006668607e+04,3.001225995831191540e-04
6.563875183357781498e+04,3.001225413754582405e-04
6.564875316708894388e+04,3.001224831677973270e-04
6.565875450060008734e+04,3.001224831677973270e-04
6.566875583411121625e+04,3.001224249601364136e-04
6.567875716762235970e+04,3.001224249601364136e-04
6.568875850113348861e+04,3.001223667524755001e-04
6.569875983464461751e+04,3.001223085448145866e-04
6.570876116815576097e+04,3.001223376486450434e-04
6.571876250166688988e+04,3.001222794409841299e-04
6.572876383517803333e+04,3.001222503371536732e-04
6.573876516868916224e+04,3.001221630256623030e-04
6.574876650220029114e+04,3.001221921294927597e-04
6.575876783571143460e+04,3.001221339218318462e-04
6.576876916922256351e+04,3.001221048180013895e-04
6.577877050273370696e+04,3.001221048180013895e-04
6.578877183624483587e+04,3.001220757141709328e-04
6.579877316975597932e+04,3.001220175065100193e-04
6.580877450326710823e+04,3.001220175065100193e-04
6.581877583677823714e+04,3.001220175065100193e-04
6.582877717028938059e+04,3.001219884026795626e-04
6.583877850380050950e+04,3.001219301950186491e-04
6.584877983731165295e+04,3.001219301950186491e-04
6.585878117082278186e+04,3.001218719873577356e-04
6.586878250433391077e+04,3.001218428835272789e-04
6.587878383784505422e+04,3.001218137796968222e-04
6.588878517135618313e+04,3.001218137796968222e-04
6.589878650486732658e+04,3.001217555720359087e-04
6.590878783837845549e+04,3.001217555720359087e-04
6.591878917188958440e+04,3.001216682605445385e-04
6.592879050540072785e+04,3.001216682605445385e-04
6.593879183891185676e+04,3.001216391567140818e-04
6.594879317242300021e+04,3.001215809490531683e-04
6.595879450593412912e+04,3.001215518452227116e-04
6.596879583944525803e+04,3.001215518452227116e-04
6.597879717295640148e+04,3.001215518452227116e-04
6.598879850646753039e+04,3.001214936375617981e-04
6.599879983997867384e+04,3.001214354299008846e-04
6.600880117348980275e+04,3.001214063260704279e-04
6.601880250700093166e+04,3.001214063260704279e-04
6.602880384051207511e+04,3.001214063260704279e-04
6.603880517402320402e+04,3.001213772222399712e-04
6.604880650753434747e+04,3.001213190145790577e-04
6.605880784104547638e+04,3.001212608069181442e-04
6.606880917455660529e+04,3.001212899107486010e-04
6.607881050806774874e+04,3.001212317030876875e-04
6.608881184157887765e+04,3.001212025992572308e-04
6.609881317509002110e+04,3.001211443915963173e-04
6.610881450860115001e+04,3.001211443915963173e-04
6.611881584211229347e+04,3.001211152877658606e-04
6.612881717562342237e+04,3.001211152877658606e-04
6.613881850913455128e+04,3.001210570801049471e-04
6.614881984264569473e+04,3.001210570801049471e-04
6.615882117615682364e+04,3.001209697686135769e-04
6.616882250966796710e+04,3.001209115609526634e-04
6.617882384317909600e+04,3.001209697686135769e-04
6.618882517669022491e+04,3.001208824571222067e-04
6.619882651020136836e+04,3.001208824571222067e-04
6.620882784371249727e+04,3.001208824571222067e-04
6.621882917722364073e+04,3.001208242494612932e-04
6.622883051073476963e+04,3.001207951456308365e-04
6.623883184424589854e+04,3.001207660418003798e-04
6.624883317775704199e+04,3.001207369379699230e-04
6.625883451126817090e+04,3.001207078341394663e-04
6.626883584477931436e+04,3.001207078341394663e-04
6.627883717829044326e+04,3.001206787303090096e-04
6.628883851180157217e+04,3.001206205226480961e-04
6.629883984531271562e+04,3.001206205226480961e-04
6.630884117882384453e+04,3.001205623149871826e-04
6.631884251233498799e+04,3.001205332111567259e-04
6.632884384584611689e+04,3.001204750034958124e-04
6.633884517935724580e+04,3.001204750034958124e-04
6.634884651286838925e+04,3.001204167958348989e-04
6.635884784637951816e+04,3.001204458996653557e-04
6.636884917989066162e+04,3.001203585881739855e-04
6.637885051340179052e+04,3.001203876920044422e-04
6.638885184691291943e+04,3.001203876920044422e-04
6.639885318042406288e+04,3.001203003805130720e-04
6.640885451393519179e+04,3.001202712766826153e-04
6.641885584744633525e+04,3.001202130690217018e-04
6.642885718095746415e+04,3.001202130690217018e-04
6.643885851446860761e+04,3.001202130690217018e-04
6.644885984797973651e+04,3.001201839651912451e-04
6.645886118149086542e+04,3.001200966536998749e-04
6.646886251500200888e+04,3.001200966536998749e-04
6.647886384851313778e+04,3.001200966536998749e-04
6.648886518202428124e+04,3.001200675498694181e-04
6.649886651553541014e+04,3.001200093422085047e-04
6.650886784904653905e+04,3.001199511345475912e-04
6.651886918255768251e+04,3.001199511345475912e-04
6.652887051606881141e+04,3.001198929268866777e-04
6.653887184957995487e+04,3.001199220307171345e-04
6.654887318309108377e+04,3.001198638230562210e-04
6.655887451660221268e+04,3.001198347192257643e-04
6.656887585011335614e+04,3.001198638230562210e-04
6.657887718362448504e+04,3.001198347192257643e-04
6.658887851713562850e+04,3.001197474077343941e-04
6.659887985064675740e+04,3.001197183039039373e-04
6.660888118415788631e+04,3.001197183039039373e-04
6.661888251766902977e+04,3.001196892000734806e-04
6.662888385118015867e+04,3.001196309924125671e-04
6.663888518469130213e+04,3.001195727847516537e-04
6.664888651820243103e+04,3.001195727847516537e-04
6.665888785171355994e+04,3.001195436809211969e-04
6.666888918522470340e+04,3.001195436809211969e-04
6.667889051873583230e+04,3.001194854732602835e-04
6.668889185224697576e+04,3.001194854732602835e-04
6.669889318575810466e+04,3.001194272655993700e-04
6.670889451926924812e+04,3.001194272655993700e-04
6.671889585278037703e+04,3.001194272655993700e-04
6.672889718629150593e+04,3.001193981617689133e-04
6.673889851980264939e+04,3.001193108502775431e-04
6.674889985331377829e+04,3.001193108502775431e-04
6.675890118682492175e+04,3.001193108502775431e-04
6.676890252033605066e+04,3.001192526426166296e-04
6.677890385384717956e+04,3.001191944349557161e-04
6.678890518735832302e+04,3.001191653311252594e-04
6.679890652086945192e+04,3.001191653311252594e-04
6.680890785438059538e+04,3.001191653311252594e-04
6.681890918789172429e+04,3.001191653311252594e-04
6.682891052140285319e+04,3.001190780196338892e-04
6.683891185491399665e+04,3.001190489158034325e-04
6.684891318842512555e+04,3.001190489158034325e-04
6.685891452193626901e+04,3.001189616043120623e-04
6.686891585544739792e+04,3.001189033966511488e-04
6.687891718895852682e+04,3.001189325004816055e-04
6.688891852246967028e+04,3.001189033966511488e-04
6.689891985598079918e+04,3.001189033966511488e-04
6.690892118949194264e+04,3.001188451889902353e-04
6.691892252300307155e+04,3.001188451889902353e-04
6.692892385651420045e+04,3.001187869813293219e-04
6.693892519002534391e+04,3.001187869813293219e-04
6.694892652353647281e+04,3.001187287736684084e-04
6.695892785704761627e+04,3.001186705660074949e-04
6.696892919055874518e+04,3.001187287736684084e-04
6.697893052406987408e+04,3.001187287736684084e-04
6.698893185758101754e+04,3.001186414621770382e-04
6.699893319109214644e+04,3.001186414621770382e-04
6.700893452460328990e+04,3.001185541506856680e-04
6.701893585811441881e+04,3.001185250468552113e-04
6.702893719162556226e+04,3.001185250468552113e-04
6.703893852513669117e+04,3.001184668391942978e-04
6.704893985864782007e+04,3.001184377353638411e-04
6.705894119215896353e+04,3.001184668391942978e-04
6.706894252567009244e+04,3.001183795277029276e-04
6.707894385918123589e+04,3.001183795277029276e-04
6.708894519269236480e+04,3.001183795277029276e-04
6.709894652620349370e+04,3.001183504238724709e-04
6.710894785971463716e+04,3.001182922162115574e-04
6.711894919322576607e+04,3.001182922162115574e-04
6.712895052673690952e+04,3.001182631123811007e-04
6.713895186024803843e+04,3.001182340085506439e-04
6.714895319375916733e+04,3.001182049047201872e-04
6.715895452727031079e+04,3.001182049047201872e-04
6.716895586078143970e+04,3.001181466970592737e-04
6.717895719429258315e+04,3.001180884893983603e-04
6.718895852780371206e+04,3.001180593855679035e-04
6.719895986131484096e+04,3.001180884893983603e-04
6.720896119482598442e+04,3.001180302817374468e-04
6.721896252833711333e+04,3.001180011779069901e-04
6.722896386184825678e+04,3.001179720740765333e-04
6.723896519535938569e+04,3.001179720740765333e-04
6.724896652887051459e+04,3.001179138664156199e-04
6.725896786238165805e+04,3.001178556587547064e-04
6.726896919589278696e+04,3.001178556587547064e-04
6.727897052940393041e+04,3.001178265549242496e-04
6.728897186291505932e+04,3.001178265549242496e-04
6.729897319642618822e+04,3.001177974510937929e-04
6.730897452993733168e+04,3.001177392434328794e-04
6.731897586344846059e+04,3.001177101396024227e-04
6.732897719695960404e+04,3.001177683472633362e-04
6.733897853047073295e+04,3.001176810357719660e-04
6.734897986398187641e+04,3.001176519319415092e-04
6.735898119749300531e+04,3.001175937242805958e-04
6.736898253100413422e+04,3.001175355166196823e-04
6.737898386451527767e+04,3.001175937242805958e-04
6.738898519802640658e+04,3.001175064127892256e-04
6.739898653153755004e+04,3.001174773089587688e-04
6.740898786504867894e+04,3.001174773089587688e-04
6.741898919855980785e+04,3.001174482051283121e-04
6.742899053207095130e+04,3.001173899974673986e-04
6.743899186558208021e+04,3.001174191012978554e-04
6.744899319909322367e+04,3.001173317898064852e-04
6.745899453260435257e+04,3.001173317898064852e-04
6.746899586611548148e+04,3.001173026859760284e-04
6.747899719962662493e+04,3.001173026859760284e-04
6.748899853313775384e+04,3.001172735821455717e-04
6.749899986664889730e+04,3.001172444783151150e-04
6.750900120016002620e+04,3.001171862706542015e-04
6.751900253367115511e+04,3.001171862706542015e-04
6.752900386718229856e+04,3.001171571668237448e-04
6.753900520069342747e+04,3.001170698553323746e-04
6.754900653420457093e+04,3.001170698553323746e-04
6.755900786771569983e+04,3.001170989591628313e-04
6.756900920122682874e+04,3.001170698553323746e-04
6.757901053473797219e+04,3.001170116476714611e-04
6.758901186824910110e+04,3.001169825438410044e-04
6.759901320176024456e+04,3.001169534400105476e-04
6.760901453527137346e+04,3.001169534400105476e-04
6.761901586878250237e+04,3.001168661285191774e-04
6.762901720229364582e+04,3.001168661285191774e-04
6.763901853580477473e+04,3.001168079208582640e-04
6.764901986931591819e+04,3.001168661285191774e-04
6.765902120282704709e+04,3.001168370246887207e-04
6.766902253633819055e+04,3.001167497131973505e-04
6.767902386984931945e+04,3.001167206093668938e-04
6.768902520336044836e+04,3.001167497131973505e-04
6.769902653687159182e+04,3.001166915055364370e-04
6.770902787038272072e+04,3.001166624017059803e-04
6.771902920389386418e+04,3.001166041940450668e-04
6.772903053740499308e+04,3.001166041940450668e-04
6.773903187091612199e+04,3.001166041940450668e-04
6.774903320442726545e+04,3.001165459863841534e-04
6.775903453793839435e+04,3.001165168825536966e-04
6.776903587144953781e+04,3.001165168825536966e-04
6.777903720496066671e+04,3.001164295710623264e-04
6.778903853847179562e+04,3.001164586748927832e-04
6.779903987198293908e+04,3.001164295710623264e-04
6.780904120549406798e+04,3.001164004672318697e-04
6.781904253900521144e+04,3.001163422595709562e-04
6.782904387251634034e+04,3.001163422595709562e-04
6.783904520602746925e+04,3.001162840519100428e-04
6.784904653953861271e+04,3.001162840519100428e-04
6.785904787304974161e+04,3.001162840519100428e-04
6.786904920656088507e+04,3.001161967404186726e-04
6.787905054007201397e+04,3.001162258442491293e-04
6.788905187358314288e+04,3.001161967404186726e-04
6.789905320709428634e+04,3.001161676365882158e-04
6.790905454060541524e+04,3.001161094289273024e-04
6.791905587411655870e+04,3.001161094289273024e-04
6.792905720762768760e+04,3.001160512212663889e-04
6.793905854113881651e+04,3.001160803250968456e-04
6.794905987464995997e+04,3.001160221174359322e-04
6.795906120816108887e+04,3.001160221174359322e-04
6.796906254167223233e+04,3.001159930136054754e-04
6.797906387518336123e+04,3.001159639097750187e-04
6.798906520869450469e+04,3.001159057021141052e-04
6.799906654220563360e+04,3.001159057021141052e-04
6.800906787571676250e+04,3.001158765982836485e-04
6.801906920922790596e+04,3.001158183906227350e-04
6.802907054273903486e+04,3.001157892867922783e-04
6.803907187625017832e+04,3.001157601829618216e-04
6.804907320976130723e+04,3.001157601829618216e-04
6.805907454327243613e+04,3.001157310791313648e-04
6.806907587678357959e+04,3.001156728714704514e-04
6.807907721029470849e+04,3.001156728714704514e-04
6.808907854380585195e+04,3.001156728714704514e-04
6.809907987731698086e+04,3.001156146638095379e-04
6.810908121082810976e+04,3.001155855599790812e-04
6.811908254433925322e+04,3.001155855599790812e-04
6.812908387785038212e+04,3.001155273523181677e-04
6.813908521136152558e+04,3.001155273523181677e-04
6.814908654487265449e+04,3.001154691446572542e-04
6.815908787838378339e+04,3.001154691446572542e-04
6.816908921189492685e+04,3.001154109369963408e-04
6.817909054540605575e+04,3.001154109369963408e-04
6.818909187891719921e+04,3.001153818331658840e-04
6.819909321242832812e+04,3.001153527293354273e-04
6.820909454593945702e+04,3.001152945216745138e-04
6.821909587945060048e+04,3.001152945216745138e-04
6.822909721296172938e+04,3.001152945216745138e-04
6.823909854647287284e+04,3.001152654178440571e-04
6.824909987998400175e+04,3.001152363140136003e-04
6.825910121349513065e+04,3.001152072101831436e-04
6.826910254700627411e+04,3.001151198986917734e-04
6.827910388051740301e+04,3.001151781063526869e-04
6.828910521402854647e+04,3.001151198986917734e-04
6.829910654753967538e+04,3.001150907948613167e-04
6.830910788105081883e+04,3.001150616910308599e-04
6.831910921456194774e+04,3.001150034833699465e-04
6.832911054807307664e+04,3.001150907948613167e-04
6.833911188158422010e+04,3.001149452757090330e-04
6.834911321509534901e+04,3.001149452757090330e-04
6.835911454860649246e+04,3.001149452757090330e-04
6.836911588211762137e+04,3.001148870680481195e-04
6.837911721562875027e+04,3.001148870680481195e-04
6.838911854913989373e+04,3.001148579642176628e-04
6.839911988265102264e+04,3.001148288603872061e-04
6.840912121616216609e+04,3.001147706527262926e-04
6.841912254967329500e+04,3.001147706527262926e-04
6.842912388318442390e+04,3.001147415488958359e-04
6.843912521669556736e+04,3.001146833412349224e-04
6.844912655020669627e+04,3.001146833412349224e-04
6.845912788371783972e+04,3.001146542374044657e-04
6.846912921722896863e+04,3.001146833412349224e-04
6.847913055074009753e+04,3.001146251335740089e-04
6.848913188425124099e+04,3.001145669259130955e-04
6.849913321776236990e+04,3.001145669259130955e-04
6.850913455127351335e+04,3.001145378220826387e-04
6.851913588478464226e+04,3.001145669259130955e-04
6.852913721829577116e+04,3.001144796144217253e-04
6.853913855180691462e+04,3.001144214067608118e-04
6.854913988531804353e+04,3.001144214067608118e-04
6.855914121882918698e+04,3.001144214067608118e-04
6.856914255234031589e+04,3.001143923029303551e-04
6.857914388585144479e+04,3.001143340952694416e-04
6.858914521936258825e+04,3.001143340952694416e-04
6.859914655287371716e+04,3.001143340952694416e-04
6.860914788638486061e+04,3.001142758876085281e-04
6.861914921989598952e+04,3.001142176799476147e-04
6.862915055340713297e+04,3.001142176799476147e-04
6.863915188691826188e+04,3.001141885761171579e-04
6.864915322042939079e+04,3.001141594722867012e-04
6.865915455394053424e+04,3.001141594722867012e-04
6.866915588745166315e+04,3.001141303684562445e-04
6.867915722096280660e+04,3.001141012646257877e-04
6.868915855447393551e+04,3.001140430569648743e-04
6.869915988798506442e+04,3.001140139531344175e-04
6.870916122149620787e+04,3.001140139531344175e-04
6.871916255500733678e+04,3.001140139531344175e-04
6.872916388851848023e+04,3.001140139531344175e-04
6.873916522202960914e+04,3.001138975378125906e-04
6.874916655554073805e+04,3.001139266416430473e-04
6.875916788905188150e+04,3.001139266416430473e-04
6.876916922256301041e+04,3.001138975378125906e-04
6.877917055607415386e+04,3.001138684339821339e-04
6.878917188958528277e+04,3.001138684339821339e-04
6.879917322309641168e+04,3.001137811224907637e-04
6.880917455660755513e+04,3.001137520186603069e-04
6.881917589011868404e+04,3.001137520186603069e-04
6.882917722362982749e+04,3.001136938109993935e-04
6.883917855714095640e+04,3.001137229148298502e-04
6.884917989065208531e+04,3.001136647071689367e-04
6.885918122416322876e+04,3.001136064995080233e-04
6.886918255767435767e+04,3.001136356033384800e-04
6.887918389118550112e+04,3.001136356033384800e-04
6.888918522469663003e+04,3.001135191880166531e-04
6.889918655820775894e+04,3.001135773956775665e-04
6.890918789171890239e+04,3.001134900841861963e-04
6.891918922523003130e+04,3.001135191880166531e-04
6.892919055874117475e+04,3.001134900841861963e-04
6.893919189225230366e+04,3.001134027726948261e-04
6.894919322576344712e+04,3.001133736688643694e-04
6.895919455927457602e+04,3.001133736688643694e-04
6.896919589278570493e+04,3.001133736688643694e-04
6.897919722629684838e+04,3.001132863573729992e-04
6.898919855980797729e+04,3.001132863573729992e-04
6.899919989331912075e+04,3.001132572535425425e-04
6.900920122683024965e+04,3.001132572535425425e-04
6.901920256034137856e+04,3.001131990458816290e-04
6.902920389385252201e+04,3.001131990458816290e-04
6.903920522736365092e+04,3.001131699420511723e-04
6.904920656087479438e+04,3.001131699420511723e-04
6.905920789438592328e+04,3.001131408382207155e-04
6.906920922789705219e+04,3.001131117343902588e-04
6.907921056140819564e+04,3.001130826305598021e-04
6.908921189491932455e+04,3.001130535267293453e-04
6.909921322843046801e+04,3.001130535267293453e-04
6.910921456194159691e+04,3.001129953190684319e-04
6.911921589545272582e+04,3.001129662152379751e-04
6.912921722896386927e+04,3.001129662152379751e-04
6.913921856247499818e+04,3.001129080075770617e-04
6.914921989598614164e+04,3.001128789037466049e-04
6.915922122949727054e+04,3.001128497999161482e-04
6.916922256300839945e+04,3.001128497999161482e-04
6.917922389651954290e+04,3.001128206960856915e-04
6.918922523003067181e+04,3.001127915922552347e-04
6.919922656354181527e+04,3.001127624884247780e-04
6.920922789705294417e+04,3.001127624884247780e-04
6.921922923056408763e+04,3.001127042807638645e-04
6.922923056407521653e+04,3.001127042807638645e-04
6.923923189758634544e+04,3.001126751769334078e-04
6.924923323109748890e+04,3.001126169692724943e-04
6.925923456460861780e+04,3.001126169692724943e-04
6.926923589811976126e+04,3.001125878654420376e-04
6.927923723163089016e+04,3.001125878654420376e-04
6.928923856514201907e+04,3.001125878654420376e-04
6.929923989865316253e+04,3.001125005539506674e-04
6.930924123216429143e+04,3.001125005539506674e-04
6.931924256567543489e+04,3.001124714501202106e-04
6.932924389918656379e+04,3.001124423462897539e-04
6.933924523269769270e+04,3.001124423462897539e-04
6.934924656620883616e+04,3.001123841386288404e-04
6.935924789971996506e+04,3.001123841386288404e-04
6.936924923323110852e+04,3.001123259309679270e-04
6.937925056674223742e+04,3.001122968271374702e-04
6.938925190025336633e+04,3.001122968271374702e-04
6.939925323376450979e+04,3.001122677233070135e-04
6.940925456727563869e+04,3.001122386194765568e-04
6.941925590078678215e+04,3.001122386194765568e-04
6.942925723429791105e+04,3.001121804118156433e-04
6.943925856780903996e+04,3.001121513079851866e-04
6.944925990132018342e+04,3.001121513079851866e-04
6.945926123483131232e+04,3.001121513079851866e-04
6.946926256834245578e+04,3.001120931003242731e-04
6.947926390185358468e+04,3.001120639964938164e-04
6.948926523536471359e+04,3.001120057888329029e-04
6.949926656887585705e+04,3.001120057888329029e-04
6.950926790238698595e+04,3.001120057888329029e-04
6.951926923589812941e+04,3.001120057888329029e-04
6.952927056940925831e+04,3.001119184773415327e-04
6.953927190292040177e+04,3.001119184773415327e-04
6.954927323643153068e+04,3.001118893735110760e-04
6.955927456994265958e+04,3.001119184773415327e-04
6.956927590345380304e+04,3.001118602696806192e-04
6.957927723696493194e+04,3.001118020620197058e-04
6.958927857047607540e+04,3.001118020620197058e-04
6.959927990398720431e+04,3.001118020620197058e-04
6.960928123749833321e+04,3.001117147505283356e-04
6.961928257100947667e+04,3.001116856466978788e-04
6.962928390452060557e+04,3.001117147505283356e-04
6.963928523803174903e+04,3.001116856466978788e-04
6.964928657154287794e+04,3.001116274390369654e-04
6.965928790505400684e+04,3.001115692313760519e-04
6.966928923856515030e+04,3.001115983352065086e-04
6.967929057207627920e+04,3.001115692313760519e-04
6.968929190558742266e+04,3.001115692313760519e-04
6.969929323909855157e+04,3.001114819198846817e-04
6.970929457260968047e+04,3.001114819198846817e-04
6.971929590612082393e+04,3.001114819198846817e-04
6.972929723963195283e+04,3.001114237122237682e-04
6.973929857314309629e+04,3.001113946083933115e-04
6.974929990665422520e+04,3.001113946083933115e-04
6.975930124016535410e+04,3.001113364007323980e-04
6.976930257367649756e+04,3.001113364007323980e-04
6.977930390718762646e+04,3.001113072969019413e-04
6.978930524069876992e+04,3.001112781930714846e-04
6.979930657420989883e+04,3.001112490892410278e-04
6.980930790772102773e+04,3.001112490892410278e-04
6.981930924123217119e+04,3.001112490892410278e-04
6.982931057474330009e+04,3.001112199854105711e-04
6.983931190825444355e+04,3.001111908815801144e-04
6.984931324176557246e+04,3.001111326739192009e-04
6.985931457527671591e+04,3.001111326739192009e-04
6.986931590878784482e+04,3.001111035700887442e-04
6.987931724229897372e+04,3.001111035700887442e-04
6.988931857581011718e+04,3.001110453624278307e-04
6.989931990932124609e+04,3.001110162585973740e-04
6.990932124283238954e+04,3.001109871547669172e-04
6.991932257634351845e+04,3.001109580509364605e-04
6.992932390985464735e+04,3.001109871547669172e-04
6.993932524336579081e+04,3.001108998432755470e-04
6.994932657687691972e+04,3.001108998432755470e-04
6.995932791038806317e+04,3.001108998432755470e-04
6.996932924389919208e+04,3.001108707394450903e-04
6.997933057741032098e+04,3.001108416356146336e-04
6.998933191092146444e+04,3.001108125317841768e-04
6.999933324443259335e+04,3.001107252202928066e-04
7.000933457794373680e+04,3.001107543241232634e-04
7.001933591145486571e+04,3.001107543241232634e-04
7.002933724496599461e+04,3.001107252202928066e-04
7.003933857847713807e+04,3.001106670126318932e-04
7.004933991198826698e+04,3.001106961164623499e-04
7.005934124549941043e+04,3.001106670126318932e-04
7.006934257901053934e+04,3.001106088049709797e-04
7.007934391252166824e+04,3.001105797011405230e-04
7.008934524603281170e+04,3.001105797011405230e-04
7.009934657954394061e+04,3.001105214934796095e-04
7.010934791305508406e+04,3.001105797011405230e-04
7.011934924656621297e+04,3.001104632858186960e-04
7.012935058007734187e+04,3.001104632858186960e-04
7.013935191358848533e+04,3.001104632858186960e-04
7.014935324709961424e+04,3.001104050781577826e-04
7.015935458061075769e+04,3.001103759743273258e-04
7.016935591412188660e+04,3.001103468704968691e-04
7.017935724763303006e+04,3.001103468704968691e-04
7.018935858114415896e+04,3.001103468704968691e-04
7.019935991465528787e+04,3.001102886628359556e-04
7.020936124816643132e+04,3.001103468704968691e-04
7.021936258167756023e+04,3.001102886628359556e-04
7.022936391518870369e+04,3.001102304551750422e-04
7.023936524869983259e+04,3.001102013513445854e-04
7.024936658221096150e+04,3.001102013513445854e-04
7.025936791572210495e+04,3.001101722475141287e-04
7.026936924923323386e+04,3.001101431436836720e-04
7.027937058274437732e+04,3.001101140398532152e-04
7.028937191625550622e+04,3.001100849360227585e-04
7.029937324976663513e+04,3.001100558321923018e-04
7.030937458327777858e+04,3.001100558321923018e-04
7.031937591678890749e+04,3.001099976245313883e-04
7.032937725030005095e+04,3.001099976245313883e-04
7.033937858381117985e+04,3.001099394168704748e-04
7.034937991732230876e+04,3.001099103130400181e-04
7.035938125083345221e+04,3.001099103130400181e-04
7.036938258434458112e+04,3.001099103130400181e-04
7.037938391785572458e+04,3.001098521053791046e-04
7.038938525136685348e+04,3.001098521053791046e-04
7.039938658487798239e+04,3.001098521053791046e-04
7.040938791838912584e+04,3.001097938977181911e-04
7.041938925190025475e+04,3.001097647938877344e-04
7.042939058541139821e+04,3.001097647938877344e-04
7.043939191892252711e+04,3.001097065862268209e-04
7.044939325243365602e+04,3.001097065862268209e-04
7.045939458594479947e+04,3.001096774823963642e-04
7.046939591945592838e+04,3.001096483785659075e-04
7.047939725296707184e+04,3.001096192747354507e-04
7.048939858647820074e+04,3.001096774823963642e-04
7.049939991998934420e+04,3.001096192747354507e-04
7.050940125350047310e+04,3.001095610670745373e-04
7.051940258701160201e+04,3.001095319632440805e-04
7.052940392052274547e+04,3.001095028594136238e-04
7.053940525403387437e+04,3.001095028594136238e-04
7.054940658754501783e+04,3.001094446517527103e-04
7.055940792105614673e+04,3.001094155479222536e-04
7.056940925456727564e+04,3.001094155479222536e-04
7.057941058807841910e+04,3.001093573402613401e-04
7.058941192158954800e+04,3.001093282364308834e-04
7.059941325510069146e+04,3.001093282364308834e-04
7.060941458861182036e+04,3.001092991326004267e-04
7.061941592212294927e+04,3.001092991326004267e-04
7.062941725563409273e+04,3.001092700287699699e-04
7.063941858914522163e+04,3.001092700287699699e-04
7.064941992265636509e+04,3.001092118211090565e-04
7.065942125616749399e+04,3.001091827172785997e-04
7.066942258967862290e+04,3.001091536134481430e-04
7.067942392318976636e+04,3.001091536134481430e-04
7.068942525670089526e+04,3.001091245096176863e-04
7.069942659021203872e+04,3.001090371981263161e-04
7.070942792372316762e+04,3.001090954057872295e-04
7.071942925723429653e+04,3.001090371981263161e-04
7.072943059074543999e+04,3.001090371981263161e-04
7.073943192425656889e+04,3.001090080942958593e-04
7.074943325776771235e+04,3.001089789904654026e-04
7.075943459127884125e+04,3.001089789904654026e-04
7.076943592478997016e+04,3.001089498866349459e-04
7.077943725830111362e+04,3.001088916789740324e-04
7.078943859181224252e+04,3.001088916789740324e-04
7.079943992532338598e+04,3.001088625751435757e-04
7.080944125883451488e+04,3.001088916789740324e-04
7.081944259234565834e+04,3.001088043674826622e-04
7.082944392585678725e+04,3.001088625751435757e-04
7.083944525936791615e+04,3.001087461598217487e-04
7.084944659287905961e+04,3.001086588483303785e-04
7.085944792639018851e+04,3.001087170559912920e-04
7.086944925990133197e+04,3.001087170559912920e-04
7.087945059341246088e+04,3.001086588483303785e-04
7.088945192692358978e+04,3.001086588483303785e-04
7.089945326043473324e+04,3.001086588483303785e-04
7.090945459394586214e+04,3.001086297444999218e-04
7.091945592745700560e+04,3.001085715368390083e-04
7.092945726096813451e+04,3.001085715368390083e-04
7.093945859447926341e+04,3.001085424330085516e-04
7.094945992799040687e+04,3.001084842253476381e-04
7.095946126150153577e+04,3.001085133291780949e-04
7.096946259501267923e+04,3.001084551215171814e-04
7.097946392852380814e+04,3.001084842253476381e-04
7.098946526203493704e+04,3.001084842253476381e-04
7.099946659554608050e+04,3.001083678100258112e-04
7.100946792905720940e+04,3.001083678100258112e-04
7.101946926256835286e+04,3.001083678100258112e-04
7.102947059607948177e+04,3.001083387061953545e-04
7.103947192959061067e+04,3.001083096023648977e-04
7.104947326310175413e+04,3.001082804985344410e-04
7.105947459661288303e+04,3.001082804985344410e-04
7.106947593012402649e+04,3.001082513947039843e-04
7.107947726363515540e+04,3.001082222908735275e-04
7.108947859714628430e+04,3.001081931870430708e-04
7.109947993065742776e+04,3.001081640832126141e-04
7.110948126416855666e+04,3.001081640832126141e-04
7.111948259767970012e+04,3.001081058755517006e-04
7.112948393119082903e+04,3.001080767717212439e-04
7.113948526470197248e+04,3.001080767717212439e-04
7.114948659821310139e+04,3.001080476678907871e-04
7.115948793172423029e+04,3.001080185640603304e-04
7.116948926523537375e+04,3.001079603563994169e-04
7.117949059874650266e+04,3.001079603563994169e-04
7.118949193225764611e+04,3.001079603563994169e-04
7.119949326576877502e+04,3.001079021487385035e-04
7.120949459927990392e+04,3.001079021487385035e-04
7.121949593279104738e+04,3.001078730449080467e-04
7.122949726630217629e+04,3.001079021487385035e-04
7.123949859981331974e+04,3.001078439410775900e-04
7.124949993332444865e+04,3.001078439410775900e-04
7.125950126683557755e+04,3.001078148372471333e-04
7.126950260034672101e+04,3.001077566295862198e-04
7.127950393385784992e+04,3.001077566295862198e-04
7.128950526736899337e+04,3.001077566295862198e-04
7.129950660088012228e+04,3.001076984219253063e-04
7.130950793439125118e+04,3.001076693180948496e-04
7.131950926790239464e+04,3.001076984219253063e-04
7.132951060141352355e+04,3.001076402142643929e-04
7.133951193492466700e+04,3.001076111104339361e-04
7.134951326843579591e+04,3.001075529027730227e-04
7.135951460194692481e+04,3.001075237989425659e-04
7.136951593545806827e+04,3.001075237989425659e-04
7.137951726896919718e+04,3.001074946951121092e-04
7.138951860248034063e+04,3.001074655912816525e-04
7.139951993599146954e+04,3.001074364874511957e-04
7.140952126950259844e+04,3.001074364874511957e-04
7.141952260301374190e+04,3.001074073836207390e-04
7.142952393652487081e+04,3.001073782797902822e-04
7.143952527003601426e+04,3.001073782797902822e-04
7.144952660354714317e+04,3.001073200721293688e-04
7.145952793705828662e+04,3.001073491759598255e-04
7.146952927056941553e+04,3.001072909682989120e-04
7.147953060408054444e+04,3.001072909682989120e-04
7.148953193759168789e+04,3.001072327606379986e-04
7.149953327110281680e+04,3.001072036568075418e-04
7.150953460461396025e+04,3.001071745529770851e-04
7.151953593812508916e+04,3.001072327606379986e-04
7.152953727163621807e+04,3.001071745529770851e-04
7.153953860514736152e+04,3.001071454491466284e-04
7.154953993865849043e+04,3.001071454491466284e-04
7.155954127216963388e+04,3.001071454491466284e-04
7.156954260568076279e+04,3.001070290338248014e-04
7.157954393919189170e+04,3.001070581376552582e-04
7.158954527270303515e+04,3.001070290338248014e-04
7.159954660621416406e+04,3.001069999299943447e-04
7.160954793972530751e+04,3.001069417223334312e-04
7.161954927323643642e+04,3.001069999299943447e-04
7.162955060674756533e+04,3.001069708261638880e-04
7.163955194025870878e+04,3.001069417223334312e-04
7.164955327376983769e+04,3.001069126185029745e-04
7.165955460728098114e+04,3.001069126185029745e-04
7.166955594079211005e+04,3.001068544108420610e-04
7.167955727430323896e+04,3.001067962031811476e-04
7.168955860781438241e+04,3.001068253070116043e-04
7.169955994132551132e+04,3.001068544108420610e-04
7.170956127483665477e+04,3.001067670993506908e-04
7.171956260834778368e+04,3.001067088916897774e-04
7.172956394185892714e+04,3.001066797878593206e-04
7.173956527537005604e+04,3.001067088916897774e-04
7.174956660888118495e+04,3.001066797878593206e-04
7.175956794239232840e+04,3.001066506840288639e-04
7.176956927590345731e+04,3.001066215801984072e-04
7.177957060941460077e+04,3.001066506840288639e-04
7.178957194292572967e+04,3.001066215801984072e-04
7.179957327643685858e+04,3.001065633725374937e-04
7.180957460994800203e+04,3.001065342687070370e-04
7.181957594345913094e+04,3.001065342687070370e-04
7.182957727697027440e+04,3.001065051648765802e-04
7.183957861048140330e+04,3.001064469572156668e-04
7.184957994399253221e+04,3.001064760610461235e-04
7.185958127750367566e+04,3.001064178533852100e-04
7.186958261101480457e+04,3.001063887495547533e-04
7.187958394452594803e+04,3.001063887495547533e-04
7.188958527803707693e+04,3.001063305418938398e-04
7.189958661154820584e+04,3.001063305418938398e-04
7.190958794505934929e+04,3.001063014380633831e-04
7.191958927857047820e+04,3.001062723342329264e-04
7.192959061208162166e+04,3.001062432304024696e-04
7.193959194559275056e+04,3.001062432304024696e-04
7.194959327910387947e+04,3.001061850227415562e-04
7.195959461261502292e+04,3.001062141265720129e-04
7.196959594612615183e+04,3.001061850227415562e-04
7.197959727963729529e+04,3.001061850227415562e-04
7.198959861314842419e+04,3.001061268150806427e-04
7.199959994665955310e+04,3.001061268150806427e-04
7.200960128017069655e+04,3.001060977112501860e-04
7.201960261368182546e+04,3.001060686074197292e-04
7.202960394719296892e+04,3.001060395035892725e-04
7.203960528070409782e+04,3.001060395035892725e-04
7.204960661421524128e+04,3.001059812959283590e-04
7.205960794772637018e+04,3.001059812959283590e-04
7.206960928123749909e+04,3.001059812959283590e-04
7.207961061474864255e+04,3.001059521920979023e-04
7.208961194825977145e+04,3.001059521920979023e-04
7.209961328177091491e+04,3.001058648806065321e-04
7.210961461528204381e+04,3.001058357767760754e-04
7.211961594879317272e+04,3.001058357767760754e-04
7.212961728230431618e+04,3.001058357767760754e-04
7.213961861581544508e+04,3.001058357767760754e-04
7.214961994932658854e+04,3.001057775691151619e-04
7.215962128283771744e+04,3.001057484652847052e-04
7.216962261634884635e+04,3.001056902576237917e-04
7.217962394985998981e+04,3.001057193614542484e-04
7.218962528337111871e+04,3.001056902576237917e-04
7.219962661688226217e+04,3.001056611537933350e-04
7.220962795039339107e+04,3.001056029461324215e-04
7.221962928390451998e+04,3.001056029461324215e-04
7.222963061741566344e+04,3.001056029461324215e-04
7.223963195092679234e+04,3.001055738423019648e-04
7.224963328443793580e+04,3.001055738423019648e-04
7.225963461794906470e+04,3.001055447384715080e-04
7.226963595146019361e+04,3.001054574269801378e-04
7.227963728497133707e+04,3.001055156346410513e-04
7.228963861848246597e+04,3.001054574269801378e-04
7.229963995199360943e+04,3.001054283231496811e-04
7.230964128550473833e+04,3.001054283231496811e-04
7.231964261901586724e+04,3.001054574269801378e-04
7.232964395252701070e+04,3.001054283231496811e-04
7.233964528603813960e+04,3.001053119078278542e-04
7.234964661954928306e+04,3.001052828039973974e-04
7.235964795306041196e+04,3.001053119078278542e-04
7.236964928657155542e+04,3.001052537001669407e-04
7.237965062008268433e+04,3.001052828039973974e-04
7.238965195359381323e+04,3.001051954925060272e-04
7.239965328710495669e+04,3.001051954925060272e-04
7.240965462061608559e+04,3.001051954925060272e-04
7.241965595412722905e+04,3.001051372848451138e-04
7.242965728763835796e+04,3.001051663886755705e-04
7.243965862114948686e+04,3.001051663886755705e-04
7.244965995466063032e+04,3.001051372848451138e-04
7.245966128817175922e+04,3.001050499733537436e-04
7.246966262168290268e+04,3.001050790771842003e-04
7.247966395519403159e+04,3.001050499733537436e-04
7.248966528870516049e+04,3.001050790771842003e-04
7.249966662221630395e+04,3.001050499733537436e-04
7.250966795572743285e+04,3.001049917656928301e-04
7.251966928923857631e+04,3.001049917656928301e-04
7.252967062274970522e+04,3.001049044542014599e-04
7.253967195626083412e+04,3.001049335580319166e-04
7.254967328977197758e+04,3.001049044542014599e-04
7.255967462328310648e+04,3.001048462465405464e-04
7.256967595679424994e+04,3.001048462465405464e-04
7.257967729030537885e+04,3.001048171427100897e-04
7.258967862381650775e+04,3.001048171427100897e-04
7.259967995732765121e+04,3.001047880388796329e-04
7.260968129083878011e+04,3.001047589350491762e-04
7.261968262434992357e+04,3.001047589350491762e-04
7.262968395786105248e+04,3.001047007273882627e-04
7.263968529137218138e+04,3.001047298312187195e-04
7.264968662488332484e+04,3.001046716235578060e-04
7.265968795839445374e+04,3.001046716235578060e-04
7.266968929190559720e+04,3.001046134158968925e-04
7.267969062541672611e+04,3.001046134158968925e-04
7.268969195892786956e+04,3.001046716235578060e-04
7.269969329243899847e+04,3.001045261044055223e-04
7.270969462595012737e+04,3.001045261044055223e-04
7.271969595946127083e+04,3.001045261044055223e-04
7.272969729297239974e+04,3.001045261044055223e-04
7.273969862648354319e+04,3.001045261044055223e-04
7.274969995999467210e+04,3.001044678967446089e-04
7.275970129350580100e+04,3.001044678967446089e-04
7.276970262701694446e+04,3.001044096890836954e-04
7.277970396052807337e+04,3.001044096890836954e-04
7.278970529403921682e+04,3.001043805852532387e-04
7.279970662755034573e+04,3.001044096890836954e-04
7.280970796106147463e+04,3.001043223775923252e-04
7.281970929457261809e+04,3.001043223775923252e-04
7.282971062808374700e+04,3.001043223775923252e-04
7.283971196159489045e+04,3.001042641699314117e-04
7.284971329510601936e+04,3.001042350661009550e-04
7.285971462861714826e+04,3.001042059622704983e-04
7.286971596212829172e+04,3.001041768584400415e-04
7.287971729563942063e+04,3.001042059622704983e-04
7.288971862915056408e+04,3.001041477546095848e-04
7.289971996266169299e+04,3.001041477546095848e-04
7.290972129617282189e+04,3.001041477546095848e-04
7.291972262968396535e+04,3.001041186507791281e-04
7.292972396319509426e+04,3.001040895469486713e-04
7.293972529670623771e+04,3.001040313392877579e-04
7.294972663021736662e+04,3.001040604431182146e-04
7.295972796372849552e+04,3.001040022354573011e-04
7.296972929723963898e+04,3.001040313392877579e-04
7.297973063075076789e+04,3.001039440277963877e-04
7.298973196426191134e+04,3.001039731316268444e-04
7.299973329777304025e+04,3.001039149239659309e-04
7.300973463128418371e+04,3.001038858201354742e-04
7.301973596479531261e+04,3.001038858201354742e-04
7.302973729830644152e+04,3.001038567163050175e-04
7.303973863181758497e+04,3.001038567163050175e-04
7.304973996532871388e+04,3.001037985086441040e-04
7.305974129883985734e+04,3.001037403009831905e-04
7.306974263235098624e+04,3.001037403009831905e-04
7.307974396586211515e+04,3.001037403009831905e-04
7.308974529937325860e+04,3.001037111971527338e-04
7.309974663288438751e+04,3.001037111971527338e-04
7.310974796639553097e+04,3.001036820933222771e-04
7.311974929990665987e+04,3.001035947818309069e-04
7.312975063341778878e+04,3.001036529894918203e-04
7.313975196692893223e+04,3.001036238856613636e-04
7.314975330044006114e+04,3.001035947818309069e-04
7.315975463395120460e+04,3.001035947818309069e-04
7.316975596746233350e+04,3.001035947818309069e-04
7.317975730097346241e+04,3.001035074703395367e-04
7.318975863448460586e+04,3.001035656780004501e-04
7.319975996799573477e+04,3.001035074703395367e-04
7.320976130150687823e+04,3.001034783665090799e-04
7.321976263501800713e+04,3.001034783665090799e-04
7.322976396852913604e+04,3.001034201588481665e-04
7.323976530204027949e+04,3.001034201588481665e-04
7.324976663555140840e+04,3.001033619511872530e-04
7.325976796906255186e+04,3.001033619511872530e-04
7.326976930257368076e+04,3.001033328473567963e-04
7.327977063608480967e+04,3.001033328473567963e-04
7.328977196959595312e+04,3.001033037435263395e-04
7.329977330310708203e+04,3.001032746396958828e-04
7.330977463661822549e+04,3.001032164320349693e-04
7.331977597012935439e+04,3.001032164320349693e-04
7.332977730364049785e+04,3.001032164320349693e-04
7.333977863715162675e+04,3.001032164320349693e-04
7.334977997066275566e+04,3.001032164320349693e-04
7.335978130417389912e+04,3.001031873282045126e-04
7.336978263768502802e+04,3.001031291205435991e-04
7.337978397119617148e+04,3.001030709128826857e-04
7.338978530470730038e+04,3.001030709128826857e-04
7.339978663821842929e+04,3.001030418090522289e-04
7.340978797172957275e+04,3.001030418090522289e-04
7.341978930524070165e+04,3.001030418090522289e-04
7.342979063875184511e+04,3.001029836013913155e-04
7.343979197226297401e+04,3.001029836013913155e-04
7.344979330577410292e+04,3.001029544975608587e-04
7.345979463928524638e+04,3.001029253937304020e-04
7.346979597279637528e+04,3.001028380822390318e-04
7.347979730630751874e+04,3.001028962898999453e-04
7.348979863981864764e+04,3.001028962898999453e-04
7.349979997332977655e+04,3.001028671860694885e-04
7.350980130684092001e+04,3.001028380822390318e-04
7.351980264035204891e+04,3.001027798745781183e-04
7.352980397386319237e+04,3.001028089784085751e-04
7.353980530737432127e+04,3.001027798745781183e-04
7.354980664088545018e+04,3.001028089784085751e-04
7.355980797439659364e+04,3.001027216669172049e-04
7.356980930790772254e+04,3.001026925630867481e-04
7.357981064141886600e+04,3.001026925630867481e-04
7.358981197492999490e+04,3.001026634592562914e-04
7.359981330844112381e+04,3.001026343554258347e-04
7.360981464195226727e+04,3.001026634592562914e-04
7.361981597546339617e+04,3.001025470439344645e-04
7.362981730897453963e+04,3.001025470439344645e-04
7.363981864248566853e+04,3.001025470439344645e-04
7.364981997599681199e+04,3.001025470439344645e-04
7.365982130950794090e+04,3.001025179401040077e-04
7.366982264301906980e+04,3.001024597324430943e-04
7.367982397653021326e+04,3.001025179401040077e-04
7.368982531004134216e+04,3.001024306286126375e-04
7.369982664355248562e+04,3.001024597324430943e-04
7.370982797706361453e+04,3.001024306286126375e-04
7.371982931057474343e+04,3.001024306286126375e-04
7.372983064408588689e+04,3.001023724209517241e-04
7.373983197759701579e+04,3.001023724209517241e-04
7.374983331110815925e+04,3.001023142132908106e-04
7.375983464461928816e+04,3.001023142132908106e-04
7.376983597813041706e+04,3.001022851094603539e-04
7.377983731164156052e+04,3.001022560056298971e-04
7.378983864515268942e+04,3.001022851094603539e-04
7.379983997866383288e+04,3.001022269017994404e-04
7.380984131217496179e+04,3.001021686941385269e-04
7.381984264568609069e+04,3.001022269017994404e-04
7.382984397919723415e+04,3.001021686941385269e-04
7.383984531270836305e+04,3.001021104864776134e-04
7.384984664621950651e+04,3.001021395903080702e-04
7.385984797973063542e+04,3.001021104864776134e-04
7.386984931324176432e+04,3.001020813826471567e-04
7.387985064675290778e+04,3.001020813826471567e-04
7.388985198026403668e+04,3.001020231749862432e-04
7.389985331377518014e+04,3.001020522788167000e-04
7.390985464728630905e+04,3.001019940711557865e-04
7.391985598079743795e+04,3.001019649673253298e-04
7.392985731430858141e+04,3.001019649673253298e-04
7.393985864781971031e+04,3.001019067596644163e-04
7.394985998133085377e+04,3.001019067596644163e-04
7.395986131484198268e+04,3.001019067596644163e-04
7.396986264835312613e+04,3.001018485520035028e-04
7.397986398186425504e+04,3.001019067596644163e-04
7.398986531537538394e+04,3.001018194481730461e-04
7.399986664888652740e+04,3.001017903443425894e-04
7.400986798239765631e+04,3.001017903443425894e-04
7.401986931590879976e+04,3.001017903443425894e-04
7.402987064941992867e+04,3.001017612405121326e-04
7.403987198293105757e+04,3.001017030328512192e-04
7.404987331644220103e+04,3.001017321366816759e-04
7.405987464995332994e+04,3.001016739290207624e-04
7.406987598346447339e+04,3.001016448251903057e-04
7.407987731697560230e+04,3.001016739290207624e-04
7.408987865048673120e+04,3.001016157213598490e-04
7.409987998399787466e+04,3.001016157213598490e-04
7.410988131750900357e+04,3.001016157213598490e-04
7.411988265102014702e+04,3.001016157213598490e-04
7.412988398453127593e+04,3.001015575136989355e-04
7.413988531804240483e+04,3.001015575136989355e-04
7.414988665155354829e+04,3.001014993060380220e-04
7.415988798506467720e+04,3.001014993060380220e-04
7.416988931857582065e+04,3.001014702022075653e-04
7.417989065208694956e+04,3.001014410983771086e-04
7.418989198559807846e+04,3.001014410983771086e-04
7.419989331910922192e+04,3.001013828907161951e-04
7.420989465262035083e+04,3.001014119945466518e-04
7.421989598613149428e+04,3.001013537868857384e-04
7.422989731964262319e+04,3.001013537868857384e-04
7.423989865315375209e+04,3.001013246830552816e-04
7.424989998666489555e+04,3.001013246830552816e-04
7.425990132017602446e+04,3.001012373715639114e-04
7.426990265368716791e+04,3.001012664753943682e-04
7.427990398719829682e+04,3.001012373715639114e-04
7.428990532070944028e+04,3.001012373715639114e-04
7.429990665422056918e+04,3.001011791639029980e-04
7.430990798773169809e+04,3.001012082677334547e-04
7.431990932124284154e+04,3.001011791639029980e-04
7.432991065475397045e+04,3.001011500600725412e-04
7.433991198826511391e+04,3.001011209562420845e-04
7.434991332177624281e+04,3.001011209562420845e-04
7.435991465528737172e+04,3.001010918524116278e-04
7.436991598879851517e+04,3.001010918524116278e-04
7.437991732230964408e+04,3.001010045409202576e-04
7.438991865582078754e+04,3.001010336447507143e-04
7.439991998933191644e+04,3.001009754370898008e-04
7.440992132284304535e+04,3.001009463332593441e-04
7.441992265635418880e+04,3.001009463332593441e-04
7.442992398986531771e+04,3.001009754370898008e-04
7.443992532337646117e+04,3.001009172294288874e-04
7.444992665688759007e+04,3.001008881255984306e-04
7.445992799039871898e+04,3.001008881255984306e-04
7.446992932390986243e+04,3.001008299179375172e-04
7.447993065742099134e+04,3.001008299179375172e-04
7.448993199093213480e+04,3.001008008141070604e-04
7.449993332444326370e+04,3.001008008141070604e-04
7.450993465795439261e+04,3.001008008141070604e-04
7.451993599146553606e+04,3.001007135026156902e-04
7.452993732497666497e+04,3.001007135026156902e-04
7.453993865848780842e+04,3.001007426064461470e-04
7.454993999199893733e+04,3.001007135026156902e-04
7.455994132551008079e+04,3.001006552949547768e-04
7.456994265902120969e+04,3.001006552949547768e-04
7.457994399253233860e+04,3.001005679834634066e-04
7.458994532604348205e+04,3.001006261911243200e-04
7.459994665955461096e+04,3.001005679834634066e-04
7.460994799306575442e+04,3.001005679834634066e-04
7.461994932657688332e+04,3.001005388796329498e-04
7.462995066008801223e+04,3.001005097758024931e-04
7.463995199359915568e+04,3.001005097758024931e-04
7.464995332711028459e+04,3.001004806719720364e-04
7.465995466062142805e+04,3.001004515681415796e-04
7.466995599413255695e+04,3.001004515681415796e-04
7.467995732764368586e+04,3.001004515681415796e-04
7.468995866115482931e+04,3.001004224643111229e-04
7.469995999466595822e+04,3.001003642566502094e-04
7.470996132817710168e+04,3.001003642566502094e-04
7.471996266168823058e+04,3.001004224643111229e-04
7.472996399519935949e+04,3.001003351528197527e-04
7.473996532871050294e+04,3.001003060489892960e-04
7.474996666222163185e+04,3.001003060489892960e-04
7.475996799573277531e+04,3.001002769451588392e-04
7.476996932924390421e+04,3.001002769451588392e-04
7.477997066275503312e+04,3.001002187374979258e-04
7.478997199626617657e+04,3.001001896336674690e-04
7.479997332977730548e+04,3.001002187374979258e-04
7.480997466328844894e+04,3.001001896336674690e-04
7.481997599679957784e+04,3.001001023221760988e-04
7.482997733031070675e+04,3.001001314260065556e-04
7.483997866382185020e+04,3.001001314260065556e-04
7.484997999733297911e+04,3.001000732183456421e-04
7.485998133084412257e+04,3.001000732183456421e-04
7.486998266435525147e+04,3.001000441145151854e-04
7.487998399786639493e+04,3.001000441145151854e-04
7.488998533137752383e+04,3.001000441145151854e-04
7.489998666488865274e+04,3.001000150106847286e-04
7.490998799839979620e+04,3.000999568030238152e-04
7.491998933191092510e+04,3.000999859068542719e-04
7.492999066542206856e+04,3.000999276991933584e-04
7.493999199893319746e+04,3.000998694915324450e-04
7.494999333244432637e+04,3.000998694915324450e-04
7.495999466595546983e+04,3.000998985953629017e-04
7.496999599946659873e+04,3.000998985953629017e-04
7.497999733297774219e+04,3.000998694915324450e-04
7.498999866648887109e+04,3.000997821800410748e-04
7.500000000000000000e+04,3.000998403877019882e-04
