# kappa, training_loss
0.000000000000000000e+00,4.060513675212860107e-01
3.459589015952004853e-01,3.295260071754455566e-01
4.392482314775383867e-01,3.075286448001861572e-01
4.954363861777400513e-01,2.915303707122802734e-01
5.357720918135293608e-01,2.803595960140228271e-01
5.672595083447434794e-01,2.702376246452331543e-01
5.930907635535410671e-01,2.615296840667724609e-01
6.149917817214055615e-01,2.538677155971527100e-01
6.340021001630319342e-01,2.470117807388305664e-01
6.507965873818838398e-01,2.409109771251678467e-01
6.658382904736565022e-01,2.352624982595443726e-01
6.794587442759913998e-01,2.300473153591156006e-01
6.919034942584628700e-01,2.273737788200378418e-01
7.033594816068275968e-01,2.220206707715988159e-01
7.139723260658095150e-01,2.183403819799423218e-01
7.238576728898482582e-01,2.149683833122253418e-01
7.331088938900989227e-01,2.115568965673446655e-01
7.418024638556233175e-01,2.098666280508041382e-01
7.500018066688997065e-01,2.056726068258285522e-01
7.577601057719879352e-01,2.033323943614959717e-01
7.651223965958476869e-01,2.005219161510467529e-01
7.721271504307702926e-01,1.993810832500457764e-01
7.788074912118712056e-01,1.964614391326904297e-01
7.851921428055662622e-01,1.935479938983917236e-01
7.913061753967588485e-01,1.919317990541458130e-01
7.971716000308491923e-01,1.898348778486251831e-01
8.028078469354584801e-01,1.870932132005691528e-01
8.082321538615222511e-01,1.865320056676864624e-01
8.134598840216815674e-01,1.841368377208709717e-01
8.185047884076200875e-01,1.820757389068603516e-01
8.233792237692867388e-01,1.799500882625579834e-01
8.280943349557937649e-01,1.779831945896148682e-01
8.326602083891524453e-01,1.764962226152420044e-01
8.370860019870475233e-01,1.745220422744750977e-01
8.413800557425805682e-01,1.735353469848632812e-01
8.455499863170587993e-01,1.718294173479080200e-01
8.496027683416239595e-01,1.701485216617584229e-01
8.535448046076362649e-01,1.684644967317581177e-01
8.573819869196814825e-01,1.679280549287796021e-01
8.611197490632285234e-01,1.655966490507125854e-01
8.647631130821671341e-01,1.642999649047851562e-01
8.683167298552938451e-01,1.633305549621582031e-01
8.717849147943127486e-01,1.616112887859344482e-01
8.751716793507015035e-01,1.612525880336761475e-01
8.784807589083916124e-01,1.591283529996871948e-01
8.817156375486330244e-01,1.582048535346984863e-01
8.848795700987204249e-01,1.568581014871597290e-01
8.879756018143981633e-01,1.554297804832458496e-01
8.910065859943040456e-01,1.546283513307571411e-01
8.939751997818218276e-01,1.538715362548828125e-01
8.968839583736623045e-01,1.519556045532226562e-01
8.997352278241469437e-01,1.511010229587554932e-01
9.025312366085197491e-01,1.514928489923477173e-01
9.052740860868754291e-01,1.490320265293121338e-01
9.079657599917980715e-01,1.477524936199188232e-01
9.106081330470138235e-01,1.468119174242019653e-01
9.132029788108537716e-01,1.458052098751068115e-01
9.157519768267176064e-01,1.451410055160522461e-01
9.182567191527407635e-01,1.445889174938201904e-01
9.207187163342355207e-01,1.427343487739562988e-01
9.231394028750167235e-01,1.422256082296371460e-01
9.255201422572324477e-01,1.420366615056991577e-01
9.278622315536849685e-01,1.408190280199050903e-01
9.301669056717069006e-01,1.393478661775588989e-01
9.324353412633560323e-01,1.382225751876831055e-01
9.346686603329257270e-01,1.372284144163131714e-01
9.368679335694584109e-01,1.369905769824981689e-01
9.390341834290427681e-01,1.357823163270950317e-01
9.411683869891029897e-01,1.346647143363952637e-01
9.432714785946274549e-01,1.338266283273696899e-01
9.453443523142729399e-01,1.330935955047607422e-01
9.473878642225076474e-01,1.323087066411972046e-01
9.494028345223683996e-01,1.316245049238204956e-01
9.513900495220098952e-01,1.314681917428970337e-01
9.533502634769637218e-01,1.300880163908004761e-01
9.552842003089099254e-01,1.291684508323669434e-01
9.571925552107636292e-01,1.295467317104339600e-01
9.590759961469810246e-01,1.274910122156143188e-01
9.609351652571875846e-01,1.273476928472518921e-01
9.627706801705113726e-01,1.263055056333541870e-01
9.645831352373486212e-01,1.252628862857818604e-01
9.663731026847116601e-01,1.245252266526222229e-01
9.681411337007792550e-01,1.244785860180854797e-01
9.698877594537900215e-01,1.232328861951828003e-01
9.716134920499919225e-01,1.225476264953613281e-01
9.733188254349738333e-01,1.220243647694587708e-01
9.750042362423431141e-01,1.212023645639419556e-01
9.766701845934007142e-01,1.204023137688636780e-01
9.783171148511704551e-01,1.197103261947631836e-01
9.799454563318716893e-01,1.190499737858772278e-01
9.815556239766881630e-01,1.186152696609497070e-01
9.831480189864598707e-01,1.196254640817642212e-01
9.847230294217282909e-01,1.172651126980781555e-01
9.862810307703816504e-01,1.166543066501617432e-01
9.878223864849721148e-01,1.158651560544967651e-01
9.893474484916348066e-01,1.158016696572303772e-01
9.908565576723874502e-01,1.150711178779602051e-01
9.923500443224636536e-01,1.139116585254669189e-01
9.938282285842179320e-01,1.139055266976356506e-01
9.952914208590244449e-01,1.134949401021003723e-01
9.967399221984984958e-01,1.122898384928703308e-01
9.981740246762715874e-01,1.119785383343696594e-01
9.995940117414702231e-01,1.109478846192359924e-01
1.001000158554967268e+00,1.103284135460853577e-01
1.002392732309404844e+00,1.104232147336006165e-01
1.003771992533918134e+00,1.100570783019065857e-01
1.005138191384430835e+00,1.093986332416534424e-01
1.006491573920335059e+00,1.084404513239860535e-01
1.007832378368310744e+00,1.074858158826828003e-01
1.009160836374001224e+00,1.071026846766471863e-01
1.010477173242205984e+00,1.066573187708854675e-01
1.011781608166212099e+00,1.065236553549766541e-01
1.013074354446854342e+00,1.055162698030471802e-01
1.014355619701844180e+00,1.047307103872299194e-01
1.015625606065887254e+00,1.042136326432228088e-01
1.016884510382068063e+00,1.048257201910018921e-01
1.018132524384956605e+00,1.032823473215103149e-01
1.019369834875863745e+00,1.028533652424812317e-01
1.020596623890643651e+00,1.023958027362823486e-01
1.021813068860422780e+00,1.018259748816490173e-01
1.023019342765608686e+00,1.011383756995201111e-01
1.024215614283513043e+00,1.007141098380088806e-01
1.025402047929905747e+00,1.006542220711708069e-01
1.026578804194794081e+00,1.005526781082153320e-01
1.027746039672710499e+00,9.918741881847381592e-02
1.028903907187771694e+00,9.917608648538589478e-02
1.030052555913757883e+00,9.878192842006683350e-02
1.031192131489450770e+00,9.775961935520172119e-02
1.032322776129452446e+00,9.727309644222259521e-02
1.033444628730692205e+00,9.732935577630996704e-02
1.034557824974828844e+00,9.781329333782196045e-02
1.035662497426728335e+00,9.675750136375427246e-02
1.036758775629202489e+00,9.554153680801391602e-02
1.037846786194173809e+00,9.505706280469894409e-02
1.038926652890428182e+00,9.454268217086791992e-02
1.039998496728109512e+00,9.436108171939849854e-02
1.041062436040096406e+00,9.456965327262878418e-02
1.042118586560402127e+00,9.323799610137939453e-02
1.043167061499723491e+00,9.288228303194046021e-02
1.044207971618266395e+00,9.321370720863342285e-02
1.045241425295961868e+00,9.211879968643188477e-02
1.046267528600184571e+00,9.155446290969848633e-02
1.047286385351081872e+00,9.168761223554611206e-02
1.048298097184609423e+00,9.094191342592239380e-02
1.049302763613374712e+00,9.016415476799011230e-02
1.050300482085374520e+00,8.991026878356933594e-02
1.051291348040716223e+00,9.100154787302017212e-02
1.052275454966405510e+00,8.891367167234420776e-02
1.053252894449275612e+00,8.898457139730453491e-02
1.054223756227137487e+00,8.809560537338256836e-02
1.055188128238219614e+00,8.790811896324157715e-02
1.056146096668967527e+00,8.802147209644317627e-02
1.057097746000264182e+00,8.713126182556152344e-02
1.058043159052139304e+00,8.648397028446197510e-02
1.058982417027020118e+00,8.632454276084899902e-02
1.059915599551585430e+00,8.736947178840637207e-02
1.060842784717273890e+00,8.531742542982101440e-02
1.061764049119499065e+00,8.530654013156890869e-02
1.062679467895619734e+00,8.451604098081588745e-02
1.063589114761714693e+00,8.431828767061233521e-02
1.064493062048202932e+00,8.456069976091384888e-02
1.065391380734357574e+00,8.362141251564025879e-02
1.066284140481750242e+00,8.302389830350875854e-02
1.067171409666666904e+00,8.313083648681640625e-02
1.068053255411534064e+00,8.295756578445434570e-02
1.068929743615389283e+00,8.184627443552017212e-02
1.069800938983432648e+00,8.177989721298217773e-02
1.070666905055689400e+00,8.190435171127319336e-02
1.071527704234821021e+00,8.083306998014450073e-02
1.072383397813107209e+00,8.041723072528839111e-02
1.073234045998635811e+00,8.059625327587127686e-02
1.074079707940723605e+00,8.053864538669586182e-02
1.074920441754596334e+00,7.937924563884735107e-02
1.075756304545354203e+00,7.932849973440170288e-02
1.076587352431247258e+00,7.868428528308868408e-02
1.077413640566283526e+00,7.826284319162368774e-02
1.078235223162194334e+00,7.821706682443618774e-02
1.079052153509776568e+00,7.915809750556945801e-02
1.079864483999635194e+00,7.731435447931289673e-02
1.080672266142344684e+00,7.711328566074371338e-02
1.081475550588048673e+00,7.653585076332092285e-02
1.082274387145517602e+00,7.643380016088485718e-02
1.083068824800681451e+00,7.637749612331390381e-02
1.083858911734654873e+00,7.572948932647705078e-02
1.084644695341271170e+00,7.519397139549255371e-02
1.085426222244142425e+00,7.489996403455734253e-02
1.086203538313258443e+00,7.562512159347534180e-02
1.086976688681142944e+00,7.453992962837219238e-02
1.087745717758576536e+00,7.447227835655212402e-02
1.088510669249905582e+00,7.357625663280487061e-02
1.089271586167944728e+00,7.343403995037078857e-02
1.090028510848491283e+00,7.300334423780441284e-02
1.090781484964458370e+00,7.270756363868713379e-02
1.091530549539642125e+00,7.297222316265106201e-02
1.092275744962134088e+00,7.263567298650741577e-02
1.093017110997387409e+00,7.179010659456253052e-02
1.093754686800950671e+00,7.173082977533340454e-02
1.094488510930875957e+00,7.117696106433868408e-02
1.095218621359815403e+00,7.080690562725067139e-02
1.095945055486811093e+00,7.081627100706100464e-02
1.096667850148790313e+00,7.155841588973999023e-02
1.097387041631774585e+00,6.991835683584213257e-02
1.098102665681810475e+00,6.989185512065887451e-02
1.098814757515629958e+00,6.926620751619338989e-02
1.099523351831051432e+00,6.908097863197326660e-02
1.100228482817122044e+00,6.936457008123397827e-02
1.100930184164018444e+00,6.881467252969741821e-02
1.101628489072704609e+00,6.813313812017440796e-02
1.102323430264357418e+00,6.816884130239486694e-02
1.103015039989568402e+00,6.799745559692382812e-02
1.103703350037322783e+00,6.731851398944854736e-02
1.104388391743768238e+00,6.696193665266036987e-02
1.105070196000774496e+00,6.675326824188232422e-02
1.105748793264292651e+00,6.799501180648803711e-02
1.106424213562518855e+00,6.613764166831970215e-02
1.107096486503866828e+00,6.626994162797927856e-02
1.107765641284756297e+00,6.569976359605789185e-02
1.108431706697221797e+00,6.537274271249771118e-02
1.109094711136345834e+00,6.501895189285278320e-02
1.109754682607522636e+00,6.479924172163009644e-02
1.110411648733556467e+00,6.512840837240219116e-02
1.111065636761598974e+00,6.485582143068313599e-02
1.111716673569929759e+00,6.406612694263458252e-02
1.112364785674585077e+00,6.398204714059829712e-02
1.113009999235837544e+00,6.346570700407028198e-02
1.113652340064533730e+00,6.316471099853515625e-02
1.114291833628287209e+00,6.308417767286300659e-02
1.114928505057539709e+00,6.426641345024108887e-02
1.115562379151485484e+00,6.238619238138198853e-02
1.116193480383868453e+00,6.244580447673797607e-02
1.116821832908651224e+00,6.188495457172393799e-02
1.117447460565562434e+00,6.179618462920188904e-02
1.118070386885524181e+00,6.158522143959999084e-02
1.118690635095962005e+00,6.133751571178436279e-02
1.119308228126002946e+00,6.114316359162330627e-02
1.119923188611560150e+00,6.097415089607238770e-02
1.120535538900311989e+00,6.059340760111808777e-02
1.121145301056575283e+00,6.019249185919761658e-02
1.121752496866074811e+00,6.004356965422630310e-02
1.122357147840614688e+00,6.065438687801361084e-02
1.122959275222650710e+00,5.949081853032112122e-02
1.123558899989768545e+00,5.940181761980056763e-02
1.124156042859069560e+00,5.905682221055030823e-02
1.124750724291464721e+00,5.866277217864990234e-02
1.125342964495882114e+00,5.842429772019386292e-02
1.125932783433387430e+00,5.849197879433631897e-02
1.126520200821220952e+00,5.960154905915260315e-02
1.127105236136752842e+00,5.790529772639274597e-02
1.127687908621357371e+00,5.758998170495033264e-02
1.128268237284210995e+00,5.736425146460533142e-02
1.128846240906013376e+00,5.711742863059043884e-02
1.129421938042634244e+00,5.681723356246948242e-02
1.129995347028687203e+00,5.666771158576011658e-02
1.130566485981034486e+00,5.712712183594703674e-02
1.131135372802220873e+00,5.640528351068496704e-02
1.131702025183840998e+00,5.601706355810165405e-02
1.132266460609840486e+00,5.592167750000953674e-02
1.132828696359752696e+00,5.549702793359756470e-02
1.133388749511873961e+00,5.523548275232315063e-02
1.133946636946374875e+00,5.525701865553855896e-02
1.134502375348353853e+00,5.598860979080200195e-02
1.135055981210831622e+00,5.454346165060997009e-02
1.135607470837687316e+00,5.463409423828125000e-02
1.136156860346540176e+00,5.411611124873161316e-02
1.136704165671576172e+00,5.391451343894004822e-02
1.137249402566320455e+00,5.399633571505546570e-02
1.137792586606358514e+00,5.429558083415031433e-02
1.138333733192005592e+00,5.324539169669151306e-02
1.138872857550927042e+00,5.324336886405944824e-02
1.139409974740709375e+00,5.310201272368431091e-02
1.139945099651383131e+00,5.273237079381942749e-02
1.140478247007901125e+00,5.247587710618972778e-02
1.141009431372567162e+00,5.254985392093658447e-02
1.141538667147425468e+00,5.285497754812240601e-02
1.142065968576601920e+00,5.176149681210517883e-02
1.142591349748605101e+00,5.181194841861724854e-02
1.143114824598584045e+00,5.151547864079475403e-02
1.143636406910547576e+00,5.118502676486968994e-02
1.144156110319540343e+00,5.102689191699028015e-02
1.144673948313783329e+00,5.148375779390335083e-02
1.145189934236772844e+00,5.097578465938568115e-02
1.145704081289344645e+00,5.051064863801002502e-02
1.146216402531699874e+00,5.027859285473823547e-02
1.146726910885395245e+00,4.991304129362106323e-02
1.147235619135299922e+00,4.974413290619850159e-02
1.147742539931515537e+00,5.001901462674140930e-02
1.148247685791263573e+00,5.012593418359756470e-02
1.148751069100740541e+00,4.921074956655502319e-02
1.149252702116940084e+00,4.914310947060585022e-02
1.149752596969443985e+00,4.871787130832672119e-02
1.150250765662181429e+00,4.854103550314903259e-02
1.150747220075159172e+00,4.867098852992057800e-02
1.151241971966161071e+00,4.903445392847061157e-02
1.151735032972418749e+00,4.793916642665863037e-02
1.152226414612254946e+00,4.800739511847496033e-02
1.152716128286697339e+00,4.763437435030937195e-02
1.153204185281065053e+00,4.736469686031341553e-02
1.153690596766530962e+00,4.719470813870429993e-02
1.154175373801654247e+00,4.752945899963378906e-02
1.154658527333889628e+00,4.775504767894744873e-02
1.155140068201070624e+00,4.690340161323547363e-02
1.155620007132869276e+00,4.645795002579689026e-02
1.156098354752228108e+00,4.633657261729240417e-02
1.156575121576774112e+00,4.616096615791320801e-02
1.157050318020203639e+00,4.592652991414070129e-02
1.157523954393649301e+00,4.581227153539657593e-02
1.157996040907020685e+00,4.610571265220642090e-02
1.158466587670325953e+00,4.562823474407196045e-02
1.158935604694971033e+00,4.517906531691551208e-02
1.159403101895037258e+00,4.521044716238975525e-02
1.159869089088538807e+00,4.502600058913230896e-02
1.160333575998660383e+00,4.468861222267150879e-02
1.160796572254974013e+00,4.447384178638458252e-02
1.161258087394636762e+00,4.455330222845077515e-02
1.161718130863570009e+00,4.503411799669265747e-02
1.162176712017619851e+00,4.389560967683792114e-02
1.162633840123697304e+00,4.398112744092941284e-02
1.163089524360903404e+00,4.357086122035980225e-02
1.163543773821634097e+00,4.337455704808235168e-02
1.163996597512669595e+00,4.333547875285148621e-02
1.164448004356245958e+00,4.394742846488952637e-02
1.164898003191108256e+00,4.293643683195114136e-02
1.165346602773551732e+00,4.293318837881088257e-02
1.165793811778442102e+00,4.260132461786270142e-02
1.166239638800222522e+00,4.235228151082992554e-02
1.166684092353905244e+00,4.222662746906280518e-02
1.167127180876046388e+00,4.256366565823554993e-02
1.167568912725708286e+00,4.245354980230331421e-02
1.168009296185403834e+00,4.179802909493446350e-02
1.168448339462030194e+00,4.171084612607955933e-02
1.168886050687785394e+00,4.136624559760093689e-02
1.169322437921071822e+00,4.121861234307289124e-02
1.169757509147387298e+00,4.133086279034614563e-02
1.170191272280201700e+00,4.168492555618286133e-02
1.170623735161820056e+00,4.071919620037078857e-02
1.171054905564233639e+00,4.078843072056770325e-02
1.171484791189958408e+00,4.050280898809432983e-02
1.171913399672859457e+00,4.025829210877418518e-02
1.172340738578966146e+00,4.013221338391304016e-02
1.172766815407271901e+00,4.049028828740119934e-02
1.173191637590524916e+00,4.038150981068611145e-02
1.173615212496004645e+00,3.976600989699363708e-02
1.174037547426290296e+00,3.959688544273376465e-02
1.174458649620016004e+00,3.931561857461929321e-02
1.174878526252612465e+00,3.926869481801986694e-02
1.175297184437045006e+00,3.938818350434303284e-02
1.175714631224533235e+00,3.911795094609260559e-02
1.176130873605264471e+00,3.870671242475509644e-02
1.176545918509096511e+00,3.857121616601943970e-02
1.176959772806250193e+00,3.874990716576576233e-02
1.177372443307990402e+00,3.910201415419578552e-02
1.177783936767299977e+00,3.813054040074348450e-02
1.178194259879542072e+00,3.816765546798706055e-02
1.178603419283114073e+00,3.780930116772651672e-02
1.179011421560091977e+00,3.767594695091247559e-02
1.179418273236866099e+00,3.775954991579055786e-02
1.179823980784766357e+00,3.802873939275741577e-02
1.180228550620680883e+00,3.723228350281715393e-02
1.180631989107665092e+00,3.720944374799728394e-02
1.181034302555541649e+00,3.715052828192710876e-02
1.181435497221491993e+00,3.689977154135704041e-02
1.181835579310641871e+00,3.669790178537368774e-02
1.182234554976636431e+00,3.666787594556808472e-02
1.182632430322206885e+00,3.709750249981880188e-02
1.183029211399732938e+00,3.630306199193000793e-02
1.183424904211793471e+00,3.623051941394805908e-02
1.183819514711712095e+00,3.606945276260375977e-02
1.184213048804093837e+00,3.581996262073516846e-02
1.184605512345357381e+00,3.568457439541816711e-02
1.184996911144254428e+00,3.583493083715438843e-02
1.185387250962389061e+00,3.628992289304733276e-02
1.185776537514724893e+00,3.528055176138877869e-02
1.186164776470086890e+00,3.531393781304359436e-02
1.186551973451658082e+00,3.497882187366485596e-02
1.186938134037466508e+00,3.491833433508872986e-02
1.187323263760868386e+00,3.495505452156066895e-02
1.187707368111023731e+00,3.484832867980003357e-02
1.188090452533366204e+00,3.450211882591247559e-02
1.188472522430065625e+00,3.431897982954978943e-02
1.188853583160484728e+00,3.424114733934402466e-02
1.189233640041631457e+00,3.482605144381523132e-02
1.189612698348603281e+00,3.420366719365119934e-02
1.189990763315026623e+00,3.409996628761291504e-02
1.190367840133490285e+00,3.366099670529365540e-02
1.190743933955974221e+00,3.362549096345901489e-02
1.191119049894270532e+00,3.346930444240570068e-02
1.191493193020401353e+00,3.331802785396575928e-02
1.191866368367030304e+00,3.329022601246833801e-02
1.192238580927867719e+00,3.350852429866790771e-02
1.192609835658072992e+00,3.304412588477134705e-02
1.192980137474649371e+00,3.279203549027442932e-02
1.193349491256835204e+00,3.282703086733818054e-02
1.193717901846489182e+00,3.286132588982582092e-02
1.194085374048471593e+00,3.251150250434875488e-02
1.194451912631020685e+00,3.227674588561058044e-02
1.194817522326123038e+00,3.215399757027626038e-02
1.195182207829880383e+00,3.215306624770164490e-02
1.195545973802871975e+00,3.315676748752593994e-02
1.195908824870511422e+00,3.179000690579414368e-02
1.196270765623400179e+00,3.185853362083435059e-02
1.196631800617675045e+00,3.164776042103767395e-02
1.196991934375353894e+00,3.144406154751777649e-02
1.197351171384673396e+00,3.132719174027442932e-02
1.197709516100426308e+00,3.129168972373008728e-02
1.198066972944292763e+00,3.127049654722213745e-02
1.198423546305166010e+00,3.111187741160392761e-02
1.198779240539478597e+00,3.090866096317768097e-02
1.199134059971519006e+00,3.080406971275806427e-02
1.199488008893748736e+00,3.096074797213077545e-02
1.199841091567112938e+00,3.098068200051784515e-02
1.200193312221349062e+00,3.038151189684867859e-02
1.200544675055289945e+00,3.042377158999443054e-02
1.200895184237165125e+00,3.025530278682708740e-02
1.201244843904897053e+00,3.007245436310768127e-02
1.201593658166393297e+00,2.999391406774520874e-02
1.201941631099838093e+00,3.026650287210941315e-02
1.202288766753976335e+00,3.009248524904251099e-02
1.202635069148398239e+00,2.963603474199771881e-02
1.202980542273817122e+00,2.961643040180206299e-02
1.203325190092345398e+00,2.937525324523448944e-02
1.203669016537768366e+00,2.924793586134910583e-02
1.204012025515812434e+00,2.917759679257869720e-02
1.204354220904411799e+00,2.964976429939270020e-02
1.204695606553972009e+00,2.928936481475830078e-02
1.205036186287628874e+00,2.905764617025852203e-02
1.205375963901505809e+00,2.870755456387996674e-02
1.205714943164967856e+00,2.866653725504875183e-02
1.206053127820873261e+00,2.854603901505470276e-02
1.206390521585819497e+00,2.841385453939437866e-02
1.206727128150390849e+00,2.837963216006755829e-02
1.207062951179397992e+00,2.856777235865592957e-02
1.207397994312119138e+00,2.822278998792171478e-02
1.207732261162537180e+00,2.796198427677154541e-02
1.208065755319571721e+00,2.799193002283573151e-02
1.208398480347311565e+00,2.802193537354469299e-02
1.208730439785242305e+00,2.775093540549278259e-02
1.209061637148473922e+00,2.753833495080471039e-02
1.209392075927962384e+00,2.743425779044628143e-02
1.209721759590731471e+00,2.751102298498153687e-02
1.210050691580090376e+00,2.828032709658145905e-02
1.210378875315849534e+00,2.714269421994686127e-02
1.210706314194534894e+00,2.715726941823959351e-02
1.211033011589597308e+00,2.698286622762680054e-02
1.211358970851622807e+00,2.685436047613620758e-02
1.211684195308537548e+00,2.671494707465171814e-02
1.212008688265811651e+00,2.661447599530220032e-02
1.212332453006661481e+00,2.657390013337135315e-02
1.212655492792247935e+00,2.702010422945022583e-02
1.212977810861875838e+00,2.647189795970916748e-02
1.213299410433185566e+00,2.637193538248538971e-02
1.213620294702348001e+00,2.618534490466117859e-02
1.213940466844254829e+00,2.602045796811580658e-02
1.214259930012706601e+00,2.597930468618869781e-02
1.214578687340598817e+00,2.616437338292598724e-02
1.214896741940107550e+00,2.595225721597671509e-02
1.215214096902870411e+00,2.563146315515041351e-02
1.215530755300167520e+00,2.562472410500049591e-02
1.215846720183099361e+00,2.574702911078929901e-02
1.216161994582764638e+00,2.551303431391716003e-02
1.216476581510432364e+00,2.524937130510807037e-02
1.216790483957715940e+00,2.517668157815933228e-02
1.217103704896745020e+00,2.535790577530860901e-02
1.217416247280330710e+00,2.549956738948822021e-02
1.217728114042136545e+00,2.488371171057224274e-02
1.218039308096841689e+00,2.493762969970703125e-02
1.218349832340304140e+00,2.470571175217628479e-02
1.218659689649723710e+00,2.459175884723663330e-02
1.218968882883800342e+00,2.450340799987316132e-02
1.219277414882894428e+00,2.462090738117694855e-02
1.219585288469181350e+00,2.526453323662281036e-02
1.219892506446807579e+00,2.427479811012744904e-02
1.220199071602043217e+00,2.423025481402873993e-02
1.220504986703434769e+00,2.410954795777797699e-02
1.220810254501953462e+00,2.399073354899883270e-02
1.221114877731144688e+00,2.386473864316940308e-02
1.221418859107275878e+00,2.378553524613380432e-02
1.221722201329479063e+00,2.389062941074371338e-02
1.222024907079897416e+00,2.401342988014221191e-02
1.222326979023826476e+00,2.351143211126327515e-02
1.222628419809853817e+00,2.351178787648677826e-02
1.222929232070001149e+00,2.351654879748821259e-02
1.223229418419859105e+00,2.332879602909088135e-02
1.223528981458726239e+00,2.317852340638637543e-02
1.223827923769742476e+00,2.312764339148998260e-02
1.224126247920023003e+00,2.340509742498397827e-02
1.224423956460791496e+00,2.320331148803234100e-02
1.224721051927509796e+00,2.288164943456649780e-02
1.225017536840008026e+00,2.282908931374549866e-02
1.225313413702613374e+00,2.263577282428741455e-02
1.225608685004275999e+00,2.256696671247482300e-02
1.225903353218694702e+00,2.267074584960937500e-02
1.226197420804443050e+00,2.279279753565788269e-02
1.226490890205089723e+00,2.230002172291278839e-02
1.226783763849322639e+00,2.230808697640895844e-02
1.227076044151067524e+00,2.228598296642303467e-02
1.227367733509609593e+00,2.211980707943439484e-02
1.227658834309709901e+00,2.199280820786952972e-02
1.227949348921723027e+00,2.197356894612312317e-02
1.228239279701712983e+00,2.224934659898281097e-02
1.228528628991567340e+00,2.186601422727108002e-02
1.228817399119111586e+00,2.170488610863685608e-02
1.229105592398220370e+00,2.166296727955341339e-02
1.229393211128929853e+00,2.148361504077911377e-02
1.229680257597547399e+00,2.139470912516117096e-02
1.229966734076759938e+00,2.143459580838680267e-02
1.230252642825743203e+00,2.187780104577541351e-02
1.230537986090267655e+00,2.115915529429912567e-02
1.230822766102804611e+00,2.124423719942569733e-02
1.231106985082631722e+00,2.099218778312206268e-02
1.231390645235935111e+00,2.093848772346973419e-02
1.231673748755914177e+00,2.095755189657211304e-02
1.231956297822881297e+00,2.090885303914546967e-02
1.232238294604364404e+00,2.073115669190883636e-02
1.232519741255205137e+00,2.061687782406806946e-02
1.232800639917659424e+00,2.061591669917106628e-02
1.233080992721493629e+00,2.092540822923183441e-02
1.233360801784081806e+00,2.044949494302272797e-02
1.233640069210502732e+00,2.038871496915817261e-02
1.233918797093633835e+00,2.028254419565200806e-02
1.234196987514246002e+00,2.013098262250423431e-02
1.234474642541095735e+00,2.005317248404026031e-02
1.234751764231018401e+00,2.003492601215839386e-02
1.235028354629019720e+00,2.053041569888591766e-02
1.235304415768365471e+00,1.993368193507194519e-02
1.235579949670672306e+00,1.997527107596397400e-02
1.235854958345995458e+00,1.967982202768325806e-02
1.236129443792917337e+00,1.966628246009349823e-02
1.236403407998634796e+00,1.953873783349990845e-02
1.236676852939044835e+00,1.945775188505649567e-02
1.236949780578830760e+00,1.945380680263042450e-02
1.237222192871547000e+00,1.965051144361495972e-02
1.237494091759701265e+00,1.933096908032894135e-02
1.237765479174840699e+00,1.917254552245140076e-02
1.238036357037631818e+00,1.921508647501468658e-02
1.238306727257941997e+00,1.919029653072357178e-02
1.238576591734922516e+00,1.899019815027713776e-02
1.238845952357085833e+00,1.887713000178337097e-02
1.239114811002387295e+00,1.886006817221641541e-02
1.239383169538301521e+00,1.918951421976089478e-02
1.239651029821901895e+00,1.880703121423721313e-02
1.239918393699936949e+00,1.869975775480270386e-02
1.240185263008907190e+00,1.855256594717502594e-02
1.240451639575139708e+00,1.844205334782600403e-02
1.240717525214864336e+00,1.844138093292713165e-02
1.240982921734288036e+00,1.850705593824386597e-02
1.241247830929667728e+00,1.833100244402885437e-02
1.241512254587382458e+00,1.816042140126228333e-02
1.241776194484008666e+00,1.808752305805683136e-02
1.242039652386388582e+00,1.807449758052825928e-02
1.242302630051703050e+00,1.859807409346103668e-02
1.242565129227541032e+00,1.798638515174388885e-02
1.242827151651969331e+00,1.803350262343883514e-02
1.243088699053602753e+00,1.778207719326019287e-02
1.243349773151670723e+00,1.769662834703922272e-02
1.243610375656086786e+00,1.761501654982566833e-02
1.243870508267514330e+00,1.759564131498336792e-02
1.244130172677434087e+00,1.755503192543983459e-02
1.244389370568210085e+00,1.747418381273746490e-02
1.244648103613155365e+00,1.740630157291889191e-02
1.244906373476595274e+00,1.739860512316226959e-02
1.245164181813933180e+00,1.742537505924701691e-02
1.245421530271714428e+00,1.720999553799629211e-02
1.245678420487687399e+00,1.707739196717739105e-02
1.245934854090868127e+00,1.706841774284839630e-02
1.246190832701601803e+00,1.729431934654712677e-02
1.246446357931622950e+00,1.708419993519783020e-02
1.246701431384118264e+00,1.686466112732887268e-02
1.246956054653785673e+00,1.684213243424892426e-02
1.247210229326893849e+00,1.669474132359027863e-02
1.247463956981342825e+00,1.662454195320606232e-02
1.247717239186721727e+00,1.657496392726898193e-02
1.247970077504367836e+00,1.681761443614959717e-02
1.248222473487422990e+00,1.699844561517238617e-02
1.248474428680892645e+00,1.652620732784271240e-02
1.248725944621701167e+00,1.631197147071361542e-02
1.248977022838748452e+00,1.630566641688346863e-02
1.249227664852966102e+00,1.618527434766292572e-02
1.249477872177372495e+00,1.612813584506511688e-02
1.249727646317127405e+00,1.614232547581195831e-02
1.249976988769586406e+00,1.615311019122600555e-02
1.250225901024355046e+00,1.598603837192058563e-02
1.250474384563341479e+00,1.588950492441654205e-02
1.250722440860810192e+00,1.588641293346881866e-02
1.250970071383434190e+00,1.610460691154003143e-02
1.251217277590347399e+00,1.580014266073703766e-02
1.251464060933195066e+00,1.568120531737804413e-02
1.251710422856185945e+00,1.566996052861213684e-02
1.251956364796143806e+00,1.553294900804758072e-02
1.252201888182555178e+00,1.546068396419286728e-02
1.252446994437621530e+00,1.548992563039064407e-02
1.252691684976307895e+00,1.575142331421375275e-02
1.252935961206391724e+00,1.530201360583305359e-02
1.253179824528511510e+00,1.531367562711238861e-02
1.253423276336215419e+00,1.520226430147886276e-02
1.253666318016008585e+00,1.509722601622343063e-02
1.253908950947400402e+00,1.504153292626142502e-02
1.254151176502952270e+00,1.511772722005844116e-02
1.254392996048323106e+00,1.539428252726793289e-02
1.254634410942316425e+00,1.486362237483263016e-02
1.254875422536925855e+00,1.493141148239374161e-02
1.255116032177380436e+00,1.475337799638509750e-02
1.255356241202189693e+00,1.470228657126426697e-02
1.255596050943188713e+00,1.474227569997310638e-02
1.255835462725581664e+00,1.475440338253974915e-02
1.256074477867986872e+00,1.455372013151645660e-02
1.256313097682478785e+00,1.446735300123691559e-02
1.256551323474633053e+00,1.443890947848558426e-02
1.256789156543567820e+00,1.467786543071269989e-02
1.257026598181987476e+00,1.456135977059602737e-02
1.257263649676223727e+00,1.432269718497991562e-02
1.257500312306277790e+00,1.423064526170492172e-02
1.257736587345863022e+00,1.413992140442132950e-02
1.257972476062443112e+00,1.414349209517240524e-02
1.258207979717276714e+00,1.411178242415189743e-02
1.258443099565454970e+00,1.402601599693298340e-02
1.258677836855942589e+00,1.396322902292013168e-02
1.258912192831618260e+00,1.396538503468036652e-02
1.259146168729312620e+00,1.401977241039276123e-02
1.259379765779849336e+00,1.380467507988214493e-02
1.259612985208082847e+00,1.369964610785245895e-02
1.259845828232936560e+00,1.371623389422893524e-02
1.260078296067441928e+00,1.385982800275087357e-02
1.260310389918775975e+00,1.362402178347110748e-02
1.260542110988298603e+00,1.349699031561613083e-02
1.260773460471590779e+00,1.352415606379508972e-02
1.261004439558490509e+00,1.348223816603422165e-02
1.261235049433130584e+00,1.336973067373037338e-02
1.261465291273973666e+00,1.329855341464281082e-02
1.261695166253850031e+00,1.331383176147937775e-02
1.261924675539992435e+00,1.350551377981901169e-02
1.262153820294071416e+00,1.317041926085948944e-02
1.262382601672231264e+00,1.313314680010080338e-02
1.262611020825124886e+00,1.308458112180233002e-02
1.262839078897948220e+00,1.297462079674005508e-02
1.263066777030474874e+00,1.292243041098117828e-02
1.263294116357090768e+00,1.297402940690517426e-02
1.263521098006826993e+00,1.322404947131872177e-02
1.263747723103393561e+00,1.276939176023006439e-02
1.263973992765214938e+00,1.282810326665639877e-02
1.264199908105460013e+00,1.267539523541927338e-02
1.264425470232076965e+00,1.262116897851228714e-02
1.264650680247825010e+00,1.264781877398490906e-02
1.264875539250307268e+00,1.267864461988210678e-02
1.265100048332003180e+00,1.250221859663724899e-02
1.265324208580299148e+00,1.241894904524087906e-02
1.265548021077520513e+00,1.238983124494552612e-02
1.265771486900963971e+00,1.257273089140653610e-02
1.265994607122928217e+00,1.252501644194126129e-02
1.266217382810743253e+00,1.226622704416513443e-02
1.266439815026803473e+00,1.223928015679121017e-02
1.266661904828596308e+00,1.212640479207038879e-02
1.266883653268733090e+00,1.211070176213979721e-02
1.267105061394978804e+00,1.216834876686334610e-02
1.267326130250282290e+00,1.206789258867502213e-02
1.267546860872804881e+00,1.194505300372838974e-02
1.267767254295949497e+00,1.190549880266189575e-02
1.267987311548391727e+00,1.200168859213590622e-02
1.268207033654106031e+00,1.207236479967832565e-02
1.268426421632395718e+00,1.175001077353954315e-02
1.268645476497920699e+00,1.179065369069576263e-02
1.268864199260726799e+00,1.169191394001245499e-02
1.269082590926272180e+00,1.161792874336242676e-02
1.269300652495456205e+00,1.160422526299953461e-02
1.269518384964646085e+00,1.175120845437049866e-02
1.269735789325705300e+00,1.159619260579347610e-02
1.269952866566019800e+00,1.144276745617389679e-02
1.270169617668524653e+00,1.147410646080970764e-02
1.270386043611732019e+00,1.138797216117382050e-02
1.270602145369756464e+00,1.130961999297142029e-02
1.270817923912341607e+00,1.129359751939773560e-02
1.271033380204887209e+00,1.141217816621065140e-02
1.271248515208473151e+00,1.128938701003789902e-02
1.271463329879886528e+00,1.112170517444610596e-02
1.271677825171647402e+00,1.115307863801717758e-02
1.271892002032032787e+00,1.110110338777303696e-02
1.272105861405103289e+00,1.100743375718593597e-02
1.272319404230726869e+00,1.096164062619209290e-02
1.272532631444604823e+00,1.101740263402462006e-02
1.272745543978294869e+00,1.111811026930809021e-02
1.272958142759237576e+00,1.081289816647768021e-02
1.273170428710778346e+00,1.083520893007516861e-02
1.273382402752193165e+00,1.078536827117204666e-02
1.273594065798711927e+00,1.069605723023414612e-02
1.273805418761541519e+00,1.065599452704191208e-02
1.274016462547890916e+00,1.073295157402753830e-02
1.274227198060993160e+00,1.081441342830657959e-02
1.274437626200128459e+00,1.051338855177164078e-02
1.274647747860648606e+00,1.054793782532215118e-02
1.274857563933998295e+00,1.046433206647634506e-02
1.275067075307738662e+00,1.039601769298315048e-02
1.275276282865570376e+00,1.038368698209524155e-02
1.275485187487354288e+00,1.050189975649118423e-02
1.275693790049134968e+00,1.037491112947463989e-02
1.275902091423162021e+00,1.023024227470159531e-02
1.276110092477913405e+00,1.025763154029846191e-02
1.276317794078114742e+00,1.021542400121688843e-02
1.276525197084763530e+00,1.012833043932914734e-02
1.276732302355148230e+00,1.008518971502780914e-02
1.276939110742870920e+00,1.013120822608470917e-02
1.277145623097868166e+00,1.022183243185281754e-02
1.277351840266432115e+00,9.946882724761962891e-03
1.277557763091230258e+00,9.956507943570613861e-03
1.277763392411327636e+00,9.922209195792675018e-03
1.277968729062206377e+00,9.842691011726856232e-03
1.278173773875786123e+00,9.806896559894084930e-03
1.278378527680444243e+00,9.869611822068691254e-03
1.278582991301037142e+00,9.893694892525672913e-03
1.278787165558917804e+00,9.667845442891120911e-03
1.278991051271957557e+00,9.675658307969570160e-03
1.279194649254565386e+00,9.673598222434520721e-03
1.279397960317706362e+00,9.589460678398609161e-03
1.279600985268922742e+00,9.531142190098762512e-03
1.279803724912351504e+00,9.530866518616676331e-03
1.280006180048745001e+00,9.641784243285655975e-03
1.280208351475488948e+00,9.463699534535408020e-03
1.280410239986620624e+00,9.375662542879581451e-03
1.280611846372850193e+00,9.395591914653778076e-03
1.280813171421576024e+00,9.338826872408390045e-03
1.281014215916905119e+00,9.270026348531246185e-03
1.281214980639671985e+00,9.240822866559028625e-03
1.281415466367454181e+00,9.309129789471626282e-03
1.281615673874592964e+00,9.310381487011909485e-03
1.281815603932210390e+00,9.100792929530143738e-03
1.282015257308227296e+00,9.118309244513511658e-03
1.282214634767379735e+00,9.100997820496559143e-03
1.282413737071238513e+00,9.022535756230354309e-03
1.282612564978225400e+00,8.972323499619960785e-03
1.282811119243630893e+00,8.981452323496341705e-03
1.283009400619631313e+00,9.085970930755138397e-03
1.283207409855305459e+00,8.887764066457748413e-03
1.283405147696652815e+00,8.829827420413494110e-03
1.283602614886609095e+00,8.848329074680805206e-03
1.283799812165063337e+00,8.789944462478160858e-03
1.283996740268875225e+00,8.722423575818538666e-03
1.284193399931891078e+00,8.696046657860279083e-03
1.284389791884960053e+00,8.767419494688510895e-03
1.284585916855950805e+00,8.763807825744152069e-03
1.284781775569767026e+00,8.565152063965797424e-03
1.284977368748365212e+00,8.584897033870220184e-03
1.285172697110768425e+00,8.553531952202320099e-03
1.285367761373083395e+00,8.481338620185852051e-03
1.285562562248516727e+00,8.445131592452526093e-03
1.285757100447388890e+00,8.483946323394775391e-03
1.285951376677151314e+00,8.556110784411430359e-03
1.286145391642401270e+00,8.331524208188056946e-03
1.286339146044897186e+00,8.328182622790336609e-03
1.286532640583573306e+00,8.326667360961437225e-03
1.286725875954556786e+00,8.255181834101676941e-03
1.286918852851179906e+00,8.206005208194255829e-03
1.287111571963996948e+00,8.204163983464241028e-03
1.287304033980798623e+00,8.297435939311981201e-03
1.287496239586626512e+00,8.148282766342163086e-03
1.287688189463788380e+00,8.067209273576736450e-03
1.287879884291871058e+00,8.089603856205940247e-03
1.288071324747757096e+00,8.052515797317028046e-03
1.288262511505637420e+00,7.981786504387855530e-03
1.288453445237026873e+00,7.943480275571346283e-03
1.288644126610776652e+00,7.969507016241550446e-03
1.288834556293090072e+00,8.061836473643779755e-03
1.289024734947535888e+00,7.844268344342708588e-03
1.289214663235061620e+00,7.832882925868034363e-03
1.289404341814007982e+00,7.822295650839805603e-03
1.289593771340123318e+00,7.759731262922286987e-03
1.289782952466574706e+00,7.721188012510538101e-03
1.289971885843964605e+00,7.734893821179866791e-03
1.290160572120341742e+00,7.804392836987972260e-03
1.290349011941215984e+00,7.637890987098217010e-03
1.290537205949570998e+00,7.588095497339963913e-03
1.290725154785877127e+00,7.612003944814205170e-03
1.290912859088105380e+00,7.596839684993028641e-03
1.291100319491739645e+00,7.508456241339445114e-03
1.291287536629789789e+00,7.462272420525550842e-03
1.291474511132804315e+00,7.463099434971809387e-03
1.291661243628883682e+00,7.580200210213661194e-03
1.291847734743692300e+00,7.426719646900892258e-03
1.292033985100471183e+00,7.355094887316226959e-03
1.292219995320051940e+00,7.357751484960317612e-03
1.292405766020866098e+00,7.287215441465377808e-03
1.292591297818960649e+00,7.254611235111951828e-03
1.292776591328008040e+00,7.285274099558591843e-03
1.292961647159319938e+00,7.320449687540531158e-03
1.293146465921857891e+00,7.167321629822254181e-03
1.293331048222246871e+00,7.127819582819938660e-03
1.293515394664785267e+00,7.147641386836767197e-03
1.293699505851459541e+00,7.202356588095426559e-03
1.293883382381952885e+00,7.059008814394474030e-03
1.294067024853659653e+00,7.008849177509546280e-03
1.294250433861694694e+00,7.000739686191082001e-03
1.294433609998906887e+00,7.108027581125497818e-03
1.294616553855889585e+00,6.984653882682323456e-03
1.294799266020991713e+00,6.900857202708721161e-03
1.294981747080330203e+00,6.926286034286022186e-03
1.295163997617800877e+00,6.871124263852834702e-03
1.295346018215089101e+00,6.820463575422763824e-03
1.295527809451681778e+00,6.815886590629816055e-03
1.295709371904876894e+00,6.857398897409439087e-03
1.295890706149796845e+00,6.776367779821157455e-03
1.296071812759397757e+00,6.697953678667545319e-03
1.296252692304480147e+00,6.670672446489334106e-03
1.296433345353701139e+00,6.708151660859584808e-03
1.296613772473583559e+00,6.829392630606889725e-03
1.296793974228527491e+00,6.589074619114398956e-03
1.296973951180821594e+00,6.618690211325883865e-03
1.297153703890651544e+00,6.544386036694049835e-03
1.297333232916112467e+00,6.504474673420190811e-03
1.297512538813218486e+00,6.497282069176435471e-03
1.297691622135913159e+00,6.563465110957622528e-03
1.297870483436079470e+00,6.463005673140287399e-03
1.298049123263550930e+00,6.396437063813209534e-03
1.298227542166120241e+00,6.373334676027297974e-03
1.298405740689550836e+00,6.436130963265895844e-03
1.298583719377586654e+00,6.449724547564983368e-03
1.298761478771960576e+00,6.289627868682146072e-03
1.298939019412406637e+00,6.310638040304183960e-03
1.299116341836668020e+00,6.280129775404930115e-03
1.299293446580508160e+00,6.220812443643808365e-03
1.299470334177718511e+00,6.205562967807054520e-03
1.299647005160131208e+00,6.245951168239116669e-03
1.299823460057625502e+00,6.195408292114734650e-03
1.299999699398139974e+00,6.109790876507759094e-03
1.300175723707679420e+00,6.082361564040184021e-03
1.300351533510326618e+00,6.089922040700912476e-03
1.300527129328250764e+00,6.225748453289270401e-03
1.300702511681716134e+00,6.030638702213764191e-03
1.300877681089092075e+00,6.027801893651485443e-03
1.301052638066862555e+00,5.974561907351016998e-03
1.301227383129633708e+00,5.930744577199220657e-03
1.301401916790145386e+00,5.908778402954339981e-03
1.301576239559277592e+00,5.956436041742563248e-03
1.301750351946061368e+00,5.950925406068563461e-03
1.301924254457686558e+00,5.832923110574483871e-03
1.302097947599511363e+00,5.812775809317827225e-03
1.302271431875070773e+00,5.857847630977630615e-03
1.302444707786085898e+00,5.829608999192714691e-03
1.302617775832471514e+00,5.737558472901582718e-03
1.302790636512345834e+00,5.715285427868366241e-03
1.302963290322038503e+00,5.757201462984085083e-03
1.303135737756100143e+00,5.763748660683631897e-03
1.303307979307308573e+00,5.640549119561910629e-03
1.303480015466680131e+00,5.621156189590692520e-03
1.303651846723475893e+00,5.662335082888603210e-03
1.303823473565211000e+00,5.634699016809463501e-03
1.303994896477663534e+00,5.547798238694667816e-03
1.304166115944880744e+00,5.525731481611728668e-03
1.304337132449189030e+00,5.563906859606504440e-03
1.304507946471202384e+00,5.572094116359949112e-03
1.304678558489828166e+00,5.451903212815523148e-03
1.304848968982277757e+00,5.435403436422348022e-03
1.305019178424073223e+00,5.471941549330949783e-03
1.305189187289055530e+00,5.435539875179529190e-03
1.305358996049392761e+00,5.362578667700290680e-03
1.305528605175586776e+00,5.345175042748451233e-03
1.305698015136483647e+00,5.388153716921806335e-03
1.305867226399277436e+00,5.367635283619165421e-03
1.306036239429522405e+00,5.269361194223165512e-03
1.306205054691137457e+00,5.246167536824941635e-03
1.306373672646415018e+00,5.268774461001157761e-03
1.306542093756028144e+00,5.319538060575723648e-03
1.306710318479038957e+00,5.184532608836889267e-03
1.306878347272905083e+00,5.167117342352867126e-03
1.307046180593488538e+00,5.189211107790470123e-03
1.307213818895060831e+00,5.144644994288682938e-03
1.307381262630313179e+00,5.099773406982421875e-03
1.307548512250361394e+00,5.092414561659097672e-03
1.307715568204754319e+00,5.124334711581468582e-03
1.307882430941481156e+00,5.070925224572420120e-03
1.308049100906978568e+00,5.005486775189638138e-03
1.308215578546137792e+00,4.983204416930675507e-03
1.308381864302311293e+00,4.984710365533828735e-03
1.308547958617320761e+00,5.096718668937683105e-03
1.308713861931463107e+00,4.954359959810972214e-03
1.308879574683518454e+00,4.933790303766727448e-03
1.309045097310756578e+00,4.895388614386320114e-03
1.309210430248943791e+00,4.856641869992017746e-03
1.309375573932350267e+00,4.836900159716606140e-03
1.309540528793756042e+00,4.863940179347991943e-03
1.309705295264458780e+00,4.878722131252288818e-03
1.309869873774280213e+00,4.776583053171634674e-03
1.310034264751572364e+00,4.754624795168638229e-03
1.310198468623224644e+00,4.777541384100914001e-03
1.310362485814670963e+00,4.804840777069330215e-03
1.310526316749895281e+00,4.696977324783802032e-03
1.310689961851439378e+00,4.673660267144441605e-03
1.310853421540408181e+00,4.692084155976772308e-03
1.311016696236477763e+00,4.719262011349201202e-03
1.311179786357899557e+00,4.619242623448371887e-03
1.311342692321509462e+00,4.593851510435342789e-03
1.311505414542732284e+00,4.597782623022794724e-03
1.311667953435588840e+00,4.650447051972150803e-03
1.311830309412702400e+00,4.549905192106962204e-03
1.311992482885304234e+00,4.514924250543117523e-03
1.312154474263240722e+00,4.506988916546106339e-03
1.312316283954979346e+00,4.568947479128837585e-03
1.312477912367614463e+00,4.485260695219039917e-03
1.312639359906873970e+00,4.437827970832586288e-03
1.312800626977125074e+00,4.436890128999948502e-03
1.312961713981379841e+00,4.473678302019834518e-03
1.313122621321302974e+00,4.398750606924295425e-03
1.313283349397216249e+00,4.365239758044481277e-03
1.313443898608104510e+00,4.376209340989589691e-03
1.313604269351623000e+00,4.390823189169168472e-03
1.313764462024101354e+00,4.315943922847509384e-03
1.313924477020550929e+00,4.290308803319931030e-03
1.314084314734670356e+00,4.305205773562192917e-03
1.314243975558850863e+00,4.327734932303428650e-03
1.314403459884182057e+00,4.239376168698072433e-03
1.314562768100458579e+00,4.213322885334491730e-03
1.314721900596185433e+00,4.210102371871471405e-03
1.314880857758582211e+00,4.269812256097793579e-03
1.315039639973591301e+00,4.183184355497360229e-03
1.315198247625881445e+00,4.142588935792446136e-03
1.315356681098854175e+00,4.161120392382144928e-03
1.315514940774650032e+00,4.140359349548816681e-03
1.315673027034151898e+00,4.094117786735296249e-03
1.315830940256992987e+00,4.083237145096063614e-03
1.315988680821561507e+00,4.102763254195451736e-03
1.316146249105005106e+00,4.070923663675785065e-03
1.316303645483237084e+00,4.020125605165958405e-03
1.316460870330942168e+00,4.004246555268764496e-03
1.316617924021581176e+00,4.033656790852546692e-03
1.316774806927397012e+00,4.035973921418190002e-03
1.316931519419418661e+00,3.948576282709836960e-03
1.317088061867468074e+00,3.933617845177650452e-03
1.317244434640164608e+00,3.958653192967176437e-03
1.317400638104929689e+00,3.938258159905672073e-03
1.317556672627993253e+00,3.882377641275525093e-03
1.317712538574397962e+00,3.869066480547189713e-03
1.317868236308004537e+00,3.895637812092900276e-03
1.318023766191497081e+00,3.872124478220939636e-03
1.318179128586388194e+00,3.813354298472404480e-03
1.318334323853022738e+00,3.796550212427973747e-03
1.318489352350585175e+00,3.819605102762579918e-03
1.318644214437103113e+00,3.835228271782398224e-03
1.318798910469451746e+00,3.747169394046068192e-03
1.318953440803359856e+00,3.733074758201837540e-03
1.319107805793414689e+00,3.755565267056226730e-03
1.319262005793065962e+00,3.730534343048930168e-03
1.319416041154632069e+00,3.683331189677119255e-03
1.319569912229302533e+00,3.673663130030035973e-03
1.319723619367146661e+00,3.699738299474120140e-03
1.319877162917113766e+00,3.665380878373980522e-03
1.320030543227042052e+00,3.617153735831379890e-03
1.320183760643659943e+00,3.604370867833495140e-03
1.320336815512593631e+00,3.635109635069966316e-03
1.320489708178369748e+00,3.618480637669563293e-03
1.320642438984420464e+00,3.553111106157302856e-03
1.320795008273089488e+00,3.536987584084272385e-03
1.320947416385634288e+00,3.551172558218240738e-03
1.321099663662232748e+00,3.582321107387542725e-03
1.321251750441986728e+00,3.493404947221279144e-03
1.321403677062926718e+00,3.479535924270749092e-03
1.321555443862016288e+00,3.502717474475502968e-03
1.321707051175156966e+00,3.468517214059829712e-03
1.321858499337192461e+00,3.433009609580039978e-03
1.322009788681912879e+00,3.431615419685840607e-03
1.322160919542059165e+00,3.449729876592755318e-03
1.322311892249328213e+00,3.399034496396780014e-03
1.322462707134375970e+00,3.370731370523571968e-03
1.322613364526823210e+00,3.369409125298261642e-03
1.322763864755258645e+00,3.399389097467064857e-03
1.322914208147244031e+00,3.342742100358009338e-03
1.323064395029317941e+00,3.309891326352953911e-03
1.323214425726999988e+00,3.300337586551904678e-03
1.323364300564795926e+00,3.336391411721706390e-03
1.323514019866200320e+00,3.300913143903017044e-03
1.323663583953702760e+00,3.251423593610525131e-03
1.323812993148789863e+00,3.236907534301280975e-03
1.323962247771951262e+00,3.246416337788105011e-03
1.324111348142682054e+00,3.287153551355004311e-03
1.324260294579488573e+00,3.197587328031659126e-03
1.324409087399891272e+00,3.185724141076207161e-03
1.324557726920429612e+00,3.201787825673818588e-03
1.324706213456664949e+00,3.166900482028722763e-03
1.324854547323185860e+00,3.143414622172713280e-03
1.325002728833611476e+00,3.147040028125047684e-03
1.325150758300595699e+00,3.147906158119440079e-03
1.325298636035830091e+00,3.104589181020855904e-03
1.325446362350050089e+00,3.085253061726689339e-03
1.325593937553036339e+00,3.090868005529046059e-03
1.325741361953621134e+00,3.106684889644384384e-03
1.325888635859689302e+00,3.050697967410087585e-03
1.326035759578185536e+00,3.028278471902012825e-03
1.326182733415115056e+00,3.028149250894784927e-03
1.326329557675549387e+00,3.056264715269207954e-03
1.326476232663629684e+00,3.000766970217227936e-03
1.326622758682570291e+00,2.974182367324829102e-03
1.326769136034662067e+00,2.969253109768033028e-03
1.326915365021277493e+00,3.000857774168252945e-03
1.327061445942873563e+00,2.951244590803980827e-03
1.327207379098994666e+00,2.921454841271042824e-03
1.327353164788278139e+00,2.918214071542024612e-03
1.327498803308456043e+00,2.942912513390183449e-03
1.327644294956360493e+00,2.895036712288856506e-03
1.327789640027925211e+00,2.870926167815923691e-03
1.327934838818192187e+00,2.875408157706260681e-03
1.328079891621312125e+00,2.884375164285302162e-03
1.328224798730549328e+00,2.837931504473090172e-03
1.328369560438286356e+00,2.821634989231824875e-03
1.328514177036025590e+00,2.831533085554838181e-03
1.328658648814394327e+00,2.826419426128268242e-03
1.328802976063146568e+00,2.784191165119409561e-03
1.328947159071168782e+00,2.770162886008620262e-03
1.329091198126481910e+00,2.782986266538500786e-03
1.329235093516244248e+00,2.779220463708043098e-03
1.329378845526756781e+00,2.732200082391500473e-03
1.329522454443464730e+00,2.719236072152853012e-03
1.329665920550962221e+00,2.731743268668651581e-03
1.329809244132994950e+00,2.729416592046618462e-03
1.329952425472463950e+00,2.684622071683406830e-03
1.330095464851428266e+00,2.672960516065359116e-03
1.330238362551110054e+00,2.687469124794006348e-03
1.330381118851895250e+00,2.672753995284438133e-03
1.330523734033339345e+00,2.634926699101924896e-03
1.330666208374168491e+00,2.624467480927705765e-03
1.330808542152285057e+00,2.639041747897863388e-03
1.330950735644769178e+00,2.627821872010827065e-03
1.331092789127881870e+00,2.588136820122599602e-03
1.331234702877070353e+00,2.577218692749738693e-03
1.331376477166968719e+00,2.590302377939224243e-03
1.331518112271402154e+00,2.580357016995549202e-03
1.331659608463390709e+00,2.541046123951673508e-03
1.331800966015151744e+00,2.529567340388894081e-03
1.331942185198102813e+00,2.544351620599627495e-03
1.332083266282866107e+00,2.538915956392884254e-03
1.332224209539269566e+00,2.494306769222021103e-03
1.332365015236351979e+00,2.482783515006303787e-03
1.332505683642364769e+00,2.494403859600424767e-03
1.332646215024775538e+00,2.496124710887670517e-03
1.332786609650270959e+00,2.450251253321766853e-03
1.332926867784759661e+00,2.438717521727085114e-03
1.333066989693376003e+00,2.453518565744161606e-03
1.333206975640482517e+00,2.444087760522961617e-03
1.333346825889672571e+00,2.405252074822783470e-03
1.333486540703773482e+00,2.396655036136507988e-03
1.333626120344850507e+00,2.413265872746706009e-03
1.333765565074208848e+00,2.391052898019552231e-03
1.333904875152396086e+00,2.361451741307973862e-03
1.334044050839206408e+00,2.356838900595903397e-03
1.334183092393682601e+00,2.374130534008145332e-03
1.334322000074118941e+00,2.341443439945578575e-03
1.334460774138064965e+00,2.319155493751168251e-03
1.334599414842327025e+00,2.318975050002336502e-03
1.334737922442972513e+00,2.329277805984020233e-03
1.334876297195331407e+00,2.294576726853847504e-03
1.335014539354000274e+00,2.278008265420794487e-03
1.335152649172843820e+00,2.281448571011424065e-03
1.335290626904998890e+00,2.285440452396869659e-03
1.335428472802876465e+00,2.249469282105565071e-03
1.335566187118164994e+00,2.236638218164443970e-03
1.335703770101832610e+00,2.244341652840375900e-03
1.335841222004130024e+00,2.243401715531945229e-03
1.335978543074593627e+00,2.207781653851270676e-03
1.336115733562047936e+00,2.196824643760919571e-03
1.336252793714607590e+00,2.205273369327187538e-03
1.336389723779682237e+00,2.199038630351424217e-03
1.336526524003975869e+00,2.167659811675548553e-03
1.336663194633493257e+00,2.157285809516906738e-03
1.336799735913538845e+00,2.166063291952013969e-03
1.336936148088722742e+00,2.159843686968088150e-03
1.337072431402960948e+00,2.127469750121235847e-03
1.337208586099479346e+00,2.116963034495711327e-03
1.337344612420815260e+00,2.125781495124101639e-03
1.337480510608821671e+00,2.122680190950632095e-03
1.337616280904667443e+00,2.089251996949315071e-03
1.337751923548842203e+00,2.079779049381613731e-03
1.337887438781157456e+00,2.090747701004147530e-03
1.338022826840749469e+00,2.077401382848620415e-03
1.338158087966082377e+00,2.050381852313876152e-03
1.338293222394949744e+00,2.043999731540679932e-03
1.338428230364477445e+00,2.056618919596076012e-03
1.338563112111126996e+00,2.033654134720563889e-03
1.338697867870696223e+00,2.012566430494189262e-03
1.338832497878324368e+00,2.008508658036589622e-03
1.338967002368491199e+00,2.020605141296982765e-03
1.339101381575022343e+00,1.993111800402402878e-03
1.339235635731090834e+00,1.975373830646276474e-03
1.339369765069218676e+00,1.975013408809900284e-03
1.339503769821280388e+00,1.982701709493994713e-03
1.339637650218504561e+00,1.954318955540657043e-03
1.339771406491476746e+00,1.940426998771727085e-03
1.339905038870142562e+00,1.941897906363010406e-03
1.340038547583808137e+00,1.944044022820889950e-03
1.340171932861143889e+00,1.916510518640279770e-03
1.340305194930186738e+00,1.904483418911695480e-03
1.340438334018342781e+00,1.907587167806923389e-03
1.340571350352387503e+00,1.911956700496375561e-03
1.340704244158471559e+00,1.880230614915490150e-03
1.340837015662120324e+00,1.868871622718870640e-03
1.340969665088237006e+00,1.874264911748468876e-03
1.341102192661105308e+00,1.875014975666999817e-03
1.341234598604391204e+00,1.844579237513244152e-03
1.341366883141145383e+00,1.835127826780080795e-03
1.341499046493805913e+00,1.843064441345632076e-03
1.341631088884200018e+00,1.836384879425168037e-03
1.341763010533545852e+00,1.809946959838271141e-03
1.341894811662455389e+00,1.803089049644768238e-03
1.342026492490937750e+00,1.812915899790823460e-03
1.342158053238398319e+00,1.796600874513387680e-03
1.342289494123643845e+00,1.776261837221682072e-03
1.342420815364883779e+00,1.772382063791155815e-03
1.342552017179731383e+00,1.781825209036469460e-03
1.342683099785207501e+00,1.758393482305109501e-03
1.342814063397741453e+00,1.743216067552566528e-03
1.342944908233174139e+00,1.741534797474741936e-03
1.343075634506759819e+00,1.751061179675161839e-03
1.343206242433166997e+00,1.723733148537576199e-03
1.343336732226483088e+00,1.711005694232881069e-03
1.343467104100214637e+00,1.712323748506605625e-03
1.343597358267289099e+00,1.716139144264161587e-03
1.343727494940059275e+00,1.690175384283065796e-03
1.343857514330302649e+00,1.680528162978589535e-03
1.343987416649224498e+00,1.685508294031023979e-03
1.344117202107461662e+00,1.679180655628442764e-03
1.344246870915080772e+00,1.658008899539709091e-03
1.344376423281584243e+00,1.651518978178501129e-03
1.344505859415909832e+00,1.658287714235484600e-03
1.344635179526433966e+00,1.643532188609242439e-03
1.344764383820972853e+00,1.625741715542972088e-03
1.344893472506784704e+00,1.620791619643568993e-03
1.345022445790572174e+00,1.628691446967422962e-03
1.345151303878484361e+00,1.612528576515614986e-03
1.345280046976117694e+00,1.595981186255812645e-03
1.345408675288519040e+00,1.592306420207023621e-03
1.345537189020187263e+00,1.598936272785067558e-03
1.345665588375075883e+00,1.580549753271043301e-03
1.345793873556593301e+00,1.565982471220195293e-03
1.345922044767605907e+00,1.563421916216611862e-03
1.346050102210440969e+00,1.571308122947812080e-03
1.346178046086886404e+00,1.548925880342721939e-03
1.346305876598193674e+00,1.536388648673892021e-03
1.346433593945080665e+00,1.535969087854027748e-03
1.346561198327732134e+00,1.542247482575476170e-03
1.346688689945801487e+00,1.518131466582417488e-03
1.346816068998414551e+00,1.508428948000073433e-03
1.346943335684169574e+00,1.512210001237690449e-03
1.347070490201139448e+00,1.507675275206565857e-03
1.347197532746873927e+00,1.487777917645871639e-03
1.347324463518401627e+00,1.482005231082439423e-03
1.347451282712231357e+00,1.488340320065617561e-03
1.347577990524354119e+00,1.474909950047731400e-03
1.347704587150245326e+00,1.459476421587169170e-03
1.347831072784865469e+00,1.455984427593648434e-03
1.347957447622663896e+00,1.463648048229515553e-03
1.348083711857577915e+00,1.444476889446377754e-03
1.348209865683037245e+00,1.432035234756767750e-03
1.348335909291964896e+00,1.431379350833594799e-03
1.348461842876776950e+00,1.434234436601400375e-03
1.348587666629387671e+00,1.414992148056626320e-03
1.348713380741209056e+00,1.406209892593324184e-03
1.348838985403153057e+00,1.408324926160275936e-03
1.348964480805634025e+00,1.404396956786513329e-03
1.349089867138568710e+00,1.386510208249092102e-03
1.349215144591380255e+00,1.379441237077116966e-03
1.349340313352998200e+00,1.383784110657870770e-03
1.349465373611860475e+00,1.378580811433494091e-03
1.349590325555916293e+00,1.359937246888875961e-03
1.349715169372625923e+00,1.354337320663034916e-03
1.349839905248964467e+00,1.359692309051752090e-03
1.349964533371421416e+00,1.348559162579476833e-03
1.350089053926003979e+00,1.334357075393199921e-03
1.350213467098238196e+00,1.330533996224403381e-03
1.350337773073170045e+00,1.334597356617450714e-03
1.350461972035368108e+00,1.320671988651156425e-03
1.350586064168924683e+00,1.309120678342878819e-03
1.350710049657456890e+00,1.307445694692432880e-03
1.350833928684109564e+00,1.312051666900515556e-03
1.350957701431555691e+00,1.293021370656788349e-03
1.351081368081998635e+00,1.284247613511979580e-03
1.351204928817173689e+00,1.284896861761808395e-03
1.351328383818349410e+00,1.285419450141489506e-03
1.351451733266329613e+00,1.267032930627465248e-03
1.351574977341454709e+00,1.260167337022721767e-03
1.351698116223603252e+00,1.264177029952406883e-03
1.351821150092193502e+00,1.258033560588955879e-03
1.351944079126185416e+00,1.242511672899127007e-03
1.352066903504081541e+00,1.238341676071286201e-03
1.352189623403929009e+00,1.243375940248370171e-03
1.352312239003321093e+00,1.228909706696867943e-03
1.352434750479398096e+00,1.218702178448438644e-03
1.352557158008850680e+00,1.217177021317183971e-03
1.352679461767918978e+00,1.220899401232600212e-03
1.352801661932395261e+00,1.202912186272442341e-03
1.352923758677626376e+00,1.195430872030556202e-03
1.353045752178513528e+00,1.197671052068471909e-03
1.353167642609515164e+00,1.194999553263187408e-03
1.353289430144647643e+00,1.179010723717510700e-03
1.353411114957486561e+00,1.174365403130650520e-03
1.353532697221170089e+00,1.179353566840291023e-03
1.353654177108396750e+00,1.166379894129931927e-03
1.353775554791431857e+00,1.156362472102046013e-03
1.353896830442104182e+00,1.154978177510201931e-03
1.354018004231810401e+00,1.156500657089054585e-03
1.354139076331515756e+00,1.141676912084221840e-03
1.354260046911754944e+00,1.134814228862524033e-03
1.354380916142634783e+00,1.135729951784014702e-03
1.354501684193834210e+00,1.133247511461377144e-03
1.354622351234606503e+00,1.118925400078296661e-03
1.354742917433781058e+00,1.113801030442118645e-03
1.354863382959763607e+00,1.117229228839278221e-03
1.354983747980539333e+00,1.107873511500656605e-03
1.355104012663672641e+00,1.097130123525857925e-03
1.355224177176309164e+00,1.094041625037789345e-03
1.355344241685177531e+00,1.097036292776465416e-03
1.355464206356590928e+00,1.084854709915816784e-03
1.355584071356446429e+00,1.076635089702904224e-03
1.355703836850229660e+00,1.074131927452981472e-03
1.355823503003013908e+00,1.076058601029217243e-03
1.355943069979461457e+00,1.062671304680407047e-03
1.356062537943826030e+00,1.055525266565382481e-03
1.356181907059953673e+00,1.055638771504163742e-03
1.356301177491283871e+00,1.054810476489365101e-03
1.356420349400851322e+00,1.041131792590022087e-03
1.356539422951286822e+00,1.036107889376580715e-03
1.356658398304818824e+00,1.039392896927893162e-03
1.356777275623274770e+00,1.031023100949823856e-03
1.356896055068082863e+00,1.020438503473997116e-03
1.357014736800272070e+00,1.017264672555029392e-03
1.357133320980474567e+00,1.021887524984776974e-03
1.357251807768927288e+00,1.008183695375919342e-03
1.357370197325472150e+00,1.001388533040881157e-03
1.357488489809558274e+00,1.001897617243230343e-03
1.357606685380242206e+00,9.989013196900486946e-04
1.357724784196190360e+00,9.872809750959277153e-04
1.357842786415679903e+00,9.828496258705854416e-04
1.357960692196600094e+00,9.854659438133239746e-04
1.358078501696452722e+00,9.771742625162005424e-04
1.358196215072354329e+00,9.679158101789653301e-04
1.358313832481037986e+00,9.648567647673189640e-04
1.358431354078852404e+00,9.682817035354673862e-04
1.358548780021765268e+00,9.564359206706285477e-04
1.358666110465363674e+00,9.492990211583673954e-04
1.358783345564855471e+00,9.486833587288856506e-04
1.358900485475070363e+00,9.485624032095074654e-04
1.359017530350460801e+00,9.367388556711375713e-04
1.359134480345104867e+00,9.315515053458511829e-04
1.359251335612704725e+00,9.328630985692143440e-04
1.359368096306589946e+00,9.281554957851767540e-04
1.359484762579718620e+00,9.183307411149144173e-04
1.359601334584677579e+00,9.141990449279546738e-04
1.359717812473683951e+00,9.164069197140634060e-04
1.359834196398586714e+00,9.088033693842589855e-04
1.359950486510867806e+00,9.002790902741253376e-04
1.360066682961642792e+00,8.973226067610085011e-04
1.360182785901662195e+00,9.002353181131184101e-04
1.360298795481313938e+00,8.896830258890986443e-04
1.360414711850622460e+00,8.829676662571728230e-04
1.360530535159250931e+00,8.823843672871589661e-04
1.360646265556502588e+00,8.815761539153754711e-04
1.360761903191321842e+00,8.706050575710833073e-04
1.360877448212295171e+00,8.663072367198765278e-04
1.360992900767651781e+00,8.688884554430842400e-04
1.361108261005265829e+00,8.612235542386770248e-04
1.361223529072657090e+00,8.535222732461988926e-04
1.361338705116991621e+00,8.515514200553297997e-04
1.361453789285083760e+00,8.522970019839704037e-04
1.361568781723396349e+00,8.426634594798088074e-04
1.361683682578042287e+00,8.373511373065412045e-04
1.361798491994786309e+00,8.362666121684014797e-04
1.361913210119044315e+00,8.354657911695539951e-04
1.362027837095886929e+00,8.257260778918862343e-04
1.362142373070038159e+00,8.206437923945486546e-04
1.362256818185878293e+00,8.215261041186749935e-04
1.362371172587443446e+00,8.187366183847188950e-04
1.362485436418428453e+00,8.089517359621822834e-04
1.362599609822186419e+00,8.060166146606206894e-04
1.362713692941730503e+00,8.081050473265349865e-04
1.362827685919735465e+00,7.993645267561078072e-04
1.362941588898536560e+00,7.936373585835099220e-04
1.363055402020133977e+00,7.927098195068538189e-04
1.363169125426191064e+00,7.917599286884069443e-04
1.363282759258036547e+00,7.827851804904639721e-04
1.363396303656665864e+00,7.782040629535913467e-04
1.363509758762741386e+00,7.785923080518841743e-04
1.363623124716593971e+00,7.753641693852841854e-04
1.363736401658224073e+00,7.669252227060496807e-04
1.363849589727302636e+00,7.638739771209657192e-04
1.363962689063171974e+00,7.654869696125388145e-04
1.364075699804846664e+00,7.577684009447693825e-04
1.364188622091015768e+00,7.517428603023290634e-04
1.364301456060041717e+00,7.497259648516774178e-04
1.364414201849964092e+00,7.514702738262712955e-04
1.364526859598497399e+00,7.420143228955566883e-04
1.364639429443034846e+00,7.375146960839629173e-04
1.364751911520648120e+00,7.378904847428202629e-04
1.364864305968088720e+00,7.342844619415700436e-04
1.364976612921787957e+00,7.270387141034007072e-04
1.365088832517859618e+00,7.241598214022815228e-04
1.365200964892099744e+00,7.250460330396890640e-04
1.365313010179987963e+00,7.179268286563456059e-04
1.365424968516689042e+00,7.126153795979917049e-04
1.365536840037052224e+00,7.108102436177432537e-04
1.365648624875614114e+00,7.113420288078486919e-04
1.365760323166599122e+00,7.031406858004629612e-04
1.365871935043919017e+00,6.986313383094966412e-04
1.365983460641176039e+00,6.978709716349840164e-04
1.366094900091662234e+00,6.975810974836349487e-04
1.366206253528361447e+00,6.888187490403652191e-04
1.366317521083949327e+00,6.854821112938225269e-04
1.366428702890795543e+00,6.863698945380747318e-04
1.366539799080962680e+00,6.811913917772471905e-04
1.366650809786210008e+00,6.752465851604938507e-04
1.366761735137991707e+00,6.730873719789087772e-04
1.366872575267459533e+00,6.740586832165718079e-04
1.366983330305463040e+00,6.664909305982291698e-04
1.367094000382550911e+00,6.619833875447511673e-04
1.367204585628970959e+00,6.615403690375387669e-04
1.367315086174672567e+00,6.598936743102967739e-04
1.367425502149306027e+00,6.527682999148964882e-04
1.367535833682224755e+00,6.498235743492841721e-04
1.367646080902485073e+00,6.501315510831773281e-04
1.367756243938847760e+00,6.451042136177420616e-04
1.367866322919779609e+00,6.395495729520916939e-04
1.367976317973452538e+00,6.373269134201109409e-04
1.368086229227746253e+00,6.387287285178899765e-04
1.368196056810247807e+00,6.316630169749259949e-04
1.368305800848253817e+00,6.272511091083288193e-04
1.368415461468769800e+00,6.264957482926547527e-04
1.368525038798512616e+00,6.250471924431622028e-04
1.368634532963910466e+00,6.184542435221374035e-04
1.368743944091103115e+00,6.156094023026525974e-04
1.368853272305945001e+00,6.166053935885429382e-04
1.368962517734003015e+00,6.103008054196834564e-04
1.369071680500560273e+00,6.058096769265830517e-04
1.369180760730615232e+00,6.053147371858358383e-04
1.369289758548883018e+00,6.044831825420260429e-04
1.369398674079796763e+00,5.972810322418808937e-04
1.369507507447506933e+00,5.953441723249852657e-04
1.369616258775884221e+00,5.956150707788765430e-04
1.369724928188519097e+00,5.891410401090979576e-04
1.369833515808722924e+00,5.854632472619414330e-04
1.369942021759529061e+00,5.854790797457098961e-04
1.370050446163692870e+00,5.829629953950643539e-04
1.370158789143693934e+00,5.769119015894830227e-04
1.370267050821735388e+00,5.748417461290955544e-04
1.370375231319745923e+00,5.758424522355198860e-04
1.370483330759380225e+00,5.692457780241966248e-04
1.370591349262019421e+00,5.659478483721613884e-04
1.370699286948772189e+00,5.661133909597992897e-04
1.370807143940475870e+00,5.622773314826190472e-04
1.370914920357696687e+00,5.572188529185950756e-04
1.371022616320730858e+00,5.558145348913967609e-04
1.371130231949605705e+00,5.559669807553291321e-04
1.371237767364080318e+00,5.497689126059412956e-04
1.371345222683645337e+00,5.470218020491302013e-04
1.371452598027525172e+00,5.469987518154084682e-04
1.371559893514678441e+00,5.427676951512694359e-04
1.371667109263798201e+00,5.384632968343794346e-04
1.371774245393312830e+00,5.367122357711195946e-04
1.371881302021388027e+00,5.371755687519907951e-04
1.371988279265925259e+00,5.311800632625818253e-04
1.372095177244565090e+00,5.280381301417946815e-04
1.372201996074686070e+00,5.280047189444303513e-04
1.372308735873406738e+00,5.250563262961804867e-04
1.372415396757585615e+00,5.204891203902661800e-04
1.372521978843821877e+00,5.185048212297260761e-04
1.372628482248457127e+00,5.185912013985216618e-04
1.372734907087575174e+00,5.135370884090662003e-04
1.372841253477002921e+00,5.098428810015320778e-04
1.372947521532311699e+00,5.085534066893160343e-04
1.373053711368817265e+00,5.086904275231063366e-04
1.373159823101581356e+00,5.028579616919159889e-04
1.373265856845411914e+00,5.002458347007632256e-04
1.373371812714863305e+00,5.003705155104398727e-04
1.373477690824238540e+00,4.968514549545943737e-04
1.373583491287588609e+00,4.927748814225196838e-04
1.373689214218714261e+00,4.912301665171980858e-04
1.373794859731165330e+00,4.911857540719211102e-04
1.373900427938243629e+00,4.861813504248857498e-04
1.374005918953001615e+00,4.831389233004301786e-04
1.374111332888243719e+00,4.822056507691740990e-04
1.374216669856528128e+00,4.810611717402935028e-04
1.374321929970165668e+00,4.761220770888030529e-04
1.374427113341222917e+00,4.736526461783796549e-04
1.374532220081519540e+00,4.739454016089439392e-04
1.374637250302632951e+00,4.702701407950371504e-04
1.374742204115895650e+00,4.664656589739024639e-04
1.374847081632398105e+00,4.653705400414764881e-04
1.374951882962988536e+00,4.648305766750127077e-04
1.375056608218273801e+00,4.600297834258526564e-04
1.375161257508619395e+00,4.575292405206710100e-04
1.375265830944151890e+00,4.577540385071188211e-04
1.375370328634757611e+00,4.540697846096009016e-04
1.375474750690084846e+00,4.506002296693623066e-04
1.375579097219544078e+00,4.493299929890781641e-04
1.375683368332308198e+00,4.490011488087475300e-04
1.375787564137313623e+00,4.441441560629755259e-04
1.375891684743260734e+00,4.418739117681980133e-04
1.375995730258614991e+00,4.422156198415905237e-04
1.376099700791607816e+00,4.385137581266462803e-04
1.376203596450235711e+00,4.351355019025504589e-04
1.376307417342262696e+00,4.339829320088028908e-04
1.376411163575220531e+00,4.336247220635414124e-04
1.376514835256408498e+00,4.290471842978149652e-04
1.376618432492894950e+00,4.266794712748378515e-04
1.376721955391518426e+00,4.269582277629524469e-04
1.376825404058886981e+00,4.236810200382024050e-04
1.376928778601379078e+00,4.204631259199231863e-04
1.377032079125145581e+00,4.194715002086013556e-04
1.377135305736109094e+00,4.182222182862460613e-04
1.377238458539964849e+00,4.143046389799565077e-04
1.377341537642182256e+00,4.121893725823611021e-04
1.377444543148003797e+00,4.123056423850357533e-04
1.377547475162447244e+00,4.092008457519114017e-04
1.377650333790305881e+00,4.059667408000677824e-04
1.377753119136148507e+00,4.041224019601941109e-04
1.377855831304320988e+00,4.044631787110120058e-04
1.377958470398946700e+00,4.005581722594797611e-04
1.378061036523926308e+00,3.979538450948894024e-04
1.378163529782939323e+00,3.976648731622844934e-04
1.378265950279444541e+00,3.955596184823662043e-04
1.378368298116680268e+00,3.922088653780519962e-04
1.378470573397665877e+00,3.904038458131253719e-04
1.378572776225201357e+00,3.900477895513176918e-04
1.378674906701867986e+00,3.873053938150405884e-04
1.378776964930030102e+00,3.843328449875116348e-04
1.378878951011834664e+00,3.825467429123818874e-04
1.378980865049211912e+00,3.825669118668884039e-04
1.379082707143876707e+00,3.796746022999286652e-04
1.379184477397328079e+00,3.766075533349066973e-04
1.379286175910851009e+00,3.751504700630903244e-04
1.379387802785515760e+00,3.755376383196562529e-04
1.379489358122179654e+00,3.715190396178513765e-04
1.379590842021487074e+00,3.694705374073237181e-04
1.379692254583870570e+00,3.690870653372257948e-04
1.379793595909549753e+00,3.668150748126208782e-04
1.379894866098534845e+00,3.638230846263468266e-04
1.379996065250624460e+00,3.624075325205922127e-04
1.380097193465407823e+00,3.623051452450454235e-04
1.380198250842264551e+00,3.588354156818240881e-04
1.380299237480365759e+00,3.565922379493713379e-04
1.380400153478674508e+00,3.559321921784430742e-04
1.380500998935946688e+00,3.546657098922878504e-04
1.380601773950730360e+00,3.511845716275274754e-04
1.380702478621367968e+00,3.496149147395044565e-04
1.380803113045995678e+00,3.500878810882568359e-04
1.380903677322544487e+00,3.465488262008875608e-04
1.381004171548741555e+00,3.445105685386806726e-04
1.381104595822108649e+00,3.442821907810866833e-04
1.381204950239965257e+00,3.417001571506261826e-04
1.381305234899426804e+00,3.390059573575854301e-04
1.381405449897407323e+00,3.378301043994724751e-04
1.381505595330618119e+00,3.381343849468976259e-04
1.381605671295570215e+00,3.343673597555607557e-04
1.381705677888573236e+00,3.327793383505195379e-04
1.381805615205736748e+00,3.326084988657385111e-04
1.381905483342970697e+00,3.295881615485996008e-04
1.382005282395986523e+00,3.273795882705599070e-04
1.382105012460296267e+00,3.266556595917791128e-04
1.382204673631215019e+00,3.261380770709365606e-04
1.382304266003859805e+00,3.226303088013082743e-04
1.382403789673150918e+00,3.214075695723295212e-04
1.382503244733812808e+00,3.210826544091105461e-04
1.382602631280373195e+00,3.182415093760937452e-04
1.382701949407165509e+00,3.162539214827120304e-04
1.382801199208328002e+00,3.154212899971753359e-04
1.382900380777804861e+00,3.146910457871854305e-04
1.382999494209346869e+00,3.115612780675292015e-04
1.383098539596511412e+00,3.099715977441519499e-04
1.383197517032663582e+00,3.100738103967159986e-04
1.383296426610976182e+00,3.075003623962402344e-04
1.383395268424430835e+00,3.053234831895679235e-04
1.383494042565817539e+00,3.050467057619243860e-04
1.383592749127736887e+00,3.032921813428401947e-04
1.383691388202598516e+00,3.008620114997029305e-04
1.383789959882623100e+00,3.000072319991886616e-04
1.383888464259842799e+00,2.992053050547838211e-04
1.383986901426100369e+00,2.964161976706236601e-04
1.384085271473051604e+00,2.948059700429439545e-04
1.384183574492164892e+00,2.945288724731653929e-04
1.384281810574720994e+00,2.928739413619041443e-04
1.384379979811815264e+00,2.904329157900065184e-04
1.384478082294356538e+00,2.893520868383347988e-04
1.384576118113068466e+00,2.891604381147772074e-04
1.384674087358490624e+00,2.863513946067541838e-04
1.384771990120977181e+00,2.846696006599813700e-04
1.384869826490699118e+00,2.842122048605233431e-04
1.384967596557643787e+00,2.827889402396976948e-04
1.385065300411616240e+00,2.804644173011183739e-04
1.385162938142238120e+00,2.793116436805576086e-04
1.385260509838950549e+00,2.791161823552101851e-04
1.385358015591012348e+00,2.765192475635558367e-04
1.385455455487502041e+00,2.745995589066296816e-04
1.385552829617317183e+00,2.738664334174245596e-04
1.385650138069176140e+00,2.736164897214621305e-04
1.385747380931617423e+00,2.707459789235144854e-04
1.385844558293000794e+00,2.695961447898298502e-04
1.385941670241507495e+00,2.693456190172582865e-04
1.386038716865141129e+00,2.669816603884100914e-04
1.386135698251727000e+00,2.652480034157633781e-04
1.386232614488914772e+00,2.646705252118408680e-04
1.386329465664176253e+00,2.638782316353172064e-04
1.386426251864807613e+00,2.613395045045763254e-04
1.386522973177929829e+00,2.601816959213465452e-04
1.386619629690488686e+00,2.601539017632603645e-04
1.386716221489254774e+00,2.577941340859979391e-04
1.386812748660825267e+00,2.561797155067324638e-04
1.386909211291623256e+00,2.552856458351016045e-04
1.387005609467898193e+00,2.548818883951753378e-04
1.387101943275727667e+00,2.523328294046223164e-04
1.387198212801016295e+00,2.509128244128078222e-04
1.387294418129496831e+00,2.510708000045269728e-04
1.387390559346731056e+00,2.490154292900115252e-04
1.387486636538109552e+00,2.472844789735972881e-04
1.387582649788852152e+00,2.469618630129843950e-04
1.387678599184009043e+00,2.454374625813215971e-04
1.387774484808460995e+00,2.434967173030599952e-04
1.387870306746919136e+00,2.427788713248446584e-04
1.387966065083925837e+00,2.423046535113826394e-04
1.388061759903856052e+00,2.398775541223585606e-04
1.388157391290916198e+00,2.387948043178766966e-04
1.388252959329145941e+00,2.388241700828075409e-04
1.388348464102417079e+00,2.365204272791743279e-04
1.388443905694435987e+00,2.351806033402681351e-04
1.388539284188742728e+00,2.346949768252670765e-04
1.388634599668711278e+00,2.334792807232588530e-04
1.388729852217551075e+00,2.316184982191771269e-04
1.388825041918306358e+00,2.304066292708739638e-04
1.388920168853857939e+00,2.304298832314088941e-04
1.389015233106921876e+00,2.285326627315953374e-04
1.389110234760051243e+00,2.269229153171181679e-04
1.389205173895636136e+00,2.265624498249962926e-04
1.389300050595903668e+00,2.253118727821856737e-04
1.389394864942919305e+00,2.235395077150315046e-04
1.389489617018587087e+00,2.227419754490256310e-04
1.389584306904649402e+00,2.224096242571249604e-04
1.389678934682687439e+00,2.203212206950411201e-04
1.389773500434122289e+00,2.189596561947837472e-04
1.389868004240215393e+00,2.186654019169509411e-04
1.389962446182068323e+00,2.175305271521210670e-04
1.390056826340622775e+00,2.158363495254889131e-04
1.390151144796663019e+00,2.153794775949791074e-04
1.390245401630814337e+00,2.143003948731347919e-04
1.390339596923543697e+00,2.124905586242675781e-04
1.390433730755161301e+00,2.116156101692467928e-04
1.390527803205819479e+00,2.116789546562358737e-04
1.390621814355514685e+00,2.094474766636267304e-04
1.390715764284086386e+00,2.083352010231465101e-04
1.390809653071218621e+00,2.081546263070777059e-04
1.390903480796439551e+00,2.065632288577035069e-04
1.390997247539123016e+00,2.052676136372610927e-04
1.391090953378487427e+00,2.047158195637166500e-04
1.391184598393597094e+00,2.038142119999974966e-04
1.391278182663362895e+00,2.021647669607773423e-04
1.391371706266541608e+00,2.011533651966601610e-04
1.391465169281737468e+00,2.009670715779066086e-04
1.391558571787401499e+00,1.994088670471683145e-04
1.391651913861833290e+00,1.980166416615247726e-04
1.391745195583179884e+00,1.975811901502311230e-04
1.391838417029436670e+00,1.967794378288090229e-04
1.391931578278448711e+00,1.950113073689863086e-04
1.392024679407909860e+00,1.942545350175350904e-04
1.392117720495363420e+00,1.941422233358025551e-04
1.392210701618203483e+00,1.922656083479523659e-04
1.392303622853674039e+00,1.913311716634780169e-04
1.392396484278869639e+00,1.910245628096163273e-04
1.392489285970737178e+00,1.895676541607826948e-04
1.392582028006073891e+00,1.882899668999016285e-04
1.392674710461530019e+00,1.875993184512481093e-04
1.392767333413607478e+00,1.873888541013002396e-04
1.392859896938661191e+00,1.855180162237957120e-04
1.392952401112899308e+00,1.845826191129162908e-04
1.393044846012383209e+00,1.845652877818793058e-04
1.393137231713028390e+00,1.828596723498776555e-04
1.393229558290604686e+00,1.817723241401836276e-04
1.393321825820736271e+00,1.814200368244200945e-04
1.393414034378902100e+00,1.803555787773802876e-04
1.393506184040437468e+00,1.789503294276073575e-04
1.393598274880532228e+00,1.784041523933410645e-04
1.393690306974233462e+00,1.780620223144069314e-04
1.393782280396443474e+00,1.762699248502030969e-04
1.393874195221922463e+00,1.755950797814875841e-04
1.393966051525287408e+00,1.753651595208793879e-04
1.394057849381012737e+00,1.737544080242514610e-04
1.394149588863431211e+00,1.730246440274640918e-04
1.394241270046733261e+00,1.725341717246919870e-04
1.394332893004968765e+00,1.711485238047316670e-04
1.394424457812045715e+00,1.701934525044634938e-04
1.394515964541732211e+00,1.699811546131968498e-04
1.394607413267655582e+00,1.688272604951635003e-04
1.394698804063303710e+00,1.675722742220386863e-04
1.394790137002024366e+00,1.671200006967410445e-04
1.394881412157026546e+00,1.665332820266485214e-04
1.394972629601380243e+00,1.651442726142704487e-04
1.395063789408016897e+00,1.644341391511261463e-04
1.395154891649729390e+00,1.640900154598057270e-04
1.395245936399173825e+00,1.627568126423284411e-04
1.395336923728867751e+00,1.617486705072224140e-04
1.395427853711192157e+00,1.614715001778677106e-04
1.395518726418391253e+00,1.605525758350268006e-04
1.395609541922572694e+00,1.593537162989377975e-04
1.395700300295708018e+00,1.585681457072496414e-04
1.395791001609633097e+00,1.585375575814396143e-04
1.395881645936048576e+00,1.569901360198855400e-04
1.395972233346519431e+00,1.560681121191009879e-04
1.396062763912476523e+00,1.558655058033764362e-04
1.396153237705216155e+00,1.548155996715649962e-04
1.396243654795900735e+00,1.537265488877892494e-04
1.396334015255558558e+00,1.534442271804437041e-04
1.396424319155084692e+00,1.525540719740092754e-04
1.396514566565241200e+00,1.514296745881438255e-04
1.396604757556657583e+00,1.511013251729309559e-04
1.396694892199831006e+00,1.502618688391521573e-04
1.396784970565126072e+00,1.491234288550913334e-04
1.396874992722776376e+00,1.485436951043084264e-04
1.396964958742883622e+00,1.482921070419251919e-04
1.397054868695418284e+00,1.468774280510842800e-04
1.397144722650220716e+00,1.461690699215978384e-04
1.397234520677000269e+00,1.459627528674900532e-04
1.397324262845336840e+00,1.448469847673550248e-04
1.397413949224679985e+00,1.438916078768670559e-04
1.397503579884350033e+00,1.435983867850154638e-04
1.397593154893538081e+00,1.428448158549144864e-04
1.397682674321306884e+00,1.417046732967719436e-04
1.397772138236589967e+00,1.411385601386427879e-04
1.397861546708193625e+00,1.409637625329196453e-04
1.397950899804795144e+00,1.396092848153784871e-04
1.398040197594945022e+00,1.391228579450398684e-04
1.398129440147066971e+00,1.386071962770074606e-04
1.398218627529456803e+00,1.375392894260585308e-04
1.398307759810284212e+00,1.369718083878979087e-04
1.398396837057592990e+00,1.365530624752864242e-04
1.398485859339300363e+00,1.354649721179157495e-04
1.398574826723197884e+00,1.346485805697739124e-04
1.398663739276952755e+00,1.344569172943010926e-04
1.398752597068105619e+00,1.335617271251976490e-04
1.398841400164073656e+00,1.326312049059197307e-04
1.398930148632149040e+00,1.324916811427101493e-04
1.399018842539500262e+00,1.314788678428158164e-04
1.399107481953171028e+00,1.306141057284548879e-04
1.399196066940083139e+00,1.303703465964645147e-04
1.399284597567033384e+00,1.295985130127519369e-04
1.399373073900697317e+00,1.287274062633514404e-04
1.399461496007626815e+00,1.283161400351673365e-04
1.399549863954251627e+00,1.276785769732668996e-04
1.399638177806880046e+00,1.266942417714744806e-04
1.399726437631698239e+00,1.261170691577717662e-04
1.399814643494770694e+00,1.259935233974829316e-04
1.399902795462041549e+00,1.248168846359476447e-04
1.399990893599333264e+00,1.243079168489202857e-04
1.400078937972348836e+00,1.239498960785567760e-04
1.400166928646669806e+00,1.229428453370928764e-04
1.400254865687758921e+00,1.222593564307317138e-04
1.400342749160959022e+00,1.221305865328758955e-04
1.400430579131492603e+00,1.211257185786962509e-04
1.400518355664464476e+00,1.204272848553955555e-04
1.400606078824859990e+00,1.201832055812701583e-04
1.400693748677546369e+00,1.193339339806698263e-04
1.400781365287272040e+00,1.185913497465662658e-04
1.400868928718668638e+00,1.182871055789291859e-04
1.400956439036248558e+00,1.176643854705616832e-04
1.401043896304408509e+00,1.167544105555862188e-04
1.401131300587427075e+00,1.162901389761827886e-04
1.401218651949466487e+00,1.160645188065245748e-04
1.401305950454572846e+00,1.149895542766898870e-04
1.401393196166675237e+00,1.145453206845559180e-04
1.401480389149587724e+00,1.141758402809500694e-04
1.401567529467007800e+00,1.132927864091470838e-04
1.401654617182518159e+00,1.127666473621502519e-04
1.401741652359586920e+00,1.124670452554710209e-04
1.401828635061566297e+00,1.116212370106950402e-04
1.401915565351694593e+00,1.109345976146869361e-04
1.402002443293095979e+00,1.106645286199636757e-04
1.402089268948780720e+00,1.100666995625942945e-04
1.402176042381644505e+00,1.093112077796831727e-04
1.402262763654470445e+00,1.090177538571879268e-04
1.402349432829928855e+00,1.083155366359278560e-04
1.402436049970575915e+00,1.075706895790062845e-04
1.402522615138856565e+00,1.072812519851140678e-04
1.402609128397102056e+00,1.067619450623169541e-04
1.402695589807532617e+00,1.059787973645143211e-04
1.402781999432256343e+00,1.056852706824429333e-04
1.402868357333269644e+00,1.051268773153424263e-04
1.402954663572458127e+00,1.043725933413952589e-04
1.403040918211595267e+00,1.039141061482951045e-04
1.403127121312345738e+00,1.036881658365018666e-04
1.403213272936261857e+00,1.028095939545892179e-04
1.403299373144786699e+00,1.022467258735559881e-04
1.403385421999253202e+00,1.020567870000377297e-04
1.403471419560884392e+00,1.013000946841202676e-04
1.403557365890794717e+00,1.006864767987281084e-04
1.403643261049988045e+00,1.004458754323422909e-04
1.403729105099360774e+00,9.980710456147789955e-05
1.403814898099699615e+00,9.910725202644243836e-05
1.403900640111683584e+00,9.886115731205791235e-05
1.403986331195883341e+00,9.832018258748576045e-05
1.404071971412761410e+00,9.764232527231797576e-05
1.404157560822673290e+00,9.740642417455092072e-05
1.404243099485866564e+00,9.677770867710933089e-05
1.404328587462482014e+00,9.614814189262688160e-05
1.404414024812553397e+00,9.584524377714842558e-05
1.404499411596007885e+00,9.540028986521065235e-05
1.404584747872666739e+00,9.469203359913080931e-05
1.404670033702244636e+00,9.432962542632594705e-05
1.404755269144350560e+00,9.397036046721041203e-05
1.404840454258487581e+00,9.326610597781836987e-05
1.404925589104054184e+00,9.278237848775461316e-05
1.405010673740342941e+00,9.265055268770083785e-05
1.405095708226542506e+00,9.188147669192403555e-05
1.405180692621735838e+00,9.134057472692802548e-05
1.405265626984902871e+00,9.118153684539720416e-05
1.405350511374917621e+00,9.054282418219372630e-05
1.405435345850552409e+00,8.997039549285545945e-05
1.405520130470473639e+00,8.964385051513090730e-05
1.405604865293246464e+00,8.926596638048067689e-05
1.405689550377331898e+00,8.860376692609861493e-05
1.405774185781087704e+00,8.820678340271115303e-05
1.405858771562769505e+00,8.794773020781576633e-05
1.405943307780530782e+00,8.728032844373956323e-05
1.406027794492422212e+00,8.682197949383407831e-05
1.406112231756392994e+00,8.662223262945190072e-05
1.406196619630290412e+00,8.597735723014920950e-05
1.406280958171860274e+00,8.541153511032462120e-05
1.406365247438747579e+00,8.519245602656155825e-05
1.406449487488495853e+00,8.474409696646034718e-05
1.406533678378548036e+00,8.415195770794525743e-05
1.406617820166246702e+00,8.398860518354922533e-05
1.406701912908834062e+00,8.337090548593550920e-05
1.406785956663451964e+00,8.291011909022927284e-05
1.406869951487143222e+00,8.270247781183570623e-05
1.406953897436850287e+00,8.206679922295734286e-05
1.407037794569417022e+00,8.159358549164608121e-05
1.407121642941587147e+00,8.143253944581374526e-05
1.407205442610006463e+00,8.084250293904915452e-05
1.407289193631221735e+00,8.042299305088818073e-05
1.407372896061681589e+00,8.010886085685342550e-05
1.407456549957735614e+00,7.959276263136416674e-05
1.407540155375636370e+00,7.917614129837602377e-05
1.407623712371538494e+00,7.899487536633387208e-05
1.407707221001498699e+00,7.835894939489662647e-05
1.407790681321476445e+00,7.795016426825895905e-05
1.407874093387335046e+00,7.781836757203564048e-05
1.407957457254839673e+00,7.716932304902002215e-05
1.408040772979659572e+00,7.680203270865604281e-05
1.408124040617367623e+00,7.657073729205876589e-05
1.408207260223440560e+00,7.593883492518216372e-05
1.408290431853258751e+00,7.552918395958840847e-05
1.408373555562107304e+00,7.553342584287747741e-05
1.408456631405175630e+00,7.478226325474679470e-05
1.408539659437557656e+00,7.450136763509362936e-05
1.408622639714252722e+00,7.419384201057255268e-05
1.408705572290164909e+00,7.365542114712297916e-05
1.408788457220103707e+00,7.342755270656198263e-05
1.408871294558784681e+00,7.296755939023569226e-05
1.408954084360828585e+00,7.254482625285163522e-05
1.409036826680762244e+00,7.233866926981136203e-05
1.409119521573019229e+00,7.187057781266048551e-05
1.409202169091938739e+00,7.139633089536800981e-05
1.409284769291767825e+00,7.118336361600086093e-05
1.409367322226658947e+00,7.080434443196281791e-05
1.409449827950673084e+00,7.030861161183565855e-05
1.409532286517777511e+00,7.016200834186747670e-05
1.409614697981847353e+00,6.965990905882790685e-05
1.409697062396665812e+00,6.925206980668008327e-05
1.409779379815923273e+00,6.912890967214480042e-05
1.409861650293218860e+00,6.858131382614374161e-05
1.409943873882059995e+00,6.819378904765471816e-05
1.410026050635862838e+00,6.803071300964802504e-05
1.410108180607951400e+00,6.754825153620913625e-05
1.410190263851559322e+00,6.715027120662853122e-05
1.410272300419830094e+00,6.702724203933030367e-05
1.410354290365815499e+00,6.649244460277259350e-05
1.410436233742477175e+00,6.612153083551675081e-05
1.410518130602687270e+00,6.602505891351029277e-05
1.410599980999226899e+00,6.547973316628485918e-05
1.410681784984788356e+00,6.517578731290996075e-05
1.410763542611973342e+00,6.494932313216850162e-05
1.410845253933295185e+00,6.447824853239580989e-05
1.410926919001177726e+00,6.418467819457873702e-05
1.411008537867955548e+00,6.395639502443373203e-05
1.411090110585874413e+00,6.348735769279301167e-05
1.411171637207091711e+00,6.318245868897065520e-05
1.411253117783676903e+00,6.304824637481942773e-05
1.411334552367610407e+00,6.249657599255442619e-05
1.411415941010785380e+00,6.219752685865387321e-05
1.411497283765006605e+00,6.209351704455912113e-05
1.411578580681992046e+00,6.154940638225525618e-05
1.411659831813371513e+00,6.132914131740108132e-05
1.411741037210687999e+00,6.103499981691129506e-05
1.411822196925397233e+00,6.059711449779570103e-05
1.411903311008869011e+00,6.034787293174304068e-05
1.411984379512385424e+00,6.016565384925343096e-05
1.412065402487142851e+00,5.966110256849788129e-05
1.412146379984251521e+00,5.943684300291351974e-05
1.412227312054734618e+00,5.921499541727825999e-05
1.412308198749530952e+00,5.876747309230268002e-05
1.412389040119492956e+00,5.860857709194533527e-05
1.412469836215387353e+00,5.824107211083173752e-05
1.412550587087896048e+00,5.787103145848959684e-05
1.412631292787616344e+00,5.771499854745343328e-05
1.412711953365059392e+00,5.734137084800750017e-05
1.412792568870653076e+00,5.699285611626692116e-05
1.412873139354739793e+00,5.684095958713442087e-05
1.412953664867577563e+00,5.647151920129545033e-05
1.413034145459341584e+00,5.612555469269864261e-05
1.413114581180121787e+00,5.598087227554060519e-05
1.413194972079924838e+00,5.559731653193011880e-05
1.413275318208674136e+00,5.528134715859778225e-05
1.413355619616208925e+00,5.514412987395189703e-05
1.413435876352286291e+00,5.473414421430788934e-05
1.413516088466579390e+00,5.441627217805944383e-05
1.413596256008679664e+00,5.429401426226831973e-05
1.413676379028094399e+00,5.390708247432485223e-05
1.413756457574250280e+00,5.358855560189113021e-05
1.413836491696489839e+00,5.347006299416534603e-05
1.413916481444075002e+00,5.308031177264638245e-05
1.413996426866185097e+00,5.278509706840850413e-05
1.414076328011918182e+00,5.267468441161327064e-05
1.414156184930289939e+00,5.223814150667749345e-05
1.414235997670235889e+00,5.195363701204769313e-05
1.414315766280609399e+00,5.189291550777852535e-05
1.414395490810183231e+00,5.143684029462747276e-05
1.414475171307649548e+00,5.120143032399937510e-05
1.414554807821619464e+00,5.104823503643274307e-05
1.414634400400623715e+00,5.064868310000747442e-05
1.414713949093113099e+00,5.047251397627405822e-05
1.414793453947458035e+00,5.021075412514619529e-05
1.414872915011948784e+00,4.985168925486505032e-05
1.414952332334796559e+00,4.970121881342492998e-05
1.415031705964131969e+00,4.944086322211660445e-05
1.415111035948007467e+00,4.911840005661360919e-05
1.415190322334395567e+00,4.899168925476260483e-05
1.415269565171189292e+00,4.863820140599273145e-05
1.415348764506203949e+00,4.839571192860603333e-05
1.415427920387174909e+00,4.821496986551210284e-05
1.415507032861760273e+00,4.788373917108401656e-05
1.415586101977538425e+00,4.761182572110556066e-05
1.415665127782010702e+00,4.754429755848832428e-05
1.415744110322599614e+00,4.714245733339339495e-05
1.415823049646650844e+00,4.690621426561847329e-05
1.415901945801431028e+00,4.679957055486738682e-05
1.415980798834130416e+00,4.642056228476576507e-05
1.416059608791861102e+00,4.623590575647540390e-05
1.416138375721659237e+00,4.602754052029922605e-05
1.416217099670482371e+00,4.570934470393694937e-05
1.416295780685212558e+00,4.553336839308030903e-05
1.416374418812653913e+00,4.533371975412592292e-05
1.416453014099535945e+00,4.498850103118456900e-05
1.416531566592509561e+00,4.483274096855893731e-05
1.416610076338151503e+00,4.464006997295655310e-05
1.416688543382961019e+00,4.431528213899582624e-05
1.416766967773362751e+00,4.418491516844369471e-05
1.416845349555704292e+00,4.391008769744075835e-05
1.416923688776259294e+00,4.365191125543788075e-05
1.417001985481224802e+00,4.350023664301261306e-05
1.417080239716723478e+00,4.324725887272506952e-05
1.417158451528802265e+00,4.297666964703239501e-05
1.417236620963433946e+00,4.281501242076046765e-05
1.417314748066516694e+00,4.261080539436079562e-05
1.417392832883872966e+00,4.229959813528694212e-05
1.417470875461252611e+00,4.215509034111164510e-05
1.417548875844329537e+00,4.195480141788721085e-05
1.417626834078704601e+00,4.165470454609021544e-05
1.417704750209904940e+00,4.159160016570240259e-05
1.417782624283383752e+00,4.124765473534353077e-05
1.417860456344519848e+00,4.106190317543223500e-05
1.417938246438619876e+00,4.092135350219905376e-05
1.418015994610916319e+00,4.061923755216412246e-05
1.418093700906569277e+00,4.045091918669641018e-05
1.418171365370665571e+00,4.027526301797479391e-05
1.418248988048218751e+00,3.999181353719905019e-05
1.418326568984170866e+00,3.982794441981241107e-05
1.418404108223390470e+00,3.965383439208380878e-05
1.418481605810674839e+00,3.937411747756414115e-05
1.418559061790747755e+00,3.924803604604676366e-05
1.418636476208261721e+00,3.902469325112178922e-05
1.418713849107798186e+00,3.878614370478317142e-05
1.418791180533865548e+00,3.865559119731187820e-05
1.418868470530901149e+00,3.842284422717057168e-05
1.418945719143271500e+00,3.818344703176990151e-05
1.419022926415271169e+00,3.807336906902492046e-05
1.419100092391123891e+00,3.783343345276080072e-05
1.419177217114982792e+00,3.759464016184210777e-05
1.419254300630929722e+00,3.746866059373132885e-05
1.419331342982975919e+00,3.727188595803454518e-05
1.419408344215062678e+00,3.701126479427330196e-05
1.419485304371060685e+00,3.688355718622915447e-05
1.419562223494770015e+00,3.668717181426472962e-05
1.419639101629921685e+00,3.645806646090932190e-05
1.419715938820175660e+00,3.637205372797325253e-05
1.419792735109123294e+00,3.608992483350448310e-05
1.419869490540285772e+00,3.593364090193063021e-05
1.419946205157115005e+00,3.579101030481979251e-05
1.420022879002993177e+00,3.553664282662793994e-05
1.420099512121234531e+00,3.539178214850835502e-05
1.420176104555082697e+00,3.523599298205226660e-05
1.420252656347713582e+00,3.498911246424540877e-05
1.420329167542234483e+00,3.482713509583845735e-05
1.420405638181683416e+00,3.472294338280335069e-05
1.420482068309030455e+00,3.444388858042657375e-05
1.420558457967177279e+00,3.430143624427728355e-05
1.420634807198957628e+00,3.417189509491436183e-05
1.420711116047137068e+00,3.392535290913656354e-05
1.420787384554413668e+00,3.382165232324041426e-05
1.420863612763417105e+00,3.359984839335083961e-05
1.420939800716710444e+00,3.340972034493461251e-05
1.421015948456788580e+00,3.331189509481191635e-05
1.421092056026079575e+00,3.309151725261472166e-05
1.421168123466944211e+00,3.290327003924176097e-05
1.421244150821676433e+00,3.280098462710157037e-05
1.421320138132503352e+00,3.258222932345233858e-05
1.421396085441585244e+00,3.240244041080586612e-05
1.421471992791015992e+00,3.229825233574956656e-05
1.421547860222822868e+00,3.208296766388230026e-05
1.421623687778967415e+00,3.189007111359387636e-05
1.421699475501343679e+00,3.181986903655342758e-05
1.421775223431781754e+00,3.158736581099219620e-05
1.421850931612044233e+00,3.143673166050575674e-05
1.421926600083828651e+00,3.131148696411401033e-05
1.422002228888767039e+00,3.108539749518968165e-05
1.422077818068425703e+00,3.095659849350340664e-05
1.422153367664305668e+00,3.083136471104808152e-05
1.422228877717842899e+00,3.060466406168416142e-05
1.422304348270408525e+00,3.049799488508142531e-05
1.422379779363308838e+00,3.034253131772857159e-05
1.422455171037784405e+00,3.013744571944698691e-05
1.422530523335012287e+00,3.007318809977732599e-05
1.422605836296105153e+00,2.984846832987386733e-05
1.422681109962109947e+00,2.969404158648103476e-05
1.422756344374010995e+00,2.961049904115498066e-05
1.422831539572727344e+00,2.937629142252262682e-05
1.422906695599114757e+00,2.925289845734369010e-05
1.422981812493965270e+00,2.913806383730843663e-05
1.423056890298006527e+00,2.892642805818468332e-05
1.423131929051903111e+00,2.886088441300671548e-05
1.423206928796256543e+00,2.864893031073734164e-05
1.423281889571604175e+00,2.849636075552552938e-05
1.423356811418420964e+00,2.842217691068071872e-05
1.423431694377118584e+00,2.820151894411537796e-05
1.423506538488045203e+00,2.808211320370901376e-05
1.423581343791487486e+00,2.796669832605402917e-05
1.423656110327668589e+00,2.776763358269818127e-05
1.423730838136749499e+00,2.767453042906709015e-05
1.423805527258828363e+00,2.751919237198308110e-05
1.423880177733941377e+00,2.734605368459597230e-05
1.423954789602063009e+00,2.725656850088853389e-05
1.424029362903104889e+00,2.708533247641753405e-05
1.424103897676918029e+00,2.692684392968658358e-05
1.424178393963290157e+00,2.685125946300104260e-05
1.424252851801948605e+00,2.666571162990294397e-05
1.424327271232558978e+00,2.651735485414974391e-05
1.424401652294724929e+00,2.645805943757295609e-05
1.424475995027989716e+00,2.624949775054119527e-05
1.424550299471834869e+00,2.614114782772958279e-05
1.424624565665681075e+00,2.602369204396381974e-05
1.424698793648888628e+00,2.584122375992592424e-05
1.424772983460756759e+00,2.573954952822532505e-05
1.424847135140523635e+00,2.562296322139445692e-05
1.424921248727367917e+00,2.544624658185057342e-05
1.424995324260407203e+00,2.537203909014351666e-05
1.425069361778699140e+00,2.521353962947614491e-05
1.425143361321241198e+00,2.506483178876806051e-05
1.425217322926970676e+00,2.498998219380155206e-05
1.425291246634765807e+00,2.481599040038418025e-05
1.425365132483443986e+00,2.467535887262783945e-05
1.425438980511763321e+00,2.461684198351576924e-05
1.425512790758423298e+00,2.443831181153655052e-05
1.425586563262063233e+00,2.431879875075537711e-05
1.425660298061262932e+00,2.422652505629230291e-05
1.425733995194543580e+00,2.405843042652122676e-05
1.425807654700367522e+00,2.395266346866264939e-05
1.425881276617137816e+00,2.385402876825537533e-05
1.425954860983199124e+00,2.368068271607626230e-05
1.426028407836836820e+00,2.360122380196116865e-05
1.426101917216278547e+00,2.347369809285737574e-05
1.426175389159692886e+00,2.332620351808145642e-05
1.426248823705190905e+00,2.324588785995729268e-05
1.426322220890824388e+00,2.310763557034078985e-05
1.426395580754588277e+00,2.297043101862072945e-05
1.426468903334418448e+00,2.290113843628205359e-05
1.426542188668194155e+00,2.274898906762246042e-05
1.426615436793736036e+00,2.261775443912483752e-05
1.426688647748807215e+00,2.256163679703604430e-05
1.426761821571113975e+00,2.239204331999644637e-05
1.426834958298304423e+00,2.227166623924858868e-05
1.426908057967970489e+00,2.222489274572581053e-05
1.426981120617645926e+00,2.205170858360361308e-05
1.427054146284807867e+00,2.195212800870649517e-05
1.427127135006877268e+00,2.186586243624333292e-05
1.427200086821217129e+00,2.170911102439276874e-05
1.427273001765134497e+00,2.161088741559069604e-05
1.427345879875879575e+00,2.153103378077503294e-05
1.427418721190646833e+00,2.137714909622445703e-05
1.427491525746573453e+00,2.129068707290571183e-05
1.427564293580741106e+00,2.119838791259098798e-05
1.427637024730174842e+00,2.105311978084500879e-05
1.427709719231844643e+00,2.098269033012911677e-05
1.427782377122663648e+00,2.086097265419084579e-05
1.427854998439489709e+00,2.072690585919190198e-05
1.427927583219125163e+00,2.066026718239299953e-05
1.428000131498316172e+00,2.053827847703360021e-05
1.428072643313754719e+00,2.041137486230581999e-05
1.428145118702075944e+00,2.035681791312526911e-05
1.428217557699861251e+00,2.020956708292942494e-05
1.428289960343636311e+00,2.010673597396817058e-05
1.428362326669871285e+00,2.005593159992713481e-05
1.428434656714982598e+00,1.989358679566066712e-05
1.428506950515330942e+00,1.982201320060994476e-05
1.428579208107223053e+00,1.971441815840080380e-05
1.428651429526910821e+00,1.959317523869685829e-05
1.428723614810591958e+00,1.954081017174758017e-05
1.428795763994409329e+00,1.939806679729372263e-05
1.428867877114452511e+00,1.930676990014035255e-05
1.428939954206755791e+00,1.923109084600582719e-05
1.429011995307300831e+00,1.909152160806115717e-05
1.429084000452014225e+00,1.901481664390303195e-05
1.429155969676769500e+00,1.893377884698566049e-05
1.429227903017386003e+00,1.880762647488154471e-05
1.429299800509630680e+00,1.874808549473527819e-05
1.429371662189215408e+00,1.862952740339096636e-05
1.429443488091799663e+00,1.852249079092871398e-05
1.429515278252989630e+00,1.846613304223865271e-05
1.429587032708338201e+00,1.833461101341526955e-05
1.429658751493345425e+00,1.823135062295477837e-05
1.429730434643458281e+00,1.819913268263917416e-05
1.429802082194070900e+00,1.805041574698407203e-05
1.429873694180525012e+00,1.797585355234332383e-05
1.429945270638109500e+00,1.789122870832215995e-05
1.430016811602060622e+00,1.777322540874592960e-05
1.430088317107562235e+00,1.770868220773991197e-05
1.430159787189746678e+00,1.761200110195204616e-05
1.430231221883692561e+00,1.749541479512117803e-05
1.430302621224428306e+00,1.744011387927457690e-05
1.430373985246929047e+00,1.733182034513447434e-05
1.430445313986117961e+00,1.723977220535743982e-05
1.430516607476867152e+00,1.718354542390443385e-05
1.430587865753996990e+00,1.706138209556229413e-05
1.430659088852275884e+00,1.699796484899707139e-05
1.430730276806420953e+00,1.690169301582500339e-05
1.430801429651098022e+00,1.679764682194218040e-05
1.430872547420921403e+00,1.675325256655924022e-05
1.430943630150454338e+00,1.662926297285594046e-05
1.431014677874209662e+00,1.653673825785517693e-05
1.431085690626648033e+00,1.651314050832297653e-05
1.431156668442180147e+00,1.637048080738168210e-05
1.431227611355165852e+00,1.631319537409581244e-05
1.431298519399913483e+00,1.622259878786280751e-05
1.431369392610682301e+00,1.612762207514606416e-05
1.431440231021680054e+00,1.607923695701174438e-05
1.431511034667063642e+00,1.596266338310670108e-05
1.431581803580941337e+00,1.588783197803422809e-05
1.431652537797370117e+00,1.582710683578625321e-05
1.431723237350356781e+00,1.571839311509393156e-05
1.431793902273858388e+00,1.565458660479635000e-05
1.431864532601782702e+00,1.557739415147807449e-05
1.431935128367986865e+00,1.547031024529132992e-05
1.432005689606278720e+00,1.542012978461571038e-05
1.432076216350416376e+00,1.533011527499184012e-05
1.432146708634108867e+00,1.524363415228435770e-05
1.432217166491015492e+00,1.519549186923541129e-05
1.432287589954746476e+00,1.508580407971749082e-05
1.432357979058862085e+00,1.501617134636035189e-05
1.432428333836874401e+00,1.495941432949621230e-05
1.432498654322246434e+00,1.485354823671514168e-05
1.432568940548391678e+00,1.478845115343574435e-05
1.432639192548675222e+00,1.473052725486923009e-05
1.432709410356413970e+00,1.462256841477937996e-05
1.432779594004874868e+00,1.456987865822156891e-05
1.432849743527277342e+00,1.449226874683517963e-05
1.432919858956792192e+00,1.440262713003903627e-05
1.432989940326542255e+00,1.436450929759303108e-05
1.433059987669600854e+00,1.425785376341082156e-05
1.433130001018994459e+00,1.419207819708390161e-05
1.433199980407700913e+00,1.414071539329597726e-05
1.433269925868650319e+00,1.404217437084298581e-05
1.433339837434724817e+00,1.398866152158007026e-05
1.433409715138758367e+00,1.390700344927608967e-05
1.433479559013538074e+00,1.382734717481071129e-05
1.433549369091802417e+00,1.378085016767727211e-05
1.433619145406243689e+00,1.368896937492536381e-05
1.433688887989505556e+00,1.361475369776599109e-05
1.433758596874184832e+00,1.357880773866781965e-05
1.433828272092831257e+00,1.347405850538052619e-05
1.433897913677947056e+00,1.341247207164997235e-05
1.433967521661987821e+00,1.336391233053291216e-05
1.434037096077361850e+00,1.326600613538175821e-05
1.434106636956431036e+00,1.322458319918951020e-05
1.434176144331509972e+00,1.314075689151650295e-05
1.434245618234866626e+00,1.306116246269084513e-05
1.434315058698723000e+00,1.303100725635886192e-05
1.434384465755253357e+00,1.293252717005088925e-05
1.434453839436586886e+00,1.287483428313862532e-05
1.434523179774805923e+00,1.281633649341529235e-05
1.434592486801945954e+00,1.273406451218761504e-05
1.434661760549997389e+00,1.269424683414399624e-05
1.434731001050904231e+00,1.260253156942781061e-05
1.434800208336563854e+00,1.255490587936947122e-05
1.434869382438828556e+00,1.248524858965538442e-05
1.434938523389504228e+00,1.240975234395591542e-05
1.435007631220351465e+00,1.237899687112076208e-05
1.435076705963085342e+00,1.228298515343340114e-05
1.435145747649374748e+00,1.223094932356616482e-05
1.435214756310844164e+00,1.217115641338750720e-05
1.435283731979071886e+00,1.209511538036167622e-05
1.435352674685590690e+00,1.206042725243605673e-05
1.435421584461889388e+00,1.197425262944307178e-05
1.435490461339410606e+00,1.192375657410593703e-05
1.435559305349552117e+00,1.186591362056788057e-05
1.435628116523667064e+00,1.179256378236459568e-05
1.435696894893063735e+00,1.175170109490863979e-05
1.435765640489005568e+00,1.167397476820042357e-05
1.435834353342711367e+00,1.161262207460822538e-05
1.435903033485355307e+00,1.157898259407375008e-05
1.435971680948067153e+00,1.149150557466782629e-05
1.436040295761931596e+00,1.145345140685094520e-05
1.436108877957990249e+00,1.137998242484172806e-05
1.436177427567239206e+00,1.131969929701881483e-05
1.436245944620631487e+00,1.128188068832969293e-05
1.436314429149075478e+00,1.120453725889092311e-05
1.436382881183435156e+00,1.115368013415718451e-05
1.436451300754531868e+00,1.110223911382490769e-05
1.436519687893141439e+00,1.103151680581504479e-05
1.436588042629997286e+00,1.098640677810180932e-05
1.436656364995788637e+00,1.093031278287526220e-05
1.436724655021161423e+00,1.086351221601944417e-05
1.436792912736717387e+00,1.082394828699762002e-05
1.436861138173015640e+00,1.076248372555710375e-05
1.436929331360571549e+00,1.069805421138880774e-05
1.436997492329857407e+00,1.065955257217865437e-05
1.437065621111301983e+00,1.059163423633435741e-05
1.437133717735291860e+00,1.053245341608999297e-05
1.437201782232169434e+00,1.050626997312065214e-05
1.437269814632234910e+00,1.042603253154084086e-05
1.437337814965745419e+00,1.038831578625831753e-05
1.437405783262915238e+00,1.032580257742665708e-05
1.437473719553916451e+00,1.026726749842055142e-05
1.437541623868877849e+00,1.024114317260682583e-05
1.437609496237886475e+00,1.016516762319952250e-05
1.437677336690985852e+00,1.013100882119033486e-05
1.437745145258178203e+00,1.006315960694337264e-05
1.437812921969423119e+00,1.001493274088716134e-05
1.437880666854637335e+00,9.973741725843865424e-06
1.437948379943696953e+00,9.908331776387058198e-06
1.438016061266434331e+00,9.872799637378193438e-06
1.438083710852640973e+00,9.812741154746618122e-06
1.438151328732065970e+00,9.758849046193063259e-06
1.438218914934417114e+00,9.722734830575063825e-06
1.438286469489359565e+00,9.658400813350453973e-06
1.438353992426518291e+00,9.618138392397668213e-06
1.438421483775474741e+00,9.570615475240629166e-06
1.438488943565770839e+00,9.509088158665690571e-06
1.438556371826905877e+00,9.478959327680058777e-06
1.438623768588337848e+00,9.415500244358554482e-06
1.438691133879484108e+00,9.366248377773445100e-06
1.438758467729720048e+00,9.336426046502310783e-06
1.438825770168380869e+00,9.268314897781237960e-06
1.438893041224759584e+00,9.240692634193692356e-06
1.438960280928109459e+00,9.178183972835540771e-06
1.439027489307641794e+00,9.130789294431451708e-06
1.439094666392528143e+00,9.099208909901790321e-06
1.439161812211898317e+00,9.035814400704111904e-06
1.439228926794842156e+00,9.007656444737222046e-06
1.439296010170408646e+00,8.945524314185604453e-06
1.439363062367606361e+00,8.902003173716366291e-06
1.439430083415403461e+00,8.868194527167361230e-06
1.439497073342727251e+00,8.807095582596957684e-06
1.439564032178465736e+00,8.783277735346928239e-06
1.439630959951466060e+00,8.720813639229163527e-06
1.439697856690535183e+00,8.683805390319321305e-06
1.439764722424440313e+00,8.638749022793490440e-06
1.439831557181908916e+00,8.589971912442706525e-06
1.439898360991627380e+00,8.560244168620556593e-06
1.439965133882243675e+00,8.500202056893613189e-06
1.440031875882365364e+00,8.459440323349554092e-06
1.440098587020560039e+00,8.426224667346104980e-06
1.440165267325356657e+00,8.368931048607919365e-06
1.440231916825243097e+00,8.342781256942544132e-06
1.440298535548669490e+00,8.287026503239758313e-06
1.440365123524045110e+00,8.242102012445684522e-06
1.440431680779741042e+00,8.218901712098158896e-06
1.440498207344088177e+00,8.158728633134160191e-06
1.440564703245379441e+00,8.129053640004713088e-06
1.440631168511867122e+00,8.082247404672671109e-06
1.440697603171765540e+00,8.040477041504345834e-06
1.440764007253249712e+00,8.004726623767055571e-06
1.440830380784456022e+00,7.955242836032994092e-06
1.440896723793481993e+00,7.919926247268449515e-06
1.440963036308385625e+00,7.882776117185130715e-06
1.441029318357187394e+00,7.832073606550693512e-06
1.441095569967868473e+00,7.805631867086049169e-06
1.441161791168371842e+00,7.756269042147323489e-06
1.441227981986601625e+00,7.713748345850035548e-06
1.441294142450424198e+00,7.689688573009334505e-06
1.441360272587666858e+00,7.635630026925355196e-06
1.441426372426119151e+00,7.603846825077198446e-06
1.441492441993532214e+00,7.563982762803789228e-06
1.441558481317619211e+00,7.518844995502149686e-06
1.441624490426055338e+00,7.493059001717483625e-06
1.441690469346477377e+00,7.447114967362722382e-06
1.441756418106485027e+00,7.410689249809365720e-06
1.441822336733639354e+00,7.376475423370720819e-06
1.441888225255463896e+00,7.334703695960342884e-06
1.441954083699444888e+00,7.294958777492865920e-06
1.442019912093030154e+00,7.265379736054455861e-06
1.442085710463631099e+00,7.223763986985431984e-06
1.442151478838620271e+00,7.179486601671669632e-06
1.442217217245334027e+00,7.155448201956460252e-06
1.442282925711070973e+00,7.111258582881418988e-06
1.442348604263091527e+00,7.072089374560164288e-06
1.442414252928620355e+00,7.053754416119772941e-06
1.442479871734843933e+00,6.999799552431795746e-06
1.442545460708912319e+00,6.975249107199488208e-06
1.442611019877938272e+00,6.933385066076880321e-06
1.442676549268997244e+00,6.895176284160697833e-06
1.442742048909128494e+00,6.872091489640297368e-06
1.442807518825333979e+00,6.824462616350501776e-06
1.442872959044579018e+00,6.792489330109674484e-06
1.442938369593792736e+00,6.764397767256014049e-06
1.443003750499866511e+00,6.720707915519597009e-06
1.443069101789656417e+00,6.700107405777089298e-06
1.443134423489981222e+00,6.652119736827444285e-06
1.443199715627623503e+00,6.621195097977761179e-06
1.443264978229330087e+00,6.593294983758823946e-06
1.443330211321810497e+00,6.551244496222352609e-06
1.443395414931738729e+00,6.534261956403497607e-06
1.443460589085752366e+00,6.484126970462966710e-06
1.443525733810452794e+00,6.463516911026090384e-06
1.443590849132406095e+00,6.421218131436035037e-06
1.443655935078141495e+00,6.388505426002666354e-06
1.443720991674152687e+00,6.365652097883867100e-06
1.443786018946897398e+00,6.322988610918400809e-06
1.443851016922798047e+00,6.300647328316699713e-06
1.443915985628241083e+00,6.259755537030287087e-06
1.443980925089576983e+00,6.230738563317572698e-06
1.444045835333121364e+00,6.200953976076561958e-06
1.444110716385153648e+00,6.161566489026881754e-06
1.444175568271918175e+00,6.147353815322276205e-06
1.444240391019623981e+00,6.101645340095274150e-06
1.444305184654444574e+00,6.079500963096506894e-06
1.444369949202518155e+00,6.041745564289158210e-06
1.444434684689948067e+00,6.011949153617024422e-06
1.444499391142802347e+00,5.986103133182041347e-06
1.444564068587113947e+00,5.946306828263914213e-06
1.444628717048880739e+00,5.924687684455420822e-06
1.444693336554065732e+00,5.890475222258828580e-06
1.444757927128597297e+00,5.859993962076259777e-06
1.444822488798368942e+00,5.838840934302425012e-06
1.444887021589238874e+00,5.798067832074593753e-06
1.444951525527031322e+00,5.775704266852699220e-06
1.445016000637535214e+00,5.742615485360147431e-06
1.445080446946505726e+00,5.713812697649700567e-06
1.445144864479662949e+00,5.689389126928290352e-06
1.445209253262692783e+00,5.651704213960329071e-06
1.445273613321246264e+00,5.632186457660282031e-06
1.445337944680940900e+00,5.598038569587515667e-06
1.445402247367359561e+00,5.568034794123377651e-06
1.445466521406050919e+00,5.550359219341771677e-06
1.445530766822529234e+00,5.509291440830565989e-06
1.445594983642275455e+00,5.483411769091617316e-06
1.445659171890735450e+00,5.464199148264015093e-06
1.445723331593322447e+00,5.426081315818009898e-06
1.445787462775414367e+00,5.411079200712265447e-06
1.445851565462356270e+00,5.371793577069183812e-06
1.445915639679459241e+00,5.352842435968341306e-06
1.445979685452000840e+00,5.319511274137767032e-06
1.446043702805224207e+00,5.295999017107533291e-06
1.446107691764339620e+00,5.267190317681524903e-06
1.446171652354524051e+00,5.237157893134281039e-06
1.446235584600919832e+00,5.220707862463314086e-06
1.446299488528637323e+00,5.183313533052569255e-06
1.446363364162752019e+00,5.163666628504870459e-06
1.446427211528307888e+00,5.134277216711780056e-06
1.446491030650314036e+00,5.108688128530047834e-06
1.446554821553747594e+00,5.085305929242167622e-06
1.446618584263551277e+00,5.056418558524455875e-06
1.446682318804636491e+00,5.037095434090588242e-06
1.446746025201880004e+00,5.002335001336177811e-06
1.446809703480126386e+00,4.982153313903836533e-06
1.446873353664187567e+00,4.957127657689852640e-06
1.446936975778842172e+00,4.929091119265649468e-06
1.447000569848835960e+00,4.909459676127880812e-06
1.447064135898882498e+00,4.878497747995425016e-06
1.447127673953662264e+00,4.857122803514357656e-06
1.447191184037823763e+00,4.833710136153968051e-06
1.447254666175982196e+00,4.805282515008002520e-06
1.447318120392720342e+00,4.786447334481636062e-06
1.447381546712589229e+00,4.755991540150716901e-06
1.447444945160106800e+00,4.733263722300762311e-06
1.447508315759759467e+00,4.713743237516609952e-06
1.447571658536000339e+00,4.682930921262595803e-06
1.447634973513251655e+00,4.667682787840021774e-06
1.447698260715902130e+00,4.638114660338032991e-06
1.447761520168308946e+00,4.614731551555451006e-06
1.447824751894797979e+00,4.596833605319261551e-06
1.447887955919662017e+00,4.567518317344365641e-06
1.447951132267162544e+00,4.548362085188273340e-06
1.448014280961529510e+00,4.523619736573891714e-06
1.448077402026960003e+00,4.495778739510569721e-06
1.448140495487620028e+00,4.481751147977774963e-06
1.448203561367644054e+00,4.453069777810014784e-06
1.448266599691134582e+00,4.434653419593814760e-06
1.448329610482163021e+00,4.409128905535908416e-06
1.448392593764768588e+00,4.385688043839763850e-06
1.448455549562959188e+00,4.369067482912214473e-06
1.448518477900711643e+00,4.341458861745195463e-06
1.448581378801971242e+00,4.324987457948736846e-06
1.448644252290651746e+00,4.298697149351937696e-06
1.448707098390636494e+00,4.276727850083261728e-06
1.448769917125776185e+00,4.260598871042020619e-06
1.448832708519891765e+00,4.230996637488715351e-06
1.448895472596772427e+00,4.214505679556168616e-06
1.448958209380176054e+00,4.192402684566332027e-06
1.449020918893830334e+00,4.167308361502364278e-06
1.449083601161431423e+00,4.156825070822378621e-06
1.449146256206644834e+00,4.125788109377026558e-06
1.449208884053104995e+00,4.108937901037279516e-06
1.449271484724416359e+00,4.087608431291300803e-06
1.449334058244151402e+00,4.067239387950394303e-06
1.449396604635853070e+00,4.047439233545446768e-06
1.449459123923033443e+00,4.024500867672031745e-06
1.449521616129173074e+00,4.009600615972885862e-06
1.449584081277723868e+00,3.983137503382749856e-06
1.449646519392105315e+00,3.967003976867999882e-06
1.449708930495707815e+00,3.945817752537550405e-06
1.449771314611891349e+00,3.923930762539384887e-06
1.449833671763984588e+00,3.908460712409578264e-06
1.449896001975287119e+00,3.883984390995465219e-06
1.449958305269067882e+00,3.866136921715224162e-06
1.450020581668565622e+00,3.848621872748481110e-06
1.450082831196988886e+00,3.824053237622138113e-06
1.450145053877516910e+00,3.812561089944210835e-06
1.450207249733297843e+00,3.786598881561076269e-06
1.450269418787450970e+00,3.769156137423124164e-06
1.450331561063064711e+00,3.752367092602071352e-06
1.450393676583198621e+00,3.730573098437162116e-06
1.450455765370881833e+00,3.717173512995941564e-06
1.450517827449113950e+00,3.692146947287255898e-06
1.450579862840865042e+00,3.674606887216214091e-06
1.450641871569075425e+00,3.660424226836767048e-06
1.450703853656655662e+00,3.635151642811251804e-06
1.450765809126487005e+00,3.623304792199633084e-06
1.450827738001421618e+00,3.600776153689366765e-06
1.450889640304281469e+00,3.583801117201801389e-06
1.450951516057859658e+00,3.566877012417535298e-06
1.451013365284919976e+00,3.547054348018718883e-06
1.451075188008196681e+00,3.531658194333431311e-06
1.451136984250394724e+00,3.512661123750149272e-06
1.451198754034191074e+00,3.493272743071429431e-06
1.451260497382231618e+00,3.479546876405947842e-06
1.451322214317134707e+00,3.459614390521892346e-06
1.451383904861489382e+00,3.443366267674718983e-06
1.451445569037855154e+00,3.425317572691710666e-06
1.451507206868762889e+00,3.406355517654446885e-06
1.451568818376715253e+00,3.393439783394569531e-06
1.451630403584184936e+00,3.371653974681976251e-06
1.451691962513616874e+00,3.353546389917028137e-06
1.451753495187426468e+00,3.344291371831786819e-06
1.451815001628001145e+00,3.319969209769624285e-06
1.451876481857699464e+00,3.308968189230654389e-06
1.451937935898851340e+00,3.287355411885073408e-06
1.451999363773757823e+00,3.271425384809845127e-06
1.452060765504692430e+00,3.258964625274529681e-06
1.452122141113898923e+00,3.238191311538685113e-06
1.452183490623594198e+00,3.226870148864691146e-06
1.452244814055965616e+00,3.205705297659733333e-06
1.452306111433173008e+00,3.193394832123885863e-06
1.452367382777346894e+00,3.174484390910947695e-06
1.452428628110591369e+00,3.156891807520878501e-06
1.452489847454980998e+00,3.147860979879624210e-06
1.452551040832562368e+00,3.124878958260524087e-06
1.452612208265354754e+00,3.114127594017190859e-06
1.452673349775349010e+00,3.095222837146138772e-06
1.452734465384507567e+00,3.080225042140227742e-06
1.452795555114765769e+00,3.066434601350920275e-06
1.452856618988030535e+00,3.048189682886004448e-06
1.452917657026181253e+00,3.038073373318184167e-06
1.452978669251069777e+00,3.017065864696633071e-06
1.453039655684519760e+00,3.005807684530736879e-06
1.453100616348327323e+00,2.988214646393316798e-06
1.453161551264261053e+00,2.972925358335487545e-06
1.453222460454062226e+00,2.961563950520940125e-06
1.453283343939443917e+00,2.941625098173972219e-06
1.453344201742092334e+00,2.933291625595302321e-06
1.453405033883666375e+00,2.912811169153428636e-06
1.453465840385796515e+00,2.900678737205453217e-06
1.453526621270087249e+00,2.884642981371143833e-06
1.453587376558114652e+00,2.867740704459720291e-06
1.453648106271428375e+00,2.863619556592311710e-06
1.453708810431550091e+00,2.839515218511223793e-06
1.453769489059975495e+00,2.832545305864186957e-06
1.453830142178171636e+00,2.812042112054768950e-06
1.453890769807579808e+00,2.804115410981466994e-06
1.453951371969613549e+00,2.784507387332268991e-06
1.454011948685659750e+00,2.773917685772175901e-06
1.454072499977078214e+00,2.757778929662890732e-06
1.454133025865201656e+00,2.744464154602610506e-06
1.454193526371336587e+00,2.730644382609170862e-06
1.454254001516762207e+00,2.717534016483114101e-06
1.454314451322730850e+00,2.703551444938057102e-06
1.454374875810468426e+00,2.689937900868244469e-06
1.454435275001174865e+00,2.676390977285336703e-06
1.454495648916021899e+00,2.664207386260386556e-06
1.454555997576156168e+00,2.648398549354169518e-06
1.454616321002696999e+00,2.636035105751943775e-06
1.454676619216737077e+00,2.624842409204575233e-06
1.454736892239343549e+00,2.607976284707547165e-06
1.454797140091556251e+00,2.599487061161198653e-06
1.454857362794389042e+00,2.582513843663036823e-06
1.454917560368829799e+00,2.570339120211428963e-06
1.454977732835839532e+00,2.559592985562630929e-06
1.455037880216353274e+00,2.542929223636747338e-06
1.455098002531280077e+00,2.536110287110204808e-06
1.455158099801502569e+00,2.517966777304536663e-06
1.455218172047877401e+00,2.508038733139983378e-06
1.455278219291235686e+00,2.494855607437784784e-06
1.455338241552381673e+00,2.481636329321190715e-06
1.455398238852093851e+00,2.471030256856465712e-06
1.455458211211125397e+00,2.456667971273418516e-06
1.455518158650202620e+00,2.446903863528859802e-06
1.455578081190027628e+00,2.431633902233443223e-06
1.455637978851274772e+00,2.423081014057970606e-06
1.455697851654594199e+00,2.408406544418539852e-06
1.455757699620608969e+00,2.396466470599989407e-06
1.455817522769918160e+00,2.386811956966994330e-06
1.455877321123093981e+00,2.370913989580003545e-06
1.455937094700683776e+00,2.363548674111370929e-06
1.455996843523208240e+00,2.347730742258136161e-06
1.456056567611163866e+00,2.336478473807801493e-06
1.456116266985021390e+00,2.327212996533489786e-06
1.456175941665225793e+00,2.312955984962172806e-06
1.456235591672196517e+00,2.305150928805232979e-06
1.456295217026328803e+00,2.290000338689424098e-06
1.456354817747991026e+00,2.281895149280899204e-06
1.456414393857527800e+00,2.267530589961097576e-06
1.456473945375257317e+00,2.258477479699649848e-06
1.456533472321474010e+00,2.245644736831309274e-06
1.456592974716445443e+00,2.233714667454478331e-06
1.456652452580415646e+00,2.226064452770515345e-06
1.456711905933602669e+00,2.211347236880101264e-06
1.456771334796200579e+00,2.204455313403741457e-06
1.456830739188377022e+00,2.189100541727384552e-06
1.456890119130276329e+00,2.180150204367237166e-06
1.456949474642016629e+00,2.168263563362415880e-06
1.457008805743692070e+00,2.157064955099485815e-06
1.457068112455371933e+00,2.148917019439977594e-06
1.457127394797100406e+00,2.134604528691852465e-06
1.457186652788897252e+00,2.129769200109876692e-06
1.457245886450757144e+00,2.113737764375400729e-06
1.457305095802650996e+00,2.107228510794811882e-06
1.457364280864524186e+00,2.093257990054553375e-06
1.457423441656298557e+00,2.084807420033030212e-06
1.457482578197870193e+00,2.073660425594425760e-06
1.457541690509112087e+00,2.063030478893779218e-06
1.457600778609871695e+00,2.054557853625738062e-06
1.457659842519972715e+00,2.041371089944732375e-06
1.457718882259214199e+00,2.034078534052241594e-06
1.457777897847371218e+00,2.021953150688204914e-06
1.457836889304194639e+00,2.012693130382103845e-06
1.457895856649410460e+00,2.002849669224815443e-06
1.457954799902720922e+00,1.990889813896501437e-06
1.458013719083804505e+00,1.985641802093596198e-06
1.458072614212315044e+00,1.971378651433042251e-06
1.458131485307882391e+00,1.965751835086848587e-06
1.458190332390112642e+00,1.951870672201039270e-06
1.458249155478587467e+00,1.944547193488688208e-06
1.458307954592864775e+00,1.933628254846553318e-06
1.458366729752479385e+00,1.923594936670269817e-06
1.458425480976940802e+00,1.916010660352185369e-06
1.458484208285736106e+00,1.904286364151630551e-06
1.458542911698327060e+00,1.897564516184502281e-06
1.458601591234153005e+00,1.885323399619664997e-06
1.458660246912629299e+00,1.877278009487781674e-06
1.458718878753147097e+00,1.867733317340025678e-06
1.458777486775074461e+00,1.856995709204056766e-06
1.458836070997755696e+00,1.852197101470665075e-06
1.458894631440510903e+00,1.838511138885223772e-06
1.458953168122638200e+00,1.833034502851660363e-06
1.459011681063410615e+00,1.820995407797454391e-06
1.459070170282078749e+00,1.813391122595930938e-06
1.459128635797869444e+00,1.803624968488293234e-06
1.459187077629986007e+00,1.794223408069228753e-06
1.459245495797608649e+00,1.787781684470246546e-06
1.459303890319894714e+00,1.775943815118807834e-06
1.459362261215977119e+00,1.770288236002670601e-06
1.459420608504966577e+00,1.758718440214579459e-06
1.459478932205950485e+00,1.751472154865041375e-06
1.459537232337992707e+00,1.742184508657373954e-06
1.459595508920134455e+00,1.732953251121216454e-06
1.459653761971393404e+00,1.726907612464856356e-06
1.459711991510764584e+00,1.715934445201128256e-06
1.459770197557220150e+00,1.708127115307433996e-06
1.459828380129708503e+00,1.700368102319771424e-06
1.459886539247156056e+00,1.690513840912899468e-06
1.459944674928466135e+00,1.683268465058063157e-06
1.460002787192518747e+00,1.675282533142308239e-06
1.460060876058171475e+00,1.664995352257392369e-06
1.460118941544259030e+00,1.659100462347851135e-06
1.460176983669593476e+00,1.648976649448741227e-06
1.460235002452964004e+00,1.641046083022956736e-06
1.460292997913137603e+00,1.634564910091285128e-06
1.460350970068858167e+00,1.623910975467879325e-06
1.460408918938846723e+00,1.619138174646650441e-06
1.460466844541802756e+00,1.608511752237973269e-06
1.460524746896402215e+00,1.601335384293633979e-06
1.460582626021299291e+00,1.594019408912572544e-06
1.460640481935125301e+00,1.585365794198878575e-06
1.460698314656489583e+00,1.579252398187236395e-06
1.460756124203978379e+00,1.569694973113655578e-06
1.460813910596156173e+00,1.562878082950192038e-06
1.460871673851565244e+00,1.555107814965595026e-06
1.460929413988725001e+00,1.546091766613244545e-06
1.460987131026133312e+00,1.541437882224272471e-06
1.461044824982265400e+00,1.530633085167210083e-06
1.461102495875574503e+00,1.524234789940237533e-06
1.461160143724491656e+00,1.516778070254076738e-06
1.461217768547425910e+00,1.508148216089466587e-06
1.461275370362764336e+00,1.504039119026856497e-06
1.461332949188872021e+00,1.493537752139673103e-06
1.461390505044091181e+00,1.488652173975424375e-06
1.461448037946743828e+00,1.478892954764887691e-06
1.461505547915128433e+00,1.473096176596300211e-06
1.461563034967522379e+00,1.465190280214301310e-06
1.461620499122180838e+00,1.457734128962329123e-06
1.461677940397337672e+00,1.451869138691108674e-06
1.461735358811204755e+00,1.442822394892573357e-06
1.461792754381971982e+00,1.437903165424359031e-06
1.461850127127807708e+00,1.429098801963846199e-06
1.461907477066858974e+00,1.422378772986121476e-06
1.461964804217250391e+00,1.416203076587407850e-06
1.462022108597085701e+00,1.407679746989742853e-06
1.462079390224446662e+00,1.402701627739588730e-06
1.462136649117393938e+00,1.394356786477146670e-06
1.462193885293966211e+00,1.387477141179260798e-06
1.462251098772181068e+00,1.382074628963891882e-06
1.462308289570034114e+00,1.373423174300114624e-06
1.462365457705500305e+00,1.369214601254498120e-06
1.462422603196532833e+00,1.360391820526274387e-06
1.462479726061063801e+00,1.354640517092775553e-06
1.462536826317003547e+00,1.347749503111117519e-06
1.462593903982241761e+00,1.339932623523054644e-06
1.462650959074646151e+00,1.336248601546685677e-06
1.462707991612063996e+00,1.326707320004061330e-06
1.462765001612321036e+00,1.322160869676736183e-06
1.462821989093221697e+00,1.314163000643020496e-06
1.462878954072550197e+00,1.307468778577458579e-06
1.462935896568068328e+00,1.303406975239340682e-06
1.462992816597518120e+00,1.294247113037272356e-06
1.463049714178619842e+00,1.291454509555478580e-06
1.463106589329073337e+00,1.282001562685763929e-06
1.463163442066556685e+00,1.278126433135184925e-06
1.463220272408728206e+00,1.269697236239153426e-06
1.463277080373224459e+00,1.265666924155084416e-06
1.463333865977661574e+00,1.257430312762153335e-06
1.463390629239634810e+00,1.252916604244092014e-06
1.463447370176718554e+00,1.245329485755064525e-06
1.463504088806466985e+00,1.240180267814139370e-06
1.463560785146412746e+00,1.233600755767838564e-06
1.463617459214068273e+00,1.227164375450229272e-06
1.463674111026925795e+00,1.222641571985150222e-06
1.463730740602456004e+00,1.214742951560765505e-06
1.463787347958109830e+00,1.211413746204925701e-06
1.463843933111317108e+00,1.203055376208794769e-06
1.463900496079487690e+00,1.198236191157775465e-06
1.463957036880010332e+00,1.192259560411912389e-06
1.464013555530254251e+00,1.186093641081242822e-06
1.464070052047567128e+00,1.181151787932321895e-06
1.464126526449277321e+00,1.174701196759997401e-06
1.464182978752692321e+00,1.169360189123835880e-06
1.464239408975099188e+00,1.163008732874004636e-06
1.464295817133764999e+00,1.157664655693224631e-06
1.464352203245936401e+00,1.152372192336770240e-06
1.464408567328840283e+00,1.145403189184435178e-06
1.464464909399682435e+00,1.142324094871582929e-06
1.464521229475649555e+00,1.134440026362426579e-06
1.464577527573907245e+00,1.129795805354660843e-06
1.464633803711601567e+00,1.124168306887440849e-06
1.464690057905858600e+00,1.118340151151642203e-06
1.464746290173784438e+00,1.113787334361404646e-06
1.464802500532464746e+00,1.107006710299174301e-06
1.464858688998964986e+00,1.103773456634371541e-06
1.464914855590331966e+00,1.096348569262772799e-06
1.464971000323591399e+00,1.092662046175973956e-06
1.465027123215749683e+00,1.085883468476822600e-06
1.465083224283792784e+00,1.081987193174427375e-06
1.465139303544688021e+00,1.075633349501003977e-06
1.465195361015381392e+00,1.070661255653249100e-06
1.465251396712800247e+00,1.065836954694532324e-06
1.465307410653852394e+00,1.059624764820910059e-06
1.465363402855424768e+00,1.056395831255940720e-06
1.465419373334386099e+00,1.049064053404435981e-06
1.465475322107584022e+00,1.045176418301707599e-06
1.465531249191847740e+00,1.039409312397765461e-06
1.465587154603986253e+00,1.034598653859575279e-06
1.465643038360789907e+00,1.029983650369103998e-06
1.465698900479027733e+00,1.024237576530140359e-06
1.465754740975451442e+00,1.020604031509719789e-06
1.465810559866791873e+00,1.014079884953389410e-06
1.465866357169760992e+00,1.011266704153968021e-06
1.465922132901051222e+00,1.004468231258215383e-06
1.465977887077335451e+00,1.001024202196276747e-06
1.466033619715267911e+00,9.948510069079929963e-07
1.466089330831482851e+00,9.910512517308234237e-07
1.466145020442595648e+00,9.854247764451429248e-07
1.466200688565201915e+00,9.809199355004238896e-07
1.466256335215879059e+00,9.765514050741330720e-07
1.466311960411184279e+00,9.706510581963812001e-07
1.466367564167656345e+00,9.681990604804013856e-07
1.466423146501814267e+00,9.613477232051081955e-07
1.466478707430158401e+00,9.582691973264445551e-07
1.466534246969170230e+00,9.522493655822472647e-07
1.466589765135311918e+00,9.480936000727524515e-07
1.466645261945026535e+00,9.438274446438299492e-07
1.466700737414738276e+00,9.386948818246310111e-07
1.466756191560852240e+00,9.350871437163732480e-07
1.466811624399755321e+00,9.294570872953045182e-07
1.466867035947814868e+00,9.265228868571284693e-07
1.466922426221379139e+00,9.204506454807415139e-07
1.466977795236778404e+00,9.174946740131417755e-07
1.467033143010323393e+00,9.117401873481867369e-07
1.467088469558306407e+00,9.076631499738141429e-07
1.467143774897001318e+00,9.036226060743501876e-07
1.467199059042662679e+00,8.987013302430568729e-07
1.467254322011526613e+00,8.953595056482299697e-07
1.467309563819810814e+00,8.901747605705168098e-07
1.467364784483713658e+00,8.867216934049793053e-07
1.467419984019415757e+00,8.814695888759160880e-07
1.467475162443079073e+00,8.781781275501998607e-07
1.467530319770846248e+00,8.730990543881489430e-07
1.467585456018842383e+00,8.691617949807550758e-07
1.467640571203173483e+00,8.651928737890557386e-07
1.467695665339927125e+00,8.602544312452664599e-07
1.467750738445172676e+00,8.577490007155574858e-07
1.467805790534961519e+00,8.520491405761276837e-07
1.467860821625325496e+00,8.492085612488153856e-07
1.467915831732279575e+00,8.439575935881293844e-07
1.467970820871818738e+00,8.406142342209932394e-07
1.468025789059921316e+00,8.361985806004668120e-07
1.468080736312546097e+00,8.323855240632838104e-07
1.468135662645634998e+00,8.284205250674858689e-07
1.468190568075109947e+00,8.236684720941411797e-07
1.468245452616876667e+00,8.215785101128858514e-07
1.468300316286821117e+00,8.157286401910823770e-07
1.468355159100811935e+00,8.131075333039916586e-07
1.468409981074699555e+00,8.082431577349780127e-07
1.468464782224316423e+00,8.049699999901349656e-07
1.468519562565476555e+00,8.007812084542820230e-07
1.468574322113976871e+00,7.969038620103674475e-07
1.468629060885594750e+00,7.935361736599588767e-07
1.468683778896091141e+00,7.888357913543586619e-07
1.468738476161208562e+00,7.865693305575405248e-07
1.468793152696671100e+00,7.813869729034195188e-07
1.468847808518185971e+00,7.784941544741741382e-07
1.468902443641441291e+00,7.742343086647451855e-07
1.468957058082108968e+00,7.707464533268648665e-07
1.469011651855841594e+00,7.671372372897167224e-07
1.469066224978274438e+00,7.629674882991821505e-07
1.469120777465025673e+00,7.604338065902993549e-07
1.469175309331695267e+00,7.554610874649370089e-07
1.469229820593865643e+00,7.531195933552226052e-07
1.469284311267101018e+00,7.483837407562532462e-07
1.469338781366948510e+00,7.451341730302374344e-07
1.469393230908937698e+00,7.419166649924591184e-07
1.469447659908580395e+00,7.376207804554724135e-07
1.469502068381371318e+00,7.354904596468259115e-07
1.469556456342786310e+00,7.308056524379935581e-07
1.469610823808285671e+00,7.282068850145151373e-07
1.469665170793310605e+00,7.237084105327085126e-07
1.469719497313285661e+00,7.211239108073641546e-07
1.469773803383617627e+00,7.170400522227282636e-07
1.469828089019696193e+00,7.141938453969487455e-07
1.469882354236893729e+00,7.101436949596973136e-07
1.469936599050564840e+00,7.068520631037245039e-07
1.469990823476047037e+00,7.040483751552528702e-07
1.470045027528660730e+00,6.999404149610199966e-07
1.470099211223708568e+00,6.976420081628020853e-07
1.470153374576476990e+00,6.931100529072864447e-07
1.470207517602233782e+00,6.913271590747172013e-07
1.470261640316230745e+00,6.866438866381940898e-07
1.470315742733702136e+00,6.846005931038234849e-07
1.470369824869864672e+00,6.801580525461758953e-07
1.470423886739918640e+00,6.774496910111338366e-07
1.470477928359046560e+00,6.739605282746197190e-07
1.470531949742414746e+00,6.705903388137812726e-07
1.470585950905171524e+00,6.682522553091985174e-07
1.470639931862449235e+00,6.641081995439890306e-07
1.470693892629362010e+00,6.620485351049865130e-07
1.470747833221008216e+00,6.578117108801961876e-07
1.470801753652468458e+00,6.557615961355622858e-07
1.470855653938807128e+00,6.517090014312998392e-07
1.470909534095071081e+00,6.489288466582365800e-07
1.470963394136290736e+00,6.458714665313891601e-07
1.471017234077479419e+00,6.425497645068389829e-07
1.471071053933634021e+00,6.401894552254816517e-07
1.471124853719734116e+00,6.364729188135243021e-07
1.471178633450743289e+00,6.342568212858168408e-07
1.471232393141607586e+00,6.303999384726921562e-07
1.471286132807256841e+00,6.281919127104629297e-07
1.471339852462604014e+00,6.246270913834450766e-07
1.471393552122545412e+00,6.222165893632336520e-07
1.471447231801961131e+00,6.186745054037601221e-07
1.471500891515714171e+00,6.159848453535232693e-07
1.471554531278650657e+00,6.132140697445720434e-07
1.471608151105601392e+00,6.098554194977623411e-07
1.471661751011379193e+00,6.079525292079779319e-07
1.471715331010781336e+00,6.039684308234427590e-07
1.471768891118587996e+00,6.017119176249252632e-07
1.471822431349563809e+00,5.984911126688530203e-07
1.471875951718456088e+00,5.955128017376409844e-07
1.471929452239995717e+00,5.934691671427572146e-07
1.471982932928898036e+00,5.898919539504277054e-07
1.472036393799861287e+00,5.879710442968644202e-07
1.472089834867567504e+00,5.843387498316587880e-07
1.472143256146682733e+00,5.826378810525056906e-07
1.472196657651856144e+00,5.789066790384822525e-07
1.472250039397721588e+00,5.771015594291384332e-07
1.472303401398895595e+00,5.735466288570023607e-07
1.472356743669979151e+00,5.714821327273966745e-07
1.472410066225556813e+00,5.683938866241078358e-07
1.472463369080197149e+00,5.657271344716718886e-07
1.472516652248452740e+00,5.632608690575580113e-07
1.472569915744859070e+00,5.604092052635678556e-07
1.472623159583936969e+00,5.582667768067040015e-07
1.472676383780190168e+00,5.549222237277717795e-07
1.472729588348106855e+00,5.524781272470136173e-07
1.472782773302158565e+00,5.502535032064770348e-07
1.472835938656801735e+00,5.471658823807956651e-07
1.472889084426476147e+00,5.452106961456593126e-07
1.472942210625605819e+00,5.420224624685943127e-07
1.472995317268599003e+00,5.402038709689804818e-07
1.473048404369847963e+00,5.369251425690890756e-07
1.473101471943728535e+00,5.347346814232878387e-07
1.473154520004601897e+00,5.320773084349639248e-07
1.473207548566812353e+00,5.294116931509051938e-07
1.473260557644688662e+00,5.274662839838129003e-07
1.473313547252543820e+00,5.243925897957524285e-07
1.473366517404675280e+00,5.228895361142349429e-07
1.473419468115364506e+00,5.195066705709905364e-07
1.473472399398877419e+00,5.180347670830087736e-07
1.473525311269463733e+00,5.148012292011117097e-07
1.473578203741358283e+00,5.129976443640771322e-07
1.473631076828779918e+00,5.099228133076394442e-07
1.473683930545931275e+00,5.081550966679060366e-07
1.473736764907000341e+00,5.052325491305964533e-07
1.473789579926159110e+00,5.032680405747669283e-07
1.473842375617563816e+00,5.006440346733143087e-07
1.473895151995355368e+00,4.984415227227145806e-07
1.473947909073659135e+00,4.961661943525541574e-07
1.474000646866585162e+00,4.936358095619652886e-07
1.474053365388227510e+00,4.917632736578525510e-07
1.474106064652665582e+00,4.888705689154448919e-07
1.474158744673962795e+00,4.871510554949054495e-07
1.474211405466167024e+00,4.844687850891205017e-07
1.474264047043311265e+00,4.823970698453194927e-07
1.474316669419412529e+00,4.801113391295075417e-07
1.474369272608473391e+00,4.777009507961338386e-07
1.474421856624480665e+00,4.759370142437546747e-07
1.474474421481405395e+00,4.733443006443849299e-07
1.474526967193203975e+00,4.715151078471535584e-07
1.474579493773817473e+00,4.690209323143790243e-07
1.474632001237171419e+00,4.670555711072665872e-07
1.474684489597176684e+00,4.646500428862054832e-07
1.474736958867728376e+00,4.627758869446552126e-07
1.474789409062706502e+00,4.604810612818255322e-07
1.474841840195976639e+00,4.580530230668955483e-07
1.474894252281388596e+00,4.566554423490742920e-07
1.474946645332776862e+00,4.537271252047503367e-07
1.474999019363961716e+00,4.521558878423093120e-07
1.475051374388747893e+00,4.495786356528697070e-07
1.475103710420924807e+00,4.474968022805114742e-07
1.475156027474267439e+00,4.459103593035251833e-07
1.475208325562535450e+00,4.432506273133185459e-07
1.475260604699474065e+00,4.423058612701424863e-07
1.475312864898812304e+00,4.391965262584562879e-07
1.475365106174265639e+00,4.380696339012501994e-07
1.475417328539534445e+00,4.351846882855170406e-07
1.475469532008303108e+00,4.336502854584978195e-07
1.475521716594242472e+00,4.312272210427181562e-07
1.475573882311008056e+00,4.297061764191312250e-07
1.475626029172240505e+00,4.272531555216119159e-07
1.475678157191565365e+00,4.256238241850951454e-07
1.475730266382594413e+00,4.233862966884771595e-07
1.475782356758923441e+00,4.218732954086590325e-07
1.475834428334134696e+00,4.195179599264520220e-07
1.475886481121794658e+00,4.179024983841372887e-07
1.475938515135455820e+00,4.157521118486329215e-07
1.475990530388656241e+00,4.139225495691789547e-07
1.476042526894918216e+00,4.119932555113337003e-07
1.476094504667750273e+00,4.101335093764646444e-07
1.476146463720646729e+00,4.081489350937772542e-07
1.476198404067086356e+00,4.061665208610065747e-07
1.476250325720533718e+00,4.047251707106624963e-07
1.476302228694439167e+00,4.023811754905182170e-07
1.476354113002238400e+00,4.012297836197831202e-07
1.476405978657352458e+00,3.986502861152985133e-07
1.476457825673187951e+00,3.976743130351678701e-07
1.476509654063137056e+00,3.950391374019091018e-07
1.476561463840577515e+00,3.937114740892866394e-07
1.476613255018873305e+00,3.915167212653614115e-07
1.476665027611372416e+00,3.899347120750462636e-07
1.476716781631409958e+00,3.880322481109033106e-07
1.476768517092306388e+00,3.863059134801005712e-07
1.476820234007367505e+00,3.844800176011631265e-07
1.476871932389885123e+00,3.826538659268408082e-07
1.476923612253135953e+00,3.811836961631343001e-07
1.476975273610384054e+00,3.791430458477407228e-07
1.477026916474877494e+00,3.777794859161076602e-07
1.477078540859851241e+00,3.757321280772885075e-07
1.477130146778525832e+00,3.742751175650482764e-07
1.477181734244107369e+00,3.723652355347439880e-07
1.477233303269787745e+00,3.708923088652227307e-07
1.477284853868745307e+00,3.689310688059777021e-07
1.477336386054143524e+00,3.675402524550008820e-07
1.477387899839132546e+00,3.655652278666821076e-07
1.477439395236847863e+00,3.639897840912453830e-07
1.477490872260410537e+00,3.625516171723575098e-07
1.477542330922928748e+00,3.605442486787069356e-07
1.477593771237495801e+00,3.593614223973418120e-07
1.477645193217191011e+00,3.572867512957600411e-07
1.477696596875080370e+00,3.559717924872529693e-07
1.477747982224215217e+00,3.540309876370884012e-07
1.477799349277632901e+00,3.523529699123173486e-07
1.477850698048357669e+00,3.512827220220060553e-07
1.477902028549398894e+00,3.491255426979478216e-07
1.477953340793753068e+00,3.482789168174349470e-07
1.478004634794401584e+00,3.459678339368110755e-07
1.478055910564313180e+00,3.443973071171058109e-07
1.478107168116441716e+00,3.432516280099662254e-07
1.478158407463728619e+00,3.412629041577019962e-07
1.478209628619099991e+00,3.397182126718689688e-07
1.478260831595469060e+00,3.386057016996346647e-07
1.478312016405735063e+00,3.372004755419766298e-07
1.478363183062784136e+00,3.351577504417946329e-07
1.478414331579487540e+00,3.338226690630108351e-07
1.478465461968703876e+00,3.322004147321422352e-07
1.478516574243277537e+00,3.306074063402775209e-07
1.478567668416038927e+00,3.298254682704282459e-07
1.478618744499806237e+00,3.276287259268428897e-07
1.478669802507382558e+00,3.267721240263199434e-07
1.478720842451557882e+00,3.246942128498631064e-07
1.478771864345108877e+00,3.238029080421256367e-07
1.478822868200798446e+00,3.218252686565392651e-07
1.478873854031376167e+00,3.207545944405865157e-07
1.478924821849577631e+00,3.189553297033853596e-07
1.478975771668125327e+00,3.178515726176556200e-07
1.479026703499728201e+00,3.160965889037470333e-07
1.479077617357081875e+00,3.149828557980072219e-07
1.479128513252867982e+00,3.132681740680709481e-07
1.479179391199755722e+00,3.120679821222438477e-07
1.479230251210400082e+00,3.105529060576373013e-07
1.479281093297442506e+00,3.092385156833188375e-07
1.479331917473512226e+00,3.077549592944706092e-07
1.479382723751223594e+00,3.065526357204362284e-07
1.479433512143178975e+00,3.049200927307538223e-07
1.479484282661966521e+00,3.037750104795122752e-07
1.479535035320161729e+00,3.021841905592737021e-07
1.479585770130326550e+00,3.009897966421704041e-07
1.479636487105009612e+00,2.995229806401766837e-07
1.479687186256746223e+00,2.981345232910825871e-07
1.479737867598059031e+00,2.970151626868755557e-07
1.479788531141456920e+00,2.954044191483262694e-07
1.479839176899435449e+00,2.945523078778933268e-07
1.479889804884477966e+00,2.927690729848109186e-07
1.479940415109053831e+00,2.918852715083630756e-07
1.479991007585619300e+00,2.901399511756608263e-07
1.480041582326618199e+00,2.888562278258177685e-07
1.480092139344480584e+00,2.878532541217282414e-07
1.480142678651623633e+00,2.863797305963089457e-07
1.480193200260451869e+00,2.851051306151930476e-07
1.480243704183356046e+00,2.838835655438742833e-07
1.480294190432714707e+00,2.825564990871498594e-07
1.480344659020892850e+00,2.814318520449887728e-07
1.480395109960242372e+00,2.800465210839320207e-07
1.480445543263103181e+00,2.788978292755928123e-07
1.480495958941800971e+00,2.775213943095877767e-07
1.480546357008649672e+00,2.762982092008314794e-07
1.480596737475949443e+00,2.751329475358943455e-07
1.480647100355988011e+00,2.737587294632248813e-07
1.480697445661040001e+00,2.729263144374272088e-07
1.480747773403367606e+00,2.713580613544763764e-07
1.480798083595219472e+00,2.704437633838097099e-07
1.480848376248832032e+00,2.689434381863975432e-07
1.480898651376429065e+00,2.682363628991879523e-07
1.480948908990220803e+00,2.665988461103552254e-07
1.480999149102405710e+00,2.656853723692620406e-07
1.481049371725168484e+00,2.642603931235498749e-07
1.481099576870682055e+00,2.632715165873378282e-07
1.481149764551105807e+00,2.619726444663683651e-07
1.481199934778586913e+00,2.609066029890527716e-07
1.481250087565259665e+00,2.596714807623357046e-07
1.481300222923246590e+00,2.586313030406017788e-07
1.481350340864656001e+00,2.574116706455242820e-07
1.481400441401584667e+00,2.563280929734901292e-07
1.481450524546116698e+00,2.551346369727980345e-07
1.481500590310323107e+00,2.540966761443996802e-07
1.481550638706262912e+00,2.528913967125845375e-07
1.481600669745982701e+00,2.518247299576614751e-07
1.481650683441515293e+00,2.506931195966899395e-07
1.481700679804882848e+00,2.495866340268548811e-07
1.481750658848093094e+00,2.485629977400094504e-07
1.481800620583143102e+00,2.473136646585771814e-07
1.481850565022016175e+00,2.463790451656677760e-07
1.481900492176684070e+00,2.451645570999971824e-07
1.481950402059105221e+00,2.441335027469904162e-07
1.482000294681226515e+00,2.430402616937499261e-07
1.482050170054981519e+00,2.419581903723155847e-07
1.482100028192292474e+00,2.409163926131441258e-07
1.482149869105068740e+00,2.397644607299298514e-07
1.482199692805207247e+00,2.390215172454190906e-07
1.482249499304592488e+00,2.376594352426764090e-07
1.482299288615096966e+00,2.368644516081985785e-07
1.482349060748581193e+00,2.355924237917861319e-07
1.482398815716892804e+00,2.345999234876217088e-07
1.482448553531866997e+00,2.335743403136802954e-07
1.482498274205327649e+00,2.327680590497038793e-07
1.482547977749085977e+00,2.315005502850908670e-07
1.482597664174940322e+00,2.305644528632910806e-07
1.482647333494677921e+00,2.295248151540363324e-07
1.482696985720073357e+00,2.284738656044282834e-07
1.482746620862888776e+00,2.276916006849205587e-07
1.482796238934874999e+00,2.265046532556880265e-07
1.482845839947769306e+00,2.256518456533740391e-07
1.482895423913298982e+00,2.245113250864960719e-07
1.482944990843176658e+00,2.239184908603419899e-07
1.482994540749105417e+00,2.225877153705368983e-07
1.483044073642774352e+00,2.217370536072849063e-07
1.483093589535861678e+00,2.206545701710638241e-07
1.483143088440033175e+00,2.198496247274306370e-07
1.483192570366942631e+00,2.187353231875022175e-07
1.483242035328231623e+00,2.180199771828483790e-07
1.483291483335530403e+00,2.168362414067814825e-07
1.483340914400456567e+00,2.161594494509699871e-07
1.483390328534615943e+00,2.149580211607826641e-07
1.483439725749603033e+00,2.140918411441816716e-07
1.483489106056999685e+00,2.131229734914086293e-07
1.483538469468376197e+00,2.123904323525493965e-07
1.483587815995290882e+00,2.112676753540654317e-07
1.483637145649290279e+00,2.105642806782270782e-07
1.483686458441908940e+00,2.094487854265025817e-07
1.483735754384669869e+00,2.086508317233892740e-07
1.483785033489083860e+00,2.076519081128935795e-07
1.483834295766650824e+00,2.067283730866620317e-07
1.483883541228857350e+00,2.061493233895816957e-07
1.483932769887179814e+00,2.051029497351919417e-07
1.483981981753081714e+00,2.040799245150992647e-07
1.484031176838015442e+00,2.032161177112357109e-07
1.484080355153421849e+00,2.024091543262329651e-07
1.484129516710729346e+00,2.014809297179454006e-07
1.484178661521355469e+00,2.006724599823428434e-07
1.484227789596705538e+00,1.997262586428405484e-07
1.484276900948173106e+00,1.991061964190521394e-07
1.484325995587140845e+00,1.980207287033408647e-07
1.484375073524978994e+00,1.973593555248953635e-07
1.484424134773046688e+00,1.963290827688979334e-07
1.484473179342691518e+00,1.956111930212500738e-07
1.484522207245248859e+00,1.946401226859961753e-07
1.484571218492043432e+00,1.940594245297688758e-07
1.484620213094387964e+00,1.930095692159738974e-07
1.484669191063583416e+00,1.922327328429673798e-07
1.484718152410919645e+00,1.913410159204431693e-07
1.484767097147674964e+00,1.906830107145651709e-07
1.484816025285116137e+00,1.896992216643411666e-07
1.484864936834498383e+00,1.889332565951917786e-07
1.484913831807065376e+00,1.881127360547907301e-07
1.484962710214050130e+00,1.874252859579428332e-07
1.485011572066672780e+00,1.864923291350351064e-07
1.485060417376143693e+00,1.858389140352301183e-07
1.485109246153660800e+00,1.849108741680538515e-07
1.485158058410410931e+00,1.842799974838271737e-07
1.485206854157570033e+00,1.833386704674921930e-07
1.485255633406301401e+00,1.827227009698617621e-07
1.485304396167758778e+00,1.817864756503695389e-07
1.485353142453083031e+00,1.812022247804634389e-07
1.485401872273405255e+00,1.802456068844549009e-07
1.485450585639843890e+00,1.795346804556174902e-07
1.485499282563506496e+00,1.787274186426657252e-07
1.485547963055489751e+00,1.781290990265915752e-07
1.485596627126879232e+00,1.772086051232690807e-07
1.485645274788748527e+00,1.765652228868930251e-07
1.485693906052160562e+00,1.757205438934761332e-07
1.485742520928167387e+00,1.750623823681962676e-07
1.485791119427809059e+00,1.742336905863339780e-07
1.485839701562114756e+00,1.736335661917109974e-07
1.485888267342103441e+00,1.727642882087820908e-07
1.485936816778781866e+00,1.720272138072687085e-07
1.485985349883145679e+00,1.714214619141785079e-07
1.486033866666179870e+00,1.707420267393899849e-07
1.486082367138858329e+00,1.698793852256130776e-07
1.486130851312143841e+00,1.692509243866879842e-07
1.486179319196988313e+00,1.684762196418887470e-07
1.486227770804331882e+00,1.678154291084865690e-07
1.486276206145104473e+00,1.670448597224094556e-07
1.486324625230224683e+00,1.664336224393991870e-07
1.486373028070600011e+00,1.656350150369689800e-07
1.486421414677127517e+00,1.650716541234942270e-07
1.486469785060692494e+00,1.642442697402657359e-07
1.486518139232169577e+00,1.636171020891197259e-07
1.486566477202423187e+00,1.628824151111984975e-07
1.486614798982305752e+00,1.623025411845446797e-07
1.486663104582659489e+00,1.615151177247753367e-07
1.486711394014315291e+00,1.610022621889584116e-07
1.486759667288093834e+00,1.602107886355952360e-07
1.486807924414804249e+00,1.595148546584823634e-07
1.486856165405245012e+00,1.589223046494225855e-07
1.486904390270203713e+00,1.581750126433689729e-07
1.486952599020457511e+00,1.576367480993212666e-07
1.487000791666772681e+00,1.568726020195754245e-07
1.487048968219904399e+00,1.562473954663801123e-07
1.487097128690596959e+00,1.555786468543374212e-07
1.487145273089584219e+00,1.549572061776416376e-07
1.487193401427589379e+00,1.542845211588428356e-07
1.487241513715324759e+00,1.536613041253076517e-07
1.487289609963492021e+00,1.529843132175301434e-07
1.487337690182781724e+00,1.525033752614035620e-07
1.487385754383874437e+00,1.517593375410797307e-07
1.487433802577439845e+00,1.511143494781208574e-07
1.487481834774136313e+00,1.504871249835559865e-07
1.487529850984612656e+00,1.498692370205390034e-07
1.487577851219506142e+00,1.492843750838801498e-07
1.487625835489443826e+00,1.486106100401229924e-07
1.487673803805042105e+00,1.480371594198004459e-07
1.487721756176906940e+00,1.474097075515601318e-07
1.487769692615633632e+00,1.468421402250896790e-07
1.487817613131806382e+00,1.461804828295498737e-07
1.487865517736000065e+00,1.456221383477895870e-07
1.487913406438777786e+00,1.449734838843141915e-07
1.487961279250692881e+00,1.444536508188321022e-07
1.488009136182287806e+00,1.437806247395201353e-07
1.488056977244094581e+00,1.432945850865507964e-07
1.488104802446635455e+00,1.426067228749161586e-07
1.488152611800420688e+00,1.420480373326427070e-07
1.488200405315951880e+00,1.414635875107705942e-07
1.488248183003718639e+00,1.408718190987201524e-07
1.488295944874201249e+00,1.403010401190840639e-07
1.488343690937869113e+00,1.397154392179800197e-07
1.488391421205180976e+00,1.391431680985988351e-07
1.488439135686586257e+00,1.385828198863237048e-07
1.488486834392522828e+00,1.380396241756898235e-07
1.488534517333418572e+00,1.374363449713200680e-07
1.488582184519691376e+00,1.369008799656512565e-07
1.488629835961748693e+00,1.363163448786508525e-07
1.488677471669987096e+00,1.358122290184837766e-07
1.488725091654793831e+00,1.351990732700869557e-07
1.488772695926544820e+00,1.347189311218244256e-07
1.488820284495606883e+00,1.341031179435958620e-07
1.488867857372335513e+00,1.335892108045300120e-07
1.488915414567076212e+00,1.330325147819166887e-07
1.488962956090165157e+00,1.324863916352114757e-07
1.489010481951926756e+00,1.319349962614069227e-07
1.489057992162676536e+00,1.314282087605533889e-07
1.489105486732719141e+00,1.309227002366242232e-07
1.489152965672349671e+00,1.303336176761149545e-07
1.489200428991852121e+00,1.298736975741121569e-07
1.489247876701501161e+00,1.292814175712919678e-07
1.489295308811560803e+00,1.287531006255449029e-07
1.489342725332285289e+00,1.283313508793071378e-07
1.489390126273918868e+00,1.277777244013122981e-07
1.489437511646694912e+00,1.272059506618461455e-07
1.489484881460837906e+00,1.267301428242717520e-07
1.489532235726561238e+00,1.261905708815902472e-07
1.489579574454068522e+00,1.256809412097936729e-07
1.489626897653553605e+00,1.251834191862144507e-07
1.489674205335200119e+00,1.246750542804875295e-07
1.489721497509181924e+00,1.241650693373230752e-07
1.489768774185662226e+00,1.236932831716330838e-07
1.489816035374794678e+00,1.231862967188135372e-07
1.489863281086723168e+00,1.226811434662522515e-07
1.489910511331581588e+00,1.222066146056022262e-07
1.489957726119493397e+00,1.216921390323477681e-07
1.490004925460572283e+00,1.212467850564280525e-07
1.490052109364922606e+00,1.207182691587149748e-07
1.490099277842638070e+00,1.202380985887430143e-07
1.490146430903802610e+00,1.197708030531430268e-07
1.490193568558490389e+00,1.193102860952421906e-07
1.490240690816766023e+00,1.188057652257157315e-07
1.490287797688684135e+00,1.183696269890788244e-07
1.490334889184288913e+00,1.178539292823188589e-07
1.490381965313615220e+00,1.174381196733520483e-07
1.490429026086688591e+00,1.169277297208282107e-07
1.490476071513523459e+00,1.164700336175883422e-07
1.490523101604125378e+00,1.159962437213835074e-07
1.490570116368490350e+00,1.155544993025614531e-07
1.490617115816603500e+00,1.150814554762291664e-07
1.490664099958441735e+00,1.146204482438406558e-07
1.490711068803970640e+00,1.141726144737731374e-07
1.490758022363147139e+00,1.137146696805757529e-07
1.490804960645917943e+00,1.132645621737538022e-07
1.490851883662220656e+00,1.128156839058647165e-07
1.490898791421982228e+00,1.123883635045785923e-07
1.490945683935120725e+00,1.119234340762886859e-07
1.490992561211543999e+00,1.115114898198044102e-07
1.491039423261151020e+00,1.110409115767652111e-07
1.491086270093830102e+00,1.106314897469928837e-07
1.491133101719460674e+00,1.101700419781082019e-07
1.491179918147912398e+00,1.097574013897428813e-07
1.491226719389045385e+00,1.093025758791554836e-07
1.491273505452709314e+00,1.088929550974171434e-07
1.491320276348745644e+00,1.084463292500004172e-07
1.491367032086985400e+00,1.080222986615808622e-07
1.491413772677250282e+00,1.076068798511187197e-07
1.491460498129352441e+00,1.071906865490745986e-07
1.491507208453094702e+00,1.067578381253042608e-07
1.491553903658269675e+00,1.063345180796204659e-07
1.491600583754661313e+00,1.059349159504563431e-07
1.491647248752043353e+00,1.055288123552600155e-07
1.491693898660180650e+00,1.050959639314896776e-07
1.491740533488828513e+00,1.046981026320281671e-07
1.491787153247732256e+00,1.042748323243358755e-07
1.491833757946628536e+00,1.038995094404526753e-07
1.491880347595243794e+00,1.034861725202063099e-07
1.491926922203295369e+00,1.030615521813160740e-07
1.491973481780491273e+00,1.026795217740072985e-07
1.492020026336530414e+00,1.022650266691016441e-07
1.492066555881101930e+00,1.018905066985098529e-07
1.492113070423884968e+00,1.014711514812915993e-07
1.492159569974550903e+00,1.010988839311721676e-07
1.492206054542760452e+00,1.006861793939606287e-07
1.492252524138165226e+00,1.003234402219277399e-07
1.492298978770407958e+00,9.990776561608072370e-08
1.492345418449121608e+00,9.952250223932423978e-08
1.492391843183930256e+00,9.914793253074094537e-08
1.492438252984447988e+00,9.876175255385533092e-08
1.492484647860280456e+00,9.837805947654487682e-08
1.492531027821023759e+00,9.801075862014840823e-08
1.492577392876264453e+00,9.761873798197484575e-08
1.492623743035580208e+00,9.725164318297174759e-08
1.492670078308539372e+00,9.687020963156101061e-08
1.492716398704700520e+00,9.650242560610422515e-08
1.492762704233614013e+00,9.614035434424295090e-08
1.492808994904820663e+00,9.575633441727404715e-08
1.492855270727851513e+00,9.540166701071939315e-08
1.492901531712229390e+00,9.502704045871723793e-08
1.492947777867466685e+00,9.467146355746081099e-08
1.492994009203068240e+00,9.430291214584940462e-08
1.493040225728528902e+00,9.394791078420894337e-08
1.493086427453333975e+00,9.358932828718025121e-08
1.493132614386960100e+00,9.322588567783895996e-08
1.493178786538875480e+00,9.287025903859102982e-08
1.493224943918538106e+00,9.252338628584766411e-08
1.493271086535397529e+00,9.217188789989450015e-08
1.493317214398893755e+00,9.181341908970352961e-08
1.493363327518458572e+00,9.146854296204764978e-08
1.493409425903513998e+00,9.112019938584126066e-08
1.493455509563473393e+00,9.078032547904513194e-08
1.493501578507741012e+00,9.043049686852100422e-08
1.493547632745711340e+00,9.009080059740881552e-08
1.493593672286771534e+00,8.974355125701549696e-08
1.493639697140298095e+00,8.941515972082925146e-08
1.493685707315659750e+00,8.906789616958121769e-08
1.493731702822215457e+00,8.873639245621234295e-08
1.493777683669315737e+00,8.839743514954534476e-08
1.493823649866302006e+00,8.806723172938291100e-08
1.493869601422506799e+00,8.773736226430628449e-08
1.493915538347253102e+00,8.740097712234273786e-08
1.493961460649856354e+00,8.708258292244863696e-08
1.494007368339621999e+00,8.674474116787678213e-08
1.494053261425846602e+00,8.642398796609995770e-08
1.494099139917818730e+00,8.609806911863415735e-08
1.494145003824817186e+00,8.577874410775621072e-08
1.494190853156112331e+00,8.545318763708564802e-08
1.494236687920965645e+00,8.513450922009724309e-08
1.494282508128629727e+00,8.481545421545888530e-08
1.494328313788348739e+00,8.449947586086636875e-08
1.494374104909357293e+00,8.418800945264592883e-08
1.494419881500881786e+00,8.387109318164220895e-08
1.494465643572139735e+00,8.355870306786528090e-08
1.494511391132339551e+00,8.324485634148004465e-08
1.494557124190681652e+00,8.294018982724082889e-08
1.494602842756356909e+00,8.262848183449023054e-08
1.494648546838547976e+00,8.232050419110237272e-08
1.494694236446428182e+00,8.201899959203728940e-08
1.494739911589163084e+00,8.170970033916091779e-08
1.494785572275908692e+00,8.141152818552654935e-08
1.494831218515812354e+00,8.110490767876399332e-08
1.494876850318013650e+00,8.081259039727228810e-08
1.494922467691642387e+00,8.050635358358704252e-08
1.494968070645820379e+00,8.021540764957535430e-08
1.495013659189660560e+00,7.991421568931400543e-08
1.495059233332267201e+00,7.962226078461753787e-08
1.495104793082735917e+00,7.932737844384973869e-08
1.495150338450154104e+00,7.903309295897997799e-08
1.495195869443600056e+00,7.875059537809647736e-08
1.495241386072143630e+00,7.845742544532186002e-08
1.495286888344846243e+00,7.816719715947328950e-08
1.495332376270760433e+00,7.787868128161790082e-08
1.495377849858930741e+00,7.759973641441320069e-08
1.495423309118392607e+00,7.731403428579142201e-08
1.495468754058173033e+00,7.702900006734125782e-08
1.495514184687290804e+00,7.674771751453590696e-08
1.495559601014755824e+00,7.646845290310011478e-08
1.495605003049569781e+00,7.618940145448505064e-08
1.495650390800725260e+00,7.591054185240864172e-08
1.495695764277207518e+00,7.563443205071962439e-08
1.495741123487992041e+00,7.535857093898812309e-08
1.495786468442046768e+00,7.508477040119032608e-08
1.495831799148330976e+00,7.481305885903566377e-08
1.495877115615795061e+00,7.453857620021153707e-08
1.495922417853381647e+00,7.426927339793110150e-08
1.495967705870024478e+00,7.400251433864468709e-08
1.496012979674648857e+00,7.373247257191906101e-08
1.496058239276171875e+00,7.346540087382891215e-08
1.496103484683502627e+00,7.319900419133773539e-08
1.496148715905540882e+00,7.293682102726961602e-08
1.496193932951178862e+00,7.267372836849972373e-08
1.496239135829300126e+00,7.240940647079696646e-08
1.496284324548779798e+00,7.215575692498532590e-08
1.496329499118484785e+00,7.189090922565810615e-08
1.496374659547273556e+00,7.163183823877261602e-08
1.496419805843996587e+00,7.137511914834249183e-08
1.496464938017495694e+00,7.112061695124793914e-08
1.496510056076604256e+00,7.086408970735647017e-08
1.496555160030148102e+00,7.061371576355668367e-08
1.496600249886943956e+00,7.035740168248594273e-08
1.496645325655800995e+00,7.010546454466748401e-08
1.496690387345519291e+00,6.985376899137918372e-08
1.496735434964891587e+00,6.960832621416557231e-08
1.496780468522701746e+00,6.935754726100640255e-08
1.496825488027725859e+00,6.911140104648438864e-08
1.496870493488731135e+00,6.886449455123511143e-08
1.496915484914477679e+00,6.862006785013363697e-08
1.496960462313716045e+00,6.837973387519014068e-08
1.497005425695189684e+00,6.813360187152284198e-08
1.497050375067633166e+00,6.789482398517066031e-08
1.497095310439773952e+00,6.765193205637842766e-08
1.497140231820329737e+00,6.741293390177816036e-08
1.497185139218011773e+00,6.717306177961290814e-08
1.497230032641521769e+00,6.693633736176707316e-08
1.497274912099554101e+00,6.669919372370713972e-08
1.497319777600794932e+00,6.646732941817390383e-08
1.497364629153921989e+00,6.623363191238240688e-08
1.497409466767605668e+00,6.599783830552041763e-08
1.497454290450507486e+00,6.576609479225226096e-08
1.497499100211280965e+00,6.553434417355674668e-08
1.497543896058571855e+00,6.530483176447887672e-08
1.497588678001018136e+00,6.507598016014526365e-08
1.497633446047249128e+00,6.484872017153975321e-08
1.497678200205886156e+00,6.462167334575497080e-08
1.497722940485543219e+00,6.439464783625226119e-08
1.497767666894825656e+00,6.416818365551080205e-08
1.497812379442330810e+00,6.394746066007428453e-08
1.497857078136648479e+00,6.372229677253926639e-08
1.497901762986360019e+00,6.350036585445195669e-08
1.497946434000038796e+00,6.328101420649545616e-08
1.497991091186250845e+00,6.306094491037583794e-08
1.498035734553553988e+00,6.284025744207610842e-08
1.498080364110496943e+00,6.262278873236937216e-08
1.498124979865622652e+00,6.240544792035507271e-08
1.498169581827464514e+00,6.218876080765767256e-08
1.498214170004548151e+00,6.197448954026185675e-08
1.498258744405392084e+00,6.175986300149816088e-08
1.498303305038506394e+00,6.154646570166732999e-08
1.498347851912393169e+00,6.133481633696646895e-08
1.498392385035546726e+00,6.112253458923078142e-08
1.498436904416454052e+00,6.091244131312123500e-08
1.498481410063593477e+00,6.070302305261066067e-08
1.498525901985435782e+00,6.049400980145946960e-08
1.498570380190444196e+00,6.028646737377130194e-08
1.498614844687073955e+00,6.007905994920292869e-08
1.498659295483772302e+00,5.987266149531933479e-08
1.498703732588978488e+00,5.966839466964302119e-08
1.498748156011124655e+00,5.946605696749429626e-08
1.498792565758634732e+00,5.926359136765313451e-08
1.498836961839924653e+00,5.905944533424190013e-08
1.498881344263403248e+00,5.885747711431577045e-08
1.498925713037470908e+00,5.865769736601578188e-08
1.498970068170520475e+00,5.845877382171238423e-08
1.499014409670937464e+00,5.825884841215156484e-08
1.499058737547099396e+00,5.806021974308350764e-08
1.499103051807375353e+00,5.786383994177413115e-08
1.499147352460127758e+00,5.766840516230331559e-08
1.499191639513711483e+00,5.747185127802367788e-08
1.499235912976472296e+00,5.727823548795640818e-08
1.499280172856749305e+00,5.708483286070986651e-08
1.499324419162874067e+00,5.689292237320842105e-08
1.499368651903170369e+00,5.670029068483017909e-08
1.499412871085953780e+00,5.650919376876117894e-08
1.499457076719532767e+00,5.631932253891136497e-08
1.499501268812207577e+00,5.612913511754413776e-08
1.499545447372272022e+00,5.594099405925589963e-08
1.499589612408011252e+00,5.575318340333978995e-08
1.499633763927703090e+00,5.556600868317218556e-08
1.499677901939617586e+00,5.537891922813287238e-08
1.499722026452017687e+00,5.519415680055317353e-08
1.499766137473158123e+00,5.501065558632944885e-08
1.499810235011286741e+00,5.482736753492645221e-08
1.499854319074643172e+00,5.464397645482677035e-08
1.499898389671459942e+00,5.446162276712129824e-08
1.499942446809962027e+00,5.428067950674630993e-08
1.499986490498366631e+00,5.409953729440530878e-08
1.500030520744883633e+00,5.392025670403199911e-08
1.500074537557714693e+00,5.374159428583880072e-08
1.500118540945055701e+00,5.356237409159803065e-08
1.500162530915092773e+00,5.338519670772257086e-08
1.500206507476006701e+00,5.320837814792866993e-08
1.500250470635969391e+00,5.303201433548565547e-08
1.500294420403145201e+00,5.285728121862121043e-08
1.500338356785692273e+00,5.268273994829542062e-08
1.500382279791760087e+00,5.250948476032135659e-08
1.500426189429491242e+00,5.233664879256139102e-08
1.500470085707020784e+00,5.216472587221687718e-08
1.500513968632476436e+00,5.199371244657413627e-08
1.500557838213978146e+00,5.182252849067481293e-08
1.500601694459639202e+00,5.165263772255457297e-08
1.500645537377564676e+00,5.148340420646491111e-08
1.500689366975852534e+00,5.131471425556810573e-08
1.500733183262593418e+00,5.114636536518446519e-08
1.500776986245871081e+00,5.097935229514405364e-08
1.500820775933760842e+00,5.081371412529733789e-08
1.500864552334331803e+00,5.064716646074884920e-08
1.500908315455644626e+00,5.048289608566847164e-08
1.500952065305753758e+00,5.031843741676311765e-08
1.500995801892705206e+00,5.015525772478213185e-08
1.501039525224538984e+00,4.999277081196851213e-08
1.501083235309286223e+00,4.983064627595013008e-08
1.501126932154972060e+00,4.966971189901414618e-08
1.501170615769613637e+00,4.950826948402209382e-08
1.501214286161221212e+00,4.934851105531379289e-08
1.501257943337797274e+00,4.918933882436249405e-08
1.501301587307337648e+00,4.903022698954373482e-08
1.501345218077830612e+00,4.887206017656353652e-08
1.501388835657257115e+00,4.871525760563599761e-08
1.501432440053591222e+00,4.855803581449436024e-08
1.501476031274799006e+00,4.840246248249968630e-08
1.501519609328840321e+00,4.824772403821953048e-08
1.501563174223666808e+00,4.809256992643895501e-08
1.501606725967224110e+00,4.793907848466005817e-08
1.501650264567449211e+00,4.778539164362882730e-08
1.501693790032273101e+00,4.763231586935035011e-08
1.501737302369619220e+00,4.748162041323666926e-08
1.501780801587403680e+00,4.733022507252826472e-08
1.501824287693535709e+00,4.717907842177737621e-08
1.501867760695916765e+00,4.702944522705365671e-08
1.501911220602441865e+00,4.687991861374030123e-08
1.501954667420999145e+00,4.673143294553483429e-08
1.501998101159468524e+00,4.658277319435910613e-08
1.502041521825723480e+00,4.643563755735158338e-08
1.502084929427630611e+00,4.628870797773743107e-08
1.502128323973048740e+00,4.614254578427789966e-08
1.502171705469830032e+00,4.599700886842583714e-08
1.502215073925819766e+00,4.585268342793824559e-08
1.502258429348856117e+00,4.570852851770723646e-08
1.502301771746769488e+00,4.556433452762576053e-08
1.502345101127383620e+00,4.542117082451113674e-08
1.502388417498515816e+00,4.527829489120449580e-08
1.502431720867975384e+00,4.513623963475765777e-08
1.502475011243565195e+00,4.499500860788430145e-08
1.502518288633081234e+00,4.485390903141706076e-08
1.502561553044311715e+00,4.471369052794216259e-08
1.502604804485038414e+00,4.457459468198976538e-08
1.502648042963036223e+00,4.443558054845198058e-08
1.502691268486072707e+00,4.429690037000000302e-08
1.502734481061908989e+00,4.415903731569414958e-08
1.502777680698298202e+00,4.402220810106882709e-08
1.502820867402987259e+00,4.388531138488360739e-08
1.502864041183715971e+00,4.374928508354969381e-08
1.502907202048217705e+00,4.361394445595578873e-08
1.502950350004217839e+00,4.347878856947318127e-08
1.502993485059435530e+00,4.334426506602540030e-08
1.503036607221583054e+00,4.321102053950198751e-08
1.503079716498365137e+00,4.307796075408987235e-08
1.503122812897480731e+00,4.294511768421216402e-08
1.503165896426620574e+00,4.281289633922824578e-08
1.503208967093469628e+00,4.268148856567677285e-08
1.503252024905705087e+00,4.255010921383473033e-08
1.503295069870998146e+00,4.241970330554067914e-08
1.503338101997012233e+00,4.228924410654144594e-08
1.503381121291404332e+00,4.216049021010803699e-08
1.503424127761825435e+00,4.203169723382416123e-08
1.503467121415917873e+00,4.190344427001946315e-08
1.503510102261318204e+00,4.177578105668544595e-08
1.503553070305656769e+00,4.164891365121548006e-08
1.503596025556556137e+00,4.152161281467670051e-08
1.503638968021631994e+00,4.139675624514893570e-08
1.503681897708494031e+00,4.127034358702985628e-08
1.503724814624744610e+00,4.114480134376208298e-08
1.503767718777979434e+00,4.101992345795224537e-08
1.503810610175787099e+00,4.089597283041257469e-08
1.503853488825750206e+00,4.077217852227477124e-08
1.503896354735443586e+00,4.064909475687272788e-08
1.503939207912436515e+00,4.052685653732623905e-08
1.503982048364290280e+00,4.040470713562172023e-08
1.504024876098560615e+00,4.028332512007182231e-08
1.504067691122795258e+00,4.016254351313364168e-08
1.504110493444536401e+00,4.004197506901618908e-08
1.504153283071319125e+00,3.992172636912982853e-08
1.504196060010670966e+00,3.980213492127404606e-08
1.504238824270114572e+00,3.968368744722283736e-08
1.504281575857164377e+00,3.956511562819287064e-08
1.504324314779328153e+00,3.944705184721897240e-08
1.504367041044108122e+00,3.932938597017709981e-08
1.504409754658998954e+00,3.921215352420404088e-08
1.504452455631489105e+00,3.909628887299732014e-08
1.504495143969059479e+00,3.897968881005908770e-08
1.504537819679185873e+00,3.886422916821175022e-08
1.504580482769336314e+00,3.874867360309508513e-08
1.504623133246972166e+00,3.863407016524433857e-08
1.504665771119549023e+00,3.852032293139018293e-08
1.504708396394514702e+00,3.840607121219363762e-08
1.504751009079311919e+00,3.829357808626809856e-08
1.504793609181375613e+00,3.818035310132472659e-08
1.504836196708134288e+00,3.806850656928872922e-08
1.504878771667010229e+00,3.795645042714568262e-08
1.504921334065418614e+00,3.784519364558036614e-08
1.504963883910769296e+00,3.773379475546789763e-08
1.505006421210463907e+00,3.762351141745057248e-08
1.505048945971898977e+00,3.751353716552330297e-08
1.505091458202463039e+00,3.740376897098940390e-08
1.505133957909539522e+00,3.729442710209696088e-08
1.505176445100504745e+00,3.718611907288504881e-08
1.505218919782728371e+00,3.707751261572411750e-08
1.505261381963573841e+00,3.697043027273139160e-08
1.505303831650397495e+00,3.686286831339202763e-08
1.505346268850549896e+00,3.675559767657432531e-08
1.505388693571374947e+00,3.664928982516357792e-08
1.505431105820209892e+00,3.654279012721417530e-08
1.505473505604385531e+00,3.643756230076178326e-08
1.505515892931226452e+00,3.633246592471550684e-08
1.505558267808050354e+00,3.622783140144747449e-08
1.505600630242168725e+00,3.612320753632047854e-08
1.505642980240887052e+00,3.601928355578820629e-08
1.505685317811503277e+00,3.591593156215822091e-08
1.505727642961309787e+00,3.581245877626315632e-08
1.505769955697593199e+00,3.570987061607411306e-08
1.505812256027631690e+00,3.560756312026569503e-08
1.505854543958699221e+00,3.550570681909448467e-08
1.505896819498061756e+00,3.540402104817985673e-08
1.505939082652979488e+00,3.530313819055663771e-08
1.505981333430706615e+00,3.520316838034887041e-08
1.506023571838490671e+00,3.510260526695674344e-08
1.506065797883571866e+00,3.500254308619332733e-08
1.506108011573186189e+00,3.490336908384961134e-08
1.506150212914560971e+00,3.480443311332237499e-08
1.506192401914918655e+00,3.470600873356488592e-08
1.506234578581474803e+00,3.460773001506822766e-08
1.506276742921439427e+00,3.450968577567437023e-08
1.506318894942014541e+00,3.441236628987098811e-08
1.506361034650397501e+00,3.431559392197414127e-08
1.506403162053778777e+00,3.421927274871450209e-08
1.506445277159342400e+00,3.412297289173693571e-08
1.506487379974266405e+00,3.402690040843481256e-08
1.506529470505722168e+00,3.393143188645808550e-08
1.506571548760874624e+00,3.383667035450343974e-08
1.506613614746883600e+00,3.374200119310444279e-08
1.506655668470901155e+00,3.364788270232565992e-08
1.506697709940074237e+00,3.355351552158936101e-08
1.506739739161543135e+00,3.345966703705016698e-08
1.506781756142441475e+00,3.336631948513968382e-08
1.506823760889897557e+00,3.327383168993947038e-08
1.506865753411032349e+00,3.318104191407655890e-08
1.506907733712961717e+00,3.308948137714651239e-08
1.506949701802794861e+00,3.299786399679760507e-08
1.506991657687634323e+00,3.290684347234673623e-08
1.507033601374577092e+00,3.281547833466902375e-08
1.507075532870713719e+00,3.272446846835919132e-08
1.507117452183128758e+00,3.263433256961434381e-08
1.507159359318899661e+00,3.254435654298504232e-08
1.507201254285099656e+00,3.245487789627077291e-08
1.507243137088793539e+00,3.236575807363806234e-08
1.507285007737042104e+00,3.227736655730950588e-08
1.507326866236897933e+00,3.218891819756208861e-08
1.507368712595408722e+00,3.210034549283591332e-08
1.507410546819616171e+00,3.201269294095254736e-08
1.507452368916555319e+00,3.192561948139882588e-08
1.507494178893254988e+00,3.183833285902437638e-08
1.507535976756738672e+00,3.175125584675697610e-08
1.507577762514022757e+00,3.166484319194751151e-08
1.507619536172118080e+00,3.157870054337763577e-08
1.507661297738029482e+00,3.149336436081284774e-08
1.507703047218755366e+00,3.140802107282070210e-08
1.507744784621288359e+00,3.132307924147426093e-08
1.507786509952615317e+00,3.123840386365372979e-08
1.507828223219715769e+00,3.115379243467941706e-08
1.507869924429565023e+00,3.106944745923101436e-08
1.507911613589130839e+00,3.098586276450987498e-08
1.507953290705375426e+00,3.090294597996035009e-08
1.507994955785254998e+00,3.081984800701320637e-08
1.508036608835720216e+00,3.073721188684430672e-08
1.508078249863714859e+00,3.065419207359809661e-08
1.508119878876176934e+00,3.057218123103666585e-08
1.508161495880039338e+00,3.049035512958653271e-08
1.508203100882227421e+00,3.040897311734624964e-08
1.508244693889661869e+00,3.032806361602524703e-08
1.508286274909257152e+00,3.024714700927688682e-08
1.508327843947920632e+00,3.016665672816998267e-08
1.508369401012555233e+00,3.008640803159323696e-08
1.508410946110056994e+00,3.000656079166219570e-08
1.508452479247316180e+00,2.992737435647541133e-08
1.508494000431217286e+00,2.984805647088251135e-08
1.508535509668638586e+00,2.976870305815282336e-08
1.508577006966453249e+00,2.969031243083009031e-08
1.508618492331526895e+00,2.961201772677668487e-08
1.508659965770720923e+00,2.953394684368504386e-08
1.508701427290889852e+00,2.945587596059340285e-08
1.508742876898882201e+00,2.937912846334711503e-08
1.508784314601541388e+00,2.930192444239310134e-08
1.508825740405704163e+00,2.922499398039235530e-08
1.508867154318201731e+00,2.914864971614861133e-08
1.508908556345859298e+00,2.907255414186238340e-08
1.508949946495496519e+00,2.899625073382594564e-08
1.508991324773926612e+00,2.892057437975381617e-08
1.509032691187957465e+00,2.884526573154744256e-08
1.509074045744390746e+00,2.877034432913205819e-08
1.509115388450022355e+00,2.869552062634284084e-08
1.509156719311642636e+00,2.862098469336160633e-08
1.509198038336035719e+00,2.854713088140670152e-08
1.509239345529979959e+00,2.847305147213319287e-08
1.509280640900248383e+00,2.839940016485797969e-08
1.509321924453607355e+00,2.832622136850204697e-08
1.509363196196818357e+00,2.825320066790482088e-08
1.509404456136636430e+00,2.818070576893205725e-08
1.509445704279810840e+00,2.810775612260840717e-08
1.509486940633085084e+00,2.803567333842238440e-08
1.509528165203197547e+00,2.796364029222786485e-08
1.509569377996879735e+00,2.789226094535024458e-08
1.509610579020858712e+00,2.782090469111153652e-08
1.509651768281854212e+00,2.774982554853977490e-08
1.509692945786581530e+00,2.767875528775221028e-08
1.509734111541749302e+00,2.760784134636651288e-08
1.509775265554061496e+00,2.753796479737502523e-08
1.509816407830215201e+00,2.746793903440902795e-08
1.509857538376902175e+00,2.739820637032153172e-08
1.509898657200808847e+00,2.732894088808279776e-08
1.509939764308615429e+00,2.725954395543794817e-08
1.509980859706996803e+00,2.719067282441756106e-08
1.510021943402621858e+00,2.712180346975401335e-08
1.510063015402153930e+00,2.705324142482368188e-08
1.510104075712250582e+00,2.698529755207346170e-08
1.510145124339563605e+00,2.691716538549826510e-08
1.510186161290739459e+00,2.684978817057981360e-08
1.510227186572419056e+00,2.678232213781939208e-08
1.510268200191236421e+00,2.671524867992047803e-08
1.510309202153821584e+00,2.664813081310057896e-08
1.510350192466797914e+00,2.658152808976410597e-08
1.510391171136783228e+00,2.651541741727214685e-08
1.510432138170390237e+00,2.644922503236557532e-08
1.510473093574224990e+00,2.638331508819646842e-08
1.510514037354889538e+00,2.631757745064078335e-08
1.510554969518978385e+00,2.625238160192111536e-08
1.510595890073081593e+00,2.618695305045548594e-08
1.510636799023784116e+00,2.612207339325323119e-08
1.510677696377663803e+00,2.605768045782497211e-08
1.510718582141293620e+00,2.599325910068728263e-08
1.510759456321241645e+00,2.592870984585715632e-08
1.510800318924069519e+00,2.586493508260900853e-08
1.510841169956333330e+00,2.580149427444666799e-08
1.510882009424584060e+00,2.573811741513054585e-08
1.510922837335366697e+00,2.567458423641255649e-08
1.510963653695220898e+00,2.561170120429778763e-08
1.511004458510680992e+00,2.554898692608276178e-08
1.511045251788275090e+00,2.548659594481250679e-08
1.511086033534526640e+00,2.542459043297640164e-08
1.511126803755952652e+00,2.536263643548863911e-08
1.511167562459065472e+00,2.530048881510538195e-08
1.511208309650371229e+00,2.523873554594047164e-08
1.511249045336370722e+00,2.517745301133800240e-08
1.511289769523559645e+00,2.511644758840247960e-08
1.511330482218427695e+00,2.505555407594783901e-08
1.511371183427459686e+00,2.499472095962573803e-08
1.511411873157133989e+00,2.493431061623141431e-08
1.511452551413924539e+00,2.487421646435450384e-08
1.511493218204298827e+00,2.481397842757360195e-08
1.511533873534719685e+00,2.475426796877400193e-08
1.511574517411643948e+00,2.469513127323352819e-08
1.511615149841523564e+00,2.463555404119688319e-08
1.511655770830804268e+00,2.457652570342361287e-08
1.511696380385926908e+00,2.451749026022298494e-08
1.511736978513326779e+00,2.445874258683033986e-08
1.511777565219433628e+00,2.440060242747676966e-08
1.511818140510671871e+00,2.434244628091164486e-08
1.511858704393460595e+00,2.428437184676113247e-08
1.511899256874213116e+00,2.422651768085870572e-08
1.511939797959337861e+00,2.416891220491379499e-08
1.511980327655237488e+00,2.411137067781510268e-08
1.512020845968309324e+00,2.405450949538590066e-08
1.512061352904945144e+00,2.399748133541379502e-08
1.512101848471532062e+00,2.394068765454449021e-08
1.512142332674450751e+00,2.388431319388928387e-08
1.512182805520077666e+00,2.382759056729355507e-08
1.512223267014782602e+00,2.377165309042084118e-08
1.512263717164930910e+00,2.371538876388967765e-08
1.512304155976882614e+00,2.366007834098127205e-08
1.512344583456991964e+00,2.360478923435493925e-08
1.512384999611607883e+00,2.354904715673455939e-08
1.512425404447074406e+00,2.349397654199947283e-08
1.512465797969729797e+00,2.343914395908086590e-08
1.512506180185907434e+00,2.338430427073490137e-08
1.512546551101934478e+00,2.332990867159878690e-08
1.512586910724133871e+00,2.327571380078552465e-08
1.512627259058822782e+00,2.322175873814558145e-08
1.512667596112312829e+00,2.316751768205449480e-08
1.512707921890910745e+00,2.311381308572890703e-08
1.512748236400917934e+00,2.306029678322829568e-08
1.512788539648630248e+00,2.300694923462742736e-08
1.512828831640338434e+00,2.295371359650744125e-08
1.512869112382327907e+00,2.290086698053528380e-08
1.512909381880878756e+00,2.284806299712727196e-08
1.512949640142266183e+00,2.279527500093081471e-08
1.512989887172760062e+00,2.274286181602747092e-08
1.513030122978624270e+00,2.269084653505615279e-08
1.513070347566118246e+00,2.263891474285628647e-08
1.513110560941496097e+00,2.258719078440662997e-08
1.513150763111006603e+00,2.253542064067914907e-08
1.513190954080892991e+00,2.248390806869338121e-08
1.513231133857393607e+00,2.243269392465663259e-08
1.513271302446741906e+00,2.238145846433781117e-08
1.513311459855165131e+00,2.233069018586775201e-08
1.513351606088886747e+00,2.228013507021842088e-08
1.513391741154123782e+00,2.222948225494292274e-08
1.513431865057088599e+00,2.217913142033012264e-08
1.513471977803988455e+00,2.212906125009794778e-08
1.513512079401025057e+00,2.207903193607307912e-08
1.513552169854395224e+00,2.202921400851209910e-08
1.513592249170290893e+00,2.197956483485086210e-08
1.513632317354898227e+00,2.192992276661698270e-08
1.513672374414398503e+00,2.188061642982574995e-08
1.513712420354968113e+00,2.183173464231913385e-08
1.513752455182777901e+00,2.178278712960945995e-08
1.513792478903993821e+00,2.173401725258372608e-08
1.513832491524776280e+00,2.168557955428696005e-08
1.513872493051281243e+00,2.163711876335128181e-08
1.513912483489659122e+00,2.158887113523633161e-08
1.513952462846055891e+00,2.154074785210013943e-08
1.513992431126610638e+00,2.149273825580166886e-08
1.514032388337459567e+00,2.144507860180056014e-08
1.514072334484732218e+00,2.139748467300250923e-08
1.514112269574553693e+00,2.134983745349927631e-08
1.514152193613043984e+00,2.130278353718040307e-08
1.514192106606317978e+00,2.125567277744266903e-08
1.514232008560485454e+00,2.120870234989524761e-08
1.514271899481650641e+00,2.116214226077772764e-08
1.514311779375913991e+00,2.111584684882927831e-08
1.514351648249369298e+00,2.106931340506434935e-08
1.514391506108106134e+00,2.102292739891709061e-08
1.514431352958209631e+00,2.097687712421247852e-08
1.514471188805758706e+00,2.093080553322579362e-08
1.514511013656827609e+00,2.088540007605388382e-08
1.514550827517486153e+00,2.083977435063388839e-08
1.514590630393798376e+00,2.079434580082306638e-08
1.514630422291823875e+00,2.074911797933509661e-08
1.514670203217616917e+00,2.070393101405443304e-08
1.514709973177226443e+00,2.065889503910511849e-08
1.514749732176696950e+00,2.061415216303430498e-08
1.514789480222067830e+00,2.056930270555312745e-08
1.514829217319373589e+00,2.052492575899123040e-08
1.514868943474643181e+00,2.048092717643612559e-08
1.514908658693901344e+00,2.043669411477821996e-08
1.514948362983167041e+00,2.039261559616534214e-08
1.514988056348454792e+00,2.034873602951847715e-08
1.515027738795774459e+00,2.030492041171783058e-08
1.515067410331129905e+00,2.026110834663086280e-08
1.515107070960521218e+00,2.021769596183276008e-08
1.515146720689942494e+00,2.017443456736600638e-08
1.515186359525383830e+00,2.013127264888225909e-08
1.515225987472829772e+00,2.008834876221499144e-08
1.515265604538259980e+00,2.004546928446870879e-08
1.515305210727649454e+00,2.000291488002403639e-08
1.515344806046968307e+00,1.996036758100672159e-08
1.515384390502181100e+00,1.991792686339977081e-08
1.515423964099248400e+00,1.987580944273759087e-08
1.515463526844124997e+00,1.983351261003463151e-08
1.515503078742761911e+00,1.979170427546250721e-08
1.515542619801103719e+00,1.974995988973660133e-08
1.515582150025091446e+00,1.970815510787815583e-08
1.515621669420660789e+00,1.966667184660764178e-08
1.515661177993742559e+00,1.962535023380951316e-08
1.515700675750262238e+00,1.958400730472931173e-08
1.515740162696141091e+00,1.954283845861937152e-08
1.515779638837295495e+00,1.950204797651622357e-08
1.515819104179636501e+00,1.946133565411400923e-08
1.515858558729070937e+00,1.942040661617738806e-08
1.515898002491500307e+00,1.937975646626455273e-08
1.515937435472821004e+00,1.933929461017669382e-08
1.515976857678925427e+00,1.929904236419588415e-08
1.516016269115700421e+00,1.925902815003155411e-08
1.516055669789028615e+00,1.921904235757665447e-08
1.516095059704787529e+00,1.917906367054911243e-08
1.516134438868849355e+00,1.913955216537033266e-08
1.516173807287082065e+00,1.909995361870642228e-08
1.516213164965349414e+00,1.906035507204251189e-08
1.516252511909508938e+00,1.902109225682124816e-08
1.516291848125414399e+00,1.898199464278604864e-08
1.516331173618914230e+00,1.894280643455203972e-08
1.516370488395852645e+00,1.890384204727979522e-08
1.516409792462068751e+00,1.886511746818086976e-08
1.516449085823396992e+00,1.882654920848381153e-08
1.516488368485666705e+00,1.878808930655395670e-08
1.516527640454702563e+00,1.874942867630124965e-08
1.516566901736325468e+00,1.871108779027963465e-08
1.516606152336349878e+00,1.867319987525206670e-08
1.516645392260586700e+00,1.863504905941226752e-08
1.516684621514841735e+00,1.859701548312386876e-08
1.516723840104916343e+00,1.855935138905806525e-08
1.516763048036606554e+00,1.852169262406277994e-08
1.516802245315704178e+00,1.848410846605474944e-08
1.516841431947996144e+00,1.844683161777993519e-08
1.516880607939264713e+00,1.840949437337258132e-08
1.516919773295287266e+00,1.837256213832461071e-08
1.516958928021836739e+00,1.833528706640663586e-08
1.516998072124681407e+00,1.829844897827115346e-08
1.517037205609584216e+00,1.826156470485784666e-08
1.517076328482304115e+00,1.822484385627376469e-08
1.517115440748595390e+00,1.818851735890802956e-08
1.517154542414207219e+00,1.815204520028146362e-08
1.517193633484884341e+00,1.811587146960391692e-08
1.517232713966366386e+00,1.807956984123393340e-08
1.517271783864389656e+00,1.804348315204151731e-08
1.517310843184683788e+00,1.800757765124672005e-08
1.517349891932975536e+00,1.797167570316560159e-08
1.517388930114985657e+00,1.793605797217878717e-08
1.517427957736431576e+00,1.790058590245280357e-08
1.517466974803025392e+00,1.786506409473531676e-08
1.517505981320473873e+00,1.782967196106710617e-08
1.517544977294480901e+00,1.779471148211086984e-08
1.517583962730743696e+00,1.775941349535514746e-08
1.517622937634956370e+00,1.772445479275575053e-08
1.517661902012808151e+00,1.768944279945117160e-08
1.517700855869982934e+00,1.765466528524939349e-08
1.517739799212160845e+00,1.761997303617590660e-08
1.517778732045017120e+00,1.758558632047879655e-08
1.517817654374221892e+00,1.755105394352085568e-08
1.517856566205441737e+00,1.751671163674473064e-08
1.517895467544337906e+00,1.748254518929570622e-08
1.517934358396566985e+00,1.744854927210326423e-08
1.517973238767781563e+00,1.741456934212237684e-08
1.518012108663629123e+00,1.738067112455610186e-08
1.518050968089752928e+00,1.734697363531267911e-08
1.518089817051791579e+00,1.731332588406075956e-08
1.518128655555379014e+00,1.727964793474257021e-08
1.518167483606145174e+00,1.724624176802080910e-08
1.518206301209714004e+00,1.721288356293371180e-08
1.518245108371707008e+00,1.717982023308195494e-08
1.518283905097739250e+00,1.714656860940522165e-08
1.518322691393422463e+00,1.711354258304709219e-08
1.518361467264363496e+00,1.708067465244766936e-08
1.518400232716164311e+00,1.704795238310907735e-08
1.518438987754422875e+00,1.701528695718934614e-08
1.518477732384732493e+00,1.698266594019059994e-08
1.518516466612682025e+00,1.695020479530739976e-08
1.518555190443855452e+00,1.691782358648197260e-08
1.518593903883832530e+00,1.688551876100063964e-08
1.518632606938189022e+00,1.685349459989993193e-08
1.518671299612495140e+00,1.682141892445088160e-08
1.518709981912317319e+00,1.678945693583955290e-08
1.518748653843217777e+00,1.675748784180086659e-08
1.518787315410753402e+00,1.672588290091425733e-08
1.518825966620477530e+00,1.669422822203614487e-08
1.518864607477938167e+00,1.666272986255989963e-08
1.518903237988679544e+00,1.663116933059427538e-08
1.518941858158240787e+00,1.659979176338310936e-08
1.518980467992157690e+00,1.656863624077686836e-08
1.519019067495960273e+00,1.653732617512559955e-08
1.519057656675175005e+00,1.650627545757288317e-08
1.519096235535323469e+00,1.647548586447555863e-08
1.519134804081923251e+00,1.644447245041646966e-08
1.519173362320487275e+00,1.641370417360121792e-08
1.519211910256523357e+00,1.638320412666871562e-08
1.519250447895536649e+00,1.635268986888149811e-08
1.519288975243025863e+00,1.632213830760065321e-08
1.519327492304486826e+00,1.629182477813628793e-08
1.519365999085410035e+00,1.626148815603301045e-08
1.519404495591282211e+00,1.623138601303253381e-08
1.519442981827585637e+00,1.620110978706179594e-08
1.519481457799797486e+00,1.617127587394406873e-08
1.519519923513391380e+00,1.614138867012115952e-08
1.519558378973836055e+00,1.611151212443928671e-08
1.519596824186596251e+00,1.608193223034959374e-08
1.519635259157132268e+00,1.605226351841793075e-08
1.519673683890899518e+00,1.602272092782186519e-08
1.519712098393349864e+00,1.599328491863616364e-08
1.519750502669930059e+00,1.596397680714289891e-08
1.519788896726083305e+00,1.593480725148310739e-08
1.519827280567247696e+00,1.590558262876129447e-08
1.519865654198857552e+00,1.587645392930880917e-08
1.519904017626342307e+00,1.584742470583933027e-08
1.519942370855127400e+00,1.581877384637664363e-08
1.519980713890634494e+00,1.578986008610172576e-08
1.520019046738279700e+00,1.576114705414966011e-08
1.520057369403475800e+00,1.573261876330889208e-08
1.520095681891630912e+00,1.570409224882496346e-08
1.520133984208148492e+00,1.567556573434103484e-08
1.520172276358428665e+00,1.564742113657757727e-08
1.520210558347866447e+00,1.561905627056603407e-08
1.520248830181852417e+00,1.559079620960801549e-08
1.520287091865773821e+00,1.556279549674854934e-08
1.520325343405012797e+00,1.553479478388908319e-08
1.520363584804947044e+00,1.550692552143573266e-08
1.520401816070950929e+00,1.547878447638595389e-08
1.520440037208393491e+00,1.545107508604814939e-08
1.520478248222640438e+00,1.542352734418273030e-08
1.520516449119052815e+00,1.539589611354585941e-08
1.520554639902987004e+00,1.536854199457593495e-08
1.520592820579795612e+00,1.534101912170626747e-08
1.520630991154826805e+00,1.531373428065307962e-08
1.520669151633424976e+00,1.528636950354211876e-08
1.520707302020929630e+00,1.525933868151696515e-08
1.520745442322676277e+00,1.523220660715196573e-08
1.520783572543996209e+00,1.520533565724235814e-08
1.520821692690216498e+00,1.517847003640326875e-08
1.520859802766660218e+00,1.515160086285050056e-08
1.520897902778645783e+00,1.512488267962908139e-08
1.520935992731487829e+00,1.509811298205931962e-08
1.520974072630496332e+00,1.507169677950059850e-08
1.521012142480977269e+00,1.504509405947374034e-08
1.521050202288232622e+00,1.501872937126336183e-08
1.521088252057559931e+00,1.499240376290345012e-08
1.521126291794252960e+00,1.496625401387063903e-08
1.521164321503600370e+00,1.493983781131191790e-08
1.521202341190887486e+00,1.491382128904206184e-08
1.521240350861395418e+00,1.488769996171868115e-08
1.521278350520400613e+00,1.486189127319903491e-08
1.521316340173175519e+00,1.483606837382467347e-08
1.521354319824988810e+00,1.481013889303994802e-08
1.521392289481104720e+00,1.478444566771486279e-08
1.521430249146782820e+00,1.475888211643905379e-08
1.521468198827279572e+00,1.473323418821337327e-08
1.521506138527846330e+00,1.470782073909049359e-08
1.521544068253730897e+00,1.468244992253175951e-08
1.521581988010177078e+00,1.465714127846240444e-08
1.521619897802423793e+00,1.463190635320188449e-08
1.521657797635706411e+00,1.460663767716141592e-08
1.521695687515255857e+00,1.458169407442255761e-08
1.521733567446299507e+00,1.455662346216968217e-08
1.521771437434059626e+00,1.453152886909947483e-08
1.521809297483755596e+00,1.450656661461380281e-08
1.521847147600601691e+00,1.448198272413492305e-08
1.521884987789808408e+00,1.445725139603837306e-08
1.521922818056582694e+00,1.443246855359348046e-08
1.521960638406126165e+00,1.440790775575351290e-08
1.521998448843637552e+00,1.438347396742756246e-08
1.522036249374311145e+00,1.435899577018062701e-08
1.522074040003336126e+00,1.433454155375102346e-08
1.522111820735899901e+00,1.431026852571903873e-08
1.522149591577183214e+00,1.428609763820531953e-08
1.522187352532364590e+00,1.426196316600680802e-08
1.522225103606617447e+00,1.423793971611075904e-08
1.522262844805111648e+00,1.421392159528522825e-08
1.522300576133013283e+00,1.419003492486581308e-08
1.522338297595483558e+00,1.416613493177010241e-08
1.522376009197680125e+00,1.414231043384006625e-08
1.522413710944756415e+00,1.411846550780637699e-08
1.522451402841862089e+00,1.409495098414481618e-08
1.522489084894142586e+00,1.407128280561664724e-08
1.522526757106739348e+00,1.404792371317853394e-08
1.522564419484789822e+00,1.402435145791969262e-08
1.522602072033427456e+00,1.400103499804572493e-08
1.522639714757781482e+00,1.397778959244533326e-08
1.522677347662977132e+00,1.395449622521027777e-08
1.522714970754136088e+00,1.393123660875517089e-08
1.522752584036375589e+00,1.390810933088459933e-08
1.522790187514808879e+00,1.388511083888488429e-08
1.522827781194545205e+00,1.386209280695993584e-08
1.522865365080690037e+00,1.383912984209700880e-08
1.522902939178344850e+00,1.381648306875149501e-08
1.522940503492606901e+00,1.379363379072628959e-08
1.522978058028569670e+00,1.377087865961357238e-08
1.523015602791322198e+00,1.374828784150849970e-08
1.523053137785950417e+00,1.372565527901770110e-08
1.523090663017535595e+00,1.370310442894151493e-08
1.523128178491155449e+00,1.368071078644561567e-08
1.523165684211883253e+00,1.365844504164215323e-08
1.523203180184788508e+00,1.363596524583954306e-08
1.523240666414937383e+00,1.361378032527227333e-08
1.523278142907391164e+00,1.359156698299557320e-08
1.523315609667207582e+00,1.356930834361946836e-08
1.523353066699440816e+00,1.354726997249144915e-08
1.523390514009139940e+00,1.352545453414677468e-08
1.523427951601352248e+00,1.350339395855826297e-08
1.523465379481118154e+00,1.348156608571571269e-08
1.523502797653477181e+00,1.345975153554945791e-08
1.523540206123462859e+00,1.343799027608838514e-08
1.523577604896104942e+00,1.341623434569783058e-08
1.523614993976430965e+00,1.339473509887056935e-08
1.523652373369462465e+00,1.337303068282835739e-08
1.523689743080218095e+00,1.335149679704272785e-08
1.523727103113712955e+00,1.333008992077111543e-08
1.523764453474957481e+00,1.330868926174844091e-08
1.523801794168958557e+00,1.328731702443519680e-08
1.523839125200719291e+00,1.326618637165211112e-08
1.523876446575238353e+00,1.324490295218083702e-08
1.523913758297511523e+00,1.322384601820658645e-08
1.523951060372529476e+00,1.320259457315842155e-08
1.523988352805280222e+00,1.318161313434984550e-08
1.524025635600747330e+00,1.316078712676471696e-08
1.524062908763910373e+00,1.313978703620932720e-08
1.524100172299745148e+00,1.311891484334637425e-08
1.524137426213223678e+00,1.309820341077738703e-08
1.524174670509314655e+00,1.307742891754060111e-08
1.524211905192981442e+00,1.305686847530296291e-08
1.524249130269185626e+00,1.303625030146804420e-08
1.524286345742883020e+00,1.301565610845045740e-08
1.524323551619026773e+00,1.299516583230797551e-08
1.524360747902565816e+00,1.297465601624026021e-08
1.524397934598445303e+00,1.295429186143337574e-08
1.524435111711606394e+00,1.293407336788732209e-08
1.524472279246986917e+00,1.291368345590626632e-08
1.524509437209520479e+00,1.289352180577907347e-08
1.524546585604136695e+00,1.287347473066802195e-08
1.524583724435762067e+00,1.285324824351619100e-08
1.524620853709318213e+00,1.283329886803130648e-08
1.524657973429724311e+00,1.281329886637649906e-08
1.524695083601894874e+00,1.279338857074208136e-08
1.524732184230740417e+00,1.277352801309916686e-08
1.524769275321168349e+00,1.275359196029057784e-08
1.524806356878082081e+00,1.273390903833160337e-08
1.524843428906380804e+00,1.271422611637262889e-08
1.524880491410960603e+00,1.269448635099479361e-08
1.524917544396713120e+00,1.267486737788203754e-08
1.524954587868526890e+00,1.265530258365288319e-08
1.524991621831286448e+00,1.263593407685448256e-08
1.525028646289872114e+00,1.261647675221411191e-08
1.525065661249160875e+00,1.259702209210900037e-08
1.525102666714026389e+00,1.257774684404466825e-08
1.525139662689337428e+00,1.255830373025901281e-08
1.525176649179960320e+00,1.253914305721082201e-08
1.525213626190756289e+00,1.251997439055685390e-08
1.525250593726584336e+00,1.250083414561231621e-08
1.525287551792298357e+00,1.248170278245197551e-08
1.525324500392749361e+00,1.246280856292969474e-08
1.525361439532784136e+00,1.244390102073111848e-08
1.525398369217246364e+00,1.242483982366593409e-08
1.525435289450975285e+00,1.240599356577831713e-08
1.525472200238807030e+00,1.238718549956274728e-08
1.525509101585573513e+00,1.236840585505660783e-08
1.525545993496103314e+00,1.234971236385717930e-08
1.525582875975221242e+00,1.233100466180303556e-08
1.525619749027747885e+00,1.231233426324251923e-08
1.525656612658501388e+00,1.229392054824529623e-08
1.525693466872294568e+00,1.227538248826931522e-08
1.525730311673938244e+00,1.225704870932986523e-08
1.525767147068237906e+00,1.223848489217971292e-08
1.525803973059996821e+00,1.222000722833627151e-08
1.525840789654013374e+00,1.220178180716402494e-08
1.525877596855083285e+00,1.218354306331548287e-08
1.525914394667997609e+00,1.216537004466999861e-08
1.525951183097544961e+00,1.214719347331083554e-08
1.525987962148509069e+00,1.212897160485226777e-08
1.526024731825670555e+00,1.211104372345062075e-08
1.526061492133806485e+00,1.209298883253495660e-08
1.526098243077690375e+00,1.207506006295488987e-08
1.526134984662091520e+00,1.205715260965689595e-08
1.526171716891775887e+00,1.203921318193579282e-08
1.526208439771506331e+00,1.202137944744663400e-08
1.526245153306041269e+00,1.200365229436783920e-08
1.526281857500135564e+00,1.198598464924316431e-08
1.526318552358540970e+00,1.196817756010659650e-08
1.526355237886005467e+00,1.195058363379075672e-08
1.526391914087272816e+00,1.193299148383175634e-08
1.526428580967084114e+00,1.191539134026697866e-08
1.526465238530176238e+00,1.189793152889251360e-08
1.526501886781282513e+00,1.188043885491651963e-08
1.526538525725132489e+00,1.186309095402293678e-08
1.526575155366452607e+00,1.184566933432051883e-08
1.526611775709965313e+00,1.182844400204885460e-08
1.526648386760389942e+00,1.181114583914677496e-08
1.526684988522441389e+00,1.179394093497876383e-08
1.526721581000831662e+00,1.177672004359919811e-08
1.526758164200268997e+00,1.175964658983730260e-08
1.526794738125457851e+00,1.174257402425382679e-08
1.526831302781099575e+00,1.172543928618097198e-08
1.526867858171891523e+00,1.170849639464677239e-08
1.526904404302527496e+00,1.169154995039889400e-08
1.526940941177697963e+00,1.167467544860301132e-08
1.526977468802089843e+00,1.165762597565844771e-08
1.527013987180386279e+00,1.164082163995772135e-08
1.527050496317266637e+00,1.162407237131901638e-08
1.527086996217407400e+00,1.160751228468370755e-08
1.527123486885481052e+00,1.159067597455987197e-08
1.527159968326156525e+00,1.157396845030689292e-08
1.527196440544099643e+00,1.155748741155093740e-08
1.527232903543971787e+00,1.154093620669982556e-08
1.527269357330431676e+00,1.152433970474930902e-08
1.527305801908134253e+00,1.150794126658638561e-08
1.527342237281730908e+00,1.149135897549058427e-08
1.527378663455869257e+00,1.147508754684167798e-08
1.527415080435193806e+00,1.145878858466176098e-08
1.527451488224345066e+00,1.144240169281829367e-08
1.527487886827960661e+00,1.142611516513625247e-08
1.527524276250674440e+00,1.140995387061138899e-08
1.527560656497116254e+00,1.139377125980445271e-08
1.527597027571913291e+00,1.137763305791850144e-08
1.527633389479688519e+00,1.136157212755506407e-08
1.527669742225061800e+00,1.134551208537004641e-08
1.527706085812649439e+00,1.132944316140083174e-08
1.527742420247064192e+00,1.131339377735685048e-08
1.527778745532915705e+00,1.129753002260258654e-08
1.527815061674809183e+00,1.128170801223404851e-08
1.527851368677347388e+00,1.126579807220196017e-08
1.527887666545129308e+00,1.125001691804072834e-08
1.527923955282749935e+00,1.123415493964330381e-08
1.527960234894801594e+00,1.121856119112862871e-08
1.527996505385872617e+00,1.120277115518319988e-08
1.528032766760547778e+00,1.118721826287583099e-08
1.528069019023409414e+00,1.117150993934501457e-08
1.528105262179034751e+00,1.115606984569694760e-08
1.528141496231998797e+00,1.114044145822390419e-08
1.528177721186873006e+00,1.112479353082562739e-08
1.528213937048224835e+00,1.110953018468308073e-08
1.528250143820618634e+00,1.109410163735446986e-08
1.528286341508615642e+00,1.107869707084319089e-08
1.528322530116772882e+00,1.106335290046445152e-08
1.528358709649644487e+00,1.104815350316812328e-08
1.528394880111781040e+00,1.103273472580212911e-08
1.528431041507730237e+00,1.101761171184989507e-08
1.528467193842035110e+00,1.100239099827149403e-08
1.528503337119236694e+00,1.098735236126913151e-08
1.528539471343871359e+00,1.097219204382327007e-08
1.528575596520473034e+00,1.095714807775038935e-08
1.528611712653571431e+00,1.094209078900121312e-08
1.528647819747693815e+00,1.092705748106936881e-08
1.528683917807363457e+00,1.091211832005001270e-08
1.528720006837099632e+00,1.089717827085223689e-08
1.528756086841419615e+00,1.088236878388215700e-08
1.528792157824836240e+00,1.086751666434793151e-08
1.528828219791859455e+00,1.085270007195049402e-08
1.528864272746995434e+00,1.083784972877310793e-08
1.528900316694747463e+00,1.082324185830429997e-08
1.528936351639615054e+00,1.080847145118468688e-08
1.528972377586094389e+00,1.079383515900644852e-08
1.529008394538678317e+00,1.077923350578657846e-08
1.529044402501856359e+00,1.076470201866186471e-08
1.529080401480115148e+00,1.075019095964080407e-08
1.529116391477937098e+00,1.073559818820513101e-08
1.529152372499801738e+00,1.072108002375671276e-08
1.529188344550185263e+00,1.070666577618339943e-08
1.529224307633560098e+00,1.069227195671373920e-08
1.529260261754396444e+00,1.067790655895350937e-08
1.529296206917159617e+00,1.066354293755011895e-08
1.529332143126312937e+00,1.064922194871087413e-08
1.529368070386315059e+00,1.063494714514945372e-08
1.529403988701622863e+00,1.062077537028471852e-08
1.529439898076689008e+00,1.060657606188897262e-08
1.529475798515962381e+00,1.059234033817801901e-08
1.529511690023889425e+00,1.057822718308898402e-08
1.529547572604912808e+00,1.056419218770088264e-08
1.529583446263472313e+00,1.055020693030428447e-08
1.529619311004003945e+00,1.053606979439791758e-08
1.529655166830940383e+00,1.052207299068186330e-08
1.529691013748711415e+00,1.050819875558772765e-08
1.529726851761743056e+00,1.049418152376802027e-08
1.529762680874458658e+00,1.048040587647847133e-08
1.529798501091277796e+00,1.046643838265026716e-08
1.529834312416616271e+00,1.045274178324007153e-08
1.529870114854887886e+00,1.043890662799640268e-08
1.529905908410502002e+00,1.042522868033302075e-08
1.529941693087865540e+00,1.041133490531365169e-08
1.529977468891381198e+00,1.039774311095698067e-08
1.530013235825449236e+00,1.038403141251365014e-08
1.530048993894466358e+00,1.037044139451381852e-08
1.530084743102825939e+00,1.035689400907813251e-08
1.530120483454918245e+00,1.034340080252604821e-08
1.530156214955129990e+00,1.032981788995357419e-08
1.530191937607844999e+00,1.031631047254677469e-08
1.530227651417443546e+00,1.030284746406096019e-08
1.530263356388302798e+00,1.028942886449613070e-08
1.530299052524796366e+00,1.027606177927964382e-08
1.530334739831295421e+00,1.026271423398839033e-08
1.530370418312167136e+00,1.024941109761812186e-08
1.530406087971775575e+00,1.023605378236425167e-08
1.530441748814481251e+00,1.022281015394810311e-08
1.530477400844642899e+00,1.020961715170187745e-08
1.530513044066613926e+00,1.019642237309881239e-08
1.530548678484745961e+00,1.018321427181945182e-08
1.530584304103387305e+00,1.017003281589268227e-08
1.530619920926882482e+00,1.015699879758358293e-08
1.530655528959572909e+00,1.014398254284287759e-08
1.530691128205796891e+00,1.013088724022281895e-08
1.530726718669890074e+00,1.011782657656112860e-08
1.530762300356183880e+00,1.010495154218915559e-08
1.530797873269007514e+00,1.009188554945694705e-08
1.530833437412685960e+00,1.007906469396857574e-08
1.530868992791541983e+00,1.006608751907833721e-08
1.530904539409894349e+00,1.005316985214221859e-08
1.530940077272059385e+00,1.004047511798944470e-08
1.530975606382349419e+00,1.002767735513998559e-08
1.531011126745074336e+00,1.001476590545280487e-08
1.531046638364540691e+00,1.000216443003409950e-08
1.531082141245051265e+00,9.989456373205030104e-09
1.531117635390906395e+00,9.976693249313939305e-09
1.531153120806402868e+00,9.964052694044767122e-09
1.531188597495834136e+00,9.951507173866502853e-09
1.531224065463490991e+00,9.938765366257484857e-09
1.531259524713660891e+00,9.926325539311164903e-09
1.531294975250627521e+00,9.913743603817692929e-09
1.531330417078672568e+00,9.901154562896863354e-09
1.531365850202073497e+00,9.888807994684611913e-09
1.531401274625105113e+00,9.876366391381452559e-09
1.531436690352039109e+00,9.863952321609303908e-09
1.531472097387143849e+00,9.851506277414046053e-09
1.531507495734684809e+00,9.839199677230681118e-09
1.531542885398923914e+00,9.826814917346382572e-09
1.531578266384120202e+00,9.814519863482473738e-09
1.531613638694529822e+00,9.802281653037425713e-09
1.531649002334404930e+00,9.789908439472583268e-09
1.531684357307996125e+00,9.777804343968909961e-09
1.531719703619549122e+00,9.765553699025986134e-09
1.531755041273307638e+00,9.753441609916535526e-09
1.531790370273511614e+00,9.741306428168172715e-09
1.531825690624398772e+00,9.729223648946572212e-09
1.531861002330202837e+00,9.717054716418260796e-09
1.531896305395154645e+00,9.705114045743812312e-09
1.531931599823482371e+00,9.693074787264777115e-09
1.531966885619410412e+00,9.681060397781493521e-09
1.532002162787160504e+00,9.669092193576034333e-09
1.532037431330951494e+00,9.657227018067260360e-09
1.532072691254998231e+00,9.645261478397060273e-09
1.532107942563513348e+00,9.633328801328389090e-09
1.532143185260706586e+00,9.621448526786480215e-09
1.532178419350783471e+00,9.609641082874986751e-09
1.532213644837947308e+00,9.597854067067146389e-09
1.532248861726398070e+00,9.586086591184539429e-09
1.532284070020333067e+00,9.574381287791311479e-09
1.532319269723945832e+00,9.562697300680156332e-09
1.532354460841427013e+00,9.551007096320063283e-09
1.532389643376964816e+00,9.539284029358441330e-09
1.532424817334743450e+00,9.527670208342442493e-09
1.532459982718945124e+00,9.516035071044370852e-09
1.532495139533748052e+00,9.504486087053010124e-09
1.532530287783327561e+00,9.492953978451623698e-09
1.532565427471856312e+00,9.481359697360858263e-09
1.532600558603503860e+00,9.469755646307476127e-09
1.532635681182436205e+00,9.458351435398526519e-09
1.532670795212816905e+00,9.446894821962814603e-09
1.532705900698806412e+00,9.435481729269667994e-09
1.532740997644561398e+00,9.424125479995382193e-09
1.532776086054236986e+00,9.412656432061794476e-09
1.532811165931983410e+00,9.401229128513932665e-09
1.532846237281949575e+00,9.389950150762160774e-09
1.532881300108279943e+00,9.378736898213446693e-09
1.532916354415117199e+00,9.367410847005430696e-09
1.532951400206600256e+00,9.356141639216275507e-09
1.532986437486865139e+00,9.344943485700696328e-09
1.533021466260044985e+00,9.333813721923434059e-09
1.533056486530269602e+00,9.322462801719666459e-09
1.533091498301666133e+00,9.311370341436031595e-09
1.533126501578359058e+00,9.300239689480349625e-09
1.533161496364468857e+00,9.289175650906145165e-09
1.533196482664113569e+00,9.278070756124634499e-09
1.533231460481408792e+00,9.267015599334627041e-09
1.533266429820466126e+00,9.255948896225163480e-09
1.533301390685394727e+00,9.244939924712980428e-09
1.533336343080300646e+00,9.234020659221187088e-09
1.533371287009287265e+00,9.222995700497449434e-09
1.533406222476454195e+00,9.212119955748221400e-09
1.533441149485899047e+00,9.201288619919978373e-09
1.533476068041715656e+00,9.190302741046707524e-09
1.533510978147995418e+00,9.179420779048541590e-09
1.533545879808826617e+00,9.168565462402966659e-09
1.533580773028294209e+00,9.157751890143117635e-09
1.533615657810480704e+00,9.146970292306377814e-09
1.533650534159465284e+00,9.136260636921633704e-09
1.533685402079324467e+00,9.125559863321086596e-09
1.533720261574131660e+00,9.114865306969477388e-09
1.533755112647957386e+00,9.104091702738514869e-09
1.533789955304869279e+00,9.093430897166854265e-09
1.533824789548931200e+00,9.082670615612187248e-09
1.533859615384205455e+00,9.072127937770346762e-09
1.533894432814750575e+00,9.061473349447624059e-09
1.533929241844622426e+00,9.050950211531016976e-09
1.533964042477873546e+00,9.040402204618658288e-09
1.533998834718554249e+00,9.029898606627284607e-09
1.534033618570710633e+00,9.019383462316454825e-09
1.534068394038387906e+00,9.008867429827205342e-09
1.534103161125626169e+00,8.998429557038889470e-09
1.534137919836463970e+00,8.987882438304950483e-09
1.534172670174936748e+00,8.977433907375598210e-09
1.534207412145076610e+00,8.967123932279719156e-09
1.534242145750913222e+00,8.956721586628191289e-09
1.534276870996472919e+00,8.946442697777001740e-09
1.534311587885779149e+00,8.936170914353169792e-09
1.534346296422853362e+00,8.925804984016849630e-09
1.534380996611712344e+00,8.915547411447732884e-09
1.534415688456371551e+00,8.905168158435117221e-09
1.534450371960843329e+00,8.895074898873644997e-09
1.534485047129136026e+00,8.884774693740382645e-09
1.534519713965256660e+00,8.874511792100747698e-09
1.534554372473208028e+00,8.864451395140804379e-09
1.534589022656990931e+00,8.854343036546197254e-09
1.534623664520602837e+00,8.844122767470707913e-09
1.534658298068038329e+00,8.833966447241436981e-09
1.534692923303289325e+00,8.823901609389395162e-09
1.534727540230344855e+00,8.813937135698779457e-09
1.534762148853190844e+00,8.803764828257953923e-09
1.534796749175810548e+00,8.793866079770396027e-09
1.534831341202184563e+00,8.783766602959985903e-09
1.534865924936290371e+00,8.773872295364526508e-09
1.534900500382102129e+00,8.763830550151396892e-09
1.534935067543591769e+00,8.753882063672335789e-09
1.534969626424728562e+00,8.744012625072627998e-09
1.535004177029478445e+00,8.734144074651339906e-09
1.535038719361804471e+00,8.724147626537614997e-09
1.535073253425666806e+00,8.714451382729748730e-09
1.535107779225023394e+00,8.704488685395972425e-09
1.535142296763829073e+00,8.694764019878675754e-09
1.535176806046034903e+00,8.684936325664693868e-09
1.535211307075590836e+00,8.675164586691153090e-09
1.535245799856442384e+00,8.665429263032820018e-09
1.535280284392533279e+00,8.655739236473891651e-09
1.535314760687803926e+00,8.645984372890325176e-09
1.535349228746191841e+00,8.636300563580334710e-09
1.535383688571632099e+00,8.626628300589800347e-09
1.535418140168056889e+00,8.617014657374966191e-09
1.535452583539395066e+00,8.607345947098110628e-09
1.535487018689573491e+00,8.597726974812758272e-09
1.535521445622515468e+00,8.588207478510412329e-09
1.535555864342141863e+00,8.578472154852079257e-09
1.535590274852370651e+00,8.569057463603257929e-09
1.535624677157117146e+00,8.559558395404565090e-09
1.535659071260294217e+00,8.550027352782763046e-09
1.535693457165810516e+00,8.540474105700468499e-09
1.535727834877573361e+00,8.531033657277475868e-09
1.535762204399486741e+00,8.521709560227463953e-09
1.535796565735451757e+00,8.512264670912372821e-09
1.535830918889367069e+00,8.502831327916737791e-09
1.535865263865128449e+00,8.493413972132657364e-09
1.535899600666628340e+00,8.484021485344328539e-09
1.535933929297756961e+00,8.474644097589134617e-09
1.535968249762401872e+00,8.465407930202673015e-09
1.536002562064447519e+00,8.456075839546883799e-09
1.536036866207775242e+00,8.446728649857959681e-09
1.536071162196264828e+00,8.437494258828337479e-09
1.536105450033792064e+00,8.428171938135164964e-09
1.536139729724230518e+00,8.418992614167564170e-09
1.536174001271450873e+00,8.409879903581440885e-09
1.536208264679320923e+00,8.400481199544174160e-09
1.536242519951706242e+00,8.391443095945305686e-09
1.536276767092469075e+00,8.382199823131486482e-09
1.536311006105469001e+00,8.373103987935337500e-09
1.536345236994563157e+00,8.364056114373852324e-09
1.536379459763605793e+00,8.354807512489514920e-09
1.536413674416448272e+00,8.345738322645956941e-09
1.536447880956939516e+00,8.336686896370792965e-09
1.536482079388925115e+00,8.327691425336070097e-09
1.536516269716248662e+00,8.318657762629300123e-09
1.536550451942750417e+00,8.309589460964161844e-09
1.536584626072268644e+00,8.300707676767160592e-09
1.536618792108638054e+00,8.291676678595649719e-09
1.536652950055690914e+00,8.282679431204087450e-09
1.536687099917257049e+00,8.273723928198251087e-09
1.536721241697163398e+00,8.264917639166924346e-09
1.536755375399234014e+00,8.255977235194222885e-09
1.536789501027290283e+00,8.247089233748283732e-09
1.536823618585151152e+00,8.238226101298096182e-09
1.536857728076632679e+00,8.229325665354281227e-09
1.536891829505548257e+00,8.220593095131789596e-09
1.536925922875708173e+00,8.211664237478544237e-09
1.536960008190920934e+00,8.202977852533877012e-09
1.536994085454991499e+00,8.194184886178845773e-09
1.537028154671722380e+00,8.185416788819566136e-09
1.537062215844912982e+00,8.176698429451789707e-09
1.537096268978361602e+00,8.167953424731422274e-09
1.537130314075861870e+00,8.159264375251495949e-09
1.537164351141205643e+00,8.150582431198927225e-09
1.537198380178182333e+00,8.141878282685865997e-09
1.537232401190578024e+00,8.133295814616303687e-09
1.537266414182176799e+00,8.124613870563734963e-09
1.537300419156759412e+00,8.115952354614819342e-09
1.537334416118104841e+00,8.107463145279325545e-09
1.537368405069988286e+00,8.098812287471446325e-09
1.537402386016182732e+00,8.090256464754475019e-09
1.537436358960458938e+00,8.081731728282193217e-09
1.537470323906584335e+00,8.073130608465817204e-09
1.537504280858324357e+00,8.064683143516049313e-09
1.537538229819441327e+00,8.056109557230684004e-09
1.537572170793694681e+00,8.047725152948714822e-09
1.537606103784841860e+00,8.039192422870655719e-09
1.537640028796637193e+00,8.030795584090810735e-09
1.537673945832832567e+00,8.022452036016147758e-09
1.537707854897176984e+00,8.014014341028996569e-09
1.537741755993417225e+00,8.005433649316273659e-09
1.537775649125296740e+00,7.997146056482051790e-09
1.537809534296557423e+00,7.988760764021662908e-09
1.537843411510937175e+00,7.980470506652181939e-09
1.537877280772172561e+00,7.972100313224927959e-09
1.537911142083996596e+00,7.963770087826560484e-09
1.537944995450140073e+00,7.955513581237028120e-09
1.537978840874331121e+00,7.947165592270266643e-09
1.538012678360294982e+00,7.938933954676485882e-09
1.538046507911755123e+00,7.930776035891540232e-09
1.538080329532431012e+00,7.922388078895892249e-09
1.538114143226040786e+00,7.914206179293614696e-09
1.538147948996299252e+00,7.906063359541803948e-09
1.538181746846918552e+00,7.897915210719474999e-09
1.538215536781608828e+00,7.889710218478285242e-09
1.538249318804077337e+00,7.881553187871759292e-09
1.538283092918028228e+00,7.873380170053678739e-09
1.538316859127163871e+00,7.865267548368137795e-09
1.538350617435183310e+00,7.857152262147337751e-09
1.538384367845783807e+00,7.849078720312263613e-09
1.538418110362658853e+00,7.841019389331904677e-09
1.538451844989500383e+00,7.832958281994706340e-09
1.538485571729997670e+00,7.824914938225902006e-09
1.538519290587836652e+00,7.816897351631268975e-09
1.538553001566701717e+00,7.808869995074019243e-09
1.538586704670273475e+00,7.800809775915240607e-09
1.538620399902230762e+00,7.792945844187215698e-09
1.538654087266249970e+00,7.784899835883152264e-09
1.538687766766004383e+00,7.777043897760904656e-09
1.538721438405165287e+00,7.769107135402464337e-09
1.538755102187400414e+00,7.761087772450991906e-09
1.538788758116375943e+00,7.753266473287112603e-09
1.538822406195755610e+00,7.745329710928672284e-09
1.538856046429198932e+00,7.737509299943212682e-09
1.538889678820365203e+00,7.729603623829461867e-09
1.538923303372909057e+00,7.721840944441282772e-09
1.538956920090484237e+00,7.713902405726003053e-09
1.538990528976740713e+00,7.706190352507746866e-09
1.539024130035326454e+00,7.698302439962390054e-09
1.539057723269887212e+00,7.690585057673615665e-09
1.539091308684065185e+00,7.682808167430721369e-09
1.539124886281501015e+00,7.674982427374743565e-09
1.539158456065832459e+00,7.667313006720632984e-09
1.539192018040694609e+00,7.659618717070770799e-09
1.539225572209720116e+00,7.651775213446398993e-09
1.539259118576539187e+00,7.644215038737911527e-09
1.539292657144779142e+00,7.636393739574032224e-09
1.539326187918065081e+00,7.628782050517202151e-09
1.539359710900019662e+00,7.621153486070397776e-09
1.539393226094263101e+00,7.613507158055199397e-09
1.539426733504412503e+00,7.605894580819949624e-09
1.539460233134083200e+00,7.598349505144597060e-09
1.539493724986887191e+00,7.590768014154036791e-09
1.539527209066434699e+00,7.583152772383527918e-09
1.539560685376332838e+00,7.575509997082008340e-09
1.539594153920187170e+00,7.568067061924921290e-09
1.539627614701599256e+00,7.560546855245320330e-09
1.539661067724169552e+00,7.553008884997325367e-09
1.539694512991495401e+00,7.545448710288837901e-09
1.539727950507171705e+00,7.537952484426568844e-09
1.539761380274790481e+00,7.530496226593186293e-09
1.539794802297941523e+00,7.522989342589880835e-09
1.539828216580213072e+00,7.515559730109089287e-09
1.539861623125189150e+00,7.508154986624049343e-09
1.539895021936452890e+00,7.500676524330174288e-09
1.539928413017583653e+00,7.493299314376145048e-09
1.539961796372159242e+00,7.485870590073773201e-09
1.539995172003754131e+00,7.478534236327050166e-09
1.540028539915941241e+00,7.471125051949911722e-09
1.540061900112290605e+00,7.463841988908370695e-09
1.540095252596369590e+00,7.456427475460714049e-09
1.540128597371742902e+00,7.449103556211866817e-09
1.540161934441973912e+00,7.441828930865312941e-09
1.540195263810621995e+00,7.434484583512812605e-09
1.540228585481245194e+00,7.427253478908824036e-09
1.540261899457398664e+00,7.419950875942049606e-09
1.540295205742634899e+00,7.412696678699148833e-09
1.540328504340504168e+00,7.405520197067971822e-09
1.540361795254554522e+00,7.398177626072310886e-09
1.540395078488331126e+00,7.390990486300097473e-09
1.540428354045376924e+00,7.383809563776821960e-09
1.540461621929232416e+00,7.376591337759919043e-09
1.540494882143435440e+00,7.369476584528911189e-09
1.540528134691521833e+00,7.362231269070207418e-09
1.540561379577024104e+00,7.355092090932657811e-09
1.540594616803473427e+00,7.347943586921701353e-09
1.540627846374397869e+00,7.340815511014397998e-09
1.540661068293323055e+00,7.333684770571835543e-09
1.540694282563772610e+00,7.326653950201489351e-09
1.540727489189267274e+00,7.319540529238111048e-09
1.540760688173325565e+00,7.312523475633270209e-09
1.540793879519463783e+00,7.305409610580682056e-09
1.540827063231194893e+00,7.298373017050607814e-09
1.540860239312030977e+00,7.291329318093175971e-09
1.540893407765480116e+00,7.284246983374487172e-09
1.540926568595048840e+00,7.277222824342288732e-09
1.540959721804241234e+00,7.270399837722152370e-09
1.540992867396558719e+00,7.263279755420626316e-09
1.541026005375500496e+00,7.256396816757160195e-09
1.541059135744563102e+00,7.249342015569482101e-09
1.541092258507241297e+00,7.242435540177893927e-09
1.541125373667026288e+00,7.235569920993611959e-09
1.541158481227407950e+00,7.228644793855210082e-09
1.541191581191873272e+00,7.221675701885033050e-09
1.541224673563907022e+00,7.214786990061838878e-09
1.541257758346991746e+00,7.207894281435756056e-09
1.541290835544606885e+00,7.201039764481720340e-09
1.541323905160229879e+00,7.194204787452918026e-09
1.541356967197336170e+00,7.187352935034141410e-09
1.541390021659398313e+00,7.180505079418253445e-09
1.541423068549886644e+00,7.173653226999476828e-09
1.541456107872269499e+00,7.166962134874665935e-09
1.541489139630011884e+00,7.160100956582482468e-09
1.541522163826577030e+00,7.153286407657333257e-09
1.541555180465425945e+00,7.146566005644672259e-09
1.541588189550017196e+00,7.139703495084859242e-09
1.541621191083806686e+00,7.133068358200489456e-09
1.541654185070248317e+00,7.126281342806350949e-09
1.541687171512792887e+00,7.119592027038379456e-09
1.541720150414889634e+00,7.112875621828607109e-09
1.541753121779985136e+00,7.106149890745427911e-09
1.541786085611523971e+00,7.099512533415008875e-09
1.541819041912947608e+00,7.092839204858591984e-09
1.541851990687695295e+00,7.086149000912200790e-09
1.541884931939204950e+00,7.079501429529955203e-09
1.541917865670910714e+00,7.072838315025364864e-09
1.541950791886245398e+00,7.066184082304971525e-09
1.541983710588638923e+00,7.059587137092648845e-09
1.542016621781519214e+00,7.053015504965287619e-09
1.542049525468311311e+00,7.046379035813288283e-09
1.542082421652438695e+00,7.039834937216937760e-09
1.542115310337321743e+00,7.033255311483799233e-09
1.542148191526379275e+00,7.026710768798238860e-09
1.542181065223026559e+00,7.020203085517096042e-09
1.542213931430678198e+00,7.013609693018452163e-09
1.542246790152745239e+00,7.007110891521506346e-09
1.542279641392636291e+00,7.000599655526684728e-09
1.542312485153758850e+00,6.994172796481734622e-09
1.542345321439516637e+00,6.987602496622002946e-09
1.542378150253312041e+00,6.981077937950885826e-09
1.542410971598544789e+00,6.974657740244083470e-09
1.542443785478612162e+00,6.968230437109923514e-09
1.542476591896909444e+00,6.961783149961320305e-09
1.542509390856829476e+00,6.955340747794025447e-09
1.542542182361762437e+00,6.948988939825540001e-09
1.542574966415096727e+00,6.942525221376172340e-09
1.542607743020218525e+00,6.936066831997322879e-09
1.542640512180510459e+00,6.929728790794342785e-09
1.542673273899354713e+00,6.923397855018720293e-09
1.542706028180129696e+00,6.916960781921943635e-09
1.542738775026212261e+00,6.910598315812421788e-09
1.542771514440976821e+00,6.904288252229662248e-09
1.542804246427795123e+00,6.897999060839765662e-09
1.542836970990036916e+00,6.891584636292691357e-09
1.542869688131070394e+00,6.885354952856914679e-09
1.542902397854259755e+00,6.879056879682821091e-09
1.542935100162968309e+00,6.872775681898701805e-09
1.542967795060556702e+00,6.866447410658338413e-09
1.543000482550383134e+00,6.860216394954932184e-09
1.543033162635804034e+00,6.853955625274466001e-09
1.543065835320172274e+00,6.847716615965282472e-09
1.543098500606840284e+00,6.841513133792886947e-09
1.543131158499156497e+00,6.835207511102225908e-09
1.543163809000468456e+00,6.828998255770102332e-09
1.543196452114120598e+00,6.822941767126167179e-09
1.543229087843454916e+00,6.816642805773653890e-09
1.543261716191811850e+00,6.810501940179847224e-09
1.543294337162529395e+00,6.804350860534214007e-09
1.543326950758942884e+00,6.798231311222480144e-09
1.543359556984385650e+00,6.792048257153737723e-09
1.543392155842188807e+00,6.785892736616006005e-09
1.543424747335681246e+00,6.779753647379038739e-09
1.543457331468189420e+00,6.773650085278859478e-09
1.543489908243037556e+00,6.767552740427618119e-09
1.543522477663547887e+00,6.761526893939162619e-09
1.543555039733039980e+00,6.755288328719188939e-09
1.543587594454831846e+00,6.749313552489866197e-09
1.543620141832238168e+00,6.743272162879065945e-09
1.543652681868572296e+00,6.737132185463678979e-09
1.543685214567145136e+00,6.731095236744977228e-09
1.543717739931264710e+00,6.725143997243776539e-09
1.543750257964238370e+00,6.719067968674607982e-09
1.543782768669369254e+00,6.713035460848004732e-09
1.543815272049959830e+00,6.707044697407127387e-09
1.543847768109309460e+00,6.701175614409748960e-09
1.543880256850715726e+00,6.695088483610334151e-09
1.543912738277473773e+00,6.689117260094690209e-09
1.543945212392876520e+00,6.683237518956275380e-09
1.543977679200214448e+00,6.677300490309789893e-09
1.544010138702776480e+00,6.671297736460246597e-09
1.544042590903848655e+00,6.665415774875782517e-09
1.544075035806715013e+00,6.659436557754361274e-09
1.544107473414657816e+00,6.653513295873381139e-09
1.544139903730956442e+00,6.647694394956715769e-09
1.544172326758888047e+00,6.641768912629686383e-09
1.544204742501728456e+00,6.635935800858305811e-09
1.544237150962750160e+00,6.630078708269593335e-09
1.544269552145224322e+00,6.624164772262020051e-09
1.544301946052419217e+00,6.618336101382737979e-09
1.544334332687601785e+00,6.612498548719258906e-09
1.544366712054035640e+00,6.606627689365041078e-09
1.544399084154983059e+00,6.600822999303090910e-09
1.544431448993704104e+00,6.594987667085661087e-09
1.544463806573455944e+00,6.589322421035603838e-09
1.544496156897494421e+00,6.583433798112992008e-09
1.544528499969072488e+00,6.577652644779163893e-09
1.544560835791441322e+00,6.571901689511605582e-09
1.544593164367849880e+00,6.566111210304370616e-09
1.544625485701544676e+00,6.560326948346073550e-09
1.544657799795770226e+00,6.554671472258633003e-09
1.544690106653769046e+00,6.548904529779520090e-09
1.544722406278781213e+00,6.543130481873049575e-09
1.544754698674044358e+00,6.537500762959780332e-09
1.544786983842795003e+00,6.531814644716860130e-09
1.544819261788266118e+00,6.526085005731374622e-09
1.544851532513689785e+00,6.520365136708505815e-09
1.544883796022294531e+00,6.514698114301609166e-09
1.544916052317307775e+00,6.509015548772367765e-09
1.544948301401954938e+00,6.503413807479319075e-09
1.544980543279458107e+00,6.497711702024844271e-09
1.545012777953038485e+00,6.492109960731795582e-09
1.545045005425914164e+00,6.486482462264575588e-09
1.545077225701301682e+00,6.480805225805852388e-09
1.545109438782415134e+00,6.475238123471172003e-09
1.545141644672466619e+00,6.469639490802592263e-09
1.545173843374666012e+00,6.464087043411836930e-09
1.545206034892220526e+00,6.458400481079706879e-09
1.545238219228336707e+00,6.452875123130752399e-09
1.545270396386217104e+00,6.447327560721305417e-09
1.545302566369063602e+00,6.441760902475834882e-09
1.545334729180074973e+00,6.436246646757126655e-09
1.545366884822448217e+00,6.430705745685827424e-09
1.545399033299378333e+00,6.425171061863466093e-09
1.545431174614058101e+00,6.419661691126066216e-09
1.545463308769677857e+00,6.414066611171165277e-09
1.545495435769426384e+00,6.408579000805048054e-09
1.545527555616489801e+00,6.403185981440628893e-09
1.545559668314052448e+00,6.397695706539252569e-09
1.545591773865296448e+00,6.392143259148497236e-09
1.545623872273401478e+00,6.386675188707613415e-09
1.545655963541545663e+00,6.381416284284568974e-09
1.545688047672904464e+00,6.375933114810550251e-09
1.545720124670651785e+00,6.370348248907475863e-09
1.545752194537959090e+00,6.364921034673898248e-09
1.545784257277995177e+00,6.359594184601746747e-09
1.545816312893928179e+00,6.354128334606912176e-09
1.545848361388922676e+00,6.348759740149034769e-09
1.545880402766141692e+00,6.343357839000418608e-09
1.545912437028746256e+00,6.337970148706517648e-09
1.545944464179895173e+00,6.332579349788147738e-09
1.545976484222745251e+00,6.327197432653974829e-09
1.546008497160450856e+00,6.321825285482418622e-09
1.546040502996165023e+00,6.316511758086562622e-09
1.546072501733037674e+00,6.311183575746781571e-09
1.546104493374217403e+00,6.305884703294850624e-09
1.546136477922850361e+00,6.300498789357789065e-09
1.546168455382080698e+00,6.295196808281389167e-09
1.546200425755050345e+00,6.289889054045261219e-09
1.546232389044899458e+00,6.284596398842268172e-09
1.546264345254765527e+00,6.279206488102317962e-09
1.546296294387784931e+00,6.274049280108329185e-09
1.546328236447090720e+00,6.268823238286813648e-09
1.546360171435815278e+00,6.263528362637771352e-09
1.546392099357087435e+00,6.258149998217277243e-09
1.546424020214035133e+00,6.252947493123883760e-09
1.546455934009783428e+00,6.247763639777303979e-09
1.546487840747456044e+00,6.242478978180088234e-09
1.546519740430173817e+00,6.237298677547187253e-09
1.546551633061056252e+00,6.232055316246487564e-09
1.546583518643219968e+00,6.226799964537121923e-09
1.546615397179780471e+00,6.221674286877032500e-09
1.546647268673850828e+00,6.216466896802330666e-09
1.546679133128541661e+00,6.211303027470194138e-09
1.546710990546961595e+00,6.206052116652926998e-09
1.546742840932218144e+00,6.201012592299548487e-09
1.546774684287415269e+00,6.195834956201906607e-09
1.546806520615656266e+00,6.190644885606388925e-09
1.546838349920041322e+00,6.185527201552076804e-09
1.546870172203669291e+00,6.180409073408554832e-09
1.546901987469636364e+00,6.175271849429009308e-09
1.546933795721037619e+00,6.170150168571808535e-09
1.546965596960965028e+00,6.165019161841200912e-09
1.546997391192509008e+00,6.159939225369726046e-09
1.547029178418758200e+00,6.154902809640816486e-09
1.547060958642798356e+00,6.149741160754729208e-09
1.547092731867714566e+00,6.144690090081894596e-09
1.547124498096588141e+00,6.139605712718321229e-09
1.547156257332499951e+00,6.134585284200966271e-09
1.547188009578527979e+00,6.129534213528131659e-09
1.547219754837748207e+00,6.124440510291151440e-09
1.547251493113234622e+00,6.119374340585181926e-09
1.547283224408059432e+00,6.114452055783203832e-09
1.547314948725293071e+00,6.109384109720394918e-09
1.547346666068002863e+00,6.104389882466421113e-09
1.547378376439255243e+00,6.099371230305905556e-09
1.547410079842114206e+00,6.094373894427462801e-09
1.547441776279641745e+00,6.089365012229563945e-09
1.547473465754897415e+00,6.084419634788673648e-09
1.547505148270939435e+00,6.079451164708871147e-09
1.547536823830823804e+00,6.074501790465092199e-09
1.547568492437604082e+00,6.069525770868722248e-09
1.547600154094332270e+00,6.064609259226472204e-09
1.547631808804058373e+00,6.059644341860348504e-09
1.547663456569830176e+00,6.054750034678590964e-09
1.547695097394693242e+00,6.049756251513827010e-09
1.547726731281692025e+00,6.044888145595450624e-09
1.547758358233868314e+00,6.039891697895427569e-09
1.547789978254261234e+00,6.035102639856404494e-09
1.547821591345909686e+00,6.030147492452897495e-09
1.547853197511848355e+00,6.025252297092720255e-09
1.547884796755112147e+00,6.020439702325575126e-09
1.547916389078732413e+00,6.015490772171006029e-09
1.547947974485739175e+00,6.010643538445492595e-09
1.547979552979160456e+00,6.005799857433657962e-09
1.548011124562021834e+00,6.000949959172885428e-09
1.548042689237347336e+00,5.996115159945247797e-09
1.548074247008159210e+00,5.991241280867143360e-09
1.548105797877477041e+00,5.986486861786488589e-09
1.548137341848318860e+00,5.981646289399122907e-09
1.548168878923700698e+00,5.976768413518129819e-09
1.548200409106636588e+00,5.972080163729742708e-09
1.548231932400138566e+00,5.967152993946456263e-09
1.548263448807216669e+00,5.962474514120685853e-09
1.548294958330879156e+00,5.957693449687440079e-09
1.548326460974131846e+00,5.952767168082573335e-09
1.548357956739979002e+00,5.948101122754678727e-09
1.548389445631423111e+00,5.943394221219477913e-09
1.548420927651463774e+00,5.938529668014780327e-09
1.548452402803099703e+00,5.933848079564540967e-09
1.548483871089327168e+00,5.929132740334353002e-09
1.548515332513140663e+00,5.924327250994565475e-09
1.548546787077532239e+00,5.919650547525634465e-09
1.548578234785492169e+00,5.914878808965795542e-09
1.548609675640008954e+00,5.910265166164663242e-09
1.548641109644069980e+00,5.905465894073813615e-09
1.548672536800658639e+00,5.900795851943030357e-09
1.548703957112758101e+00,5.896096055835187144e-09
1.548735370583349091e+00,5.891497956156399596e-09
1.548766777215410118e+00,5.886821252687468586e-09
1.548798177011918131e+00,5.882125453382514024e-09
1.548829569975847642e+00,5.877399011922079808e-09
1.548860956110171827e+00,5.872821784436155212e-09
1.548892335417861421e+00,5.868172614498234907e-09
1.548923707901885827e+00,5.863510121884019100e-09
1.548955073565211560e+00,5.858902696331824700e-09
1.548986432410804248e+00,5.854225548773683840e-09
1.549017784441626855e+00,5.849640771771191794e-09
1.549049129660640345e+00,5.844962736034631234e-09
1.549080468070804573e+00,5.840450345573344748e-09
1.549111799675076950e+00,5.835788741137548641e-09
1.549143124476412670e+00,5.831263916178386353e-09
1.549174442477765146e+00,5.826708449063744411e-09
1.549205753682086462e+00,5.822069049088440806e-09
1.549237058092326258e+00,5.817573978106338473e-09
1.549268355711431955e+00,5.812972769803081974e-09
1.549299646542350084e+00,5.808351577485382222e-09
1.549330930588023847e+00,5.803860947395378389e-09
1.549362207851395778e+00,5.799304592102316747e-09
1.549393478335405971e+00,5.794769109002118057e-09
1.549424742042992298e+00,5.790253609916362620e-09
1.549455998977091742e+00,5.785718570905373781e-09
1.549487249140637957e+00,5.781255030257170802e-09
1.549518492536563929e+00,5.776726652584329713e-09
1.549549729167799983e+00,5.772220035282771278e-09
1.549580959037275107e+00,5.767669453149437686e-09
1.549612182147915851e+00,5.763216126553061258e-09
1.549643398502647207e+00,5.758776122632980332e-09
1.549674608104392171e+00,5.754222431875177790e-09
1.549705810956071739e+00,5.749797082899021916e-09
1.549737007060605132e+00,5.745364184406298591e-09
1.549768196420909794e+00,5.740903308293354712e-09
1.549799379039900948e+00,5.736336294859256668e-09
1.549830554920492487e+00,5.731961572053023701e-09
1.549861724065595414e+00,5.727565088875508081e-09
1.549892886478120069e+00,5.723028273507679842e-09
1.549924042160973903e+00,5.718668205645371927e-09
1.549955191117063258e+00,5.714285045144151809e-09
1.549986333349292034e+00,5.709881012450068738e-09
1.550017468860562353e+00,5.705456551652332564e-09
1.550048597653774562e+00,5.701088490184247348e-09
1.550079719731827677e+00,5.696660032583622524e-09
1.550110835097617379e+00,5.692332383233633664e-09
1.550141943754039353e+00,5.687904813811428539e-09
1.550173045703985508e+00,5.683554515911737326e-09
1.550204140950347531e+00,5.679153147752913355e-09
1.550235229496014000e+00,5.674768210894853837e-09
1.550266311343872383e+00,5.670546698866019142e-09
1.550297386496808150e+00,5.666154212491392173e-09
1.550328454957704771e+00,5.661842994442167765e-09
1.550359516729443721e+00,5.657508683754031154e-09
1.550390571814904916e+00,5.653080670242616179e-09
1.550421620216966279e+00,5.648845835537485982e-09
1.550452661938503729e+00,5.644588796371863282e-09
1.550483696982391857e+00,5.640232725312444018e-09
1.550514725351502809e+00,5.635954369864748514e-09
1.550545747048706513e+00,5.631562327579331395e-09
1.550576762076872672e+00,5.627341703728916400e-09
1.550607770438867217e+00,5.623106869023786203e-09
1.550638772137555632e+00,5.618718379452047884e-09
1.550669767175800740e+00,5.614536835452099695e-09
1.550700755556463806e+00,5.610233166919442738e-09
1.550731737282404543e+00,5.605906405747873578e-09
1.550762712356480000e+00,5.601796360110711248e-09
1.550793680781546557e+00,5.597525110090373346e-09
1.550824642560457711e+00,5.593316476648624302e-09
1.550855597696065624e+00,5.589038121200928799e-09
1.550886546191220239e+00,5.584749551701406745e-09
1.550917488048770609e+00,5.580579998110124507e-09
1.550948423271562460e+00,5.576413997232521069e-09
1.550979351862441069e+00,5.572101891004876961e-09
1.551010273824249275e+00,5.568015382095836685e-09
1.551041189159828138e+00,5.563761451554682935e-09
1.551072097872016720e+00,5.559574578484216545e-09
1.551102999963652751e+00,5.555414794855551008e-09
1.551133895437571297e+00,5.551215487287208816e-09
1.551164784296606758e+00,5.547050818677234929e-09
1.551195666543590868e+00,5.542879488729113291e-09
1.551226542181353363e+00,5.538650871272920995e-09
1.551257411212723314e+00,5.534535052476030614e-09
1.551288273640526683e+00,5.530413016430202333e-09
1.551319129467588320e+00,5.526299862168571053e-09
1.551349978696730858e+00,5.522128532220449415e-09
1.551380821330775595e+00,5.518039802865359889e-09
1.551411657372542052e+00,5.513899559161927755e-09
1.551442486824847311e+00,5.509840583783898182e-09
1.551473309690507119e+00,5.505660372051579543e-09
1.551504125972335446e+00,5.501515243366839059e-09
1.551534935673144266e+00,5.497468258397475438e-09
1.551565738795743554e+00,5.493382637666854862e-09
1.551596535342942174e+00,5.489308119166480537e-09
1.551627325317546324e+00,5.485221166168230411e-09
1.551658108722361318e+00,5.481140430418918186e-09
1.551688885560190023e+00,5.477057918312766560e-09
1.551719655833833533e+00,5.472993169775008937e-09
1.551750419546091608e+00,5.468873798264439756e-09
1.551781176699761566e+00,5.464949381916994753e-09
1.551811927297639393e+00,5.460870422524521928e-09
1.551842671342519298e+00,5.456789242685999852e-09
1.551873408837193713e+00,5.452736040467698331e-09
1.551904139784453074e+00,5.448728135348801516e-09
1.551934864187085816e+00,5.444772632756667008e-09
1.551965582047879266e+00,5.440736750017549639e-09
1.551996293369618529e+00,5.436671557390582166e-09
1.552026998155086934e+00,5.432575278518925188e-09
1.552057696407066256e+00,5.428645089011752134e-09
1.552088388128336049e+00,5.424708682255641179e-09
1.552119073321674758e+00,5.420712323456200465e-09
1.552149751989858606e+00,5.416729287333055254e-09
1.552180424135661596e+00,5.412718273589689488e-09
1.552211089761857288e+00,5.408785419547257334e-09
1.552241748871216354e+00,5.404757086324707416e-09
1.552272401466507912e+00,5.400823344103855561e-09
1.552303047550499526e+00,5.396849189764907351e-09
1.552333687125956985e+00,5.392872814979909890e-09
1.552364320195644298e+00,5.389015900192362096e-09
1.552394946762323258e+00,5.385065282581535939e-09
1.552425566828754766e+00,5.381008083560345767e-09
1.552456180397697061e+00,5.377130740669144870e-09
1.552486787471907270e+00,5.373231637406661321e-09
1.552517388054140524e+00,5.369309441505265568e-09
1.552547982147149952e+00,5.365379251998092514e-09
1.552578569753688020e+00,5.361517896318446219e-09
1.552609150876503863e+00,5.357550847406855610e-09
1.552639725518345948e+00,5.353661514106988761e-09
1.552670293681960301e+00,5.349822806977044820e-09
1.552700855370092281e+00,5.345931253231128721e-09
1.552731410585484362e+00,5.342106756955899982e-09
1.552761959330877684e+00,5.338166797486110227e-09
1.552792501609011833e+00,5.334282793256761579e-09
1.552823037422624397e+00,5.330480057352815493e-09
1.552853566774451188e+00,5.326568963681665991e-09
1.552884089667226908e+00,5.322736473800659951e-09
1.552914606103683814e+00,5.318832485556868050e-09
1.552945116086552391e+00,5.315027973296082564e-09
1.552975619618561787e+00,5.311174167133003721e-09
1.553006116702439598e+00,5.307293715617333874e-09
1.553036607340911202e+00,5.303474548412623335e-09
1.553067091536700195e+00,5.299786831614028415e-09
1.553097569292529068e+00,5.295897942403371417e-09
1.553128040611117866e+00,5.292163152148532390e-09
1.553158505495185526e+00,5.288285809257331493e-09
1.553188963947448986e+00,5.284452431197905753e-09
1.553219415970622963e+00,5.280693216036524973e-09
1.553249861567421730e+00,5.276942882659341194e-09
1.553280300740556230e+00,5.273098402369669202e-09
1.553310733492737183e+00,5.269318759104635319e-09
1.553341159826672868e+00,5.265515579111479383e-09
1.553371579745069564e+00,5.261779456589010806e-09
1.553401993250632440e+00,5.258135704622191042e-09
1.553432400346064668e+00,5.254310764257752453e-09
1.553462801034067642e+00,5.250432533188131856e-09
1.553493195317341646e+00,5.246734158248500535e-09
1.553523583198584079e+00,5.243080192229854219e-09
1.553553964680491672e+00,5.239289446734574085e-09
1.553584339765759159e+00,5.235619493504373168e-09
1.553614708457079496e+00,5.231833188901191534e-09
1.553645070757143865e+00,5.228089072772945656e-09
1.553675426668641890e+00,5.224387589208845384e-09
1.553705776194261423e+00,5.220754051293852172e-09
1.553736119336688759e+00,5.216939324981240134e-09
1.553766456098608195e+00,5.213286247141013519e-09
1.553796786482702919e+00,5.209591869004270848e-09
1.553827110491653452e+00,5.205882391834393275e-09
1.553857428128139651e+00,5.202274167004361516e-09
1.553887739394839596e+00,5.198510066861672385e-09
1.553918044294428258e+00,5.194842334077520718e-09
1.553948342829581053e+00,5.191135965532112095e-09
1.553978635002969844e+00,5.187558826946769841e-09
1.554008920817266270e+00,5.183902196392864425e-09
1.554039200275139532e+00,5.180216255951108906e-09
1.554069473379256605e+00,5.176548079077747389e-09
1.554099740132284246e+00,5.172893224880681373e-09
1.554130000536886103e+00,5.169287664585908715e-09
1.554160254595725599e+00,5.165665228901161754e-09
1.554190502311462607e+00,5.161961524891012232e-09
1.554220743686757444e+00,5.158327986976019019e-09
1.554250978724266652e+00,5.154761950620923017e-09
1.554281207426646771e+00,5.151179038875852711e-09
1.554311429796551902e+00,5.147470005795184989e-09
1.554341645836634811e+00,5.143884873604065433e-09
1.554371855549545822e+00,5.140293524164007977e-09
1.554402058937934594e+00,5.136711500597357372e-09
1.554432256004448787e+00,5.133081959485252810e-09
1.554462446751734062e+00,5.129571878370597915e-09
1.554492631182434970e+00,5.125889934731731046e-09
1.554522809299193620e+00,5.122354984621324547e-09
1.554552981104651455e+00,5.118771184697834542e-09
1.554583146601447474e+00,5.115269541278166798e-09
1.554613305792219347e+00,5.111699952209391995e-09
1.554643458679603185e+00,5.108081513327533685e-09
1.554673605266232883e+00,5.104543010503448386e-09
1.554703745554741223e+00,5.100980970951241034e-09
1.554733879547759878e+00,5.097506416973374144e-09
1.554764007247917412e+00,5.093862665006554380e-09
1.554794128657841945e+00,5.090373011995552588e-09
1.554824243780159598e+00,5.086819854227542237e-09
1.554854352617494495e+00,5.083310661291307042e-09
1.554884455172469426e+00,5.079804132890330948e-09
1.554914551447705851e+00,5.076258080549678198e-09
1.554944641445823006e+00,5.072767539360256706e-09
1.554974725169439020e+00,5.069249908729034360e-09
1.555004802621170024e+00,5.065750929844625716e-09
1.555034873803630369e+00,5.062310570735917281e-09
1.555064938719433298e+00,5.058808483227039687e-09
1.555094997371190058e+00,5.055251328656140686e-09
1.555125049761510114e+00,5.051723928062301638e-09
1.555155095893001826e+00,5.048321760625640309e-09
1.555185135768271554e+00,5.044830331257799116e-09
1.555215169389924323e+00,5.041331796462600323e-09
1.555245196760562942e+00,5.037894545978360838e-09
1.555275217882788885e+00,5.034392902558693095e-09
1.555305232759202516e+00,5.030937888506059608e-09
1.555335241392401757e+00,5.027537053337027828e-09
1.555365243784983642e+00,5.024110460993824745e-09
1.555395239939542984e+00,5.020672766420375410e-09
1.555425229858673264e+00,5.017159576681251565e-09
1.555455213544966409e+00,5.013758297423009935e-09
1.555485191001012568e+00,5.010336145971905353e-09
1.555515162229400561e+00,5.006915326788430320e-09
1.555545127232716762e+00,5.003414127457972427e-09
1.555575086013547326e+00,5.000045266712049852e-09
1.555605038574475518e+00,4.996571600912602662e-09
1.555634984918083497e+00,4.993247149087665093e-09
1.555664925046951863e+00,4.989858304327299265e-09
1.555694858963659888e+00,4.986441037857503034e-09
1.555724786670784621e+00,4.983055745810816006e-09
1.555754708170901779e+00,4.979660683801512278e-09
1.555784623466585748e+00,4.976266065881418399e-09
1.555814532560408692e+00,4.972886991083669272e-09
1.555844435454941665e+00,4.969519906694586098e-09
1.555874332152754169e+00,4.966161704089699924e-09
1.555904222656413927e+00,4.962812383269010752e-09
1.555934106968486663e+00,4.959422206241015374e-09
1.555963985091537438e+00,4.956022259250403295e-09
1.555993857028129312e+00,4.952678267500232323e-09
1.556023722780822904e+00,4.949288978650656645e-09
1.556053582352178610e+00,4.945983622661742629e-09
1.556083435744754384e+00,4.942668052621002062e-09
1.556113282961107069e+00,4.939296971429030236e-09
1.556143124003791289e+00,4.936015596257448124e-09
1.556172958875360557e+00,4.932656061384932400e-09
1.556202787578367053e+00,4.929312069634761428e-09
1.556232610115360737e+00,4.925999164129279961e-09
1.556262426488890238e+00,4.922662721895676441e-09
1.556292236701502851e+00,4.919432861072436936e-09
1.556322040755744096e+00,4.916032025903405156e-09
1.556351838654157715e+00,4.912770634746266296e-09
1.556381630399286120e+00,4.909470607827870481e-09
1.556411415993670389e+00,4.906127504256119209e-09
1.556441195439849157e+00,4.902926953320729808e-09
1.556470968740360616e+00,4.899639360900209795e-09
1.556500735897740517e+00,4.896397065579094487e-09
1.556530496914523720e+00,4.893029537100801463e-09
1.556560251793242644e+00,4.889719740219788946e-09
1.556590000536429264e+00,4.886560489580915601e-09
1.556619743146612889e+00,4.883269788535926637e-09
1.556649479626321941e+00,4.879991077899603624e-09
1.556679209978083067e+00,4.876715031798539712e-09
1.556708934204421357e+00,4.873451420195351602e-09
1.556738652307860571e+00,4.870239767029715949e-09
1.556768364290922468e+00,4.867036551559067448e-09
1.556798070156127700e+00,4.863733860105412532e-09
1.556827769905994696e+00,4.860518654226098079e-09
1.556857463543041442e+00,4.857292346116537374e-09
1.556887151069783037e+00,4.854031843137818214e-09
1.556916832488734137e+00,4.850848611681612965e-09
1.556946507802407398e+00,4.847539702979020149e-09
1.556976177013313922e+00,4.844561640737765629e-09
1.557005840123962814e+00,4.841197220883941554e-09
1.557035497136862734e+00,4.837961142811764148e-09
1.557065148054520121e+00,4.834781464069237700e-09
1.557094792879439193e+00,4.831590239007255150e-09
1.557124431614124171e+00,4.828416333424456752e-09
1.557154064261076387e+00,4.825229993343782553e-09
1.557183690822796285e+00,4.822053423225725055e-09
1.557213311301782754e+00,4.818854648647175054e-09
1.557242925700532910e+00,4.815666088120451604e-09
1.557272534021542310e+00,4.812491294359233507e-09
1.557302136267305182e+00,4.809304066100139607e-09
1.557331732440314420e+00,4.806116393751835858e-09
1.557361322543060700e+00,4.802961584005061013e-09
1.557390906578033363e+00,4.799941333288870737e-09
1.557420484547721307e+00,4.796728791944815384e-09
1.557450056454610321e+00,4.793536234615203284e-09
1.557479622301185751e+00,4.790370322638182188e-09
1.557509182089930500e+00,4.787295448949180354e-09
1.557538735823326803e+00,4.784087348497223502e-09
1.557568283503855344e+00,4.780986273544840515e-09
1.557597825133994363e+00,4.777937157030009985e-09
1.557627360716221654e+00,4.774712625277288680e-09
1.557656890253012794e+00,4.771604000808338242e-09
1.557686413746842247e+00,4.768515360353831056e-09
1.557715931200182702e+00,4.765379646443079764e-09
1.557745442615505294e+00,4.762255922940994424e-09
1.557774947995279824e+00,4.759141969401525785e-09
1.557804447341974541e+00,4.756125271399014309e-09
1.557833940658056360e+00,4.753017091019273721e-09
1.557863427945990198e+00,4.749889370714299730e-09
1.557892909208239862e+00,4.746784298959028092e-09
1.557922384447267383e+00,4.743732073819728612e-09
1.557951853665533681e+00,4.740597692176606870e-09
1.557981316865497678e+00,4.737571668300688543e-09
1.558010774049616964e+00,4.734393321825791645e-09
1.558040225220348240e+00,4.731373071109601369e-09
1.558069670380145544e+00,4.728319069613462489e-09
1.558099109531462245e+00,4.725279278972038810e-09
1.558128542676750161e+00,4.722203961193827126e-09
1.558157969818459110e+00,4.719086454940679687e-09
1.558187390959037799e+00,4.716089296863401614e-09
1.558216806100933383e+00,4.713037959902521834e-09
1.558246215246591904e+00,4.710011936026603507e-09
1.558275618398456741e+00,4.706921963304466772e-09
1.558305015558971274e+00,4.703877287681734742e-09
1.558334406730576438e+00,4.700897004994430972e-09
1.558363791915711616e+00,4.697803479558615436e-09
1.558393171116815301e+00,4.694878263933333074e-09
1.558422544336324433e+00,4.691806498868800190e-09
1.558451911576673288e+00,4.688762267335278011e-09
1.558481272840296805e+00,4.685771770596147690e-09
1.558510628129626374e+00,4.682825682778002374e-09
1.558539977447092939e+00,4.679749476821370990e-09
1.558569320795125668e+00,4.676790066326930173e-09
1.558598658176152618e+00,4.673736508920001143e-09
1.558627989592600072e+00,4.670793085637114928e-09
1.558657315046892533e+00,4.667737307784136647e-09
1.558686634541453619e+00,4.664785002717053430e-09
1.558715948078704949e+00,4.661820707241304262e-09
1.558745255661067475e+00,4.658788466116448035e-09
1.558774557290959484e+00,4.655809959785983665e-09
1.558803852970798820e+00,4.652894958212527854e-09
1.558833142703001107e+00,4.649890250618682330e-09
1.558862426489981079e+00,4.646953044584734016e-09
1.558891704334151473e+00,4.643964768291652945e-09
1.558920976237924583e+00,4.641050654896616834e-09
1.558950242203709591e+00,4.638100126186373018e-09
1.558979502233915904e+00,4.635105188555144196e-09
1.559008756330950263e+00,4.632157324380159480e-09
1.559038004497218299e+00,4.629249872323271120e-09
1.559067246735124534e+00,4.626277139152534801e-09
1.559096483047071269e+00,4.623342153564635737e-09
1.559125713435460359e+00,4.620368088126269868e-09
1.559154937902691440e+00,4.617420668040495002e-09
1.559184156451163039e+00,4.614537196800938545e-09
1.559213369083271905e+00,4.611571124968349977e-09
1.559242575801413233e+00,4.608654791127264616e-09
1.559271776607981774e+00,4.605856585015999372e-09
1.559300971505369615e+00,4.602828340694031795e-09
1.559330160495967954e+00,4.599926661796871485e-09
1.559359343582166435e+00,4.597117353455359989e-09
1.559388520766353148e+00,4.594131741697538018e-09
1.559417692050915516e+00,4.591300228895534019e-09
1.559446857438238077e+00,4.588450952525136017e-09
1.559476016930705145e+00,4.585514634669607403e-09
1.559505170530699036e+00,4.582507706629712629e-09
1.559534318240600959e+00,4.579660206616154028e-09
1.559563460062789675e+00,4.576799828015509775e-09
1.559592595999644393e+00,4.573994072387677079e-09
1.559621726053540991e+00,4.571043099588223413e-09
1.559650850226854901e+00,4.568237788049600567e-09
1.559679968521960225e+00,4.565304578818540904e-09
1.559709080941228843e+00,4.562406452635059395e-09
1.559738187487031968e+00,4.559629118716657104e-09
1.559767288161738819e+00,4.556836241675910060e-09
1.559796382967717721e+00,4.553835974974163037e-09
1.559825471907335226e+00,4.551053756074452394e-09
1.559854554982956332e+00,4.548212029220621844e-09
1.559883632196945147e+00,4.545348986084718490e-09
1.559912703551663560e+00,4.542568543541847248e-09
1.559941769049472793e+00,4.539648656987083086e-09
1.559970828692732070e+00,4.536863329462903494e-09
1.559999882483799727e+00,4.534001174505419840e-09
1.560028930425032101e+00,4.531182984379711343e-09
1.560057972518784419e+00,4.528375008305829397e-09
1.560087008767410799e+00,4.525581687175872503e-09
1.560116039173263136e+00,4.522770602477521606e-09
1.560145063738692661e+00,4.519926655177641805e-09
1.560174082466048828e+00,4.517105800516674208e-09
1.560203095357679537e+00,4.514320472992494615e-09
1.560232102415931799e+00,4.511512052829402819e-09
1.560261103643150626e+00,4.508704076755520873e-09
1.560290099041679701e+00,4.505937400978154983e-09
1.560319088613862260e+00,4.503133865796371538e-09
1.560348072362038208e+00,4.500357864145598796e-09
1.560377050288548118e+00,4.497589412011393506e-09
1.560406022395729675e+00,4.494801419951954813e-09
1.560434988685919899e+00,4.491976568488098565e-09
1.560463949161454034e+00,4.489211669067572075e-09
1.560492903824666211e+00,4.486487625854351791e-09
1.560521852677888788e+00,4.483740934091429153e-09
1.560550795723453232e+00,4.480996018685345916e-09
1.560579732963689015e+00,4.478199144841710222e-09
1.560608664400924717e+00,4.475399162373605577e-09
1.560637590037487366e+00,4.472636483399128338e-09
1.560666509875701990e+00,4.469903114312501202e-09
1.560695423917893621e+00,4.467210157343970423e-09
1.560724332166384620e+00,4.464419944838482479e-09
1.560753234623496244e+00,4.461627955976155135e-09
1.560782131291548636e+00,4.458996727407793514e-09
1.560811022172860163e+00,4.456262914231956529e-09
1.560839907269748306e+00,4.453445612284667732e-09
1.560868786584528767e+00,4.450701585057004195e-09
1.560897660119515695e+00,4.448048152028150071e-09
1.560926527877023018e+00,4.445302792532856984e-09
1.560955389859361109e+00,4.442532119952602443e-09
1.560984246068841008e+00,4.439905776365549173e-09
1.561013096507771536e+00,4.437169742743662937e-09
1.561041941178460180e+00,4.434457245849898754e-09
1.561070780083212650e+00,4.431743416688505022e-09
1.561099613224333993e+00,4.429035360686839340e-09
1.561128440604127698e+00,4.426389033085342817e-09
1.561157262224895481e+00,4.423585497903559371e-09
1.561186078088937723e+00,4.420886323686090691e-09
1.561214888198553918e+00,4.418282628648739774e-09
1.561243692556041784e+00,4.415538601421076237e-09
1.561272491163697929e+00,4.412881171589333462e-09
1.561301284023817182e+00,4.410202425475517884e-09
1.561330071138693043e+00,4.407550324714293311e-09
1.561358852510618345e+00,4.404805853397419924e-09
1.561387628141883921e+00,4.402151532190146099e-09
1.561416398034778830e+00,4.399441255742431167e-09
1.561445162191592129e+00,4.396833563902191599e-09
1.561473920614610211e+00,4.394172137267560174e-09
1.561502673306118139e+00,4.391502272937941598e-09
1.561531420268400749e+00,4.388889696116393679e-09
1.561560161503740440e+00,4.386194074612603799e-09
1.561588897014418720e+00,4.383515328498788222e-09
1.561617626802715320e+00,4.380861451380724247e-09
1.561646350870909083e+00,4.378257312254163480e-09
1.561675069221277301e+00,4.375619866436863958e-09
1.561703781856095929e+00,4.372966877497219684e-09
1.561732488777639594e+00,4.370284134580515456e-09
1.561761189988181142e+00,4.367641359692697733e-09
1.561789885489992979e+00,4.365053651866901419e-09
1.561818575285345290e+00,4.362437078242464850e-09
1.561847259376507369e+00,4.359794303354647127e-09
1.561875937765746736e+00,4.357224803186454665e-09
1.561904610455330245e+00,4.354594462796512744e-09
1.561933277447522750e+00,4.351924154377684317e-09
1.561961938744587775e+00,4.349434146178055016e-09
1.561990594348788175e+00,4.346749182815301538e-09
1.562019244262384809e+00,4.344108184284323215e-09
1.562047888487636982e+00,4.341578208055807409e-09
1.562076527026803774e+00,4.338945203130606387e-09
1.562105159882142047e+00,4.336330849952219069e-09
1.562133787055906886e+00,4.333726710825658301e-09
1.562162408550353154e+00,4.331180303296378042e-09
1.562191024367733494e+00,4.328593039559791578e-09
1.562219634510299882e+00,4.326017322142661214e-09
1.562248238980302517e+00,4.323428282049235349e-09
1.562276837779990046e+00,4.320920510281212046e-09
1.562305430911610449e+00,4.318255975022111670e-09
1.562334018377410150e+00,4.315646062735822852e-09
1.562362600179633798e+00,4.313153834090144301e-09
1.562391176320524933e+00,4.310643841876071747e-09
1.562419746802326204e+00,4.308017054199808626e-09
1.562448311627278263e+00,4.305403589199841008e-09
1.562476870797620876e+00,4.302857181670560749e-09
1.562505424315592251e+00,4.300265921131085634e-09
1.562533972183429487e+00,4.297805666908516287e-09
1.562562514403368130e+00,4.295258815290026178e-09
1.562591050977642615e+00,4.292710187314696668e-09
1.562619581908485600e+00,4.290104715920506351e-09
1.562648107198129299e+00,4.287585841922236796e-09
1.562676626848803485e+00,4.285066523834757390e-09
1.562705140862737707e+00,4.282569410207770488e-09
1.562733649242159073e+00,4.279988807809331774e-09
1.562762151989294468e+00,4.277478815595259221e-09
1.562790649106368557e+00,4.274988807395629919e-09
1.562819140595605560e+00,4.272449505293707261e-09
1.562847626459227479e+00,4.269891107355761051e-09
1.562876106699455425e+00,4.267421971348994703e-09
1.562904581318509400e+00,4.264900432815466047e-09
1.562933050318607631e+00,4.262359354356703989e-09
1.562961513701967675e+00,4.259866681621815587e-09
1.562989971470805317e+00,4.257407759666875791e-09
1.563018423627334785e+00,4.254846253104460629e-09
1.563046870173769198e+00,4.252353136280362378e-09
1.563075311112320787e+00,4.249930185551420436e-09
1.563103746445200226e+00,4.247419305158928182e-09
1.563132176174616861e+00,4.244881779413844924e-09
1.563160600302778480e+00,4.242342477311922266e-09
1.563189018831891763e+00,4.239934181526905377e-09
1.563217431764161836e+00,4.237485029534582281e-09
1.563245839101793599e+00,4.234953276949227075e-09
1.563274240846989294e+00,4.232475259158263725e-09
1.563302637001950268e+00,4.230035877128557331e-09
1.563331027568877207e+00,4.227571182013889484e-09
1.563359412549968575e+00,4.225019445414091024e-09
1.563387791947422167e+00,4.222621363680900686e-09
1.563416165763434007e+00,4.220094051987643979e-09
1.563444534000199448e+00,4.217687532559466490e-09
1.563472896659911848e+00,4.215231719228995644e-09
1.563501253744764119e+00,4.212813653481362053e-09
1.563529605256946953e+00,4.210253035097366592e-09
1.563557951198650375e+00,4.207850512472077753e-09
1.563586291572062636e+00,4.205397807766075857e-09
1.563614626379371098e+00,4.202944658970864111e-09
1.563642955622762010e+00,4.200527481401650221e-09
1.563671279304420070e+00,4.198107195207967379e-09
1.563699597426527976e+00,4.195627401060164630e-09
1.563727909991268428e+00,4.193219993453567440e-09
1.563756217000822124e+00,4.190793934100156548e-09
1.563784518457368655e+00,4.188404290061953361e-09
1.563812814363086057e+00,4.185901847364448258e-09
1.563841104720151476e+00,4.183487778419703318e-09
1.563869389530740506e+00,4.181141211034855587e-09
1.563897668797027629e+00,4.178668966403620288e-09
1.563925942521185775e+00,4.176273549205689051e-09
1.563954210705386982e+00,4.173834167175982657e-09
1.563982473351801961e+00,4.171449852208297671e-09
1.564010730462599641e+00,4.169045553226169432e-09
1.564038982039948733e+00,4.166616829337499439e-09
1.564067228086014838e+00,4.164160127828608893e-09
1.564095468602964445e+00,4.161877509289979571e-09
1.564123703592961379e+00,4.159446564955260328e-09
1.564151933058168575e+00,4.157032496010515388e-09
1.564180157000747862e+00,4.154673494127791855e-09
1.564208375422859287e+00,4.152262089718306015e-09
1.564236588326662236e+00,4.149880883375089979e-09
1.564264795714314760e+00,4.147540977328389999e-09
1.564292997587973133e+00,4.145070953143203951e-09
1.564321193949792743e+00,4.142792331407463280e-09
1.564349384801927867e+00,4.140392473317433542e-09
1.564377570146531005e+00,4.137996167941082604e-09
1.564405749985753991e+00,4.135634057433890121e-09
1.564433924321747105e+00,4.133294595476399991e-09
1.564462093156659073e+00,4.130963127124687162e-09
1.564490256492637732e+00,4.128573038997274125e-09
1.564518414331829810e+00,4.126197605813786140e-09
1.564546566676380701e+00,4.123888786011775665e-09
1.564574713528433803e+00,4.121517793720386180e-09
1.564602854890132511e+00,4.119068641728063085e-09
1.564630990763617779e+00,4.116793572706001214e-09
1.564659121151030341e+00,4.114447005321153483e-09
1.564687246054508707e+00,4.112131524180995257e-09
1.564715365476191167e+00,4.109756979175926972e-09
1.564743479418213790e+00,4.107406859077400441e-09
1.564771587882711534e+00,4.105079831617786112e-09
1.564799690871819138e+00,4.102787443116540089e-09
1.564827788387668894e+00,4.100388029115720201e-09
1.564855880432392210e+00,4.098066330726624074e-09
1.564883967008119825e+00,4.095882744081791316e-09
1.564912048116980259e+00,4.093457128817590274e-09
1.564940123761101365e+00,4.091130545447185796e-09
1.564968193942609886e+00,4.088829719250952621e-09
1.564996258663630790e+00,4.086474714171117739e-09
1.565024317926288377e+00,4.084146798533083711e-09
1.565052371732705616e+00,4.081940119249338750e-09
1.565080420085003698e+00,4.079541149337728712e-09
1.565108462985302928e+00,4.077301607452454846e-09
1.565136500435722278e+00,4.074995452185703471e-09
1.565164532438380274e+00,4.072624903983523836e-09
1.565192558995393224e+00,4.070400017042175023e-09
1.565220580108876325e+00,4.068116066235916151e-09
1.565248595780943663e+00,4.065835668143336079e-09
1.565276606013708438e+00,4.063493541650586849e-09
1.565304610809282293e+00,4.061178060510428622e-09
1.565332610169775318e+00,4.058928748662538055e-09
1.565360604097297603e+00,4.056628366555514731e-09
1.565388592593956130e+00,4.054429236788337221e-09
1.565416575661858545e+00,4.052147062338917749e-09
1.565444553303109831e+00,4.049837354358487573e-09
1.565472525519814528e+00,4.047483237457072391e-09
1.565500492314076064e+00,4.045292545384882033e-09
1.565528453687995425e+00,4.043022361344128512e-09
1.565556409643674485e+00,4.040825007933790403e-09
1.565584360183211565e+00,4.038493539582077574e-09
1.565612305308705432e+00,4.036244227734187007e-09
1.565640245022253296e+00,4.033986034102099438e-09
1.565668179325950593e+00,4.031734057718949771e-09
1.565696108221891869e+00,4.029502953528663056e-09
1.565724031712170783e+00,4.027234545844748936e-09
1.565751949798878995e+00,4.025023869758115325e-09
1.565779862484107943e+00,4.022739918951856453e-09
1.565807769769946844e+00,4.020478172606090084e-09
1.565835671658484696e+00,4.018207100386916863e-09
1.565863568151808716e+00,4.016071031287538062e-09
1.565891459252004347e+00,4.013797294533105742e-09
1.565919344961157034e+00,4.011512455548427170e-09
1.565947225281350441e+00,4.009319543030187560e-09
1.565975100214666904e+00,4.007054688059952241e-09
1.566002969763187425e+00,4.004843567884108779e-09
1.566030833928992561e+00,4.002714604212087579e-09
1.566058692714160427e+00,4.000415110283483955e-09
1.566086546120769585e+00,3.998215980516306445e-09
1.566114394150895484e+00,3.995944020118713524e-09
1.566142236806614019e+00,3.993753772135733016e-09
1.566170074089998865e+00,3.991595054486651861e-09
1.566197906003122808e+00,3.989406582860510753e-09
1.566225732548058192e+00,3.987127961124770081e-09
1.566253553726874248e+00,3.984896412845273517e-09
1.566281369541641100e+00,3.982699947613355107e-09
1.566309179994426426e+00,3.980526575020348901e-09
1.566336985087297240e+00,3.978343432464725993e-09
1.566364784822319001e+00,3.976130091842833281e-09
1.566392579201556057e+00,3.973974482818221077e-09
1.566420368227072091e+00,3.971739381825045712e-09
1.566448151900928787e+00,3.969510942170018097e-09
1.566475930225187163e+00,3.967351336342517243e-09
1.566503703201906683e+00,3.965228589919433944e-09
1.566531470833146145e+00,3.963064987289044439e-09
1.566559233120962569e+00,3.960861416629768428e-09
1.566586990067412533e+00,3.958625871547383213e-09
1.566614741674550171e+00,3.956555527651062221e-09
1.566642487944429840e+00,3.954350180634946810e-09
1.566670228879104121e+00,3.952127958228857096e-09
1.566697964480623817e+00,3.949929716640099286e-09
1.566725694751039732e+00,3.947772775347857532e-09
1.566753419692400895e+00,3.945664239779489435e-09
1.566781139306754556e+00,3.943507298487247681e-09
1.566808853596147744e+00,3.941383663885744681e-09
1.566836562562625712e+00,3.939171655531481520e-09
1.566864266208233047e+00,3.937061787695483872e-09
1.566891964535012560e+00,3.934890635548526916e-09
1.566919657545006617e+00,3.932725256561298011e-09
1.566947345240255363e+00,3.930579861588512358e-09
1.566975027622798944e+00,3.928441572043084307e-09
1.567002704694675730e+00,3.926309943835804006e-09
1.567030376457922314e+00,3.924216951389780661e-09
1.567058042914575289e+00,3.922060454186748757e-09
1.567085704066669694e+00,3.919896407467149402e-09
1.567113359916238791e+00,3.917761226546190301e-09
1.567141010465315398e+00,3.915616719751824348e-09
1.567168655715931003e+00,3.913525059573430553e-09
1.567196295670115536e+00,3.911368562370398649e-09
1.567223930329898263e+00,3.909268464497017703e-09
1.567251559697307117e+00,3.907139056735786653e-09
1.567279183774368256e+00,3.904920387043375740e-09
1.567306802563108059e+00,3.902953071843739963e-09
1.567334416065550684e+00,3.900788581034930758e-09
1.567362024283718958e+00,3.898675604574464160e-09
1.567389627219635262e+00,3.896579503503971864e-09
1.567417224875320647e+00,3.894506050983181922e-09
1.567444817252794387e+00,3.892308253483633962e-09
1.567472404354075310e+00,3.890169963938205910e-09
1.567499986181181137e+00,3.888086297365589417e-09
1.567527562736127811e+00,3.886029720234773777e-09
1.567555134020930607e+00,3.884060184589088749e-09
1.567582700037603471e+00,3.881870824784527940e-09
1.567610260788158794e+00,3.879711218957027086e-09
1.567637816274609186e+00,3.877613341529695390e-09
1.567665366498964374e+00,3.875547882614682749e-09
1.567692911463233640e+00,3.873511733587520212e-09
1.567720451169425600e+00,3.871412523892558966e-09
1.567747985619547313e+00,3.869364384456730477e-09
1.567775514815604510e+00,3.867232312160240326e-09
1.567803038759601808e+00,3.865124664770291929e-09
1.567830557453543161e+00,3.863088959832339242e-09
1.567858070899430745e+00,3.861034603147572852e-09
1.567885579099266069e+00,3.858964703340461710e-09
1.567913082055049090e+00,3.856843733274217811e-09
1.567940579768779097e+00,3.854847108186731930e-09
1.567968072242453603e+00,3.852727026298907731e-09
1.567995559478069900e+00,3.850696650431473245e-09
1.568023041477623059e+00,3.848635188319349254e-09
1.568050518243108149e+00,3.846555518549621411e-09
1.568077989776517800e+00,3.844484286474880719e-09
1.568105456079844640e+00,3.842420159827497628e-09
1.568132917155079298e+00,3.840392004406112392e-09
1.568160373004212405e+00,3.838335427275296752e-09
1.568187823629232147e+00,3.836270856538703811e-09
1.568215269032126269e+00,3.834240924760479174e-09
1.568242709214881403e+00,3.832232753353537191e-09
1.568270144179482628e+00,3.830245898228668011e-09
1.568297573927914801e+00,3.828146688533706765e-09
1.568324998462160336e+00,3.826138073037554932e-09
1.568352417784201425e+00,3.824079275460690042e-09
1.568379831896019150e+00,3.822036021006169904e-09
1.568407240799593039e+00,3.819959015771701161e-09
1.568434644496901953e+00,3.817929972171896225e-09
1.568462042989922756e+00,3.815914251248386790e-09
1.568489436280632532e+00,3.813933613372455511e-09
1.568516824371005702e+00,3.811932103303661279e-09
1.568544207263017132e+00,3.809867532567068338e-09
1.568571584958639020e+00,3.807841597591732352e-09
1.568598957459844012e+00,3.805777470944349261e-09
1.568626324768602309e+00,3.803799941692886932e-09
1.568653686886883669e+00,3.801785997126216898e-09
1.568681043816656295e+00,3.799749404009844511e-09
1.568708395559887725e+00,3.797802961003071687e-09
1.568735742118544607e+00,3.795795233685339554e-09
1.568763083494591148e+00,3.793773739602102069e-09
1.568790419689992222e+00,3.791778446782245737e-09
1.568817750706710479e+00,3.789788483032907607e-09
1.568845076546707462e+00,3.787766544860460272e-09
1.568872397211944048e+00,3.785752600293790238e-09
1.568899712704379557e+00,3.783783952826524910e-09
1.568927023025972645e+00,3.781803759039803481e-09
1.568954328178680413e+00,3.779760948674493193e-09
1.568981628164459297e+00,3.777794965742486966e-09
1.569008922985264176e+00,3.775828538721270888e-09
1.569036212643049488e+00,3.773833689990624407e-09
1.569063497139767449e+00,3.771830847654200625e-09
1.569090776477370275e+00,3.769851986135108746e-09
1.569118050657808405e+00,3.767882006400213868e-09
1.569145319683031614e+00,3.765917799825047041e-09
1.569172583554988121e+00,3.763966027747756016e-09
1.569199842275625478e+00,3.761972511284739085e-09
1.569227095846889908e+00,3.759941247238884898e-09
1.569254344270726298e+00,3.758024558209172028e-09
1.569281587549079093e+00,3.756099875573681857e-09
1.569308825683890962e+00,3.754135668998515030e-09
1.569336058677103685e+00,3.752099075882142643e-09
1.569363286530658153e+00,3.750177057781911572e-09
1.569390509246494148e+00,3.748251042878791850e-09
1.569417726826549675e+00,3.746249532809997618e-09
1.569444939272762740e+00,3.744317744747149845e-09
1.569472146587069572e+00,3.742341991852526917e-09
1.569499348771405289e+00,3.740431075982542097e-09
1.569526545827703901e+00,3.738483744797349573e-09
1.569553737757898970e+00,3.736553289002131351e-09
1.569580924563922064e+00,3.734606845995358526e-09
1.569608106247704082e+00,3.732611553175502195e-09
1.569635282811175037e+00,3.730658004741371769e-09
1.569662454256263606e+00,3.728715114448277745e-09
1.569689620584896916e+00,3.726803754489083076e-09
1.569716781799002092e+00,3.724906827429208533e-09
1.569743937900504482e+00,3.722962160779275109e-09
1.569771088891327881e+00,3.721007502122120059e-09
1.569798234773396528e+00,3.719083707665049587e-09
1.569825375548631552e+00,3.717170571349015518e-09
1.569852511218954527e+00,3.715259211389820848e-09
1.569879641786285696e+00,3.713330753996046951e-09
1.569906767252543522e+00,3.711399410022409029e-09
1.569933887619646473e+00,3.709486717795584809e-09
1.569961002889510349e+00,3.707557150178786287e-09
1.569988113064051616e+00,3.705710183155019877e-09
1.570015218145184521e+00,3.703766404683506153e-09
1.570042318134822867e+00,3.701843720449460307e-09
1.570069413034878902e+00,3.699894168818218532e-09
1.570096502847263986e+00,3.698018558040416792e-09
1.570123587573888368e+00,3.696090322691247820e-09
1.570150667216661189e+00,3.694195616077422528e-09
1.570177741777491143e+00,3.692313121916868113e-09
1.570204811258284705e+00,3.690409311474240894e-09
1.570231875660947685e+00,3.688549465863388832e-09
1.570258934987385668e+00,3.686654981294168465e-09
1.570285989239502245e+00,3.684689664495977013e-09
1.570313038419199891e+00,3.682832705464988976e-09
1.570340082528380865e+00,3.680969085095853188e-09
1.570367121568945201e+00,3.679040627702079291e-09
1.570394155542792936e+00,3.677199655882645857e-09
1.570421184451822327e+00,3.675290516369500438e-09
1.570448208297930970e+00,3.673345405630357163e-09
1.570475227083014902e+00,3.671503101543294179e-09
1.570502240808969718e+00,3.669637038683504215e-09
1.570529249477689682e+00,3.667786074856849154e-09
1.570556253091067722e+00,3.665863168578198383e-09
1.570583251650996326e+00,3.663994885272359170e-09
1.570610245159366203e+00,3.662092629141966427e-09
1.570637233618067397e+00,3.660231451263484814e-09
1.570664217028989063e+00,3.658459091226973214e-09
1.570691195394018802e+00,3.656567049148407023e-09
1.570718168715043550e+00,3.654665459151829054e-09
1.570745136993948909e+00,3.652835589562641871e-09
1.570772100232619817e+00,3.650932001164619578e-09
1.570799058432939876e+00,3.649030189123436685e-09
1.570826011596791361e+00,3.647286916930170264e-09
1.570852959726056097e+00,3.645324486711842837e-09
1.570879902822614582e+00,3.643485957383063578e-09
1.570906840888345979e+00,3.641692281064479175e-09
1.570933773925129007e+00,3.639790469023296282e-09
1.570960701934840387e+00,3.637919077092988118e-09
1.570987624919356840e+00,3.636128731443477591e-09
1.571014542880553977e+00,3.634256007245539877e-09
1.571041455820305188e+00,3.632456557767227423e-09
1.571068363740483864e+00,3.630595823977955661e-09
1.571095266642962063e+00,3.628765066210348778e-09
1.571122164529610954e+00,3.626934530487346819e-09
1.571149057402300153e+00,3.625074018742679982e-09
1.571175945262899054e+00,3.623243483019678024e-09
1.571202828113275052e+00,3.621390520791578638e-09
1.571229705955295541e+00,3.619557542577922504e-09
1.571256578790825920e+00,3.617745658601734249e-09
1.571283446621731361e+00,3.615925336930558842e-09
1.571310309449874598e+00,3.614146315555899491e-09
1.571337167277119473e+00,3.612298238309108456e-09
1.571364020105326942e+00,3.610442167456540119e-09
1.571390867936357960e+00,3.608650045450190191e-09
1.571417710772071707e+00,3.606825949020731059e-09
1.571444548614326697e+00,3.605016507535196979e-09
1.571471381464980999e+00,3.603213061253995875e-09
1.571498209325890461e+00,3.601352993598538887e-09
1.571525032198910488e+00,3.599570419510200736e-09
1.571551850085895818e+00,3.597717901371311200e-09
1.571578662988699637e+00,3.595956421520440927e-09
1.571605470909174018e+00,3.594198494383249454e-09
1.571632273849170813e+00,3.592376618399839572e-09
1.571659071810539432e+00,3.590560515576157741e-09
1.571685864795129728e+00,3.588744190707870985e-09
1.571712652804789778e+00,3.586947405764817631e-09
1.571739435841366550e+00,3.585122421156938799e-09
1.571766213906706344e+00,3.583427332642941110e-09
1.571792987002654129e+00,3.581575480637866349e-09
1.571819755131053986e+00,3.579824214838822627e-09
1.571846518293749106e+00,3.578040086438250000e-09
1.571873276492581128e+00,3.576229756774296220e-09
1.571900029729391690e+00,3.574415208262848864e-09
1.571926778006019987e+00,3.572637075066609214e-09
1.571953521324305436e+00,3.570869600011405964e-09
1.571980259686085901e+00,3.569110340606584941e-09
1.572006993093198357e+00,3.567278916705163283e-09
1.572033721547478669e+00,3.565576722763807993e-09
1.572060445050761146e+00,3.563802586370456993e-09
1.572087163604880322e+00,3.561993811018737688e-09
1.572113877211668731e+00,3.560246097933372766e-09
1.572140585872958241e+00,3.558469519049367591e-09
1.572167289590579609e+00,3.556701155815744642e-09
1.572193988366362705e+00,3.554915917192147390e-09
1.572220682202136288e+00,3.553140226486561914e-09
1.572247371099727564e+00,3.551364979870186289e-09
1.572274055060963738e+00,3.549631477639536570e-09
1.572300734087670682e+00,3.547826255001496065e-09
1.572327408181672936e+00,3.546104521134907372e-09
1.572354077344793932e+00,3.544356808049542451e-09
1.572380741578856655e+00,3.542598214778536203e-09
1.572407400885682760e+00,3.540877369090367210e-09
1.572434055267092567e+00,3.539109449945954111e-09
1.572460704724905955e+00,3.537400150577241220e-09
1.572487349260941691e+00,3.535553627642684660e-09
1.572513988877017210e+00,3.533831449686886117e-09
1.572540623574949281e+00,3.532121928273568301e-09
1.572567253356553119e+00,3.530346459612587751e-09
1.572593878223643937e+00,3.528607184222209980e-09
1.572620498178034953e+00,3.526862579761314009e-09
1.572647113221538717e+00,3.525173708496254221e-09
1.572673723355967335e+00,3.523407787753285447e-09
1.572700328583130913e+00,3.521616553925355220e-09
1.572726928904839117e+00,3.519955882325120911e-09
1.572753524322900498e+00,3.518263014257172472e-09
1.572780114839123167e+00,3.516398949798826834e-09
1.572806700455313011e+00,3.514740720689246700e-09
1.572833281173275921e+00,3.513016322287398907e-09
1.572859856994816674e+00,3.511310131543154966e-09
1.572886427921738717e+00,3.509539769908087692e-09
1.572912993955844607e+00,3.507883095110742033e-09
1.572939555098936015e+00,3.506155810129030215e-09
1.572966111352813501e+00,3.504444068269663148e-09
1.572992662719276513e+00,3.502704792879285378e-09
1.573019209200124280e+00,3.500990608529264136e-09
1.573045750797154030e+00,3.499291745256982722e-09
1.573072287512162326e+00,3.497541367636358700e-09
1.573098819346945065e+00,3.495795652952438104e-09
1.573125346303296590e+00,3.494128986147870819e-09
1.573151868383010576e+00,3.492403477522998401e-09
1.573178385587880257e+00,3.490747468859467517e-09
1.573204897919696643e+00,3.488968669529413091e-09
1.573231405380250969e+00,3.487327093765202335e-09
1.573257907971332914e+00,3.485599808783490516e-09
1.573284405694730825e+00,3.483870303355729448e-09
1.573310898552232606e+00,3.482191646142496211e-09
1.573337386545625272e+00,3.480504551234275823e-09
1.573363869676694282e+00,3.478843435544831664e-09
1.573390347947224654e+00,3.477134136176118773e-09
1.573416821359000073e+00,3.475462140301033287e-09
1.573443289913803333e+00,3.473718868107766866e-09
1.573469753613416344e+00,3.472057752418322707e-09
1.573496212459620347e+00,3.470370435465497394e-09
1.573522666454194585e+00,3.468665799033487929e-09
1.573549115598918302e+00,3.466965381448972039e-09
1.573575559895569631e+00,3.465287612414158502e-09
1.573601999345925151e+00,3.463668685199650099e-09
1.573628433951761219e+00,3.462025999212414717e-09
1.573654863714852192e+00,3.460292941070974848e-09
1.573681288636972875e+00,3.458598074601582084e-09
1.573707708719895626e+00,3.456927855083335999e-09
1.573734123965393250e+00,3.455226327275795484e-09
1.573760534375236331e+00,3.453579866530276377e-09
1.573786939951195007e+00,3.451892549577451064e-09
1.573813340695038754e+00,3.450214558498032602e-09
1.573839736608535489e+00,3.448557883700686943e-09
1.573866127693452688e+00,3.446865459721948355e-09
1.573892513951556493e+00,3.445216778530379997e-09
1.573918895384611716e+00,3.443589191576279518e-09
1.573945271994383388e+00,3.441887219679529153e-09
1.573971643782634766e+00,3.440207674287876216e-09
1.573998010751127774e+00,3.438654694321030547e-09
1.574024372901624336e+00,3.436949391755206307e-09
1.574050730235884377e+00,3.435300266474428099e-09
1.574077082755667822e+00,3.433619166770540687e-09
1.574103430462733044e+00,3.431970929668182180e-09
1.574129773358837525e+00,3.430342454535662000e-09
1.574156111445738082e+00,3.428751282896769226e-09
1.574182444725189978e+00,3.427035544234513509e-09
1.574208773198948252e+00,3.425399297540820953e-09
1.574235096868766171e+00,3.423768379917646598e-09
1.574261415736396996e+00,3.422111927164905865e-09
1.574287729803591995e+00,3.420423944078265777e-09
1.574314039072102656e+00,3.418866967308531457e-09
1.574340343543678467e+00,3.417210958645000574e-09
1.574366643220068473e+00,3.415544735929643139e-09
1.574392938103020390e+00,3.413892946113605831e-09
1.574419228194281262e+00,3.412299331984058881e-09
1.574445513495597027e+00,3.410719928709227133e-09
1.574471794008713399e+00,3.409035720380870771e-09
1.574498069735374317e+00,3.407402804356252091e-09
1.574524340677322387e+00,3.405809412271310066e-09
1.574550606836300215e+00,3.404143189555952631e-09
1.574576868214049519e+00,3.402578885314255785e-09
1.574603124812310018e+00,3.400951298360155306e-09
1.574629376632821431e+00,3.399333037279461678e-09
1.574655623677321925e+00,3.397640835345328014e-09
1.574681865947549220e+00,3.395995706867438457e-09
1.574708103445239704e+00,3.394397207756583157e-09
1.574734336172129323e+00,3.392771397159322078e-09
1.574760564129952245e+00,3.391235292582450711e-09
1.574786787320442416e+00,3.389617253546362008e-09
1.574813005745332672e+00,3.388050284769406062e-09
1.574839219406354518e+00,3.386407376737565755e-09
1.574865428305239234e+00,3.384761582125861423e-09
1.574891632443716105e+00,3.383173297066832674e-09
1.574917831823514858e+00,3.381584123829384225e-09
1.574944026446363221e+00,3.379938329217679893e-09
1.574970216313988258e+00,3.378390678321352425e-09
1.574996401428116144e+00,3.376785739916954299e-09
1.575022581790472165e+00,3.375160151364298144e-09
1.575048757402780719e+00,3.373578749688022071e-09
1.575074928266764873e+00,3.371978696264932296e-09
1.575101094384146805e+00,3.370396628454841448e-09
1.575127255756648692e+00,3.368834544659193853e-09
1.575153412385990492e+00,3.367203849080624423e-09
1.575179564273891941e+00,3.365606238148188822e-09
1.575205711422072108e+00,3.364016398776925598e-09
1.575231853832247841e+00,3.362469414014412905e-09
1.575257991506136879e+00,3.360842493194127201e-09
1.575284124445454514e+00,3.359276856684800805e-09
1.575310252651915821e+00,3.357698341588388757e-09
1.575336376127234761e+00,3.356042999058672649e-09
1.575362494873124408e+00,3.354517552622837684e-09
1.575388608891297171e+00,3.352945920909178312e-09
1.575414718183463680e+00,3.351402710904949345e-09
1.575440822751334791e+00,3.349759580828504113e-09
1.575466922596619357e+00,3.348177957107623115e-09
1.575493017721026234e+00,3.346625421229987296e-09
1.575519108126262724e+00,3.345048016356599874e-09
1.575545193814035017e+00,3.343537002820085036e-09
1.575571274786049525e+00,3.341978249693511316e-09
1.575597351044010441e+00,3.340371756976878714e-09
1.575623422589621736e+00,3.338787690765343541e-09
1.575649489424586047e+00,3.337196741171055692e-09
1.575675551550605791e+00,3.335677956073368478e-09
1.575701608969381606e+00,3.334118758857584908e-09
1.575727661682613467e+00,3.332560893909430888e-09
1.575753709692000903e+00,3.331013243013103420e-09
1.575779752999242111e+00,3.329426068177099296e-09
1.575805791606034401e+00,3.327918829398868183e-09
1.575831825514073969e+00,3.326293906980026804e-09
1.575857854725056795e+00,3.324752695377242162e-09
1.575883879240676855e+00,3.323259667453726252e-09
1.575909899062628350e+00,3.321687813695461955e-09
1.575935914192603926e+00,3.320114627669568108e-09
1.575961924632295341e+00,3.318537666885390536e-09
1.575987930383393465e+00,3.317010666137321095e-09
1.576013931447588057e+00,3.315459462527314827e-09
1.576039927826568654e+00,3.313962215756305341e-09
1.576065919522023684e+00,3.312419893930496073e-09
1.576091906535639575e+00,3.310873131212588305e-09
1.576117888869103423e+00,3.309300389275904308e-09
1.576143866524100101e+00,3.307736751168022238e-09
1.576169839502314707e+00,3.306264817481974205e-09
1.576195807805430338e+00,3.304732487663386564e-09
1.576221771435130314e+00,3.303195494908095498e-09
1.576247730393095736e+00,3.301632744978633127e-09
1.576273684681008147e+00,3.300129058914080815e-09
1.576299634300547092e+00,3.298519013483769413e-09
1.576325579253392117e+00,3.297038198013524379e-09
1.576351519541220991e+00,3.295540951242514893e-09
1.576377455165711039e+00,3.294001960085779501e-09
1.576403386128538919e+00,3.292479622274413487e-09
1.576429312431379515e+00,3.290953287660158821e-09
1.576455234075908152e+00,3.289460259736642911e-09
1.576481151063797936e+00,3.287944361218819722e-09
1.576507063396721975e+00,3.286413141623256706e-09
1.576532971076352041e+00,3.284836402883684059e-09
1.576558874104359020e+00,3.283353366967389775e-09
1.576584772482412689e+00,3.281846350233763587e-09
1.576610666212182821e+00,3.280340665767766950e-09
1.576636555295337194e+00,3.278877391821310994e-09
1.576662439733543808e+00,3.277351279251661254e-09
1.576688319528468218e+00,3.275862248131033994e-09
1.576714194681776426e+00,3.274326365598767552e-09
1.576740065195133544e+00,3.272798032583068562e-09
1.576765931070202464e+00,3.271292570161676849e-09
1.576791792308646967e+00,3.269794879301457513e-09
1.576817648912128389e+00,3.268346260298926609e-09
1.576843500882308291e+00,3.266808157320610917e-09
1.576869348220846456e+00,3.265280490438726702e-09
1.576895190929402446e+00,3.263838754818948473e-09
1.576921029009634490e+00,3.262299541617608156e-09
1.576946862463200594e+00,3.260836045626547275e-09
1.576972691291756767e+00,3.259337910677118089e-09
1.576998515496959463e+00,3.257921710186906239e-09
1.577024335080462913e+00,3.256365621595591620e-09
1.577050150043921350e+00,3.254880587277853010e-09
1.577075960388987674e+00,3.253365132849239671e-09
1.577101766117314341e+00,3.251893865297006414e-09
1.577127567230552696e+00,3.250424818190822407e-09
1.577153363730352753e+00,3.248938451605454247e-09
1.577179155618364748e+00,3.247447422083382662e-09
1.577204942896236473e+00,3.245923529959782172e-09
1.577230725565616387e+00,3.244473134600411868e-09
1.577256503628151174e+00,3.242963453331526580e-09
1.577282277085487072e+00,3.241510393436897175e-09
1.577308045939268544e+00,3.240052892650169269e-09
1.577333810191140273e+00,3.238584733722404962e-09
1.577359569842745834e+00,3.237101031672295903e-09
1.577385324895727026e+00,3.235619105979026244e-09
1.577411075351726311e+00,3.234159384746249088e-09
1.577436821212383933e+00,3.232669243402597203e-09
1.577462562479339692e+00,3.231212408749684073e-09
1.577488299154232720e+00,3.229766232237807344e-09
1.577514031238701264e+00,3.228252110076823556e-09
1.577539758734381792e+00,3.226816147616773378e-09
1.577565481642911660e+00,3.225377076532254250e-09
1.577591199965925783e+00,3.223874944779936413e-09
1.577616913705058632e+00,3.222420330573072533e-09
1.577642622861944233e+00,3.220958388894246127e-09
1.577668327438215501e+00,3.219495559037000021e-09
1.577694027435503799e+00,3.218027844198445564e-09
1.577719722855441153e+00,3.216619637314011015e-09
1.577745413699656929e+00,3.215179456006467262e-09
1.577771099969780710e+00,3.213721289085924582e-09
1.577796781667441417e+00,3.212257793094863700e-09
1.577822458794266192e+00,3.210783861007371343e-09
1.577848131351881955e+00,3.209348342636531015e-09
1.577873799341914518e+00,3.207951460026947643e-09
1.577899462765989247e+00,3.206469312289073059e-09
1.577925121625729732e+00,3.204997822692234877e-09
1.577950775922759563e+00,3.203537435325642946e-09
1.577976425658700999e+00,3.202101250820987843e-09
1.578002070835175630e+00,3.200685050330775994e-09
1.578027711453804383e+00,3.199250198093750441e-09
1.578053347516207072e+00,3.197825781953156365e-09
1.578078979024001960e+00,3.196356512802367433e-09
1.578104605978807973e+00,3.194926767591255157e-09
1.578130228382242262e+00,3.193445730076405198e-09
1.578155846235920423e+00,3.192001107876762944e-09
1.578181459541458942e+00,3.190655739615522180e-09
1.578207068300471860e+00,3.189162711692006269e-09
1.578232672514572998e+00,3.187732744436289067e-09
1.578258272185375510e+00,3.186299002422288140e-09
1.578283867314491440e+00,3.184903674124939243e-09
1.578309457903531721e+00,3.183443064713742388e-09
1.578335043954107064e+00,3.182047514371788566e-09
1.578360625467826850e+00,3.180611773956343313e-09
1.578386202446299569e+00,3.179199792313625039e-09
1.578411774891133268e+00,3.177722751601663731e-09
1.578437342803934662e+00,3.176349849809412262e-09
1.578462906186310022e+00,3.174930540694731462e-09
1.578488465039864286e+00,3.173451723625930754e-09
1.578514019366202170e+00,3.172027529529941603e-09
1.578539569166927059e+00,3.170615325842618404e-09
1.578565114443641448e+00,3.169271733938217039e-09
1.578590655197947168e+00,3.167833551032117612e-09
1.578616191431445603e+00,3.166462425596705543e-09
1.578641723145736586e+00,3.165020689976927315e-09
1.578667250342419059e+00,3.163604933575925315e-09
1.578692773023091966e+00,3.162211825724625669e-09
1.578718291189352474e+00,3.160778527799834592e-09
1.578743804842797749e+00,3.159351225079376491e-09
1.578769313985023182e+00,3.157939021392053291e-09
1.578794818617624163e+00,3.156465977482980634e-09
1.578820318742194750e+00,3.155120609221739869e-09
1.578845814360328337e+00,3.153781236164832080e-09
1.578871305473617426e+00,3.152404559614296886e-09
1.578896792083653411e+00,3.150996796819072188e-09
1.578922274192027242e+00,3.149602578744747916e-09
1.578947751800328980e+00,3.148164617883253413e-09
1.578973224910147577e+00,3.146683136279193604e-09
1.578998693523071761e+00,3.145320670583373612e-09
1.579024157640688486e+00,3.143949101058751694e-09
1.579049617264584482e+00,3.142646809450866385e-09
1.579075072396345369e+00,3.141234827808148111e-09
1.579100523037556547e+00,3.139810633712158960e-09
1.579125969189801415e+00,3.138403537050749037e-09
1.579151410854663817e+00,3.136984005891463312e-09
1.579176848033725600e+00,3.135616433169730044e-09
1.579202280728568830e+00,3.134281723049525681e-09
1.579227708940774022e+00,3.132845316500265653e-09
1.579253132671921245e+00,3.131513048870715465e-09
1.579278551923589236e+00,3.130119718974810894e-09
1.579303966697356287e+00,3.128704184618413819e-09
1.579329376994800249e+00,3.127334613495236226e-09
1.579354782817497194e+00,3.125967040773502958e-09
1.579380184167022971e+00,3.124582148572585538e-09
1.579405581044952323e+00,3.123238556668184174e-09
1.579430973452859543e+00,3.121869207589611506e-09
1.579456361392317820e+00,3.120499858511038838e-09
1.579481744864899673e+00,3.119066116497037910e-09
1.579507123872176511e+00,3.117742952696289649e-09
1.579532498415719077e+00,3.116366054101149530e-09
1.579557868497097228e+00,3.114982938257071510e-09
1.579583234117879931e+00,3.113645563601608046e-09
1.579608595279636152e+00,3.112264224114369426e-09
1.579633951983932194e+00,3.110882218493316032e-09
1.579659304232335915e+00,3.109527080269458565e-09
1.579684652026412062e+00,3.108226342973807732e-09
1.579709995367726050e+00,3.106847001888013438e-09
1.579735334257841739e+00,3.105448564966195590e-09
1.579760668698322768e+00,3.104100310125090800e-09
1.579785998690731663e+00,3.102758272532923911e-09
1.579811324236629844e+00,3.101386258919092143e-09
1.579836645337578060e+00,3.100106393816304262e-09
1.579861961995136621e+00,3.098722167749201617e-09
1.579887274210864501e+00,3.097315515177001544e-09
1.579912581986320230e+00,3.095942169295540225e-09
1.579937885323061231e+00,3.094605016684681686e-09
1.579963184222644035e+00,3.093286293776031926e-09
1.579988478686625175e+00,3.091923828080211933e-09
1.580013768716559186e+00,3.090594669075130696e-09
1.580039054314000824e+00,3.089275946166480935e-09
1.580064335480502846e+00,3.087882838315181289e-09
1.580089612217618456e+00,3.086525923734484422e-09
1.580114884526899521e+00,3.085204536290575561e-09
1.580140152409896803e+00,3.083838517881076768e-09
1.580165415868160395e+00,3.082469168802504100e-09
1.580190674903239945e+00,3.081163546525544916e-09
1.580215929516683993e+00,3.079900334768126413e-09
1.580241179710040411e+00,3.078488131080803214e-09
1.580266425484855519e+00,3.077166743636894353e-09
1.580291666842676301e+00,3.075835364185763865e-09
1.580316903785047522e+00,3.074532628488668706e-09
1.580342136313513945e+00,3.073223009408820872e-09
1.580367364429619226e+00,3.071852550107223578e-09
1.580392588134906129e+00,3.070490306456008511e-09
1.580417807430916755e+00,3.069156706558828773e-09
1.580443022319192536e+00,3.067825327107698286e-09
1.580468232801273798e+00,3.066492615388938248e-09
1.580493438878700418e+00,3.065189213558028314e-09
1.580518640553011167e+00,3.063862052954391402e-09
1.580543837825743481e+00,3.062536446662988965e-09
1.580569030698435684e+00,3.061233266876683956e-09
1.580594219172623216e+00,3.059986042330820055e-09
1.580619403249842403e+00,3.058649111764566442e-09
1.580644582931627795e+00,3.057269992723377072e-09
1.580669758219513499e+00,3.055892650039027103e-09
1.580694929115032510e+00,3.054584807316018669e-09
1.580720095619717158e+00,3.053252983775678331e-09
1.580745257735099774e+00,3.051973118672890450e-09
1.580770415462710465e+00,3.050662611414622916e-09
1.580795568804079565e+00,3.049329455606653028e-09
1.580820717760736072e+00,3.048066243849234525e-09
1.580845862334208318e+00,3.046777052873039793e-09
1.580871002526024416e+00,3.045456109518340782e-09
1.580896138337710921e+00,3.044077878655571112e-09
1.580921269770793947e+00,3.042798901731202932e-09
1.580946396826798273e+00,3.041511487111847600e-09
1.580971519507248901e+00,3.040187657177284564e-09
1.580996637813669059e+00,3.038876483785202254e-09
1.581021751747581527e+00,3.037538220951319090e-09
1.581046861310508644e+00,3.036268569900357761e-09
1.581071966503971638e+00,3.034940521118301149e-09
1.581097067329490846e+00,3.033717277389769151e-09
1.581122163788585944e+00,3.032453177453930948e-09
1.581147255882775715e+00,3.031117579155306885e-09
1.581172343613578279e+00,3.029803519183360550e-09
1.581197426982511089e+00,3.028482575828661538e-09
1.581222505991090488e+00,3.027190054183392931e-09
1.581247580640831707e+00,3.025947936663442306e-09
1.581272650933250645e+00,3.024658967731852499e-09
1.581297716869860759e+00,3.023352901365683465e-09
1.581322778452175282e+00,3.022014194442590451e-09
1.581347835681707004e+00,3.020726779823235120e-09
1.581372888559967826e+00,3.019414718252733110e-09
1.581397937088468320e+00,3.018125083187328528e-09
1.581422981268719052e+00,3.016849658976639148e-09
1.581448021102229040e+00,3.015574456810554693e-09
1.581473056590507076e+00,3.014282823343705786e-09
1.581498087735061286e+00,3.012993188278301204e-09
1.581523114537397801e+00,3.011691118715020821e-09
1.581548136999023857e+00,3.010418803128800391e-09
1.581573155121444474e+00,3.009142490739691311e-09
1.581598168906164226e+00,3.007949889166638968e-09
1.581623178354687465e+00,3.006656701387555586e-09
1.581648183468516988e+00,3.005353743645855502e-09
1.581673184249154929e+00,3.004081428059635073e-09
1.581698180698103195e+00,3.002788018235946765e-09
1.581723172816862588e+00,3.001475068487025055e-09
1.581748160606932574e+00,3.000213411041841027e-09
1.581773144069813064e+00,2.998935766385102397e-09
1.581798123207002194e+00,2.997730064180359477e-09
1.581823098019997431e+00,2.996476178296347825e-09
1.581848068510295802e+00,2.995157455387698064e-09
1.581873034679393886e+00,2.993847392218640380e-09
1.581897996528786265e+00,2.992564196446778624e-09
1.581922954059967745e+00,2.991349390413233778e-09
1.581947907274432241e+00,2.990102832001184652e-09
1.581972856173672559e+00,2.988853164964666576e-09
1.581997800759181505e+00,2.987547542687707391e-09
1.582022741032449664e+00,2.986254576953228934e-09
1.582047676994968066e+00,2.985015123968537409e-09
1.582072608648226852e+00,2.983772340314772009e-09
1.582097535993715054e+00,2.982553093389128662e-09
1.582122459032920814e+00,2.981277891223044207e-09
1.582147377767331831e+00,2.980006907904453328e-09
1.582172292198435137e+00,2.978778113060798205e-09
1.582197202327716434e+00,2.977488033906183773e-09
1.582222108156661422e+00,2.976180635272385189e-09
1.582247009686754247e+00,2.974965163105025567e-09
1.582271906919478832e+00,2.973735702127555669e-09
1.582296799856317993e+00,2.972493140518395194e-09
1.582321688498754098e+00,2.971290546938121224e-09
1.582346572848268851e+00,2.970031554028196297e-09
1.582371452906342402e+00,2.968755685728297067e-09
1.582396328674454677e+00,2.967452061852782208e-09
1.582421200154085161e+00,2.966238810131471837e-09
1.582446067346712004e+00,2.965010459377026564e-09
1.582470930253812913e+00,2.963774781150618765e-09
1.582495788876865150e+00,2.962577738685467921e-09
1.582520643217343981e+00,2.961286993397038714e-09
1.582545493276725335e+00,2.960042211341828988e-09
1.582570339056483144e+00,2.958843836609048594e-09
1.582595180558092229e+00,2.957582845297679341e-09
1.582620017783024746e+00,2.956347167071271542e-09
1.582644850732753294e+00,2.955102607060666742e-09
1.582669679408749364e+00,2.953898681212763222e-09
1.582694503812483777e+00,2.952655675514392897e-09
1.582719323945426471e+00,2.951380917437518292e-09
1.582744139809046491e+00,2.950131472445605141e-09
1.582768951404813107e+00,2.948926658419281921e-09
1.582793758734192702e+00,2.947750044057784180e-09
1.582818561798653434e+00,2.946557220440126912e-09
1.582843360599661020e+00,2.945230948014909700e-09
1.582868155138680955e+00,2.944069210641941936e-09
1.582892945417178066e+00,2.942835086727768612e-09
1.582917731436616071e+00,2.941602961215039613e-09
1.582942513198458467e+00,2.940318655220153232e-09
1.582967290704167418e+00,2.939119836398162988e-09
1.582992063955204420e+00,2.937913246015000368e-09
1.583016832953030972e+00,2.936702880873554022e-09
1.583041597699107239e+00,2.935492737776712602e-09
1.583066358194892054e+00,2.934299470069845484e-09
1.583091114441844471e+00,2.933086440393140037e-09
1.583115866441422437e+00,2.931784148785254729e-09
1.583140614195083007e+00,2.930621301189262340e-09
1.583165357704282572e+00,2.929459341771689651e-09
1.583190096970477079e+00,2.928183917561000271e-09
1.583214831995121141e+00,2.926966224947591400e-09
1.583239562779669152e+00,2.925750086646417003e-09
1.583264289325574392e+00,2.924577913177017763e-09
1.583289011634289478e+00,2.923327357962079986e-09
1.583313729707266582e+00,2.922143194084014794e-09
1.583338443545956986e+00,2.920927277827445323e-09
1.583363153151810865e+00,2.919756214581070708e-09
1.583387858526277947e+00,2.918583819067066543e-09
1.583412559670807074e+00,2.917331265450684441e-09
1.583437256586846864e+00,2.916098917893350517e-09
1.583461949275844605e+00,2.914902763606619374e-09
1.583486637739246694e+00,2.913713492702640906e-09
1.583511321978499531e+00,2.912550201017438667e-09
1.583536001995048181e+00,2.911328511601141145e-09
1.583560677790337268e+00,2.910160779023840405e-09
1.583585349365810080e+00,2.908878693475003274e-09
1.583610016722910574e+00,2.907721841083343861e-09
1.583634679863080041e+00,2.906514140477156616e-09
1.583659338787760662e+00,2.905283125187452242e-09
1.583683993498393061e+00,2.904138263204458781e-09
1.583708643996417198e+00,2.902972973117812217e-09
1.583733290283272144e+00,2.901770157492933322e-09
1.583757932360396969e+00,2.900575557518436653e-09
1.583782570229229414e+00,2.899360085351077032e-09
1.583807203891206550e+00,2.898153272923309487e-09
1.583831833347764562e+00,2.897014406144649001e-09
1.583856458600339634e+00,2.895772510669303301e-09
1.583881079650365731e+00,2.894625872329470440e-09
1.583905696499278148e+00,2.893456585439935225e-09
1.583930309148509297e+00,2.892287298550400010e-09
1.583954917599492473e+00,2.891103578761544668e-09
1.583979521853659644e+00,2.889895434066147573e-09
1.584004121912441665e+00,2.888702166359280454e-09
1.584028717777269391e+00,2.887554195751818042e-09
1.584053309449572566e+00,2.886310745964237867e-09
1.584077896930780049e+00,2.885135463870369676e-09
1.584102480222320253e+00,2.883935312780749882e-09
1.584127059325620701e+00,2.882771577006337793e-09
1.584151634242108475e+00,2.881631600004652682e-09
1.584176204973209545e+00,2.880508276348336949e-09
1.584200771520349216e+00,2.879317895221333856e-09
1.584225333884951903e+00,2.878108418258307211e-09
1.584249892068442245e+00,2.876917370997489343e-09
1.584274446072243103e+00,2.875796267787222860e-09
1.584298995897776674e+00,2.874583016065912489e-09
1.584323541546465375e+00,2.873416837800846224e-09
1.584348083019729403e+00,2.872211579685313154e-09
1.584372620318989844e+00,2.871057835918122692e-09
1.584397153445666007e+00,2.869960269435978262e-09
1.584421682401176312e+00,2.868761228569383093e-09
1.584446207186939626e+00,2.867562409747392849e-09
1.584470727804373036e+00,2.866401560552844785e-09
1.584495244254893187e+00,2.865192083589818139e-09
1.584519756539915614e+00,2.864033010752109476e-09
1.584544264660856516e+00,2.862918346835385819e-09
1.584568768619129875e+00,2.861796133402094711e-09
1.584593268416149670e+00,2.860659042980273625e-09
1.584617764053328548e+00,2.859437353563976103e-09
1.584642255532079158e+00,2.858290049090328466e-09
1.584666742853813259e+00,2.857130754208014878e-09
1.584691226019941945e+00,2.855968350701232339e-09
1.584715705031874977e+00,2.854843472732682130e-09
1.584740179891022116e+00,2.853707714578490595e-09
1.584764650598792235e+00,2.852509561890315126e-09
1.584789117156592875e+00,2.851266556191944801e-09
1.584813579565831798e+00,2.850197855508440625e-09
1.584838037827915880e+00,2.849050551034792989e-09
1.584862491944250440e+00,2.847883928680516874e-09
1.584886941916241021e+00,2.846726410155042686e-09
1.584911387745292055e+00,2.845603752632541728e-09
1.584935829432807086e+00,2.844457780426523641e-09
1.584960266980189658e+00,2.843314916844974505e-09
1.584984700388841761e+00,2.842197810437596672e-09
1.585009129660164939e+00,2.841020529942284156e-09
1.585033554795560518e+00,2.839859236658526243e-09
1.585057975796428265e+00,2.838707713337385030e-09
1.585082392664167728e+00,2.837604151650907625e-09
1.585106805400178009e+00,2.836486157065110092e-09
1.585131214005856881e+00,2.835353507535387507e-09
1.585155618482602113e+00,2.834146917152224887e-09
1.585180018831809701e+00,2.833031809146291380e-09
1.585204415054876304e+00,2.831908263445370721e-09
1.585228807153196362e+00,2.830754075588970409e-09
1.585253195128165205e+00,2.829654732749986579e-09
1.585277578981176161e+00,2.828564937829014525e-09
1.585301958713622561e+00,2.827329703691816576e-09
1.585326334326896625e+00,2.826207712303130393e-09
1.585350705822390349e+00,2.825135014816737566e-09
1.585375073201494844e+00,2.823990596922953955e-09
1.585399436465599665e+00,2.822864830775984046e-09
1.585423795616095033e+00,2.821684441656202580e-09
1.585448150654369615e+00,2.820579547702095624e-09
1.585472501581811855e+00,2.819426248024115012e-09
1.585496848399808867e+00,2.818332234255649382e-09
1.585521191109747763e+00,2.817161837143089542e-09
1.585545529713014101e+00,2.816056277055167811e-09
1.585569864210994107e+00,2.814950716967246080e-09
1.585594194605071561e+00,2.813854482752731201e-09
1.585618520896631356e+00,2.812770460991487198e-09
1.585642843087055942e+00,2.811616939268901660e-09
1.585667161177727991e+00,2.810458976654217622e-09
1.585691475170029952e+00,2.809337873443951139e-09
1.585715785065342498e+00,2.808262511422299212e-09
1.585740090865046303e+00,2.807110544011948150e-09
1.585764392570520931e+00,2.805990106935496442e-09
1.585788690183145944e+00,2.804898535657684988e-09
1.585812983704299350e+00,2.803786536276220431e-09
1.585837273135358716e+00,2.802655663103337247e-09
1.585861558477701605e+00,2.801520349038355562e-09
1.585885839732703584e+00,2.800432330474222908e-09
1.585910116901740885e+00,2.799325882207881477e-09
1.585934389986187965e+00,2.798211440335762745e-09
1.585958658987419501e+00,2.797057030434757507e-09
1.585982923906808617e+00,2.796004539007412859e-09
1.586007184745728438e+00,2.794950937357043586e-09
1.586031441505550754e+00,2.793816289425876676e-09
1.586055694187647358e+00,2.792666986550784713e-09
1.586079942793388931e+00,2.791520126166346927e-09
1.586104187324145265e+00,2.790398578866870594e-09
1.586128427781286154e+00,2.789324549112848217e-09
1.586152664166180060e+00,2.788236086459505714e-09
1.586176896480194776e+00,2.787168718043631088e-09
1.586201124724697875e+00,2.786072483829116209e-09
1.586225348901056043e+00,2.784945385414516750e-09
1.586249569010635296e+00,2.783890451496517926e-09
1.586273785054800101e+00,2.782803099066200048e-09
1.586297997034916030e+00,2.781641361693232284e-09
1.586322204952346437e+00,2.780532692980841603e-09
1.586346408808454678e+00,2.779414698395044070e-09
1.586370608604602772e+00,2.778338892284182293e-09
1.586394804342153186e+00,2.777271967957517518e-09
1.586418996022466610e+00,2.776174623519978013e-09
1.586443183646903510e+00,2.775059959603254356e-09
1.586467367216823909e+00,2.773978158288059603e-09
1.586491546733586722e+00,2.772906571024691402e-09
1.586515722198550193e+00,2.771831209003039476e-09
1.586539893613072350e+00,2.770724316647488195e-09
1.586564060978509882e+00,2.769613649533653188e-09
1.586588224296219485e+00,2.768515861006903833e-09
1.586612383567556517e+00,2.767457596419831134e-09
1.586636538793876117e+00,2.766348927707440453e-09
1.586660689976532090e+00,2.765291551298787454e-09
1.586684837116878910e+00,2.764215967232530602e-09
1.586708980216269049e+00,2.763117512571966472e-09
1.586733119276054760e+00,2.762007733636551166e-09
1.586757254297587627e+00,2.760939254997651915e-09
1.586781385282218571e+00,2.759891870596220542e-09
1.586805512231297843e+00,2.758786532552903736e-09
1.586829635146175033e+00,2.757710726442041960e-09
1.586853754028198837e+00,2.756606054532539929e-09
1.586877868878717956e+00,2.755519590280641751e-09
1.586901979699079090e+00,2.754484862421691105e-09
1.586926086490629606e+00,2.753369976460362523e-09
1.586950189254715760e+00,2.752321925925116375e-09
1.586974287992682697e+00,2.751250338661748174e-09
1.586998382705875787e+00,2.750197403145193675e-09
1.587022473395638400e+00,2.749113603428554597e-09
1.587046560063314793e+00,2.748041572075976546e-09
1.587070642710247004e+00,2.746973759570892071e-09
1.587094721337777514e+00,2.745851102048391112e-09
1.587118795947247918e+00,2.744753535566246683e-09
1.587142866539999142e+00,2.743656857262521953e-09
1.587166933117370782e+00,2.742599036764659104e-09
1.587190995680702654e+00,2.741580296117263060e-09
1.587215054231333244e+00,2.740504934095611134e-09
1.587239108770600815e+00,2.739489302072684040e-09
1.587263159299842963e+00,2.738418825032340465e-09
1.587287205820396174e+00,2.737389648288512944e-09
1.587311248333596936e+00,2.736259441249444535e-09
1.587335286840779958e+00,2.735186299673841859e-09
1.587359321343280838e+00,2.734124038283880509e-09
1.587383351842433177e+00,2.733057780091030509e-09
1.587407378339570352e+00,2.732020831786030612e-09
1.587431400836025519e+00,2.730981885079586391e-09
1.587455419333130502e+00,2.729890979935589712e-09
1.587479433832216458e+00,2.728839598731269689e-09
1.587503444334614766e+00,2.727720715967052456e-09
1.587527450841655252e+00,2.726685766063496885e-09
1.587551453354667075e+00,2.725666803371495917e-09
1.587575451874979393e+00,2.724607872650608442e-09
1.587599446403920256e+00,2.723556713490893344e-09
1.587623436942817046e+00,2.722504000018943771e-09
1.587647423492996479e+00,2.721478820078004901e-09
1.587671406055784606e+00,2.720399461253464324e-09
1.587695384632507034e+00,2.719348746182959076e-09
1.587719359224488924e+00,2.718264502377110148e-09
1.587743329833053663e+00,2.717296609944241936e-09
1.587767296459525301e+00,2.716200819818936907e-09
1.587791259105226338e+00,2.715161429023282835e-09
1.587815217771479270e+00,2.714111380086592362e-09
1.587839172459605264e+00,2.713015812005892258e-09
1.587863123170925483e+00,2.711993518644817414e-09
1.587887069906759763e+00,2.710968338703878544e-09
1.587911012668427935e+00,2.709898305752744818e-09
1.587934951457248500e+00,2.708849811128288820e-09
1.587958886274540182e+00,2.707805757395931323e-09
1.587982817121620149e+00,2.706771917715400377e-09
1.588006743999805570e+00,2.705757617960102834e-09
1.588030666910412725e+00,2.704732882108373815e-09
1.588054585854756784e+00,2.703685719751547367e-09
1.588078500834152917e+00,2.702652990294041047e-09
1.588102411849915852e+00,2.701612933364572200e-09
1.588126318903358536e+00,2.700565548963140827e-09
1.588150221995794364e+00,2.699525714078276906e-09
1.588174121128535843e+00,2.698470780160278082e-09
1.588198016302893922e+00,2.697438938881191461e-09
1.588221907520180221e+00,2.696394441059624114e-09
1.588245794781705023e+00,2.695342171676884391e-09
1.588269678088777948e+00,2.694317657869760296e-09
1.588293557442708392e+00,2.693300471534598728e-09
1.588317432844804200e+00,2.692274847504450008e-09
1.588341304296373435e+00,2.691237455110240262e-09
1.588365171798723496e+00,2.690173195318834587e-09
1.588389035353160450e+00,2.689196865190979224e-09
1.588412894960990140e+00,2.688181011123447206e-09
1.588436750623518412e+00,2.687160494119211762e-09
1.588460602342048889e+00,2.686119993100533065e-09
1.588484450117885638e+00,2.685046185391115614e-09
1.588508293952332506e+00,2.684033439948052546e-09
1.588532133846691563e+00,2.683026911753927379e-09
1.588555969802264878e+00,2.682039035306615915e-09
1.588579801820353854e+00,2.681003641313850494e-09
1.588603629902259007e+00,2.679975574793047599e-09
1.588627454049280407e+00,2.678951505075133355e-09
1.588651274262717239e+00,2.677891020042011405e-09
1.588675090543868684e+00,2.676904031773119641e-09
1.588698902894032372e+00,2.675880406144415247e-09
1.588722711314506153e+00,2.674825916315626273e-09
1.588746515806586324e+00,2.673794963214959353e-09
1.588770316371569402e+00,2.672820853533153240e-09
1.588794113010750797e+00,2.671853183144889954e-09
1.588817905725425694e+00,2.670792254022558154e-09
1.588841694516887726e+00,2.669769516572273460e-09
1.588865479386430746e+00,2.668769427671691119e-09
1.588889260335348164e+00,2.667741805240098074e-09
1.588913037364931613e+00,2.666729059797035006e-09
1.588936810476472949e+00,2.665709430971219263e-09
1.588960579671263584e+00,2.664689802145403519e-09
1.588984344950593597e+00,2.663730125362917533e-09
1.589008106315752622e+00,2.662711828804731340e-09
1.589031863768030073e+00,2.661687759086817096e-09
1.589055617308714252e+00,2.660708986468307558e-09
1.589079366939093241e+00,2.659680253813689887e-09
1.589103112660454009e+00,2.658706144131883775e-09
1.589126854474083306e+00,2.657687625529092657e-09
1.589150592381266991e+00,2.656652675625537086e-09
1.589174326383290037e+00,2.655600184198192437e-09
1.589198056481437860e+00,2.654636288568212876e-09
1.589221782676994099e+00,2.653637753979865010e-09
1.589245504971242173e+00,2.652642772105195945e-09
1.589269223365464612e+00,2.651625807814639302e-09
1.589292937860943944e+00,2.650651920177438114e-09
1.589316648458961811e+00,2.649640729046609522e-09
1.589340355160798524e+00,2.648614882971855877e-09
1.589364057967734833e+00,2.647688068790898797e-09
1.589387756881049940e+00,2.646692642827019881e-09
1.589411451902023042e+00,2.645654140209785510e-09
1.589435143031932895e+00,2.644660934691955845e-09
1.589458830272056256e+00,2.643701257909469859e-09
1.589482513623671434e+00,2.642651208972779386e-09
1.589506193088053854e+00,2.641656893231925096e-09
1.589529868666479828e+00,2.640716312285462664e-09
1.589553540360224559e+00,2.639710006135942422e-09
1.589577208170562583e+00,2.638699703183533529e-09
1.589600872098767770e+00,2.637680518446927636e-09
1.589624532146113545e+00,2.636722618021281050e-09
1.589648188313872890e+00,2.635732743172525261e-09
1.589671840603317454e+00,2.634773288434644201e-09
1.589695489015718888e+00,2.633788520611801687e-09
1.589719133552347730e+00,2.632793094647922771e-09
1.589742774214474741e+00,2.631784346007748354e-09
1.589766411003368907e+00,2.630795137292807340e-09
1.589790043920299656e+00,2.629809703336150051e-09
1.589813672966535085e+00,2.628827600048566637e-09
1.589837298143343070e+00,2.627849271519266949e-09
1.589860919451990373e+00,2.626890260870595739e-09
1.589884536893743761e+00,2.625908601672222176e-09
1.589908150469868664e+00,2.624882089463653756e-09
1.589931760181631182e+00,2.623895767328576767e-09
1.589955366030294970e+00,2.622938310992140032e-09
1.589978968017124350e+00,2.621949546366408867e-09
1.590002566143382756e+00,2.621046046868968915e-09
1.590026160410332956e+00,2.620033079381300922e-09
1.590049750819237051e+00,2.619020111893632929e-09
1.590073337371356477e+00,2.618014693922532388e-09
1.590096920067952002e+00,2.617052574649392227e-09
1.590120498910283953e+00,2.616113325970559345e-09
1.590144073899612209e+00,2.615103689151965227e-09
1.590167645037195765e+00,2.614151117796836843e-09
1.590191212324292502e+00,2.613195215772634583e-09
1.590214775762160970e+00,2.612270844082331678e-09
1.590238335352057719e+00,2.611294513954476315e-09
1.590261891095239521e+00,2.610287097581931448e-09
1.590285442992962484e+00,2.609333638048383364e-09
1.590308991046482046e+00,2.608348426136331000e-09
1.590332535257052315e+00,2.607332350024194056e-09
1.590356075625927845e+00,2.606370230751053896e-09
1.590379612154362521e+00,2.605439419767208165e-09
1.590403144843608452e+00,2.604494397928647231e-09
1.590426673694918192e+00,2.603507853748965317e-09
1.590450198709543406e+00,2.602540405405306956e-09
1.590473719888735094e+00,2.601539206281699990e-09
1.590497237233744032e+00,2.600590631729460256e-09
1.590520750745819445e+00,2.599632953348418596e-09
1.590544260426210776e+00,2.598629977867972229e-09
1.590567766276167028e+00,2.597708936846743200e-09
1.590591268296935423e+00,2.596744597127553789e-09
1.590614766489764076e+00,2.595805570493325831e-09
1.590638260855899100e+00,2.594831682856124644e-09
1.590661751396587276e+00,2.593867343136935233e-09
1.590685238113073385e+00,2.592903669551560597e-09
1.590708721006603321e+00,2.591939329832371186e-09
1.590732200078420533e+00,2.591048042788202110e-09
1.590755675329769581e+00,2.590055503404187220e-09
1.590779146761892804e+00,2.589092940041837210e-09
1.590802614376032764e+00,2.588125047608968998e-09
1.590826078173432023e+00,2.587178693502778515e-09
1.590849538155331588e+00,2.586238112556316082e-09
1.590872994322971579e+00,2.585278657818435022e-09
1.590896446677593001e+00,2.584323199883442612e-09
1.590919895220434643e+00,2.583308233994330294e-09
1.590943339952735736e+00,2.582359659442090560e-09
1.590966780875734177e+00,2.581477698271328336e-09
1.590990217990668310e+00,2.580494262716115372e-09
1.591013651298774700e+00,2.579519264855889560e-09
1.591037080801289694e+00,2.578633306882238685e-09
1.591060506499449634e+00,2.577693836158800877e-09
1.591083928394489311e+00,2.576732827108685342e-09
1.591107346487643515e+00,2.575812230176666162e-09
1.591130760780146813e+00,2.574821689194095597e-09
1.591154171273231777e+00,2.573876889400139589e-09
1.591177577968131862e+00,2.572909441056481228e-09
1.591200980866079195e+00,2.571983293009338922e-09
1.591224379968305458e+00,2.571041157750642014e-09
1.591247775276041665e+00,2.570083035280390504e-09
1.591271166790518166e+00,2.569177315336901302e-09
1.591294554512964865e+00,2.568229184873871418e-09
1.591317938444611446e+00,2.567318579949073865e-09
1.591341318586685816e+00,2.566399759373894085e-09
1.591364694940416769e+00,2.565422763112223947e-09
1.591388067507031101e+00,2.564468637444861088e-09
1.591411436287756498e+00,2.563542711442323707e-09
1.591434801283818645e+00,2.562626777447007953e-09
1.591458162496443007e+00,2.561693301927903121e-09
1.591481519926855048e+00,2.560690326447456755e-09
1.591504873576279566e+00,2.559780387656473977e-09
1.591528223445940249e+00,2.558856682099985846e-09
1.591551569537059896e+00,2.557922762491671165e-09
1.591574911850861751e+00,2.556960643218531004e-09
1.591598250388567948e+00,2.556041378554141374e-09
1.591621585151399509e+00,2.555116340730023694e-09
1.591644916140577681e+00,2.554173095248302161e-09
1.591668243357323043e+00,2.553276257089009960e-09
1.591691566802855062e+00,2.552400513167185636e-09
1.591714886478393209e+00,2.551440170250884876e-09
1.591738202385155398e+00,2.550526678746223297e-09
1.591761514524360210e+00,2.549562116982428961e-09
1.591784822897224894e+00,2.548606437002831626e-09
1.591808127504966031e+00,2.547698718657898098e-09
1.591831428348799982e+00,2.546740152098436738e-09
1.591854725429942219e+00,2.545821775612466809e-09
1.591878018749607993e+00,2.544896515743744203e-09
1.591901308309011442e+00,2.544021437955734655e-09
1.591924594109366931e+00,2.543091959239518474e-09
1.591947876151887042e+00,2.542161148255672742e-09
1.591971154437785252e+00,2.541212351658828084e-09
1.591994428968273034e+00,2.540303745135474855e-09
1.592017699744561865e+00,2.539376708909912850e-09
1.592040966767862997e+00,2.538483423464299449e-09
1.592064230039386574e+00,2.537570598093452645e-09
1.592087489560342295e+00,2.536675314246394919e-09
1.592110745331939636e+00,2.535740506459660537e-09
1.592133997355386521e+00,2.534810805698839431e-09
1.592157245631891982e+00,2.533858456388315972e-09
1.592180490162662387e+00,2.532946963285098718e-09
1.592203730948904772e+00,2.531997278509834359e-09
1.592226967991825948e+00,2.531091558566345157e-09
1.592250201292630951e+00,2.530250675647494063e-09
1.592273430852525484e+00,2.529310760834846405e-09
1.592296656672713251e+00,2.528383946653889325e-09
1.592319878754398621e+00,2.527502429572336951e-09
1.592343097098785076e+00,2.526583164907947321e-09
1.592366311707074988e+00,2.525671893849334992e-09
1.592389522580470729e+00,2.524758402344673414e-09
1.592412729720173781e+00,2.523829145673062158e-09
1.592435933127385184e+00,2.522975606211730337e-09
1.592459132803305755e+00,2.522010600358726151e-09
1.592482328749134757e+00,2.521140629596629879e-09
1.592505520966071675e+00,2.520198716382537896e-09
1.592528709455315106e+00,2.519307429338368820e-09
1.592551894218063646e+00,2.518404373930138718e-09
1.592575075255514117e+00,2.517486441533378638e-09
1.592598252568864003e+00,2.516595154489209563e-09
1.592621426159309239e+00,2.515689212501115435e-09
1.592644596028046422e+00,2.514751962223726878e-09
1.592667762176269708e+00,2.513870889231384353e-09
1.592690924605174585e+00,2.512981822633264528e-09
1.592714083315954765e+00,2.512134500420870609e-09
1.592737238309803960e+00,2.511203023303210102e-09
1.592760389587914771e+00,2.510304186742473576e-09
1.592783537151480244e+00,2.509396912486749898e-09
1.592806681001691205e+00,2.508463436967645066e-09
1.592829821139739588e+00,2.507548169106144087e-09
1.592852957566815775e+00,2.506685303771405415e-09
1.592876090284109702e+00,2.505800011931569315e-09
1.592899219292811086e+00,2.504913831913313516e-09
1.592922344594108530e+00,2.503939278142297553e-09
1.592945466189190640e+00,2.503114826524210912e-09
1.592968584079245353e+00,2.502218876543338411e-09
1.592991698265459721e+00,2.501303386637232506e-09
1.593014808749020350e+00,2.500437190633419959e-09
1.593037915531113180e+00,2.499531470689930757e-09
1.593061018612923485e+00,2.498651729965217783e-09
1.593084117995636984e+00,2.497769546749850633e-09
1.593107213680437395e+00,2.496878703794891408e-09
1.593130305668508440e+00,2.495965434334834754e-09
1.593153393961034059e+00,2.495083029074862679e-09
1.593176478559195974e+00,2.494182638201891677e-09
1.593199559464176795e+00,2.493281803239710825e-09
1.593222636677158244e+00,2.492439366008625257e-09
1.593245710199320708e+00,2.491492567813224923e-09
1.593268780031844800e+00,2.490641692887152203e-09
1.593291846175910464e+00,2.489753292422847153e-09
1.593314908632696980e+00,2.488879324857862230e-09
1.593337967403382738e+00,2.487992478705791655e-09
1.593361022489146128e+00,2.487106076642930930e-09
1.593384073891164432e+00,2.486244543575821808e-09
1.593407121610614929e+00,2.485326167089851879e-09
1.593430165648674013e+00,2.484459971086039332e-09
1.593453206006517409e+00,2.483590888502362759e-09
1.593476242685320177e+00,2.482741345843919589e-09
1.593499275686257821e+00,2.481804317611135957e-09
1.593522305010503848e+00,2.480912364433152106e-09
1.593545330659231762e+00,2.480042171626450909e-09
1.593568352633615293e+00,2.479173089042774336e-09
1.593591370934826390e+00,2.478357963298094546e-09
1.593614385564037450e+00,2.477452909488420119e-09
1.593637396522419314e+00,2.476542970697437340e-09
1.593660403811142823e+00,2.475659455214440641e-09
1.593683407431378596e+00,2.474736415791767286e-09
1.593706407384296142e+00,2.473940385883111048e-09
1.593729403671064748e+00,2.473045324080658247e-09
1.593752396292852591e+00,2.472215987481263255e-09
1.593775385250827847e+00,2.471280069471504248e-09
1.593798370546158027e+00,2.470424087519518253e-09
1.593821352180010198e+00,2.469557891515705705e-09
1.593844330153550315e+00,2.468683923950720782e-09
1.593867304467944335e+00,2.467809290251921084e-09
1.593890275124357991e+00,2.466989501570537868e-09
1.593913242123955021e+00,2.466089110697566866e-09
1.593936205467899825e+00,2.465223136738359244e-09
1.593959165157356583e+00,2.464373594079916074e-09
1.593982121193487256e+00,2.463502291050190252e-09
1.594005073577455356e+00,2.462613668541280276e-09
1.594028022310421955e+00,2.461754800009430255e-09
1.594050967393548790e+00,2.460877279730766531e-09
1.594073908827996711e+00,2.460009973503929359e-09
1.594096846614925456e+00,2.459122683262648934e-09
1.594119780755495430e+00,2.458288239637340666e-09
1.594142711250865041e+00,2.457406722555788292e-09
1.594165638102193139e+00,2.456551628782221997e-09
1.594188561310637686e+00,2.455722736272036855e-09
1.594211480877356424e+00,2.454884739933049786e-09
1.594234396803506204e+00,2.453993896978090561e-09
1.594257309090242769e+00,2.453113712164167737e-09
1.594280217738722749e+00,2.452217096049480460e-09
1.594303122750100998e+00,2.451364222721963415e-09
1.594326024125532149e+00,2.450485814264879991e-09
1.594348921866170832e+00,2.449630498446708771e-09
1.594371815973169904e+00,2.448783842368129626e-09
1.594394706447682886e+00,2.447991809262362040e-09
1.594417593290862412e+00,2.447187563703323576e-09
1.594440476503860227e+00,2.446273406064847222e-09
1.594463356087827632e+00,2.445403879391960800e-09
1.594486232043915930e+00,2.444584090710577584e-09
1.594509104373275088e+00,2.443665936269212580e-09
1.594531973077054854e+00,2.442844593275594889e-09
1.594554838156404752e+00,2.441998381286225595e-09
1.594577699612473198e+00,2.441141955245029749e-09
1.594600557446408384e+00,2.440286639426858528e-09
1.594623411659357837e+00,2.439473512083623064e-09
1.594646262252468638e+00,2.438579782548799813e-09
1.594669109226887205e+00,2.437722690373789192e-09
1.594691952583759731e+00,2.436878476785864223e-09
1.594714792324231523e+00,2.436044033160555955e-09
1.594737628449447664e+00,2.435213808382741263e-09
1.594760460960551907e+00,2.434329182676719938e-09
1.594783289858688446e+00,2.433506951504682547e-09
1.594806115145000591e+00,2.432692269849212607e-09
1.594828936820630760e+00,2.431829404514473936e-09
1.594851754886721151e+00,2.430953660592649612e-09
1.594874569344413517e+00,2.430110557227749268e-09
1.594897380194848724e+00,2.429319412300401382e-09
1.594920187439167636e+00,2.428451661984354359e-09
1.594942991078509786e+00,2.427583911668307337e-09
1.594965791114015152e+00,2.426707057523458388e-09
1.594988587546822156e+00,2.425856848731200444e-09
1.595011380378069443e+00,2.425026401908780826e-09
1.595034169608894770e+00,2.424249689880753067e-09
1.595056955240435226e+00,2.423398148820865572e-09
1.595079737273827902e+00,2.422586797834469508e-09
1.595102515710208557e+00,2.421712164135669809e-09
1.595125290550713615e+00,2.420859290808152764e-09
1.595148061796477279e+00,2.420040390305189248e-09
1.595170829448634864e+00,2.419216604820917382e-09
1.595193593508320129e+00,2.418334643650155158e-09
1.595216353976666612e+00,2.417521960396129543e-09
1.595239110854807629e+00,2.416672417737686374e-09
1.595261864143874941e+00,2.415849298387229283e-09
1.595284613845000976e+00,2.415010413869822514e-09
1.595307359959317051e+00,2.414188626786994973e-09
1.595330102487953816e+00,2.413347077734329105e-09
1.595352841432041924e+00,2.412511523885996212e-09
1.595375576792710470e+00,2.411640220856270389e-09
1.595398308571089663e+00,2.410850186151947128e-09
1.595421036768307488e+00,2.410020183418737361e-09
1.595443761385492376e+00,2.409167754180430165e-09
1.595466482423771870e+00,2.408350407989701125e-09
1.595489199884273290e+00,2.407496646483764380e-09
1.595511913768122847e+00,2.406691068657096366e-09
1.595534624076446972e+00,2.405837085106554696e-09
1.595557330810370766e+00,2.405024623897134006e-09
1.595580033971019773e+00,2.404217935847441368e-09
1.595602733559517983e+00,2.403431453856796907e-09
1.595625429576989385e+00,2.402594345696229539e-09
1.595648122024557303e+00,2.401737253521218918e-09
1.595670810903345060e+00,2.400895260379343199e-09
1.595693496214474205e+00,2.400052157014442855e-09
1.595716177959067172e+00,2.399247023276984692e-09
1.595738856138245065e+00,2.398455434260426955e-09
1.595761530753128543e+00,2.397624543348797488e-09
1.595784201804838043e+00,2.396809639648722623e-09
1.595806869294492891e+00,2.395946330224774101e-09
1.595829533223212637e+00,2.395107223662762408e-09
1.595852193592115720e+00,2.394274556394293541e-09
1.595874850402319689e+00,2.393497178232451006e-09
1.595897503654943206e+00,2.392700260145375069e-09
1.595920153351102710e+00,2.391874698304263802e-09
1.595942799491914643e+00,2.391044029437239260e-09
1.595965442078495222e+00,2.390257769491199724e-09
1.595988081111959778e+00,2.389422881776681606e-09
1.596010716593423640e+00,2.388583775214669913e-09
1.596033348524000584e+00,2.387813502480184980e-09
1.596055976904804830e+00,2.386961961420297484e-09
1.596078601736949931e+00,2.386121078501446391e-09
1.596101223021548554e+00,2.385332154020147755e-09
1.596123840759712920e+00,2.384513253517184239e-09
1.596146454952555249e+00,2.383695241192640424e-09
1.596169065601185988e+00,2.382909869425020588e-09
1.596191672706716913e+00,2.382078090334971421e-09
1.596214276270257582e+00,2.381283614738549659e-09
1.596236876292917994e+00,2.380453612005339892e-09
1.596259472775807264e+00,2.379651808936955604e-09
1.596282065720034282e+00,2.378806707170610935e-09
1.596304655126706606e+00,2.378023333804435424e-09
1.596327240996932462e+00,2.377235741590766338e-09
1.596349823331818962e+00,2.376373098300632591e-09
1.596372402132472335e+00,2.375579288838025604e-09
1.596394977399998583e+00,2.374766605583999990e-09
1.596417549135503711e+00,2.373982121994799854e-09
1.596440117340092391e+00,2.373188534576797792e-09
1.596462682014869516e+00,2.372398721917079456e-09
1.596485243160938428e+00,2.371592700001201592e-09
1.596507800779403352e+00,2.370746043922622448e-09
1.596530354871366519e+00,2.369976437321952289e-09
1.596552905437931269e+00,2.369145324365717897e-09
1.596575452480198720e+00,2.368356621929024186e-09
1.596597995999270658e+00,2.367572804473638826e-09
1.596620535996248202e+00,2.366757900773563961e-09
1.596643072472230918e+00,2.365935447556921645e-09
1.596665605428319479e+00,2.365136975157611232e-09
1.596688134865613007e+00,2.364304529933747290e-09
1.596710660785210401e+00,2.363497841884054651e-09
1.596733183188209448e+00,2.362711359893410190e-09
1.596755702075708605e+00,2.361877582401916698e-09
1.596778217448804993e+00,2.361098871972444613e-09
1.596800729308595068e+00,2.360348583252402932e-09
1.596823237656175509e+00,2.359495709924885887e-09
1.596845742492642106e+00,2.358726325368820653e-09
1.596868243819089761e+00,2.357958051035780045e-09
1.596890741636613154e+00,2.357154027521346507e-09
1.596913235946306964e+00,2.356380424117787697e-09
1.596935726749264095e+00,2.355603268000550088e-09
1.596958214046578783e+00,2.354759498501834969e-09
1.596980697839342822e+00,2.353971240154351108e-09
1.597003178128648893e+00,2.353149231026918642e-09
1.597025654915588788e+00,2.352351868850632854e-09
1.597048128201252970e+00,2.351542738310286040e-09
1.597070597986732343e+00,2.350804439998910311e-09
1.597093064273117369e+00,2.349965111392293693e-09
1.597115527061497620e+00,2.349186623007426533e-09
1.597137986352961780e+00,2.348396366258498347e-09
1.597160442148598980e+00,2.347624539211778938e-09
1.597182894449496793e+00,2.346837613131924627e-09
1.597205343256743237e+00,2.346045580026157040e-09
1.597227788571425000e+00,2.345294625172300584e-09
1.597250230394628767e+00,2.344486604854978395e-09
1.597272668727441003e+00,2.343656380077163703e-09
1.597295103570947061e+00,2.342904537044887547e-09
1.597317534926231630e+00,2.342125160481600687e-09
1.597339962794379620e+00,2.341327354216105050e-09
1.597362387176475051e+00,2.340506233267092284e-09
1.597384808073601059e+00,2.339700877485029196e-09
1.597407225486841220e+00,2.338910620736101009e-09
1.597429639417277780e+00,2.338195859152847333e-09
1.597452049865992985e+00,2.337411819652857048e-09
1.597474456834067968e+00,2.336617122011830361e-09
1.597496860322583867e+00,2.335829751842766200e-09
1.597519260332621371e+00,2.335010407250592834e-09
1.597541656865260284e+00,2.334237692025453725e-09
1.597564049921580409e+00,2.333481408101079069e-09
1.597586439502660438e+00,2.332675830274411055e-09
1.597608825609578842e+00,2.331916659770172373e-09
1.597631208243413869e+00,2.331159931756587866e-09
1.597653587405242881e+00,2.330347692591772102e-09
1.597675963096142793e+00,2.329579196214126569e-09
1.597698335317190299e+00,2.328815140728579536e-09
1.597720704069461206e+00,2.328037984611341926e-09
1.597743069354031098e+00,2.327266157564622517e-09
1.597765431171974893e+00,2.326466574942287480e-09
1.597787789524366842e+00,2.325685866111371070e-09
1.597810144412281419e+00,2.324922476759638812e-09
1.597832495836791988e+00,2.324137327036623901e-09
1.597854843798971469e+00,2.323365722034509417e-09
1.597877188299892559e+00,2.322593450898580159e-09
1.597899529340626623e+00,2.321828063145403576e-09
1.597921866922245915e+00,2.321049352715931491e-09
1.597944201045820689e+00,2.320276193401582532e-09
1.597966531712422089e+00,2.319511249737615799e-09
1.597988858923119926e+00,2.318736092021822515e-09
1.598011182678983566e+00,2.318021552483173764e-09
1.598033502981082155e+00,2.317204872426259499e-09
1.598055819830484170e+00,2.316441927163737091e-09
1.598078133228257647e+00,2.315641456362982353e-09
1.598100443175469954e+00,2.314864744334954594e-09
1.598122749673188459e+00,2.314084035504038184e-09
1.598145052722479642e+00,2.313359281913562882e-09
1.598167352324409318e+00,2.312584124197769597e-09
1.598189648480042857e+00,2.311778768415706509e-09
1.598211941190445851e+00,2.311038471702886454e-09
1.598234230456682559e+00,2.310263758076303020e-09
1.598256516279817019e+00,2.309502145081410163e-09
1.598278798660912825e+00,2.308770730152787110e-09
1.598301077601033127e+00,2.308004898310400677e-09
1.598323353101240407e+00,2.307224633568694117e-09
1.598345625162596928e+00,2.306461244216961859e-09
1.598367893786164062e+00,2.305681867653674999e-09
1.598390158973003183e+00,2.304938018227176144e-09
1.598412420724174554e+00,2.304186175194899988e-09
1.598434679040738882e+00,2.303424340155402206e-09
1.598456933923755319e+00,2.302653401287102497e-09
1.598479185374283018e+00,2.301923318626108994e-09
1.598501433393380911e+00,2.301150381356364960e-09
1.598523677982107039e+00,2.300376777952806151e-09
1.598545919141519001e+00,2.299608281575160618e-09
1.598568156872673729e+00,2.298833567948577183e-09
1.598590391176628822e+00,2.298125023614261409e-09
1.598612622054439658e+00,2.297338541623616948e-09
1.598634849507162059e+00,2.296596024464747643e-09
1.598657073535851625e+00,2.295833745336040010e-09
1.598679294141562846e+00,2.295107437433330233e-09
1.598701511325349989e+00,2.294318512952031597e-09
1.598723725088267100e+00,2.293526479846264010e-09
1.598745935431366894e+00,2.292811718263010334e-09
1.598768142355702970e+00,2.292041445528525401e-09
1.598790345862326712e+00,2.291243639263029763e-09
1.598812545952291053e+00,2.290528655635171162e-09
1.598834742626646266e+00,2.289803013866276160e-09
1.598856935886443731e+00,2.289080702766455033e-09
1.598879125732733719e+00,2.288328637689573952e-09
1.598901312166566280e+00,2.287583678040050472e-09
1.598923495188990795e+00,2.286830946829354616e-09
1.598945674801055983e+00,2.286083100599967111e-09
1.598967851003810337e+00,2.285286848646705948e-09
1.598990023798301907e+00,2.284528344276282041e-09
1.599012193185578079e+00,2.283750299980624732e-09
1.599034359166686015e+00,2.283016886650557353e-09
1.599056521742672210e+00,2.282287692167983550e-09
1.599078680914582273e+00,2.281551836347261997e-09
1.599100836683462257e+00,2.280802435805640016e-09
1.599122989050356658e+00,2.280092559203694691e-09
1.599145138016310641e+00,2.279318733755530957e-09
1.599167283582368038e+00,2.278561783697341525e-09
1.599189425749572679e+00,2.277806609995991494e-09
1.599211564518967510e+00,2.277058985811208913e-09
1.599233699891595029e+00,2.276338006979017337e-09
1.599255831868497735e+00,2.275609478630258309e-09
1.599277960450717240e+00,2.274877619612425406e-09
1.599300085639294267e+00,2.274110233457804497e-09
1.599322207435270204e+00,2.273355059756454466e-09
1.599344325839685332e+00,2.272579902040661182e-09
1.599366440853578819e+00,2.271902888040244761e-09
1.599388552477990721e+00,2.271127952369056402e-09
1.599410660713959098e+00,2.270379217961249196e-09
1.599432765562522896e+00,2.269658239129057620e-09
1.599454867024719951e+00,2.268939036653705443e-09
1.599476965101587211e+00,2.268196075405626289e-09
1.599499059794161848e+00,2.267455556648201309e-09
1.599521151103480587e+00,2.266724585808788106e-09
1.599543239030579045e+00,2.265989174077276402e-09
1.599565323576492615e+00,2.265274856583232577e-09
1.599587404742256691e+00,2.264451737232775486e-09
1.599609482528905335e+00,2.263706111449437230e-09
1.599631556937473054e+00,2.263011777969836658e-09
1.599653627968993463e+00,2.262269482855572278e-09
1.599675695624499294e+00,2.261555387406133377e-09
1.599697759905023275e+00,2.260782894225599193e-09
1.599719820811597915e+00,2.260057696545914041e-09
1.599741878345254387e+00,2.259336939758327389e-09
1.599763932507024533e+00,2.258586873082890634e-09
1.599785983297938419e+00,2.257887432577376785e-09
1.599808030719026997e+00,2.257147357909161656e-09
1.599830074771319666e+00,2.256431708147488280e-09
1.599852115455845603e+00,2.255720721322518330e-09
1.599874152773634206e+00,2.254965325576563373e-09
1.599896186725713099e+00,2.254212594365867517e-09
1.599918217313111013e+00,2.253473185831467163e-09
1.599940244536855127e+00,2.252735109564696359e-09
1.599962268397972176e+00,2.252042774486540111e-09
1.599984288897488671e+00,2.251324904278817485e-09
1.600006306036431125e+00,2.250575503737195504e-09
1.600028319815824496e+00,2.249840536094893650e-09
1.600050330236694185e+00,2.249139541277145327e-09
1.600072337300065151e+00,2.248394137538411997e-09
1.600094341006960796e+00,2.247666275323467744e-09
1.600116341358405192e+00,2.246922869986178739e-09
1.600138338355421741e+00,2.246197228217283737e-09
1.600160331999032737e+00,2.245487129570733487e-09
1.600182322290261139e+00,2.244780583637862037e-09
1.600204309230128352e+00,2.244040731014251833e-09
1.600226292819655782e+00,2.243295549320123428e-09
1.600248273059864168e+00,2.242625418702459683e-09
1.600270249951774026e+00,2.241914653922094658e-09
1.600292223496405208e+00,2.241170138361781028e-09
1.600314193694777343e+00,2.240490015736895657e-09
1.600336160547909836e+00,2.239683993821017793e-09
1.600358124056820319e+00,2.238932150788741637e-09
1.600380084222527755e+00,2.238239149576770615e-09
1.600402041046049106e+00,2.237522833681282464e-09
1.600423994528402227e+00,2.236781204700832859e-09
1.600445944670603415e+00,2.236057783377987107e-09
1.600467891473668747e+00,2.235394314098471114e-09
1.600489834938614075e+00,2.234668006195761336e-09
1.600511775066455034e+00,2.233958351638420936e-09
1.600533711858206143e+00,2.233249363214895311e-09
1.600555645314881925e+00,2.232534157542431785e-09
1.600577575437495792e+00,2.231808515773536783e-09
1.600599502227062043e+00,2.231117512963010086e-09
1.600621425684593424e+00,2.230395423907793884e-09
1.600643345811102014e+00,2.229663120800751130e-09
1.600665262607600337e+00,2.228929263381473902e-09
1.600687176075099583e+00,2.228251583247242706e-09
1.600709086214611387e+00,2.227515727426521153e-09
1.600730993027146276e+00,2.226779871605799599e-09
1.600752896513714330e+00,2.226042683517448495e-09
1.600774796675325184e+00,2.225382322862401452e-09
1.600796693512988700e+00,2.224673778528085677e-09
1.600818587027713180e+00,2.223987660698867330e-09
1.600840477220507152e+00,2.223259798483923078e-09
1.600862364092378698e+00,2.222575901100753981e-09
1.600884247644335012e+00,2.221851591599488529e-09
1.600906127877383511e+00,2.221121730983099951e-09
1.600928004792530279e+00,2.220382100404094672e-09
1.600949878390781844e+00,2.219627814881164340e-09
1.600971748673143624e+00,2.218946137944044494e-09
1.600993615640620815e+00,2.218293992939379677e-09
1.601015479294218169e+00,2.217573680241002876e-09
1.601037339634939993e+00,2.216882677430476178e-09
1.601059196663789930e+00,2.216185013281801730e-09
1.601081050381771398e+00,2.215462258092770753e-09
1.601102900789887595e+00,2.214780359111045982e-09
1.601124747889140609e+00,2.214077587936458258e-09
1.601146591680532305e+00,2.213375260851080384e-09
1.601168432165064548e+00,2.212664940159925209e-09
1.601190269343738315e+00,2.211970828724929561e-09
1.601212103217554361e+00,2.211239635840911433e-09
1.601233933787512553e+00,2.210538863067768034e-09
1.601255761054612980e+00,2.209821658993860183e-09
1.601277585019854399e+00,2.209129101871099010e-09
1.601299405684236010e+00,2.208434546346893512e-09
1.601321223048756348e+00,2.207749316696094866e-09
1.601343037114412615e+00,2.206986593478177383e-09
1.601364847882202902e+00,2.206305138585662462e-09
1.601386655353123967e+00,2.205642557484566169e-09
1.601408459528172346e+00,2.204945337425101570e-09
1.601430260408344131e+00,2.204259885729697999e-09
1.601452057994634970e+00,2.203560445224184150e-09
1.601473852288040289e+00,2.202849680443819125e-09
1.601495643289554405e+00,2.202114268712307421e-09
1.601517431000171854e+00,2.201401283485893146e-09
1.601539215420886286e+00,2.200721826994822550e-09
1.601560996552691574e+00,2.200019277864839751e-09
1.601582774396580255e+00,2.199330939589572154e-09
1.601604548953544649e+00,2.198626614102749954e-09
1.601626320224577071e+00,2.197965587313888136e-09
1.601648088210669174e+00,2.197293014205570216e-09
1.601669852912812164e+00,2.196560489053922538e-09
1.601691614331996139e+00,2.195864823306692415e-09
1.601713372469212082e+00,2.195154502615537240e-09
1.601735127325449426e+00,2.194450843262529816e-09
1.601756878901697601e+00,2.193757175916744018e-09
1.601778627198945149e+00,2.193073500578179846e-09
1.601800372218181279e+00,2.192422465796539655e-09
1.601822113960393423e+00,2.191728798450753857e-09
1.601843852426569015e+00,2.191033132703523734e-09
1.601865587617695930e+00,2.190313042049751857e-09
1.601887319534760268e+00,2.189616710168706959e-09
1.601909048178747907e+00,2.188964121074832292e-09
1.601930773550645615e+00,2.188252246071442642e-09
1.601952495651437935e+00,2.187566572331434145e-09
1.601974214482109860e+00,2.186906211676387102e-09
1.601995930043646155e+00,2.186201442100355052e-09
1.602017642337030257e+00,2.185519987207840131e-09
1.602039351363246489e+00,2.184803671312351980e-09
1.602061057123277399e+00,2.184124880955096160e-09
1.602082759618105978e+00,2.183429437252470962e-09
1.602104458848714108e+00,2.182748204404560965e-09
1.602126154816083670e+00,2.182046099363788016e-09
1.602147847521196100e+00,2.181375746701519347e-09
1.602169536965032393e+00,2.180672531437721773e-09
1.602191223148572652e+00,2.180017277808588005e-09
1.602212906072797205e+00,2.179305624849803280e-09
1.602234585738685491e+00,2.178658364826446814e-09
1.602256262147216725e+00,2.178031754951348375e-09
1.602277935299369682e+00,2.177323654706242451e-09
1.602299605196122245e+00,2.176612445836667575e-09
1.602321271838452521e+00,2.175927438230473854e-09
1.602342935227337728e+00,2.175223556832861505e-09
1.602364595363754640e+00,2.174547875100074634e-09
1.602386252248680254e+00,2.173857316378757787e-09
1.602407905883090233e+00,2.173210722489216096e-09
1.602429556267960242e+00,2.172512836295936722e-09
1.602451203404265279e+00,2.171825164154483900e-09
1.602472847292980562e+00,2.171148594243277330e-09
1.602494487935079759e+00,2.170479129759428361e-09
1.602516125331537200e+00,2.169817880925961617e-09
1.602537759483325885e+00,2.169130430829113720e-09
1.602559390391419036e+00,2.168440538241611648e-09
1.602581018056789208e+00,2.167755752680022852e-09
1.602602642480408734e+00,2.167097390426420134e-09
1.602624263663248616e+00,2.166434587280718915e-09
1.602645881606280520e+00,2.165747359228475943e-09
1.602667496310475448e+00,2.165064127979121622e-09
1.602689107776803290e+00,2.164377344016088500e-09
1.602710716006234160e+00,2.163700996149486855e-09
1.602732320999737281e+00,2.163057510884414114e-09
1.602753922758282101e+00,2.162414913797761074e-09
1.602775521282837179e+00,2.161716139426062000e-09
1.602797116574370628e+00,2.161082424123605961e-09
1.602818708633849898e+00,2.160386314287165987e-09
1.602840297462242436e+00,2.159704637350046141e-09
1.602861883060515469e+00,2.159002532309273192e-09
1.602883465429635113e+00,2.158343281877250774e-09
1.602905044570567483e+00,2.157659606538686603e-09
1.602926620484277809e+00,2.156986145251948983e-09
1.602948193171731983e+00,2.156332890024259541e-09
1.602969762633893680e+00,2.155645217882806719e-09
1.602991328871727905e+00,2.155002620796153678e-09
1.603012891886198554e+00,2.154385336794462091e-09
1.603034451678268635e+00,2.153670131121998566e-09
1.603056008248901154e+00,2.152990452586323045e-09
1.603077561599058898e+00,2.152293898660673221e-09
1.603099111729703985e+00,2.151647082726526605e-09
1.603120658641797869e+00,2.150961408986518109e-09
1.603142202336301780e+00,2.150322142568938943e-09
1.603163742814176729e+00,2.149683542285174553e-09
1.603185280076383057e+00,2.149011191221461559e-09
1.603206814123880886e+00,2.148306199600824584e-09
1.603228344957629226e+00,2.147662270246541993e-09
1.603249872578587532e+00,2.146984368067705873e-09
1.603271396987714814e+00,2.146325561724893305e-09
1.603292918185968530e+00,2.145658983820908361e-09
1.603314436174307245e+00,2.144987520935615066e-09
1.603335950953687528e+00,2.144306954221519845e-09
1.603357462525067278e+00,2.143676791632742606e-09
1.603378970889402177e+00,2.143021315959003914e-09
1.603400476047649015e+00,2.142374055935647448e-09
1.603421978000763248e+00,2.141690158552478351e-09
1.603443476749699892e+00,2.141030686075851008e-09
1.603464972295413515e+00,2.140378319026581266e-09
1.603486464638859577e+00,2.139732613315459275e-09
1.603507953780990869e+00,2.139092236674855485e-09
1.603529439722761518e+00,2.138431209885993667e-09
1.603550922465124762e+00,2.137708232652357765e-09
1.603572402009032727e+00,2.137078958242000226e-09
1.603593878355437985e+00,2.136395282903436055e-09
1.603615351505292663e+00,2.135739807229697362e-09
1.603636821459547779e+00,2.135135179770486502e-09
1.603658288219154571e+00,2.134463938929798132e-09
1.603679751785063390e+00,2.133831333850366718e-09
1.603701212158224365e+00,2.133161647321912824e-09
1.603722669339587181e+00,2.132511722763297257e-09
1.603744123330101523e+00,2.131806509098055358e-09
1.603765574130715743e+00,2.131198106880560772e-09
1.603787021742379082e+00,2.130548626411155055e-09
1.603808466166038560e+00,2.129858733823652983e-09
1.603829907402642307e+00,2.129203036105309366e-09
1.603851345453137123e+00,2.128564879910754826e-09
1.603872780318470248e+00,2.127960474496148890e-09
1.603894211999588038e+00,2.127280795960473370e-09
1.603915640497435957e+00,2.126571141403132970e-09
1.603937065812959695e+00,2.125936982011467080e-09
1.603958487947104716e+00,2.125274844999580637e-09
1.603979906900814933e+00,2.124647568990667423e-09
1.604001322675034702e+00,2.124027398409111811e-09
1.604022735270708377e+00,2.123408560095185749e-09
1.604044144688779205e+00,2.122690467842858197e-09
1.604065550930189765e+00,2.122041653507267256e-09
1.604086953995882636e+00,2.121407716160206292e-09
1.604108353886800398e+00,2.120796427362847680e-09
1.604129750603884297e+00,2.120103870240086508e-09
1.604151144148075581e+00,2.119429742819534113e-09
1.604172534520315940e+00,2.118796249561682998e-09
1.604193921721544625e+00,2.118166309017510684e-09
1.604215305752702658e+00,2.117513941968240943e-09
1.604236686614728846e+00,2.116894437520500105e-09
1.604258064308563103e+00,2.116279596009462693e-09
1.604279438835143790e+00,2.115642550037932779e-09
1.604300810195409488e+00,2.114974861910923210e-09
1.604322178390297893e+00,2.114345143411355821e-09
1.604343543420746920e+00,2.113718977625467232e-09
1.604364905287693155e+00,2.113023089833632184e-09
1.604386263992073625e+00,2.112381825014608694e-09
1.604407619534824692e+00,2.111718799824302550e-09
1.604428971916882052e+00,2.111054220321761932e-09
1.604450321139181179e+00,2.110412289368923666e-09
1.604471667202656882e+00,2.109759922319653924e-09
1.604493010108244411e+00,2.109153518503603664e-09
1.604514349856877242e+00,2.108552443758071604e-09
1.604535686449489740e+00,2.107904517600900363e-09
1.604557019887014935e+00,2.107268359807790148e-09
1.604578350170385637e+00,2.106617991159964731e-09
1.604599677300535099e+00,2.105982277456064367e-09
1.604621001278394798e+00,2.105337681967967001e-09
1.604642322104896657e+00,2.104688867632376059e-09
1.604663639780971929e+00,2.104089125154473550e-09
1.604684954307551648e+00,2.103441198997302308e-09
1.604706265685565958e+00,2.102776841539366615e-09
1.604727573915945449e+00,2.102143348281515500e-09
1.604748878999619599e+00,2.101521401343120488e-09
1.604770180937517221e+00,2.100875695631998497e-09
1.604791479730567794e+00,2.100240426017307982e-09
1.604812775379699241e+00,2.099608487071691343e-09
1.604834067885839710e+00,2.098980766973568279e-09
1.604855357249917125e+00,2.098357487767543716e-09
1.604876643472858078e+00,2.097691575997373548e-09
1.604897926555590049e+00,2.097061413408596309e-09
1.604919206499038964e+00,2.096427698106140269e-09
1.604940483304130749e+00,2.095818851799435834e-09
1.604961756971791331e+00,2.095165818616351316e-09
1.604983027502945081e+00,2.094525664020352451e-09
1.605004294898517481e+00,2.093894391208550587e-09
1.605025559159432902e+00,2.093270223824106324e-09
1.605046820286614828e+00,2.092645834395057136e-09
1.605068078280986743e+00,2.091984363516985468e-09
1.605089333143471908e+00,2.091356865463467329e-09
1.605110584874993140e+00,2.090704498414197587e-09
1.605131833476472591e+00,2.090072337423976023e-09
1.605153078948832190e+00,2.089474371302912914e-09
1.605174321292993200e+00,2.088895278973268432e-09
1.605195560509876884e+00,2.088258455046343443e-09
1.605216796600403839e+00,2.087609418666147576e-09
1.605238029565494440e+00,2.086951500501754708e-09
1.605259259406068395e+00,2.086347761220963548e-09
1.605280486123044970e+00,2.085725814282568535e-09
1.605301709717343650e+00,2.085099870541284872e-09
1.605322930189882591e+00,2.084443950778336330e-09
1.605344147541580391e+00,2.083796246665770013e-09
1.605365361773354538e+00,2.083192285340373928e-09
1.605386572886122520e+00,2.082583883122879342e-09
1.605407780880801383e+00,2.081966599121187755e-09
1.605428985758307947e+00,2.081352645788570044e-09
1.605450187519558147e+00,2.080692063088918076e-09
1.605471386165467917e+00,2.080058791875671886e-09
1.605492581696952303e+00,2.079442396052399999e-09
1.605513774114926795e+00,2.078834437924115264e-09
1.605534963420305550e+00,2.078191396748252373e-09
1.605556149614002948e+00,2.077578997727869137e-09
1.605577332696933146e+00,2.076975480491682902e-09
1.605598512670008526e+00,2.076343763590671188e-09
1.605619689534143246e+00,2.075737803863830777e-09
1.605640863290248799e+00,2.075120075772929340e-09
1.605662033939237787e+00,2.074509675153990429e-09
1.605683201482022371e+00,2.073872407137855589e-09
1.605704365919513599e+00,2.073274663061397405e-09
1.605725527252622076e+00,2.072607863112807536e-09
1.605746685482258851e+00,2.072006566322670551e-09
1.605767840609334085e+00,2.071374405332448987e-09
1.605788992634757273e+00,2.070734250736450122e-09
1.605810141559437687e+00,2.070099647255574382e-09
1.605831287384284822e+00,2.069503901580560523e-09
1.605852430110206619e+00,2.068902160701213688e-09
1.605873569738111684e+00,2.068313742498162355e-09
1.605894706268907735e+00,2.067723103849061772e-09
1.605915839703501602e+00,2.067101156910666759e-09
1.605936970042801226e+00,2.066454785065729993e-09
1.605958097287712327e+00,2.065856152810852109e-09
1.605979221439141513e+00,2.065213333679594143e-09
1.606000342497994282e+00,2.064610482577222683e-09
1.606021460465176132e+00,2.063969217758199193e-09
1.606042575341592116e+00,2.063336834723372704e-09
1.606063687128146622e+00,2.062705117822360990e-09
1.606084795825744038e+00,2.062110926459581606e-09
1.606105901435288308e+00,2.061536497066640550e-09
1.606127003957682486e+00,2.060936088454923265e-09
1.606148103393829407e+00,2.060309922669034677e-09
1.606169199744632126e+00,2.059681758481701763e-09
1.606190293010992365e+00,2.059030723700061571e-09
1.606211383193812514e+00,2.058401893378913883e-09
1.606232470293993631e+00,2.057816805844936425e-09
1.606253554312436549e+00,2.057234826935427918e-09
1.606274635250042548e+00,2.056626868807143182e-09
1.606295713107711132e+00,2.056006254136377720e-09
1.606316787886342468e+00,2.055417169799511612e-09
1.606337859586835837e+00,2.054783454497055573e-09
1.606358928210090298e+00,2.054179271127054562e-09
1.606379993757004687e+00,2.053563985526807301e-09
1.606401056228477175e+00,2.052974235056126417e-09
1.606422115625405711e+00,2.052387815254519410e-09
1.606443171948687354e+00,2.051757874710347096e-09
1.606464225199219609e+00,2.051170122641110538e-09
1.606485275377899313e+00,2.050542846632197325e-09
1.606506322485622196e+00,2.049929337388789463e-09
1.606527366523284428e+00,2.049320713126689952e-09
1.606548407491781294e+00,2.048680336486086162e-09
1.606569445392008522e+00,2.048127001330612984e-09
1.606590480224860062e+00,2.047515490488649448e-09
1.606611511991230978e+00,2.046919522769030664e-09
1.606632540692014777e+00,2.046326441629275905e-09
1.606653566328104965e+00,2.045686731122486890e-09
1.606674588900394607e+00,2.045063451916462327e-09
1.606695608409776987e+00,2.044475921891830694e-09
1.606716624857144282e+00,2.043906599524802914e-09
1.606737638243388000e+00,2.043259561546051373e-09
1.606758648569400316e+00,2.042688684866789117e-09
1.606779655836072296e+00,2.042089386478096458e-09
1.606800660044294560e+00,2.041470770208775320e-09
1.606821661194957729e+00,2.040836610817109431e-09
1.606842659288951758e+00,2.040271951386785076e-09
1.606863654327166380e+00,2.039658220098772290e-09
1.606884646310490883e+00,2.039073354609399757e-09
1.606905635239813668e+00,2.038465840570324872e-09
1.606926621116024245e+00,2.037885638017655765e-09
1.606947603940009683e+00,2.037291446654876381e-09
1.606968583712658161e+00,2.036677271277653745e-09
1.606989560434857189e+00,2.036074198130677360e-09
1.607010534107493172e+00,2.035464907734763074e-09
1.607031504731452953e+00,2.034837631725849860e-09
1.607052472307622937e+00,2.034227453151515874e-09
1.607073436836888636e+00,2.033660795319747194e-09
1.607094398320135342e+00,2.033099022469286865e-09
1.607115356758248348e+00,2.032496837500730180e-09
1.607136312152111834e+00,2.031902424093345871e-09
1.607157264502610872e+00,2.031321777451466914e-09
1.607178213810628309e+00,2.030712709100157554e-09
1.607199160077048106e+00,2.030120960228032345e-09
1.607220103302753333e+00,2.029532542024981012e-09
1.607241043488626842e+00,2.028962997613348307e-09
1.607261980635550591e+00,2.028357037886507896e-09
1.607282914744406765e+00,2.027713996710645006e-09
1.607303845816077104e+00,2.027115142411162196e-09
1.607324773851442012e+00,2.026494083651186884e-09
1.607345698851383231e+00,2.025903667046691226e-09
1.607366620816780278e+00,2.025328349475330469e-09
1.607387539748513561e+00,2.024729717220452585e-09
1.607408455647463041e+00,2.024157064184350929e-09
1.607429368514507351e+00,2.023559098063287820e-09
1.607450278350525563e+00,2.023003098372555542e-09
1.607471185156396531e+00,2.022369605114704427e-09
1.607492088932997776e+00,2.021783185313097420e-09
1.607512989681207483e+00,2.021214084990674564e-09
1.607533887401902728e+00,2.020639877642338433e-09
1.607554782095960588e+00,2.020051237394682175e-09
1.607575673764257695e+00,2.019476141867926344e-09
1.607596562407670016e+00,2.018871292364110559e-09
1.607617448027073515e+00,2.018253564273209122e-09
1.607638330623343714e+00,2.017632505513233809e-09
1.607659210197355248e+00,2.017066069726070054e-09
1.607680086749983195e+00,2.016502964607980175e-09
1.607700960282101965e+00,2.015889899453782164e-09
1.607721830794585083e+00,2.015296152180212630e-09
1.607742698288306071e+00,2.014749034273677353e-09
1.607763562764138676e+00,2.014201028188722375e-09
1.607784424222955089e+00,2.013617717011584318e-09
1.607805282665627722e+00,2.013020194979731059e-09
1.607826138093028767e+00,2.012417343877359599e-09
1.607846990506030194e+00,2.011820265934716190e-09
1.607867839905502638e+00,2.011227628884171281e-09
1.607888686292317404e+00,2.010650757000576050e-09
1.607909529667345128e+00,2.010077881919869469e-09
1.607930370031455114e+00,2.009489907806027986e-09
1.607951207385518000e+00,2.008865074287768948e-09
1.607972041730403090e+00,2.008290200805618042e-09
1.607992873066978579e+00,2.007720434349380412e-09
1.608013701396114215e+00,2.007116250979379402e-09
1.608034526718677526e+00,2.006540267274203870e-09
1.608055349035536485e+00,2.005976051933089366e-09
1.608076168347558621e+00,2.005396959603444884e-09
1.608096984655611239e+00,2.004826971102602329e-09
1.608117797960560758e+00,2.004253207843476048e-09
1.608138608263274039e+00,2.003663457372795165e-09
1.608159415564616390e+00,2.003031518427178526e-09
1.608180219865454008e+00,2.002473076245792072e-09
1.608201021166651978e+00,2.001922183580973069e-09
1.608221819469075164e+00,2.001322219058465635e-09
1.608242614773587986e+00,2.000767107546153056e-09
1.608263407081054641e+00,2.000198451312940051e-09
1.608284196392338883e+00,1.999629128945912271e-09
1.608304982708304243e+00,1.999029608512614686e-09
1.608325766029813142e+00,1.998465837260710032e-09
1.608346546357728890e+00,1.997860099578474546e-09
1.608367323692913464e+00,1.997288556765397516e-09
1.608388098036228842e+00,1.996735443654529263e-09
1.608408869388536333e+00,1.996137033444256303e-09
1.608429637750697250e+00,1.995550835687254221e-09
1.608450403123572459e+00,1.994939324845290685e-09
1.608471165508022160e+00,1.994357345935782178e-09
1.608491924904906334e+00,1.993812004386086301e-09
1.608512681315084958e+00,1.993250453580230896e-09
1.608533434739416901e+00,1.992692677532659218e-09
1.608554185178761475e+00,1.992142228957050065e-09
1.608574932633976884e+00,1.991566023207269609e-09
1.608595677105921773e+00,1.990993592215772878e-09
1.608616418595453235e+00,1.990396958362339319e-09
1.608637157103429249e+00,1.989778786182228032e-09
1.608657892630706909e+00,1.989232556454112455e-09
1.608678625178142418e+00,1.988695874644008654e-09
1.608699354746592647e+00,1.988094355809266744e-09
1.608720081336913355e+00,1.987519926416325688e-09
1.608740804949960079e+00,1.986937059328397481e-09
1.608761525586587915e+00,1.986392828001726230e-09
1.608782243247651955e+00,1.985818176564180249e-09
1.608802957934006406e+00,1.985271058657644971e-09
1.608823669646505916e+00,1.984715947145332393e-09
1.608844378386003582e+00,1.984134412325033736e-09
1.608865084153353164e+00,1.983525788062934225e-09
1.608885786949407537e+00,1.982948028000919294e-09
1.608906486775019573e+00,1.982387809462693440e-09
1.608927183631041258e+00,1.981860453525996490e-09
1.608947877518324576e+00,1.981278030527278133e-09
1.608968568437721069e+00,1.980677399870955924e-09
1.608989256390082057e+00,1.980086983266460265e-09
1.609009941376258190e+00,1.979543640118208714e-09
1.609030623397099902e+00,1.978976094108020334e-09
1.609051302453457621e+00,1.978414765346769855e-09
1.609071978546180670e+00,1.977886299187048280e-09
1.609092651676118590e+00,1.977312313883317074e-09
1.609113321844120037e+00,1.976758978727843896e-09
1.609133989051033886e+00,1.976214525356567719e-09
1.609154653297708570e+00,1.975614560834060285e-09
1.609175314584991634e+00,1.975043240065588179e-09
1.609195972913731065e+00,1.974485464018016501e-09
1.609216628284773520e+00,1.973923691167556171e-09
1.609237280698965877e+00,1.973323726645048737e-09
1.609257930157155014e+00,1.972764174240637658e-09
1.609278576660186255e+00,1.972216390200287606e-09
1.609299220208906256e+00,1.971650842591543551e-09
1.609319860804159452e+00,1.971109941933946175e-09
1.609340498446791390e+00,1.970556606778472997e-09
1.609361133137646505e+00,1.970027030395726797e-09
1.609381764877569010e+00,1.969455709627254691e-09
1.609402393667402897e+00,1.968905705140855389e-09
1.609423019507991715e+00,1.968311735822680930e-09
1.609443642400178565e+00,1.967726648288703473e-09
1.609464262344806107e+00,1.967167539973502244e-09
1.609484879342717223e+00,1.966618867754732491e-09
1.609505493394753461e+00,1.966047102897050536e-09
1.609526104501756816e+00,1.965457574470974578e-09
1.609546712664568835e+00,1.964919560393241227e-09
1.609567317884030402e+00,1.964358231631990748e-09
1.609587920160981955e+00,1.963829321383059323e-09
1.609608519496263934e+00,1.963235574109489789e-09
1.609629115890716555e+00,1.962725981741186843e-09
1.609649709345178703e+00,1.962165541158356064e-09
1.609670299860490150e+00,1.961581119758193381e-09
1.609690887437489337e+00,1.961027340513510353e-09
1.609711472077015371e+00,1.960504203424306979e-09
1.609732053779905803e+00,1.959940210127797400e-09
1.609752632546998630e+00,1.959388207239953772e-09
1.609773208379130960e+00,1.958853745875899222e-09
1.609793781277140345e+00,1.958277540126118765e-09
1.609814351241863228e+00,1.957711992517374711e-09
1.609834918274135607e+00,1.957182638179233436e-09
1.609855482374794367e+00,1.956619533061143557e-09
1.609876043544674173e+00,1.956034889616375949e-09
1.609896601784611025e+00,1.955463568847903844e-09
1.609917157095439366e+00,1.954893136257851438e-09
1.609937709477993861e+00,1.954352457644858987e-09
1.609958258933108732e+00,1.953846862079444691e-09
1.609978805461617757e+00,1.953302186663563589e-09
1.609999349064354490e+00,1.952745520839016535e-09
1.610019889742152044e+00,1.952156880591360277e-09
1.610040427495843307e+00,1.951617090156787526e-09
1.610060962326260503e+00,1.951094619201398928e-09
1.610081494234235633e+00,1.950535288841592774e-09
1.610102023220600698e+00,1.949966410563774843e-09
1.610122549286186810e+00,1.949397754330561838e-09
1.610143072431824862e+00,1.948839312149175385e-09
1.610163592658345966e+00,1.948296191045528758e-09
1.610184109966580124e+00,1.947782601874337161e-09
1.610204624357356895e+00,1.947268568613935713e-09
1.610225135831506282e+00,1.946744987435522489e-09
1.610245644389857622e+00,1.946181882317432610e-09
1.610266150033239585e+00,1.945627658983539732e-09
1.610286652762480841e+00,1.945052563456783901e-09
1.610307152578408951e+00,1.944519434360358900e-09
1.610327649481852585e+00,1.943960548089762597e-09
1.610348143473638860e+00,1.943412319960202694e-09
1.610368634554594447e+00,1.942815908151374060e-09
1.610389122725546907e+00,1.942288330170072186e-09
1.610409607987321801e+00,1.941715011000155755e-09
1.610430090340746023e+00,1.941168781272040178e-09
1.610450569786644248e+00,1.940644533959812179e-09
1.610471046325842925e+00,1.940088978358289751e-09
1.610491519959166284e+00,1.939580718257616354e-09
1.610511990687438999e+00,1.939056915034598205e-09
1.610532458511485965e+00,1.938516902555420529e-09
1.610552923432130745e+00,1.937977778254662553e-09
1.610573385450196682e+00,1.937418225850251474e-09
1.610593844566507560e+00,1.936829585602595216e-09
1.610614300781885611e+00,1.936324878215600620e-09
1.610634754097153953e+00,1.935773097372361917e-09
1.610655204513134153e+00,1.935222426752147840e-09
1.610675652030648664e+00,1.934712834383844893e-09
1.610696096650518827e+00,1.934193027963715394e-09
1.610716538373565765e+00,1.933658788644265769e-09
1.610736977200610376e+00,1.933113225049964967e-09
1.610757413132472671e+00,1.932525472980728409e-09
1.610777846169972882e+00,1.931986792769180283e-09
1.610798276313931021e+00,1.931429016721608605e-09
1.610818703565166654e+00,1.930885673573357053e-09
1.610839127924498015e+00,1.930305248976083021e-09
1.610859549392744672e+00,1.929827408986284354e-09
1.610879967970724636e+00,1.929316706394956782e-09
1.610900383659255919e+00,1.928758708302780178e-09
1.610920796459156090e+00,1.928224913072540403e-09
1.610941206371242496e+00,1.927675352675350950e-09
1.610961613396332037e+00,1.927139114954457000e-09
1.610982017535241839e+00,1.926593107270946348e-09
1.611002418788787471e+00,1.926067971780298649e-09
1.611022817157785392e+00,1.925536396996108124e-09
1.611043212643050948e+00,1.925020587378867276e-09
1.611063605245399266e+00,1.924423065347014017e-09
1.611083994965645472e+00,1.923893266919662892e-09
1.611104381804603802e+00,1.923386339086619046e-09
1.611124765763088940e+00,1.922847880919675845e-09
1.611145146841914455e+00,1.922312753421806519e-09
1.611165525041893476e+00,1.921759196221728416e-09
1.611185900363840018e+00,1.921210301958353739e-09
1.611206272808566098e+00,1.920660741561164286e-09
1.611226642376884621e+00,1.920156034174169690e-09
1.611247009069607605e+00,1.919650882697965244e-09
1.611267372887546845e+00,1.919127523564156945e-09
1.611287733831513913e+00,1.918589287441818669e-09
1.611308091902319717e+00,1.918056602434603519e-09
1.611328447100775385e+00,1.917520808802919419e-09
1.611348799427690714e+00,1.916956149372595064e-09
1.611369148883875946e+00,1.916425462766824239e-09
1.611389495470141320e+00,1.915884118020017013e-09
1.611409839187295745e+00,1.915355873904900363e-09
1.611430180036148352e+00,1.914857383766843668e-09
1.611450518017508049e+00,1.914330693963961494e-09
1.611470853132182413e+00,1.913792235797018293e-09
1.611491185380980795e+00,1.913262881458877018e-09
1.611511514764709663e+00,1.912716429686156516e-09
1.611531841284177036e+00,1.912179525831447791e-09
1.611552164940189824e+00,1.911622860006900737e-09
1.611572485733554272e+00,1.911120151021350466e-09
1.611592803665077067e+00,1.910588798281764866e-09
1.611613118735564232e+00,1.910045455133513315e-09
1.611633430945821344e+00,1.909535640720605443e-09
1.611653740296653314e+00,1.908980751252897790e-09
1.611674046788865500e+00,1.908496471969556296e-09
1.611694350423262589e+00,1.907952906776699820e-09
1.611714651200648163e+00,1.907433322401175246e-09
1.611734949121827132e+00,1.906927282746551100e-09
1.611755244187602409e+00,1.906357294245708545e-09
1.611775536398777575e+00,1.905817059721925943e-09
1.611795825756155098e+00,1.905307245309018072e-09
1.611816112260538336e+00,1.904762791937741895e-09
1.611836395912728870e+00,1.904244539829846872e-09
1.611856676713528724e+00,1.903722512963668123e-09
1.611876954663739481e+00,1.903230018029944404e-09
1.611897229764162276e+00,1.902712432055864156e-09
1.611917502015598247e+00,1.902179969093253931e-09
1.611937771418847865e+00,1.901644841595384605e-09
1.611958037974711377e+00,1.901130808334983158e-09
1.611978301683988590e+00,1.900613666450112760e-09
1.611998562547478864e+00,1.900084090067366560e-09
1.612018820565981336e+00,1.899527646287424432e-09
1.612039075740295369e+00,1.898984969272987655e-09
1.612059328071219433e+00,1.898486035045721110e-09
1.612079577559551113e+00,1.897941581674444933e-09
1.612099824206088661e+00,1.897455526034264039e-09
1.612120068011629881e+00,1.896937940060183792e-09
1.612140308976971248e+00,1.896390600109043589e-09
1.612160547102910124e+00,1.895889445435727794e-09
1.612180782390243206e+00,1.895382961691893797e-09
1.612201014839766078e+00,1.894846279881789997e-09
1.612221244452274771e+00,1.894350010189782552e-09
1.612241471228565093e+00,1.893830425814257978e-09
1.612261695169432185e+00,1.893290635379685227e-09
1.612281916275670079e+00,1.892754175614186352e-09
1.612302134548074584e+00,1.892236811684711029e-09
1.612322349987438841e+00,1.891733214520741058e-09
1.612342562594557327e+00,1.891230061445980937e-09
1.612362772370222963e+00,1.890672507443014183e-09
1.612382979315229337e+00,1.890168022100624512e-09
1.612403183430368925e+00,1.889658207687716640e-09
1.612423384716434649e+00,1.889123080189847315e-09
1.612443583174218542e+00,1.888606826483396617e-09
1.612463778804512415e+00,1.888106115899290671e-09
1.612483971608107636e+00,1.887591194460469524e-09
1.612504161585795570e+00,1.887087375251894628e-09
1.612524348738366919e+00,1.886572009723863630e-09
1.612544533066612384e+00,1.886056200106622782e-09
1.612564714571321556e+00,1.885529066214530758e-09
1.612584893253285356e+00,1.884981282174180706e-09
1.612605069113292267e+00,1.884460587575631507e-09
1.612625242152132099e+00,1.883975642158475239e-09
1.612645412370593112e+00,1.883458278228999916e-09
1.612665579769464674e+00,1.882971112365794397e-09
1.612685744349534156e+00,1.882422662191629570e-09
1.612705906111589815e+00,1.881953037852213129e-09
1.612726065056419023e+00,1.881392597269382350e-09
1.612746221184809370e+00,1.880866573600314950e-09
1.612766374497547117e+00,1.880358313499641554e-09
1.612786524995419413e+00,1.879859157227770083e-09
1.612806672679211850e+00,1.879362665491157713e-09
1.612826817549710690e+00,1.878834865465250914e-09
1.612846959607701525e+00,1.878302402502640689e-09
1.612867098853969505e+00,1.877808131212077569e-09
1.612887235289299559e+00,1.877284772078269270e-09
1.612907368914475725e+00,1.876804267553211503e-09
1.612927499730283154e+00,1.876295563363328256e-09
1.612947627737505218e+00,1.875819499730368989e-09
1.612967752936925514e+00,1.875255506433859409e-09
1.612987875329327414e+00,1.874723487560459034e-09
1.613007994915493626e+00,1.874233879206599340e-09
1.613028111696206857e+00,1.873732946577888470e-09
1.613048225672249814e+00,1.873213806291573746e-09
1.613068336844403650e+00,1.872685562176457097e-09
1.613088445213450628e+00,1.872166421890142374e-09
1.613108550780171679e+00,1.871682586696010731e-09
1.613128653545347735e+00,1.871184984736373735e-09
1.613148753509759725e+00,1.870669841252947663e-09
1.613168850674187915e+00,1.870157806393990541e-09
1.613188945039412125e+00,1.869659760345143695e-09
1.613209036606211955e+00,1.869143062549483147e-09
1.613229125375366779e+00,1.868634580404204826e-09
1.613249211347655976e+00,1.868127652571160979e-09
1.613269294523857589e+00,1.867625609719425483e-09
1.613289374904750550e+00,1.867148879952651441e-09
1.613309452491112461e+00,1.866617749257670766e-09
1.613329527283721143e+00,1.866086174473480241e-09
1.613349599283354419e+00,1.865606114037632324e-09
1.613369668490788555e+00,1.865126275646389331e-09
1.613389734906800932e+00,1.864601362200346557e-09
1.613409798532167594e+00,1.864079113289562883e-09
1.613429859367664809e+00,1.863600163076739591e-09
1.613449917414068624e+00,1.863083465281079043e-09
1.613469972672153752e+00,1.862602183599904038e-09
1.613490025142695794e+00,1.862095810878372504e-09
1.613510074826469465e+00,1.861579557171921806e-09
1.613530121724249256e+00,1.861073295472692735e-09
1.613550165836808992e+00,1.860574139200821264e-09
1.613570207164923165e+00,1.860075760085067031e-09
1.613590245709364490e+00,1.859543408144759269e-09
1.613610281470907015e+00,1.859058018638393150e-09
1.613630314450322789e+00,1.858554976585935492e-09
1.613650344648384749e+00,1.858072362637130936e-09
1.613670372065865166e+00,1.857570319785395441e-09
1.613690396703535423e+00,1.857052844833617655e-09
1.613710418562167792e+00,1.856563125457455499e-09
1.613730437642532989e+00,1.856082953999305118e-09
1.613750453945402397e+00,1.855588349641834611e-09
1.613770467471546066e+00,1.855095188574296117e-09
1.613790478221734936e+00,1.854601139328337922e-09
1.613810486196738170e+00,1.854078002239134548e-09
1.613830491397326261e+00,1.853565745335572501e-09
1.613850493824268151e+00,1.853045050737023303e-09
1.613870493478332779e+00,1.852519915246375604e-09
1.613890490360288643e+00,1.852052067263798563e-09
1.613910484470904461e+00,1.851600872626590899e-09
1.613930475810948284e+00,1.851074848957523500e-09
1.613950464381187500e+00,1.850561703875541752e-09
1.613970450182389937e+00,1.850061326358343194e-09
1.613990433215322540e+00,1.849576380941186926e-09
1.614010413480751804e+00,1.849100539352832584e-09
1.614030390979444229e+00,1.848607378285294089e-09
1.614050365712166535e+00,1.848090680489633542e-09
1.614070337679683886e+00,1.847590969106249759e-09
1.614090306882762116e+00,1.847102915064624540e-09
1.614110273322166389e+00,1.846634178903627799e-09
1.614130236998661427e+00,1.846152342110940481e-09
1.614150197913011731e+00,1.845636976582909483e-09
1.614170156065981798e+00,1.845107289177860821e-09
1.614190111458335020e+00,1.844622343760704553e-09
1.614210064090835672e+00,1.844173813658755989e-09
1.614230013964246702e+00,1.843690089486926809e-09
1.614249961079330831e+00,1.843170283066797310e-09
1.614269905436850783e+00,1.842702435084220269e-09
1.614289847037569503e+00,1.842200392232484774e-09
1.614309785882248161e+00,1.841692909287928615e-09
1.614329721971649034e+00,1.841158336901571602e-09
1.614349655306533293e+00,1.840681496112495097e-09
1.614369585887661662e+00,1.840185892554302427e-09
1.614389513715795532e+00,1.839710050965948085e-09
1.614409438791694962e+00,1.839214114340848027e-09
1.614429361116120010e+00,1.838701746414983518e-09
1.614449280689830735e+00,1.838202257076204660e-09
1.614469197513586529e+00,1.837740404297960595e-09
1.614489111588146564e+00,1.837280438898858392e-09
1.614509022914269565e+00,1.836809260247207476e-09
1.614528931492714037e+00,1.836294338808386328e-09
1.614548837324238484e+00,1.835777196923515930e-09
1.614568740409600967e+00,1.835309682007846277e-09
1.614588640749558435e+00,1.834826957036739259e-09
1.614608538344868727e+00,1.834331464500849052e-09
1.614628433196288571e+00,1.833871610124049312e-09
1.614648325304574472e+00,1.833362128778048827e-09
1.614668214670483382e+00,1.832847873473042455e-09
1.614688101294770917e+00,1.832350604580312847e-09
1.614707985178192695e+00,1.831885421132994907e-09
1.614727866321504557e+00,1.831403917407214976e-09
1.614747744725461231e+00,1.830913198830330657e-09
1.614767620390817449e+00,1.830435136795927065e-09
1.614787493318327938e+00,1.829955187382381609e-09
1.614807363508746985e+00,1.829463247560170203e-09
1.614827230962828208e+00,1.828958873240082994e-09
1.614847095681325007e+00,1.828442619533632296e-09
1.614866957664990776e+00,1.827957563094173565e-09
1.614886816914578471e+00,1.827478945948257660e-09
1.614906673430840600e+00,1.827011431032588007e-09
1.614926527214529672e+00,1.826538142957190303e-09
1.614946378266397531e+00,1.826033213525590782e-09
1.614966226587195797e+00,1.825606887884134721e-09
1.614986072177676091e+00,1.825097850627344087e-09
1.615005915038588924e+00,1.824598028221657842e-09
1.615025755170685695e+00,1.824147277673660028e-09
1.615045592574716693e+00,1.823671103018398298e-09
1.615065427251431540e+00,1.823155182378854988e-09
1.615085259201580525e+00,1.822674455809192295e-09
1.615105088425913049e+00,1.822214268365485168e-09
1.615124914925178290e+00,1.821752637631846028e-09
1.615144738700125426e+00,1.821241601973611068e-09
1.615164559751502527e+00,1.820745443303906086e-09
1.615184378080058103e+00,1.820281592124217696e-09
1.615204193686540224e+00,1.819803863156721491e-09
1.615224006571696291e+00,1.819298822702819507e-09
1.615243816736274152e+00,1.818832195965569554e-09
1.615263624181020097e+00,1.818344030901641872e-09
1.615283428906681751e+00,1.817856865038436354e-09
1.615303230914004740e+00,1.817363148859385547e-09
1.615323030203735799e+00,1.816896300077530668e-09
1.615342826776620111e+00,1.816440442503619579e-09
1.615362620633403745e+00,1.815942729521680121e-09
1.615382411774831439e+00,1.815469219401677492e-09
1.615402200201648597e+00,1.815000483240680751e-09
1.615421985914599512e+00,1.814525751875351034e-09
1.615441768914428478e+00,1.814075334394260608e-09
1.615461549201879343e+00,1.813559080687809910e-09
1.615481326777695958e+00,1.813080241497289080e-09
1.615501101642621729e+00,1.812592742567176174e-09
1.615520873797399615e+00,1.812148875401931036e-09
1.615540643242772356e+00,1.811638838944418239e-09
1.615560409979482248e+00,1.811155669884101371e-09
1.615580174008271586e+00,1.810690264392178506e-09
1.615599935329882442e+00,1.810213423603102001e-09
1.615619693945056001e+00,1.809745242553617572e-09
1.615639449854533671e+00,1.809253191709103703e-09
1.615659203059056415e+00,1.808801219915778802e-09
1.615678953559364528e+00,1.808315497342505296e-09
1.615698701356198530e+00,1.807848759582952880e-09
1.615718446450298718e+00,1.807355820560019311e-09
1.615738188842404277e+00,1.806847005347833601e-09
1.615757928533254839e+00,1.806401361825749063e-09
1.615777665523589812e+00,1.805968263823842790e-09
1.615797399814147273e+00,1.805475768890119070e-09
1.615817131405666185e+00,1.805021354606139994e-09
1.615836860298884847e+00,1.804530747051558137e-09
1.615856586494540892e+00,1.804057681020765358e-09
1.615876309993372173e+00,1.803600380156922256e-09
1.615896030796115657e+00,1.803125759813895002e-09
1.615915748903508531e+00,1.802643589954300296e-09
1.615935464316287096e+00,1.802178961618494668e-09
1.615955177035188317e+00,1.801706006610004351e-09
1.615974887060948051e+00,1.801258253664173026e-09
1.615994594394301709e+00,1.800778859362139883e-09
1.616014299035985147e+00,1.800280147179478263e-09
1.616034000986733554e+00,1.799814075553740622e-09
1.616053700247281455e+00,1.799325355378300628e-09
1.616073396818363817e+00,1.798871496205833864e-09
1.616093090700714718e+00,1.798393434171430272e-09
1.616112781895068018e+00,1.797924364943526143e-09
1.616132470402157573e+00,1.797441973039326513e-09
1.616152156222716352e+00,1.796977455725823347e-09
1.616171839357477991e+00,1.796491955197154766e-09
1.616191519807175236e+00,1.796062076842019906e-09
1.616211197572539948e+00,1.795587012409782801e-09
1.616230872654304651e+00,1.795146364891309076e-09
1.616250545053201426e+00,1.794649873154696706e-09
1.616270214769961466e+00,1.794201232030445681e-09
1.616289881805316409e+00,1.793731274624121852e-09
1.616309546159996779e+00,1.793244996939336033e-09
1.616329207834733328e+00,1.792800130573368733e-09
1.616348866830256581e+00,1.792317294579959253e-09
1.616368523147297065e+00,1.791849113530474824e-09
1.616388176786583530e+00,1.791366388559367806e-09
1.616407827748846504e+00,1.790876114071693337e-09
1.616427476034814292e+00,1.790436354731639312e-09
1.616447121645216090e+00,1.789985382139036574e-09
1.616466764580780424e+00,1.789511205885219169e-09
1.616486404842236269e+00,1.789058790002684418e-09
1.616506042430310375e+00,1.788601711183446241e-09
1.616525677345731493e+00,1.788110548517352072e-09
1.616545309589226598e+00,1.787646031203848906e-09
1.616564939161522441e+00,1.787185399670931929e-09
1.616584566063346440e+00,1.786741088416476941e-09
1.616604190295424681e+00,1.786300107831095829e-09
1.616623811858483695e+00,1.785835701539895126e-09
1.616643430753249122e+00,1.785337877535653206e-09
1.616663046980446383e+00,1.784908221225123270e-09
1.616682660540801342e+00,1.784455694320286057e-09
1.616702271435038529e+00,1.783993508475134604e-09
1.616721879663883144e+00,1.783483805084529195e-09
1.616741485228059272e+00,1.783005521005520677e-09
1.616761088128291224e+00,1.782558989305016439e-09
1.616780688365302421e+00,1.782100245151241324e-09
1.616800285939816950e+00,1.781630953878732271e-09
1.616819880852557789e+00,1.781180980486851695e-09
1.616839473104247915e+00,1.780683933638727012e-09
1.616859062695610305e+00,1.780225411529556823e-09
1.616878649627366604e+00,1.779780989252799372e-09
1.616898233900239568e+00,1.779321578965209483e-09
1.616917815514950618e+00,1.778863945034458993e-09
1.616937394472221401e+00,1.778390656959061289e-09
1.616956970772772895e+00,1.777926805779372899e-09
1.616976544417326300e+00,1.777472058428486434e-09
1.616996115406601930e+00,1.777046398920845149e-09
1.617015683741320542e+00,1.776598534952711361e-09
1.617035249422201559e+00,1.776149227694645560e-09
1.617054812449965295e+00,1.775677715976087256e-09
1.617074372825330508e+00,1.775230074052558393e-09
1.617093930549016623e+00,1.774771218876480816e-09
1.617113485621742841e+00,1.774347890837191244e-09
1.617133038044227478e+00,1.773858726572541400e-09
1.617152587817188625e+00,1.773390212456149584e-09
1.617172134941344375e+00,1.772923141629689781e-09
1.617191679417412375e+00,1.772446189818310813e-09
1.617211221246110275e+00,1.772013424883311927e-09
1.617230760428154612e+00,1.771539026584889598e-09
1.617250296964262812e+00,1.771066848732516519e-09
1.617269830855150969e+00,1.770618762719777806e-09
1.617289362101535399e+00,1.770164792525008579e-09
1.617308890704132196e+00,1.769714041977010766e-09
1.617328416663656787e+00,1.769278945573660167e-09
1.617347939980824822e+00,1.768837298854464279e-09
1.617367460656350842e+00,1.768380553102133490e-09
1.617386978690949828e+00,1.767920143613821438e-09
1.617406494085336544e+00,1.767498147842161416e-09
1.617426006840225083e+00,1.767018642517825811e-09
1.617445516956328877e+00,1.766546797732360119e-09
1.617465024434362242e+00,1.766108481682238107e-09
1.617484529275038163e+00,1.765661838959431407e-09
1.617504031479069404e+00,1.765215640325834556e-09
1.617523531047169172e+00,1.764729806730258588e-09
1.617543027980049564e+00,1.764268842130434223e-09
1.617562522278423121e+00,1.763808099575214783e-09
1.617582013943001495e+00,1.763383550290598123e-09
1.617601502974495897e+00,1.762930801341155984e-09
1.617620989373618423e+00,1.762450407838400679e-09
1.617640473141079172e+00,1.762034407271073633e-09
1.617659954277589796e+00,1.761590096016618645e-09
1.617679432783860172e+00,1.761141121825460232e-09
1.617698908660600621e+00,1.760681267448660492e-09
1.617718381908520575e+00,1.760208534484775100e-09
1.617737852528330356e+00,1.759745571483506410e-09
1.617757320520738729e+00,1.759311252236273049e-09
1.617776785886454904e+00,1.758851619904078234e-09
1.617796248626187205e+00,1.758429402087813287e-09
1.617815708740644620e+00,1.757970213844828322e-09
1.617835166230535027e+00,1.757551881809149563e-09
1.617854621096566081e+00,1.757095358101423699e-09
1.617874073339445884e+00,1.756614409487156081e-09
1.617893522959880981e+00,1.756175316280916832e-09
1.617912969958579028e+00,1.755698586514142789e-09
1.617932414336246350e+00,1.755240286449577525e-09
1.617951856093589713e+00,1.754795198039005300e-09
1.617971295231314555e+00,1.754352996208297100e-09
1.617990731750127420e+00,1.753931000436637078e-09
1.618010165650733745e+00,1.753464595743992049e-09
1.618029596933838743e+00,1.753016620753555799e-09
1.618049025600146962e+00,1.752584188885464300e-09
1.618068451650363837e+00,1.752125000642479336e-09
1.618087875085193472e+00,1.751664702176469746e-09
1.618107295905339749e+00,1.751255251924987988e-09
1.618126714111506992e+00,1.750827482993599915e-09
1.618146129704398417e+00,1.750341649398023947e-09
1.618165542684717462e+00,1.749911437975981698e-09
1.618184953053167341e+00,1.749460465383378960e-09
1.618204360810450382e+00,1.749011602214523009e-09
1.618223765957269134e+00,1.748564626424808921e-09
1.618243168494326145e+00,1.748130307177575560e-09
1.618262568422322412e+00,1.747707534249798300e-09
1.618281965741960482e+00,1.747244016137017297e-09
1.618301360453941129e+00,1.746792266388297321e-09
1.618320752558965125e+00,1.746346733888515246e-09
1.618340142057734132e+00,1.745926403451392162e-09
1.618359528950947590e+00,1.745480759929307624e-09
1.618378913239306494e+00,1.745027455868353172e-09
1.618398294923510061e+00,1.744568156603065745e-09
1.618417674004258400e+00,1.744086985944193202e-09
1.618437050482250505e+00,1.743670874354563693e-09
1.618456424358185597e+00,1.743253208452699710e-09
1.618475795632762226e+00,1.742814781380275235e-09
1.618495164306679390e+00,1.742389121872633950e-09
1.618514530380634531e+00,1.741944810618178963e-09
1.618533893855326200e+00,1.741501720609051063e-09
1.618553254731451840e+00,1.741046418146652286e-09
1.618572613009708894e+00,1.740600552579962823e-09
1.618591968690794136e+00,1.740149802031965010e-09
1.618611321775404788e+00,1.739698829439362271e-09
1.618630672264236958e+00,1.739254740229512208e-09
1.618650020157986980e+00,1.738829191744173386e-09
1.618669365457351184e+00,1.738394650452335100e-09
1.618688708163024792e+00,1.737948118751830862e-09
1.618708048275703471e+00,1.737504140564283261e-09
1.618727385796081997e+00,1.737065713491858787e-09
1.618746720724855592e+00,1.736610744096367398e-09
1.618766053062718591e+00,1.736186416856355663e-09
1.618785382810365325e+00,1.735773191846590180e-09
1.618804709968489908e+00,1.735299792748890013e-09
1.618824034537786005e+00,1.734875243464273353e-09
1.618843356518947063e+00,1.734442700573879392e-09
1.618862675912666083e+00,1.733981291884845177e-09
1.618881992719636065e+00,1.733550303306685691e-09
1.618901306940549567e+00,1.733131971271006933e-09
1.618920618576099146e+00,1.732697985090680959e-09
1.618939927626976694e+00,1.732265442200286998e-09
1.618959234093873656e+00,1.731846333008491001e-09
1.618978537977482146e+00,1.731389587256160212e-09
1.618997839278493167e+00,1.730931731280804797e-09
1.619017137997597056e+00,1.730489196383189210e-09
1.619036434135485703e+00,1.730047327619388398e-09
1.619055727692848334e+00,1.729585252796539407e-09
1.619075018670375510e+00,1.729164034180996623e-09
1.619094307068757121e+00,1.728722609506405661e-09
1.619113592888682618e+00,1.728311493920386965e-09
1.619132876130841447e+00,1.727886056457350605e-09
1.619152156795922393e+00,1.727474385759819597e-09
1.619171434884614236e+00,1.727012866048482920e-09
1.619190710397605759e+00,1.726612519625803088e-09
1.619209983335584413e+00,1.726165210769181613e-09
1.619229253699238980e+00,1.725716347600325662e-09
1.619248521489256243e+00,1.725269593855216499e-09
1.619267786706324097e+00,1.724825504645366436e-09
1.619287049351129548e+00,1.724402953762194102e-09
1.619306309424359158e+00,1.723980291856719305e-09
1.619325566926699933e+00,1.723574061252008960e-09
1.619344821858837324e+00,1.723132636577417998e-09
1.619364074221458116e+00,1.722704090489912687e-09
1.619383324015247316e+00,1.722270437376494101e-09
1.619402571240891042e+00,1.721817466382447037e-09
1.619421815899073858e+00,1.721351283734406934e-09
1.619441057990480992e+00,1.720940057126085776e-09
1.619460297515796787e+00,1.720512177172395241e-09
