# kappa, training_loss
0.000000000000000000e+00,2.498465776443481445e-01
3.459768928973513402e-01,2.433033287525177002e-01
4.392670793544951047e-01,2.432378828525543213e-01
4.954555379972339080e-01,2.372386753559112549e-01
5.357913993102262351e-01,2.317528724670410156e-01
5.672789104685340700e-01,2.323706895112991333e-01
5.931102292790526587e-01,2.326576113700866699e-01
6.150112931326130461e-01,2.277455776929855347e-01
6.340216459794901782e-01,2.282100468873977661e-01
6.508161600419836157e-01,2.243691682815551758e-01
6.658578846618153912e-01,2.244096249341964722e-01
6.794783561132732297e-01,2.196553051471710205e-01
6.919231208276525047e-01,2.150977253913879395e-01
7.033791206587758360e-01,2.167364209890365601e-01
7.139919758299098085e-01,2.137948274612426758e-01
7.238773319472707746e-01,2.093967944383621216e-01
7.331285610863922386e-01,2.139123976230621338e-01
7.418221382388717755e-01,2.050233781337738037e-01
7.500214874449637747e-01,2.069101035594940186e-01
7.577797922714620826e-01,2.091023325920104980e-01
7.651420882492380171e-01,2.031859159469604492e-01
7.721468467495533616e-01,2.022292017936706543e-01
7.788271917738393002e-01,1.997097432613372803e-01
7.852118472433436969e-01,1.988708078861236572e-01
7.913258833887013566e-01,1.931902766227722168e-01
7.971913112937561996e-01,1.883535832166671753e-01
8.028275612186811516e-01,1.933702081441879272e-01
8.082518709421588898e-01,1.937816441059112549e-01
8.134796037006279956e-01,1.892803460359573364e-01
8.185245105062981530e-01,1.873891204595565796e-01
8.233989481269167188e-01,1.856461912393569946e-01
8.281140614271055300e-01,1.830703914165496826e-01
8.326799368424521175e-01,1.809993982315063477e-01
8.371057323025777874e-01,1.832944750785827637e-01
8.413997878111193485e-01,1.794733107089996338e-01
8.455697200387194412e-01,1.838271021842956543e-01
8.496225036248209461e-01,1.704614907503128052e-01
8.535645413681895999e-01,1.719650030136108398e-01
8.574017250800395340e-01,1.722434163093566895e-01
8.611394885517903441e-01,1.698245406150817871e-01
8.647828538326878256e-01,1.675841957330703735e-01
8.683364718063639742e-01,1.693083643913269043e-01
8.718046578888993814e-01,1.668990552425384521e-01
8.751914235357411975e-01,1.605722159147262573e-01
8.785005041344305932e-01,1.637260913848876953e-01
8.817353837695073304e-01,1.601676493883132935e-01
8.848993172712700250e-01,1.586823910474777222e-01
8.879953498982122717e-01,1.590186953544616699e-01
8.910263349514923048e-01,1.572024971246719360e-01
8.939949495768086951e-01,1.530591547489166260e-01
8.969037089730028667e-01,1.562275439500808716e-01
8.997549791963597166e-01,1.517453044652938843e-01
9.025509887239356877e-01,1.488520354032516479e-01
9.052938389175020362e-01,1.483054608106613159e-01
9.079855135111951636e-01,1.477794498205184937e-01
9.106278872301805105e-01,1.496701985597610474e-01
9.132227336341262047e-01,1.466681957244873047e-01
9.157717322676753868e-01,1.495948433876037598e-01
9.182764751901208999e-01,1.418636292219161987e-01
9.207384729478547136e-01,1.448486596345901489e-01
9.231591600456988678e-01,1.378706693649291992e-01
9.255398999667429072e-01,1.429528892040252686e-01
9.278819897846701803e-01,1.357336938381195068e-01
9.301866644076385304e-01,1.375553160905838013e-01
9.324551004884792382e-01,1.347604542970657349e-01
9.346884200322113090e-01,1.356086879968643188e-01
9.368876937285596229e-01,1.370397359132766724e-01
9.390539440342541289e-01,1.299986839294433594e-01
9.411881480273230904e-01,1.343136727809906006e-01
9.432912400533232100e-01,1.338861435651779175e-01
9.453641141814481674e-01,1.281162351369857788e-01
9.474076264866718722e-01,1.222430989146232605e-01
9.494225971725094304e-01,1.307958960533142090e-01
9.514098125475676238e-01,1.261683404445648193e-01
9.533700268678054757e-01,1.224771812558174133e-01
9.553039640553077083e-01,1.236707344651222229e-01
9.572123193033730271e-01,1.208967119455337524e-01
9.590957605768208882e-01,1.181522756814956665e-01
9.609549300156224882e-01,1.148231104016304016e-01
9.627904452492327403e-01,1.183929145336151123e-01
9.646029006283590723e-01,1.208995357155799866e-01
9.663928683803102437e-01,1.186155229806900024e-01
9.681608996935460176e-01,1.153022795915603638e-01
9.699075257365726843e-01,1.124867424368858337e-01
9.716332586158936691e-01,1.125466004014015198e-01
9.733385922773408749e-01,1.097362861037254333e-01
9.750240033547533658e-01,1.069384142756462097e-01
9.766899519696535803e-01,1.092605143785476685e-01
9.783368824852761714e-01,1.086773350834846497e-01
9.799652242180425521e-01,1.089437901973724365e-01
9.815753921093287593e-01,1.060485243797302246e-01
9.831677873601589734e-01,1.068201735615730286e-01
9.847427980312516427e-01,1.016379296779632568e-01
9.863007996106629705e-01,9.993038326501846313e-02
9.878421555511067709e-01,1.002746522426605225e-01
9.893672177788732647e-01,1.022375524044036865e-01
9.908763271761280578e-01,1.002272292971611023e-01
9.923698140382470889e-01,9.888415783643722534e-02
9.938479985077210976e-01,9.685341268777847290e-02
9.953111909860552498e-01,9.609641134738922119e-02
9.967596925249904150e-01,9.530800580978393555e-02
9.981937951982788881e-01,9.438152611255645752e-02
9.996137824551629691e-01,8.939237892627716064e-02
1.001019929456627100e+00,9.164764732122421265e-02
1.002412503395420540e+00,9.168618172407150269e-02
1.003791763800781167e+00,9.144859015941619873e-02
1.005157962828732598e+00,9.017388522624969482e-02
1.006511345538761759e+00,9.044260531663894653e-02
1.007852150157640958e+00,9.370896965265274048e-02
1.009180608331102125e+00,8.826249837875366211e-02
1.010496945364029564e+00,9.039088338613510132e-02
1.011801380449793397e+00,8.803896605968475342e-02
1.013094126889307223e+00,9.198141843080520630e-02
1.014375392300359335e+00,8.513812720775604248e-02
1.015645378817729094e+00,8.113016933202743530e-02
1.016904283284572275e+00,8.368857949972152710e-02
1.018152297435527931e+00,8.037597686052322388e-02
1.019389608071973319e+00,7.772731035947799683e-02
1.020616397229826777e+00,8.049618452787399292e-02
1.021832842340276937e+00,7.830483466386795044e-02
1.023039116383791081e+00,7.835014164447784424e-02
1.024235388037739503e+00,7.810644805431365967e-02
1.025421821817947610e+00,7.687170058488845825e-02
1.026598578214477087e+00,7.765372842550277710e-02
1.027765813821913454e+00,7.796432822942733765e-02
1.028923681464423812e+00,7.264936715364456177e-02
1.030072330315837670e+00,7.496540993452072144e-02
1.031211906014984914e+00,7.169422507286071777e-02
1.032342550776512935e+00,7.078531384468078613e-02
1.033464403497396544e+00,7.224085927009582520e-02
1.034577599859337838e+00,7.140209525823593140e-02
1.035682272427244976e+00,7.064732164144515991e-02
1.036778550743970184e+00,7.204966247081756592e-02
1.037866561421475931e+00,7.020507752895355225e-02
1.038946428228586294e+00,6.674919277429580688e-02
1.040018272175482483e+00,6.760606914758682251e-02
1.041082211595079521e+00,6.449828296899795532e-02
1.042138362221425307e+00,6.684979051351547241e-02
1.043186837265251077e+00,6.588317453861236572e-02
1.044227747486796032e+00,6.511575728654861450e-02
1.045261201266022733e+00,6.425507366657257080e-02
1.046287304670338036e+00,6.499437987804412842e-02
1.047306161519918843e+00,6.274133175611495972e-02
1.048317873450751003e+00,6.253249198198318481e-02
1.049322539975469981e+00,6.188755482435226440e-02
1.050320258542100982e+00,6.056683883070945740e-02
1.051311124590778689e+00,6.133579835295677185e-02
1.052295231608534776e+00,5.810450389981269836e-02
1.053272671182228448e+00,5.880068615078926086e-02
1.054243533049695314e+00,5.941158533096313477e-02
1.055207905149188941e+00,6.069293618202209473e-02
1.056165873667177735e+00,5.967415869235992432e-02
1.057117523084568411e+00,6.913913786411285400e-02
1.058062936221412675e+00,6.091251224279403687e-02
1.059002194280159959e+00,5.973316729068756104e-02
1.059935376887510161e+00,5.765266716480255127e-02
1.060862562134923026e+00,5.765525624155998230e-02
1.061783826617832105e+00,5.533291399478912354e-02
1.062699245473616161e+00,5.427365005016326904e-02
1.063608892418372864e+00,5.160308629274368286e-02
1.064512839782540299e+00,5.360724776983261108e-02
1.065411158545409798e+00,5.384439975023269653e-02
1.066303918368570525e+00,6.009533628821372986e-02
1.067191187628326432e+00,5.102904513478279114e-02
1.068073033447120679e+00,5.249429121613502502e-02
1.068949521724007479e+00,5.078042298555374146e-02
1.069820717164202906e+00,5.183964595198631287e-02
1.070686683307748410e+00,5.146526545286178589e-02
1.071547482557320352e+00,4.934324324131011963e-02
1.072403176205213748e+00,5.249227955937385559e-02
1.073253824459531325e+00,5.449623242020606995e-02
1.074099486469603848e+00,4.828814044594764709e-02
1.074940220350671272e+00,4.807490855455398560e-02
1.075776083207847567e+00,4.984738677740097046e-02
1.076607131159395880e+00,4.862397164106369019e-02
1.077433419359337785e+00,4.785640537738800049e-02
1.078255002019416819e+00,5.378374084830284119e-02
1.079071932430442526e+00,4.681761935353279114e-02
1.079884262983032306e+00,4.459470510482788086e-02
1.080692045187772621e+00,5.476150661706924438e-02
1.081495329694818430e+00,4.387765750288963318e-02
1.082294166312951944e+00,4.307122901082038879e-02
1.083088604028113799e+00,4.278755187988281250e-02
1.083878691021429974e+00,4.559769481420516968e-02
1.084664474686744207e+00,4.393992945551872253e-02
1.085446001647679237e+00,4.419153928756713867e-02
1.086223317774235309e+00,4.061077535152435303e-02
1.086996468198945465e+00,4.155598953366279602e-02
1.087765497332600750e+00,3.985095396637916565e-02
1.088530448879556634e+00,3.818696737289428711e-02
1.089291365852637750e+00,4.089730978012084961e-02
1.090048290587650071e+00,4.297760501503944397e-02
1.090801264757515598e+00,4.213416203856468201e-02
1.091550329386040019e+00,4.202471673488616943e-02
1.092295524861322642e+00,4.258694127202033997e-02
1.093036890948825723e+00,4.026137664914131165e-02
1.093774466804105616e+00,4.248297214508056641e-02
1.094508290985222843e+00,3.965050727128982544e-02
1.095238401464837530e+00,3.854847326874732971e-02
1.095964835641999313e+00,3.737028688192367554e-02
1.096687630353643250e+00,4.503520578145980835e-02
1.097406821885798189e+00,3.812788799405097961e-02
1.098122445984518025e+00,3.703562170267105103e-02
1.098834537866542727e+00,3.699078038334846497e-02
1.099543132229696241e+00,3.730355575680732727e-02
1.100248263263033932e+00,3.445276618003845215e-02
1.100949964656738445e+00,3.460302203893661499e-02
1.101648269611780639e+00,3.685363009572029114e-02
1.102343210849344501e+00,3.241045400500297546e-02
1.103034820620026890e+00,3.314704447984695435e-02
1.103723130712820133e+00,3.400370478630065918e-02
1.104408172463877458e+00,3.444632142782211304e-02
1.105089976765075033e+00,3.427430987358093262e-02
1.105768574072369947e+00,3.745928034186363220e-02
1.106443994413963683e+00,3.401988372206687927e-02
1.107116267398275955e+00,3.472385928034782410e-02
1.107785422221732263e+00,3.219592571258544922e-02
1.108451487676372471e+00,3.252766653895378113e-02
1.109114492157284415e+00,3.188201412558555603e-02
1.109774463669867650e+00,3.112748079001903534e-02
1.110431429836931549e+00,3.020169585943222046e-02
1.111085417905633088e+00,3.093562461435794830e-02
1.111736454754256975e+00,3.252419456839561462e-02
1.112384566898843685e+00,3.025567904114723206e-02
1.113029780499671828e+00,3.132702410221099854e-02
1.113672121367591528e+00,2.895740419626235962e-02
1.114311614970221909e+00,3.409920260310173035e-02
1.114948286438008695e+00,4.735895991325378418e-02
1.115582160570151027e+00,3.020056709647178650e-02
1.116213261840397042e+00,3.092942200601100922e-02
1.116841614402713789e+00,2.797062881290912628e-02
1.117467242096834124e+00,2.823337167501449585e-02
1.118090168453684363e+00,2.940824441611766815e-02
1.118710416700694266e+00,2.932066284120082855e-02
1.119328009766994647e+00,2.869367413222789764e-02
1.119942970288502870e+00,2.941690385341644287e-02
1.120555320612901307e+00,2.595521509647369385e-02
1.121165082804510327e+00,2.806624211370944977e-02
1.121772278649059151e+00,2.668253146111965179e-02
1.122376929658354561e+00,2.665244229137897491e-02
1.122979057074856790e+00,2.839929051697254181e-02
1.123578681876155061e+00,2.880181744694709778e-02
1.124175824779354071e+00,2.707594260573387146e-02
1.124770506245368340e+00,2.570428699254989624e-02
1.125362746483129284e+00,2.522704750299453735e-02
1.125952565453706367e+00,2.615378983318805695e-02
1.126539982874342760e+00,2.455618977546691895e-02
1.127125018222411956e+00,2.612891420722007751e-02
1.127707690739291335e+00,2.558916434645652771e-02
1.128288019434160905e+00,2.750975079834461212e-02
1.128866023087723214e+00,2.427694387733936310e-02
1.129441720255850878e+00,2.472106181085109711e-02
1.130015129273160834e+00,2.497941814363002777e-02
1.130586268256517979e+00,2.375903353095054626e-02
1.131155155108470423e+00,2.384345605969429016e-02
1.131721807520615020e+00,2.294391952455043793e-02
1.132286242976900725e+00,2.309715189039707184e-02
1.132848478756863786e+00,2.276191674172878265e-02
1.133408531938802755e+00,2.462359145283699036e-02
1.133966419402891335e+00,2.416919916868209839e-02
1.134522157834230605e+00,3.122843429446220398e-02
1.135075763725843512e+00,2.367249876260757446e-02
1.135627253381612078e+00,2.587047219276428223e-02
1.136176642919158208e+00,4.036187008023262024e-02
1.136723948272670093e+00,4.422319307923316956e-02
1.137269185195675325e+00,3.946774825453758240e-02
1.137812369263761836e+00,2.921874821186065674e-02
1.138353515877247535e+00,2.371924929320812225e-02
1.138892640263799994e+00,2.231694199144840240e-02
1.139429757481007721e+00,2.343136817216873169e-02
1.139964882418904146e+00,2.284015342593193054e-02
1.140498029802443636e+00,2.265369519591331482e-02
1.141029214193932884e+00,1.942423544824123383e-02
1.141558449995417890e+00,2.024935744702816010e-02
1.142085751451026532e+00,2.073620818555355072e-02
1.142611132649269834e+00,2.083442918956279755e-02
1.143134607525298829e+00,2.080159634351730347e-02
1.143656189863124339e+00,1.924835331737995148e-02
1.144175893297793456e+00,2.000396512448787689e-02
1.144693731317528496e+00,1.955515332520008087e-02
1.145209717265827987e+00,1.932525448501110077e-02
1.145723864343529685e+00,1.968900859355926514e-02
1.146236185610836733e+00,2.041787095367908478e-02
1.146746693989307619e+00,2.042025141417980194e-02
1.147255402263813728e+00,1.837411709129810333e-02
1.147762323084457581e+00,1.782863028347492218e-02
1.148267468968463323e+00,1.797850616276264191e-02
1.148770852302029244e+00,1.803527958691120148e-02
1.149272485342150318e+00,1.812920346856117249e-02
1.149772380218410328e+00,1.782749220728874207e-02
1.150270548934740011e+00,1.894812285900115967e-02
1.150767003371147901e+00,1.844156906008720398e-02
1.151261755285419408e+00,1.767104864120483398e-02
1.151754816314788377e+00,1.816327869892120361e-02
1.152246197977578435e+00,1.780784502625465393e-02
1.152735911674818814e+00,1.909318380057811737e-02
1.153223968691831081e+00,1.767458580434322357e-02
1.153710380199788776e+00,1.879804395139217377e-02
1.154195157257252857e+00,1.733973808586597443e-02
1.154678310811679598e+00,1.832360215485095978e-02
1.155159851700904738e+00,1.650620438158512115e-02
1.155639790654600318e+00,1.597259938716888428e-02
1.156118138295711750e+00,1.747783832252025604e-02
1.156594905141866247e+00,1.673801429569721222e-02
1.157070101606762380e+00,1.508971489965915680e-02
1.157543738001533873e+00,1.531395129859447479e-02
1.158015824536091642e+00,1.575108617544174194e-02
1.158486371320445407e+00,1.649369299411773682e-02
1.158955388366002648e+00,1.480607409030199051e-02
1.159422885586845586e+00,1.441529393196105957e-02
1.159888872800989734e+00,1.509433053433895111e-02
1.160353359731621348e+00,1.771085336804389954e-02
1.160816356008313344e+00,1.492574159055948257e-02
1.161277871168224340e+00,1.667550392448902130e-02
1.161737914657277271e+00,1.513676252216100693e-02
1.162196495831318677e+00,1.600042358040809631e-02
1.162653623957261351e+00,1.499242987483739853e-02
1.163109308214207438e+00,1.432805322110652924e-02
1.163563557694553774e+00,1.488602068275213242e-02
1.164016381405082345e+00,1.404328737407922745e-02
1.164467788268029658e+00,1.429511420428752899e-02
1.164917787122142556e+00,1.395541056990623474e-02
1.165366386723716952e+00,1.387621834874153137e-02
1.165813595747619669e+00,1.450727786868810654e-02
1.166259422788295197e+00,1.445043832063674927e-02
1.166703876360756675e+00,1.428726315498352051e-02
1.167146964901561557e+00,2.409795112907886505e-02
1.167588696769772838e+00,1.999488472938537598e-02
1.168029080247904972e+00,1.517297234386205673e-02
1.168468123542856230e+00,1.986566185951232910e-02
1.168905834786824416e+00,1.703486405313014984e-02
1.169342222038214363e+00,1.437464263290166855e-02
1.169777293282524333e+00,1.380715612322092056e-02
1.170211056433225094e+00,1.206174213439226151e-02
1.170643519332622784e+00,1.357285026460886002e-02
1.171074689752709563e+00,1.260813884437084198e-02
1.171504575396002501e+00,1.300912816077470779e-02
1.171933183896367359e+00,1.279652491211891174e-02
1.172360522819834605e+00,1.301182154566049576e-02
1.172786599665398555e+00,1.311034522950649261e-02
1.173211421865807624e+00,1.336065772920846939e-02
1.173634996788343710e+00,1.471104752272367477e-02
1.174057331735586018e+00,1.266170293092727661e-02
1.174478433946168687e+00,1.222780067473649979e-02
1.174898310595524853e+00,1.141483057290315628e-02
1.175316968796619843e+00,1.257272157818078995e-02
1.175734415600674154e+00,1.151981949806213379e-02
1.176150657997875770e+00,1.251312810927629471e-02
1.176565702918084044e+00,1.246831752359867096e-02
1.176979557231519813e+00,1.182416547089815140e-02
1.177392227749449072e+00,1.196799799799919128e-02
1.177803721224855549e+00,1.154773775488138199e-02
1.178214044353103063e+00,1.165569107979536057e-02
1.178623203772589667e+00,1.227538846433162689e-02
1.179031206065392690e+00,1.085922308266162872e-02
1.179438057757902447e+00,1.150986179709434509e-02
1.179843765321450411e+00,1.095439400523900986e-02
1.180248335172924934e+00,1.034497842192649841e-02
1.180651773675381877e+00,1.081385090947151184e-02
1.181054087138645015e+00,1.102630794048309326e-02
1.181455281819896674e+00,1.104322914034128189e-02
1.181855363924263269e+00,1.085669826716184616e-02
1.182254339605390170e+00,1.119093038141727448e-02
1.182652214966009918e+00,1.115847285836935043e-02
1.183048996058502444e+00,9.925938211381435394e-03
1.183444688885447516e+00,1.193250250071287155e-02
1.183839299400169187e+00,1.074982434511184692e-02
1.184232833507273597e+00,1.189939398318529129e-02
1.184625297063179206e+00,1.703993044793605804e-02
1.185016695876639714e+00,9.783860296010971069e-03
1.185407035709258983e+00,1.347794663161039352e-02
1.185796322276000847e+00,1.016677450388669968e-02
1.186184561245692271e+00,9.613756090402603149e-03
1.186571758241515395e+00,1.136643998324871063e-02
1.186957918841499815e+00,1.086897961795330048e-02
1.187343048579001747e+00,1.191354170441627502e-02
1.187727152943182762e+00,1.024326588958501816e-02
1.188110237379476519e+00,1.022479590028524399e-02
1.188492307290052841e+00,8.943703956902027130e-03
1.188873368034276012e+00,9.763397276401519775e-03
1.189253424929154201e+00,9.633064270019531250e-03
1.189632483249785322e+00,9.603995829820632935e-03
1.190010548229796461e+00,1.101678889244794846e-02
1.190387625061777088e+00,1.023555640131235123e-02
1.190763718897707601e+00,9.483774192631244659e-03
1.191138834849380546e+00,9.966403245925903320e-03
1.191512977988818722e+00,9.109197184443473816e-03
1.191886153348686195e+00,9.020746685564517975e-03
1.192258365922693963e+00,8.362242951989173889e-03
1.192629620666002088e+00,9.528147988021373749e-03
1.192999922495613818e+00,8.866151794791221619e-03
1.193369276290768610e+00,8.914127945899963379e-03
1.193737686893325378e+00,9.063828736543655396e-03
1.194105159108145076e+00,9.246383793652057648e-03
1.194471697703466173e+00,8.790940046310424805e-03
1.194837307411275695e+00,8.979908190667629242e-03
1.195201992927676038e+00,8.141756989061832428e-03
1.195565758913247123e+00,8.950222283601760864e-03
1.195928609993402780e+00,8.585773408412933350e-03
1.196290550758744908e+00,8.986238390207290649e-03
1.196651585765411197e+00,8.454037830233573914e-03
1.197011719535419516e+00,8.079827763140201569e-03
1.197370956557006982e+00,8.203017525374889374e-03
1.197729301284967462e+00,8.955249562859535217e-03
1.198086758140980423e+00,7.510018534958362579e-03
1.198443331513940890e+00,7.563877385109663010e-03
1.198799025760280523e+00,8.051049895584583282e-03
1.199153845204289581e+00,8.237258531153202057e-03
1.199507794138428673e+00,7.314691785722970963e-03
1.199860876823644285e+00,7.685851305723190308e-03
1.200213097489674086e+00,6.707936991006135941e-03
1.200564460335351136e+00,7.803844753652811050e-03
1.200914969528905862e+00,8.867136202752590179e-03
1.201264629208260271e+00,8.217762224376201630e-03
1.201613443481323040e+00,8.127176202833652496e-03
1.201961416426278628e+00,6.717858836054801941e-03
1.202308552091872818e+00,9.161983616650104523e-03
1.202654854497695380e+00,7.106282282620668411e-03
1.203000327634460076e+00,7.026729639619588852e-03
1.203344975464280431e+00,6.703970022499561310e-03
1.203688801920941520e+00,7.419491652399301529e-03
1.204031810910170197e+00,7.067585363984107971e-03
1.204374006309901546e+00,7.950851693749427795e-03
1.204715391970540894e+00,7.678461726754903793e-03
1.205055971715224494e+00,7.555460557341575623e-03
1.205395749340076650e+00,6.188121624290943146e-03
1.205734728614462403e+00,6.756282411515712738e-03
1.206072913281240000e+00,6.848376709967851639e-03
1.206410307057008025e+00,7.259121164679527283e-03
1.206746913632350093e+00,6.567826028913259506e-03
1.207082736672078438e+00,6.851134356111288071e-03
1.207417779815471270e+00,6.542675197124481201e-03
1.207752046676511037e+00,6.447641644626855850e-03
1.208085540844118455e+00,6.131431553512811661e-03
1.208418265882382325e+00,6.170836742967367172e-03
1.208750225330788908e+00,6.752957589924335480e-03
1.209081422704448405e+00,6.124709732830524445e-03
1.209411861494317009e+00,7.073855958878993988e-03
1.209741545167418719e+00,6.413398310542106628e-03
1.210070477167062952e+00,6.022188346832990646e-03
1.210398660913061253e+00,6.295014172792434692e-03
1.210726099801938904e+00,6.654822267591953278e-03
1.211052797207147869e+00,5.596562754362821579e-03
1.211378756479273733e+00,7.790508680045604706e-03
1.211703980946243542e+00,6.283046677708625793e-03
1.212028473913527415e+00,6.848462391644716263e-03
1.212352238664341941e+00,1.523530017584562302e-02
1.212675278459849126e+00,7.682102266699075699e-03
1.212997596539353129e+00,6.044841371476650238e-03
1.213319196120494770e+00,6.222334224730730057e-03
1.213640080399445598e+00,5.241714883595705032e-03
1.213960252551097740e+00,6.532813888043165207e-03
1.214279715729251308e+00,6.163374520838260651e-03
1.214598473066802908e+00,6.165059749037027359e-03
1.214916527675928171e+00,4.936169832944869995e-03
1.215233882648265151e+00,5.058104172348976135e-03
1.215550541055094635e+00,5.999501794576644897e-03
1.215866505947517329e+00,5.829940550029277802e-03
1.216181780356631492e+00,5.356167908757925034e-03
1.216496367293707248e+00,6.222600582987070084e-03
1.216810269750358220e+00,5.963329691439867020e-03
1.217123490698713395e+00,5.607840139418840408e-03
1.217436033091585434e+00,4.949554800987243652e-03
1.217747899862637428e+00,5.453605204820632935e-03
1.218059093926548764e+00,5.339320283383131027e-03
1.218369618179177660e+00,5.135755054652690887e-03
1.218679475497724374e+00,4.871267825365066528e-03
1.218988668740889292e+00,5.424225237220525742e-03
1.219297200749032584e+00,5.115272011607885361e-03
1.219605074344330520e+00,6.209596991539001465e-03
1.219912292330928905e+00,5.669902078807353973e-03
1.220218857495099174e+00,5.055089481174945831e-03
1.220524772605387165e+00,8.227141574025154114e-03
1.220830040412764550e+00,5.180110223591327667e-03
1.221134663650777830e+00,5.953441374003887177e-03
1.221438645035692883e+00,4.661651328206062317e-03
1.221741987266643736e+00,5.803402047604322433e-03
1.222044693025772899e+00,5.666075274348258972e-03
1.222346764978375910e+00,4.985074978321790695e-03
1.222648205773041674e+00,5.460427608340978622e-03
1.222949018041791236e+00,4.827863536775112152e-03
1.223249204400215895e+00,4.339403007179498672e-03
1.223548767447613761e+00,4.689743276685476303e-03
1.223847709767125425e+00,4.418931901454925537e-03
1.224146033925866295e+00,4.561966750770807266e-03
1.224443742475060493e+00,5.315821152180433273e-03
1.224740837950169414e+00,5.065356381237506866e-03
1.225037322871024514e+00,4.359244368970394135e-03
1.225333199741951873e+00,4.309595096856355667e-03
1.225628471051902757e+00,5.172778386622667313e-03
1.225923139274575968e+00,4.532104823738336563e-03
1.226217206868544851e+00,4.190506879240274429e-03
1.226510676277379197e+00,4.188714083284139633e-03
1.226803549929765813e+00,4.677406977862119675e-03
1.227095830239631757e+00,4.763106815516948700e-03
1.227387519606262467e+00,4.045520909130573273e-03
1.227678620414418109e+00,4.137877840548753738e-03
1.227969135034454595e+00,4.270037170499563217e-03
1.228259065822435936e+00,5.002408754080533981e-03
1.228548415120249260e+00,3.917972557246685028e-03
1.228837185255720721e+00,4.292258992791175842e-03
1.229125378542725189e+00,4.466040991246700287e-03
1.229412997281299047e+00,4.145822022110223770e-03
1.229700043757749217e+00,4.591905977576971054e-03
1.229986520244763515e+00,4.163237754255533218e-03
1.230272429001517676e+00,3.783838590607047081e-03
1.230557772273782158e+00,3.958893474191427231e-03
1.230842552294028946e+00,3.740218002349138260e-03
1.231126771281535248e+00,3.378855530172586441e-03
1.231410431442487852e+00,3.540346398949623108e-03
1.231693534970085935e+00,4.820952657610177994e-03
1.231976084044642539e+00,3.689997829496860504e-03
1.232258080833685376e+00,4.075972829014062881e-03
1.232539527492056530e+00,4.478593356907367706e-03
1.232820426162011707e+00,4.177637863904237747e-03
1.233100778973317491e+00,4.100013524293899536e-03
1.233380588043348602e+00,4.458698909729719162e-03
1.233659855477183820e+00,3.629938932135701180e-03
1.233938583367700792e+00,3.758030477911233902e-03
1.234216773795669742e+00,3.585227765142917633e-03
1.234494428829847834e+00,3.042178461328148842e-03
1.234771550527071104e+00,3.494836855679750443e-03
1.235048140932345051e+00,3.903307719156146049e-03
1.235324202078935896e+00,4.046717658638954163e-03
1.235599735988459846e+00,4.490605089813470840e-03
1.235874744670972580e+00,2.810271978378295898e-01
1.236149230125056731e+00,8.101928979158401489e-02
1.236423194337909370e+00,1.008977442979812622e-01
1.236696639285427723e+00,5.502359569072723389e-02
1.236969566932294873e+00,2.652258612215518951e-02
1.237241979232065470e+00,1.365233678370714188e-02
1.237513878127247891e+00,1.076143700629472733e-02
1.237785265549388836e+00,6.070819683372974396e-03
1.238056143419155264e+00,4.664409440010786057e-03
1.238326513646414773e+00,4.993862472474575043e-03
1.238596378130318421e+00,4.060863982886075974e-03
1.238865738759379553e+00,3.922526724636554718e-03
1.239134597411552408e+00,3.483597189188003540e-03
1.239402955954312935e+00,3.838605014607310295e-03
1.239670816244734075e+00,3.409597789868712425e-03
1.239938180129564582e+00,3.771568182855844498e-03
1.240205049445305185e+00,3.345625242218375206e-03
1.240471426018283196e+00,3.367080353200435638e-03
1.240737311664728448e+00,3.040010109543800354e-03
1.241002708190847903e+00,4.625129513442516327e-03
1.241267617392898703e+00,3.237616037949919701e-03
1.241532041057260782e+00,3.192875301465392113e-03
1.241795980960509471e+00,3.515969030559062958e-03
1.242059438869487664e+00,3.581109223887324333e-03
1.242322416541376429e+00,3.596520517021417618e-03
1.242584915723764949e+00,3.262696787714958191e-03
1.242846938154720027e+00,3.129845717921853065e-03
1.243108485562856469e+00,2.774183871224522591e-03
1.243369559667403923e+00,3.395037725567817688e-03
1.243630162178276155e+00,3.396238200366497040e-03
1.243890294796136331e+00,3.597180126234889030e-03
1.244149959212466072e+00,3.059504320845007896e-03
1.244409157109628961e+00,2.910637995228171349e-03
1.244667890160938040e+00,2.696152310818433762e-03
1.244926160030719098e+00,3.124659415334463120e-03
1.245183968374375505e+00,3.066814038902521133e-03
1.245441316838452384e+00,2.736286027356982231e-03
1.245698207060699003e+00,3.141764085739850998e-03
1.245954640670131175e+00,2.808450721204280853e-03
1.246210619287093868e+00,3.072480671107769012e-03
1.246466144523322050e+00,4.346858710050582886e-03
1.246721217982002639e+00,3.626332385465502739e-03
1.246975841257832895e+00,3.417168278247117996e-03
1.247230015937082825e+00,3.263130784034729004e-03
1.247483743597652017e+00,2.951067872345447540e-03
1.247737025809129374e+00,3.321948694065213203e-03
1.247989864132852622e+00,2.508441684767603874e-03
1.248242260121963820e+00,3.522459650412201881e-03
1.248494215321468204e+00,3.191421739757061005e-03
1.248745731268290360e+00,3.099637804552912712e-03
1.248996809491330628e+00,3.964771050959825516e-03
1.249247451511520390e+00,3.054721513763070107e-03
1.249497658841878023e+00,2.908160211518406868e-03
1.249747432987563744e+00,2.507685683667659760e-03
1.249996775445933350e+00,3.867353312671184540e-03
1.250245687706591724e+00,3.230085363611578941e-03
1.250494171251447684e+00,2.661676844581961632e-03
1.250742227554765940e+00,3.018411342054605484e-03
1.250989858083219497e+00,3.251171670854091644e-03
1.251237064295941837e+00,3.112626494839787483e-03
1.251483847644579317e+00,2.383710583671927452e-03
1.251730209573340247e+00,3.043606178835034370e-03
1.251976151519047953e+00,2.832115627825260162e-03
1.252221674911189853e+00,3.068827558308839798e-03
1.252466781171967636e+00,2.335930243134498596e-03
1.252711471716345892e+00,2.377195050939917564e-03
1.252955747952102294e+00,2.874762285500764847e-03
1.253199611279875558e+00,2.444256097078323364e-03
1.253443063093213627e+00,3.539781551808118820e-03
1.253686104778622301e+00,2.296095946803689003e-03
1.253928737715610753e+00,2.723627258092164993e-03
1.254170963276739936e+00,2.940053585916757584e-03
1.254412782827669881e+00,3.163183806464076042e-03
1.254654197727203879e+00,3.164082067087292671e-03
1.254895209327334893e+00,2.676232252269983292e-03
1.255135818973293294e+00,3.012194065377116203e-03
1.255376028003587940e+00,2.474485896527767181e-03
1.255615837750053698e+00,2.249968005344271660e-03
1.255855249537895624e+00,2.672380069270730019e-03
1.256094264685731599e+00,2.366673434153199196e-03
1.256332884505636516e+00,3.256337950006127357e-03
1.256571110303185801e+00,2.810763427987694740e-03
1.256808943377498045e+00,3.441523527726531029e-03
1.257046385021277191e+00,2.269752323627471924e-03
1.257283436520855391e+00,2.704906975850462914e-03
1.257520099156234084e+00,3.161277621984481812e-03
1.257756374201125737e+00,3.020143834874033928e-03
1.257992262922996041e+00,2.619942650198936462e-03
1.258227766583101870e+00,2.537469379603862762e-03
1.258462886436535477e+00,3.066897392272949219e-03
1.258697623732261350e+00,2.656406955793499947e-03
1.258931979713157956e+00,2.089401474222540855e-03
1.259165955616056820e+00,2.429712330922484398e-03
1.259399552671780942e+00,3.060201648622751236e-03
1.259632772105185206e+00,2.700152108445763588e-03
1.259865615135193018e+00,2.690845169126987457e-03
1.260098082974835609e+00,2.684643026441335678e-03
1.260330176831290450e+00,2.901716856285929680e-03
1.260561897905917661e+00,2.368885790929198265e-03
1.260793247394297767e+00,2.489777049049735069e-03
1.261024226486269217e+00,2.611252013593912125e-03
1.261254836365965026e+00,2.407277002930641174e-03
1.261485078211847410e+00,2.416511066257953644e-03
1.261714953196747535e+00,3.137058112770318985e-03
1.261944462487897267e+00,2.449423773214221001e-03
1.262173607246967810e+00,2.601313637569546700e-03
1.262402388630103234e+00,1.897497451864182949e-03
1.262630807787956888e+00,3.420538268983364105e-03
1.262858865865724711e+00,3.110886318609118462e-03
1.263086564003180090e+00,2.315959660336375237e-03
1.263313903334709165e+00,2.011925214901566505e-03
1.263540884989343027e+00,1.997329760342836380e-03
1.263767510090792356e+00,2.474073320627212524e-03
1.263993779757480729e+00,3.154264530166983604e-03
1.264219695102577701e+00,2.390526467934250832e-03
1.264445257234031228e+00,2.216397318989038467e-03
1.264670467254600972e+00,2.469020429998636246e-03
1.264895326261889830e+00,2.174632623791694641e-03
1.265119835348377242e+00,2.503173658624291420e-03
1.265343995601449834e+00,2.178379567340016365e-03
1.265567808103433389e+00,2.477662870660424232e-03
1.265791273931624383e+00,2.282632282003760338e-03
1.266014394158320844e+00,2.507132478058338165e-03
1.266237169850853883e+00,2.421261277049779892e-03
1.266459602071617452e+00,1.909451675601303577e-03
1.266681691878099203e+00,2.704191487282514572e-03
1.266903440322910468e+00,2.437702380120754242e-03
1.267124848453816455e+00,2.119417302310466766e-03
1.267345917313766002e+00,2.646711189299821854e-03
1.267566647940919999e+00,2.114622853696346283e-03
1.267787041368682255e+00,2.104465849697589874e-03
1.268007098625728357e+00,1.852767774835228920e-03
1.268226820736031879e+00,2.686259336769580841e-03
1.268446208718896795e+00,2.366976346820592880e-03
1.268665263588983461e+00,2.198250265792012215e-03
1.268883986356337479e+00,2.345250453799962997e-03
1.269102378026417011e+00,2.430389868095517159e-03
1.269320439600121420e+00,2.657977165654301643e-03
1.269538172073818361e+00,2.196097513660788536e-03
1.269755576439370648e+00,2.656299388036131859e-03
1.269972653684164676e+00,1.821473357267677784e-03
1.270189404791135734e+00,1.934549072757363319e-03
1.270405830738795760e+00,1.835259143263101578e-03
1.270621932501259765e+00,2.061916049569845200e-03
1.270837711048271368e+00,2.017402322962880135e-03
1.271053167345229884e+00,2.670374466106295586e-03
1.271268302353215640e+00,3.221485530957579613e-03
1.271483117029015952e+00,1.670781988650560379e-03
1.271697612325150439e+00,1.929802121594548225e-03
1.271911789189896558e+00,1.735711819492280483e-03
1.272125648567314915e+00,1.905164448544383049e-03
1.272339191397273472e+00,2.525640651583671570e-03
1.272552418615473302e+00,1.918367343023419380e-03
1.272765331153473234e+00,2.551964716985821724e-03
1.272977929938712505e+00,1.713806879706680775e-03
1.273190215894537181e+00,1.993821701034903526e-03
1.273402189940223694e+00,2.485947450622916222e-03
1.273613852991001494e+00,1.678978791460394859e-03
1.273825205958077689e+00,1.953962258994579315e-03
1.274036249748661032e+00,1.629486680030822754e-03
1.274246985265985010e+00,2.082298044115304947e-03
1.274457413409329831e+00,1.999164000153541565e-03
1.274667535074047064e+00,2.377107040956616402e-03
1.274877351151581850e+00,2.213898347690701485e-03
1.275086862529495102e+00,2.500144066289067268e-03
1.275296070091487710e+00,1.886233105324208736e-03
1.275504974717420303e+00,2.652781549841165543e-03
1.275713577283337452e+00,1.576340990141034126e-03
1.275921878661489428e+00,1.908138161525130272e-03
1.276129879720353744e+00,2.316562924534082413e-03
1.276337581324656245e+00,2.143029123544692993e-03
1.276544984335393984e+00,2.459102775901556015e-03
1.276752089609856311e+00,1.506627653725445271e-03
1.276958898001644860e+00,1.728363451547920704e-03
1.277165410360696418e+00,2.401930047199130058e-03
1.277371627533302911e+00,1.786175998859107494e-03
1.277577550362132275e+00,2.277556573972105980e-03
1.277783179686249326e+00,1.979464665055274963e-03
1.277988516341136194e+00,1.991678727790713310e-03
1.278193561158712521e+00,1.872845576144754887e-03
1.278398314967356564e+00,1.634754473343491554e-03
1.278602778591923617e+00,2.035290468484163284e-03
1.278806952853766887e+00,1.719696796499192715e-03
1.279010838570758590e+00,1.701870933175086975e-03
1.279214436557306822e+00,2.021359978243708611e-03
1.279417747624377322e+00,1.989376498386263847e-03
1.279620772579512122e+00,1.957108965143561363e-03
1.279823512226848647e+00,2.016372280195355415e-03
1.280025967367138806e+00,2.102515427395701408e-03
1.280228138797768089e+00,1.469958806410431862e-03
1.280430027312774666e+00,1.473758835345506668e-03
1.280631633702868033e+00,2.847783733159303665e-03
1.280832958755447004e+00,1.945678261108696461e-03
1.281034003254618803e+00,1.762691070325672626e-03
1.281234767981217049e+00,1.954966690391302109e-03
1.281435253712820188e+00,1.633025356568396091e-03
1.281635461223769257e+00,1.351534039713442326e-03
1.281835391285186754e+00,2.200994174927473068e-03
1.282035044664992851e+00,1.966093201190233231e-03
1.282234422127924489e+00,1.630347338505089283e-03
1.282433524435551808e+00,1.368678989820182323e-03
1.282632352346297022e+00,2.161642070859670639e-03
1.282830906615450184e+00,2.209254540503025055e-03
1.283029187995188058e+00,1.822031917981803417e-03
1.283227197234589667e+00,1.537174102850258350e-03
1.283424935079653828e+00,2.355576725676655769e-03
1.283622402273316920e+00,2.205973491072654724e-03
1.283819599555467983e+00,2.482220763340592384e-03
1.284016527662966478e+00,1.834794995374977589e-03
1.284213187329658945e+00,1.302059274166822433e-03
1.284409579286394543e+00,2.137745497748255730e-03
1.284605704261041703e+00,1.523690647445619106e-03
1.284801562978504785e+00,2.325214445590972900e-03
1.284997156160739840e+00,1.567577477544546127e-03
1.285192484526770151e+00,1.548065920360386372e-03
1.285387548792702450e+00,1.579542877152562141e-03
1.285582349671742897e+00,2.335532568395137787e-03
1.285776887874212848e+00,1.535597257316112518e-03
1.285971164107563292e+00,1.908150617964565754e-03
1.286165179076391718e+00,1.882638316601514816e-03
1.286358933482456335e+00,1.246190397068858147e-03
1.286552428024692052e+00,3.895086646080017090e-01
1.286745663399224915e+00,2.718904912471771240e-01
1.286938640299388315e+00,1.446013748645782471e-01
1.287131359415735865e+00,1.810182034969329834e-01
1.287323821436058946e+00,1.357325613498687744e-01
1.287516027045398914e+00,5.252937600016593933e-02
1.287707976926063091e+00,2.551302872598171234e-02
1.287899671757639197e+00,1.991299539804458618e-02
1.288091112217009560e+00,7.435848470777273178e-03
1.288282298978364659e+00,3.174573183059692383e-03
1.288473232713219785e+00,3.436873666942119598e-03
1.288663914090426132e+00,2.216684166342020035e-03
1.288854343776186795e+00,2.207158366218209267e-03
1.289044522434070750e+00,2.076742704957723618e-03
1.289234450725025516e+00,2.128827851265668869e-03
1.289424129307392475e+00,2.573634264990687370e-03
1.289613558836918639e+00,2.130752429366111755e-03
1.289802739966772638e+00,1.902229618281126022e-03
1.289991673347555823e+00,1.838271622546017170e-03
1.290180359627317364e+00,2.682960825040936470e-03
1.290368799451567350e+00,1.473537180572748184e-03
1.290556993463289226e+00,1.740116858854889870e-03
1.290744942302953557e+00,1.707933493889868259e-03
1.290932646608531353e+00,1.965464791283011436e-03
1.291120107015506280e+00,1.363387447781860828e-03
1.291307324156888425e+00,2.182516502216458321e-03
1.291494298663226292e+00,1.375699299387633801e-03
1.291681031162620119e+00,2.184438286349177361e-03
1.291867522280734981e+00,1.937493565492331982e-03
1.292053772640811893e+00,1.619800343178212643e-03
1.292239782863682018e+00,1.701858593150973320e-03
1.292425553567776886e+00,1.921441289596259594e-03
1.292611085369143709e+00,1.323797041550278664e-03
1.292796378881454933e+00,2.134956419467926025e-03
1.292981434716022227e+00,1.245455816388130188e-03
1.293166253481807360e+00,1.298290211707353592e-03
1.293350835785435082e+00,2.073579933494329453e-03
1.293535182231204672e+00,1.507889828644692898e-03
1.293719293421101035e+00,1.560245174914598465e-03
1.293903169954808696e+00,2.088395878672599792e-03
1.294086812429721123e+00,2.031588228419423103e-03
1.294270221440954272e+00,1.460194587707519531e-03
1.294453397581356136e+00,1.194691401906311512e-03
1.294636341441520289e+00,1.571704051457345486e-03
1.294819053609796100e+00,1.238620025105774403e-03
1.295001534672300503e+00,1.456586876884102821e-03
1.295183785212928429e+00,1.463301712647080421e-03
1.295365805813366356e+00,2.023464068770408630e-03
1.295547597053100519e+00,1.676492975093424320e-03
1.295729159509429573e+00,1.223365776240825653e-03
1.295910493757475690e+00,1.461330335587263107e-03
1.296091600370194552e+00,1.448274240829050541e-03
1.296272479918387344e+00,1.710548414848744869e-03
1.296453132970710520e+00,1.479768892750144005e-03
1.296633560093687576e+00,1.766901346854865551e-03
1.296813761851718594e+00,2.210359089076519012e-03
1.296993738807092011e+00,1.729174982756376266e-03
1.297173491519993505e+00,1.414958504028618336e-03
1.297353020548518421e+00,1.648153294809162617e-03
1.297532326448681106e+00,1.082226866856217384e-03
1.297711409774424451e+00,1.989957643672823906e-03
1.297890271077632107e+00,1.705732662230730057e-03
1.298068910908137141e+00,1.657648128457367420e-03
1.298247329813732476e+00,1.635699416510760784e-03
1.298425528340181989e+00,1.345308963209390640e-03
1.298603507031228954e+00,1.422735862433910370e-03
1.298781266428606695e+00,1.915540080517530441e-03
1.298958807072049471e+00,1.074960222467780113e-03
1.299136129499300019e+00,1.961683388799428940e-03
1.299313234246121773e+00,1.331798499450087547e-03
1.299490121846306856e+00,1.377114676870405674e-03
1.299666792831686291e+00,1.643245341256260872e-03
1.299843247732140883e+00,2.160075120627880096e-03
1.300019487075607882e+00,1.608840655535459518e-03
1.300195511388092973e+00,1.610132749192416668e-03
1.300371321193678709e+00,1.631192397326231003e-03
1.300546917014533843e+00,1.335439155809581280e-03
1.300722299370923096e+00,1.602271455340087414e-03
1.300897468781216260e+00,9.908211650326848030e-04
1.301072425761896412e+00,1.293465495109558105e-03
1.301247170827570798e+00,1.270593726076185703e-03
1.301421704490978160e+00,1.594883855432271957e-03
1.301596027262999167e+00,1.834166119806468487e-03
1.301770139652664859e+00,1.604850287549197674e-03
1.301944042167165083e+00,1.839931821450591087e-03
1.302117735311858038e+00,2.145338570699095726e-03
1.302291219590278493e+00,1.778776408173143864e-03
1.302464495504147779e+00,9.941397001966834068e-04
1.302637563553380673e+00,1.216492499224841595e-03
1.302810424236095832e+00,1.527131651528179646e-03
1.302983078048622234e+00,1.743015251122415066e-03
1.303155525485510724e+00,1.814426505006849766e-03
1.303327767039539564e+00,9.755580103956162930e-04
1.303499803201724649e+00,1.819988363422453403e-03
1.303671634461327056e+00,1.285583479329943657e-03
1.303843261305862589e+00,1.257578609511256218e-03
1.304014684221108444e+00,1.769651076756417751e-03
1.304185903691112758e+00,1.321555813774466515e-03
1.304356920198201486e+00,1.278506708331406116e-03
1.304527734222988400e+00,1.530889421701431274e-03
1.304698346244381302e+00,1.766493893228471279e-03
1.304868756739591573e+00,1.247855718247592449e-03
1.305038966184141280e+00,2.107756910845637321e-03
1.305208975051871390e+00,1.788422232493758202e-03
1.305378783814949539e+00,1.023675431497395039e-03
1.305548392943878699e+00,2.411161549389362335e-03
1.305717802907503389e+00,1.481442246586084366e-03
1.305887014173019445e+00,1.496282056905329227e-03
1.306056027205979797e+00,1.782535342499613762e-03
1.306224842470304015e+00,1.247682608664035797e-03
1.306393460428284303e+00,2.087782602757215500e-03
1.306561881540593939e+00,1.527327578514814377e-03
1.306730106266295044e+00,1.488525886088609695e-03
1.306898135062845467e+00,1.848554937168955803e-03
1.307065968386106558e+00,1.536258379928767681e-03
1.307233606690350713e+00,9.395551169291138649e-04
1.307401050428268263e+00,1.244664657860994339e-03
1.307568300050975241e+00,9.209625422954559326e-04
1.307735356008021155e+00,1.194902346469461918e-03
1.307902218747394985e+00,1.512447022832930088e-03
1.308068888715533395e+00,1.782049192115664482e-03
1.308235366357327178e+00,1.755722565576434135e-03
1.308401652116129465e+00,1.204867265187203884e-03
1.308567746433761281e+00,1.196964760310947895e-03
1.308733649750520422e+00,1.188570982776582241e-03
1.308899362505186126e+00,1.681705121882259846e-03
1.309064885135028611e+00,1.748516340740025043e-03
1.309230218075814856e+00,1.233627321198582649e-03
1.309395361761813703e+00,2.087974455207586288e-03
1.309560316625806298e+00,1.190924318507313728e-03
1.309725083099089860e+00,1.458923565223813057e-03
1.309889661611486122e+00,1.413460588082671165e-03
1.310054052591347329e+00,1.146897790022194386e-03
1.310218256465562892e+00,1.457036938518285751e-03
1.310382273659566499e+00,1.439393614418804646e-03
1.310546104597342332e+00,1.174063654616475105e-03
1.310709749701432170e+00,1.148393726907670498e-03
1.310873209392941385e+00,1.107540563680231571e-03
1.311036484091544940e+00,1.715914579108357430e-03
1.311199574215495378e+00,1.426408998668193817e-03
1.311362480181628154e+00,1.443338813260197639e-03
1.311525202405368073e+00,1.124782604165375233e-03
1.311687741300736398e+00,1.118956482969224453e-03
1.311850097280355509e+00,8.606218034401535988e-04
1.312012270755457788e+00,1.116973580792546272e-03
1.312174262135888947e+00,1.079294830560684204e-03
1.312336071830116468e+00,1.354203792288899422e-03
1.312497700245235155e+00,1.399471773765981197e-03
1.312659147786972236e+00,1.393312355503439903e-03
1.312820414859695584e+00,1.441705040633678436e-03
1.312981501866417267e+00,1.385068171657621861e-03
1.313142409208801764e+00,1.912388950586318970e-03
1.313303137287170630e+00,1.434978679753839970e-03
1.313463686500509597e+00,1.672304118983447552e-03
1.313624057246473020e+00,1.400265726260840893e-03
1.313784249921390979e+00,1.639466616325080395e-03
1.313944264920274385e+00,1.712901052087545395e-03
1.314104102636822535e+00,1.125062117353081703e-03
1.314263763463426216e+00,1.384137081913650036e-03
1.314423247791175475e+00,8.235086570493876934e-04
1.314582556009864955e+00,1.061328919604420662e-03
1.314741688507998774e+00,1.399177243001759052e-03
1.314900645672797630e+00,1.144660753197968006e-03
1.315059427890203470e+00,1.386135932989418507e-03
1.315218035544885034e+00,1.952588791027665138e-03
1.315376469020244077e+00,1.178613980300724506e-03
1.315534728698420697e+00,8.035313803702592850e-04
1.315692814960298440e+00,1.352151622995734215e-03
1.315850728185510521e+00,1.373343402519822121e-03
1.316008468752444260e+00,1.093991915695369244e-03
1.316166037038247749e+00,1.331593492068350315e-03
1.316323433418835176e+00,1.108213793486356735e-03
1.316480658268890158e+00,1.019959105178713799e-03
1.316637711961874180e+00,1.321931136772036552e-03
1.316794594870029478e+00,1.031792140565812588e-03
1.316951307364385926e+00,1.888792845420539379e-03
1.317107849814765030e+00,1.014788169413805008e-03
1.317264222589785927e+00,1.604838646017014980e-03
1.317420426056870708e+00,1.298412214964628220e-03
1.317576460582248643e+00,1.601394265890121460e-03
1.317732326530962839e+00,1.636932953260838985e-03
1.317888024266874014e+00,1.308900304138660431e-03
1.318043554152666275e+00,1.571302535012364388e-03
1.318198916549851551e+00,1.325211836956441402e-03
1.318354111818776042e+00,1.093193073756992817e-03
1.318509140318623540e+00,1.023339806124567986e-03
1.318664002407420988e+00,9.876558324322104454e-04
1.318818698442044468e+00,1.593264518305659294e-03
1.318973228778222762e+00,1.839192002080380917e-03
1.319127593770542672e+00,1.563243218697607517e-03
1.319281793772454581e+00,1.305526355281472206e-03
1.319435829136275995e+00,1.554566435515880585e-03
1.319589700213197547e+00,9.994846768677234650e-04
1.319743407353287434e+00,1.557397888973355293e-03
1.319896950905495858e+00,1.542154350318014622e-03
1.320050331217660577e+00,7.151191821321845055e-04
1.320203548636510238e+00,1.026843325234949589e-03
1.320356603507670812e+00,1.811685855500400066e-03
1.320509496175668929e+00,1.803228980861604214e-03
1.320662226983937426e+00,1.616649446077644825e-03
1.320814796274819125e+00,1.540664583444595337e-03
1.320967204389572158e+00,9.734716732054948807e-04
1.321119451668374190e+00,1.293127075769007206e-03
1.321271538450327077e+00,9.926786879077553749e-04
1.321423465073461312e+00,7.135863997973501682e-04
1.321575231874740464e+00,1.883998862467706203e-03
1.321726839190066061e+00,9.610716952010989189e-04
1.321878287354282033e+00,1.515207579359412193e-03
1.322029576701178488e+00,1.026508864015340805e-03
1.322180707563496149e+00,7.477375329472124577e-04
1.322331680272931687e+00,9.727759170345962048e-04
1.322482495160141713e+00,1.230413792654871941e-03
1.322633152554746783e+00,1.786446082405745983e-03
1.322783652785335606e+00,9.465905022807419300e-04
1.322933996179469718e+00,9.692181483842432499e-04
1.323084183063687691e+00,1.018785638734698296e-03
1.323234213763509581e+00,9.928273502737283707e-04
1.323384088603440922e+00,1.233021728694438934e-03
1.323533807906976278e+00,9.233424789272248745e-04
1.323683371996605240e+00,6.742575787939131260e-04
1.323832781193814645e+00,9.632737492211163044e-04
1.323982035819093461e+00,1.505924621596932411e-03
1.324131136191937674e+00,9.385480661876499653e-04
1.324280082630853395e+00,1.246242900379002094e-03
1.324428875453360854e+00,9.519793093204498291e-04
1.324577514975999293e+00,8.997232653200626373e-04
1.324726001514330731e+00,9.314395720139145851e-04
1.324874335382943524e+00,1.226324588060379028e-03
1.325022516895456581e+00,1.227516448125243187e-03
1.325170546364523805e+00,1.474407734349370003e-03
1.325318424101836978e+00,1.798634883016347885e-03
1.325466150418131539e+00,1.758075784891843796e-03
1.325613725623188355e+00,8.926255977712571621e-04
1.325761150025838830e+00,1.239906181581318378e-03
1.325908423933969349e+00,1.247606356628239155e-03
1.326055547654523048e+00,1.223948900587856770e-03
1.326202521493506037e+00,9.027457563206553459e-04
1.326349345755989839e+00,6.118720630183815956e-04
1.326496020746115168e+00,6.227621925063431263e-04
1.326642546767096587e+00,1.471875235438346863e-03
1.326788924121225177e+00,8.904453134164214134e-04
1.326935153109873644e+00,1.168520422652363777e-03
1.327081234033498314e+00,8.766957907937467098e-04
1.327227167191644019e+00,2.003314206376671791e-03
1.327372952882947876e+00,6.305929273366928101e-04
1.327518591405142168e+00,1.478679594583809376e-03
1.327664083055058786e+00,6.055224221199750900e-04
1.327809428128631897e+00,1.999842002987861633e-03
1.327954626920903047e+00,1.149303396232426167e-03
1.328099679726022941e+00,8.448326843790709972e-04
1.328244586837256547e+00,1.445031492039561272e-03
1.328389348546985760e+00,6.035072146914899349e-04
1.328533965146713181e+00,1.144957845099270344e-03
1.328678436927065887e+00,8.527473546564579010e-04
1.328822764177798321e+00,8.627197821624577045e-04
1.328966947187797176e+00,6.230518920347094536e-04
1.329110986245082504e+00,8.809344144538044930e-04
1.329254881636813268e+00,1.156557351350784302e-03
1.329398633649290229e+00,1.685335417278110981e-03
1.329542242567958832e+00,8.460557437501847744e-04
1.329685708677412981e+00,5.733591970056295395e-04
1.329829032261398147e+00,8.699831669218838215e-04
1.329972213602816034e+00,1.422458910383284092e-03
1.330115252983725682e+00,2.237393055111169815e-03
1.330258150685348584e+00,1.406418159604072571e-03
1.330400906988071119e+00,1.111487625166773796e-03
1.330543522171448556e+00,5.831900052726268768e-04
1.330685996514207714e+00,1.429567812010645866e-03
1.330828330294250073e+00,8.475666982121765614e-04
1.330970523788655990e+00,1.112276455387473106e-03
1.331112577273687370e+00,1.385818934068083763e-03
1.331254491024790099e+00,1.372597413137555122e-03
1.331396265316599381e+00,5.719363689422607422e-04
1.331537900422939735e+00,8.319916087202727795e-04
1.331679396616831657e+00,1.102988375350832939e-03
1.331820754170492060e+00,1.078005880117416382e-03
1.331961973355339168e+00,8.352575823664665222e-04
1.332103054441994505e+00,8.279377361759543419e-04
1.332243997700286675e+00,5.258680903352797031e-04
1.332384803399254025e+00,8.136609103530645370e-04
1.332525471807147754e+00,8.121923310682177544e-04
1.332666003191435911e+00,8.296056766994297504e-04
1.332806397818804944e+00,1.117261359468102455e-03
1.332946655955163706e+00,1.094291917979717255e-03
1.333086777865646777e+00,1.117532025091350079e-03
1.333226763814616245e+00,1.360822585411369801e-03
1.333366614065665479e+00,8.142008446156978607e-04
1.333506328881622016e+00,5.344393430277705193e-04
1.333645908524551560e+00,1.084477873519062996e-03
1.333785353255757977e+00,1.351999817416071892e-03
1.333924663335790406e+00,8.258920279331505299e-04
1.334063839024442144e+00,7.680132985115051270e-04
1.334202880580755979e+00,5.348041886463761330e-04
1.334341788263026407e+00,8.096664678305387497e-04
1.334480562328803188e+00,1.056109322234988213e-03
1.334619203034892676e+00,1.318880589678883553e-03
1.334757710637362038e+00,1.061963266693055630e-03
1.334896085391541254e+00,5.243918858468532562e-04
1.335034327552026889e+00,7.711080834269523621e-04
1.335172437372683429e+00,1.626261742785573006e-03
1.335310415106648385e+00,1.583219156600534916e-03
1.335448261006332515e+00,7.824458298273384571e-04
1.335585975323423824e+00,1.870692358352243900e-03
1.335723558308890890e+00,1.597456517629325390e-03
1.335861010212984423e+00,7.401807815767824650e-04
1.335998331285240592e+00,1.291250111535191536e-03
1.336135521774483914e+00,7.639607647433876991e-04
1.336272581928829695e+00,1.321292482316493988e-03
1.336409511995686694e+00,1.311097526922821999e-03
1.336546312221759569e+00,1.330185215920209885e-03
1.336682982853052426e+00,4.942798987030982971e-04
1.336819524134870374e+00,7.820961182005703449e-04
1.336955936311823301e+00,5.059407558292150497e-04
1.337092219627826983e+00,7.609143503941595554e-04
1.337228374326107749e+00,4.931856528855860233e-04
1.337364400649202922e+00,7.422532653436064720e-04
1.337500298838964818e+00,7.193028577603399754e-04
1.337636069136562966e+00,1.069348887540400028e-03
1.337771711782486772e+00,4.814775311388075352e-04
1.337907227016547740e+00,1.831617089919745922e-03
1.338042615077882580e+00,7.285465253517031670e-04
1.338177876204954542e+00,1.579054398462176323e-03
1.338313010635557632e+00,1.034692744724452496e-03
1.338448018606818390e+00,4.681277496274560690e-04
1.338582900355197225e+00,4.745795158669352531e-04
1.338717656116493071e+00,1.012476743198931217e-03
1.338852286125844060e+00,7.511553703807294369e-04
1.338986790617730849e+00,1.024902798235416412e-03
1.339121169825978619e+00,1.005267491564154625e-03
1.339255423983760629e+00,7.281922735273838043e-04
1.339389553323598658e+00,1.273889094591140747e-03
1.339523558077367227e+00,4.425838706083595753e-04
1.339657438476295592e+00,4.270304925739765167e-04
1.339791194750968639e+00,4.351748502813279629e-04
1.339924827131331986e+00,1.243463135324418545e-03
1.340058335846691984e+00,9.822128340601921082e-04
1.340191721125719049e+00,1.000802032649517059e-03
1.340324983196450326e+00,9.892567759379744530e-04
1.340458122286291021e+00,7.112765451893210411e-04
1.340591138622017953e+00,4.022281209472566843e-04
1.340724032429781110e+00,1.243313075974583626e-03
1.340856803935105646e+00,9.518201695755124092e-04
1.340989453362895212e+00,4.477236070670187473e-04
1.341121980937432845e+00,1.259524840861558914e-03
1.341254386882385408e+00,4.180388641543686390e-04
1.341386671420803367e+00,9.891786612570285797e-04
1.341518834775124347e+00,9.437258122488856316e-04
1.341650877167175793e+00,1.505136257037520409e-03
1.341782798818175859e+00,1.239593373611569405e-03
1.341914599948737186e+00,1.242017257027328014e-03
1.342046280778867784e+00,4.298763815313577652e-04
1.342177841527973481e+00,9.585726656951010227e-04
1.342309282414861693e+00,1.525167142972350121e-03
1.342440603657740983e+00,6.976440199650824070e-04
1.342571805474225055e+00,1.214878051541745663e-03
1.342702888081334534e+00,9.389587212353944778e-04
1.342833851695499181e+00,9.400490089319646358e-04
1.342964696532559454e+00,6.836414686404168606e-04
1.343095422807769390e+00,6.845325115136802197e-04
1.343226030735798382e+00,6.806465098634362221e-04
1.343356520530733178e+00,9.402093710377812386e-04
1.343486892406080546e+00,9.362032287754118443e-04
1.343617146574768162e+00,3.503808111418038607e-04
1.343747283249148161e+00,1.481524435803294182e-03
1.343877302640998250e+00,1.203503925353288651e-03
1.344007204961524593e+00,6.660257349722087383e-04
1.344136990421362698e+00,1.207995461300015450e-03
1.344266659230580307e+00,4.225742304697632790e-04
1.344396211598679169e+00,6.478760042227804661e-04
1.344525647734597706e+00,6.799458060413599014e-04
1.344654967846711680e+00,9.356669033877551556e-04
1.344784172142837297e+00,9.896906558424234390e-04
1.344913260830233659e+00,9.566496592015028000e-04
1.345042234115602309e+00,6.503765471279621124e-04
1.345171092205092789e+00,7.147358264774084091e-04
1.345299835304301750e+00,9.190208511427044868e-04
1.345428463618276060e+00,1.773831900209188461e-03
1.345556977351514583e+00,9.152406128123402596e-04
1.345685376707970171e+00,3.801363054662942886e-04
1.345813661891051893e+00,1.198482001200318336e-03
1.345941833103626584e+00,8.972723153419792652e-04
1.346069890548020398e+00,1.170821604318916798e-03
1.346197834426021922e+00,6.249423022381961346e-04
1.346325664938882838e+00,6.427934858947992325e-04
1.346453382287320366e+00,6.898154388181865215e-04
1.346580986671519709e+00,3.551528207026422024e-04
1.346708478291134492e+00,9.092373657040297985e-04
1.346835857345290099e+00,6.190399872139096260e-04
1.346963124032584558e+00,6.337872473523020744e-04
1.347090278551091425e+00,8.691254188306629658e-04
1.347217321098360232e+00,3.647241974249482155e-04
1.347344251871419818e+00,6.461531738750636578e-04
1.347471071066778325e+00,3.730785683728754520e-04
1.347597778880427200e+00,4.529623256530612707e-04
1.347724375507841854e+00,1.482316642068326473e-03
1.347850861143983225e+00,9.687852580100297928e-04
1.347977235983299549e+00,4.470659196376800537e-01
1.348103500219729467e+00,4.470999538898468018e-01
1.348229654046701809e+00,4.404084980487823486e-01
1.348355697657139141e+00,4.593242108821868896e-01
1.348481631243459322e+00,4.401021897792816162e-01
1.348607454997574839e+00,4.397574365139007568e-01
1.348733169110898800e+00,4.461071491241455078e-01
1.348858773774342712e+00,4.322400689125061035e-01
1.348984269178320705e+00,4.390997290611267090e-01
1.349109655512749972e+00,4.274593293666839600e-01
1.349234932967053435e+00,4.057210385799407959e-01
1.349360101730160633e+00,3.714067935943603516e-01
1.349485161990509940e+00,2.328121662139892578e-01
1.349610113936049904e+00,1.209301352500915527e-01
1.349734957754241460e+00,1.569305807352066040e-01
1.349859693632058821e+00,2.966313958168029785e-01
1.349984321755992367e+00,1.411700397729873657e-01
1.350108842312048862e+00,6.157145276665687561e-02
1.350233255485754569e+00,1.577683724462985992e-02
1.350357561462155465e+00,2.215349301695823669e-02
1.350481760425819910e+00,4.475362598896026611e-02
1.350605852560840425e+00,1.184676960110664368e-02
1.350729838050834131e+00,5.836063064634799957e-03
1.350853717078945415e+00,3.663756884634494781e-03
1.350977489827847933e+00,1.550802262499928474e-03
1.351101156479744825e+00,2.098578726872801781e-03
1.351224717216371163e+00,2.500915667042136192e-03
1.351348172218995725e+00,1.251206384040415287e-03
1.351471521668422549e+00,1.833560061641037464e-03
1.351594765744991378e+00,1.408209791406989098e-03
1.351717904628581435e+00,1.142512890510261059e-03
1.351840938498610756e+00,1.069625490345060825e-03
1.351963867534039299e+00,1.526885083876550198e-03
1.352086691913369387e+00,1.338998205028474331e-03
1.352209411814648377e+00,1.324819633737206459e-03
1.352332027415469762e+00,1.056714914739131927e-03
1.352454538892973845e+00,1.842065132223069668e-03
1.352576946423850845e+00,1.792497816495597363e-03
1.352699250184340896e+00,1.256241346709430218e-03
1.352821450350236709e+00,1.230845227837562561e-03
1.352943547096885135e+00,9.615769959054887295e-04
1.353065540599187155e+00,1.487033907324075699e-03
1.353187431031601218e+00,6.039543659426271915e-04
1.353309218568143679e+00,1.214973744936287403e-03
1.353430903382390360e+00,9.278286597691476345e-04
1.353552485647478765e+00,1.198543119244277477e-03
1.353673965536108748e+00,9.478635620325803757e-04
1.353795343220544289e+00,1.212675473652780056e-03
1.353916618872614830e+00,1.154355355538427830e-03
1.354037792663716822e+00,9.269410511478781700e-04
1.354158864764815728e+00,8.817518246360123158e-04
1.354279835346446026e+00,8.367405389435589314e-04
1.354400704578714754e+00,1.429704250767827034e-03
1.354521472631300405e+00,1.948310178704559803e-03
1.354642139673456924e+00,1.116094295866787434e-03
1.354762705874013262e+00,8.530181366950273514e-04
1.354883171401375597e+00,1.118728308938443661e-03
1.355003536423528443e+00,8.043476846069097519e-04
1.355123801108036652e+00,5.910985637456178665e-04
1.355243965622045854e+00,1.402779831551015377e-03
1.355364030132284903e+00,1.092534977942705154e-03
1.355483994805066095e+00,5.128359189257025719e-04
1.355603859806287614e+00,8.108605979941785336e-04
1.355723625301434643e+00,7.912428118288516998e-04
1.355843291455580024e+00,1.073063118383288383e-03
1.355962858433386486e+00,5.496931262314319611e-04
1.356082326399107973e+00,1.082960749045014381e-03
1.356201695516590089e+00,1.903727184981107712e-03
1.356320965949272761e+00,7.821200415492057800e-04
1.356440137860190465e+00,7.954949396662414074e-04
1.356559211411973553e+00,7.800686289556324482e-04
1.356678186766851368e+00,1.050933846272528172e-03
1.356797064086650906e+00,7.613343768753111362e-04
1.356915843532800148e+00,1.898902351967990398e-03
1.357034525266328062e+00,1.340879127383232117e-03
1.357153109447867489e+00,7.749855867587029934e-04
1.357271596237654920e+00,7.674539228901267052e-04
1.357389985795532272e+00,1.303708180785179138e-03
1.357508278280948444e+00,7.806269568391144276e-04
1.357626473852960425e+00,1.024314900860190392e-03
1.357744572670234628e+00,7.620055112056434155e-04
1.357862574891047780e+00,4.796906432602554560e-04
1.357980480673289581e+00,1.299304538406431675e-03
1.358098290174461598e+00,7.696264656260609627e-04
1.358216003551680817e+00,4.797079891432076693e-04
1.358333620961679200e+00,1.038169604726135731e-03
1.358451142560806568e+00,1.014789682812988758e-03
1.358568568505030161e+00,9.864954045042395592e-04
1.358685898949937521e+00,1.295749330893158913e-03
1.358803134050735828e+00,1.019663643091917038e-03
1.358920273962255010e+00,9.974805871024727821e-04
1.359037318838947961e+00,7.682915893383324146e-04
1.359154268834892099e+00,1.273323432542383671e-03
1.359271124103790029e+00,1.256807707250118256e-03
1.359387884798971324e+00,9.906751802191138268e-04
1.359504551073394074e+00,1.521665602922439575e-03
1.359621123079644889e+00,6.995484582148492336e-04
1.359737600969940896e+00,6.888340576551854610e-04
1.359853984896131518e+00,7.209678879007697105e-04
1.359970275009698026e+00,7.040678174234926701e-04
1.360086471461756430e+00,4.417513846419751644e-04
1.360202574403057696e+00,1.009403145872056484e-03
1.360318583983988638e+00,7.141496171243488789e-04
1.360434500354574361e+00,1.265907892957329750e-03
1.360550323664478034e+00,1.006565289571881294e-03
1.360666054063003116e+00,1.233148621395230293e-03
1.360781691699093576e+00,9.627845138311386108e-04
1.360897236721335890e+00,6.806984310969710350e-04
1.361012689277959709e+00,1.231296220794320107e-03
1.361128049516838967e+00,6.842880393378436565e-04
1.361243317585493218e+00,1.508683781139552593e-03
1.361358493631088962e+00,6.861081346869468689e-04
1.361473577800439871e+00,9.624482481740415096e-04
1.361588570240009455e+00,9.591791313141584396e-04
1.361703471095910833e+00,4.135031194891780615e-04
1.361818280513907631e+00,4.119507211726158857e-04
1.361932998639417081e+00,3.877413109876215458e-04
1.362047625617508695e+00,3.953104605898261070e-04
1.362162161592906928e+00,6.803515134379267693e-04
1.362276606709992066e+00,6.591910496354103088e-04
1.362390961112800447e+00,6.456109113059937954e-04
1.362505224945026461e+00,6.774588837288320065e-04
1.362619398350023658e+00,6.561941700056195259e-04
1.362733481470805197e+00,9.629316045902669430e-04
1.362847474450045171e+00,1.505646388977766037e-03
1.362961377430079946e+00,1.776083139702677727e-03
1.363075190552908600e+00,6.852778024040162563e-04
1.363188913960195148e+00,1.235198462381958961e-03
1.363302547793268316e+00,6.615375168621540070e-04
1.363416092193123097e+00,6.590267294086515903e-04
1.363529547300422307e+00,9.384182048961520195e-04
1.363642913255496802e+00,9.326015715487301350e-04
1.363756190198346596e+00,3.882923047058284283e-04
1.363869378268642851e+00,1.227015163749456406e-03
1.363982477605728105e+00,1.234617549926042557e-03
1.364095488348617158e+00,9.166055242531001568e-04
1.364208410635998403e+00,9.321897523477673531e-04
1.364321244606234940e+00,6.716884090565145016e-04
1.364433990397365459e+00,6.322221597656607628e-04
1.364546648147105357e+00,1.470315735787153244e-03
1.364659217992847617e+00,3.709889133460819721e-04
1.364771700071663929e+00,6.494550034403800964e-04
1.364884094520304902e+00,3.452013770584017038e-04
1.364996401475203402e+00,9.078694856725633144e-04
1.365108621072472106e+00,3.730595926754176617e-04
1.365220753447907498e+00,9.023515740409493446e-04
1.365332798736989206e+00,1.479051192291080952e-03
1.365444757074881776e+00,6.156087038107216358e-04
1.365556628596434674e+00,1.185687258839607239e-03
1.365668413436184725e+00,1.186668407171964645e-03
1.365780111728355672e+00,6.339507526718080044e-04
1.365891723606859953e+00,6.115909782238304615e-04
1.366003249205299364e+00,3.380276320967823267e-04
1.366114688656966170e+00,3.594054724089801311e-04
1.366226042094844217e+00,1.188789610750973225e-03
1.366337309651608933e+00,8.899677777662873268e-04
1.366448491459630210e+00,6.231988663785159588e-04
1.366559587650970631e+00,9.181441273540258408e-04
1.366670598357389466e+00,8.851301972754299641e-04
1.366781523710340895e+00,1.164410379715263844e-03
1.366892363840976676e+00,6.379827391356229782e-04
1.367003118880146584e+00,6.383017753250896931e-04
1.367113788958398635e+00,1.174505567178130150e-03
1.367224374205981308e+00,6.148455431684851646e-04
1.367334874752843543e+00,8.949466864578425884e-04
1.367445290728636076e+00,8.710001711733639240e-04
1.367555622262711879e+00,6.124615902081131935e-04
1.367665869484127494e+00,1.438624341972172260e-03
1.367776032521644147e+00,3.515199350658804178e-04
1.367886111503727742e+00,8.981057326309382915e-04
1.367996106558550862e+00,6.405254243873059750e-04
1.368106017813992770e+00,5.955285159870982170e-04
1.368215845397641184e+00,8.694115676917135715e-04
1.368325589436792056e+00,1.156056532636284828e-03
1.368435250058451347e+00,3.242521779611706734e-04
1.368544827389335694e+00,3.175487508997321129e-04
1.368654321555873077e+00,6.060991436243057251e-04
1.368763732684203926e+00,3.490138333290815353e-04
1.368873060900181793e+00,6.247762939892709255e-04
1.368982306329374454e+00,6.013775710016489029e-04
1.369091469097064584e+00,3.296137729194015265e-04
1.369200549328250860e+00,5.888054147362709045e-04
1.369309547147647965e+00,1.430238597095012665e-03
1.369418462679689252e+00,8.719176985323429108e-04
1.369527296048525411e+00,3.135928709525614977e-04
1.369636047378026911e+00,5.754635785706341267e-04
1.369744716791784667e+00,8.671725518070161343e-04
1.369853304413109374e+00,1.128991600126028061e-03
1.369961810365034838e+00,3.202646912541240454e-04
1.370070234770316198e+00,3.150443662889301777e-04
1.370178577751433036e+00,8.726362721063196659e-04
1.370286839430588710e+00,8.657766738906502724e-04
1.370395019929711911e+00,8.767388062551617622e-04
1.370503119370457101e+00,3.009690262842923403e-04
1.370611137874205410e+00,3.110469551756978035e-04
1.370719075562065736e+00,1.143017085269093513e-03
1.370826932554875421e+00,5.841348320245742798e-04
1.370934708973200244e+00,3.108387172687798738e-04
1.371042404937337089e+00,5.691819242201745510e-04
1.371150020567313277e+00,2.966803149320185184e-04
1.371257555982886789e+00,2.924290020018815994e-04
1.371365011303549597e+00,8.666560752317309380e-04
1.371472386648525665e+00,2.944146981462836266e-04
1.371579682136773171e+00,2.811267040669918060e-04
1.371686897886985390e+00,1.132933073677122593e-03
1.371794034017591368e+00,5.696861189790070057e-04
1.371901090646755916e+00,5.685396026819944382e-04
1.372008067892381167e+00,5.716686137020587921e-04
1.372114965872107240e+00,5.697862943634390831e-04
1.372221784703313130e+00,1.411893055774271488e-03
1.372328524503117153e+00,5.866082501597702503e-04
1.372435185388377166e+00,5.648354999721050262e-04
1.372541767475693675e+00,8.416256750933825970e-04
1.372648270881406951e+00,1.131030963733792305e-03
1.372754695721601914e+00,1.394065329805016518e-03
1.372861042112104801e+00,5.744354566559195518e-04
1.372967310168486943e+00,5.672829574905335903e-04
1.373073500006064540e+00,3.033520188182592392e-04
1.373179611739899109e+00,8.385792025364935398e-04
1.373285645484798367e+00,1.112012891098856926e-03
1.373391601355317126e+00,2.782085794024169445e-04
1.373497479465757953e+00,8.541564457118511200e-04
1.373603279930172283e+00,8.490204927511513233e-04
1.373709002862360418e+00,1.119982916861772537e-03
1.373814648375872638e+00,5.428657168522477150e-04
1.373920216584010312e+00,1.386780291795730591e-03
1.374025707599826340e+00,5.577266565524041653e-04
1.374131121536124711e+00,8.398633799515664577e-04
1.374236458505463832e+00,5.473212222568690777e-04
1.374341718620154751e+00,5.472190678119659424e-04
1.374446901992263603e+00,8.369293645955622196e-04
1.374552008733610498e+00,2.834504120983183384e-04
1.374657038955772625e+00,5.429002922028303146e-04
1.374761992770082486e+00,8.287582313641905785e-04
1.374866870287630549e+00,8.296577143482863903e-04
1.374971671619265257e+00,5.513259675353765488e-04
1.375076396875593021e+00,5.466003203764557838e-04
1.375181046166979559e+00,2.771729486994445324e-04
1.375285619603551446e+00,2.794737229123711586e-04
1.375390117295195447e+00,5.501221166923642159e-04
1.375494539351559409e+00,8.182394667528569698e-04
1.375598885882053590e+00,8.388211135752499104e-04
1.375703156995851550e+00,2.685645886231213808e-04
1.375807352801888594e+00,5.427610594779253006e-04
1.375911473408866659e+00,5.332466680556535721e-04
1.376015518925250092e+00,8.183273021131753922e-04
1.376119489459270318e+00,8.062569540925323963e-04
1.376223385118924503e+00,5.518273101188242435e-04
1.376327206011976223e+00,2.663964114617556334e-04
1.376430952245957240e+00,5.182862514629960060e-04
1.376534623928166612e+00,2.536711981520056725e-04
1.376638221165673803e+00,1.094201928935945034e-03
1.376741744065315798e+00,8.047783048823475838e-04
1.376845192733701762e+00,5.423261318355798721e-04
1.376948567277209712e+00,1.103462767787277699e-03
1.377051867801990515e+00,5.254255374893546104e-04
1.377155094413966996e+00,1.094452338293194771e-03
1.377258247218834386e+00,8.170887012965977192e-04
1.377361326322061874e+00,5.441437824629247189e-04
1.377464331828891941e+00,8.104623993858695030e-04
1.377567263844342804e+00,8.028856827877461910e-04
1.377670122473207304e+00,5.267488886602222919e-04
1.377772907820054016e+00,1.078525790944695473e-03
1.377875619989229694e+00,8.139185956679284573e-04
1.377978259084856605e+00,5.360296345315873623e-04
1.378080825210836080e+00,7.965656695887446404e-04
1.378183318470847851e+00,5.299888434819877148e-04
1.378285738968350271e+00,5.211486713960766792e-04
1.378388086806581869e+00,1.636222237721085548e-03
1.378490362088562016e+00,5.201250896789133549e-04
1.378592564917090479e+00,7.995240157470107079e-04
1.378694695394748537e+00,7.906238315626978874e-04
1.378796753623900972e+00,1.074451953172683716e-03
1.378898739706694299e+00,2.498918038327246904e-04
1.379000653745058980e+00,5.216861609369516373e-04
1.379102495840709652e+00,5.287856329232454300e-04
1.379204266095145792e+00,8.014793274924159050e-04
1.379305964609651713e+00,5.217861616984009743e-04
1.379407591485298124e+00,5.185616319067776203e-04
1.379509146822942789e+00,5.375028704293072224e-04
1.379610630723229425e+00,5.132926162332296371e-04
1.379712043286590362e+00,7.855102303437888622e-04
1.379813384613245875e+00,2.426532591925933957e-04
1.379914654803205964e+00,1.612632069736719131e-03
1.380015853956269023e+00,5.103239091113209724e-04
1.380116982172024720e+00,7.942063384689390659e-04
1.380218039549852227e+00,2.243677154183387756e-04
1.380319026188922882e+00,2.381354279350489378e-04
1.380419942188199967e+00,5.169556825421750546e-04
1.380520787646438707e+00,5.050412146374583244e-04
1.380621562662188051e+00,8.041791734285652637e-04
1.380722267333789555e+00,2.333226875634863973e-04
1.380822901759379828e+00,2.357958874199539423e-04
1.380923466036890312e+00,1.078940695151686668e-03
1.381023960264047501e+00,7.859697798267006874e-04
1.381124384538373384e+00,1.067140023224055767e-03
1.381224738957187226e+00,5.088431644253432751e-04
1.381325023617604897e+00,7.771762320771813393e-04
1.381425238616539986e+00,4.932917654514312744e-04
1.381525384050704242e+00,2.266989904455840588e-04
1.381625460016608686e+00,5.048973252996802330e-04
1.381725466610562059e+00,7.707364275120198727e-04
1.381825403928675033e+00,7.851837435737252235e-04
1.381925272066857335e+00,1.604377990588545799e-03
1.382025071120819737e+00,5.032832850702106953e-04
1.382124801186075391e+00,5.144001916050910950e-04
1.382224462357938277e+00,7.643628050573170185e-04
1.382324054731526086e+00,5.021481192670762539e-04
1.382423578401758668e+00,1.056449371390044689e-03
1.382523033463360695e+00,1.052627572789788246e-03
1.382622420010860109e+00,4.871071141678839922e-04
1.382721738138590117e+00,7.661895360797643661e-04
1.382820987940689195e+00,7.845354266464710236e-04
1.382920169511101305e+00,4.915887839160859585e-04
1.383019282943577011e+00,1.041466370224952698e-03
1.383118328331674141e+00,2.124847233062610030e-04
1.383217305768757566e+00,4.813804407604038715e-04
1.383316215348000311e+00,4.833262064494192600e-04
1.383415057162383555e+00,7.484560483135282993e-04
1.383513831304697961e+00,4.918435588479042053e-04
1.383612537867543235e+00,7.641261909157037735e-04
1.383711176943329901e+00,1.036555739119648933e-03
1.383809748624278413e+00,1.595004228875041008e-03
1.383908253002420263e+00,7.634896319359540939e-04
1.384006690169599096e+00,4.849601245950907469e-04
1.384105060217470262e+00,3.964501374866813421e-04
1.384203363237502149e+00,7.756197592243552208e-04
1.384301599320975518e+00,2.262987400172278285e-04
1.384399768558985944e+00,4.958198405802249908e-04
1.384497871042442041e+00,4.748217761516571045e-04
1.384595906862068126e+00,1.600948977284133434e-03
1.384693876108402444e+00,7.675557862967252731e-04
1.384791778871800272e+00,4.887948161922395229e-04
1.384889615242432148e+00,7.586186402477324009e-04
1.384987385310285646e+00,7.667924510315060616e-04
1.385085089165165373e+00,1.048372592777013779e-03
1.385182726896693639e+00,7.757139392197132111e-04
1.385280298594311121e+00,1.027906895615160465e-03
1.385377804347276642e+00,7.761041633784770966e-04
1.385475244244668724e+00,2.030138857662677765e-04
1.385572618375385368e+00,4.837641317863017321e-04
1.385669926828144272e+00,1.583470148034393787e-03
1.385767169691484835e+00,7.559439400210976601e-04
1.385864347053765933e+00,4.843821225222200155e-04
1.385961459003169249e+00,4.845869552809745073e-04
1.386058505627698167e+00,2.018379891524091363e-04
1.386155487015177989e+00,4.814257263205945492e-04
1.386252403253258603e+00,4.706858308054506779e-04
1.386349254429411593e+00,1.303270692005753517e-03
1.386446040630933574e+00,7.462731446139514446e-04
1.386542761944945301e+00,7.486551767215132713e-04
1.386639418458392337e+00,4.738314019050449133e-04
1.386736010258045271e+00,7.540109800174832344e-04
1.386832537430501722e+00,4.695122188422828913e-04
1.386929000062184114e+00,1.028084312565624714e-03
1.387025398239342566e+00,7.459879270754754543e-04
1.387121732048054223e+00,4.801665781997144222e-04
1.387218001574223702e+00,7.509808638133108616e-04
1.387314206903584202e+00,7.504334207624197006e-04
1.387410348121697057e+00,1.023164601065218449e-03
1.387506425313953073e+00,7.493873708881437778e-04
1.387602438565572083e+00,7.575624622404575348e-04
1.387698387961604274e+00,1.873063592938706279e-04
1.387794273586930194e+00,1.026104670017957687e-03
1.387890095526260970e+00,1.013051485642790794e-03
1.387985853864139640e+00,7.558588404208421707e-04
1.388081548684940270e+00,1.296054571866989136e-03
1.388177180072870165e+00,4.698439443018287420e-04
1.388272748111967880e+00,4.585429851431399584e-04
1.388368252886106102e+00,7.320258300751447678e-04
1.388463694478990984e+00,4.666355380322784185e-04
1.388559072974162367e+00,4.665095475502312183e-04
1.388654388454994670e+00,7.420593174174427986e-04
1.388749641004696889e+00,1.287522027269005775e-03
1.388844830706313926e+00,4.725552280433475971e-04
1.388939957642725487e+00,7.433707942254841328e-04
1.389035021896648736e+00,1.024397672154009342e-03
1.389130023550636084e+00,1.761210005497559905e-04
1.389224962687077625e+00,1.775217970134690404e-04
1.389319839388200917e+00,1.757911813911050558e-04
1.389414653736071203e+00,4.495980101637542248e-04
1.389509405812592746e+00,4.570723103825002909e-04
1.389604095699507047e+00,4.596081271301954985e-04
1.389698723478396625e+00,1.015959191136062145e-03
1.389793289230681461e+00,7.277342374436557293e-04
1.389887793037623664e+00,1.012526103295385838e-03
1.389982234980324138e+00,4.504440585151314735e-04
1.390076615139725691e+00,7.203744025900959969e-04
1.390170933596611702e+00,7.303115562535822392e-04
1.390265190431607456e+00,1.782758627086877823e-04
1.390359385725180363e+00,1.280326512642204762e-03
1.390453519557640405e+00,4.508633282966911793e-04
1.390547592009139688e+00,1.002642209641635418e-03
1.390641603159675110e+00,1.006505684927105904e-03
1.390735553089085919e+00,1.002069329842925072e-03
1.390829441877055928e+00,7.231817580759525299e-04
1.390923269603114187e+00,1.634110230952501297e-04
1.391017036346633207e+00,9.993775747716426849e-04
1.391110742186832505e+00,1.726808841340243816e-04
1.391204387202775949e+00,1.681882131379097700e-04
1.391297971473373973e+00,1.753409742377698421e-04
1.391391495077384244e+00,9.962938493117690086e-04
1.391484958093410551e+00,7.241580169647932053e-04
1.391578360599903919e+00,7.312410743907094002e-04
1.391671702675164157e+00,7.236854289658367634e-04
1.391764984397337868e+00,1.733162644086405635e-04
1.391858205844420882e+00,7.204964058473706245e-04
1.391951367094257819e+00,7.184876594692468643e-04
1.392044468224542753e+00,9.862559381872415543e-04
1.392137509312819654e+00,4.354547709226608276e-04
1.392230490436481505e+00,7.113933679647743702e-04
1.392323411672772515e+00,1.637061213841661811e-04
1.392416273098788349e+00,7.173263002187013626e-04
1.392509074791474344e+00,1.703821326373144984e-04
1.392601816827629069e+00,4.400942125357687473e-04
1.392694499283901655e+00,4.408731474541127682e-04
1.392787122236794461e+00,4.463795630726963282e-04
1.392879685762662634e+00,7.190591422840952873e-04
1.392972189937714100e+00,1.573357731103897095e-04
1.393064634838010685e+00,1.590194151503965259e-04
1.393157020539467439e+00,1.652967912377789617e-04
1.393249347117853754e+00,1.285151811316609383e-03
1.393341614648794691e+00,9.893650421872735023e-04
1.393433823207768985e+00,1.612092746654525399e-04
1.393525972870111485e+00,4.454884037841111422e-04
1.393618063711012711e+00,6.988611421547830105e-04
1.393710095805518856e+00,7.225265144370496273e-04
1.393802069228533114e+00,1.718039857223629951e-04
1.393893984054815016e+00,1.001809723675251007e-03
1.393985840358982209e+00,1.264820573851466179e-03
1.394077638215508674e+00,1.516542833996936679e-04
1.394169377698726953e+00,1.553463371237739921e-04
1.394261058882828364e+00,1.508949499111622572e-04
1.394352681841861896e+00,7.035871385596692562e-04
1.394444246649735764e+00,1.513399620307609439e-04
1.394535753380218290e+00,4.320612351875752211e-04
1.394627202106937025e+00,4.293421225156635046e-04
1.394718592903378962e+00,4.299641295801848173e-04
1.394809925842892762e+00,7.013698341324925423e-04
1.394901200998686752e+00,4.285746836103498936e-04
1.394992418443831372e+00,4.274565144442021847e-04
1.395083578251258061e+00,4.243788134772330523e-04
1.395174680493759478e+00,4.300278960727155209e-04
1.395265725243991950e+00,1.413878781022503972e-04
1.395356712574472802e+00,1.251809415407478809e-03
1.395447642557583467e+00,4.259635752532631159e-04
1.395538515265567270e+00,4.302566812839359045e-04
1.395629330770532972e+00,4.177254159003496170e-04
1.395720089144451226e+00,7.026205421425402164e-04
1.395810790459158346e+00,1.450526906410232186e-04
1.395901434786354978e+00,9.784828871488571167e-04
1.395992022197606097e+00,9.751238394528627396e-04
1.396082552764342344e+00,4.212348721921443939e-04
1.396173026557860020e+00,1.410084223607555032e-04
1.396263443649321534e+00,9.814068907871842384e-04
1.396353804109755625e+00,7.027959800325334072e-04
1.396444108010057139e+00,9.661075891926884651e-04
1.396534355420987916e+00,1.335307169938459992e-04
1.396624546413177681e+00,9.765441063791513443e-04
1.396714681057123375e+00,1.311453816015273333e-04
1.396804759423189823e+00,6.972192786633968353e-04
1.396894781581610401e+00,4.148766747675836086e-04
1.396984747602487031e+00,9.699405636638402939e-04
1.397074657555790189e+00,6.918565486557781696e-04
1.397164511511360008e+00,6.888177595101296902e-04
1.397254309538906281e+00,1.495408359915018082e-04
1.397344051708008461e+00,4.099662473890930414e-04
1.397433738088116328e+00,4.154626221861690283e-04
1.397523368748549988e+00,1.331619569100439548e-04
1.397612943758500981e+00,4.083075618837028742e-04
1.397702463187031396e+00,1.367062650388106704e-04
1.397791927103075649e+00,6.952934782020747662e-04
1.397881335575438921e+00,6.850514910183846951e-04
1.397970688672799611e+00,1.330767117906361818e-04
1.398059986463707549e+00,6.831907667219638824e-04
1.398149229016586448e+00,6.902634049765765667e-04
1.398238416399732564e+00,9.652379085309803486e-04
1.398327548681315369e+00,6.859730347059667110e-04
1.398416625929378432e+00,4.092879826202988625e-04
1.398505648211838981e+00,9.620330529287457466e-04
1.398594615596489010e+00,6.825889577157795429e-04
1.398683528150995281e+00,4.035875899717211723e-04
1.398772385942898655e+00,3.976989246439188719e-04
1.398861189039616537e+00,4.054017772432416677e-04
1.398949937508440655e+00,1.236134674400091171e-03
1.399038631416539502e+00,9.612042340449988842e-04
1.399127270830957448e+00,4.027747490908950567e-04
1.399215855818615184e+00,1.513619092293083668e-03
1.399304386446311055e+00,4.027432005386799574e-04
1.399392862780718838e+00,6.787620368413627148e-04
1.399481284888391741e+00,1.258574920939281583e-04
1.399569652835758848e+00,1.181995248771272600e-04
1.399657966689128674e+00,1.234899507835507393e-03
1.399746226514687386e+00,1.217339377035386860e-04
1.399834432378499471e+00,4.025492526125162840e-04
1.399922584346509069e+00,6.795643712393939495e-04
1.400010682484538638e+00,1.370766985928639770e-04
1.400098726858291176e+00,9.607219253666698933e-04
1.400186717533348224e+00,6.743022240698337555e-04
1.400274654575172528e+00,1.175469369627535343e-04
1.400362538049106709e+00,1.513764378614723682e-03
1.400450368020373704e+00,1.224780105985701084e-03
1.400538144554077880e+00,9.528853115625679493e-04
1.400625867715205253e+00,9.530056267976760864e-04
1.400713537568621936e+00,3.975952859036624432e-04
1.400801154179077912e+00,9.607844403944909573e-04
1.400888717611202816e+00,4.009136464446783066e-04
1.400976227929510820e+00,6.782730342820286751e-04
1.401063685198397968e+00,3.915076085831969976e-04
1.401151089482142842e+00,6.760425167158246040e-04
1.401238440844907673e+00,1.230216352269053459e-03
1.401325739350738342e+00,6.643576198257505894e-04
1.401412985063564598e+00,3.957531880587339401e-04
1.401500178047199396e+00,1.152341574197635055e-04
1.401587318365341339e+00,1.190871553262695670e-04
1.401674406081573121e+00,1.073823877959512174e-04
1.401761441259361751e+00,6.715337513014674187e-04
1.401848423962060552e+00,1.226922613568603992e-03
1.401935354252907162e+00,1.109284057747572660e-04
1.402022232195026197e+00,9.473496465943753719e-04
1.402109057851427254e+00,9.436691179871559143e-04
1.402195831285006911e+00,6.643578526563942432e-04
1.402282552558548057e+00,9.496557177044451237e-04
1.402369221734720339e+00,9.436067193746566772e-04
1.402455838876080829e+00,9.464969043619930744e-04
1.402542404045073576e+00,3.918710863217711449e-04
1.402628917304030720e+00,3.861920849885791540e-04
1.402715378715171823e+00,1.074179017450660467e-04
1.402801788340605427e+00,1.105291012208908796e-04
1.402888146242327938e+00,3.867732593789696693e-04
1.402974452482224077e+00,3.905143530573695898e-04
1.403060707122068873e+00,3.898051218129694462e-04
1.403146910223525667e+00,9.434292442165315151e-04
1.403233061848147445e+00,3.862995072267949581e-04
1.403319162057376834e+00,9.441846632398664951e-04
1.403405210912547219e+00,3.824001760222017765e-04
1.403491208474881624e+00,1.223545521497726440e-03
1.403577154805493832e+00,1.499257516115903854e-03
1.403663049965388820e+00,1.043181982822716236e-04
1.403748894015461879e+00,3.892106469720602036e-04
1.403834687016500382e+00,6.549183744937181473e-04
1.403920429029183570e+00,6.592646241188049316e-04
1.404006120114081213e+00,3.833233786281198263e-04
1.404091760331656724e+00,9.371424675919115543e-04
1.404177349742264935e+00,6.610919372178614140e-04
1.404262888406153653e+00,1.212180010043084621e-03
1.404348376383463881e+00,3.796492819674313068e-04
1.404433813734229153e+00,3.748111776076257229e-04
1.404519200518376865e+00,9.815019438974559307e-05
1.404604536795728054e+00,3.815325908362865448e-04
1.404689822625997175e+00,3.816942044068127871e-04
1.404775058068793658e+00,3.712063771672546864e-04
1.404860243183620572e+00,3.731819160748273134e-04
1.404945378029876180e+00,3.712121979333460331e-04
1.405030462666853275e+00,6.492034881375730038e-04
1.405115497153740289e+00,6.559874163940548897e-04
1.405200481549620406e+00,9.299126104451715946e-04
1.405285415913472891e+00,3.882481541950255632e-04
1.405370300304172870e+00,9.273136383853852749e-04
1.405455134780491555e+00,6.503750337287783623e-04
1.405539919401096460e+00,6.526368088088929653e-04
1.405624654224551628e+00,6.517068832181394100e-04
1.405709339309318739e+00,6.516113062389194965e-04
1.405793974713755778e+00,3.724373818840831518e-04
1.405878560496117480e+00,1.209770911373198032e-03
1.405963096714558214e+00,3.735252539627254009e-04
1.406047583427128211e+00,3.710442979354411364e-04
1.406132020691776674e+00,9.910195512929931283e-05
1.406216408566351106e+00,9.539494203636422753e-05
1.406300747108597315e+00,9.367591119371354580e-04
1.406385036376159858e+00,3.771968767978250980e-04
1.406469276426582704e+00,9.616278839530423284e-05
1.406553467317308792e+00,3.744084679055958986e-04
1.406637609105680475e+00,3.658303467091172934e-04
1.406721701848939965e+00,6.417747936211526394e-04
1.406805745604229552e+00,3.722567926160991192e-04
1.406889740428591384e+00,3.677709028124809265e-04
1.406973686378968580e+00,3.661070659290999174e-04
1.407057583512204335e+00,9.259472717531025410e-04
1.407141431885042593e+00,3.643716045189648867e-04
1.407225231554129818e+00,8.963474101619794965e-05
1.407308982576011891e+00,1.196757191792130470e-03
1.407392685007137434e+00,6.422359147109091282e-04
1.407476338903856927e+00,6.430824287235736847e-04
1.407559944322422041e+00,9.335517825093120337e-05
1.407643501318988077e+00,3.711898461915552616e-04
1.407727009949611086e+00,6.524883792735636234e-04
1.407810470270251191e+00,3.775607645511627197e-01
1.407893882336771041e+00,4.517098963260650635e-01
1.407977246204936250e+00,4.603331387042999268e-01
1.408060561930416066e+00,4.475129246711730957e-01
1.408143829568783367e+00,4.660167694091796875e-01
1.408227049175514667e+00,4.572471082210540771e-01
1.408310220805990332e+00,4.558157920837402344e-01
1.408393344515495693e+00,4.538159966468811035e-01
1.408476420359220160e+00,4.519920051097869873e-01
1.408559448392257440e+00,4.555963277816772461e-01
1.408642428669607316e+00,4.592602849006652832e-01
1.408725361246173202e+00,4.401888549327850342e-01
1.408808246176765255e+00,4.407462775707244873e-01
1.408891083516098375e+00,4.452887773513793945e-01
1.408973873318793979e+00,4.429323673248291016e-01
1.409056615639378451e+00,4.497610032558441162e-01
1.409139310532285361e+00,4.481332898139953613e-01
1.409221958051854351e+00,4.549345076084136963e-01
1.409304558252331807e+00,4.446235895156860352e-01
1.409387111187871078e+00,4.522110521793365479e-01
1.409469616912532253e+00,4.541667401790618896e-01
1.409552075480283051e+00,4.392096698284149170e-01
1.409634486944998599e+00,4.537783563137054443e-01
1.409716851360461876e+00,4.434970617294311523e-01
1.409799168780363487e+00,4.636674821376800537e-01
1.409881439258302782e+00,4.308229684829711914e-01
1.409963662847786736e+00,4.450266063213348389e-01
1.410045839602231066e+00,4.475518763065338135e-01
1.410127969574960893e+00,4.463901221752166748e-01
1.410210052819209636e+00,4.397074580192565918e-01
1.410292089388119896e+00,4.442166984081268311e-01
1.410374079334744346e+00,4.443413019180297852e-01
1.410456022712044621e+00,4.615515172481536865e-01
1.410537919572891985e+00,4.468956589698791504e-01
1.410619769970068660e+00,4.528829753398895264e-01
1.410701573956266275e+00,4.499068856239318848e-01
1.410783331584086753e+00,4.549672901630401611e-01
1.410865042906043643e+00,4.348803758621215820e-01
1.410946707974560121e+00,4.437124133110046387e-01
1.411028326841970992e+00,4.458961486816406250e-01
1.411109899560522241e+00,4.513266384601593018e-01
1.411191426182371700e+00,4.394848048686981201e-01
1.411272906759588164e+00,4.381295442581176758e-01
1.411354341344151830e+00,4.365313947200775146e-01
1.411435729987956744e+00,4.385243058204650879e-01
1.411517072742807022e+00,4.555416703224182129e-01
1.411598369660420405e+00,4.441398978233337402e-01
1.411679620792427592e+00,4.316214025020599365e-01
1.411760826190370688e+00,4.458921551704406738e-01
1.411841985905706531e+00,4.488252997398376465e-01
1.411923099989803587e+00,4.311741888523101807e-01
1.412004168493944833e+00,4.428015351295471191e-01
1.412085191469326428e+00,4.349096417427062988e-01
1.412166168967057933e+00,4.427661895751953125e-01
1.412247101038164088e+00,4.425103962421417236e-01
1.412327987733582368e+00,4.383957087993621826e-01
1.412408829104165431e+00,4.462397694587707520e-01
1.412489625200680665e+00,4.491052925586700439e-01
1.412570376073809530e+00,4.486337602138519287e-01
1.412651081774148887e+00,4.530798494815826416e-01
1.412731742352210329e+00,4.511296451091766357e-01
1.412812357858421741e+00,4.279399514198303223e-01
1.412892928343125298e+00,4.342807233333587646e-01
1.412973453856579908e+00,4.405082166194915771e-01
1.413053934448959659e+00,4.473671019077301025e-01
1.413134370170354925e+00,4.319891333580017090e-01
1.413214761070772152e+00,4.372531473636627197e-01
1.413295107200135181e+00,4.291496574878692627e-01
1.413375408608283257e+00,4.562616050243377686e-01
1.413455665344972578e+00,4.436631798744201660e-01
1.413535877459877632e+00,4.452208578586578369e-01
1.413616045002588528e+00,4.388035237789154053e-01
1.413696168022613664e+00,4.330601096153259277e-01
1.413776246569378836e+00,4.427839815616607666e-01
1.413856280692227463e+00,4.471211731433868408e-01
1.413936270440421028e+00,4.298822879791259766e-01
1.414016215863138637e+00,4.374289810657501221e-01
1.414096117009478570e+00,4.431896805763244629e-01
1.414175973928456953e+00,4.373007714748382568e-01
1.414255786669008197e+00,4.402891099452972412e-01
1.414335555279986556e+00,4.296433627605438232e-01
1.414415279810164794e+00,4.413655996322631836e-01
1.414494960308234628e+00,4.310206174850463867e-01
1.414574596822807395e+00,4.200971126556396484e-01
1.414654189402414053e+00,4.283375740051269531e-01
1.414733738095504956e+00,4.356810748577117920e-01
1.414813242950450523e+00,4.145333766937255859e-01
1.414892704015541680e+00,4.259657263755798340e-01
1.414972121338988975e+00,4.216869175434112549e-01
1.415051494968923462e+00,3.806037902832031250e-01
1.415130824953397148e+00,3.047882020473480225e-01
1.415210111340382770e+00,2.458961904048919678e-01
1.415289354177773573e+00,1.890183687210083008e-01
1.415368553513384420e+00,1.139621138572692871e-01
1.415447709394951126e+00,1.838231384754180908e-01
1.415526821870131347e+00,5.081639438867568970e-02
1.415605890986503912e+00,2.628880180418491364e-02
1.415684916791569714e+00,1.476537287235260010e-01
1.415763899332751929e+00,2.585944347083568573e-02
1.415842838657395353e+00,5.167399719357490540e-02
1.415921734812767285e+00,1.096861064434051514e-02
1.416000587846057535e+00,1.192323118448257446e-02
1.416079397804379081e+00,1.161602046340703964e-02
1.416158164734766967e+00,6.889462471008300781e-03
1.416236888684179185e+00,9.244026616215705872e-03
1.416315569699497789e+00,2.656747587025165558e-03
1.416394207827527341e+00,3.020707750692963600e-03
1.416472803114996459e+00,2.548065036535263062e-03
1.416551355608556717e+00,1.303508412092924118e-03
1.416629865354784412e+00,1.543900230899453163e-03
1.416708332400179460e+00,1.444581081159412861e-03
1.416786756791165613e+00,1.578868250362575054e-03
1.416865138574091354e+00,1.009915024042129517e-03
1.416943477795229667e+00,2.355373697355389595e-03
1.417021774500778042e+00,8.966582827270030975e-04
1.417100028736858919e+00,7.114452891983091831e-04
1.417178240549519241e+00,9.355854708701372147e-04
1.417256409984732013e+00,1.147278351709246635e-03
1.417334537088394519e+00,1.474551623687148094e-03
1.417412621906330772e+00,1.095927204005420208e-03
1.417490664484289287e+00,1.403470174409449100e-03
1.417568664867944417e+00,8.913989877328276634e-04
1.417646623102897463e+00,1.631568651646375656e-03
1.417724539234674896e+00,8.142426959238946438e-04
1.417802413308730136e+00,8.248338708654046059e-04
1.417880245370442216e+00,1.094579580239951611e-03
1.417958035465117339e+00,1.097604748792946339e-03
1.418035783637988656e+00,5.260768812149763107e-04
1.418113489934215377e+00,5.189859075471758842e-04
1.418191154398884990e+00,1.059708883985877037e-03
1.418268777077011267e+00,4.887555260211229324e-04
1.418346358013535369e+00,5.023023695684969425e-04
1.418423897253326738e+00,7.437547901645302773e-04
1.418501394841181540e+00,1.056293025612831116e-03
1.418578850821824888e+00,1.311195199377834797e-03
1.418656265239909064e+00,5.011272733099758625e-04
1.418733638140014408e+00,1.020860276184976101e-03
1.418810969566649982e+00,1.058421563357114792e-03
1.418888259564253795e+00,1.004806603305041790e-03
1.418965508177191470e+00,4.830121761187911034e-04
1.419042715449757575e+00,7.173563353717327118e-04
1.419119881426176510e+00,4.730233340524137020e-04
1.419197006150600959e+00,4.397055890876799822e-04
1.419274089667112548e+00,1.526650390587747097e-03
1.419351132019722961e+00,7.131730089895427227e-04
1.419428133252373492e+00,1.227497588843107224e-03
1.419505093408934382e+00,9.784630965441465378e-04
1.419582012533206372e+00,9.752928162924945354e-04
1.419658890668919593e+00,9.518512524664402008e-04
1.419735727859735119e+00,6.814615917392075062e-04
1.419812524149243416e+00,9.429666679352521896e-04
1.419889279580965891e+00,9.395002271048724651e-04
1.419965994198354453e+00,4.376595315989106894e-04
1.420042668044791734e+00,1.482988707721233368e-03
1.420119301163591308e+00,6.253744359128177166e-04
1.420195893597997028e+00,9.356190566904842854e-04
1.420272445391185245e+00,9.215814643539488316e-04
1.420348956586262590e+00,9.302154066972434521e-04
1.420425427226267523e+00,1.209364272654056549e-03
1.420501857354169895e+00,6.534993881359696388e-04
1.420578247012871609e+00,9.411942446604371071e-04
1.420654596245205958e+00,3.507391666062176228e-04
1.420730905093938956e+00,6.432599620893597603e-04
1.420807173601768225e+00,8.995890966616570950e-04
1.420883401811324331e+00,6.242761737667024136e-04
1.420959589765169229e+00,9.133761632256209850e-04
1.421035737505798702e+00,6.241752416826784611e-04
1.421111845075640367e+00,8.915535290725529194e-04
1.421187912517055230e+00,6.326090078800916672e-04
1.421263939872336790e+00,6.137712043710052967e-04
1.421339927183712826e+00,1.437063561752438545e-03
1.421415874493342946e+00,3.405041934456676245e-04
1.421491781843321256e+00,6.084028864279389381e-04
1.421567649275675693e+00,6.126319640316069126e-04
1.421643476832366471e+00,3.210335271432995796e-04
1.421719264555288964e+00,6.239084759727120399e-04
1.421795012486272380e+00,5.947751342318952084e-04
1.421870720667079757e+00,5.878060474060475826e-04
1.421946389139408407e+00,8.675648132339119911e-04
1.422022017944890360e+00,5.986097385175526142e-04
1.422097607125092145e+00,3.321841068100184202e-04
1.422173156721515008e+00,8.772724540904164314e-04
1.422248666775594250e+00,1.411236706189811230e-03
1.422324137328701443e+00,5.961161805316805840e-04
1.422399568422142435e+00,8.356146281585097313e-04
1.422474960097158458e+00,5.877593648619949818e-04
1.422550312394926131e+00,5.833081668242812157e-04
1.422625625356558121e+00,1.145592425018548965e-03
1.422700899023101595e+00,1.124159432947635651e-03
1.422776133435540658e+00,5.865977727808058262e-04
1.422851328634794799e+00,5.810622242279350758e-04
1.422926484661718893e+00,5.893812631256878376e-04
1.423001601557105866e+00,1.406551804393529892e-03
1.423076679361682917e+00,8.483041310682892799e-04
1.423151718116114850e+00,2.804248651955276728e-04
1.423226717861003188e+00,1.146242138929665089e-03
1.423301678636884837e+00,5.647984798997640610e-04
1.423376600484235199e+00,5.592714296653866768e-04
1.423451483443465726e+00,8.489371975883841515e-04
1.423526327554925031e+00,5.624329787679016590e-04
1.423601132858899332e+00,3.052554675377905369e-04
1.423675899395612010e+00,1.134345773607492447e-03
1.423750627205223607e+00,2.919859543908387423e-04
1.423825316327832713e+00,8.313404396176338196e-04
1.423899966803475525e+00,1.126757473684847355e-03
1.423974578672126290e+00,8.127014734782278538e-04
1.424049151973697080e+00,5.522205610759556293e-04
1.424123686748038242e+00,1.109434990212321281e-03
1.424198183034937948e+00,1.931386068463325500e-03
1.424272640874123530e+00,1.101484755054116249e-03
1.424347060305260371e+00,8.197894785553216934e-04
1.424421441367952124e+00,8.294081198982894421e-04
1.424495784101742268e+00,5.554120871238410473e-04
1.424570088546112334e+00,5.372022278606891632e-04
1.424644354740482788e+00,1.118484535254538059e-03
1.424718582724214366e+00,1.089523429982364178e-03
1.424792772536605634e+00,8.018744410946965218e-04
1.424866924216895425e+00,8.122653816826641560e-04
1.424941037804261734e+00,5.093894433230161667e-04
1.425015113337822603e+00,1.380918198265135288e-03
1.425089150856635678e+00,8.011558675207197666e-04
1.425163150399698431e+00,1.386051881127059460e-03
1.425237112005947937e+00,8.269884856417775154e-04
1.425311035714262431e+00,5.345600075088441372e-04
1.425384921563459306e+00,5.176615086384117603e-04
1.425458769592297559e+00,5.230408278293907642e-04
1.425532579839475344e+00,5.169918877072632313e-04
1.425606352343632421e+00,5.233103292994201183e-04
1.425680087143349040e+00,7.959391223266720772e-04
1.425753784277145941e+00,8.012253674678504467e-04
1.425827443783485915e+00,8.059863466769456863e-04
1.425901065700771353e+00,2.510240592528134584e-04
1.425974650067347138e+00,7.958092028275132179e-04
1.426048196921499311e+00,1.091213896870613098e-03
1.426121706301454628e+00,5.025443970225751400e-04
1.426195178245382333e+00,5.047892918810248375e-04
1.426268612791393053e+00,5.063103162683546543e-04
1.426342009977538572e+00,5.254899151623249054e-04
1.426415369841813829e+00,2.448005834594368935e-04
1.426488692422155369e+00,1.077429857105016708e-03
1.426561977756441557e+00,7.780893356539309025e-04
1.426635225882493474e+00,5.032914923503994942e-04
1.426708436838074023e+00,5.088953184895217419e-04
1.426781610660889932e+00,2.187786158174276352e-04
1.426854747388588862e+00,2.261826011817902327e-04
1.426927847058762744e+00,7.785402704030275345e-04
1.427000909708945553e+00,1.044377102516591549e-03
1.427073935376614866e+00,2.221108297817409039e-04
1.427146924099190528e+00,7.748055504634976387e-04
1.427219875914036207e+00,7.904735975898802280e-04
1.427292790858458948e+00,7.752034580335021019e-04
1.427365668969709178e+00,1.052528736181557178e-03
1.427438510284980477e+00,4.982210812158882618e-04
1.427511314841411361e+00,7.703739101998507977e-04
1.427584082676082167e+00,1.322560710832476616e-03
1.427656813826019055e+00,4.888485418632626534e-04
1.427729508328191121e+00,4.929054412059485912e-04
1.427802166219511948e+00,1.336869318038225174e-03
1.427874787536839163e+00,1.048732898198068142e-03
1.427947372316975327e+00,2.131034998456016183e-04
1.428019920596667047e+00,4.925783141516149044e-04
1.428092432412605195e+00,2.128101041307672858e-04
1.428164907801426020e+00,7.665596785955131054e-04
1.428237346799710261e+00,7.616311777383089066e-04
1.428309749443983367e+00,1.031317166052758694e-03
1.428382115770716387e+00,4.830673860851675272e-04
1.428454445816324858e+00,7.667504833079874516e-04
1.428526739617170138e+00,1.979581284103915095e-04
1.428598997209558519e+00,7.628435851074755192e-04
1.428671218629742334e+00,1.037607667967677116e-03
1.428743403913918630e+00,4.947642446495592594e-04
1.428815553098231161e+00,7.571488968096673489e-04
1.428887666218768393e+00,2.029201132245361805e-04
1.428959743311565944e+00,2.028535818681120872e-04
1.429031784412604145e+00,2.034724457189440727e-04
1.429103789557810256e+00,7.460195920430123806e-04
1.429175758783057804e+00,7.652222411707043648e-04
1.429247692124166580e+00,4.696287796832621098e-04
1.429319589616902419e+00,1.579693984240293503e-03
1.429391451296978088e+00,1.304410747252404690e-03
1.429463277200052618e+00,4.638971877284348011e-04
1.429535067361732636e+00,4.816617292817682028e-04
1.429606821817570594e+00,7.599772652611136436e-04
1.429678540603066983e+00,4.743684839922934771e-04
1.429750223753668337e+00,4.684656450990587473e-04
1.429821871304769010e+00,2.133790869265794754e-03
1.429893483291710510e+00,7.399074384011328220e-04
1.429965059749782164e+00,7.410782272927463055e-04
1.430036600714219786e+00,4.744598991237580776e-04
1.430108106220207453e+00,7.272184011526405811e-04
1.430179576302877287e+00,1.032285275869071484e-03
1.430251010997308780e+00,1.591504085808992386e-03
1.430322410338528805e+00,4.630568437278270721e-04
1.430393774361513382e+00,7.391537656076252460e-04
1.430465103101186131e+00,1.031843712553381920e-03
1.430536396592418491e+00,1.022739685140550137e-03
1.430607654870031054e+00,7.429668912664055824e-04
1.430678877968792229e+00,4.617291851900517941e-04
1.430750065923419356e+00,7.374684209935367107e-04
1.430821218768577374e+00,1.294296351261436939e-03
1.430892336538881704e+00,1.925394026329740882e-04
1.430963419268895143e+00,7.401786861009895802e-04
1.431034466993130083e+00,7.269066991284489632e-04
1.431105479746047848e+00,4.491439030971378088e-04
1.431176457562059134e+00,7.438563625328242779e-04
1.431247400475522902e+00,1.872446009656414390e-04
1.431318308520748817e+00,4.480103671085089445e-04
1.431389181731995031e+00,7.326611084863543510e-04
1.431460020143469514e+00,7.231264025904238224e-04
1.431530823789330276e+00,7.261174614541232586e-04
1.431601592703683812e+00,1.013662549667060375e-03
1.431672326920587990e+00,1.642674615141004324e-04
1.431743026474050051e+00,4.485714598558843136e-04
1.431813691398026389e+00,4.562948015518486500e-04
1.431884321726424991e+00,4.555590276140719652e-04
1.431954917493102775e+00,4.482419171836227179e-04
1.432025478731867807e+00,7.383225602097809315e-04
1.432096005476478640e+00,4.601551627274602652e-04
1.432166497760643420e+00,7.188835297711193562e-04
1.432236955618022112e+00,7.177778752520680428e-04
1.432307379082224275e+00,1.660546695347875357e-04
1.432377768186811062e+00,7.236904348246753216e-04
1.432448122965293891e+00,4.520355432759970427e-04
1.432518443451135770e+00,4.507504054345190525e-04
1.432588729677750861e+00,1.686263130977749825e-04
1.432658981678503807e+00,4.410645924508571625e-04
1.432729199486710847e+00,1.638116955291479826e-04
1.432799383135640259e+00,1.620029797777533531e-04
1.432869532658510581e+00,4.343943146523088217e-04
1.432939648088492834e+00,1.550005166791379452e-03
1.433009729458709636e+00,4.454272857401520014e-04
1.433079776802234750e+00,4.517727647908031940e-04
1.433149790152094427e+00,1.622860872885212302e-04
1.433219769541266286e+00,1.265805563889443874e-03
1.433289715002680653e+00,4.366316425148397684e-04
1.433359626569219669e+00,4.341995227150619030e-04
1.433429504273717736e+00,4.434828006196767092e-04
1.433499348148961072e+00,4.352985706645995378e-04
1.433569158227689044e+00,7.276699179783463478e-04
1.433638934542592835e+00,7.191631593741476536e-04
1.433708677126317221e+00,7.078392663970589638e-04
1.433778386011458350e+00,1.652624487178400159e-04
1.433848061230566184e+00,9.863690938800573349e-04
1.433917702816143169e+00,6.970166577957570553e-04
1.433987310800644677e+00,7.146741263568401337e-04
1.434056885216478783e+00,1.386299263685941696e-04
1.434126426096007600e+00,1.595832145540043712e-04
1.434195933471545725e+00,4.291629302315413952e-04
1.434265407375361345e+00,1.265648752450942993e-03
1.434334847839676019e+00,7.057001930661499500e-04
1.434404254896664455e+00,7.020072080194950104e-04
1.434473628578455395e+00,4.253879887983202934e-04
1.434542968917131622e+00,4.255708772689104080e-04
1.434612275944728399e+00,4.229156184010207653e-04
1.434681549693235914e+00,1.439779007341712713e-04
1.434750790194598613e+00,4.277293919585645199e-04
1.434819997480713427e+00,7.023654761724174023e-04
1.434889171583432876e+00,1.258909702301025391e-03
1.434958312534562852e+00,9.730487363412976265e-04
1.435027420365864392e+00,7.038782350718975067e-04
1.435096495109051906e+00,7.070485153235495090e-04
1.435165536795794505e+00,7.049958221614360809e-04
1.435234545457716449e+00,1.526737003587186337e-03
1.435303521126396475e+00,1.394408027408644557e-04
1.435372463833367362e+00,7.014619768597185612e-04
1.435441373610117255e+00,9.808182949200272560e-04
1.435510250488089223e+00,7.084655808284878731e-04
1.435579094498681485e+00,6.904455367475748062e-04
1.435647905673246738e+00,6.947333458811044693e-04
1.435716684043093050e+00,9.825257584452629089e-04
1.435785429639484523e+00,4.069579008501023054e-04
1.435854142493638852e+00,4.245566087774932384e-04
1.435922822636731322e+00,4.221901181153953075e-04
1.435991470099890810e+00,1.406428054906427860e-04
1.436060084914202895e+00,6.992889684624969959e-04
1.436128667110708523e+00,6.932070245966315269e-04
1.436197216720404457e+00,4.247221222613006830e-04
1.436265733774243269e+00,9.740662062540650368e-04
1.436334218303132904e+00,4.196309600956737995e-04
1.436402670337938225e+00,4.124910919927060604e-04
1.436471089909479470e+00,9.675873443484306335e-04
1.436539477048534019e+00,4.086936241947114468e-04
1.436607831785833955e+00,4.126051208004355431e-04
1.436676154152069174e+00,4.116428026463836432e-04
1.436744444177884938e+00,1.404858921887353063e-04
1.436812701893883881e+00,9.723709663376212120e-04
1.436880927330624669e+00,4.149821761529892683e-04
1.436949120518622891e+00,4.193067434243857861e-04
1.437017281488350395e+00,1.299935247516259551e-04
1.437085410270236396e+00,9.733627666719257832e-04
1.437153506894667032e+00,9.618644835427403450e-04
1.437221571391984920e+00,1.244494807906448841e-03
1.437289603792490267e+00,4.117040662094950676e-04
1.437357604126440203e+00,1.314225810347124934e-04
1.437425572424049447e+00,9.651103755459189415e-04
1.437493508715489421e+00,4.062184598296880722e-04
1.437561413030889135e+00,9.713052422739565372e-04
1.437629285400335410e+00,6.815899978391826153e-04
1.437697125853872437e+00,1.237734570167958736e-03
1.437764934421501994e+00,1.317577698500826955e-04
1.437832711133183450e+00,4.019988118670880795e-04
1.437900456018834205e+00,1.336501009063795209e-04
1.437968169108329475e+00,4.073904710821807384e-04
1.438035850431502283e+00,6.839240668341517448e-04
1.438103500018144132e+00,4.071758303325623274e-04
1.438171117898003892e+00,4.018994804937392473e-04
1.438238704100788912e+00,4.029567353427410126e-04
1.438306258656165459e+00,1.785171916708350182e-03
1.438373781593757395e+00,1.239573612110689282e-04
1.438441272943147275e+00,4.010912962257862091e-04
1.438508732733875917e+00,3.967255470342934132e-04
1.438576160995443054e+00,6.766903679817914963e-04
1.438643557757306679e+00,1.193212592625059187e-04
1.438710923048884371e+00,6.785829318687319756e-04
1.438778256899551300e+00,1.160454557975754142e-04
1.438845559338642666e+00,3.997617750428617001e-04
1.438912830395451703e+00,1.209938272950239480e-04
1.438980070099231456e+00,1.185579822049476206e-04
1.439047278479193226e+00,9.592372225597500801e-04
1.439114455564508344e+00,6.732793990522623062e-04
1.439181601384307285e+00,4.020094347652047873e-04
1.439248715967679448e+00,6.797211826778948307e-04
1.439315799343673596e+00,9.510806994512677193e-04
1.439382851541298747e+00,3.930513630621135235e-04
1.439449872589522839e+00,3.989150281995534897e-04
1.439516862517273177e+00,9.476015693508088589e-04
1.439583821353437987e+00,3.934816631954163313e-04
1.439650749126864193e+00,6.756377406418323517e-04
1.439717645866358753e+00,1.121330424211919308e-04
1.439784511600689099e+00,1.130608507082797587e-04
1.439851346358582029e+00,3.899192379321902990e-04
1.439918150168724820e+00,9.507604409009218216e-04
1.439984923059764998e+00,3.894997935276478529e-04
1.440051665060309904e+00,3.957053995691239834e-04
1.440118376198928019e+00,4.034185549244284630e-04
1.440185056504146965e+00,3.930243547074496746e-04
1.440251706004455956e+00,3.911813546437770128e-04
1.440318324728304011e+00,6.682878010906279087e-04
1.440384912704101072e+00,6.716265925206243992e-04
1.440451469960218223e+00,9.477187995798885822e-04
1.440517996524986355e+00,3.933053230866789818e-04
1.440584492426697727e+00,6.597578176297247410e-04
1.440650957693605294e+00,9.413175866939127445e-04
1.440717392353923376e+00,3.903551260009407997e-04
1.440783796435826769e+00,1.225999440066516399e-03
1.440850169967452077e+00,6.664256216026842594e-04
1.440916512976896158e+00,3.801484999712556601e-04
1.440982825492217900e+00,6.577274180017411709e-04
1.441049107541437335e+00,6.614886806346476078e-04
1.441115359152535635e+00,9.467084892094135284e-04
1.441181580353456226e+00,6.606698734685778618e-04
1.441247771172102343e+00,3.871525696013122797e-04
1.441313931636341028e+00,3.767974558286368847e-04
1.441380061773999133e+00,3.881728625856339931e-04
1.441446161612866872e+00,1.008302715490572155e-04
1.441512231180694936e+00,6.626287358812987804e-04
1.441578270505196713e+00,3.838723641820251942e-04
1.441644279614046953e+00,3.880184376612305641e-04
1.441710258534882882e+00,1.048585982061922550e-04
1.441776207295303980e+00,3.833189839497208595e-04
1.441842125922871309e+00,6.564348586834967136e-04
1.441908014445108410e+00,9.382794960401952267e-04
1.441973872889501962e+00,3.848673950415104628e-04
1.442039701283499120e+00,9.347245795652270317e-04
1.442105499654511513e+00,3.766696027014404535e-04
1.442171268029911912e+00,1.494431518949568272e-03
1.442237006437036673e+00,3.777727251872420311e-04
1.442302714903183736e+00,9.378023096360266209e-04
1.442368393455614628e+00,3.794747462961822748e-04
1.442434042121552906e+00,1.124913105741143227e-04
1.442499660928186156e+00,1.033356529660522938e-04
1.442565249902663549e+00,1.490052323788404465e-03
1.442630809072097842e+00,3.797922399826347828e-04
1.442696338463565153e+00,9.405577293364331126e-05
1.442761838104104299e+00,3.718997177202254534e-04
1.442827308020717014e+00,3.825984895229339600e-04
1.442892748240369505e+00,9.599260374670848250e-05
1.442958158789989787e+00,9.958556620404124260e-05
1.443023539696469904e+00,9.988366218749433756e-05
1.443088890986665485e+00,3.784971486311405897e-04
1.443154212687396187e+00,6.522009498439729214e-04
1.443219504825443922e+00,6.534306448884308338e-04
1.443284767427555293e+00,6.492061074823141098e-04
1.443350000520440268e+00,9.326683357357978821e-04
1.443415204130772622e+00,3.755899087991565466e-04
1.443480378285190158e+00,1.033322841976769269e-04
1.443545523010294040e+00,1.009089610306546092e-04
1.443610638332650131e+00,9.285405394621193409e-05
1.443675724278788319e+00,3.725993155967444181e-04
1.443740780875201635e+00,3.731743781827390194e-04
1.443805808148348468e+00,6.512610125355422497e-04
1.443870806124651018e+00,6.546385120600461960e-04
1.443935774830495289e+00,9.517482976661995053e-05
1.444000714292231979e+00,9.262499515898525715e-04
1.444065624536176928e+00,6.444326136261224747e-04
1.444130505588609337e+00,6.500265444628894329e-04
1.444195357475773767e+00,9.255152544938027859e-04
1.444260180223879031e+00,3.715115308295935392e-04
1.444324973859098638e+00,1.202299143187701702e-03
1.444389738407571011e+00,6.484882906079292297e-04
1.444454473895399271e+00,9.711456368677318096e-05
1.444519180348651455e+00,9.677040361566469073e-05
1.444583857793360959e+00,3.714280028361827135e-04
1.444648506255524989e+00,6.437981501221656799e-04
1.444713125761106998e+00,3.653229796327650547e-04
1.444777716336035134e+00,3.710547753144055605e-04
1.444842278006202907e+00,3.673582104966044426e-04
1.444906810797468744e+00,3.655492910183966160e-04
1.444971314735656653e+00,6.518847658298909664e-04
1.445035789846555785e+00,6.491446401923894882e-04
1.445100236155921092e+00,6.424455204978585243e-04
1.445164653689472889e+00,8.548469486413523555e-05
1.445229042472896630e+00,6.464417674578726292e-04
1.445293402531844240e+00,1.200930564664304256e-03
1.445357733891932339e+00,9.205701062455773354e-04
1.445422036578743796e+00,8.782318036537617445e-05
1.445486310617827952e+00,6.452188827097415924e-04
1.445550556034698841e+00,3.631317813415080309e-04
1.445614772854836971e+00,9.276592027163133025e-05
1.445678961103688653e+00,6.433476228266954422e-04
1.445743120806666671e+00,6.381825660355389118e-04
1.445807251989149833e+00,9.186004754155874252e-04
1.445871354676482312e+00,8.434370829490944743e-05
1.445935428893975860e+00,3.603706427384167910e-04
1.445999474666907147e+00,3.561505291145294905e-04
1.446063492020520203e+00,8.846461423672735691e-05
1.446127480980024860e+00,9.209797717630863190e-04
1.446191441570597869e+00,6.352242198772728443e-04
1.446255373817382450e+00,3.614723100326955318e-04
1.446319277745487852e+00,6.366076413542032242e-04
1.446383153379990905e+00,6.414317176677286625e-04
1.446447000745934020e+00,8.249085658462718129e-05
1.446510819868327635e+00,6.388211622834205627e-04
1.446574610772147773e+00,9.141052141785621643e-04
1.446638373482338258e+00,3.651214938145130873e-04
1.446702108023809386e+00,7.705340976826846600e-05
1.446765814421438812e+00,6.370090995915234089e-04
1.446829492700070885e+00,6.339413230307400227e-04
1.446893142884516870e+00,6.376781966537237167e-04
1.446956764999556277e+00,9.150489349849522114e-04
1.447020359069934647e+00,3.600746276788413525e-04
1.447083925120365100e+00,8.345271635334938765e-05
1.447147463175529003e+00,9.146353695541620255e-04
1.447210973260073752e+00,3.593822184484452009e-04
1.447274455398615212e+00,7.913001900305971503e-05
1.447337909615736162e+00,3.587028186302632093e-04
1.447401335935987410e+00,7.857139280531555414e-05
1.447464734383887119e+00,7.862328493501991034e-05
1.447528104983921704e+00,3.545030776876956224e-04
1.447591447760544048e+00,1.186571782454848289e-03
1.447654762738176171e+00,6.367000751197338104e-04
1.447718049941207230e+00,3.528689849190413952e-04
1.447781309393994853e+00,9.142154012806713581e-04
1.447844541120864026e+00,7.567425200249999762e-05
1.447907745146107761e+00,3.595923772081732750e-04
1.447970921493987762e+00,3.544673963915556669e-04
1.448034070188733757e+00,6.318480591289699078e-04
1.448097191254542837e+00,6.290297606028616428e-04
1.448160284715581447e+00,3.540178004186600447e-04
1.448223350595983394e+00,3.537096781656146049e-04
1.448286388919851841e+00,6.271831225603818893e-04
1.448349399711257757e+00,1.187644433230161667e-03
1.448412382994240133e+00,6.299141678027808666e-04
1.448475338792807543e+00,3.488948277663439512e-04
1.448538267130936807e+00,1.741369487717747688e-03
1.448601168032572550e+00,7.877274765633046627e-05
1.448664041521628976e+00,6.940555613255128264e-05
1.448726887621988979e+00,1.184522872790694237e-03
1.448789706357503926e+00,6.290715537033975124e-04
1.448852497751994317e+00,3.516397555358707905e-04
1.448915261829249124e+00,7.053867011563852429e-05
1.448977998613027340e+00,6.257647182792425156e-04
1.449040708127055099e+00,6.294745835475623608e-04
1.449103390395029667e+00,6.337332306429743767e-04
1.449166045440616335e+00,3.503180341795086861e-04
1.449228673287449531e+00,6.287014693953096867e-04
1.449291273959133264e+00,9.062400204129517078e-04
1.449353847479240676e+00,9.013487724587321281e-04
1.449416393871314268e+00,3.492723626550287008e-04
1.449478913158866122e+00,1.460203086026012897e-03
1.449541405365377233e+00,6.238985224626958370e-04
1.449603870514298620e+00,6.975549331400543451e-05
1.449666308629050659e+00,3.482786996755748987e-04
1.449728719733023530e+00,6.905009649926796556e-05
1.449791103849576768e+00,6.236090557649731636e-04
1.449853461002039934e+00,3.498804580885916948e-04
1.449915791213711724e+00,3.477289283182471991e-04
1.449978094507861748e+00,3.446321061346679926e-04
1.450040370907728082e+00,1.180330640636384487e-03
1.450102620436519940e+00,3.462529857642948627e-04
1.450164843117415892e+00,3.456353151705116034e-04
1.450227038973564531e+00,6.274547777138650417e-04
1.450289208028084920e+00,7.179532258305698633e-05
1.450351350304065923e+00,6.238650530576705933e-04
1.450413465824566650e+00,6.813705113017931581e-05
1.450475554612616236e+00,6.715742347296327353e-05
1.450537616691214504e+00,3.474491822998970747e-04
1.450599652083331526e+00,3.446060291025787592e-04
1.450661660811907394e+00,3.407001495361328125e-04
1.450723642899852672e+00,8.996949763968586922e-04
1.450785598370049279e+00,3.476398997008800507e-04
1.450847527245348045e+00,9.020871948450803757e-04
1.450909429548572493e+00,3.470824158284813166e-04
1.450971305302514391e+00,6.770192703697830439e-05
1.451033154529938418e+00,8.967660833150148392e-04
1.451094977253578389e+00,3.433726669754832983e-04
1.451156773496139918e+00,6.742013647453859448e-05
1.451218543280298423e+00,1.177700934931635857e-03
1.451280286628701788e+00,6.838293484179303050e-05
1.451342003563966809e+00,3.409417986404150724e-04
1.451403694108683196e+00,3.455686382949352264e-04
1.451465358285410456e+00,3.435024700593203306e-04
1.451526996116679680e+00,6.188130355440080166e-04
1.451588607624992644e+00,6.176006863825023174e-04
1.451650192832822928e+00,6.160098710097372532e-04
1.451711751762615243e+00,8.943392313085496426e-04
1.451773284436784772e+00,6.302250403678044677e-05
1.451834790877719161e+00,6.751147884642705321e-05
1.451896271107776748e+00,8.969175978563725948e-04
1.451957725149287448e+00,8.971762144938111305e-04
1.452019153024552756e+00,8.991224458441138268e-04
1.452080554755845521e+00,8.935986552387475967e-04
1.452141930365410394e+00,6.159138865768909454e-04
1.452203279875463382e+00,3.360232512932270765e-04
1.452264603308192070e+00,8.903543348424136639e-04
1.452325900685756732e+00,6.187268445501103997e-05
1.452387172030287665e+00,3.386487660463899374e-04
1.452448417363888744e+00,3.353553765919059515e-04
1.452509636708634533e+00,3.370766644366085529e-04
1.452570830086572062e+00,3.375091182533651590e-04
1.452631997519720164e+00,8.943838183768093586e-04
1.452693139030069469e+00,6.235948967514559627e-05
1.452754254639583076e+00,1.169118331745266914e-03
1.452815344370196105e+00,6.131993723101913929e-04
1.452876408243815476e+00,6.441504956455901265e-05
1.452937446282320577e+00,3.360461269039660692e-04
1.452998458507562596e+00,5.946159944869577885e-05
1.453059444941366296e+00,3.362001443747431040e-04
1.453120405605527132e+00,3.393040387891232967e-04
1.453181340521813913e+00,6.112117553129792213e-04
1.453242249711967471e+00,8.891497855074703693e-04
1.453303133197701769e+00,6.128900568000972271e-04
1.453363991000702571e+00,3.343740827403962612e-04
1.453424823142627886e+00,6.137286545708775520e-04
1.453485629645109745e+00,1.166691421531140804e-03
1.453546410529751531e+00,3.337525122333317995e-04
1.453607165818129987e+00,6.129678222350776196e-04
1.453667895531794096e+00,5.892569970455951989e-05
1.453728599692266421e+00,5.602364035439677536e-05
1.453789278321041767e+00,3.343867720104753971e-04
1.453849931439587628e+00,3.332222986500710249e-04
1.453910559069345521e+00,8.887444855645298958e-04
1.453971161231728315e+00,6.145833176560699940e-04
1.454031737948123126e+00,5.302829231368377805e-05
1.454092289239889979e+00,5.409451114246621728e-05
1.454152815128361809e+00,1.163929118774831295e-03
1.454213315634844683e+00,8.874981431290507317e-04
1.454273790780617803e+00,6.123118218965828419e-04
1.454334240586934168e+00,3.327182785142213106e-04
1.454394665075019022e+00,8.897958905436098576e-04
1.454455064266072073e+00,6.077642901800572872e-04
1.454515438181265718e+00,6.078914157114923000e-04
1.454575786841746154e+00,6.122014601714909077e-04
1.454636110268632709e+00,6.079599843360483646e-04
1.454696408483018510e+00,6.077971775084733963e-04
1.454756681505970262e+00,3.332640335429459810e-04
1.454816929358528022e+00,3.309620369691401720e-04
1.454877152061705647e+00,8.854776388034224510e-04
1.454937349636491017e+00,3.335563233122229576e-04
1.454997522103844698e+00,5.131340731168165803e-05
1.455057669484702609e+00,6.038125720806419849e-04
1.455117791799972915e+00,5.399491055868566036e-05
1.455177889070538688e+00,6.071350071579217911e-04
1.455237961317256579e+00,6.105633801780641079e-04
1.455298008560957701e+00,8.856115164235234261e-04
1.455358030822446080e+00,5.306067032506689429e-05
1.455418028122500429e+00,8.851121529005467892e-04
1.455478000481873702e+00,8.852903847582638264e-04
1.455537947921293096e+00,6.096056313253939152e-04
1.455597870461459165e+00,5.309221887728199363e-05
1.455657768123047369e+00,8.826004341244697571e-04
1.455717640926707412e+00,6.064816843718290329e-04
1.455777488893063021e+00,3.284910053480416536e-04
1.455837312042712384e+00,8.786717662587761879e-04
1.455897110396228156e+00,1.160543877631425858e-03
1.455956883974157456e+00,6.048665381968021393e-04
1.456016632797021204e+00,3.271839814260601997e-04
1.456076356885316114e+00,3.326883597765117884e-04
1.456136056259512479e+00,6.033719982951879501e-04
1.456195730940055277e+00,1.159825827926397324e-03
1.456255380947364619e+00,6.033232784830033779e-04
1.456315006301834636e+00,8.824933902360498905e-04
1.456374607023834589e+00,4.672145951190032065e-05
1.456434183133708649e+00,1.159378094598650932e-03
1.456493734651775673e+00,6.043650209903717041e-04
1.456553261598328763e+00,3.253201721236109734e-04
1.456612763993637039e+00,6.012084777466952801e-04
1.456672241857943417e+00,6.080039893276989460e-04
1.456731695211466615e+00,3.275744966231286526e-04
1.456791124074400035e+00,8.796301553957164288e-04
1.456850528466912209e+00,3.249255241826176643e-04
1.456909908409146581e+00,4.830132093047723174e-05
1.456969263921221724e+00,4.765738412970677018e-05
1.457028595023231787e+00,1.438698498532176018e-03
1.457087901735246049e+00,3.243264509364962578e-04
1.457147184077308477e+00,3.232268500141799450e-04
1.457206442069439278e+00,8.768860716372728348e-04
1.457265675731632681e+00,3.257943899370729923e-04
1.457324885083859822e+00,3.222095838282257318e-04
1.457384070146066302e+00,6.025648326613008976e-04
1.457443230938173295e+00,6.009810604155063629e-04
1.457502367480077332e+00,8.775728638283908367e-04
1.457561479791651182e+00,6.025272305123507977e-04
1.457620567892742969e+00,3.222767845727503300e-04
1.457679631803175280e+00,3.228243149351328611e-04
1.457738671542748499e+00,6.024889298714697361e-04
1.457797687131236586e+00,8.769796113483607769e-04
1.457856678588390631e+00,4.644123328034766018e-05
1.457915645933937077e+00,5.990252830088138580e-04
1.457974589187577719e+00,3.211629227735102177e-04
1.458033508368991482e+00,5.961942370049655437e-04
1.458092403497831535e+00,3.236907068639993668e-04
1.458151274593728397e+00,3.214110329281538725e-04
1.458210121676287718e+00,3.204030799679458141e-04
1.458268944765091613e+00,3.197251935489475727e-04
1.458327743879697769e+00,3.230200672987848520e-04
1.458386519039640561e+00,4.332910248194821179e-05
1.458445270264430382e+00,8.741197525523602962e-04
1.458503997573553201e+00,8.746874518692493439e-04
1.458562700986471894e+00,1.154256053268909454e-03
1.458621380522625355e+00,3.211629809811711311e-04
1.458680036201428498e+00,5.979153211228549480e-04
1.458738668042273368e+00,1.429230091162025928e-03
1.458797276064527138e+00,4.511810038820840418e-05
1.458855860287534556e+00,3.189676208421587944e-04
1.458914420730615724e+00,3.208860580343753099e-04
1.458972957413068761e+00,3.194391611032187939e-04
1.459031470354166915e+00,5.969758494757115841e-04
1.459089959573160122e+00,8.725812076590955257e-04
1.459148425089275669e+00,8.756989846006035805e-04
1.459206866921716861e+00,5.959088448435068130e-04
1.459265285089664355e+00,8.726757369004189968e-04
1.459323679612274161e+00,8.740118937566876411e-04
1.459382050508680528e+00,5.961085553281009197e-04
1.459440397797993727e+00,3.166776732541620731e-04
1.459498721499300933e+00,4.012227145722135901e-05
1.459557021631666229e+00,3.156065067742019892e-04
1.459615298214130830e+00,3.174763114657253027e-04
1.459673551265712410e+00,3.179984632879495621e-04
1.459731780805405998e+00,1.150347990915179253e-03
1.459789986852183308e+00,3.170032287016510963e-04
1.459848169424993847e+00,3.188281261827796698e-04
1.459906328542762921e+00,5.962894647382199764e-04
1.459964464224394298e+00,1.147926668636500835e-03
1.460022576488767765e+00,3.180805360898375511e-04
1.460080665354741347e+00,4.152926339884288609e-05
1.460138730841149535e+00,4.100461228517815471e-05
1.460196772966804168e+00,3.920250310329720378e-05
1.460254791750494885e+00,4.195469227852299809e-05
1.460312787210988228e+00,3.782170460908673704e-05
1.460370759367027871e+00,3.675836705951951444e-05
1.460428708237335949e+00,3.160554042551666498e-04
1.460486633840611059e+00,8.679025340825319290e-04
1.460544536195529153e+00,3.153668949380517006e-04
1.460602415320744862e+00,3.144694201182574034e-04
1.460660271234889063e+00,3.156164602842181921e-04
1.460718103956571090e+00,5.919631221331655979e-04
1.460775913504377410e+00,3.694607949000783265e-05
1.460833699896872950e+00,3.152402641717344522e-04
1.460891463152598879e+00,5.925314035266637802e-04
1.460949203290075715e+00,3.873422974720597267e-05
1.461006920327800662e+00,3.135327133350074291e-04
1.461064614284249163e+00,5.929361796006560326e-04
1.461122285177874458e+00,8.696594741195440292e-04
1.461179933027107580e+00,3.166620736010372639e-04
1.461237557850357582e+00,8.692312403582036495e-04
1.461295159666011534e+00,5.917701637372374535e-04
1.461352738492434078e+00,1.145054469816386700e-03
1.461410294347968541e+00,3.404267044970765710e-05
1.461467827250935825e+00,3.132060519419610500e-04
1.461525337219634624e+00,8.694003918208181858e-04
1.461582824272342762e+00,3.137084131594747305e-04
1.461640288427314971e+00,8.683981723152101040e-04
1.461697729702785775e+00,1.701161847449839115e-03
1.461755148116966163e+00,5.928067257627844810e-04
1.461812543688046473e+00,3.132571000605821609e-04
1.461869916434195282e+00,5.894047790206968784e-04
1.461927266373559187e+00,5.914525245316326618e-04
1.461984593524263021e+00,3.138539614155888557e-04
1.462041897904410304e+00,3.103284689132124186e-04
1.462099179532083237e+00,5.889444146305322647e-04
1.462156438425342264e+00,8.670994429849088192e-04
1.462213674602226066e+00,5.902104894630610943e-04
1.462270888080752007e+00,5.894867936149239540e-04
1.462328078878915916e+00,5.894326022826135159e-04
1.462385247014692968e+00,1.142879715189337730e-03
1.462442392506035915e+00,3.125020302832126617e-04
1.462499515370876857e+00,5.893670604564249516e-04
1.462556615627126799e+00,3.107963711954653263e-04
1.462613693292674544e+00,5.867616273462772369e-04
1.462670748385388242e+00,3.110935795120894909e-04
1.462727780923115395e+00,8.649324299767613411e-04
1.462784790923681522e+00,5.888316081836819649e-04
1.462841778404891047e+00,5.860689561814069748e-04
1.462898743384527744e+00,3.112047852482646704e-04
1.462955685880354517e+00,5.877047660760581493e-04
1.463012605910112063e+00,5.878202500753104687e-04
1.463069503491521539e+00,3.241429294575937092e-05
1.463126378642282344e+00,3.099072782788425684e-04
1.463183231380073224e+00,3.087834338657557964e-04
1.463240061722551610e+00,3.005608959938399494e-05
1.463296869687354729e+00,3.160799315082840621e-05
1.463353655292098487e+00,3.109188692178577185e-04
1.463410418554377923e+00,5.846590502187609673e-04
1.463467159491767866e+00,3.095643187407404184e-04
1.463523878121822053e+00,8.635860285721719265e-04
1.463580574462073347e+00,3.084011841565370560e-04
1.463637248530034185e+00,5.868320004083216190e-04
1.463693900343197019e+00,2.902586675190832466e-05
1.463750529919031873e+00,5.856336792930960655e-04
1.463807137274990344e+00,8.628256036899983883e-04
1.463863722428502046e+00,3.081533068325370550e-04
1.463920285396976606e+00,3.057822323171421885e-05
1.463976826197803227e+00,5.857335054315626621e-04
1.464033344848350904e+00,5.859678494744002819e-04
1.464089841365967093e+00,3.074455598834902048e-04
1.464146315767980600e+00,5.851243622601032257e-04
1.464202768071698468e+00,5.858192453160881996e-04
1.464259198294408204e+00,1.139396685175597668e-03
1.464315606453376439e+00,5.863740225322544575e-04
1.464371992565850045e+00,3.057336434721946716e-04
1.464428356649055685e+00,5.853827460668981075e-04
1.464484698720199818e+00,3.063413314521312714e-04
1.464541018796468475e+00,3.072449180763214827e-04
1.464597316895027257e+00,8.610083023086190224e-04
1.464653593033022894e+00,3.053297987207770348e-04
1.464709847227580797e+00,3.076837456319481134e-04
1.464766079495807283e+00,1.137907267548143864e-03
1.464822289854787796e+00,8.609231445007026196e-04
1.464878478321588240e+00,3.046372148673981428e-04
1.464934644913255202e+00,5.839498480781912804e-04
1.464990789646814395e+00,1.138400053605437279e-03
1.465046912539271773e+00,8.612471283413469791e-04
1.465103013607614413e+00,3.062343748752027750e-04
1.465159092868808299e+00,3.056093701161444187e-04
1.465215150339800543e+00,3.065515775233507156e-04
1.465271186037518047e+00,1.139038591645658016e-03
1.465327199978868400e+00,1.416907995007932186e-03
1.465383192180738980e+00,8.625891059637069702e-04
1.465439162659997629e+00,3.062145842704921961e-04
1.465495111433493314e+00,3.055095148738473654e-04
1.465551038518054350e+00,3.041790914721786976e-04
1.465606943930490402e+00,2.573016536189243197e-05
1.465662827687590264e+00,5.824324907734990120e-04
1.465718689806125408e+00,3.033533866982907057e-04
1.465774530302845324e+00,3.035596164409071207e-04
1.465830349194481963e+00,2.668384695425629616e-05
1.465886146497746845e+00,5.818633362650871277e-04
1.465941922229332839e+00,5.811962764710187912e-04
1.465997676405912609e+00,5.827525747008621693e-04
1.466053409044140610e+00,3.040218434762209654e-04
1.466109120160650425e+00,3.035867994185537100e-04
1.466164809772058097e+00,2.742937067523598671e-05
1.466220477894959018e+00,2.597940510895568877e-05
1.466276124545930371e+00,3.033128450624644756e-04
1.466331749741529800e+00,3.030902880709618330e-04
1.466387353498295854e+00,3.019679570570588112e-04
1.466442935832747096e+00,3.045613120775669813e-04
1.466498496761384995e+00,1.412315177731215954e-03
1.466554036300690145e+00,3.019896976184099913e-04
1.466609554467124710e+00,5.823809769935905933e-04
1.466665051277132203e+00,1.137526938691735268e-03
1.466720526747136155e+00,2.606030284368898720e-05
1.466775980893542775e+00,8.585576433688402176e-04
1.466831413732738065e+00,2.601467531349044293e-05
1.466886825281089379e+00,3.016566333826631308e-04
1.466942215554945195e+00,3.028399951290339231e-04
1.466997584570636004e+00,3.013971436303108931e-04
1.467052932344472316e+00,8.556128013879060745e-04
1.467108258892746431e+00,5.804537795484066010e-04
1.467163564231731998e+00,3.014967660419642925e-04
1.467218848377683793e+00,5.788353737443685532e-04
1.467274111346837939e+00,5.774075398221611977e-04
1.467329353155412131e+00,2.327980291738640517e-05
1.467384573819604965e+00,8.566012838855385780e-04
1.467439773355596833e+00,3.022123128175735474e-04
1.467494951779549472e+00,2.433331610518507659e-05
1.467550109107606193e+00,2.256761035823728889e-05
1.467605245355891208e+00,2.318653423571959138e-05
1.467660360540510966e+00,3.021889424417167902e-04
1.467715454677553044e+00,2.282625791849568486e-05
1.467770527783087253e+00,1.134061487391591072e-03
1.467825579873163866e+00,3.002658195327967405e-04
1.467880610963816057e+00,3.002127632498741150e-04
1.467935621071057462e+00,2.338967897230759263e-05
1.467990610210884395e+00,5.787543486803770065e-04
1.468045578399274076e+00,3.001558652613312006e-04
1.468100525652185961e+00,5.785167450085282326e-04
1.468155451985561522e+00,1.132161356508731842e-03
1.468210357415323353e+00,2.183604556194040924e-05
1.468265241957376288e+00,8.549393969587981701e-04
1.468320105627606731e+00,2.284202491864562035e-05
1.468374948441883543e+00,5.786673282273113728e-04
1.468429770416056934e+00,2.256875086459331214e-05
1.468484571565959351e+00,2.990231441799551249e-04
1.468539351907404811e+00,5.758934421464800835e-04
1.468594111456189788e+00,2.998040872626006603e-04
1.468648850228092773e+00,2.021281761699356139e-05
1.468703568238873824e+00,2.160184158128686249e-05
1.468758265504275462e+00,2.991011424455791712e-04
1.468812942040022440e+00,1.957942913577426225e-05
1.468867597861821084e+00,1.132064498960971832e-03
1.468922232985360399e+00,2.997560950461775064e-04
1.468976847426311405e+00,2.990466018673032522e-04
1.469031441200327359e+00,8.543630829080939293e-04
1.469086014323043754e+00,3.000463475473225117e-04
1.469140566810077875e+00,3.004246100317686796e-04
1.469195098677030131e+00,2.101263089571148157e-05
1.469249609939482504e+00,5.761386710219085217e-04
1.469304100613000319e+00,1.408684998750686646e-03
1.469358570713130030e+00,8.551432983949780464e-04
1.469413020255400992e+00,3.015932452399283648e-04
1.469467449255325464e+00,2.048052192549221218e-05
1.469521857728397718e+00,2.980896679218858480e-04
1.469576245690094041e+00,1.129938755184412003e-03
1.469630613155874288e+00,8.525730809196829796e-04
1.469684960141179886e+00,2.970219065900892019e-04
1.469739286661435385e+00,5.753370933234691620e-04
1.469793592732047793e+00,5.753095028921961784e-04
1.469847878368406580e+00,2.970173954963684082e-04
1.469902143585883891e+00,1.903082738863304257e-05
1.469956388399834557e+00,1.941188020282424986e-05
1.470010612825596308e+00,5.750240525230765343e-04
1.470064816878489555e+00,5.751890712417662144e-04
1.470119000573816725e+00,5.744218942709267139e-04
1.470173163926863591e+00,2.965124731417745352e-04
1.470227306952899271e+00,8.530549239367246628e-04
1.470281429667174899e+00,2.963794977404177189e-04
1.470335532084924068e+00,8.530524210073053837e-04
1.470389614221364827e+00,5.750237032771110535e-04
1.470443676091696572e+00,2.968092740047723055e-04
1.470497717711102270e+00,3.035455883946269751e-04
1.470551739094748012e+00,3.973580896854400635e-01
1.470605740257782124e+00,3.121754229068756104e-01
1.470659721215336502e+00,2.208368629217147827e-01
1.470713681982526388e+00,1.270132064819335938e-01
1.470767622574448819e+00,2.370285242795944214e-01
1.470821543006185728e+00,6.858759373426437378e-02
1.470875443292800400e+00,7.197165489196777344e-02
1.470929323449340353e+00,2.830693125724792480e-02
1.470983183490836010e+00,9.280517697334289551e-03
1.471037023432300250e+00,1.541828177869319916e-02
1.471090843288729966e+00,5.232326220721006393e-03
1.471144643075105396e+00,1.096335006877779961e-03
1.471198422806389461e+00,7.335473783314228058e-04
1.471252182497528427e+00,1.776424818672239780e-03
1.471305922163452129e+00,5.066739977337419987e-04
1.471359641819073749e+00,7.874593720771372318e-04
1.471413341479289594e+00,1.034455024637281895e-03
1.471467021158979316e+00,1.293989364057779312e-03
1.471520680873005693e+00,1.657060638535767794e-04
1.471574320636215960e+00,4.434028232935816050e-04
1.471627940463439588e+00,1.730557705741375685e-04
1.471681540369490726e+00,4.460299678612500429e-04
1.471735120369165761e+00,6.863891612738370895e-04
1.471788680477245093e+00,6.869029602967202663e-04
1.471842220708493354e+00,7.010397966951131821e-04
1.471895741077658082e+00,1.346986246062442660e-04
1.471949241599469937e+00,6.903519388288259506e-04
1.472002722288644261e+00,1.329958759015426040e-04
1.472056183159878850e+00,1.228038803674280643e-03
1.472109624227856850e+00,1.251931098522618413e-04
1.472163045507243417e+00,3.976248844992369413e-04
1.472216447012687945e+00,3.884190518874675035e-04
1.472269828758824062e+00,6.708469591103494167e-04
1.472323190760268741e+00,6.700329831801354885e-04
1.472376533031622747e+00,1.220110061694867909e-04
1.472429855587470637e+00,3.898747381754219532e-04
1.472483158442381201e+00,3.967319789808243513e-04
1.472536441610906577e+00,6.504832999780774117e-04
1.472589705107582914e+00,1.155226345872506499e-04
1.472642948946930153e+00,6.566760712303221226e-04
1.472696173143452691e+00,1.087283671949990094e-04
1.472749377711638274e+00,3.770806360989809036e-04
1.472802562665959103e+00,9.425533935427665710e-04
1.472855728020870947e+00,6.595509476028382778e-04
1.472908873790813811e+00,9.954335837392136455e-05
1.472961999990211934e+00,9.269975125789642334e-04
1.473015106633473126e+00,6.488999933935701847e-04
1.473068193734989872e+00,3.728677984327077866e-04
1.473121261309138452e+00,9.962255717255175114e-05
1.473174309370279156e+00,6.503817858174443245e-04
1.473227337932756953e+00,9.172624559141695499e-04
1.473280347010900382e+00,9.288871660828590393e-04
1.473333336619022660e+00,3.714846679940819740e-04
1.473386306771420795e+00,6.534979911521077156e-04
1.473439257482376474e+00,3.711470344569534063e-04
1.473492188766155619e+00,3.624149248935282230e-04
1.473545100637008165e+00,1.201071194373071194e-03
1.473597993109168502e+00,6.406890461221337318e-04
1.473650866196855924e+00,1.192573457956314087e-03
1.473703719914272847e+00,8.341228385688737035e-05
1.473756554275607256e+00,7.829856622265651822e-05
1.473809369295031368e+00,3.659892827272415161e-04
1.473862164986700973e+00,8.367980626644566655e-05
1.473914941364757425e+00,9.144250652752816677e-04
1.473967698443325647e+00,6.372135248966515064e-04
1.474020436236516352e+00,9.082744945771992207e-04
1.474073154758422710e+00,1.192806987091898918e-03
1.474125854023125015e+00,3.575629962142556906e-04
1.474178534044685573e+00,3.582544741220772266e-04
1.474231194837153591e+00,1.466102898120880127e-03
1.474283836414561177e+00,9.091719985008239746e-04
1.474336458790926008e+00,3.550047113094478846e-04
1.474389061980249771e+00,3.516861179377883673e-04
1.474441645996519945e+00,3.565130755305290222e-04
1.474494210853707354e+00,6.266030250117182732e-04
1.474546756565768391e+00,3.534333081915974617e-04
1.474599283146644124e+00,6.308746524155139923e-04
1.474651790610260083e+00,9.053426329046487808e-04
1.474704278970527360e+00,9.079506271518766880e-04
1.474756748241340620e+00,6.281053065322339535e-04
1.474809198436580537e+00,7.435277075273916125e-05
1.474861629570112020e+00,3.477607388049364090e-04
1.474914041655784880e+00,7.770682714181020856e-05
1.474966434707434271e+00,6.248163408599793911e-04
1.475018808738880027e+00,6.815659435233101249e-05
1.475071163763926441e+00,3.473552933428436518e-04
1.475123499796364035e+00,9.004033636301755905e-04
1.475175816849966903e+00,6.722180842189118266e-05
1.475228114938494706e+00,6.254940526559948921e-04
1.475280394075692891e+00,6.990217661950737238e-05
1.475332654275291144e+00,3.440071595832705498e-04
1.475384895551003828e+00,9.056510170921683311e-04
1.475437117916531538e+00,3.458339197095483541e-04
1.475489321385559549e+00,6.236320477910339832e-04
1.475541505971757816e+00,6.193144508870318532e-05
1.475593671688782083e+00,3.439829451963305473e-04
1.475645818550272992e+00,1.175631186924874783e-03
1.475697946569856311e+00,6.224329117685556412e-04
1.475750055761143376e+00,5.759184205089695752e-05
1.475802146137730420e+00,6.289847078733146191e-05
1.475854217713199246e+00,3.455913392826914787e-04
1.475906270501117001e+00,3.398871049284934998e-04
1.475958304515035735e+00,6.185890524648129940e-04
1.476010319768493062e+00,6.251857266761362553e-04
1.476062316275012165e+00,1.172694144770503044e-03
1.476114294048101128e+00,6.274261249927803874e-05
1.476166253101254044e+00,3.418328124098479748e-04
1.476218193447950133e+00,6.376847159117460251e-05
1.476270115101653735e+00,3.364030271768569946e-04
1.476322018075815645e+00,3.383831353858113289e-04
1.476373902383870451e+00,3.338291717227548361e-04
1.476425768039240305e+00,3.398162662051618099e-04
1.476477615055331372e+00,6.151299457997083664e-04
1.476529443445535827e+00,6.147635285742580891e-04
1.476581253223231416e+00,3.341449773870408535e-04
1.476633044401782113e+00,8.908893214538693428e-04
1.476684816994536131e+00,3.353682986926287413e-04
1.476736571014828359e+00,3.398182743694633245e-04
1.476788306475979251e+00,6.141924532130360603e-04
1.476840023391294610e+00,6.079421145841479301e-04
1.476891721774066246e+00,8.910062024369835854e-04
1.476943401637571096e+00,6.119481404311954975e-04
1.476995062995072772e+00,3.347883757669478655e-04
1.477046705859819786e+00,6.109962123446166515e-04
1.477098330245046887e+00,6.113897543400526047e-04
1.477149936163974608e+00,1.166590605862438679e-03
1.477201523629809055e+00,5.896950824535451829e-05
1.477253092655742561e+00,5.230108945397660136e-05
1.477304643254952810e+00,3.322283737361431122e-04
1.477356175440603492e+00,6.069834926165640354e-04
1.477407689225844534e+00,5.523209256352856755e-05
1.477459184623811650e+00,6.112422561272978783e-04
1.477510661647626566e+00,3.312913759145885706e-04
1.477562120310396354e+00,3.302638360764831305e-04
1.477613560625214983e+00,3.303833946119993925e-04
1.477664982605161770e+00,6.106845685280859470e-04
1.477716386263302262e+00,1.164010260254144669e-03
1.477767771612688019e+00,6.077811704017221928e-04
1.477819138666356613e+00,8.854936459101736546e-04
1.477870487437332070e+00,6.063885521143674850e-04
1.477921817938623761e+00,1.158634317107498646e-03
1.477973130183228179e+00,5.468154267873615026e-05
1.478024424184126717e+00,5.007036452298052609e-05
1.478075699954288336e+00,6.095757707953453064e-04
1.478126957506666672e+00,6.030664080753922462e-04
1.478178196854202930e+00,8.868813747540116310e-04
1.478229418009823659e+00,5.190523370401933789e-05
1.478280620986442084e+00,6.030516233295202255e-04
1.478331805796957221e+00,5.084554504719562829e-05
1.478382972454255206e+00,6.012694211676716805e-04
1.478434120971207300e+00,3.261783858761191368e-04
1.478485251360672326e+00,6.095234421081840992e-04
1.478536363635494011e+00,8.831201703287661076e-04
1.478587457808503869e+00,6.030463264323771000e-04
1.478638533892518980e+00,3.295541682746261358e-04
1.478689591900343103e+00,4.825389987672679126e-05
1.478740631844766229e+00,3.289077722001820803e-04
1.478791653738564582e+00,3.260285011492669582e-04
1.478842657594501508e+00,5.031033651903271675e-05
1.478893643425326365e+00,3.299316158518195152e-04
1.478944611243774521e+00,8.794962195679545403e-04
1.478995561062569131e+00,3.269240260124206543e-04
1.479046492894418696e+00,5.996820400469005108e-04
1.479097406752018617e+00,3.209001151844859123e-04
1.479148302648051416e+00,6.005147006362676620e-04
1.479199180595185181e+00,3.233923634979873896e-04
1.479250040606075345e+00,8.770443382672965527e-04
1.479300882693363572e+00,4.478686969378031790e-05
1.479351706869678651e+00,8.814160246402025223e-04
1.479402513147635378e+00,3.242764214519411325e-04
1.479453301539835897e+00,4.628138049156405032e-05
1.479504072058868802e+00,3.226645058020949364e-04
1.479554824717308703e+00,4.575097045744769275e-05
1.479605559527718217e+00,3.230266156606376171e-04
1.479656276502645751e+00,1.154288765974342823e-03
1.479706975654626833e+00,4.187498052488081157e-05
1.479757656996183890e+00,6.020182045176625252e-04
1.479808320539825583e+00,3.190574061591178179e-04
1.479858966298048140e+00,3.211597213521599770e-04
1.479909594283334240e+00,3.198926860932260752e-04
1.479960204508153687e+00,4.320139123592525721e-05
1.480010796984962518e+00,8.816551999188959599e-04
1.480061371726204555e+00,1.155626028776168823e-03
1.480111928744309857e+00,6.013218080624938011e-04
1.480162468051695601e+00,4.440739212441258132e-05
1.480212989660766532e+00,6.009982898831367493e-04
1.480263493583913403e+00,3.208399284631013870e-04
1.480313979833514093e+00,5.942480056546628475e-04
1.480364448421934265e+00,3.205457469448447227e-04
1.480414899361526038e+00,3.184308588970452547e-04
1.480465332664628653e+00,4.079455538885667920e-05
1.480515748343568028e+00,8.741650381125509739e-04
1.480566146410658090e+00,8.751883869990706444e-04
1.480616526878199224e+00,4.189429819234646857e-05
1.480666889758478932e+00,3.198168706148862839e-04
1.480717235063771842e+00,3.172413562424480915e-04
1.480767562806340143e+00,8.730172412469983101e-04
1.480817872998432705e+00,3.180775383953005075e-04
1.480868165652285739e+00,5.966426688246428967e-04
1.480918440780123024e+00,4.157131115789525211e-05
1.480968698394155014e+00,3.990408367826603353e-05
1.481018938506579730e+00,1.152951270341873169e-03
1.481069161129582312e+00,1.150132040493190289e-03
1.481119366275335247e+00,5.948120960965752602e-04
1.481169553955998586e+00,4.009330586995929480e-05
1.481219724183719055e+00,3.894432666129432619e-05
1.481269876970630950e+00,3.176770987920463085e-04
1.481320012328856794e+00,3.168914990965276957e-04
1.481370130270505125e+00,8.717696182429790497e-04
1.481420230807672267e+00,3.902658136212266982e-05
1.481470313952442774e+00,3.154267615173012018e-04
1.481520379716887659e+00,5.938816466368734837e-04
1.481570428113065496e+00,8.750976412557065487e-04
1.481620459153023095e+00,5.924152792431414127e-04
1.481670472848793496e+00,8.717871969565749168e-04
1.481720469212398639e+00,5.949225160293281078e-04
1.481770448255846695e+00,8.740460616536438465e-04
1.481820409991133847e+00,3.163144283462315798e-04
1.481870354430244063e+00,3.160713822580873966e-04
1.481920281585148880e+00,8.691946859471499920e-04
1.481970191467806730e+00,5.924833822064101696e-04
1.482020084090164502e+00,3.150021657347679138e-04
1.482069959464156206e+00,5.937108071520924568e-04
1.482119817601703415e+00,8.717887103557586670e-04
1.482169658514715938e+00,5.931367632001638412e-04
1.482219482215090256e+00,5.916183581575751305e-04
1.482269288714711308e+00,4.007420648122206330e-05
1.482319078025451597e+00,3.700274100992828608e-05
1.482368850159171192e+00,3.122985654044896364e-04
1.482418605127718170e+00,8.721627527847886086e-04
1.482468342942927508e+00,5.903745768591761589e-04
1.482518063616623305e+00,3.458445644355379045e-05
1.482567767160616334e+00,5.904441932216286659e-04
1.482617453586705603e+00,3.635469329310581088e-05
1.482667122906677681e+00,3.134047146886587143e-04
1.482716775132307374e+00,5.922729615122079849e-04
1.482766410275357272e+00,3.161240310873836279e-04
1.482816028347577308e+00,1.146308262832462788e-03
1.482865629360705650e+00,8.681408944539725780e-04
1.482915213326468695e+00,3.134821308776736259e-04
1.482964780256580184e+00,3.140585322398692369e-04
1.483014330162742089e+00,3.127073578070849180e-04
1.483063863056644616e+00,3.132828278467059135e-04
1.483113378949964867e+00,8.712463313713669777e-04
1.483162877854369288e+00,3.129139367956668139e-04
1.483212359781511447e+00,8.651392417959868908e-04
1.483261824743033364e+00,3.416438994463533163e-05
1.483311272750564402e+00,3.141374909318983555e-04
1.483360703815722603e+00,5.931661580689251423e-04
1.483410117950114460e+00,1.147010596469044685e-03
1.483459515165333586e+00,5.892431945540010929e-04
1.483508895472961830e+00,3.150521370116621256e-04
1.483558258884569936e+00,5.895377253182232380e-04
1.483607605411715991e+00,8.675090502947568893e-04
1.483656935065946758e+00,5.872151814401149750e-04
1.483706247858796567e+00,3.103711933363229036e-04
1.483755543801788424e+00,3.095118154305964708e-04
1.483804822906433563e+00,5.870716995559632778e-04
1.483854085184231009e+00,1.146185211837291718e-03
1.483903330646668239e+00,5.892705521546304226e-04
1.483952559305220964e+00,3.108776872977614403e-04
1.484001771171353123e+00,3.106875519733875990e-04
1.484050966256517112e+00,3.107950033154338598e-04
1.484100144572153557e+00,3.089206584263592958e-04
1.484149306129690649e+00,8.665286004543304443e-04
1.484198450940546365e+00,3.116375883109867573e-04
1.484247579016125806e+00,5.879317759536206722e-04
1.484296690367822524e+00,3.104108327534049749e-05
1.484345785007019414e+00,8.668149239383637905e-04
1.484394862945086491e+00,3.103864146396517754e-04
1.484443924193383113e+00,3.205680695828050375e-05
1.484492968763256426e+00,8.660689927637577057e-04
1.484541996666042474e+00,3.096462169196456671e-04
1.484591007913065530e+00,5.890875472687184811e-04
1.484640002515638102e+00,5.849614390172064304e-04
1.484688980485061593e+00,3.117520464002154768e-05
1.484737941832625641e+00,3.101782349403947592e-04
1.484786886569608777e+00,1.145425718277692795e-03
1.484835814707277546e+00,5.878063384443521500e-04
1.484884726256887166e+00,5.873608170077204704e-04
1.484933621229681533e+00,5.888395826332271099e-04
1.484982499636892994e+00,5.878308438695967197e-04
1.485031361489743018e+00,3.103762282989919186e-04
1.485080206799440861e+00,3.086871292907744646e-04
1.485129035577184453e+00,3.194198507117107511e-05
1.485177847834161069e+00,5.849012522958219051e-04
1.485226643581546213e+00,1.141981338150799274e-03
1.485275422830504066e+00,3.083591291215270758e-04
1.485324185592187485e+00,3.078593872487545013e-04
1.485372931877737779e+00,8.652597898617386818e-04
1.485421661698285600e+00,5.867565050721168518e-04
1.485470375064949833e+00,3.077938454225659370e-04
1.485519071988837592e+00,8.632318349555134773e-04
1.485567752481046444e+00,1.142367138527333736e-03
1.485616416552660857e+00,3.094099229201674461e-04
1.485665064214755304e+00,5.855316994711756706e-04
1.485713695478392271e+00,1.140855485573410988e-03
1.485762310354623583e+00,8.639144361950457096e-04
1.485810908854489742e+00,3.085250136791728437e-05
1.485859490989020149e+00,5.853957845829427242e-04
1.485908056769232877e+00,8.647545473650097847e-04
1.485956606206135344e+00,2.834946280927397311e-05
1.486005139310722978e+00,8.623150060884654522e-04
1.486053656093981212e+00,3.059379523620009422e-04
1.486102156566883270e+00,3.071794053539633751e-04
1.486150640740392381e+00,3.063210460823029280e-04
1.486199108625459786e+00,3.073540283367037773e-04
1.486247560233026510e+00,5.842917598783969879e-04
1.486295995574022255e+00,3.052036627195775509e-04
1.486344414659365398e+00,2.876779399230144918e-05
1.486392817499963659e+00,5.834206822328269482e-04
1.486441204106713432e+00,5.824516993016004562e-04
1.486489574490500676e+00,3.055690031033009291e-04
1.486537928662200470e+00,3.076971042901277542e-04
1.486586266632675901e+00,8.622249588370323181e-04
1.486634588412780511e+00,8.616442210040986538e-04
1.486682894013356071e+00,5.835979827679693699e-04
1.486731183445233695e+00,5.835160845890641212e-04
1.486779456719233616e+00,5.851981113664805889e-04
1.486827713846165189e+00,5.833928589709103107e-04
1.486875954836827329e+00,8.621493470855057240e-04
1.486924179702007187e+00,2.644840606080833822e-05
1.486972388452482141e+00,3.076207649428397417e-04
1.487020581099018024e+00,3.046382917091250420e-04
1.487068757652370010e+00,3.052860847674310207e-05
1.487116918123283282e+00,3.041509771719574928e-04
1.487165062522490810e+00,5.831254529766738415e-04
1.487213190860716239e+00,8.610046352259814739e-04
1.487261303148671887e+00,5.833401810377836227e-04
1.487309399397058751e+00,2.810775913530960679e-05
1.487357479616568501e+00,3.049261868000030518e-04
1.487405543817880815e+00,2.546014184190426022e-05
1.487453592011665382e+00,8.598036365583539009e-04
1.487501624208581452e+00,3.054464177694171667e-04
1.487549640419276731e+00,2.875235077226534486e-05
1.487597640654389375e+00,2.973025038954801857e-05
1.487645624924545773e+00,5.827271961607038975e-04
1.487693593240362988e+00,3.040408191736787558e-04
1.487741545612446314e+00,3.061372844967991114e-04
1.487789482051391277e+00,3.032620879821479321e-04
1.487837402567782741e+00,8.611900266259908676e-04
1.487885307172194249e+00,2.498060166544746608e-05
1.487933195875190018e+00,1.693792641162872314e-03
1.487981068687323161e+00,8.592379163019359112e-04
1.488028925619135912e+00,8.585161413066089153e-04
1.488076766681160512e+00,8.598489221185445786e-04
1.488124591883918324e+00,5.802509840577840805e-04
1.488172401237921161e+00,8.603764581494033337e-04
1.488220194753669290e+00,8.606011397205293179e-04
1.488267972441652987e+00,3.027830680366605520e-04
1.488315734312352312e+00,5.830062436871230602e-04
1.488363480376237113e+00,3.038099384866654873e-04
1.488411210643765692e+00,3.045469056814908981e-04
1.488458925125387244e+00,1.137172686867415905e-03
1.488506623831540088e+00,2.549420605646446347e-05
1.488554306772651881e+00,3.025786718353629112e-04
1.488601973959140956e+00,1.412900863215327263e-03
1.488649625401413878e+00,3.046579658985137939e-04
1.488697261109868109e+00,8.585163159295916557e-04
1.488744881094890227e+00,2.485342884028796107e-05
1.488792485366856821e+00,1.693409285508096218e-03
1.488840073936134267e+00,2.541245703469030559e-05
1.488887646813078058e+00,1.413661520928144455e-03
1.488935204008033697e+00,5.808240966871380806e-04
1.488982745531337359e+00,5.778271006420254707e-04
1.489030271393313898e+00,3.037901187781244516e-04
1.489077781604278172e+00,3.014740941580384970e-04
1.489125276174535273e+00,8.576567051932215691e-04
1.489172755114379854e+00,5.802692612633109093e-04
1.489220218434096576e+00,8.571312646381556988e-04
1.489267666143959667e+00,1.137151848524808884e-03
1.489315098254233360e+00,3.041772579308599234e-04
1.489362514775171453e+00,2.447942279104609042e-05
1.489409915717018640e+00,3.003601741511374712e-04
1.489457301090008290e+00,1.137307262979447842e-03
1.489504670904364225e+00,3.017284325323998928e-04
1.489552025170300942e+00,5.792052834294736385e-04
1.489599363898021167e+00,5.788065027445554733e-04
1.489646687097719191e+00,5.787903792224824429e-04
1.489693994779578423e+00,3.020709555130451918e-04
1.489741286953772947e+00,3.000501892529428005e-04
1.489788563630465523e+00,8.559479028917849064e-04
1.489835824819810473e+00,8.574044913984835148e-04
1.489883070531951237e+00,3.010614891536533833e-04
1.489930300777021710e+00,3.009509528055787086e-04
1.489977515565145350e+00,5.784345557913184166e-04
1.490024714906436065e+00,3.017796552740037441e-04
1.490071898810997997e+00,3.015057009179145098e-04
1.490119067288924626e+00,2.370815309404861182e-05
1.490166220350300774e+00,3.007451014127582312e-04
1.490213358005199717e+00,2.327612673980183899e-05
1.490260480263686516e+00,5.789503920823335648e-04
1.490307587135815570e+00,5.797315970994532108e-04
1.490354678631631291e+00,2.197591857111547142e-05
1.490401754761168318e+00,3.013163805007934570e-04
1.490448815534451965e+00,5.804745596833527088e-04
1.490495860961497332e+00,8.560526184737682343e-04
1.490542891052309527e+00,2.349739770579617471e-05
1.490589905816884775e+00,5.783279193565249443e-04
1.490636905265207979e+00,8.560047135688364506e-04
1.490683889407255824e+00,5.785519024357199669e-04
1.490730858252994340e+00,8.548346231691539288e-04
1.490777811812380671e+00,8.566944161430001259e-04
1.490824750095361084e+00,2.997955016326159239e-04
1.490871673111872742e+00,1.132652396336197853e-03
1.490918580871843702e+00,1.412114943377673626e-03
1.490965473385191142e+00,2.195992237830068916e-05
1.491012350661823360e+00,8.560038404539227486e-04
1.491059212711639104e+00,2.242013033537659794e-05
1.491106059544526907e+00,2.987805055454373360e-04
1.491152891170365979e+00,2.238243541796691716e-05
1.491199707599026203e+00,2.223944829893298447e-05
1.491246508840367024e+00,2.999281859956681728e-04
1.491293294904239231e+00,2.216822031186893582e-05
1.491340065800483616e+00,3.002691082656383514e-04
1.491386821538930985e+00,2.993032103404402733e-04
1.491433562129403700e+00,5.764899542555212975e-04
1.491480287581713471e+00,1.132542267441749573e-03
1.491526997905662899e+00,8.553567458875477314e-04
1.491573693111045262e+00,5.767081165686249733e-04
1.491620373207643846e+00,2.219676571257878095e-05
1.491667038205233053e+00,2.991106885019689798e-04
1.491713688113577296e+00,2.200405106123071164e-05
1.491760322942432104e+00,5.773597513325512409e-04
1.491806942701542349e+00,2.976684772875159979e-04
1.491853547400644908e+00,2.164247052860446274e-05
1.491900137049466446e+00,5.771859432570636272e-04
1.491946711657724300e+00,5.766110843978822231e-04
1.491993271235126484e+00,5.771496216766536236e-04
1.492039815791371460e+00,2.982250007335096598e-04
1.492086345336148590e+00,2.056544508377555758e-05
1.492132859879137907e+00,1.131797092966735363e-03
1.492179359430009011e+00,2.978242700919508934e-04
1.492225843998423951e+00,5.776009638793766499e-04
1.492272313594034117e+00,2.983580343425273895e-04
1.492318768226482018e+00,5.754655576311051846e-04
1.492365207905400393e+00,2.972196089103817940e-04
1.492411632640413988e+00,2.979389100801199675e-04
1.492458042441136667e+00,2.981701109092682600e-04
1.492504437317173860e+00,2.088492328766733408e-05
1.492550817278121444e+00,1.953260471054818481e-05
1.492597182333566641e+00,2.989367058034986258e-04
1.492643532493086678e+00,8.539556292816996574e-04
1.492689867766249678e+00,2.973222581204026937e-04
1.492736188162614885e+00,1.130035961978137493e-03
1.492782493691732437e+00,5.759539781138300896e-04
1.492828784363142702e+00,2.018114355450961739e-05
1.492875060186376945e+00,2.970221976283937693e-04
1.492921321170958215e+00,8.547894540242850780e-04
1.492967567326399125e+00,1.996783794311340898e-05
1.493013798662203850e+00,2.980327408295124769e-04
1.493060015187867462e+00,1.131123746745288372e-03
1.493106216912875484e+00,2.962038561236113310e-04
1.493152403846704335e+00,2.970236819237470627e-04
1.493198575998822442e+00,2.968817425426095724e-04
1.493244733378687572e+00,2.962419530376791954e-04
1.493290875995749278e+00,8.515564841218292713e-04
1.493337003859448009e+00,2.014171877817716449e-05
1.493383116979214886e+00,2.956710231956094503e-04
1.493429215364472595e+00,1.407419447787106037e-03
1.493475299024633829e+00,2.970847417600452900e-04
1.493521367969102842e+00,1.946809788933023810e-05
1.493567422207275230e+00,5.732395802624523640e-04
1.493613461748536597e+00,2.972117799799889326e-04
1.493659486602264552e+00,2.974994713440537453e-04
1.493705496777827380e+00,5.743483779951930046e-04
1.493751492284584259e+00,2.076788950944319367e-05
1.493797473131885711e+00,8.519875700585544109e-04
1.493843439329072709e+00,5.742419161833822727e-04
1.493889390885478008e+00,2.969113411381840706e-04
1.493935327810425262e+00,2.963129372801631689e-04
1.493981250113228798e+00,5.748241092078387737e-04
1.494027157803194727e+00,8.517401874996721745e-04
1.494073050889619614e+00,8.529072511009871960e-04
1.494118929381791805e+00,5.745150265283882618e-04
1.494164793288990323e+00,1.915535176522098482e-05
1.494210642620485308e+00,2.952549548353999853e-04
1.494256477385538240e+00,2.966225438285619020e-04
1.494302297593402162e+00,1.830518885981291533e-05
1.494348103253320570e+00,2.972680376842617989e-04
1.494393894374528298e+00,2.963722217828035355e-04
1.494439670966251965e+00,2.963107544928789139e-04
1.494485433037709088e+00,8.516486268490552902e-04
1.494531180598108078e+00,1.130190212279558182e-03
1.494576913656648909e+00,5.734177539125084877e-04
1.494622632222522896e+00,8.519536931999027729e-04
1.494668336304912248e+00,5.744342342950403690e-04
1.494714025912991184e+00,2.969964407384395599e-04
1.494759701055924372e+00,5.747140967287123203e-04
1.494805361742868044e+00,2.956668322440236807e-04
1.494851007982969771e+00,5.728413816541433334e-04
1.494896639785369130e+00,1.810381399991456419e-05
1.494942257159195709e+00,1.839260585256852210e-05
1.494987860113571099e+00,8.507412276230752468e-04
1.495033448657608899e+00,2.962302241940051317e-04
1.495079022800413160e+00,1.684353803284466267e-03
1.495124582551079273e+00,5.728314863517880440e-04
1.495170127918694636e+00,2.953620278276503086e-04
1.495215658912337320e+00,1.655765845498535782e-05
1.495261175541078069e+00,2.943802974186837673e-04
1.495306677813977414e+00,1.783532570698298514e-05
1.495352165740088557e+00,5.733215366490185261e-04
1.495397639328455597e+00,5.740967462770640850e-04
1.495443098588113751e+00,2.950200287159532309e-04
1.495488543528090464e+00,8.516137022525072098e-04
1.495533974157404300e+00,5.734286387450993061e-04
1.495579390485065607e+00,2.964799350593239069e-04
1.495624792520075186e+00,1.755764424160588533e-05
1.495670180271426730e+00,2.948477631434798241e-04
1.495715553748104609e+00,5.716992309316992760e-04
1.495760912959084976e+00,8.498479728586971760e-04
1.495806257913335324e+00,8.499328396283090115e-04
1.495851588619814709e+00,5.726736853830516338e-04
1.495896905087474194e+00,2.943480212707072496e-04
1.495942207325255735e+00,5.729419062845408916e-04
1.495987495342093521e+00,2.949466579593718052e-04
1.496032769146912633e+00,2.944928419310599566e-04
1.496078028748630384e+00,1.633818828850053251e-05
1.496123274156155647e+00,5.711666890420019627e-04
1.496168505378388414e+00,5.717587191611528397e-04
1.496213722424220904e+00,2.954757073894143105e-04
1.496258925302536236e+00,1.619207432668190449e-05
1.496304114022210197e+00,5.714309518225491047e-04
1.496349288592109028e+00,8.489501778967678547e-04
1.496394449021091866e+00,1.127999508753418922e-03
1.496439595318008298e+00,1.601474104973021895e-05
1.496484727491701250e+00,2.952404029201716185e-04
1.496529845551003435e+00,1.669549783400725573e-05
1.496574949504740681e+00,5.721224006265401840e-04
1.496620039361729715e+00,8.494546636939048767e-04
1.496665115130779933e+00,1.577431976329535246e-05
1.496710176820691185e+00,1.595663525222335011e-05
1.496755224440256438e+00,1.127239083871245384e-03
1.496800257998259776e+00,8.497197413817048073e-04
1.496845277503476179e+00,5.712357233278453350e-04
1.496890282964674190e+00,5.723881768062710762e-04
1.496935274390612802e+00,1.604899807716719806e-05
1.496980251790043459e+00,2.938994148280471563e-04
1.497025215171709389e+00,8.485704311169683933e-04
1.497070164544345161e+00,2.944375155493617058e-04
1.497115099916677794e+00,1.543785765534266829e-05
1.497160021297425647e+00,1.127532916143536568e-03
1.497204928695299087e+00,2.947283792309463024e-04
1.497249822119000706e+00,8.492176420986652374e-04
1.497294701577224663e+00,2.925318840425461531e-04
1.497339567078656675e+00,2.929277252405881882e-04
1.497384418631975356e+00,8.480362012051045895e-04
1.497429256245849771e+00,1.537573189125396311e-05
1.497474079928942547e+00,2.936601813416928053e-04
1.497518889689906985e+00,5.710516124963760376e-04
1.497563685537388833e+00,5.716844461858272552e-04
1.497608467480025407e+00,5.715236766263842583e-04
1.497653235526446913e+00,8.496160735376179218e-04
1.497697989685274678e+00,2.928105823229998350e-04
1.497742729965121811e+00,2.930485643446445465e-04
1.497787456374594539e+00,1.404291018843650818e-03
1.497832168922289764e+00,2.924296131823211908e-04
1.497876867616797281e+00,1.517390683147823438e-05
1.497921552466698669e+00,8.491575135849416256e-04
1.497966223480567294e+00,8.475231006741523743e-04
1.498010880666968747e+00,1.538352989882696420e-05
1.498055524034461294e+00,2.935069496743381023e-04
1.498100153591593875e+00,1.125450478866696358e-03
1.498144769346908545e+00,2.936417295131832361e-04
1.498189371308939588e+00,2.924279251601547003e-04
1.498233959486212186e+00,1.126672490499913692e-03
1.498278533887245079e+00,1.126774819567799568e-03
1.498323094520547905e+00,2.930171031039208174e-04
1.498367641394623639e+00,5.704283830709755421e-04
1.498412174517965934e+00,2.922637795563787222e-04
1.498456693899061554e+00,1.402999623678624630e-03
1.498501199546389051e+00,2.926715824287384748e-04
1.498545691468419871e+00,2.928417234215885401e-04
1.498590169673616357e+00,8.473463822156190872e-04
1.498634634170433744e+00,2.935804368462413549e-04
1.498679084967319719e+00,2.924819418694823980e-04
1.498723522072713754e+00,1.428644281986635178e-05
1.498767945495047549e+00,8.480793912895023823e-04
1.498812355242745031e+00,2.926623565144836903e-04
1.498856751324222580e+00,2.917466918006539345e-04
1.498901133747888359e+00,1.424352012691088021e-05
1.498945502522143203e+00,5.690184189006686211e-04
1.498989857655379954e+00,2.924861619248986244e-04
1.499034199155983682e+00,5.710897967219352722e-04
1.499078527032332131e+00,2.919983526226133108e-04
1.499122841292795050e+00,1.126397983171045780e-03
1.499167141945734194e+00,2.912496565841138363e-04
1.499211428999504214e+00,5.691018304787576199e-04
1.499255702462451323e+00,2.915227960329502821e-04
1.499299962342914627e+00,2.919406106229871511e-04
1.499344208649225463e+00,1.125867711380124092e-03
1.499388441389707616e+00,1.124738133512437344e-03
1.499432660572676879e+00,1.345171131106326357e-05
1.499476866206441494e+00,5.691699334420263767e-04
1.499521058299302601e+00,2.919881371781229973e-04
1.499565236859552453e+00,8.464944548904895782e-04
1.499609401895476868e+00,5.690862890332937241e-04
1.499653553415354112e+00,2.918035606853663921e-04
1.499697691427453794e+00,5.689320969395339489e-04
1.499741815940038858e+00,5.695738364011049271e-04
1.499785926961364479e+00,1.269828771910397336e-05
1.499830024499677839e+00,2.910222101490944624e-04
1.499874108563219011e+00,1.124586327932775021e-03
1.499918179160220522e+00,5.687333759851753712e-04
1.499962236298906904e+00,1.402485184371471405e-03
1.500006279987496027e+00,8.461718098260462284e-04
1.500050310234197104e+00,5.690255784429609776e-04
1.500094327047212683e+00,8.464561542496085167e-04
1.500138330434737766e+00,2.915151999332010746e-04
1.500182320404958913e+00,5.694539286196231842e-04
1.500226296966056694e+00,5.683467024937272072e-04
1.500270260126202793e+00,8.471241453662514687e-04
1.500314209893562456e+00,8.461364777758717537e-04
1.500358146276292715e+00,1.401752233505249023e-03
1.500402069282543938e+00,2.904288703575730324e-04
1.500445978920458501e+00,1.377963599225040525e-05
1.500489875198171230e+00,5.697225569747388363e-04
1.500533758123809847e+00,2.900036342907696962e-04
1.500577627705494743e+00,5.687530501745641232e-04
1.500621483951338542e+00,5.690112011507153511e-04
1.500665326869446536e+00,1.378342676616739482e-05
1.500709156467917138e+00,5.680259200744330883e-04
1.500752972754840542e+00,8.465021383017301559e-04
1.500796775738300726e+00,2.907286689151078463e-04
1.500840565426372786e+00,2.902953419834375381e-04
1.500884341827125823e+00,5.678748711943626404e-04
1.500928104948620945e+00,5.681411130353808403e-04
1.500971854798911709e+00,1.285879261558875442e-05
1.501015591386045234e+00,1.254928611160721630e-05
1.501059314718060644e+00,1.124634523876011372e-03
1.501103024802989294e+00,1.336020523012848571e-05
1.501146721648856763e+00,1.343295116384979337e-05
1.501190405263679750e+00,2.905354194808751345e-04
1.501234075655468514e+00,2.901170519180595875e-04
1.501277732832225986e+00,5.674824351444840431e-04
1.501321376801947549e+00,1.261247780348639935e-05
1.501365007572621257e+00,1.248476019100053236e-05
1.501408625152228948e+00,2.901981642935425043e-04
1.501452229548743578e+00,8.453421178273856640e-04
1.501495820770132106e+00,2.907228772528469563e-04
1.501539398824353722e+00,1.229272493219468743e-05
1.501582963719360730e+00,2.896408259402960539e-04
1.501626515463098333e+00,2.896247315220534801e-04
1.501670054063503734e+00,2.908621681854128838e-04
1.501713579528507703e+00,5.684578791260719299e-04
1.501757091866033678e+00,2.902524138335138559e-04
1.501800591083997993e+00,1.260787939827423543e-05
1.501844077190309656e+00,8.449638262391090393e-04
1.501887550192870568e+00,8.455593488179147243e-04
1.501931010099575525e+00,2.897824160754680634e-04
1.501974456918311773e+00,5.671283579431474209e-04
1.502017890656960564e+00,5.674811545759439468e-04
1.502061311323394710e+00,8.452134206891059875e-04
1.502104718925481031e+00,2.901882689911872149e-04
1.502148113471078350e+00,1.143226108979433775e-05
1.502191494968038832e+00,1.237202195625286549e-05
1.502234863424207090e+00,8.445270941592752934e-04
1.502278218847422186e+00,2.895667857956141233e-04
1.502321561245514081e+00,1.173399141407571733e-05
1.502364890626306737e+00,1.183658696390921250e-05
1.502408206997617013e+00,2.892314223572611809e-04
1.502451510367254883e+00,2.895137295126914978e-04
1.502494800743023218e+00,5.671338294632732868e-04
1.502538078132717114e+00,2.892528718803077936e-04
1.502581342544125453e+00,2.893790369853377342e-04
1.502624593985030232e+00,8.454008493572473526e-04
1.502667832463205677e+00,5.667195073328912258e-04
1.502711057986419796e+00,2.897491503972560167e-04
1.502754270562433492e+00,5.668127560056746006e-04
1.502797470199000118e+00,1.179977243737084791e-05
1.502840656903866368e+00,8.443793049082159996e-04
1.502883830684772493e+00,2.889670431613922119e-04
1.502926991549451197e+00,1.117309784604003653e-05
1.502970139505628300e+00,1.087092550733359531e-05
1.503013274561022738e+00,2.890894538722932339e-04
1.503056396723347232e+00,5.668090307153761387e-04
1.503099506000306063e+00,5.668040830641984940e-04
1.503142602399598182e+00,5.675208522006869316e-04
1.503185685928914550e+00,2.883441920857876539e-04
1.503228756595939908e+00,1.116215662477770820e-05
1.503271814408351670e+00,1.135504771809792146e-05
1.503314859373820589e+00,2.894172212108969688e-04
1.503357891500010979e+00,5.672239349223673344e-04
1.503400910794579159e+00,5.666359211318194866e-04
1.503443917265175678e+00,1.140096992457984015e-05
1.503486910919443975e+00,5.663911579176783562e-04
1.503529891765020166e+00,5.667069344781339169e-04
1.503572859809534146e+00,8.443731931038200855e-04
1.503615815060608707e+00,2.885885187424719334e-04
1.503658757525860201e+00,5.659826565533876419e-04
1.503701687212897431e+00,2.889212046284228563e-04
1.503744604129322759e+00,2.890934993047267199e-04
1.503787508282732555e+00,2.886228903662413359e-04
1.503830399680715191e+00,2.889417810365557671e-04
1.503873278330853047e+00,8.441745303571224213e-04
1.503916144240721398e+00,1.400440814904868603e-03
1.503958997417888632e+00,5.660560564137995243e-04
1.504001837869916924e+00,1.030907515087164938e-05
1.504044665604361342e+00,2.887687587644904852e-04
1.504087480628770512e+00,2.881391264963895082e-04
1.504130282950685737e+00,5.657250876538455486e-04
1.504173072577642323e+00,5.656469147652387619e-04
1.504215849517168690e+00,5.665920325554907322e-04
1.504258613776785936e+00,5.661795730702579021e-04
1.504301365364009158e+00,5.669752717949450016e-04
1.504344104286346795e+00,2.880215761251747608e-04
1.504386830551300402e+00,1.033330318023217842e-05
1.504429544166364652e+00,2.885526919271796942e-04
1.504472245139028219e+00,8.437885553576052189e-04
1.504514933476771787e+00,2.885223366320133209e-04
1.504557609187071376e+00,2.879934909287840128e-04
1.504600272277394568e+00,2.879616804420948029e-04
1.504642922755203616e+00,5.662839976139366627e-04
1.504685560627953000e+00,2.881243126466870308e-04
1.504728185903091875e+00,1.030277144309366122e-05
1.504770798588061398e+00,5.653908592648804188e-04
1.504813398690297621e+00,2.881220425479114056e-04
1.504855986217228825e+00,2.879941312130540609e-04
1.504898561176276850e+00,1.121141132898628712e-03
1.504941123574857764e+00,5.659435992129147053e-04
1.504983673420380308e+00,5.656220018863677979e-04
1.505026210720247226e+00,2.881241671275347471e-04
1.505068735481853937e+00,2.878334489651024342e-04
1.505111247712590083e+00,5.655022687278687954e-04
1.505153747419838206e+00,5.660483730025589466e-04
1.505196234610974848e+00,2.875736390706151724e-04
1.505238709293369892e+00,8.434105548076331615e-04
1.505281171474386781e+00,5.653968546539545059e-04
1.505323621161381853e+00,5.650859675370156765e-04
1.505366058361705450e+00,9.716929525893647224e-06
1.505408483082701698e+00,5.657562869600951672e-04
1.505450895331707617e+00,1.120955683290958405e-03
1.505493295116054231e+00,8.430237649008631706e-04
1.505535682443065904e+00,1.015723410091595724e-05
1.505578057320060337e+00,5.649237427860498428e-04
1.505620419754349237e+00,2.875158679671585560e-04
1.505662769753237873e+00,2.873696212191134691e-04
1.505705107324024850e+00,2.880986139643937349e-04
1.505747432474001890e+00,1.068290475814137608e-05
1.505789745210455166e+00,2.871809992939233780e-04
1.505832045540663966e+00,9.517899343336466700e-06
1.505874333471901361e+00,2.874780038837343454e-04
1.505916609011433760e+00,5.648371879942715168e-04
1.505958872166521356e+00,2.873974153771996498e-04
1.506001122944418125e+00,1.676425221376121044e-03
1.506043361352371601e+00,5.646837526001036167e-04
1.506085587397622660e+00,2.873218036256730556e-04
1.506127801087405960e+00,2.869845775421708822e-04
1.506170002428950161e+00,2.867739822249859571e-04
1.506212191429477043e+00,5.645611090585589409e-04
1.506254368096202612e+00,1.120034139603376389e-03
1.506296532436335767e+00,8.422025130130350590e-04
1.506338684457080079e+00,2.865339629352092743e-04
1.506380824165632015e+00,8.424168336205184460e-04
1.506422951569181823e+00,9.468732059758622199e-06
1.506465066674914199e+00,5.646295612677931786e-04
1.506507169490006515e+00,5.647348007187247276e-04
1.506549260021630587e+00,2.870039897970855236e-04
1.506591338276951797e+00,1.675500068813562393e-03
1.506633404263128861e+00,8.426715503446757793e-04
1.506675457987314504e+00,2.870684256777167320e-04
1.506717499456655673e+00,8.419660734944045544e-04
1.506759528678292437e+00,2.869929885491728783e-04
1.506801545659358421e+00,5.645221099257469177e-04
1.506843550406982368e+00,8.864711162459570915e-06
1.506885542928285027e+00,5.644995835609734058e-04
1.506927523230381816e+00,5.645023775286972523e-04
1.506969491320382160e+00,5.646034842357039452e-04
1.507011447205389043e+00,8.422511164098978043e-04
1.507053390892499012e+00,9.206723916577175260e-06
1.507095322388802838e+00,1.120178028941154480e-03
1.507137241701384855e+00,2.868182200472801924e-04
1.507179148837323179e+00,5.645038909278810024e-04
1.507221043803689708e+00,2.864462439902126789e-04
1.507262926607550568e+00,8.964281732914969325e-06
1.507304797255965223e+00,8.419411024078726768e-04
1.507346655755987808e+00,2.865052374545484781e-04
1.507388502114665352e+00,2.860571548808366060e-04
1.507430336339039112e+00,8.649625669931992888e-06
1.507472158436144571e+00,5.641666939482092857e-04
1.507513968413010552e+00,2.863686822820454836e-04
1.507555766276660103e+00,5.643445765599608421e-04
1.507597552034110056e+00,5.643781041726469994e-04
1.507639325692371468e+00,5.645038909278810024e-04
1.507681087258448516e+00,5.638492875732481480e-04
1.507722836739340044e+00,8.420467493124306202e-04
1.507764574142038905e+00,5.639881128445267677e-04
1.507806299473531286e+00,5.637815920636057854e-04
1.507848012740797161e+00,2.859649539459496737e-04
1.507889713950811617e+00,5.637512658722698689e-04
1.507931403110542412e+00,8.415573392994701862e-04
1.507973080226952423e+00,1.119615626521408558e-03
1.508014745306996973e+00,1.397377112880349159e-03
1.508056398357627170e+00,2.863495319616049528e-04
1.508098039385786349e+00,8.519462426193058491e-06
1.508139668398413624e+00,8.412791648879647255e-04
1.508181285402440341e+00,2.857711515389382839e-04
1.508222890404793182e+00,5.635429988615214825e-04
1.508264483412392165e+00,2.857400395441800356e-04
1.508306064432151539e+00,8.418930228799581528e-04
1.508347633470979332e+00,2.857424551621079445e-04
1.508389190535778024e+00,5.632771644741296768e-04
1.508430735633444097e+00,2.860085805878043175e-04
1.508472268770867153e+00,8.416355121880769730e-04
1.508513789954932127e+00,2.860364911612123251e-04
1.508555299192517518e+00,2.864593698177486658e-04
1.508596796490495606e+00,5.636210553348064423e-04
1.508638281855733121e+00,7.962338713696226478e-06
1.508679755295090574e+00,8.483024430461227894e-06
1.508721216815422705e+00,2.856569772120565176e-04
1.508762666423578480e+00,2.859917294699698687e-04
1.508804104126401091e+00,8.412054157815873623e-04
1.508845529930727070e+00,7.971550076035782695e-06
1.508886943843387618e+00,5.632652901113033295e-04
1.508928345871207943e+00,5.635061534121632576e-04
1.508969736021007924e+00,8.409518632106482983e-04
1.509011114299600997e+00,8.518461982021108270e-06
1.509052480713794386e+00,7.932097105367574841e-06
1.509093835270390205e+00,7.762240784359164536e-06
1.509135177976184350e+00,5.635492270812392235e-04
1.509176508837966946e+00,7.878065844124648720e-06
1.509217827862522343e+00,2.854400954674929380e-04
1.509259135056628898e+00,7.841401384212076664e-06
1.509300430427059414e+00,5.637140129692852497e-04
1.509341713980580479e+00,2.860024105757474899e-04
1.509382985723953352e+00,7.290334906429052353e-06
1.509424245663933295e+00,5.634513800032436848e-04
1.509465493807269354e+00,5.630724481306970119e-04
1.509506730160705246e+00,5.632709362544119358e-04
