# n, training_loss
0.000000000000000000e+00,2.635396718978881836e-01
1.000333444481493750e+01,2.409149855375289917e-01
2.000666888962987500e+01,2.340505272150039673e-01
3.001000333444481072e+01,2.297858148813247681e-01
4.001333777925974999e+01,2.262602001428604126e-01
5.001667222407468927e+01,2.233619987964630127e-01
6.002000666888962144e+01,2.208261191844940186e-01
7.002334111370456071e+01,2.185396254062652588e-01
8.002667555851949999e+01,2.164418399333953857e-01
9.003001000333443926e+01,2.144601196050643921e-01
1.000333444481493785e+02,2.125772088766098022e-01
1.100366788929643178e+02,2.107700556516647339e-01
1.200400133377792429e+02,2.090238481760025024e-01
1.300433477825941964e+02,2.073173224925994873e-01
1.400466822274091214e+02,2.056538015604019165e-01
1.500500166722240749e+02,2.040258347988128662e-01
1.600533511170390000e+02,2.024200558662414551e-01
1.700566855618539250e+02,2.008519172668457031e-01
1.800600200066688785e+02,1.993078738451004028e-01
1.900633544514838036e+02,1.977864652872085571e-01
2.000666888962987571e+02,1.962890923023223877e-01
2.100700233411136821e+02,1.948107033967971802e-01
2.200733577859286356e+02,1.933531463146209717e-01
2.300766922307435607e+02,1.919176727533340454e-01
2.400800266755584857e+02,1.905019432306289673e-01
2.500833611203734392e+02,1.891057640314102173e-01
2.600866955651883927e+02,1.877250671386718750e-01
2.700900300100033178e+02,1.863619387149810791e-01
2.800933644548182428e+02,1.850186735391616821e-01
2.900966988996331679e+02,1.836900860071182251e-01
3.001000333444481498e+02,1.823775768280029297e-01
3.101033677892630749e+02,1.810799092054367065e-01
3.201067022340779999e+02,1.797939389944076538e-01
3.301100366788929250e+02,1.785226464271545410e-01
3.401133711237078501e+02,1.772635281085968018e-01
3.501167055685228320e+02,1.760171353816986084e-01
3.601200400133377570e+02,1.747842878103256226e-01
3.701233744581526821e+02,1.735654026269912720e-01
3.801267089029676072e+02,1.723600029945373535e-01
3.901300433477825891e+02,1.711698472499847412e-01
4.001333777925975141e+02,1.699918955564498901e-01
4.101367122374124392e+02,1.688244342803955078e-01
4.201400466822273643e+02,1.676690429449081421e-01
4.301433811270422893e+02,1.665247827768325806e-01
4.401467155718572712e+02,1.653918474912643433e-01
4.501500500166721963e+02,1.642703264951705933e-01
4.601533844614871214e+02,1.631581336259841919e-01
4.701567189063020464e+02,1.620570719242095947e-01
4.801600533511169715e+02,1.609657853841781616e-01
4.901633877959319534e+02,1.598843783140182495e-01
5.001667222407468785e+02,1.588120013475418091e-01
5.101700566855618035e+02,1.577488332986831665e-01
5.201733911303767854e+02,1.566954106092453003e-01
5.301767255751916537e+02,1.556508243083953857e-01
5.401800600200066356e+02,1.546139866113662720e-01
5.501833944648216175e+02,1.535867452621459961e-01
5.601867289096364857e+02,1.525689363479614258e-01
5.701900633544514676e+02,1.515634953975677490e-01
5.801933977992663358e+02,1.505651324987411499e-01
5.901967322440813177e+02,1.495776027441024780e-01
6.002000666888962996e+02,1.486189961433410645e-01
6.102034011337111679e+02,1.476523876190185547e-01
6.202067355785261498e+02,1.466999948024749756e-01
6.302100700233410180e+02,1.457837671041488647e-01
6.402134044681559999e+02,1.448528617620468140e-01
6.502167389129709818e+02,1.439723372459411621e-01
6.602200733577858500e+02,1.430639177560806274e-01
6.702234078026008319e+02,1.421753615140914917e-01
6.802267422474157001e+02,1.413224786520004272e-01
6.902300766922306821e+02,1.404541283845901489e-01
7.002334111370456640e+02,1.396245509386062622e-01
7.102367455818605322e+02,1.387747377157211304e-01
7.202400800266755141e+02,1.379492431879043579e-01
7.302434144714903823e+02,1.371382474899291992e-01
7.402467489163053642e+02,1.363241225481033325e-01
7.502500833611203461e+02,1.355513185262680054e-01
7.602534178059352143e+02,1.347482353448867798e-01
7.702567522507501963e+02,1.339870095252990723e-01
7.802600866955651782e+02,1.332202553749084473e-01
7.902634211403800464e+02,1.324583292007446289e-01
8.002667555851950283e+02,1.317320019006729126e-01
8.102700900300098965e+02,1.309716552495956421e-01
8.202734244748248784e+02,1.302685439586639404e-01
8.302767589196398603e+02,1.295323073863983154e-01
8.402800933644547285e+02,1.288151144981384277e-01
8.502834278092697105e+02,1.281314939260482788e-01
8.602867622540845787e+02,1.274123787879943848e-01
8.702900966988995606e+02,1.267478466033935547e-01
8.802934311437145425e+02,1.260533183813095093e-01
8.902967655885294107e+02,1.253795176744461060e-01
9.003001000333443926e+02,1.247258111834526062e-01
9.103034344781592608e+02,1.240531802177429199e-01
9.203067689229742427e+02,1.234293878078460693e-01
9.303101033677892246e+02,1.227645725011825562e-01
9.403134378126040929e+02,1.221384033560752869e-01
9.503167722574190748e+02,1.215097382664680481e-01
9.603201067022339430e+02,1.208757907152175903e-01
9.703234411470489249e+02,1.202845796942710876e-01
9.803267755918639068e+02,1.196480467915534973e-01
9.903301100366787750e+02,1.190695911645889282e-01
1.000333444481493757e+03,1.184561103582382202e-01
1.010336778926308739e+03,1.178595423698425293e-01
1.020340113371123607e+03,1.172942817211151123e-01
1.030343447815938589e+03,1.166902929544448853e-01
1.040346782260753571e+03,1.161430180072784424e-01
1.050350116705568325e+03,1.155498027801513672e-01
1.060353451150383307e+03,1.149932369589805603e-01
1.070356785595198289e+03,1.144362762570381165e-01
1.080360120040013271e+03,1.138697862625122070e-01
1.090363454484828253e+03,1.133445054292678833e-01
1.100366788929643235e+03,1.127732172608375549e-01
1.110370123374457989e+03,1.122543662786483765e-01
1.120373457819272971e+03,1.117047369480133057e-01
1.130376792264087953e+03,1.111733838915824890e-01
1.140380126708902935e+03,1.106583699584007263e-01
1.150383461153717917e+03,1.101171001791954041e-01
1.160386795598532672e+03,1.096275970339775085e-01
1.170390130043347654e+03,1.090862751007080078e-01
1.180393464488162635e+03,1.085969582200050354e-01
1.190396798932977617e+03,1.080808565020561218e-01
1.200400133377792599e+03,1.075762659311294556e-01
1.210403467822607354e+03,1.070965304970741272e-01
1.220406802267422336e+03,1.065819337964057922e-01
1.230410136712237318e+03,1.061227545142173767e-01
1.240413471157052300e+03,1.056116521358489990e-01
1.250416805601867281e+03,1.051550731062889099e-01
1.260420140046682036e+03,1.046612635254859924e-01
1.270423474491497018e+03,1.041924804449081421e-01
1.280426808936312000e+03,1.037308722734451294e-01
1.290430143381126982e+03,1.032527908682823181e-01
1.300433477825941964e+03,1.028153449296951294e-01
1.310436812270756718e+03,1.023339629173278809e-01
1.320440146715571700e+03,1.019120588898658752e-01
1.330443481160386682e+03,1.014348790049552917e-01
1.340446815605201664e+03,1.010045856237411499e-01
1.350450150050016646e+03,1.005550250411033630e-01
1.360453484494831400e+03,1.001142933964729309e-01
1.370456818939646382e+03,9.969095885753631592e-02
1.380460153384461364e+03,9.924097359180450439e-02
1.390463487829276346e+03,9.883901476860046387e-02
1.400466822274091328e+03,9.838701039552688599e-02
1.410470156718906082e+03,9.799174219369888306e-02
1.420473491163721064e+03,9.754765033721923828e-02
1.430476825608536046e+03,9.715191274881362915e-02
1.440480160053351028e+03,9.672372788190841675e-02
1.450483494498166010e+03,9.631655365228652954e-02
1.460486828942980765e+03,9.591185301542282104e-02
1.470490163387795747e+03,9.550107270479202271e-02
1.480493497832610728e+03,9.511488676071166992e-02
1.490496832277425710e+03,9.469645470380783081e-02
1.500500166722240692e+03,9.432807564735412598e-02
1.510503501167055674e+03,9.390753507614135742e-02
1.520506835611870429e+03,9.354326128959655762e-02
1.530510170056685411e+03,9.313101321458816528e-02
1.540513504501500393e+03,9.277404844760894775e-02
1.550516838946315374e+03,9.236606210470199585e-02
1.560520173391130356e+03,9.200162440538406372e-02
1.570523507835945111e+03,9.161186218261718750e-02
1.580526842280760093e+03,9.124441444873809814e-02
1.590530176725575075e+03,9.087411314249038696e-02
1.600533511170390057e+03,9.049233049154281616e-02
1.610536845615205038e+03,9.014070779085159302e-02
1.620540180060019793e+03,8.975943922996520996e-02
1.630543514504834775e+03,8.942119777202606201e-02
1.640546848949649757e+03,8.903620392084121704e-02
1.650550183394464739e+03,8.870971202850341797e-02
1.660553517839279721e+03,8.832496404647827148e-02
1.670556852284094475e+03,8.799604326486587524e-02
1.680560186728909457e+03,8.762577921152114868e-02
1.690563521173724439e+03,8.728681504726409912e-02
1.700566855618539421e+03,8.693395555019378662e-02
1.710570190063354403e+03,8.659534901380538940e-02
1.720573524508169157e+03,8.625419437885284424e-02
1.730576858952984139e+03,8.590490370988845825e-02
1.740580193397799121e+03,8.558243513107299805e-02
1.750583527842614103e+03,8.522929251194000244e-02
1.760586862287429085e+03,8.491658419370651245e-02
1.770590196732243840e+03,8.456376940011978149e-02
1.780593531177058821e+03,8.425775915384292603e-02
1.790596865621873803e+03,8.390607684850692749e-02
1.800600200066688785e+03,8.360644429922103882e-02
1.810603534511503767e+03,8.325650542974472046e-02
1.820606868956318522e+03,8.296544849872589111e-02
1.830610203401133504e+03,8.261557668447494507e-02
1.840613537845948485e+03,8.231889456510543823e-02
1.850616872290763467e+03,8.198173344135284424e-02
1.860620206735578449e+03,8.169097453355789185e-02
1.870623541180393204e+03,8.135788142681121826e-02
1.880626875625208186e+03,8.105551451444625854e-02
1.890630210070023168e+03,8.073575049638748169e-02
1.900633544514838150e+03,8.045217394828796387e-02
1.910636878959653131e+03,8.013113588094711304e-02
1.920640213404467886e+03,7.982215285301208496e-02
1.930643547849282868e+03,7.952590286731719971e-02
1.940646882294097850e+03,7.922158390283584595e-02
1.950650216738912832e+03,7.893126457929611206e-02
1.960653551183727814e+03,7.862220704555511475e-02
1.970656885628542796e+03,7.833535224199295044e-02
1.980660220073357550e+03,7.803534716367721558e-02
1.990663554518172532e+03,7.775947451591491699e-02
2.000666888962987514e+03,7.744873315095901489e-02
2.010670223407802496e+03,7.718366384506225586e-02
2.020673557852617478e+03,7.687337696552276611e-02
2.030676892297432232e+03,7.661159336566925049e-02
2.040680226742247214e+03,7.630475610494613647e-02
2.050683561187061969e+03,7.605250179767608643e-02
2.060686895631877178e+03,7.574283331632614136e-02
2.070690230076691932e+03,7.548603415489196777e-02
2.080693564521507142e+03,7.518678158521652222e-02
2.090696898966321896e+03,7.494281232357025146e-02
2.100700233411136651e+03,7.463700324296951294e-02
2.110703567855951860e+03,7.438655942678451538e-02
2.120706902300766615e+03,7.409291714429855347e-02
2.130710236745581824e+03,7.385286688804626465e-02
2.140713571190396578e+03,7.355551421642303467e-02
2.150716905635211788e+03,7.330843061208724976e-02
2.160720240080026542e+03,7.302237302064895630e-02
2.170723574524841297e+03,7.278838008642196655e-02
2.180726908969656506e+03,7.249642163515090942e-02
2.190730243414471261e+03,7.225474715232849121e-02
2.200733577859286470e+03,7.197505980730056763e-02
2.210736912304101224e+03,7.174412161111831665e-02
2.220740246748915979e+03,7.146123051643371582e-02
2.230743581193731188e+03,7.122224569320678711e-02
2.240746915638545943e+03,7.095057517290115356e-02
2.250750250083361152e+03,7.072256505489349365e-02
2.260753584528175907e+03,7.044872641563415527e-02
2.270756918972990661e+03,7.020894438028335571e-02
2.280760253417805870e+03,6.994812190532684326e-02
2.290763587862620625e+03,6.972353160381317139e-02
2.300766922307435834e+03,6.945686787366867065e-02
2.310770256752250589e+03,6.922174990177154541e-02
2.320773591197065343e+03,6.896845251321792603e-02
2.330776925641880553e+03,6.874004751443862915e-02
2.340780260086695307e+03,6.848534941673278809e-02
2.350783594531510516e+03,6.825812906026840210e-02
2.360786928976325271e+03,6.800851970911026001e-02
2.370790263421140025e+03,6.777925789356231689e-02
2.380793597865955235e+03,6.753470748662948608e-02
2.390796932310769989e+03,6.731019169092178345e-02
2.400800266755585199e+03,6.706530600786209106e-02
2.410803601200399953e+03,6.684825569391250610e-02
2.420806935645214708e+03,6.660094857215881348e-02
2.430810270090029917e+03,6.638750433921813965e-02
2.440813604534844671e+03,6.614032387733459473e-02
2.450816938979659881e+03,6.593582779169082642e-02
2.460820273424474635e+03,6.568551808595657349e-02
2.470823607869289390e+03,6.548018753528594971e-02
2.480826942314104599e+03,6.523450464010238647e-02
2.490830276758919354e+03,6.503701210021972656e-02
2.500833611203734563e+03,6.478849798440933228e-02
2.510836945648549317e+03,6.459290534257888794e-02
2.520840280093364072e+03,6.434687227010726929e-02
2.530843614538179281e+03,6.415417045354843140e-02
2.540846948982994036e+03,6.390962004661560059e-02
2.550850283427809245e+03,6.371734291315078735e-02
2.560853617872624000e+03,6.347651779651641846e-02
2.570856952317438754e+03,6.328501552343368530e-02
2.580860286762253963e+03,6.304749846458435059e-02
2.590863621207068718e+03,6.285703182220458984e-02
2.600866955651883927e+03,6.262248009443283081e-02
2.610870290096698682e+03,6.242739036679267883e-02
2.620873624541513436e+03,6.220197677612304688e-02
2.630876958986328646e+03,6.201072782278060913e-02
2.640880293431143400e+03,6.178434193134307861e-02
2.650883627875958609e+03,6.159071624279022217e-02
2.660886962320773364e+03,6.137212365865707397e-02
2.670890296765588118e+03,6.118284910917282104e-02
2.680893631210403328e+03,6.096193566918373108e-02
2.690896965655218082e+03,6.076588109135627747e-02
2.700900300100033292e+03,6.055975332856178284e-02
2.710903634544848046e+03,6.036603078246116638e-02
2.720906968989662801e+03,6.015495583415031433e-02
2.730910303434478010e+03,5.995998531579971313e-02
2.740913637879292764e+03,5.976006761193275452e-02
2.750916972324107974e+03,5.956401675939559937e-02
2.760920306768922728e+03,5.936426669359207153e-02
2.770923641213737483e+03,5.916962772607803345e-02
2.780926975658552692e+03,5.897413194179534912e-02
2.790930310103367447e+03,5.877679213881492615e-02
2.800933644548182656e+03,5.859128385782241821e-02
2.810936978992997410e+03,5.839078873395919800e-02
2.820940313437812165e+03,5.820657685399055481e-02
2.830943647882627374e+03,5.800772458314895630e-02
2.840946982327442129e+03,5.782759934663772583e-02
2.850950316772257338e+03,5.762561038136482239e-02
2.860953651217072093e+03,5.745923891663551331e-02
2.870956985661886847e+03,5.725009739398956299e-02
2.880960320106702056e+03,5.707858875393867493e-02
2.890963654551516811e+03,5.687577277421951294e-02
2.900966988996332020e+03,5.671994388103485107e-02
2.910970323441146775e+03,5.650652945041656494e-02
2.920973657885961529e+03,5.634707957506179810e-02
2.930976992330776739e+03,5.614037811756134033e-02
2.940980326775591493e+03,5.598226189613342285e-02
2.950983661220406702e+03,5.577769502997398376e-02
2.960986995665221457e+03,5.561458691954612732e-02
2.970990330110036211e+03,5.541931092739105225e-02
2.980993664554851421e+03,5.525216087698936462e-02
2.990996998999666175e+03,5.506368353962898254e-02
3.001000333444481385e+03,5.489516630768775940e-02
3.011003667889296139e+03,5.471149832010269165e-02
3.021007002334111348e+03,5.453545972704887390e-02
3.031010336778926103e+03,5.436918884515762329e-02
3.041013671223740857e+03,5.418831482529640198e-02
3.051017005668556067e+03,5.401733145117759705e-02
3.061020340113370821e+03,5.383966490626335144e-02
3.071023674558186030e+03,5.367894098162651062e-02
3.081027009003000785e+03,5.349396169185638428e-02
3.091030343447815540e+03,5.334950983524322510e-02
3.101033677892630749e+03,5.315357446670532227e-02
3.111037012337445503e+03,5.300418660044670105e-02
3.121040346782260713e+03,5.281531065702438354e-02
3.131043681227075467e+03,5.266861990094184875e-02
3.141047015671890222e+03,5.248071253299713135e-02
3.151050350116705431e+03,5.233486369252204895e-02
3.161053684561520186e+03,5.214864388108253479e-02
3.171057019006335395e+03,5.199622735381126404e-02
3.181060353451150149e+03,5.182135477662086487e-02
3.191063687895964904e+03,5.166487768292427063e-02
3.201067022340780113e+03,5.149665474891662598e-02
3.211070356785594868e+03,5.133068561553955078e-02
3.221073691230410077e+03,5.119238793849945068e-02
3.231077025675224832e+03,5.101311951875686646e-02
3.241080360120039586e+03,5.085352063179016113e-02
3.251083694564854795e+03,5.068903043866157532e-02
3.261087029009669550e+03,5.055015534162521362e-02
3.271090363454484759e+03,5.037166550755500793e-02
3.281093697899299514e+03,5.023342370986938477e-02
3.291097032344114268e+03,5.005639046430587769e-02
3.301100366788929477e+03,4.992546513676643372e-02
3.311103701233744232e+03,4.974414035677909851e-02
3.321107035678559441e+03,4.961155727505683899e-02
3.331110370123374196e+03,4.943450540304183960e-02
3.341113704568188950e+03,4.929835721850395203e-02
3.351117039013004160e+03,4.912807419896125793e-02
3.361120373457818914e+03,4.898888245224952698e-02
3.371123707902634123e+03,4.882388934493064880e-02
3.381127042347448878e+03,4.868476837873458862e-02
3.391130376792263633e+03,4.852269217371940613e-02
3.401133711237078842e+03,4.837287962436676025e-02
3.411137045681893596e+03,4.823314025998115540e-02
3.421140380126708806e+03,4.807622730731964111e-02
3.431143714571523560e+03,4.793142154812812805e-02
3.441147049016338315e+03,4.777584224939346313e-02
3.451150383461153524e+03,4.765545204281806946e-02
3.461153717905968279e+03,4.748173803091049194e-02
3.471157052350783488e+03,4.735794663429260254e-02
3.481160386795598242e+03,4.719029739499092102e-02
3.491163721240412997e+03,4.706123843789100647e-02
3.501167055685228206e+03,4.690215364098548889e-02
3.511170390130042961e+03,4.676900431513786316e-02
3.521173724574858170e+03,4.661677032709121704e-02
3.531177059019672924e+03,4.647272080183029175e-02
3.541180393464487679e+03,4.634771123528480530e-02
3.551183727909302888e+03,4.619098454713821411e-02
3.561187062354117643e+03,4.605690762400627136e-02
3.571190396798932852e+03,4.590659588575363159e-02
3.581193731243747607e+03,4.579227045178413391e-02
3.591197065688562361e+03,4.562753066420555115e-02
3.601200400133377570e+03,4.550927877426147461e-02
3.611203734578192325e+03,4.535057023167610168e-02
3.621207069023007534e+03,4.522491246461868286e-02
3.631210403467822289e+03,4.507762938737869263e-02
3.641213737912637043e+03,4.494671151041984558e-02
3.651217072357452253e+03,4.480689018964767456e-02
3.661220406802267007e+03,4.466949775815010071e-02
3.671223741247082216e+03,4.454352334141731262e-02
3.681227075691896971e+03,4.439777135848999023e-02
3.691230410136711725e+03,4.428484290838241577e-02
3.701233744581526935e+03,4.412963241338729858e-02
3.711237079026341689e+03,4.401714727282524109e-02
3.721240413471156899e+03,4.386394470930099487e-02
3.731243747915971653e+03,4.373189061880111694e-02
3.741247082360786408e+03,4.362220689654350281e-02
3.751250416805601617e+03,4.347418621182441711e-02
3.761253751250416371e+03,4.334230348467826843e-02
3.771257085695231581e+03,4.320892319083213806e-02
3.781260420140046335e+03,4.309584945440292358e-02
3.791263754584861090e+03,4.294957593083381653e-02
3.801267089029676299e+03,4.284033179283142090e-02
3.811270423474491054e+03,4.269236698746681213e-02
3.821273757919306263e+03,4.258643835783004761e-02
3.831277092364121017e+03,4.243759438395500183e-02
3.841280426808935772e+03,4.232175648212432861e-02
3.851283761253750981e+03,4.218623414635658264e-02
3.861287095698565736e+03,4.206306487321853638e-02
3.871290430143380945e+03,4.194028303027153015e-02
3.881293764588195700e+03,4.180984199047088623e-02
3.891297099033010909e+03,4.169890657067298889e-02
3.901300433477825663e+03,4.156118631362915039e-02
3.911303767922640418e+03,4.145306721329689026e-02
3.921307102367455627e+03,4.131422564387321472e-02
3.931310436812270382e+03,4.121097922325134277e-02
3.941313771257085591e+03,4.106908291578292847e-02
3.951317105701900346e+03,4.096592590212821960e-02
3.961320440146715100e+03,4.082656279206275940e-02
3.971323774591530309e+03,4.072185233235359192e-02
3.981327109036345064e+03,4.058577865362167358e-02
3.991330443481160273e+03,4.046926274895668030e-02
4.001333777925975028e+03,4.035193100571632385e-02
4.011337112370789782e+03,4.023130610585212708e-02
4.021340446815604992e+03,4.011416062712669373e-02
4.031343781260419746e+03,3.999059647321701050e-02
4.041347115705234955e+03,3.989177569746971130e-02
4.051350450150049710e+03,3.975586965680122375e-02
4.061353784594864464e+03,3.965397179126739502e-02
4.071357119039679674e+03,3.952171653509140015e-02
4.081360453484494428e+03,3.940525650978088379e-02
4.091363787929309638e+03,3.930874541401863098e-02
4.101367122374123937e+03,3.917437419295310974e-02
4.111370456818939601e+03,3.907515108585357666e-02
4.121373791263754356e+03,3.894502297043800354e-02
4.131377125708569110e+03,3.885247185826301575e-02
4.141380460153383865e+03,3.871737793087959290e-02
4.151383794598198619e+03,3.860735520720481873e-02
4.161387129043014284e+03,3.849719837307929993e-02
4.171390463487829038e+03,3.838783875107765198e-02
4.181393797932643793e+03,3.826946392655372620e-02
4.191397132377458547e+03,3.815501928329467773e-02
4.201400466822273302e+03,3.807198256254196167e-02
4.211403801267088966e+03,3.793349489569664001e-02
4.221407135711903720e+03,3.783624619245529175e-02
4.231410470156718475e+03,3.771218657493591309e-02
4.241413804601533229e+03,3.761238232254981995e-02
4.251417139046347984e+03,3.749454021453857422e-02
4.261420473491163648e+03,3.740023821592330933e-02
4.271423807935978402e+03,3.727636486291885376e-02
4.281427142380793157e+03,3.717197105288505554e-02
4.291430476825607911e+03,3.706553950905799866e-02
4.301433811270423575e+03,3.695768490433692932e-02
4.311437145715238330e+03,3.685093298554420471e-02
4.321440480160053085e+03,3.673865273594856262e-02
4.331443814604867839e+03,3.665344417095184326e-02
4.341447149049682594e+03,3.652660921216011047e-02
4.351450483494498258e+03,3.643684461712837219e-02
4.361453817939313012e+03,3.631601482629776001e-02
4.371457152384127767e+03,3.622798621654510498e-02
4.381460486828942521e+03,3.610765188932418823e-02
4.391463821273757276e+03,3.600248321890830994e-02
4.401467155718572940e+03,3.592813760042190552e-02
4.411470490163387694e+03,3.579594939947128296e-02
4.421473824608202449e+03,3.570925071835517883e-02
4.431477159053017203e+03,3.559016063809394836e-02
4.441480493497831958e+03,3.550824522972106934e-02
4.451483827942647622e+03,3.538610041141510010e-02
4.461487162387462377e+03,3.529386967420578003e-02
4.471490496832277131e+03,3.518494963645935059e-02
4.481493831277091886e+03,3.509061783552169800e-02
4.491497165721906640e+03,3.498439118266105652e-02
4.501500500166722304e+03,3.488138318061828613e-02
4.511503834611537059e+03,3.479795530438423157e-02
4.521507169056351813e+03,3.468250110745429993e-02
4.531510503501166568e+03,3.460300713777542114e-02
4.541513837945981322e+03,3.448448702692985535e-02
4.551517172390796986e+03,3.439020738005638123e-02
4.561520506835611741e+03,3.429246321320533752e-02
4.571523841280426495e+03,3.419474512338638306e-02
4.581527175725241250e+03,3.409839048981666565e-02
4.591530510170056004e+03,3.399594873189926147e-02
4.601533844614871668e+03,3.392365574836730957e-02
4.611537179059686423e+03,3.380312770605087280e-02
4.621540513504501178e+03,3.372440859675407410e-02
4.631543847949315932e+03,3.361135348677635193e-02
4.641547182394130687e+03,3.352490440011024475e-02
4.651550516838946351e+03,3.342262655496597290e-02
4.661553851283761105e+03,3.333070501685142517e-02
4.671557185728575860e+03,3.323656693100929260e-02
4.681560520173390614e+03,3.313774988055229187e-02
4.691563854618205369e+03,3.306790068745613098e-02
4.701567189063021033e+03,3.295092657208442688e-02
4.711570523507835787e+03,3.287698701024055481e-02
4.721573857952650542e+03,3.276494890451431274e-02
4.731577192397465296e+03,3.267208114266395569e-02
4.741580526842280051e+03,3.261033818125724792e-02
4.751583861287095715e+03,3.249068930745124817e-02
4.761587195731910469e+03,3.240300714969635010e-02
4.771590530176725224e+03,3.230597823858261108e-02
4.781593864621539979e+03,3.223644942045211792e-02
4.791597199066354733e+03,3.212447836995124817e-02
4.801600533511170397e+03,3.204719722270965576e-02
4.811603867955985152e+03,3.194512426853179932e-02
4.821607202400799906e+03,3.186560422182083130e-02
4.831610536845614661e+03,3.176707029342651367e-02
4.841613871290429415e+03,3.167637065052986145e-02
4.851617205735245079e+03,3.159330040216445923e-02
4.861620540180059834e+03,3.150066360831260681e-02
4.871623874624874588e+03,3.142907470464706421e-02
4.881627209069689343e+03,3.132354095578193665e-02
4.891630543514504097e+03,3.123597241938114166e-02
4.901633877959319761e+03,3.116621635854244232e-02
4.911637212404134516e+03,3.106383047997951508e-02
4.921640546848949270e+03,3.098145313560962677e-02
4.931643881293764025e+03,3.088923916220664978e-02
4.941647215738578780e+03,3.081727214157581329e-02
4.951650550183394444e+03,3.071680478751659393e-02
4.961653884628209198e+03,3.063173219561576843e-02
4.971657219073023953e+03,3.056054003536701202e-02
4.981660553517838707e+03,3.046364150941371918e-02
4.991663887962653462e+03,3.038227371871471405e-02
5.001667222407469126e+03,3.029218688607215881e-02
5.011670556852283880e+03,3.022821806371212006e-02
5.021673891297098635e+03,3.012427873909473419e-02
5.031677225741913389e+03,3.006061911582946777e-02
5.041680560186728144e+03,2.995756827294826508e-02
5.051683894631543808e+03,2.988086454570293427e-02
5.061687229076358562e+03,2.979411557316780090e-02
5.071690563521173317e+03,2.971345186233520508e-02
5.081693897965988072e+03,2.963189035654067993e-02
5.091697232410802826e+03,2.954555675387382507e-02
5.101700566855618490e+03,2.947436459362506866e-02
5.111703901300433245e+03,2.938330359756946564e-02
5.121707235745247999e+03,2.931907214224338531e-02
5.131710570190062754e+03,2.922122366726398468e-02
5.141713904634877508e+03,2.914766222238540649e-02
5.151717239079693172e+03,2.906244434416294098e-02
5.161720573524507927e+03,2.898230589926242828e-02
5.171723907969322681e+03,2.890963107347488403e-02
5.181727242414137436e+03,2.882123365998268127e-02
5.191730576858952190e+03,2.874224260449409485e-02
5.201733911303767854e+03,2.868084050714969635e-02
5.211737245748582609e+03,2.859102748334407806e-02
5.221740580193397363e+03,2.850821800529956818e-02
5.231743914638212118e+03,2.842791937291622162e-02
5.241747249083026873e+03,2.837239392101764679e-02
5.251750583527842537e+03,2.827255241572856903e-02
5.261753917972657291e+03,2.821304462850093842e-02
5.271757252417472046e+03,2.811817638576030731e-02
5.281760586862286800e+03,2.804091200232505798e-02
5.291763921307101555e+03,2.799168601632118225e-02
5.301767255751917219e+03,2.789004147052764893e-02
5.311770590196731973e+03,2.781711891293525696e-02
5.321773924641546728e+03,2.773690409958362579e-02
5.331777259086361482e+03,2.767345495522022247e-02
5.341780593531176237e+03,2.758514322340488434e-02
5.351783927975991901e+03,2.751199342310428619e-02
5.361787262420806655e+03,2.743985876441001892e-02
5.371790596865621410e+03,2.736825495958328247e-02
5.381793931310436164e+03,2.728782594203948975e-02
5.391797265755250919e+03,2.721172198653221130e-02
5.401800600200066583e+03,2.715884894132614136e-02
5.411803934644881338e+03,2.706425637006759644e-02
5.421807269089696092e+03,2.700684778392314911e-02
5.431810603534510847e+03,2.691810764372348785e-02
5.441813937979325601e+03,2.684923633933067322e-02
5.451817272424141265e+03,2.677456662058830261e-02
5.461820606868956020e+03,2.670013345777988434e-02
5.471823941313770774e+03,2.663917094469070435e-02
5.481827275758585529e+03,2.655502222478389740e-02
5.491830610203400283e+03,2.650041691958904266e-02
5.501833944648215947e+03,2.641175687313079834e-02
5.511837279093030702e+03,2.635378390550613403e-02
5.521840613537845456e+03,2.626955509185791016e-02
5.531843947982660211e+03,2.620864100754261017e-02
5.541847282427474966e+03,2.612880244851112366e-02
5.551850616872290630e+03,2.605778165161609650e-02
5.561853951317105384e+03,2.600125595927238464e-02
5.571857285761920139e+03,2.591703459620475769e-02
5.581860620206734893e+03,2.585134841501712799e-02
5.591863954651549648e+03,2.577990107238292694e-02
5.601867289096365312e+03,2.571700140833854675e-02
5.611870623541180066e+03,2.564033493399620056e-02
5.621873957985994821e+03,2.557024545967578888e-02
5.631877292430809575e+03,2.552067302167415619e-02
5.641880626875624330e+03,2.543289773166179657e-02
5.651883961320439994e+03,2.538376487791538239e-02
5.661887295765254748e+03,2.529657445847988129e-02
5.671890630210069503e+03,2.524371445178985596e-02
5.681893964654884257e+03,2.516156621277332306e-02
5.691897299099699012e+03,2.509562484920024872e-02
5.701900633544514676e+03,2.503242157399654388e-02
5.711903967989329431e+03,2.495954558253288269e-02
5.721907302434144185e+03,2.491049095988273621e-02
5.731910636878958940e+03,2.482596971094608307e-02
5.741913971323773694e+03,2.477692626416683197e-02
5.751917305768589358e+03,2.469370327889919281e-02
5.761920640213404113e+03,2.462737448513507843e-02
5.771923974658218867e+03,2.458633296191692352e-02
5.781927309103033622e+03,2.449642494320869446e-02
5.791930643547848376e+03,2.444358915090560913e-02
5.801933977992664040e+03,2.436557784676551819e-02
5.811937312437478795e+03,2.430041506886482239e-02
5.821940646882293549e+03,2.425856329500675201e-02
5.831943981327108304e+03,2.417594008147716522e-02
5.841947315771923058e+03,2.410851046442985535e-02
5.851950650216738723e+03,2.404754050076007843e-02
5.861953984661553477e+03,2.398228086531162262e-02
5.871957319106368232e+03,2.391687594354152679e-02
5.881960653551182986e+03,2.386054955422878265e-02
5.891963987995997741e+03,2.378852479159832001e-02
5.901967322440813405e+03,2.374155446887016296e-02
5.911970656885628159e+03,2.366250008344650269e-02
5.921973991330442914e+03,2.360390312969684601e-02
5.931977325775257668e+03,2.353956736624240875e-02
5.941980660220072423e+03,2.347503229975700378e-02
5.951983994664888087e+03,2.342394739389419556e-02
5.961987329109702841e+03,2.335021831095218658e-02
5.971990663554517596e+03,2.330632507801055908e-02
5.981993997999332350e+03,2.322682179510593414e-02
5.991997332444148014e+03,2.316833473742008209e-02
6.002000666888962769e+03,2.310686931014060974e-02
6.012004001333777524e+03,2.304560877382755280e-02
6.022007335778592278e+03,2.298657223582267761e-02
6.032010670223407033e+03,2.292134985327720642e-02
6.042014004668222697e+03,2.287779748439788818e-02
6.052017339113037451e+03,2.280075103044509888e-02
6.062020673557852206e+03,2.275307849049568176e-02
6.072024008002666960e+03,2.268094196915626526e-02
6.082027342447481715e+03,2.262605726718902588e-02
6.092030676892297379e+03,2.256317436695098877e-02
6.102034011337112133e+03,2.250182069838047028e-02
6.112037345781926888e+03,2.246085554361343384e-02
6.122040680226741642e+03,2.238358370959758759e-02
6.132044014671556397e+03,2.233676426112651825e-02
6.142047349116372061e+03,2.226667106151580811e-02
6.152050683561186815e+03,2.221123687922954559e-02
6.162054018006001570e+03,2.215215750038623810e-02
6.172057352450816325e+03,2.209106460213661194e-02
6.182060686895631079e+03,2.205117233097553253e-02
6.192064021340446743e+03,2.197515591979026794e-02
6.202067355785261498e+03,2.193046174943447113e-02
6.212070690230076252e+03,2.186046354472637177e-02
6.222074024674891007e+03,2.180752158164978027e-02
6.232077359119705761e+03,2.174744009971618652e-02
6.242080693564521425e+03,2.168847247958183289e-02
6.252084028009336180e+03,2.163201756775379181e-02
6.262087362454150934e+03,2.158472314476966858e-02
6.272090696898965689e+03,2.152755670249462128e-02
6.282094031343780443e+03,2.146310731768608093e-02
6.292097365788596107e+03,2.140671201050281525e-02
6.302100700233410862e+03,2.136098966002464294e-02
6.312104034678225617e+03,2.129452675580978394e-02
6.322107369123040371e+03,2.125299908220767975e-02
6.332110703567855126e+03,2.118390426039695740e-02
6.342114038012670790e+03,2.112958952784538269e-02
6.352117372457485544e+03,2.107883617281913757e-02
6.362120706902300299e+03,2.101859450340270996e-02
6.372124041347115053e+03,2.097526751458644867e-02
6.382127375791929808e+03,2.090885303914546967e-02
6.392130710236745472e+03,2.086612768471240997e-02
6.402134044681560226e+03,2.080061845481395721e-02
6.412137379126374981e+03,2.074735052883625031e-02
6.422140713571189735e+03,2.069799415767192841e-02
6.432144048016004490e+03,2.063865214586257935e-02
6.442147382460820154e+03,2.059871144592761993e-02
6.452150716905634908e+03,2.053144387900829315e-02
6.462154051350449663e+03,2.049239166080951691e-02
6.472157385795264418e+03,2.042540907859802246e-02
6.482160720240079172e+03,2.037685550749301910e-02
6.492164054684894836e+03,2.032118104398250580e-02
6.502167389129709591e+03,2.026700973510742188e-02
6.512170723574524345e+03,2.022681757807731628e-02
6.522174058019339100e+03,2.016180008649826050e-02
6.532177392464153854e+03,2.012163400650024414e-02
6.542180726908969518e+03,2.005795761942863464e-02
6.552184061353784273e+03,2.001328952610492706e-02
6.562187395798599027e+03,1.995524391531944275e-02
6.572190730243413782e+03,1.990463398396968842e-02
6.582194064688228536e+03,1.985626108944416046e-02
6.592197399133044200e+03,1.979987509548664093e-02
6.602200733577858955e+03,1.976420544087886810e-02
6.612204068022673709e+03,1.969808526337146759e-02
6.622207402467488464e+03,1.966085657477378845e-02
6.632210736912303219e+03,1.959696225821971893e-02
6.642214071357118883e+03,1.955101825296878815e-02
6.652217405801933637e+03,1.949777081608772278e-02
6.662220740246748392e+03,1.944594271481037140e-02
6.672224074691563146e+03,1.941072568297386169e-02
6.682227409136377901e+03,1.934596896171569824e-02
6.692230743581193565e+03,1.930560730397701263e-02
6.702234078026008319e+03,1.924699731171131134e-02
6.712237412470823074e+03,1.919920556247234344e-02
6.722240746915637828e+03,1.915075257420539856e-02
6.732244081360452583e+03,1.910038106143474579e-02
6.742247415805268247e+03,1.905450411140918732e-02
6.752250750250083001e+03,1.900115981698036194e-02
6.762254084694897756e+03,1.896498724818229675e-02
6.772257419139712511e+03,1.890372857451438904e-02
6.782260753584527265e+03,1.886413991451263428e-02
6.792264088029342929e+03,1.880770176649093628e-02
6.802267422474157684e+03,1.876286044716835022e-02
6.812270756918972438e+03,1.871312223374843597e-02
6.822274091363787193e+03,1.866365969181060791e-02
6.832277425808601947e+03,1.862444169819355011e-02
6.842280760253417611e+03,1.856760494410991669e-02
6.852284094698232366e+03,1.853354834020137787e-02
6.862287429143047120e+03,1.847311109304428101e-02
6.872290763587861875e+03,1.843558810651302338e-02
6.882294098032676629e+03,1.837925799190998077e-02
6.892297432477492293e+03,1.833419129252433777e-02
6.902300766922307048e+03,1.828818954527378082e-02
6.912304101367121802e+03,1.823808811604976654e-02
6.922307435811936557e+03,1.820644736289978027e-02
6.932310770256751312e+03,1.814536377787590027e-02
6.942314104701566976e+03,1.810956932604312897e-02
6.952317439146381730e+03,1.805349811911582947e-02
6.962320773591196485e+03,1.800854876637458801e-02
6.972324108036011239e+03,1.796634867787361145e-02
6.982327442480825994e+03,1.791739463806152344e-02
6.992330776925641658e+03,1.787528209388256073e-02
7.002334111370456412e+03,1.782542094588279724e-02
7.012337445815271167e+03,1.778874173760414124e-02
7.022340780260085921e+03,1.773446239531040192e-02
7.032344114704900676e+03,1.769951730966567993e-02
7.042347449149716340e+03,1.764420792460441589e-02
7.052350783594531094e+03,1.760210655629634857e-02
7.062354118039345849e+03,1.755754277110099792e-02
7.072357452484160603e+03,1.751064136624336243e-02
7.082360786928975358e+03,1.747385971248149872e-02
7.092364121373791022e+03,1.742113567888736725e-02
7.102367455818605777e+03,1.738940179347991943e-02
7.112370790263420531e+03,1.733298040926456451e-02
7.122374124708235286e+03,1.728958077728748322e-02
7.132377459153050040e+03,1.725113205611705780e-02
7.142380793597865704e+03,1.720161177217960358e-02
7.152384128042680459e+03,1.716862432658672333e-02
7.162387462487495213e+03,1.711434684693813324e-02
7.172390796932309968e+03,1.707522198557853699e-02
7.182394131377124722e+03,1.702898181974887848e-02
7.192397465821940386e+03,1.698540896177291870e-02
7.202400800266755141e+03,1.694823056459426880e-02
7.212404134711569895e+03,1.689892634749412537e-02
7.222407469156384650e+03,1.686855964362621307e-02
7.232410803601199405e+03,1.681405305862426758e-02
7.242414138046015069e+03,1.677294075489044189e-02
7.252417472490829823e+03,1.673259586095809937e-02
7.262420806935644578e+03,1.668661087751388550e-02
7.272424141380459332e+03,1.665170304477214813e-02
7.282427475825274087e+03,1.660310663282871246e-02
7.292430810270089751e+03,1.656099408864974976e-02
7.302434144714904505e+03,1.652812957763671875e-02
7.312437479159719260e+03,1.647742651402950287e-02
7.322440813604534014e+03,1.644994504749774933e-02
7.332444148049348769e+03,1.639452390372753143e-02
7.342447482494164433e+03,1.636312529444694519e-02
7.352450816938979187e+03,1.631254516541957855e-02
7.362454151383793942e+03,1.627630926668643951e-02
7.372457485828608696e+03,1.623126491904258728e-02
7.382460820273423451e+03,1.619042083621025085e-02
7.392464154718239115e+03,1.615424826741218567e-02
7.402467489163053870e+03,1.610880531370639801e-02
7.412470823607868624e+03,1.607753522694110870e-02
7.422474158052683379e+03,1.602788269519805908e-02
7.432477492497498133e+03,1.599862612783908844e-02
7.442480826942313797e+03,1.594744808971881866e-02
7.452484161387128552e+03,1.591517962515354156e-02
7.462487495831943306e+03,1.586822606623172760e-02
7.472490830276758061e+03,1.583117246627807617e-02
7.482494164721572815e+03,1.579031720757484436e-02
7.492497499166388479e+03,1.574975624680519104e-02
7.502500833611203234e+03,1.571469940245151520e-02
7.512504168056017988e+03,1.567016914486885071e-02
7.522507502500832743e+03,1.564086601138114929e-02
7.532510836945647497e+03,1.559151150286197662e-02
7.542514171390463162e+03,1.556347031146287918e-02
7.552517505835277916e+03,1.551383361220359802e-02
7.562520840280092671e+03,1.547478418797254562e-02
7.572524174724907425e+03,1.544736605137586594e-02
7.582527509169722180e+03,1.539744809269905090e-02
7.592530843614537844e+03,1.537037920206785202e-02
7.602534178059352598e+03,1.532060652971267700e-02
7.612537512504167353e+03,1.529440283775329590e-02
7.622540846948982107e+03,1.524450629949569702e-02
7.632544181393796862e+03,1.521196123212575912e-02
7.642547515838612526e+03,1.516919489949941635e-02
7.652550850283427280e+03,1.513379439711570740e-02
7.662554184728242035e+03,1.509465742856264114e-02
7.672557519173056789e+03,1.505587995052337646e-02
7.682560853617871544e+03,1.502573676407337189e-02
7.692564188062687208e+03,1.498041301965713501e-02
7.702567522507501963e+03,1.495250221341848373e-02
7.712570856952316717e+03,1.490618381649255753e-02
7.722574191397131472e+03,1.487329695373773575e-02
7.732577525841947136e+03,1.483272481709718704e-02
7.742580860286761890e+03,1.479527726769447327e-02
7.752584194731576645e+03,1.476521883159875870e-02
7.762587529176391399e+03,1.472128555178642273e-02
7.772590863621206154e+03,1.469772309064865112e-02
7.782594198066021818e+03,1.464814879000186920e-02
7.792597532510836572e+03,1.461285073310136795e-02
7.802600866955651327e+03,1.457865443080663681e-02
7.812604201400466081e+03,1.454006601125001907e-02
7.822607535845280836e+03,1.450769044458866119e-02
7.832610870290096500e+03,1.446719653904438019e-02
7.842614204734911254e+03,1.444447878748178482e-02
7.852617539179726009e+03,1.439564302563667297e-02
7.862620873624540764e+03,1.436998881399631500e-02
7.872624208069355518e+03,1.432463061064481735e-02
7.882627542514171182e+03,1.429526600986719131e-02
7.892630876958985937e+03,1.425408292561769485e-02
7.902634211403800691e+03,1.422178186476230621e-02
7.912637545848615446e+03,1.418474223464727402e-02
7.922640880293430200e+03,1.414885837584733963e-02
7.932644214738245864e+03,1.411819737404584885e-02
7.942647549183060619e+03,1.407839916646480560e-02
7.952650883627875373e+03,1.405199896544218063e-02
7.962654218072690128e+03,1.400883775204420090e-02
7.972657552517504882e+03,1.398334931582212448e-02
7.982660886962320546e+03,1.393973547965288162e-02
7.992664221407135301e+03,1.391294226050376892e-02
8.002667555851950056e+03,1.387108117341995239e-02
8.012670890296764810e+03,1.384054683148860931e-02
8.022674224741579565e+03,1.380378659814596176e-02
8.032677559186395229e+03,1.376907341182231903e-02
8.042680893631209983e+03,1.373997423797845840e-02
8.052684228076024738e+03,1.370072457939386368e-02
8.062687562520839492e+03,1.367464289069175720e-02
8.072690896965654247e+03,1.363290939480066299e-02
8.082694231410469911e+03,1.360872760415077209e-02
8.092697565855284665e+03,1.356577407568693161e-02
8.102700900300099420e+03,1.353463437408208847e-02
8.112704234744914174e+03,1.350082084536552429e-02
8.122707569189728929e+03,1.346644386649131775e-02
8.132710903634544593e+03,1.343808602541685104e-02
8.142714238079359347e+03,1.339932531118392944e-02
8.152717572524174102e+03,1.337470207363367081e-02
8.162720906968988857e+03,1.333387754857540131e-02
8.172724241413803611e+03,1.330486405640840530e-02
8.182727575858619275e+03,1.326905470341444016e-02
8.192730910303433120e+03,1.323671266436576843e-02
8.202734244748247875e+03,1.320591382682323456e-02
8.212737579193064448e+03,1.317056268453598022e-02
8.222740913637879203e+03,1.314515992999076843e-02
8.232744248082693957e+03,1.310552656650543213e-02
8.242747582527508712e+03,1.308403909206390381e-02
8.252750916972323466e+03,1.304126903414726257e-02
8.262754251417138221e+03,1.301448978483676910e-02
8.272757585861952975e+03,1.297790836542844772e-02
8.282760920306767730e+03,1.294569019228219986e-02
8.292764254751582484e+03,1.292055007070302963e-02
8.302767589196397239e+03,1.288210134953260422e-02
8.312770923641213813e+03,1.285915076732635498e-02
8.322774258086028567e+03,1.281885337084531784e-02
8.332777592530843322e+03,1.279753074049949646e-02
8.342780926975658076e+03,1.275615673512220383e-02
8.352784261420472831e+03,1.272851321846246719e-02
8.362787595865287585e+03,1.269476208835840225e-02
8.372790930310102340e+03,1.266507990658283234e-02
8.382794264754917094e+03,1.263331901282072067e-02
8.392797599199731849e+03,1.260043680667877197e-02
8.402800933644546603e+03,1.258114073425531387e-02
8.412804268089363177e+03,1.253896951675415039e-02
8.422807602534177931e+03,1.251416373997926712e-02
8.432810936978992686e+03,1.247794460505247116e-02
8.442814271423807440e+03,1.244818046689033508e-02
8.452817605868622195e+03,1.241949386894702911e-02
8.462820940313436950e+03,1.238611806184053421e-02
8.472824274758251704e+03,1.236633118242025375e-02
8.482827609203066459e+03,1.232565101236104965e-02
8.492830943647881213e+03,1.229688059538602829e-02
8.502834278092695968e+03,1.226728223264217377e-02
8.512837612537512541e+03,1.223809178918600082e-02
8.522840946982327296e+03,1.220711506903171539e-02
8.532844281427142050e+03,1.217605825513601303e-02
8.542847615871956805e+03,1.215495076030492783e-02
8.552850950316771559e+03,1.211661659181118011e-02
8.562854284761586314e+03,1.209757477045059204e-02
8.572857619206401068e+03,1.205761730670928955e-02
8.582860953651215823e+03,1.203486602753400803e-02
8.592864288096030577e+03,1.199909765273332596e-02
8.602867622540847151e+03,1.197298057377338409e-02
8.612870956985661905e+03,1.194136496633291245e-02
8.622874291430476660e+03,1.191366836428642273e-02
8.632877625875291415e+03,1.188391819596290588e-02
8.642880960320106169e+03,1.185342948883771896e-02
8.652884294764920924e+03,1.183256786316633224e-02
8.662887629209735678e+03,1.179566141217947006e-02
8.672890963654550433e+03,1.177076250314712524e-02
8.682894298099365187e+03,1.173895504325628281e-02
8.692897632544179942e+03,1.170961931347846985e-02
8.702900966988996515e+03,1.169037725776433945e-02
8.712904301433811270e+03,1.165285147726535797e-02
8.722907635878626024e+03,1.163444574922323227e-02
8.732910970323440779e+03,1.159638725221157074e-02
8.742914304768255533e+03,1.157653145492076874e-02
8.752917639213070288e+03,1.154011860489845276e-02
8.762920973657885042e+03,1.151679549366235733e-02
8.772924308102699797e+03,1.148438267409801483e-02
8.782927642547514552e+03,1.145595684647560120e-02
8.792930976992329306e+03,1.143450010567903519e-02
8.802934311437145880e+03,1.140055619180202484e-02
8.812937645881960634e+03,1.138171181082725525e-02
8.822940980326775389e+03,1.134541630744934082e-02
8.832944314771590143e+03,1.132417377084493637e-02
8.842947649216404898e+03,1.129082497209310532e-02
8.852950983661219652e+03,1.126790978014469147e-02
8.862954318106034407e+03,1.123624853789806366e-02
8.872957652550849161e+03,1.121134776622056961e-02
8.882960986995663916e+03,1.118279062211513519e-02
8.892964321440478670e+03,1.115606166422367096e-02
8.902967655885295244e+03,1.112983934581279755e-02
8.912970990330109998e+03,1.110084354877471924e-02
8.922974324774924753e+03,1.107946410775184631e-02
8.932977659219739508e+03,1.104705967009067535e-02
8.942980993664554262e+03,1.102610491216182709e-02
8.952984328109369017e+03,1.099350769072771072e-02
8.962987662554183771e+03,1.097363233566284180e-02
8.972990996998998526e+03,1.094030681997537613e-02
8.982994331443813280e+03,1.091906987130641937e-02
8.992997665888628035e+03,1.088775414973497391e-02
9.003001000333444608e+03,1.086349785327911377e-02
9.013004334778259363e+03,1.083625759929418564e-02
9.023007669223074117e+03,1.080996077507734299e-02
9.033011003667888872e+03,1.078520342707633972e-02
9.043014338112703626e+03,1.075616851449012756e-02
9.053017672557518381e+03,1.073906850069761276e-02
9.063021007002333135e+03,1.070430874824523926e-02
9.073024341447147890e+03,1.068420708179473877e-02
9.083027675891962645e+03,1.065277494490146637e-02
9.093031010336777399e+03,1.062741782516241074e-02
9.103034344781593973e+03,1.060529146343469620e-02
9.113037679226408727e+03,1.057561300694942474e-02
9.123041013671223482e+03,1.055853255093097687e-02
9.133044348116038236e+03,1.052474509924650192e-02
9.143047682560852991e+03,1.050728932023048401e-02
9.153051017005667745e+03,1.047411467880010605e-02
9.163054351450482500e+03,1.045660022646188736e-02
9.173057685895297254e+03,1.042352709919214249e-02
9.183061020340112009e+03,1.040048524737358093e-02
9.193064354784926763e+03,1.037469599395990372e-02
9.203067689229743337e+03,1.034893468022346497e-02
9.213071023674558091e+03,1.032770238816738129e-02
9.223074358119372846e+03,1.029946841299533844e-02
9.233077692564187601e+03,1.027754414826631546e-02
9.243081027009002355e+03,1.024998072534799576e-02
9.253084361453817110e+03,1.022853329777717590e-02
9.263087695898631864e+03,1.020083576440811157e-02
9.273091030343446619e+03,1.017933618277311325e-02
9.283094364788261373e+03,1.015160977840423584e-02
9.293097699233076128e+03,1.013123337179422379e-02
9.303101033677892701e+03,1.010220125317573547e-02
9.313104368122707456e+03,1.008193194866180420e-02
9.323107702567522210e+03,1.005433406680822372e-02
9.333111037012336965e+03,1.003099791705608368e-02
9.343114371457151719e+03,1.000772230327129364e-02
9.353117705901966474e+03,9.982688352465629578e-03
9.363121040346781228e+03,9.959913790225982666e-03
9.373124374791595983e+03,9.933777153491973877e-03
9.383127709236410738e+03,9.914917871356010437e-03
9.393131043681225492e+03,9.885830804705619812e-03
9.403134378126042066e+03,9.868615306913852692e-03
9.413137712570856820e+03,9.838602505624294281e-03
9.423141047015671575e+03,9.818893857300281525e-03
9.433144381460486329e+03,9.791785851120948792e-03
9.443147715905301084e+03,9.768861345946788788e-03
9.453151050350115838e+03,9.746897965669631958e-03
9.463154384794930593e+03,9.720778092741966248e-03
9.473157719239745347e+03,9.705433622002601624e-03
9.483161053684560102e+03,9.674216620624065399e-03
9.493164388129374856e+03,9.654763154685497284e-03
9.503167722574191430e+03,9.628709405660629272e-03
9.513171057019006184e+03,9.606663137674331665e-03
9.523174391463820939e+03,9.583642706274986267e-03
9.533177725908635693e+03,9.558818303048610687e-03
9.543181060353450448e+03,9.543885476887226105e-03
9.553184394798265203e+03,9.512840770184993744e-03
9.563187729243079957e+03,9.496326558291912079e-03
9.573191063687894712e+03,9.467517957091331482e-03
9.583194398132709466e+03,9.444954805076122284e-03
9.593197732577524221e+03,9.427381679415702820e-03
9.603201067022340794e+03,9.399679489433765411e-03
9.613204401467155549e+03,9.384022094309329987e-03
9.623207735911970303e+03,9.354583919048309326e-03
9.633211070356785058e+03,9.338840842247009277e-03
9.643214404801599812e+03,9.310165420174598694e-03
9.653217739246414567e+03,9.293345734477043152e-03
9.663221073691229321e+03,9.265728294849395752e-03
9.673224408136044076e+03,9.245304390788078308e-03
9.683227742580858830e+03,9.222405962646007538e-03
9.693231077025673585e+03,9.198960848152637482e-03
9.703234411470490159e+03,9.183914400637149811e-03
9.713237745915304913e+03,9.155218489468097687e-03
9.723241080360119668e+03,9.133637882769107819e-03
9.733244414804934422e+03,9.115093387663364410e-03
9.743247749249749177e+03,9.089770726859569550e-03
9.753251083694563931e+03,9.074291214346885681e-03
9.763254418139378686e+03,9.046225808560848236e-03
9.773257752584193440e+03,9.030313231050968170e-03
9.783261087029008195e+03,9.003307670354843140e-03
9.793264421473822949e+03,8.983990177512168884e-03
9.803267755918639523e+03,8.961129933595657349e-03
9.813271090363454277e+03,8.939878083765506744e-03
9.823274424808269032e+03,8.919741958379745483e-03
9.833277759253083786e+03,8.896270766854286194e-03
9.843281093697898541e+03,8.882889524102210999e-03
9.853284428142713296e+03,8.853944018483161926e-03
9.863287762587528050e+03,8.839332498610019684e-03
9.873291097032342805e+03,8.811937645077705383e-03
9.883294431477157559e+03,8.792411535978317261e-03
9.893297765921972314e+03,8.771236985921859741e-03
9.903301100366788887e+03,8.751036599278450012e-03
9.913304434811603642e+03,8.729557506740093231e-03
9.923307769256418396e+03,8.709372952580451965e-03
9.933311103701233151e+03,8.688285946846008301e-03
9.943314438146047905e+03,8.667604066431522369e-03
9.953317772590862660e+03,8.647830225527286530e-03
9.963321107035677414e+03,8.626478724181652069e-03
9.973324441480492169e+03,8.606686256825923920e-03
9.983327775925306923e+03,8.584774099290370941e-03
9.993331110370121678e+03,8.567786775529384613e-03
1.000333444481493825e+04,8.543803356587886810e-03
1.001333777925975301e+04,8.526841178536415100e-03
1.002334111370456776e+04,8.503423072397708893e-03
1.003334444814938252e+04,8.485062979161739349e-03
1.004334778259419727e+04,8.463821373879909515e-03
1.005335111703901202e+04,8.443010970950126648e-03
1.006335445148382678e+04,8.425921201705932617e-03
1.007335778592864153e+04,8.402110077440738678e-03
1.008336112037345629e+04,8.387966081500053406e-03
1.009336445481827104e+04,8.362534455955028534e-03
1.010336778926308762e+04,8.346005342900753021e-03
1.011337112370790237e+04,8.323337882757186890e-03
1.012337445815271712e+04,8.305170573294162750e-03
1.013337779259753188e+04,8.284713141620159149e-03
1.014338112704234663e+04,8.264510892331600189e-03
1.015338446148716139e+04,8.247155696153640747e-03
1.016338779593197614e+04,8.224745281040668488e-03
1.017339113037679090e+04,8.210110478103160858e-03
1.018339446482160565e+04,8.185577578842639923e-03
1.019339779926642041e+04,8.171462453901767731e-03
1.020340113371123698e+04,8.146995678544044495e-03
1.021340446815605173e+04,8.129741996526718140e-03
1.022340780260086649e+04,8.109186775982379913e-03
1.023341113704568124e+04,8.090294897556304932e-03
1.024341447149049600e+04,8.071708492934703827e-03
1.025341780593531075e+04,8.051115088164806366e-03
1.026342114038012551e+04,8.035602979362010956e-03
1.027342447482494026e+04,8.012998849153518677e-03
1.028342780926975502e+04,7.998282089829444885e-03
1.029343114371457159e+04,7.974973879754543304e-03
1.030343447815938634e+04,7.960392162203788757e-03
1.031343781260420110e+04,7.937338203191757202e-03
1.032344114704901585e+04,7.920554839074611664e-03
1.033344448149383061e+04,7.900657132267951965e-03
1.034344781593864536e+04,7.881631143391132355e-03
1.035345115038346012e+04,7.865103892982006073e-03
1.036345448482827487e+04,7.843622937798500061e-03
1.037345781927308963e+04,7.831391878426074982e-03
1.038346115371790438e+04,7.806387264281511307e-03
1.039346448816272095e+04,7.793031167238950729e-03
1.040346782260753571e+04,7.769778836518526077e-03
1.041347115705235046e+04,7.753562647849321365e-03
1.042347449149716522e+04,7.733643054962158203e-03
1.043347782594197997e+04,7.714828476309776306e-03
1.044348116038679473e+04,7.700821384787559509e-03
1.045348449483160948e+04,7.678274530917406082e-03
1.046348782927642424e+04,7.666408549994230270e-03
1.047349116372123899e+04,7.642277516424655914e-03
1.048349449816605375e+04,7.629157043993473053e-03
1.049349783261087032e+04,7.606292609125375748e-03
1.050350116705568507e+04,7.591644767671823502e-03
1.051350450150049983e+04,7.570568472146987915e-03
1.052350783594531458e+04,7.553511764854192734e-03
1.053351117039012934e+04,7.535972632467746735e-03
1.054351450483494409e+04,7.516843266785144806e-03
1.055351783927975885e+04,7.504573091864585876e-03
1.056352117372457360e+04,7.481201086193323135e-03
1.057352450816938835e+04,7.463414687663316727e-03
1.058352784261420311e+04,7.445957046002149582e-03
1.059353117705901968e+04,7.431437727063894272e-03
1.060353451150383444e+04,7.417638786137104034e-03
1.061353784594864919e+04,7.393412757664918900e-03
1.062354118039346395e+04,7.378229871392250061e-03
1.063354451483827870e+04,7.359158713370561600e-03
1.064354784928309346e+04,7.342851255089044571e-03
1.065355118372790821e+04,7.324982900172472000e-03
1.066355451817272296e+04,7.307946681976318359e-03
1.067355785261753772e+04,7.290994282811880112e-03
1.068356118706235247e+04,7.273510564118623734e-03
1.069356452150716905e+04,7.257308810949325562e-03
1.070356785595198380e+04,7.239430211484432220e-03
1.071357119039679856e+04,7.223146036267280579e-03
1.072357452484161331e+04,7.205483969300985336e-03
1.073357785928642807e+04,7.189233321696519852e-03
1.074358119373124282e+04,7.171647623181343079e-03
1.075358452817605757e+04,7.155892904847860336e-03
1.076358786262087233e+04,7.137542590498924255e-03
1.077359119706568708e+04,7.123218383640050888e-03
1.078359453151050184e+04,7.103326264768838882e-03
1.079359786595531841e+04,7.091537117958068848e-03
1.080360120040013317e+04,7.070219144225120544e-03
1.081360453484494792e+04,7.057483308017253876e-03
1.082360786928976268e+04,7.037215866148471832e-03
1.083361120373457743e+04,7.023194804787635803e-03
1.084361453817939218e+04,7.004471961408853531e-03
1.085361787262420694e+04,6.988749373704195023e-03
1.086362120706902169e+04,6.972440984100103378e-03
1.087362454151383645e+04,6.954689044505357742e-03
1.088362787595865120e+04,6.943237967789173126e-03
1.089363121040346778e+04,6.922057829797267914e-03
1.090363454484828253e+04,6.910822819918394089e-03
1.091363787929309728e+04,6.889550480991601944e-03
1.092364121373791204e+04,6.876687519252300262e-03
1.093364454818272679e+04,6.857555825263261795e-03
1.094364788262754155e+04,6.841608323156833649e-03
1.095365121707235630e+04,6.827868521213531494e-03
1.096365455151717106e+04,6.808839272707700729e-03
1.097365788596198581e+04,6.795773282647132874e-03
1.098366122040680057e+04,6.777272094041109085e-03
1.099366455485161714e+04,6.764221005141735077e-03
1.100366788929643189e+04,6.745599210262298584e-03
1.101367122374124665e+04,6.729452405124902725e-03
1.102367455818606140e+04,6.720636039972305298e-03
1.103367789263087616e+04,6.697918754070997238e-03
1.104368122707569091e+04,6.684608291834592819e-03
1.105368456152050567e+04,6.666985806077718735e-03
1.106368789596532042e+04,6.650884635746479034e-03
1.107369123041013518e+04,6.636462174355983734e-03
1.108369456485494993e+04,6.620255764573812485e-03
1.109369789929976650e+04,6.610632874071598053e-03
1.110370123374458126e+04,6.588885560631752014e-03
1.111370456818939601e+04,6.573324557393789291e-03
1.112370790263421077e+04,6.566852331161499023e-03
1.113371123707902552e+04,6.542689166963100433e-03
1.114371457152384028e+04,6.533437874168157578e-03
1.115371790596865503e+04,6.512545514851808548e-03
1.116372124041346979e+04,6.500587332993745804e-03
1.117372457485828454e+04,6.481961812824010849e-03
1.118372790930309930e+04,6.471349392086267471e-03
1.119373124374791587e+04,6.452042143791913986e-03
1.120373457819273062e+04,6.440039724111557007e-03
1.121373791263754538e+04,6.421918980777263641e-03
1.122374124708236013e+04,6.410500034689903259e-03
1.123374458152717489e+04,6.391936913132667542e-03
1.124374791597198964e+04,6.380418315529823303e-03
1.125375125041680440e+04,6.362140644341707230e-03
1.126375458486161915e+04,6.350654177367687225e-03
1.127375791930643391e+04,6.332750897854566574e-03
1.128376125375124866e+04,6.320503074675798416e-03
1.129376458819606523e+04,6.303308531641960144e-03
1.130376792264087999e+04,6.290042307227849960e-03
1.131377125708569474e+04,6.274410057812929153e-03
1.132377459153050950e+04,6.259409245103597641e-03
1.133377792597532425e+04,6.246650125831365585e-03
1.134378126042013901e+04,6.229560822248458862e-03
1.135378459486495376e+04,6.220387760549783707e-03
1.136378792930976851e+04,6.200502626597881317e-03
1.137379126375458327e+04,6.188537459820508957e-03
1.138379459819939802e+04,6.172094959765672684e-03
1.139379793264421460e+04,6.157191470265388489e-03
1.140380126708902935e+04,6.148460321128368378e-03
1.141380460153384411e+04,6.128469482064247131e-03
1.142380793597865886e+04,6.114516872912645340e-03
1.143381127042347362e+04,6.101900711655616760e-03
1.144381460486828837e+04,6.086581852287054062e-03
1.145381793931310312e+04,6.072965916246175766e-03
1.146382127375791788e+04,6.057402584701776505e-03
1.147382460820273263e+04,6.049660500138998032e-03
1.148382794264754739e+04,6.029283627867698669e-03
1.149383127709236396e+04,6.015092134475708008e-03
1.150383461153717872e+04,6.008227355778217316e-03
1.151383794598199347e+04,5.987149197608232498e-03
1.152384128042680823e+04,5.979270674288272858e-03
1.153384461487162298e+04,5.959367379546165466e-03
1.154384794931643773e+04,5.949474405497312546e-03
1.155385128376125249e+04,5.931811407208442688e-03
1.156385461820606724e+04,5.918934475630521774e-03
1.157385795265088200e+04,5.904949270188808441e-03
1.158386128709569675e+04,5.890343338251113892e-03
1.159386462154051333e+04,5.883572157472372055e-03
1.160386795598532808e+04,5.863070487976074219e-03
1.161387129043014284e+04,5.854670424014329910e-03
1.162387462487495759e+04,5.835878662765026093e-03
1.163387795931977234e+04,5.825475323945283890e-03
1.164388129376458710e+04,5.808895453810691833e-03
1.165388462820940185e+04,5.795289762318134308e-03
1.166388796265421661e+04,5.785994231700897217e-03
1.167389129709903136e+04,5.768883042037487030e-03
1.168389463154384612e+04,5.756862461566925049e-03
1.169389796598866269e+04,5.741760600358247757e-03
1.170390130043347745e+04,5.732439458370208740e-03
1.171390463487829220e+04,5.714977160096168518e-03
1.172390796932310695e+04,5.706614349037408829e-03
1.173391130376792171e+04,5.688638892024755478e-03
1.174391463821273646e+04,5.678776185959577560e-03
1.175391797265755122e+04,5.662374198436737061e-03
1.176392130710236597e+04,5.649341270327568054e-03
1.177392464154718073e+04,5.638152360916137695e-03
1.178392797599199548e+04,5.622730124741792679e-03
1.179393131043681205e+04,5.615969654172658920e-03
1.180393464488162681e+04,5.596665665507316589e-03
1.181393797932644156e+04,5.588164087384939194e-03
1.182394131377125632e+04,5.570887587964534760e-03
1.183394464821607107e+04,5.557918455451726913e-03
1.184394798266088583e+04,5.548988468945026398e-03
1.185395131710570058e+04,5.532152485102415085e-03
1.186395465155051534e+04,5.524105858057737350e-03
1.187395798599533009e+04,5.506646819412708282e-03
1.188396132044014485e+04,5.498590879142284393e-03
1.189396465488496142e+04,5.481238011270761490e-03
1.190396798932977617e+04,5.472954362630844116e-03
1.191397132377459093e+04,5.456049926578998566e-03
1.192397465821940568e+04,5.446929018944501877e-03
1.193397799266422044e+04,5.430960096418857574e-03
1.194398132710903519e+04,5.421504843980073929e-03
1.195398466155384995e+04,5.405801348388195038e-03
1.196398799599866470e+04,5.395937245339155197e-03
1.197399133044347946e+04,5.381005816161632538e-03
1.198399466488829603e+04,5.370033904910087585e-03
1.199399799933311078e+04,5.356595851480960846e-03
1.200400133377792554e+04,5.345093086361885071e-03
1.201400466822274029e+04,5.331978667527437210e-03
1.202400800266755505e+04,5.319961812347173691e-03
1.203401133711236980e+04,5.307856481522321701e-03
1.204401467155718456e+04,5.294757895171642303e-03
1.205401800600199931e+04,5.284879356622695923e-03
1.206402134044681407e+04,5.269932560622692108e-03
1.207402467489162882e+04,5.260675679892301559e-03
1.208402800933644539e+04,5.245748907327651978e-03
1.209403134378126015e+04,5.235123913735151291e-03
1.210403467822607490e+04,5.221896804869174957e-03
1.211403801267088966e+04,5.209533497691154480e-03
1.212404134711570441e+04,5.199613980948925018e-03
1.213404468156051917e+04,5.185096058994531631e-03
1.214404801600533392e+04,5.178057588636875153e-03
1.215405135045014868e+04,5.161268636584281921e-03
1.216405468489496343e+04,5.151571705937385559e-03
1.217405801933977818e+04,5.137689877301454544e-03
1.218406135378459476e+04,5.125710740685462952e-03
1.219406468822940951e+04,5.116650369018316269e-03
1.220406802267422427e+04,5.101969931274652481e-03
1.221407135711903902e+04,5.094639025628566742e-03
1.222407469156385378e+04,5.078468471765518188e-03
1.223407802600866853e+04,5.069574341177940369e-03
1.224408136045348328e+04,5.055355839431285858e-03
1.225408469489829804e+04,5.045201629400253296e-03
1.226408802934311279e+04,5.032362416386604309e-03
1.227409136378792755e+04,5.021388176828622818e-03
1.228409469823274412e+04,5.009651649743318558e-03
1.229409803267755888e+04,4.998450167477130890e-03
1.230410136712237363e+04,4.986479878425598145e-03
1.231410470156718839e+04,4.974648356437683105e-03
1.232410803601200314e+04,4.964561667293310165e-03
1.233411137045681789e+04,4.951520357280969620e-03
1.234411470490163265e+04,4.942630883306264877e-03
1.235411803934644740e+04,4.928523674607276917e-03
1.236412137379126216e+04,4.920187871903181076e-03
1.237412470823607691e+04,4.906063899397850037e-03
1.238412804268089349e+04,4.896570462733507156e-03
1.239413137712570824e+04,4.883724730461835861e-03
1.240413471157052300e+04,4.873331170529127121e-03
1.241413804601533775e+04,4.861513618379831314e-03
1.242414138046015250e+04,4.850273486226797104e-03
1.243414471490496726e+04,4.839736968278884888e-03
1.244414804934978201e+04,4.827480763196945190e-03
1.245415138379459677e+04,4.818968009203672409e-03
1.246415471823941152e+04,4.805167205631732941e-03
1.247415805268422628e+04,4.796942695975303650e-03
1.248416138712904285e+04,4.782920703291893005e-03
1.249416472157385761e+04,4.775050561875104904e-03
1.250416805601867236e+04,4.761096555739641190e-03
1.251417139046348711e+04,4.752696957439184189e-03
1.252417472490830187e+04,4.739432595670223236e-03
1.253417805935311662e+04,4.730578046292066574e-03
1.254418139379793138e+04,4.717648029327392578e-03
1.255418472824274613e+04,4.708331078290939331e-03
1.256418806268756089e+04,4.696304909884929657e-03
1.257419139713237564e+04,4.686035215854644775e-03
1.258419473157719221e+04,4.674891941249370575e-03
1.259419806602200697e+04,4.663588479161262512e-03
1.260420140046682172e+04,4.655289929360151291e-03
1.261420473491163648e+04,4.641776438802480698e-03
1.262420806935645123e+04,4.634274169802665710e-03
1.263421140380126599e+04,4.620596766471862793e-03
1.264421473824608074e+04,4.610585048794746399e-03
1.265421807269089550e+04,4.600347019731998444e-03
1.266422140713571025e+04,4.588644485920667648e-03
1.267422474158052501e+04,4.583405330777168274e-03
1.268422807602534158e+04,4.567588213831186295e-03
1.269423141047015633e+04,4.561288282275199890e-03
1.270423474491497109e+04,4.546672105789184570e-03
1.271423807935978584e+04,4.539481829851865768e-03
1.272424141380460060e+04,4.526033997535705566e-03
1.273424474824941535e+04,4.518080037087202072e-03
1.274424808269423011e+04,4.505357239395380020e-03
1.275425141713904486e+04,4.496836569160223007e-03
1.276425475158385962e+04,4.484882578253746033e-03
1.277425808602867437e+04,4.474884364753961563e-03
1.278426142047349094e+04,4.465374629944562912e-03
1.279426475491830570e+04,4.454385489225387573e-03
1.280426808936312045e+04,4.444906953722238541e-03
1.281427142380793521e+04,4.433898255228996277e-03
1.282427475825274996e+04,4.425110295414924622e-03
1.283427809269756472e+04,4.413163289427757263e-03
1.284428142714237947e+04,4.406272899359464645e-03
1.285428476158719423e+04,4.392936825752258301e-03
1.286428809603200898e+04,4.386294633150100708e-03
1.287429143047682373e+04,4.372762981802225113e-03
1.288429476492164031e+04,4.365403670817613602e-03
1.289429809936645506e+04,4.352869931608438492e-03
1.290430143381126982e+04,4.343891050666570663e-03
1.291430476825608457e+04,4.333425778895616531e-03
1.292430810270089933e+04,4.322753753513097763e-03
1.293431143714571408e+04,4.313608631491661072e-03
1.294431477159052884e+04,4.303565248847007751e-03
1.295431810603534359e+04,4.294408019632101059e-03
1.296432144048015834e+04,4.283620510250329971e-03
1.297432477492497310e+04,4.275629296898841858e-03
1.298432810936978967e+04,4.264051094651222229e-03
1.299433144381460443e+04,4.254352301359176636e-03
1.300433477825941918e+04,4.246188793331384659e-03
1.301433811270423394e+04,4.234763793647289276e-03
1.302434144714904869e+04,4.227413795888423920e-03
1.303434478159386344e+04,4.215180873870849609e-03
1.304434811603867820e+04,4.209114704281091690e-03
1.305435145048349295e+04,4.196026362478733063e-03
1.306435478492830771e+04,4.186310339719057083e-03
1.307435811937312246e+04,4.181368742138147354e-03
1.308436145381793904e+04,4.167332313954830170e-03
1.309436478826275379e+04,4.160378593951463699e-03
1.310436812270756855e+04,4.148194100707769394e-03
1.311437145715238330e+04,4.139938391745090485e-03
1.312437479159719805e+04,4.129614215344190598e-03
1.313437812604201281e+04,4.119774326682090759e-03
1.314438146048682756e+04,4.115539602935314178e-03
1.315438479493164232e+04,4.100987222045660019e-03
1.316438812937645707e+04,4.095506388694047928e-03
1.317439146382127183e+04,4.082325845956802368e-03
1.318439479826608840e+04,4.077134653925895691e-03
1.319439813271090316e+04,4.063680768013000488e-03
1.320440146715571791e+04,4.055667202919721603e-03
1.321440480160053266e+04,4.045524634420871735e-03
1.322440813604534742e+04,4.035855177789926529e-03
1.323441147049016217e+04,4.031391814351081848e-03
1.324441480493497693e+04,4.017429426312446594e-03
1.325441813937979168e+04,4.012400284409523010e-03
1.326442147382460644e+04,3.999206703156232834e-03
1.327442480826942119e+04,3.992903977632522583e-03
1.328442814271423777e+04,3.981082700192928314e-03
1.329443147715905252e+04,3.973328508436679840e-03
1.330443481160386727e+04,3.963177558034658432e-03
1.331443814604868203e+04,3.955427557229995728e-03
1.332444148049349678e+04,3.945205360651016235e-03
1.333444481493831154e+04,3.937776666134595871e-03
1.334444814938312629e+04,3.927339799702167511e-03
1.335445148382794105e+04,3.919886425137519836e-03
1.336445481827275580e+04,3.909457474946975708e-03
1.337445815271757056e+04,3.901560092344880104e-03
1.338446148716238713e+04,3.892038716003298759e-03
1.339446482160720188e+04,3.883373225107789040e-03
1.340446815605201664e+04,3.874578280374407768e-03
1.341447149049683139e+04,3.865786362439393997e-03
1.342447482494164615e+04,3.856935771182179451e-03
1.343447815938646090e+04,3.847813233733177185e-03
1.344448149383127566e+04,3.840152174234390259e-03
1.345448482827609041e+04,3.830193309113383293e-03
1.346448816272090517e+04,3.823047969490289688e-03
1.347449149716571992e+04,3.812451148405671120e-03
1.348449483161053649e+04,3.805390559136867523e-03
1.349449816605535125e+04,3.795304335653781891e-03
1.350450150050016600e+04,3.787353867664933205e-03
1.351450483494498076e+04,3.778546117246150970e-03
1.352450816938979551e+04,3.769457573071122169e-03
1.353451150383461027e+04,3.762319916859269142e-03
1.354451483827942502e+04,3.751932410523295403e-03
1.355451817272423978e+04,3.746546804904937744e-03
1.356452150716905453e+04,3.734917379915714264e-03
1.357452484161386928e+04,3.728429321199655533e-03
1.358452817605868586e+04,3.718076972290873528e-03
1.359453151050350061e+04,3.710568184033036232e-03
1.360453484494831537e+04,3.701547160744667053e-03
1.361453817939313012e+04,3.692950820550322533e-03
1.362454151383794488e+04,3.685821546241641045e-03
1.363454484828275963e+04,3.675811225548386574e-03
1.364454818272757439e+04,3.670790465548634529e-03
1.365455151717238914e+04,3.659091424196958542e-03
1.366455485161720389e+04,3.652873914688825607e-03
1.367455818606202047e+04,3.642624476924538612e-03
1.368456152050683522e+04,3.634079359471797943e-03
1.369456485495164998e+04,3.630441846325993538e-03
1.370456818939646473e+04,3.617611946538090706e-03
1.371457152384127949e+04,3.613044274970889091e-03
1.372457485828609424e+04,3.601203905418515205e-03
1.373457819273090900e+04,3.593369619920849800e-03
1.374458152717572375e+04,3.585930448025465012e-03
1.375458486162053850e+04,3.576784394681453705e-03
1.376458819606535326e+04,3.571136854588985443e-03
1.377459153051016983e+04,3.560541430488228798e-03
1.378459486495498459e+04,3.555519739165902138e-03
1.379459819939979934e+04,3.544492181390523911e-03
1.380460153384461410e+04,3.538886085152626038e-03
1.381460486828942885e+04,3.528497880324721336e-03
1.382460820273424360e+04,3.522715764120221138e-03
1.383461153717905836e+04,3.512468654662370682e-03
1.384461487162387311e+04,3.506591776385903358e-03
1.385461820606868787e+04,3.496894845739006996e-03
1.386462154051350262e+04,3.490124363452196121e-03
1.387462487495831920e+04,3.481076797470450401e-03
1.388462820940313395e+04,3.474304918199777603e-03
1.389463154384794871e+04,3.465339075773954391e-03
1.390463487829276346e+04,3.458212129771709442e-03
1.391463821273757821e+04,3.449846990406513214e-03
1.392464154718239297e+04,3.442520042881369591e-03
1.393464488162720772e+04,3.434015670791268349e-03
1.394464821607202248e+04,3.426994662731885910e-03
1.395465155051683723e+04,3.418716369196772575e-03
1.396465488496165199e+04,3.411189187318086624e-03
1.397465821940646856e+04,3.403410548344254494e-03
1.398466155385128332e+04,3.395261242985725403e-03
1.399466488829609807e+04,3.388568060472607613e-03
1.400466822274091282e+04,3.379747970029711723e-03
1.401467155718572758e+04,3.373058978468179703e-03
1.402467489163054233e+04,3.364723874256014824e-03
1.403467822607535709e+04,3.356874454766511917e-03
1.404468156052017184e+04,3.350463695824146271e-03
1.405468489496498660e+04,3.341532545164227486e-03
1.406468822940980135e+04,3.335702698677778244e-03
1.407469156385461793e+04,3.326219040900468826e-03
1.408469489829943268e+04,3.320320043712854385e-03
1.409469823274424743e+04,3.311199136078357697e-03
1.410470156718906219e+04,3.303396981209516525e-03
1.411470490163387694e+04,3.298316383734345436e-03
1.412470823607869170e+04,3.288558218628168106e-03
1.413471157052350645e+04,3.280960023403167725e-03
1.414471490496832121e+04,3.277650801464915276e-03
1.415471823941313596e+04,3.266171086579561234e-03
1.416472157385795072e+04,3.262113081291317940e-03
1.417472490830276729e+04,3.251511370763182640e-03
1.418472824274758204e+04,3.246620064601302147e-03
1.419473157719239680e+04,3.236843738704919815e-03
1.420473491163721155e+04,3.230453003197908401e-03
1.421473824608202631e+04,3.222439438104629517e-03
1.422474158052684106e+04,3.216059412807226181e-03
1.423474491497165582e+04,3.207887290045619011e-03
1.424474824941647057e+04,3.200829960405826569e-03
1.425475158386128533e+04,3.193806158378720284e-03
1.426475491830610008e+04,3.185858484357595444e-03
1.427475825275091665e+04,3.180953208357095718e-03
1.428476158719573141e+04,3.171380842104554176e-03
1.429476492164054616e+04,3.164300927892327309e-03
1.430476825608536092e+04,3.158886684104800224e-03
1.431477159053017567e+04,3.150372300297021866e-03
1.432477492497499043e+04,3.143699374049901962e-03
1.433477825941980518e+04,3.135785926133394241e-03
1.434478159386461994e+04,3.131055738776922226e-03
1.435478492830943469e+04,3.121925517916679382e-03
1.436478826275424944e+04,3.115998115390539169e-03
1.437479159719906602e+04,3.107966156676411629e-03
1.438479493164388077e+04,3.101738169789314270e-03
1.439479826608869553e+04,3.094123443588614464e-03
1.440480160053351028e+04,3.087438410148024559e-03
1.441480493497832504e+04,3.079885616898536682e-03
1.442480826942313979e+04,3.074140287935733795e-03
1.443481160386795455e+04,3.065993310883641243e-03
1.444481493831276930e+04,3.060137154534459114e-03
1.445481827275758405e+04,3.052276093512773514e-03
1.446482160720239881e+04,3.046309342607855797e-03
1.447482494164721538e+04,3.038430819287896156e-03
1.448482827609203014e+04,3.032795153558254242e-03
1.449483161053684489e+04,3.024790901690721512e-03
1.450483494498165965e+04,3.019115421921014786e-03
1.451483827942647440e+04,3.011145628988742828e-03
1.452484161387128916e+04,3.005421021953225136e-03
1.453484494831610391e+04,2.997615840286016464e-03
1.454484828276091866e+04,2.991633256897330284e-03
1.455485161720573342e+04,2.984172664582729340e-03
1.456485495165054817e+04,2.977134194225072861e-03
1.457485828609536475e+04,2.971899462863802910e-03
1.458486162054017950e+04,2.963576465845108032e-03
1.459486495498499426e+04,2.959310775622725487e-03
1.460486828942980901e+04,2.950195223093032837e-03
1.461487162387462377e+04,2.944704610854387283e-03
1.462487495831943852e+04,2.937288489192724228e-03
1.463487829276425327e+04,2.930799033492803574e-03
1.464488162720906803e+04,2.924574306234717369e-03
1.465488496165388278e+04,2.917295787483453751e-03
1.466488829609869754e+04,2.912095980718731880e-03
1.467489163054351411e+04,2.904119435697793961e-03
1.468489496498832887e+04,2.899146173149347305e-03
1.469489829943314362e+04,2.891022479161620140e-03
1.470490163387795837e+04,2.886525588110089302e-03
1.471490496832277313e+04,2.878020517528057098e-03
1.472490830276758788e+04,2.873106859624385834e-03
1.473491163721240264e+04,2.865265589207410812e-03
1.474491497165721739e+04,2.859995467588305473e-03
1.475491830610203215e+04,2.852322766557335854e-03
1.476492164054684690e+04,2.846276387572288513e-03
1.477492497499166348e+04,2.840044908225536346e-03
1.478492830943647823e+04,2.833368722349405289e-03
1.479493164388129298e+04,2.827578224241733551e-03
1.480493497832610774e+04,2.820355584844946861e-03
1.481493831277092249e+04,2.815340412780642509e-03
1.482494164721573725e+04,2.807589946314692497e-03
1.483494498166055200e+04,2.803130308166146278e-03
1.484494831610536676e+04,2.794889966025948524e-03
1.485495165055018151e+04,2.789873862639069557e-03
1.486495498499499627e+04,2.782547613605856895e-03
1.487495831943981284e+04,2.776123816147446632e-03
1.488496165388462759e+04,2.771628322079777718e-03
1.489496498832944235e+04,2.763683907687664032e-03
1.490496832277425710e+04,2.759023103863000870e-03
1.491497165721907186e+04,2.751152962446212769e-03
1.492497499166388661e+04,2.747402060776948929e-03
1.493497832610870137e+04,2.738791983574628830e-03
1.494498166055351612e+04,2.734925597906112671e-03
1.495498499499833088e+04,2.726498292759060860e-03
1.496498832944314563e+04,2.721506869420409203e-03
1.497499166388796220e+04,2.714514499530196190e-03
1.498499499833277696e+04,2.708444371819496155e-03
1.499499833277759171e+04,2.702973084524273872e-03
1.500500166722240647e+04,2.695943694561719894e-03
1.501500500166722122e+04,2.692890586331486702e-03
1.502500833611203598e+04,2.683831378817558289e-03
1.503501167055685073e+04,2.677842509001493454e-03
1.504501500500166549e+04,2.673555165529251099e-03
1.505501833944648024e+04,2.665854291990399361e-03
1.506502167389129499e+04,2.661482896655797958e-03
1.507502500833611157e+04,2.654010197147727013e-03
1.508502834278092632e+04,2.649301663041114807e-03
1.509503167722574108e+04,2.642150502651929855e-03
1.510503501167055583e+04,2.637522527948021889e-03
1.511503834611537059e+04,2.630343195050954819e-03
1.512504168056018534e+04,2.625745255500078201e-03
1.513504501500500010e+04,2.618662314489483833e-03
1.514504834944981485e+04,2.613823162391781807e-03
1.515505168389462960e+04,2.606888767331838608e-03
1.516505501833944436e+04,2.602210268378257751e-03
1.517505835278426093e+04,2.595194149762392044e-03
1.518506168722907569e+04,2.590553369373083115e-03
1.519506502167389044e+04,2.583644120022654533e-03
1.520506835611870520e+04,2.578665968030691147e-03
1.521507169056351995e+04,2.572168828919529915e-03
1.522507502500833471e+04,2.566934563219547272e-03
1.523507835945314946e+04,2.560740569606423378e-03
1.524508169389796421e+04,2.555238315835595131e-03
1.525508502834277897e+04,2.549527212977409363e-03
1.526508836278759372e+04,2.543501323089003563e-03
1.527509169723241030e+04,2.538478001952171326e-03
1.528509503167722505e+04,2.532099606469273567e-03
1.529509836612203981e+04,2.526881638914346695e-03
1.530510170056685456e+04,2.520955866202712059e-03
1.531510503501166932e+04,2.515150001272559166e-03
1.532510836945648407e+04,2.510207006707787514e-03
1.533511170390129882e+04,2.503645373508334160e-03
1.534511503834611358e+04,2.499210182577371597e-03
1.535511837279092833e+04,2.492475556209683418e-03
1.536512170723574309e+04,2.487467601895332336e-03
1.537512504168055966e+04,2.481770003214478493e-03
1.538512837612537442e+04,2.475788583979010582e-03
1.539513171057018917e+04,2.471372019499540329e-03
1.540513504501500393e+04,2.464578021317720413e-03
1.541513837945981868e+04,2.460399642586708069e-03
1.542514171390463343e+04,2.453519264236092567e-03
1.543514504834944819e+04,2.447934821248054504e-03
1.544514838279426294e+04,2.444464014843106270e-03
1.545515171723907770e+04,2.436897484585642815e-03
1.546515505168389427e+04,2.432404551655054092e-03
1.547515838612870903e+04,2.426137449219822884e-03
1.548516172057352378e+04,2.421250101178884506e-03
1.549516505501833853e+04,2.415525028482079506e-03
1.550516838946315329e+04,2.410019515082240105e-03
1.551517172390796804e+04,2.405309583991765976e-03
1.552517505835278280e+04,2.399151213467121124e-03
1.553517839279759755e+04,2.395092742517590523e-03
1.554518172724241231e+04,2.388315275311470032e-03
1.555518506168722706e+04,2.385182539001107216e-03
1.556518839613204364e+04,2.377681666985154152e-03
1.557519173057685839e+04,2.374497707933187485e-03
1.558519506502167314e+04,2.367036649957299232e-03
1.559519839946648790e+04,2.363368635997176170e-03
1.560520173391130265e+04,2.356619574129581451e-03
1.561520506835611741e+04,2.352844458073377609e-03
1.562520840280093216e+04,2.346102148294448853e-03
1.563521173724574692e+04,2.342184307053685188e-03
1.564521507169056167e+04,2.335666678845882416e-03
1.565521840613537643e+04,2.331578405573964119e-03
1.566522174058019300e+04,2.325436100363731384e-03
1.567522507502500775e+04,2.321034902706742287e-03
1.568522840946982251e+04,2.314955927431583405e-03
1.569523174391463726e+04,2.310460666194558144e-03
1.570523507835945202e+04,2.304835943505167961e-03
1.571523841280426677e+04,2.299932762980461121e-03
1.572524174724908153e+04,2.294807694852352142e-03
1.573524508169389628e+04,2.289630938321352005e-03
1.574524841613871104e+04,2.284657908603549004e-03
1.575525175058352579e+04,2.279346110299229622e-03
1.576525508502834236e+04,2.274737460538744926e-03
1.577525841947315712e+04,2.269032876938581467e-03
1.578526175391797187e+04,2.264477545395493507e-03
1.579526508836278663e+04,2.259026980027556419e-03
1.580526842280760138e+04,2.254291903227567673e-03
1.581527175725241614e+04,2.249062992632389069e-03
1.582527509169723089e+04,2.244038973003625870e-03
1.583527842614204565e+04,2.239308552816510201e-03
1.584528176058686040e+04,2.233823761343955994e-03
1.585528509503167516e+04,2.229559700936079025e-03
1.586528842947649173e+04,2.223778050392866135e-03
1.587529176392130648e+04,2.219485118985176086e-03
1.588529509836612124e+04,2.214107429608702660e-03
1.589529843281093599e+04,2.208871999755501747e-03
1.590530176725575075e+04,2.205247757956385612e-03
1.591530510170056550e+04,2.198988804593682289e-03
1.592530843614538026e+04,2.195337321609258652e-03
1.593531177059019501e+04,2.189255552366375923e-03
1.594531510503500976e+04,2.185022691264748573e-03
1.595531843947982452e+04,2.179730450734496117e-03
1.596532177392464109e+04,2.174794673919677734e-03
1.597532510836945585e+04,2.170568099245429039e-03
1.598532844281427060e+04,2.164909150451421738e-03
1.599533177725908536e+04,2.161515876650810242e-03
1.600533511170390011e+04,2.155357971787452698e-03
1.601533844614871487e+04,2.151704626157879829e-03
1.602534178059352962e+04,2.145807258784770966e-03
1.603534511503834437e+04,2.142114099115133286e-03
1.604534844948315913e+04,2.136199502274394035e-03
1.605535178392797388e+04,2.132211579009890556e-03
1.606535511837279046e+04,2.126870676875114441e-03
1.607535845281760521e+04,2.122172154486179352e-03
1.608536178726241997e+04,2.117932075634598732e-03
1.609536512170723472e+04,2.112430753186345100e-03
1.610536845615204948e+04,2.109154826030135155e-03
1.611537179059686423e+04,2.103012753650546074e-03
1.612537512504167898e+04,2.099041361361742020e-03
1.613537845948649374e+04,2.093837596476078033e-03
1.614538179393130849e+04,2.088979585096240044e-03
1.615538512837612325e+04,2.085632644593715668e-03
1.616538846282093982e+04,2.079613739624619484e-03
1.617539179726575458e+04,2.077058423310518265e-03
1.618539513171056933e+04,2.070359652861952782e-03
1.619539846615538409e+04,2.066941000521183014e-03
1.620540180060019884e+04,2.061367267742753029e-03
1.621540513504501359e+04,2.057843608781695366e-03
1.622540846948982835e+04,2.052189549431204796e-03
1.623541180393464310e+04,2.048124559223651886e-03
1.624541513837945786e+04,2.043253742158412933e-03
1.625541847282427261e+04,2.038812497630715370e-03
1.626542180726908919e+04,2.034373581409454346e-03
1.627542514171390394e+04,2.029812894761562347e-03
1.628542847615871869e+04,2.025375841185450554e-03
1.629543181060353345e+04,2.020776038989424706e-03
1.630543514504834820e+04,2.016429789364337921e-03
1.631543847949316296e+04,2.011674921959638596e-03
1.632544181393797771e+04,2.007650211453437805e-03
1.633544514838279247e+04,2.002677647396922112e-03
1.634544848282760722e+04,1.999058527871966362e-03
1.635545181727242198e+04,1.993737183511257172e-03
1.636545515171723855e+04,1.990134594962000847e-03
1.637545848616205330e+04,1.984864473342895508e-03
1.638546182060686624e+04,1.981394598260521889e-03
1.639546515505168281e+04,1.976057654246687889e-03
1.640546848949649575e+04,1.972017344087362289e-03
1.641547182394131232e+04,1.967509509995579720e-03
1.642547515838612890e+04,1.962730428203940392e-03
1.643547849283094183e+04,1.959925750270485878e-03
1.644548182727575841e+04,1.953955041244626045e-03
1.645548516172057134e+04,1.951389480382204056e-03
1.646548849616538791e+04,1.945279655046761036e-03
1.647549183061020085e+04,1.940870657563209534e-03
1.648549516505501742e+04,1.939346664585173130e-03
1.649549849949983036e+04,1.932320534251630306e-03
1.650550183394464693e+04,1.930118538439273834e-03
1.651550516838946351e+04,1.923735369928181171e-03
1.652550850283427644e+04,1.921392162330448627e-03
1.653551183727909302e+04,1.915266388095915318e-03
1.654551517172390595e+04,1.912689534947276115e-03
1.655551850616872252e+04,1.906844088807702065e-03
1.656552184061353546e+04,1.903962693177163601e-03
1.657552517505835203e+04,1.898437505587935448e-03
1.658552850950316497e+04,1.895330962724983692e-03
1.659553184394798154e+04,1.890132087282836437e-03
1.660553517839279448e+04,1.886656857095658779e-03
1.661553851283761105e+04,1.881840056739747524e-03
1.662554184728242763e+04,1.878108130767941475e-03
1.663554518172724056e+04,1.873580506071448326e-03
1.664554851617205713e+04,1.869718078523874283e-03
1.665555185061687007e+04,1.865416066721081734e-03
1.666555518506168664e+04,1.861176686361432076e-03
1.667555851950649958e+04,1.857338822446763515e-03
1.668556185395131615e+04,1.852598856203258038e-03
1.669556518839612909e+04,1.849913503974676132e-03
1.670556852284094566e+04,1.844367594458162785e-03
1.671557185728576223e+04,1.841457677073776722e-03
1.672557519173057517e+04,1.836267765611410141e-03
1.673557852617539174e+04,1.832536421716213226e-03
1.674558186062020468e+04,1.828512176871299744e-03
1.675558519506502125e+04,1.824319944716989994e-03
1.676558852950983419e+04,1.820559264160692692e-03
1.677559186395465076e+04,1.816179836168885231e-03
1.678559519839946370e+04,1.812687492929399014e-03
1.679559853284428027e+04,1.807990949600934982e-03
1.680560186728909321e+04,1.805003848858177662e-03
1.681560520173390978e+04,1.799970399588346481e-03
1.682560853617872635e+04,1.797016826458275318e-03
1.683561187062353929e+04,1.791985821910202503e-03
1.684561520506835586e+04,1.788324676454067230e-03
1.685561853951316880e+04,1.784443971700966358e-03
1.686562187395798537e+04,1.780143356882035732e-03
1.687562520840279831e+04,1.776859862729907036e-03
1.688562854284761488e+04,1.772052375599741936e-03
1.689563187729242782e+04,1.768083544448018074e-03
1.690563521173724439e+04,1.767155597917735577e-03
1.691563854618206096e+04,1.760408980771899223e-03
1.692564188062687390e+04,1.757114776410162449e-03
1.693564521507169047e+04,1.752525800839066505e-03
1.694564854951650341e+04,1.750475261360406876e-03
1.695565188396131998e+04,1.744773471727967262e-03
1.696565521840613292e+04,1.741738640703260899e-03
1.697565855285094949e+04,1.737186568789184093e-03
1.698566188729576243e+04,1.733371289446949959e-03
1.699566522174057900e+04,1.729993033222854137e-03
1.700566855618539194e+04,1.725522219203412533e-03
1.701567189063020851e+04,1.723724300973117352e-03
1.702567522507502508e+04,1.717919483780860901e-03
1.703567855951983802e+04,1.715276623144745827e-03
1.704568189396465459e+04,1.710383570753037930e-03
1.705568522840946753e+04,1.707203802652657032e-03
1.706568856285428410e+04,1.702951383776962757e-03
1.707569189729909704e+04,1.699638902209699154e-03
1.708569523174391361e+04,1.695543294772505760e-03
1.709569856618872655e+04,1.692413701675832272e-03
1.710570190063354312e+04,1.687930780462920666e-03
1.711570523507835969e+04,1.684860559180378914e-03
1.712570856952317263e+04,1.680529210716485977e-03
1.713571190396798920e+04,1.677355496212840080e-03
1.714571523841280214e+04,1.673109014518558979e-03
1.715571857285761871e+04,1.669749966822564602e-03
1.716572190730243165e+04,1.665813731960952282e-03
1.717572524174724822e+04,1.662350958213210106e-03
1.718572857619206115e+04,1.658623456023633480e-03
1.719573191063687773e+04,1.654899329878389835e-03
1.720573524508169430e+04,1.651367289014160633e-03
1.721573857952650724e+04,1.647516153752803802e-03
1.722574191397132381e+04,1.644174917601048946e-03
1.723574524841613675e+04,1.640249160118401051e-03
1.724574858286095332e+04,1.637023873627185822e-03
1.725575191730576626e+04,1.632957602851092815e-03
1.726575525175058283e+04,1.629975624382495880e-03
1.727575858619539576e+04,1.625705859623849392e-03
1.728576192064021234e+04,1.622883952222764492e-03
1.729576525508502527e+04,1.618529902771115303e-03
1.730576858952984185e+04,1.615593442693352699e-03
1.731577192397465842e+04,1.611428800970315933e-03
1.732577525841947136e+04,1.608400256372988224e-03
1.733577859286428793e+04,1.604378456249833107e-03
1.734578192730910087e+04,1.601038151420652866e-03
1.735578526175391744e+04,1.597466180101037025e-03
1.736578859619873037e+04,1.593655208125710487e-03
1.737579193064354695e+04,1.590932253748178482e-03
1.738579526508835988e+04,1.586570986546576023e-03
1.739579859953317646e+04,1.584080280736088753e-03
1.740580193397799303e+04,1.579592819325625896e-03
1.741580526842280597e+04,1.577143208123743534e-03
1.742580860286762254e+04,1.572644221596419811e-03
1.743581193731243548e+04,1.569881569594144821e-03
1.744581527175725205e+04,1.565753365866839886e-03
1.745581860620206498e+04,1.562766265124082565e-03
1.746582194064688156e+04,1.558948308229446411e-03
1.747582527509169449e+04,1.555631984956562519e-03
1.748582860953651107e+04,1.552208093926310539e-03
1.749583194398132400e+04,1.548470812849700451e-03
1.750583527842614058e+04,1.546043204143643379e-03
1.751583861287095715e+04,1.541605917736887932e-03
1.752584194731577008e+04,1.539612421765923500e-03
1.753584528176058666e+04,1.534792128950357437e-03
1.754584861620539959e+04,1.532013644464313984e-03
1.755585195065021617e+04,1.528128748759627342e-03
1.756585528509502910e+04,1.524644205346703529e-03
1.757585861953984568e+04,1.522916485555469990e-03
1.758586195398465861e+04,1.517893397249281406e-03
1.759586528842947519e+04,1.515505718998610973e-03
1.760586862287429176e+04,1.511313603259623051e-03
1.761587195731910469e+04,1.507859211415052414e-03
1.762587529176392127e+04,1.506648026406764984e-03
1.763587862620873420e+04,1.501295948401093483e-03
1.764588196065355078e+04,1.499088131822645664e-03
1.765588529509836371e+04,1.494621858000755310e-03
1.766588862954318029e+04,1.491706585511565208e-03
1.767589196398799322e+04,1.488152891397476196e-03
1.768589529843280980e+04,1.486109569668769836e-03
1.769589863287762273e+04,1.481521525420248508e-03
1.770590196732243930e+04,1.478517078794538975e-03
1.771590530176725588e+04,1.475196680985391140e-03
1.772590863621206881e+04,1.471827505156397820e-03
1.773591197065688539e+04,1.469217590056359768e-03
1.774591530510169832e+04,1.465330831706523895e-03
1.775591863954651490e+04,1.463018706999719143e-03
1.776592197399132783e+04,1.458800630643963814e-03
1.777592530843614441e+04,1.457281992770731449e-03
1.778592864288095734e+04,1.452408148907124996e-03
1.779593197732577391e+04,1.449415110982954502e-03
1.780593531177059049e+04,1.446319860406219959e-03
1.781593864621540342e+04,1.442786538973450661e-03
1.782594198066022000e+04,1.440622145310044289e-03
1.783594531510503293e+04,1.436511636711657047e-03
1.784594864954984951e+04,1.433609868399798870e-03
1.785595198399466244e+04,1.430371426977217197e-03
1.786595531843947902e+04,1.426998060196638107e-03
1.787595865288429195e+04,1.423861016519367695e-03
1.788596198732910852e+04,1.421458437107503414e-03
1.789596532177392146e+04,1.418318599462509155e-03
1.790596865621873803e+04,1.414576312527060509e-03
1.791597199066355461e+04,1.412061625160276890e-03
1.792597532510836754e+04,1.408382435329258442e-03
1.793597865955318412e+04,1.406115363352000713e-03
1.794598199399799705e+04,1.402223715558648109e-03
1.795598532844281362e+04,1.400006469339132309e-03
1.796598866288762656e+04,1.396025763824582100e-03
1.797599199733244313e+04,1.393929589539766312e-03
1.798599533177725607e+04,1.389911281876266003e-03
1.799599866622207264e+04,1.387822325341403484e-03
1.800600200066688922e+04,1.383778173476457596e-03
1.801600533511170215e+04,1.381737529300153255e-03
1.802600866955651873e+04,1.377737848088145256e-03
1.803601200400133166e+04,1.375595456920564175e-03
1.804601533844614823e+04,1.371691469103097916e-03
1.805601867289096117e+04,1.369484700262546539e-03
1.806602200733577774e+04,1.365721691399812698e-03
1.807602534178059068e+04,1.363197923637926579e-03
1.808602867622540725e+04,1.359793241135776043e-03
1.809603201067022019e+04,1.356998225674033165e-03
1.810603534511503676e+04,1.354017062112689018e-03
1.811603867955985334e+04,1.351015875115990639e-03
1.812604201400466627e+04,1.348147983662784100e-03
1.813604534844948284e+04,1.345022930763661861e-03
1.814604868289429578e+04,1.342289149761199951e-03
1.815605201733911235e+04,1.339053036645054817e-03
1.816605535178392529e+04,1.336598303169012070e-03
1.817605868622874186e+04,1.333136111497879028e-03
1.818606202067355480e+04,1.330921542830765247e-03
1.819606535511837137e+04,1.327218022197484970e-03
1.820606868956318795e+04,1.325267949141561985e-03
1.821607202400800088e+04,1.321414834819734097e-03
1.822607535845281745e+04,1.319329254329204559e-03
1.823607869289763039e+04,1.315655885264277458e-03
1.824608202734244696e+04,1.313021872192621231e-03
1.825608536178725990e+04,1.310133258812129498e-03
1.826608869623207647e+04,1.307042664848268032e-03
1.827609203067688941e+04,1.304703531786799431e-03
1.828609536512170598e+04,1.301241223700344563e-03
1.829609869956651892e+04,1.299388473853468895e-03
1.830610203401133549e+04,1.295523019507527351e-03
1.831610536845615206e+04,1.293822191655635834e-03
1.832610870290096500e+04,1.289835432544350624e-03
1.833611203734578157e+04,1.288196188397705555e-03
1.834611537179059451e+04,1.284166472032666206e-03
1.835611870623541108e+04,1.281379722058773041e-03
1.836612204068022402e+04,1.279328134842216969e-03
1.837612537512504059e+04,1.275730086490511894e-03
1.838612870956985353e+04,1.274307258427143097e-03
1.839613204401467010e+04,1.270145759917795658e-03
1.840613537845948667e+04,1.267880084924399853e-03
1.841613871290429961e+04,1.264700316824018955e-03
1.842614204734911618e+04,1.262112637050449848e-03
1.843614538179392912e+04,1.259298878721892834e-03
1.844614871623874569e+04,1.256502349860966206e-03
1.845615205068355863e+04,1.253889058716595173e-03
1.846615538512837520e+04,1.250920817255973816e-03
1.847615871957318814e+04,1.248673768714070320e-03
1.848616205401800471e+04,1.245434745214879513e-03
1.849616538846281765e+04,1.243345555849373341e-03
1.850616872290763422e+04,1.240025158040225506e-03
1.851617205735245079e+04,1.237852033227682114e-03
1.852617539179726373e+04,1.234658760949969292e-03
1.853617872624208030e+04,1.232376205734908581e-03
1.854618206068689324e+04,1.229227171279489994e-03
1.855618539513170981e+04,1.227054977789521217e-03
1.856618872957652275e+04,1.223813393153250217e-03
1.857619206402133932e+04,1.221826183609664440e-03
1.858619539846615226e+04,1.218447461724281311e-03
1.859619873291096883e+04,1.216603093780577183e-03
1.860620206735578540e+04,1.213115872815251350e-03
1.861620540180059834e+04,1.211304217576980591e-03
1.862620873624541491e+04,1.207828870974481106e-03
1.863621207069022785e+04,1.205713488161563873e-03
1.864621540513504442e+04,1.202673884108662605e-03
1.865621873957985736e+04,1.200380036607384682e-03
1.866622207402467393e+04,1.197485718876123428e-03
1.867622540846948687e+04,1.195026561617851257e-03
1.868622874291430344e+04,1.192333991639316082e-03
1.869623207735911637e+04,1.189748407341539860e-03
1.870623541180393295e+04,1.187187968753278255e-03
1.871623874624874952e+04,1.184506574645638466e-03
1.872624208069356246e+04,1.182113192044198513e-03
1.873624541513837903e+04,1.179243088699877262e-03
1.874624874958319197e+04,1.177026308141648769e-03
1.875625208402800854e+04,1.174116157926619053e-03
1.876625541847282148e+04,1.171740004792809486e-03
1.877625875291763805e+04,1.169011578895151615e-03
1.878626208736245098e+04,1.166571164503693581e-03
1.879626542180726756e+04,1.164038782007992268e-03
1.880626875625208413e+04,1.161481253802776337e-03
1.881627209069689707e+04,1.158930710516870022e-03
1.882627542514171364e+04,1.156473299488425255e-03
1.883627875958652658e+04,1.153936609625816345e-03
1.884628209403134315e+04,1.151365111581981182e-03
1.885628542847615608e+04,1.148857874795794487e-03
1.886628876292097266e+04,1.146483584307134151e-03
1.887629209736578559e+04,1.143732108175754547e-03
1.888629543181060217e+04,1.141406944952905178e-03
1.889629876625541874e+04,1.138878753408789635e-03
1.890630210070023168e+04,1.136196777224540710e-03
1.891630543514504825e+04,1.134241116233170033e-03
1.892630876958986119e+04,1.131060183979570866e-03
1.893631210403467776e+04,1.128688571043312550e-03
1.894631543847949069e+04,1.126614282839000225e-03
1.895631877292430727e+04,1.123758265748620033e-03
1.896632210736912020e+04,1.121808425523340702e-03
1.897632544181393678e+04,1.118909567594528198e-03
1.898632877625874971e+04,1.116955303587019444e-03
1.899633211070356629e+04,1.113993464969098568e-03
1.900633544514838286e+04,1.112234895117580891e-03
1.901633877959319580e+04,1.109100296162068844e-03
1.902634211403801237e+04,1.107602030970156193e-03
1.903634544848282530e+04,1.104318187572062016e-03
1.904634878292764188e+04,1.102505601011216640e-03
1.905635211737245481e+04,1.099515240639448166e-03
1.906635545181727139e+04,1.097341882996261120e-03
1.907635878626208432e+04,1.094885403290390968e-03
1.908636212070690090e+04,1.092449761927127838e-03
1.909636545515171747e+04,1.090304926037788391e-03
1.910636878959653041e+04,1.087706885300576687e-03
1.911637212404134698e+04,1.085531432181596756e-03
1.912637545848615991e+04,1.082922099158167839e-03
1.913637879293097649e+04,1.080899965018033981e-03
1.914638212737578942e+04,1.078076194971799850e-03
1.915638546182060600e+04,1.076745917089283466e-03
1.916638879626541893e+04,1.073371269740164280e-03
1.917639213071023551e+04,1.071666134521365166e-03
1.918639546515504844e+04,1.068743993528187275e-03
1.919639879959986501e+04,1.066517666913568974e-03
1.920640213404468159e+04,1.064312527887523174e-03
1.921640546848949452e+04,1.061744638718664646e-03
1.922640880293431110e+04,1.060064532794058323e-03
1.923641213737912403e+04,1.057106186635792255e-03
1.924641547182394061e+04,1.055705826729536057e-03
1.925641880626875354e+04,1.052501378580927849e-03
1.926642214071357012e+04,1.051311264745891094e-03
1.927642547515838305e+04,1.047915895469486713e-03
1.928642880960319962e+04,1.046198769472539425e-03
1.929643214404801620e+04,1.043428201228380203e-03
1.930643547849282913e+04,1.041103503666818142e-03
1.931643881293764571e+04,1.039576833136379719e-03
1.932644214738245864e+04,1.036533853039145470e-03
1.933644548182727522e+04,1.035000546835362911e-03
1.934644881627208815e+04,1.032090978696942329e-03
1.935645215071690473e+04,1.029833336360752583e-03
1.936645548516171766e+04,1.028021797537803650e-03
1.937645881960653423e+04,1.025303150527179241e-03
1.938646215405134717e+04,1.024374389089643955e-03
1.939646548849616374e+04,1.020854921080172062e-03
1.940646882294098032e+04,1.019549672491848469e-03
1.941647215738579325e+04,1.016451511532068253e-03
1.942647549183060983e+04,1.014526002109050751e-03
1.943647882627542276e+04,1.012114342302083969e-03
1.944648216072023934e+04,1.009805244393646717e-03
1.945648549516505227e+04,1.008480438031256199e-03
1.946648882960986884e+04,1.005433849059045315e-03
1.947649216405468178e+04,1.004323712550103664e-03
1.948649549849949835e+04,1.001079101115465164e-03
1.949649883294431493e+04,9.998577879741787910e-04
1.950650216738912786e+04,9.967434452846646309e-04
1.951650550183394444e+04,9.954822016879916191e-04
1.952650883627875737e+04,9.924481855705380440e-04
1.953651217072357394e+04,9.909906657412648201e-04
1.954651550516838688e+04,9.882019367069005966e-04
1.955651883961320345e+04,9.865596657618880272e-04
1.956652217405801639e+04,9.839544072747230530e-04
1.957652550850283296e+04,9.821702260524034500e-04
1.958652884294764590e+04,9.797656675800681114e-04
1.959653217739246247e+04,9.778041858226060867e-04
1.960653551183727905e+04,9.755610954016447067e-04
1.961653884628209198e+04,9.735500207170844078e-04
1.962654218072690855e+04,9.712938335724174976e-04
1.963654551517172149e+04,9.693744359537959099e-04
1.964654884961653806e+04,9.671012521721422672e-04
1.965655218406135100e+04,9.651629952713847160e-04
1.966655551850616757e+04,9.629201376810669899e-04
1.967655885295098051e+04,9.609443368390202522e-04
1.968656218739579708e+04,9.588082903064787388e-04
1.969656552184061366e+04,9.567313827574253082e-04
1.970656885628542659e+04,9.546449291519820690e-04
1.971657219073024316e+04,9.525811765342950821e-04
1.972657552517505610e+04,9.505402995273470879e-04
1.973657885961987267e+04,9.484552429057657719e-04
1.974658219406468561e+04,9.464294416829943657e-04
1.975658552850950218e+04,9.442893788218498230e-04
1.976658886295431512e+04,9.423835435882210732e-04
1.977659219739913169e+04,9.401923161931335926e-04
1.978659553184394463e+04,9.382634889334440231e-04
1.979659886628876120e+04,9.361724369227886200e-04
1.980660220073357777e+04,9.340633405372500420e-04
1.981660553517839071e+04,9.323206613771617413e-04
1.982660886962320728e+04,9.299179073423147202e-04
1.983661220406802022e+04,9.284865227527916431e-04
1.984661553851283679e+04,9.258981444872915745e-04
1.985661887295764973e+04,9.242164087481796741e-04
1.986662220740246630e+04,9.219881030730903149e-04
1.987662554184727924e+04,9.200794738717377186e-04
1.988662887629209581e+04,9.181345812976360321e-04
1.989663221073691238e+04,9.160356130450963974e-04
1.990663554518172532e+04,9.142392082139849663e-04
1.991663887962654189e+04,9.119802271015942097e-04
1.992664221407135483e+04,9.105209028348326683e-04
1.993664554851617140e+04,9.079949813894927502e-04
1.994664888296098434e+04,9.062865283340215683e-04
1.995665221740580091e+04,9.042007150128483772e-04
1.996665555185061385e+04,9.022125159390270710e-04
1.997665888629543042e+04,9.004463790915906429e-04
1.998666222074024336e+04,8.981576538644731045e-04
1.999666555518505993e+04,8.970897179096937180e-04
2.000666888962987650e+04,8.942651329562067986e-04
2.001667222407468944e+04,8.930855547077953815e-04
2.002667555851950601e+04,8.904390851967036724e-04
2.003667889296431895e+04,8.889278979040682316e-04
2.004668222740913552e+04,8.866352145560085773e-04
2.005668556185394846e+04,8.848989964462816715e-04
2.006668889629876503e+04,8.828917052596807480e-04
2.007669223074357797e+04,8.809477440081536770e-04
2.008669556518839454e+04,8.793013403192162514e-04
2.009669889963321111e+04,8.770523127168416977e-04
2.010670223407802405e+04,8.758078329265117645e-04
2.011670556852284062e+04,8.732330170460045338e-04
2.012670890296765356e+04,8.721380145289003849e-04
2.013671223741247013e+04,8.694775169715285301e-04
2.014671557185728307e+04,8.683396154083311558e-04
2.015671890630209964e+04,8.657392463646829128e-04
2.016672224074691258e+04,8.645885391160845757e-04
2.017672557519172915e+04,8.619844447821378708e-04
2.018672890963654208e+04,8.606561459600925446e-04
2.019673224408135866e+04,8.583327871747314930e-04
2.020673557852617523e+04,8.569781784899532795e-04
2.021673891297098817e+04,8.546186145395040512e-04
2.022674224741580474e+04,8.531982311978936195e-04
2.023674558186061768e+04,8.509317412972450256e-04
2.024674891630543425e+04,8.493872592225670815e-04
2.025675225075024719e+04,8.473268244415521622e-04
2.026675558519506376e+04,8.455886854790151119e-04
2.027675891963987669e+04,8.437547367066144943e-04
2.028676225408469327e+04,8.418155484832823277e-04
2.029676558852950984e+04,8.403108222410082817e-04
2.030676892297432278e+04,8.381079533137381077e-04
2.031677225741913935e+04,8.369426359422504902e-04
2.032677559186395229e+04,8.344569941982626915e-04
2.033677892630876886e+04,8.329465636052191257e-04
2.034678226075358180e+04,8.309494005516171455e-04
2.035678559519839837e+04,8.292293059639632702e-04
2.036678892964321130e+04,8.274427382275462151e-04
2.037679226408802788e+04,8.254892309196293354e-04
2.038679559853284081e+04,8.247694931924343109e-04
2.039679893297765739e+04,8.219269802793860435e-04
2.040680226742247396e+04,8.201868040487170219e-04
2.041680560186728690e+04,8.187270141206681728e-04
2.042680893631210347e+04,8.168718195520341396e-04
2.043681227075691640e+04,8.149543427862226963e-04
2.044681560520173298e+04,8.131688809953629971e-04
2.045681893964654591e+04,8.117328397929668427e-04
2.046682227409136249e+04,8.097381214611232281e-04
2.047682560853617542e+04,8.081161067821085453e-04
2.048682894298099200e+04,8.063403656706213951e-04
2.049683227742580857e+04,8.045768481679260731e-04
2.050683561187062151e+04,8.029208984225988388e-04
2.051683894631543808e+04,8.011132013052701950e-04
2.052684228076025101e+04,7.993981125764548779e-04
2.053684561520506759e+04,7.977294153533875942e-04
2.054684894964988052e+04,7.959725335240364075e-04
2.055685228409469710e+04,7.942940574139356613e-04
2.056685561853951003e+04,7.925992249511182308e-04
2.057685895298432661e+04,7.908601546660065651e-04
2.058686228742914318e+04,7.892018184065818787e-04
2.059686562187395612e+04,7.874567527323961258e-04
2.060686895631877269e+04,7.857658783905208111e-04
2.061687229076358562e+04,7.841459009796380997e-04
2.062687562520840220e+04,7.823918131180107594e-04
2.063687895965321513e+04,7.808082154951989651e-04
2.064688229409803171e+04,7.790299132466316223e-04
2.065688562854284464e+04,7.774529512971639633e-04
2.066688896298766122e+04,7.756820996291935444e-04
2.067689229743247415e+04,7.741224253550171852e-04
2.068689563187729073e+04,7.723575108684599400e-04
2.069689896632210730e+04,7.708434714004397392e-04
2.070690230076692023e+04,7.689885096624493599e-04
2.071690563521173681e+04,7.676306413486599922e-04
2.072690896965654974e+04,7.655996014364063740e-04
2.073691230410136632e+04,7.645428413525223732e-04
2.074691563854617925e+04,7.623300771228969097e-04
2.075691897299099583e+04,7.611938053742051125e-04
2.076692230743580876e+04,7.590712630189955235e-04
2.077692564188062534e+04,7.578327204100787640e-04
2.078692897632544191e+04,7.558553479611873627e-04
2.079693231077025484e+04,7.544935215264558792e-04
2.080693564521507142e+04,7.526371628046035767e-04
2.081693897965988435e+04,7.511253352276980877e-04
2.082694231410470093e+04,7.495163008570671082e-04
2.083694564854951386e+04,7.479443447664380074e-04
2.084694898299433044e+04,7.463073707185685635e-04
2.085695231743914337e+04,7.446135277859866619e-04
2.086695565188395994e+04,7.432645652443170547e-04
2.087695898632877288e+04,7.413887069560587406e-04
2.088696232077358945e+04,7.400888134725391865e-04
2.089696565521840603e+04,7.382570765912532806e-04
2.090696898966321896e+04,7.368617807514965534e-04
2.091697232410803554e+04,7.350760279223322868e-04
2.092697565855284847e+04,7.336958660744130611e-04
2.093697899299766505e+04,7.319447468034923077e-04
2.094698232744247798e+04,7.304331520572304726e-04
2.095698566188729455e+04,7.289246423169970512e-04
2.096698899633210749e+04,7.272322545759379864e-04
2.097699233077692406e+04,7.258969126269221306e-04
2.098699566522174064e+04,7.240516715683043003e-04
2.099699899966655357e+04,7.229443872347474098e-04
2.100700233411137015e+04,7.209576433524489403e-04
2.101700566855618308e+04,7.198454695753753185e-04
2.102700900300099966e+04,7.179141975939273834e-04
2.103701233744581259e+04,7.166550494730472565e-04
2.104701567189062916e+04,7.148952572606503963e-04
2.105701900633544210e+04,7.135177147574722767e-04
2.106702234078025867e+04,7.118653156794607639e-04
2.107702567522507161e+04,7.103942916728556156e-04
2.108702900966988818e+04,7.088861311785876751e-04
2.109703234411470476e+04,7.073085289448499680e-04
2.110703567855951769e+04,7.058863411657512188e-04
2.111703901300433427e+04,7.042838842608034611e-04
2.112704234744914720e+04,7.028980180621147156e-04
2.113704568189396377e+04,7.012049900367856026e-04
2.114704901633877671e+04,6.998704047873616219e-04
2.115705235078359328e+04,6.982584018260240555e-04
2.116705568522840622e+04,6.967585650272667408e-04
2.117705901967322279e+04,6.954238633625209332e-04
2.118706235411803937e+04,6.937026046216487885e-04
2.119706568856285230e+04,6.925754132680594921e-04
2.120706902300766887e+04,6.906998460181057453e-04
2.121707235745248181e+04,6.896704435348510742e-04
2.122707569189729838e+04,6.877229316160082817e-04
2.123707902634211132e+04,6.865606410428881645e-04
2.124708236078692789e+04,6.848507910035550594e-04
2.125708569523174083e+04,6.835293024778366089e-04
2.126708902967655740e+04,6.819752743467688560e-04
2.127709236412137034e+04,6.804955191910266876e-04
2.128709569856618691e+04,6.791824125684797764e-04
2.129709903301100348e+04,6.775674410164356232e-04
2.130710236745581642e+04,6.763028213754296303e-04
2.131710570190063299e+04,6.746163126081228256e-04
2.132710903634544593e+04,6.736896466463804245e-04
2.133711237079026250e+04,6.716914940625429153e-04
2.134711570523507544e+04,6.708982400596141815e-04
2.135711903967989201e+04,6.688542198389768600e-04
2.136712237412470495e+04,6.678788922727108002e-04
2.137712570856952152e+04,6.659944774582982063e-04
2.138712904301433809e+04,6.646694964729249477e-04
2.139713237745915103e+04,6.632976001128554344e-04
2.140713571190396760e+04,6.617764593102037907e-04
2.141713904634878054e+04,6.606229580938816071e-04
2.142714238079359711e+04,6.589854019694030285e-04
2.143714571523841005e+04,6.577496533282101154e-04
2.144714904968322662e+04,6.561654154211282730e-04
2.145715238412803956e+04,6.549906102009117603e-04
2.146715571857285613e+04,6.533730775117874146e-04
2.147715905301766907e+04,6.521964678540825844e-04
2.148716238746248564e+04,6.506106583401560783e-04
2.149716572190730221e+04,6.493952823802828789e-04
2.150716905635211515e+04,6.477698334492743015e-04
2.151717239079693172e+04,6.467798375524580479e-04
2.152717572524174466e+04,6.450135260820388794e-04
2.153717905968656123e+04,6.440967554226517677e-04
2.154718239413137417e+04,6.422784063033759594e-04
2.155718572857619074e+04,6.412593647837638855e-04
2.156718906302100368e+04,6.395103991962969303e-04
2.157719239746582025e+04,6.385925807990133762e-04
2.158719573191063682e+04,6.368036847561597824e-04
2.159719906635544976e+04,6.357177626341581345e-04
2.160720240080026633e+04,6.341311964206397533e-04
2.161720573524507927e+04,6.330271717160940170e-04
2.162720906968989584e+04,6.314163911156356335e-04
2.163721240413470878e+04,6.301727262325584888e-04
2.164721573857952535e+04,6.288087461143732071e-04
2.165721907302433829e+04,6.273859762586653233e-04
2.166722240746915486e+04,6.263037212193012238e-04
2.167722574191396779e+04,6.246901466511189938e-04
2.168722907635878437e+04,6.237340858206152916e-04
2.169723241080360094e+04,6.220623035915195942e-04
2.170723574524841388e+04,6.209834828041493893e-04
2.171723907969323045e+04,6.194126326590776443e-04
2.172724241413804339e+04,6.183900404721498489e-04
2.173724574858285996e+04,6.167570827528834343e-04
2.174724908302767290e+04,6.157311145216226578e-04
2.175725241747248947e+04,6.141820922493934631e-04
2.176725575191730240e+04,6.130019319243729115e-04
2.177725908636211898e+04,6.116486620157957077e-04
2.178726242080693555e+04,6.103913765400648117e-04
2.179726575525174849e+04,6.090084207244217396e-04
2.180726908969656506e+04,6.076975842006504536e-04
2.181727242414137800e+04,6.065222551114857197e-04
2.182727575858619457e+04,6.050671217963099480e-04
2.183727909303100751e+04,6.040648440830409527e-04
2.184728242747582408e+04,6.024534231983125210e-04
2.185728576192063701e+04,6.016092956997454166e-04
2.186728909636545359e+04,5.998777924105525017e-04
2.187729243081026652e+04,5.990759818814694881e-04
2.188729576525508310e+04,5.973055376671254635e-04
2.189729909969989967e+04,5.960058188065886497e-04
2.190730243414471261e+04,5.955199012532830238e-04
2.191730576858952918e+04,5.934879300184547901e-04
2.192730910303434212e+04,5.928230821155011654e-04
2.193731243747915869e+04,5.909584579057991505e-04
2.194731577192397162e+04,5.897738155908882618e-04
2.195731910636878820e+04,5.885864957235753536e-04
2.196732244081360113e+04,5.874270573258399963e-04
2.197732577525841771e+04,5.860107485204935074e-04
2.198732910970323428e+04,5.847402499057352543e-04
2.199733244414804722e+04,5.837135831825435162e-04
2.200733577859286379e+04,5.822604289278388023e-04
2.201733911303767673e+04,5.812827730551362038e-04
2.202734244748249330e+04,5.797905614599585533e-04
2.203734578192730623e+04,5.788293783552944660e-04
2.204734911637212281e+04,5.774232558906078339e-04
2.205735245081693574e+04,5.761754000559449196e-04
2.206735578526175232e+04,5.749067058786749840e-04
2.207735911970656525e+04,5.738102481700479984e-04
2.208736245415138183e+04,5.724563379772007465e-04
2.209736578859619840e+04,5.714440485462546349e-04
2.210736912304101133e+04,5.700493929907679558e-04
2.211737245748582791e+04,5.689901881851255894e-04
2.212737579193064084e+04,5.676689906977117062e-04
2.213737912637545742e+04,5.665580392815172672e-04
2.214738246082027035e+04,5.652221152558922768e-04
2.215738579526508693e+04,5.642249016091227531e-04
2.216738912970989986e+04,5.628234357573091984e-04
2.217739246415471644e+04,5.618811119347810745e-04
2.218739579859953301e+04,5.604462348856031895e-04
2.219739913304434594e+04,5.594605463556945324e-04
2.220740246748916252e+04,5.580872530117630959e-04
2.221740580193397545e+04,5.570724606513977051e-04
2.222740913637879203e+04,5.557835684157907963e-04
2.223741247082360496e+04,5.546698812395334244e-04
2.224741580526842154e+04,5.534425145015120506e-04
2.225741913971323447e+04,5.522927967831492424e-04
2.226742247415805105e+04,5.510511109605431557e-04
2.227742580860286762e+04,5.500110564753413200e-04
2.228742914304768055e+04,5.486368318088352680e-04
2.229743247749249713e+04,5.479512619785964489e-04
2.230743581193731006e+04,5.462945555336773396e-04
2.231743914638212664e+04,5.454849451780319214e-04
2.232744248082693957e+04,5.440177046693861485e-04
2.233744581527175615e+04,5.432041361927986145e-04
2.234744914971656908e+04,5.417162901721894741e-04
2.235745248416138566e+04,5.408779252320528030e-04
2.236745581860619859e+04,5.394364125095307827e-04
2.237745915305101516e+04,5.385411204770207405e-04
2.238746248749583174e+04,5.371703300625085831e-04
2.239746582194064467e+04,5.362506490200757980e-04
2.240746915638546125e+04,5.349147832021117210e-04
2.241747249083027418e+04,5.338839255273342133e-04
2.242747582527509076e+04,5.326636019162833691e-04
2.243747915971990369e+04,5.314834997989237309e-04
2.244748249416472026e+04,5.306384991854429245e-04
2.245748582860953320e+04,5.292679416015744209e-04
2.246748916305434977e+04,5.282954080030322075e-04
2.247749249749916635e+04,5.270225810818374157e-04
2.248749583194397928e+04,5.260839243419468403e-04
2.249749916638879586e+04,5.247527733445167542e-04
2.250750250083360879e+04,5.240399041213095188e-04
2.251750583527842537e+04,5.225607310421764851e-04
2.252750916972323830e+04,5.217005382291972637e-04
2.253751250416805487e+04,5.203112377785146236e-04
2.254751583861286781e+04,5.197267164476215839e-04
2.255751917305768438e+04,5.181113956496119499e-04
2.256752250750249732e+04,5.175520782358944416e-04
2.257752584194731389e+04,5.159357679076492786e-04
2.258752917639213047e+04,5.153188831172883511e-04
2.259753251083694340e+04,5.137696862220764160e-04
2.260753584528175998e+04,5.131204379722476006e-04
2.261753917972657291e+04,5.115972599014639854e-04
2.262754251417138948e+04,5.109737976454198360e-04
2.263754584861620242e+04,5.094570224173367023e-04
2.264754918306101899e+04,5.087557947263121605e-04
2.265755251750583193e+04,5.073012434877455235e-04
2.266755585195064850e+04,5.065986188128590584e-04
2.267755918639546508e+04,5.051548941992223263e-04
2.268756252084027801e+04,5.044940044172108173e-04
2.269756585528509459e+04,5.030124448239803314e-04
2.270756918972990752e+04,5.022865952923893929e-04
2.271757252417472409e+04,5.009177839383482933e-04
2.272757585861953703e+04,5.001497338525950909e-04
2.273757919306435360e+04,4.988371510989964008e-04
2.274758252750916654e+04,4.980670637451112270e-04
2.275758586195398311e+04,4.967161221429705620e-04
2.276758919639879605e+04,4.958510398864746094e-04
2.277759253084361262e+04,4.946378758177161217e-04
2.278759586528842920e+04,4.937464836984872818e-04
2.279759919973324213e+04,4.925639950670301914e-04
2.280760253417805870e+04,4.916934412904083729e-04
2.281760586862287164e+04,4.904924426227807999e-04
2.282760920306768821e+04,4.896105965599417686e-04
2.283761253751250115e+04,4.884358495473861694e-04
2.284761587195731772e+04,4.875546437688171864e-04
2.285761920640213066e+04,4.863553040195256472e-04
2.286762254084694723e+04,4.853678692597895861e-04
2.287762587529176380e+04,4.844091308768838644e-04
2.288762920973657674e+04,4.832934355363249779e-04
2.289763254418139331e+04,4.824584466405212879e-04
2.290763587862620625e+04,4.812732513528317213e-04
2.291763921307102282e+04,4.804299096576869488e-04
2.292764254751583576e+04,4.792794061359018087e-04
2.293764588196065233e+04,4.783380427397787571e-04
2.294764921640546527e+04,4.772650718223303556e-04
2.295765255085028184e+04,4.763303732033818960e-04
2.296765588529509478e+04,4.752561508212238550e-04
2.297765921973991135e+04,4.743274184875190258e-04
2.298766255418472792e+04,4.732024972327053547e-04
2.299766588862954086e+04,4.724540631286799908e-04
2.300766922307435743e+04,4.712433146778494120e-04
2.301767255751917037e+04,4.704110033344477415e-04
2.302767589196398694e+04,4.693029331974685192e-04
2.303767922640879988e+04,4.684047016780823469e-04
2.304768256085361645e+04,4.673315852414816618e-04
2.305768589529842939e+04,4.664290172513574362e-04
2.306768922974324596e+04,4.653825599234551191e-04
2.307769256418806253e+04,4.644577857106924057e-04
2.308769589863287547e+04,4.634323122445493937e-04
2.309769923307769204e+04,4.625066649168729782e-04
2.310770256752250498e+04,4.615059879142791033e-04
2.311770590196732155e+04,4.605683207046240568e-04
2.312770923641213449e+04,4.595562932081520557e-04
2.313771257085695106e+04,4.585980786941945553e-04
2.314771590530176400e+04,4.576480714604258537e-04
2.315771923974658057e+04,4.566622956190258265e-04
2.316772257419139351e+04,4.557388310786336660e-04
2.317772590863621008e+04,4.547462449409067631e-04
2.318772924308102665e+04,4.538601788226515055e-04
2.319773257752583959e+04,4.528327262960374355e-04
2.320773591197065616e+04,4.519454378169029951e-04
2.321773924641546910e+04,4.509181017056107521e-04
2.322774258086028567e+04,4.500159120652824640e-04
2.323774591530509861e+04,4.490736464504152536e-04
2.324774924974991518e+04,4.481080395635217428e-04
2.325775258419472812e+04,4.472079162951558828e-04
2.326775591863954469e+04,4.461654461920261383e-04
2.327775925308436126e+04,4.453835426829755306e-04
2.328776258752917420e+04,4.442963399924337864e-04
2.329776592197399077e+04,4.434884467627853155e-04
2.330776925641880371e+04,4.424358194228261709e-04
2.331777259086362028e+04,4.414642171468585730e-04
2.332777592530843322e+04,4.408326931297779083e-04
2.333777925975324979e+04,4.395882424432784319e-04
2.334778259419806272e+04,4.390694375615566969e-04
2.335778592864287930e+04,4.377464065328240395e-04
2.336778926308769223e+04,4.371143295429646969e-04
2.337779259753250881e+04,4.359350132290273905e-04
2.338779593197732538e+04,4.350443778093904257e-04
2.339779926642213832e+04,4.342244064901024103e-04
2.340780260086695489e+04,4.332118842285126448e-04
2.341780593531176783e+04,4.324399342294782400e-04
2.342780926975658440e+04,4.313555546104907990e-04
2.343781260420139733e+04,4.308707138989120722e-04
2.344781593864621391e+04,4.295585385989397764e-04
2.345781927309102684e+04,4.290245997253805399e-04
2.346782260753584342e+04,4.277477273717522621e-04
2.347782594198065999e+04,4.271828511264175177e-04
2.348782927642547293e+04,4.259634297341108322e-04
2.349783261087028950e+04,4.252471262589097023e-04
2.350783594531510244e+04,4.242000577505677938e-04
2.351783927975991901e+04,4.234527004882693291e-04
2.352784261420473194e+04,4.224287986289709806e-04
2.353784594864954852e+04,4.216645611450076103e-04
2.354784928309436145e+04,4.206732555758208036e-04
2.355785261753917803e+04,4.198190581519156694e-04
2.356785595198399096e+04,4.189618048258125782e-04
2.357785928642880754e+04,4.180289106443524361e-04
2.358786262087362411e+04,4.172398475930094719e-04
2.359786595531843705e+04,4.162233672104775906e-04
2.360786928976325362e+04,4.158566298428922892e-04
2.361787262420806655e+04,4.144914855714887381e-04
2.362787595865288313e+04,4.138591175433248281e-04
2.363787929309769606e+04,4.127777065150439739e-04
2.364788262754251264e+04,4.120322118978947401e-04
2.365788596198732557e+04,4.110833106096833944e-04
2.366788929643214215e+04,4.103449755348265171e-04
2.367789263087695872e+04,4.093419993296265602e-04
2.368789596532177165e+04,4.084450483787804842e-04
2.369789929976658823e+04,4.080347425770014524e-04
2.370790263421140116e+04,4.067464324180036783e-04
2.371790596865621774e+04,4.059652565047144890e-04
2.372790930310103067e+04,4.051155992783606052e-04
2.373791263754584725e+04,4.043679509777575731e-04
2.374791597199066018e+04,4.034020239487290382e-04
2.375791930643547676e+04,4.026762035209685564e-04
2.376792264088028969e+04,4.017324827145785093e-04
2.377792597532510626e+04,4.010533157270401716e-04
2.378792930976992284e+04,4.000474873464554548e-04
2.379793264421473577e+04,3.993697755504399538e-04
2.380793597865955235e+04,3.983747446909546852e-04
2.381793931310436528e+04,3.977610322181135416e-04
2.382794264754918186e+04,3.967138763982802629e-04
2.383794598199399479e+04,3.960914327763020992e-04
2.384794931643881137e+04,3.950625250581651926e-04
2.385795265088362430e+04,3.944171185139566660e-04
2.386795598532844087e+04,3.934436244890093803e-04
2.387795931977325745e+04,3.927197249140590429e-04
2.388796265421807038e+04,3.918277216143906116e-04
2.389796598866288696e+04,3.910614759661257267e-04
2.390796932310769989e+04,3.902164753526449203e-04
2.391797265755251647e+04,3.894056135322898626e-04
2.392797599199732940e+04,3.886084596160799265e-04
2.393797932644214598e+04,3.877355775330215693e-04
2.394798266088695891e+04,3.870255895890295506e-04
2.395798599533177548e+04,3.861139994114637375e-04
2.396798932977659206e+04,3.854359965771436691e-04
2.397799266422140499e+04,3.844771126750856638e-04
2.398799599866622157e+04,3.838628763332962990e-04
2.399799933311103450e+04,3.828893532045185566e-04
2.400800266755585108e+04,3.822209255304187536e-04
2.401800600200066401e+04,3.813120711129158735e-04
2.402800933644548059e+04,3.806130262091755867e-04
2.403801267089029352e+04,3.797264653258025646e-04
2.404801600533511009e+04,3.789195616263896227e-04
2.405801933977992303e+04,3.782429266721010208e-04
2.406802267422473960e+04,3.773649514187127352e-04
2.407802600866955618e+04,3.766404988709837198e-04
2.408802934311436911e+04,3.757499216590076685e-04
2.409803267755918569e+04,3.751730546355247498e-04
2.410803601200399862e+04,3.741698747035115957e-04
2.411803934644881519e+04,3.736832586582750082e-04
2.412804268089362813e+04,3.726295835804194212e-04
2.413804601533844470e+04,3.720789682120084763e-04
2.414804934978325764e+04,3.710709570441395044e-04
2.415805268422807421e+04,3.704570408444851637e-04
2.416805601867289079e+04,3.695584309753030539e-04
2.417805935311770372e+04,3.688708238769322634e-04
2.418806268756252030e+04,3.680468362290412188e-04
2.419806602200733323e+04,3.673651954159140587e-04
2.420806935645214980e+04,3.665130643639713526e-04
2.421807269089696274e+04,3.658146015368402004e-04
2.422807602534177931e+04,3.649948921520262957e-04
2.423807935978659225e+04,3.642210795078426600e-04
2.424808269423140882e+04,3.635457833297550678e-04
2.425808602867622176e+04,3.627066907938569784e-04
2.426808936312103833e+04,3.620879142545163631e-04
2.427809269756585491e+04,3.611588908825069666e-04
2.428809603201066784e+04,3.606759419199079275e-04
2.429809936645548441e+04,3.596609458327293396e-04
2.430810270090029735e+04,3.591967979446053505e-04
2.431810603534511392e+04,3.581674245651811361e-04
2.432810936978992686e+04,3.576627641450613737e-04
2.433811270423474343e+04,3.566864179447293282e-04
2.434811603867955637e+04,3.560765762813389301e-04
2.435811937312437294e+04,3.552273556124418974e-04
2.436812270756918952e+04,3.544936189427971840e-04
2.437812604201400245e+04,3.538283344823867083e-04
2.438812937645881902e+04,3.529926761984825134e-04
2.439813271090363196e+04,3.524649073369801044e-04
2.440813604534844853e+04,3.514999407343566418e-04
2.441813937979326147e+04,3.511728718876838684e-04
2.442814271423807804e+04,3.500465245451778173e-04
2.443814604868289098e+04,3.493005642667412758e-04
2.444814938312770755e+04,3.486672358121722937e-04
2.445815271757252049e+04,3.478866128716617823e-04
2.446815605201733706e+04,3.474718541838228703e-04
2.447815938646215363e+04,3.464246110524982214e-04
2.448816272090696657e+04,3.460148000158369541e-04
2.449816605535178314e+04,3.450050135143101215e-04
2.450816938979659608e+04,3.445819020271301270e-04
2.451817272424141265e+04,3.435740945860743523e-04
2.452817605868622559e+04,3.431128861848264933e-04
2.453817939313104216e+04,3.421636938583105803e-04
2.454818272757585510e+04,3.416702093090862036e-04
2.455818606202067167e+04,3.407517797313630581e-04
2.456818939646548824e+04,3.402640868443995714e-04
2.457819273091030118e+04,3.393346851225942373e-04
2.458819606535511775e+04,3.388850018382072449e-04
2.459819939979993069e+04,3.379322588443756104e-04
2.460820273424474726e+04,3.374665684532374144e-04
2.461820606868956020e+04,3.365297161508351564e-04
2.462820940313437677e+04,3.360591363161802292e-04
2.463821273757918971e+04,3.351381456013768911e-04
2.464821607202400628e+04,3.346814482938498259e-04
2.465821940646881922e+04,3.337571397423744202e-04
2.466822274091363579e+04,3.332744236104190350e-04
2.467822607535845236e+04,3.323870769236236811e-04
2.468822940980326530e+04,3.318597446195781231e-04
2.469823274424808187e+04,3.310272004455327988e-04
2.470823607869289481e+04,3.304890415165573359e-04
2.471823941313771138e+04,3.296594077255576849e-04
2.472824274758252432e+04,3.291125176474452019e-04
2.473824608202734089e+04,3.283157129772007465e-04
2.474824941647215383e+04,3.277150972280651331e-04
2.475825275091697040e+04,3.269770531915128231e-04
2.476825608536178697e+04,3.263417165726423264e-04
2.477825941980659991e+04,3.256495401728898287e-04
2.478826275425141648e+04,3.249532019253820181e-04
2.479826608869622942e+04,3.243304963689297438e-04
2.480826942314104599e+04,3.236095362808555365e-04
2.481827275758585893e+04,3.229842113796621561e-04
2.482827609203067550e+04,3.222575178369879723e-04
2.483827942647548844e+04,3.216875193174928427e-04
2.484828276092030501e+04,3.209255228284746408e-04
2.485828609536511794e+04,3.203724918421357870e-04
2.486828942980993452e+04,3.196068282704800367e-04
2.487829276425475109e+04,3.190314164385199547e-04
2.488829609869956403e+04,3.182905493304133415e-04
2.489829943314438060e+04,3.177137405145913363e-04
2.490830276758919354e+04,3.169800038449466228e-04
2.491830610203401011e+04,3.163175715599209070e-04
2.492830943647882305e+04,3.157492319587618113e-04
2.493831277092363962e+04,3.149611293338239193e-04
2.494831610536845255e+04,3.146017552353441715e-04
2.495831943981326913e+04,3.136700543109327555e-04
2.496832277425808570e+04,3.132481942884624004e-04
2.497832610870289864e+04,3.123746428173035383e-04
2.498832944314771521e+04,3.118130262009799480e-04
2.499833277759252815e+04,3.111211699433624744e-04
2.500833611203734472e+04,3.104360948782414198e-04
2.501833944648215765e+04,3.100433386862277985e-04
2.502834278092697423e+04,3.091454564128071070e-04
2.503834611537178716e+04,3.085203643422573805e-04
2.504834944981660374e+04,3.080081078223884106e-04
2.505835278426141667e+04,3.073539701290428638e-04
2.506835611870623325e+04,3.066429926548153162e-04
2.507835945315104982e+04,3.059746813960373402e-04
2.508836278759586276e+04,3.055962442886084318e-04
2.509836612204067933e+04,3.047238860744982958e-04
2.510836945648549226e+04,3.041175659745931625e-04
2.511837279093030884e+04,3.035242843907326460e-04
2.512837612537512177e+04,3.028958162758499384e-04
2.513837945981993835e+04,3.022776509169489145e-04
2.514838279426475128e+04,3.017498238477855921e-04
2.515838612870956786e+04,3.010087530128657818e-04
2.516838946315438443e+04,3.005606413353234529e-04
2.517839279759919737e+04,2.997636620420962572e-04
2.518839613204401394e+04,2.993350499309599400e-04
2.519839946648882687e+04,2.985244791489094496e-04
2.520840280093364345e+04,2.981023280881345272e-04
2.521840613537845638e+04,2.973122464027255774e-04
2.522840946982327296e+04,2.968816843349486589e-04
2.523841280426808589e+04,2.960936399176716805e-04
2.524841613871290247e+04,2.956225944217294455e-04
2.525841947315771540e+04,2.949023037217557430e-04
2.526842280760253198e+04,2.943694125860929489e-04
2.527842614204734855e+04,2.936804085038602352e-04
2.528842947649216148e+04,2.932067727670073509e-04
2.529843281093697806e+04,2.924679720308631659e-04
2.530843614538179099e+04,2.920126717071980238e-04
2.531843947982660757e+04,2.912788186222314835e-04
2.532844281427142050e+04,2.907921152655035257e-04
2.533844614871623708e+04,2.900698455050587654e-04
2.534844948316105001e+04,2.896141086239367723e-04
2.535845281760586658e+04,2.888997842092067003e-04
2.536845615205068316e+04,2.884278073906898499e-04
2.537845948649549609e+04,2.876828948501497507e-04
2.538846282094031267e+04,2.872387703973799944e-04
2.539846615538512560e+04,2.865288988687098026e-04
2.540846948982994218e+04,2.860280510503798723e-04
2.541847282427475511e+04,2.853755431715399027e-04
2.542847615871957169e+04,2.848084259312599897e-04
2.543847949316438462e+04,2.842413377948105335e-04
2.544848282760920119e+04,2.836090570781379938e-04
2.545848616205401413e+04,2.831252641044557095e-04
2.546848949649883070e+04,2.824591065291315317e-04
2.547849283094364728e+04,2.819383225869387388e-04
2.548849616538846021e+04,2.812941675074398518e-04
2.549849949983327679e+04,2.808021090459078550e-04
2.550850283427808972e+04,2.801478258334100246e-04
2.551850616872290630e+04,2.796355693135410547e-04
2.552850950316771923e+04,2.790063444990664721e-04
2.553851283761253580e+04,2.784819807857275009e-04
2.554851617205734874e+04,2.778827620204538107e-04
2.555851950650216531e+04,2.773428859654814005e-04
2.556852284094698189e+04,2.767470432445406914e-04
2.557852617539179482e+04,2.762055664788931608e-04
2.558852950983661140e+04,2.756118774414062500e-04
2.559853284428142433e+04,2.750346902757883072e-04
2.560853617872624091e+04,2.745302626863121986e-04
2.561853951317105384e+04,2.738638722803443670e-04
2.562854284761587041e+04,2.734711451921612024e-04
2.563854618206068335e+04,2.727519313339143991e-04
2.564854951650549992e+04,2.723064972087740898e-04
2.565855285095031650e+04,2.716472954489290714e-04
2.566855618539512943e+04,2.711558190640062094e-04
2.567855951983994601e+04,2.705514489207416773e-04
2.568856285428475894e+04,2.699792967177927494e-04
2.569856618872957552e+04,2.695041766855865717e-04
2.570856952317438845e+04,2.688382519409060478e-04
2.571857285761920502e+04,2.685899962671101093e-04
2.572857619206401796e+04,2.677567827049642801e-04
2.573857952650883453e+04,2.674452844075858593e-04
2.574858286095364747e+04,2.666641084942966700e-04
2.575858619539846404e+04,2.663622726686298847e-04
2.576858952984328062e+04,2.655688149388879538e-04
2.577859286428809355e+04,2.652498078532516956e-04
2.578859619873291012e+04,2.644973574206233025e-04
2.579859953317772306e+04,2.641591709107160568e-04
2.580860286762253963e+04,2.634204574860632420e-04
2.581860620206735257e+04,2.630746748764067888e-04
2.582860953651216914e+04,2.623451873660087585e-04
2.583861287095698208e+04,2.619989681988954544e-04
2.584861620540179865e+04,2.612667449284344912e-04
2.585861953984661523e+04,2.608534414321184158e-04
2.586862287429142816e+04,2.602110325824469328e-04
2.587862620873624473e+04,2.596592239569872618e-04
2.588862954318105767e+04,2.592109958641231060e-04
2.589863287762587424e+04,2.586100308690220118e-04
2.590863621207068718e+04,2.583019668236374855e-04
2.591863954651550375e+04,2.575589169282466173e-04
2.592864288096031669e+04,2.572043158579617739e-04
2.593864621540513326e+04,2.565157483331859112e-04
2.594864954984994620e+04,2.559752028901129961e-04
2.595865288429476277e+04,2.555733371991664171e-04
2.596865621873957934e+04,2.549425407778471708e-04
2.597865955318439228e+04,2.547070616856217384e-04
2.598866288762920885e+04,2.539079578127712011e-04
2.599866622207402179e+04,2.536264946684241295e-04
2.600866955651883836e+04,2.528957265894860029e-04
2.601867289096365130e+04,2.524619048926979303e-04
2.602867622540846787e+04,2.518958644941449165e-04
2.603867955985328081e+04,2.513974031899124384e-04
2.604868289429809738e+04,2.509021142031997442e-04
2.605868622874291395e+04,2.503569121472537518e-04
2.606868956318772689e+04,2.499099064152687788e-04
2.607869289763254346e+04,2.493320498615503311e-04
2.608869623207735640e+04,2.489160106051713228e-04
2.609869956652217297e+04,2.483166172169148922e-04
2.610870290096698591e+04,2.479242393746972084e-04
2.611870623541180248e+04,2.472991764079779387e-04
2.612870956985661542e+04,2.468963502906262875e-04
2.613871290430143199e+04,2.463044074829667807e-04
2.614871623874624493e+04,2.459255047142505646e-04
2.615871957319106150e+04,2.453062334097921848e-04
2.616872290763587807e+04,2.449116727802902460e-04
2.617872624208069101e+04,2.443221164867281914e-04
2.618872957652550758e+04,2.439021336613222957e-04
2.619873291097032052e+04,2.433471090625971556e-04
2.620873624541513709e+04,2.429053711239248514e-04
2.621873957985995003e+04,2.423469995846971869e-04
2.622874291430476660e+04,2.419245429337024689e-04
2.623874624874957954e+04,2.413747279206290841e-04
2.624874958319439611e+04,2.409291919320821762e-04
2.625875291763921268e+04,2.404079568805173039e-04
2.626875625208402562e+04,2.399500372121110559e-04
2.627875958652884219e+04,2.394362090853974223e-04
2.628876292097365513e+04,2.389592991676181555e-04
2.629876625541847170e+04,2.384872641414403915e-04
2.630876958986328464e+04,2.379880897933617234e-04
2.631877292430810121e+04,2.375347103225067258e-04
2.632877625875291415e+04,2.370181027799844742e-04
2.633877959319773072e+04,2.365729305893182755e-04
2.634878292764254365e+04,2.360362996114417911e-04
2.635878626208736023e+04,2.356418117415159941e-04
2.636878959653217680e+04,2.350809809286147356e-04
2.637879293097698974e+04,2.346830005990341306e-04
2.638879626542180631e+04,2.341529325349256396e-04
2.639879959986661925e+04,2.337346959393471479e-04
2.640880293431143582e+04,2.331965806661173701e-04
2.641880626875624876e+04,2.327714610146358609e-04
2.642880960320106533e+04,2.322745713172480464e-04
2.643881293764587826e+04,2.317908656550571322e-04
2.644881627209069484e+04,2.313644799869507551e-04
2.645881960653551141e+04,2.308522234670817852e-04
2.646882294098032435e+04,2.304547670064494014e-04
2.647882627542514092e+04,2.298926701769232750e-04
2.648882960986995386e+04,2.295074373250827193e-04
2.649883294431477043e+04,2.289963013026863337e-04
2.650883627875958337e+04,2.285441878484562039e-04
2.651883961320439994e+04,2.280970948049798608e-04
2.652884294764921287e+04,2.275702427141368389e-04
2.653884628209402945e+04,2.273059508297592402e-04
2.654884961653884238e+04,2.266424562549218535e-04
2.655885295098365896e+04,2.263665664941072464e-04
2.656885628542847553e+04,2.257291489513590932e-04
2.657885961987328847e+04,2.252585545647889376e-04
2.658886295431810504e+04,2.250965480925515294e-04
2.659886628876291797e+04,2.243605122203007340e-04
2.660886962320773455e+04,2.240731701022014022e-04
2.661887295765254748e+04,2.234539715573191643e-04
2.662887629209736406e+04,2.231932594440877438e-04
2.663887962654217699e+04,2.225593052571639419e-04
2.664888296098699357e+04,2.222656476078554988e-04
2.665888629543181014e+04,2.216657157987356186e-04
2.666888962987662308e+04,2.212279214290902019e-04
2.667889296432143965e+04,2.208277437603101134e-04
2.668889629876625258e+04,2.203154726885259151e-04
2.669889963321106916e+04,2.200733579229563475e-04
2.670890296765588209e+04,2.194269618485122919e-04
2.671890630210069867e+04,2.191879757447168231e-04
2.672890963654551160e+04,2.185460034525021911e-04
2.673891297099032818e+04,2.182889438699930906e-04
2.674891630543514111e+04,2.176611305912956595e-04
2.675891963987995769e+04,2.173646353185176849e-04
2.676892297432477426e+04,2.167922939406707883e-04
2.677892630876958719e+04,2.163781318813562393e-04
2.678892964321440377e+04,2.159629220841452479e-04
2.679893297765921670e+04,2.155724941985681653e-04
2.680893631210403328e+04,2.150712389266118407e-04
2.681893964654884621e+04,2.147086051991209388e-04
2.682894298099366279e+04,2.142044540960341692e-04
2.683894631543847572e+04,2.137989504262804985e-04
2.684894964988329230e+04,2.133615489583462477e-04
2.685895298432810887e+04,2.128912456100806594e-04
2.686895631877292180e+04,2.126508625224232674e-04
2.687895965321773838e+04,2.120407589245587587e-04
2.688896298766255131e+04,2.117969415849074721e-04
2.689896632210736789e+04,2.112018264597281814e-04
2.690896965655218082e+04,2.108701155520975590e-04
2.691897299099699740e+04,2.103661972796544433e-04
2.692897632544181033e+04,2.099852572428062558e-04
2.693897965988662691e+04,2.094995143124833703e-04
2.694898299433143984e+04,2.092684007948264480e-04
2.695898632877625641e+04,2.086551685351878405e-04
2.696898966322107299e+04,2.084635634673759341e-04
2.697899299766588592e+04,2.078254910884425044e-04
2.698899633211070250e+04,2.075752272503450513e-04
2.699899966655551543e+04,2.069906622637063265e-04
2.700900300100033201e+04,2.067468594759702682e-04
2.701900633544514494e+04,2.061679260805249214e-04
2.702900966988996151e+04,2.058788959402590990e-04
2.703901300433477445e+04,2.053799544228240848e-04
2.704901633877959102e+04,2.049708855338394642e-04
2.705901967322440760e+04,2.045473520411178470e-04
2.706902300766922053e+04,2.041630214080214500e-04
2.707902634211403711e+04,2.037152298726141453e-04
2.708902967655885004e+04,2.033795317402109504e-04
2.709903301100366662e+04,2.029023307841271162e-04
2.710903634544847955e+04,2.025665744440630078e-04
2.711903967989329612e+04,2.020891115535050631e-04
2.712904301433810906e+04,2.017797232838347554e-04
2.713904634878292563e+04,2.012808254221454263e-04
2.714904968322773857e+04,2.009563177125528455e-04
2.715905301767255514e+04,2.004686975851655006e-04
2.716905635211737172e+04,2.001711982302367687e-04
2.717905968656218465e+04,1.996592909563332796e-04
2.718906302100700123e+04,1.993930491153150797e-04
2.719906635545181416e+04,1.988636940950527787e-04
2.720906968989663073e+04,1.986252318602055311e-04
2.721907302434144367e+04,1.980686793103814125e-04
2.722907635878626024e+04,1.978076179511845112e-04
2.723907969323107318e+04,1.972964964807033539e-04
2.724908302767588975e+04,1.969855075003579259e-04
2.725908636212070633e+04,1.965017436305060983e-04
2.726908969656551926e+04,1.962217647815123200e-04
2.727909303101033584e+04,1.957107451744377613e-04
2.728909636545514877e+04,1.954484469024464488e-04
2.729909969989996534e+04,1.949424913618713617e-04
2.730910303434477828e+04,1.946444972418248653e-04
2.731910636878959485e+04,1.941744849318638444e-04
2.732910970323440779e+04,1.938578789122402668e-04
2.733911303767922436e+04,1.934021711349487305e-04
2.734911637212404094e+04,1.930750586325302720e-04
2.735911970656885387e+04,1.926426921272650361e-04
2.736912304101367044e+04,1.922848168760538101e-04
2.737912637545848338e+04,1.918901107273995876e-04
2.738912970990329995e+04,1.915201719384640455e-04
2.739913304434811289e+04,1.911399158416315913e-04
2.740913637879292946e+04,1.907457044580951333e-04
2.741913971323774240e+04,1.903603842947632074e-04
2.742914304768255897e+04,1.900114148156717420e-04
2.743914638212737191e+04,1.895899185910820961e-04
2.744914971657218848e+04,1.892676082206889987e-04
2.745915305101700505e+04,1.888255355879664421e-04
2.746915638546181799e+04,1.885212550405412912e-04
2.747915971990663456e+04,1.880816707853227854e-04
2.748916305435144750e+04,1.877698668977245688e-04
2.749916638879626407e+04,1.873344590421766043e-04
2.750916972324107701e+04,1.870019477792084217e-04
2.751917305768589358e+04,1.866030943347141147e-04
2.752917639213070652e+04,1.862467179307714105e-04
2.753917972657552309e+04,1.858680916484445333e-04
2.754918306102033966e+04,1.854654692579060793e-04
2.755918639546515260e+04,1.851999695645645261e-04
2.756918972990996917e+04,1.847266394179314375e-04
2.757919306435478211e+04,1.844951329985633492e-04
2.758919639879959868e+04,1.839854812715202570e-04
2.759919973324441162e+04,1.837507443269714713e-04
2.760920306768922819e+04,1.832577399909496307e-04
2.761920640213404113e+04,1.829649409046396613e-04
2.762920973657885770e+04,1.825347571866586804e-04
2.763921307102367064e+04,1.821596815716475248e-04
2.764921640546848721e+04,1.819575554691255093e-04
2.765921973991330378e+04,1.814353454392403364e-04
2.766922307435811672e+04,1.812630798667669296e-04
2.767922640880293329e+04,1.807206135708838701e-04
2.768922974324774623e+04,1.804577332222834229e-04
2.769923307769256280e+04,1.800176396500319242e-04
2.770923641213737574e+04,1.797470613382756710e-04
2.771923974658219231e+04,1.793031260604038835e-04
2.772924308102700525e+04,1.790319947758689523e-04
2.773924641547182182e+04,1.786031207302585244e-04
2.774924974991663839e+04,1.783499319572001696e-04
2.775925308436145133e+04,1.779023878043517470e-04
2.776925641880626790e+04,1.776179269654676318e-04
2.777925975325108084e+04,1.772158284438773990e-04
2.778926308769589741e+04,1.769017253536731005e-04
2.779926642214071035e+04,1.765190536389127374e-04
2.780926975658552692e+04,1.761908060871064663e-04
2.781927309103033986e+04,1.758078578859567642e-04
2.782927642547515643e+04,1.755099801812320948e-04
2.783927975991996937e+04,1.751169911585748196e-04
2.784928309436478594e+04,1.748070208122953773e-04
2.785928642880960251e+04,1.744230103213340044e-04
2.786928976325441545e+04,1.741202286211773753e-04
2.787929309769923202e+04,1.737185230012983084e-04
2.788929643214404496e+04,1.734456891426816583e-04
2.789929976658886153e+04,1.730408548610284925e-04
2.790930310103367447e+04,1.727232593111693859e-04
2.791930643547849104e+04,1.723812456475570798e-04
2.792930976992330397e+04,1.720378350000828505e-04
2.793931310436812055e+04,1.717012637527659535e-04
2.794931643881293712e+04,1.713553210720419884e-04
2.795931977325775006e+04,1.710377691779285669e-04
2.796932310770256663e+04,1.706652692519128323e-04
2.797932644214737957e+04,1.703873276710510254e-04
2.798932977659219614e+04,1.699968706816434860e-04
2.799933311103700908e+04,1.697222905931994319e-04
2.800933644548182565e+04,1.693225058261305094e-04
2.801933977992663858e+04,1.690543867880478501e-04
2.802934311437145516e+04,1.686571340542286634e-04
2.803934644881626809e+04,1.683673035586252809e-04
2.804934978326108467e+04,1.680059795035049319e-04
2.805935311770590124e+04,1.676951651461422443e-04
2.806935645215071418e+04,1.673537481110543013e-04
2.807935978659553075e+04,1.670211058808490634e-04
2.808936312104034369e+04,1.666989410296082497e-04
2.809936645548516026e+04,1.663660950725898147e-04
2.810936978992997319e+04,1.660452981013804674e-04
2.811937312437478977e+04,1.656887470744550228e-04
2.812937645881960270e+04,1.654333609621971846e-04
2.813937979326441928e+04,1.650262856855988503e-04
2.814938312770923585e+04,1.648049073992297053e-04
2.815938646215404879e+04,1.643717550905421376e-04
2.816938979659886536e+04,1.641094713704660535e-04
2.817939313104367830e+04,1.637471141293644905e-04
2.818939646548849487e+04,1.634485815884545445e-04
2.819939979993330780e+04,1.631071354495361447e-04
2.820940313437812438e+04,1.627709134481847286e-04
2.821940646882293731e+04,1.625270087970420718e-04
2.822940980326775389e+04,1.621349656488746405e-04
2.823941313771256682e+04,1.618901878828182817e-04
2.824941647215738340e+04,1.615075452718883753e-04
2.825941980660219997e+04,1.612449268577620387e-04
2.826942314104701290e+04,1.608754973858594894e-04
2.827942647549182948e+04,1.606015430297702551e-04
2.828942980993664241e+04,1.602348929736763239e-04
2.829943314438145899e+04,1.599904207978397608e-04
2.830943647882627192e+04,1.596053043613210320e-04
2.831943981327108850e+04,1.593689376022666693e-04
2.832944314771590143e+04,1.589855382917448878e-04
2.833944648216071801e+04,1.587382139405235648e-04
2.834944981660553458e+04,1.583682751515880227e-04
2.835945315105034751e+04,1.580888929311186075e-04
2.836945648549516409e+04,1.577581424498930573e-04
2.837945981993997702e+04,1.574540801811963320e-04
2.838946315438479360e+04,1.571669126860797405e-04
2.839946648882960653e+04,1.568132574902847409e-04
2.840946982327442311e+04,1.565862185088917613e-04
2.841947315771923604e+04,1.561857934575527906e-04
2.842947649216405262e+04,1.560079545015469193e-04
2.843947982660886555e+04,1.555801427457481623e-04
2.844948316105368212e+04,1.553831534693017602e-04
2.845948649549849870e+04,1.549704902572557330e-04
2.846948982994331163e+04,1.547497813589870930e-04
2.847949316438812821e+04,1.543665857752785087e-04
2.848949649883294114e+04,1.540843222755938768e-04
2.849949983327775772e+04,1.537865900900214911e-04
2.850950316772257065e+04,1.534481270937249064e-04
2.851950650216738723e+04,1.533289178041741252e-04
2.852950983661220016e+04,1.528509601484984159e-04
2.853951317105701673e+04,1.526894920971244574e-04
2.854951650550183331e+04,1.522631355328485370e-04
2.855951983994664624e+04,1.520829682704061270e-04
2.856952317439146282e+04,1.516802294645458460e-04
2.857952650883627575e+04,1.514427858637645841e-04
2.858952984328109233e+04,1.511051523266360164e-04
2.859953317772590526e+04,1.508303103037178516e-04
2.860953651217072183e+04,1.505258987890556455e-04
2.861953984661553477e+04,1.502263330621644855e-04
2.862954318106035134e+04,1.499411591794341803e-04
2.863954651550516428e+04,1.496376353316009045e-04
2.864954984994998085e+04,1.493527670390903950e-04
2.865955318439479743e+04,1.490532886236906052e-04
2.866955651883961036e+04,1.487589615862816572e-04
2.867955985328442694e+04,1.484869862906634808e-04
2.868956318772923987e+04,1.481531653553247452e-04
2.869956652217405644e+04,1.479686179663985968e-04
2.870956985661886938e+04,1.475721510360017419e-04
2.871957319106368595e+04,1.474083837820217013e-04
2.872957652550849889e+04,1.469990238547325134e-04
2.873957985995331546e+04,1.467207184759899974e-04
2.874958319439813204e+04,1.464784581912681460e-04
2.875958652884294497e+04,1.461461797589436173e-04
2.876958986328776155e+04,1.459379855077713728e-04
2.877959319773257448e+04,1.455682358937337995e-04
2.878959653217739105e+04,1.454271696275100112e-04
2.879959986662220399e+04,1.450095878681167960e-04
2.880960320106702056e+04,1.448227849323302507e-04
2.881960653551183350e+04,1.444473164156079292e-04
2.882960986995665007e+04,1.442340872017666698e-04
2.883961320440146301e+04,1.438931212760508060e-04
2.884961653884627958e+04,1.437040918972343206e-04
2.885961987329109616e+04,1.433392899343743920e-04
2.886962320773590909e+04,1.431356504326686263e-04
2.887962654218072566e+04,1.427912648068740964e-04
2.888962987662553860e+04,1.425432128598913550e-04
2.889963321107035517e+04,1.422437926521524787e-04
2.890963654551516811e+04,1.419848704244941473e-04
2.891963987995998468e+04,1.417118328390643001e-04
2.892964321440479762e+04,1.414203870808705688e-04
2.893964654884961419e+04,1.411709090461954474e-04
2.894964988329443077e+04,1.408696844009682536e-04
2.895965321773924370e+04,1.406230585416778922e-04
2.896965655218406027e+04,1.403304777340963483e-04
2.897965988662887321e+04,1.400677865603938699e-04
2.898966322107368978e+04,1.397812156938016415e-04
2.899966655551850272e+04,1.395230647176504135e-04
2.900966988996331929e+04,1.392495905747637153e-04
2.901967322440813223e+04,1.389813114656135440e-04
2.902967655885294880e+04,1.387023221468552947e-04
2.903967989329776537e+04,1.384448260068893433e-04
2.904968322774257831e+04,1.381608453812077641e-04
2.905968656218739488e+04,1.378810993628576398e-04
2.906968989663220782e+04,1.376753789372742176e-04
2.907969323107702439e+04,1.373454433633014560e-04
2.908969656552183733e+04,1.371637481497600675e-04
2.909969989996665390e+04,1.368094235658645630e-04
2.910970323441146684e+04,1.366406213492155075e-04
2.911970656885628341e+04,1.362817274639382958e-04
2.912970990330109635e+04,1.361054601147770882e-04
2.913971323774591292e+04,1.357592846034094691e-04
2.914971657219072949e+04,1.355855492874979973e-04
2.915971990663554243e+04,1.352292310912162066e-04
2.916972324108035900e+04,1.350419770460575819e-04
2.917972657552517194e+04,1.347156503470614552e-04
2.918972990996998851e+04,1.345430646324530244e-04
2.919973324441480145e+04,1.341970346402376890e-04
2.920973657885961802e+04,1.340070157311856747e-04
2.921973991330443096e+04,1.336800632998347282e-04
2.922974324774924753e+04,1.334948610747233033e-04
2.923974658219406410e+04,1.331638050032779574e-04
2.924974991663887704e+04,1.329763326793909073e-04
2.925975325108369361e+04,1.326488418271765113e-04
2.926975658552850655e+04,1.324640616076067090e-04
2.927975991997332312e+04,1.321382733294740319e-04
2.928976325441813606e+04,1.319325674558058381e-04
2.929976658886295263e+04,1.316352281719446182e-04
2.930976992330776557e+04,1.313972170464694500e-04
2.931977325775258214e+04,1.311461674049496651e-04
2.932977659219739508e+04,1.309005019720643759e-04
2.933977992664221165e+04,1.306427438976243138e-04
2.934978326108702822e+04,1.304200122831389308e-04
2.935978659553184116e+04,1.301233714912086725e-04
2.936978992997665773e+04,1.299197174375876784e-04
2.937979326442147067e+04,1.296324917348101735e-04
2.938979659886628724e+04,1.294173853239044547e-04
2.939979993331110018e+04,1.291340013267472386e-04
2.940980326775591675e+04,1.289279898628592491e-04
2.941980660220072969e+04,1.286381011595949531e-04
2.942980993664554626e+04,1.284163590753450990e-04
2.943981327109036283e+04,1.281600416405126452e-04
2.944981660553517577e+04,1.279352582059800625e-04
2.945981993997999234e+04,1.276578987017273903e-04
2.946982327442480528e+04,1.274087699130177498e-04
2.947982660886962185e+04,1.272015797439962626e-04
2.948982994331443479e+04,1.269167696591466665e-04
2.949983327775925136e+04,1.267231709789484739e-04
2.950983661220406429e+04,1.264172897208482027e-04
2.951983994664888087e+04,1.262547884834930301e-04
2.952984328109369380e+04,1.259388227481395006e-04
2.953984661553851038e+04,1.257686380995437503e-04
2.954984994998332695e+04,1.254505623364821076e-04
2.955985328442813989e+04,1.252479705726727843e-04
2.956985661887295646e+04,1.249834749614819884e-04
2.957985995331776940e+04,1.247601030627265573e-04
2.958986328776258597e+04,1.245174498762935400e-04
2.959986662220739890e+04,1.242967264261096716e-04
2.960986995665221548e+04,1.240318815689533949e-04
2.961987329109702841e+04,1.237909746123477817e-04
2.962987662554184499e+04,1.235918753081932664e-04
2.963987995998666156e+04,1.233281655004248023e-04
2.964988329443147450e+04,1.231003698194399476e-04
2.965988662887629107e+04,1.228448527399450541e-04
2.966988996332110401e+04,1.226477616000920534e-04
2.967989329776592058e+04,1.223631406901404262e-04
2.968989663221073351e+04,1.222375431098043919e-04
2.969989996665555009e+04,1.218924517161212862e-04
2.970990330110036302e+04,1.216830132761970162e-04
2.971990663554517960e+04,1.214394505950622261e-04
2.972990996998999253e+04,1.211945273098535836e-04
2.973991330443480911e+04,1.210907284985296428e-04
2.974991663887962568e+04,1.207314126077108085e-04
2.975991997332443862e+04,1.206325468956492841e-04
2.976992330776925519e+04,1.202715720864944160e-04
2.977992664221406812e+04,1.200537517433986068e-04
2.978992997665888470e+04,1.198333120555616915e-04
2.979993331110369763e+04,1.195906588691286743e-04
2.980993664554851421e+04,1.193963471450842917e-04
2.981993997999332714e+04,1.191592091345228255e-04
2.982994331443814372e+04,1.189134782180190086e-04
2.983994664888296029e+04,1.186871886602602899e-04
2.984994998332777323e+04,1.184815628221258521e-04
2.985995331777258980e+04,1.182565392809920013e-04
2.986995665221740273e+04,1.180242543341591954e-04
2.987995998666221931e+04,1.178378297481685877e-04
2.988996332110703224e+04,1.175647339550778270e-04
2.989996665555184882e+04,1.173908312921412289e-04
2.990996998999666175e+04,1.171206822618842125e-04
2.991997332444147833e+04,1.169485767604783177e-04
2.992997665888629126e+04,1.166806541732512414e-04
2.993997999333110783e+04,1.164923887699842453e-04
2.994998332777592441e+04,1.162410117103718221e-04
2.995998666222073734e+04,1.160428510047495365e-04
2.996998999666555392e+04,1.158037630375474691e-04
2.997999333111036685e+04,1.155869686044752598e-04
2.998999666555518343e+04,1.153652265202254057e-04
3.000000000000000000e+04,1.151469696196727455e-04
