# kappa, training_loss
0.000000000000000000e+00,3.715767860412597656e-01
3.459628369156486083e-01,3.265554904937744141e-01
4.392523541701039980e-01,2.862001061439514160e-01
4.954405753566595849e-01,2.501886487007141113e-01
5.357763150463283885e-01,2.176467180252075195e-01
5.672637522769239382e-01,1.904086470603942871e-01
5.930950213984054198e-01,1.671153903007507324e-01
6.149960495598807420e-01,1.489917635917663574e-01
6.340063755275553437e-01,1.384684294462203979e-01
6.508008686183767155e-01,1.261929869651794434e-01
6.658425764193509622e-01,1.174302697181701660e-01
6.794630340823816228e-01,1.097017377614974976e-01
6.919077872874166424e-01,1.030210703611373901e-01
7.033637773663500292e-01,9.695851057767868042e-02
7.139766241685853165e-01,9.137609601020812988e-02
7.238619730255126949e-01,8.626265078783035278e-02
7.331131958061187781e-01,8.731117844581604004e-02
7.418067673437699350e-01,7.904820144176483154e-02
7.500061115554571556e-01,7.509692013263702393e-02
7.577644119105257925e-01,7.131306827068328857e-02
7.651267038617906024e-01,6.792007386684417725e-02
7.721314587172553034e-01,6.490682065486907959e-02
7.788118004265414118e-01,6.199653819203376770e-02
7.851964528680592803e-01,5.929128825664520264e-02
7.913104862367159598e-01,5.674873664975166321e-02
7.971759115863207290e-01,5.434624105691909790e-02
8.028121591516160782e-01,5.208551138639450073e-02
8.082364666896064698e-01,4.996941238641738892e-02
8.134641974181391344e-01,4.796387255191802979e-02
8.185091023333873617e-01,4.604075476527214050e-02
8.233835381891937422e-01,4.420997574925422668e-02
8.280986498380630279e-01,4.245660454034805298e-02
8.326645237049763448e-01,4.080542922019958496e-02
8.370903177102294590e-01,3.927510231733322144e-02
8.413843718492283186e-01,3.786098212003707886e-02
8.455543027853225091e-01,3.653863072395324707e-02
8.496070851514696542e-01,3.530168533325195312e-02
8.535491217406495634e-01,3.414056077599525452e-02
8.573863043588985100e-01,3.303497657179832458e-02
8.611240667929865866e-01,3.197084367275238037e-02
8.647674310879751580e-01,3.094238787889480591e-02
8.683210481237189082e-01,2.993860840797424316e-02
8.717892333128790527e-01,2.895423397421836853e-02
8.751759981078014450e-01,2.797516621649265289e-02
8.784850778932074000e-01,2.703429572284221649e-02
8.817199567510665137e-01,2.614941075444221497e-02
8.848838895093302792e-01,2.528768591582775116e-02
8.879799214243446759e-01,2.442776970565319061e-02
8.910109057952988465e-01,2.362039498984813690e-02
8.939795197660829196e-01,2.289465069770812988e-02
8.968882785338736507e-01,2.222595736384391785e-02
8.997395481534220529e-01,2.159421145915985107e-02
9.025355571003684796e-01,2.098851278424263000e-02
9.052784067351745678e-01,2.040777914226055145e-02
9.079700807907640225e-01,1.983166299760341644e-02
9.106124539911777394e-01,1.925582811236381531e-02
9.132072998950389042e-01,1.868757978081703186e-02
9.157562980460198787e-01,1.811781153082847595e-02
9.182610405025087852e-01,1.754923164844512939e-02
9.207230378100543788e-01,1.701185293495655060e-02
9.231437244726915514e-01,1.652773655951023102e-02
9.255244639727745470e-01,1.608555205166339874e-02
9.278665533832982648e-01,1.567361131310462952e-02
9.301712276117759526e-01,1.528346166014671326e-02
9.324396633104344856e-01,1.491157338023185730e-02
9.346729824837258782e-01,1.455659978091716766e-02
9.368722558208421036e-01,1.421675086021423340e-02
9.390385057780117339e-01,1.389065943658351898e-02
9.411727094327915211e-01,1.357629615813493729e-02
9.432758011302940782e-01,1.327341794967651367e-02
9.453486749392934207e-01,1.298246812075376511e-02
9.473921869343682189e-01,1.270023919641971588e-02
9.494071573186603219e-01,1.242773048579692841e-02
9.513943724004232383e-01,1.216218620538711548e-02
9.533545864352821475e-01,1.190427131950855255e-02
9.552885233450053581e-01,1.165430434048175812e-02
9.571968783225919264e-01,1.141193322837352753e-02
9.590803193325774245e-01,1.117809489369392395e-02
9.609394885146632648e-01,1.095264777541160583e-02
9.627750034980490090e-01,1.073347032070159912e-02
9.645874586331985023e-01,1.052074506878852844e-02
9.663774261471894667e-01,1.031355187296867371e-02
9.681454572282619520e-01,1.011270284652709961e-02
9.698920830447127495e-01,9.915186092257499695e-03
9.716178157028463325e-01,9.724350646138191223e-03
9.733231491483043119e-01,9.540038183331489563e-03
9.750085600147447851e-01,9.361542761325836182e-03
9.766745084235173291e-01,9.188380092382431030e-03
9.783214387376916177e-01,9.020045399665832520e-03
9.799497802735314123e-01,8.856086991727352142e-03
9.815599479722626475e-01,8.695993572473526001e-03
9.831523430347650638e-01,8.539962582290172577e-03
9.847273535216196638e-01,8.387466892600059509e-03
9.862853549207505344e-01,8.238866925239562988e-03
9.878267106847458123e-01,8.094830438494682312e-03
9.893517727397744821e-01,7.954541593790054321e-03
9.908608819678863533e-01,7.817288860678672791e-03
9.923543686643463424e-01,7.683757226914167404e-03
9.938325529715387185e-01,7.553092204034328461e-03
9.952957452908665070e-01,7.425140589475631714e-03
9.967442466739721008e-01,7.300464902073144913e-03
9.981783491945136477e-01,7.178972009569406509e-03
9.995983363016430756e-01,7.060252595692873001e-03
1.001004483156257452e+00,6.944704335182905197e-03
1.002397056951022103e+00,6.832204759120941162e-03
1.003776317215095304e+00,6.722553633153438568e-03
1.005142516104422512e+00,6.615613121539354324e-03
1.006495898678415823e+00,6.511017680168151855e-03
1.007836703163776271e+00,6.409068591892719269e-03
1.009165161206166283e+00,6.309209391474723816e-03
1.010481498110403553e+00,6.211766973137855530e-03
1.011785933069793808e+00,6.116372067481279373e-03
1.013078679385188696e+00,6.022667512297630310e-03
1.014359944674316782e+00,5.930216982960700989e-03
1.015629931071899694e+00,5.840504541993141174e-03
1.016888835421037696e+00,5.753227509558200836e-03
1.018136849456315440e+00,5.667707882821559906e-03
1.019374159979058669e+00,5.584035068750381470e-03
1.020600949025135540e+00,5.501649808138608932e-03
1.021817394025686054e+00,5.421013571321964264e-03
1.023023667961131089e+00,5.342502612620592117e-03
1.024219939508794530e+00,5.265643820166587830e-03
1.025406373184459152e+00,5.190447904169559479e-03
1.026583129478143341e+00,5.116663873195648193e-03
1.027750364984392206e+00,5.044179502874612808e-03
1.028908232527332434e+00,4.973506554961204529e-03
1.030056881280755565e+00,4.904495552182197571e-03
1.031196456883453960e+00,4.836458247154951096e-03
1.032327101550039039e+00,4.769498482346534729e-03
1.033448954177450752e+00,4.704235121607780457e-03
1.034562150447356776e+00,4.640280269086360931e-03
1.035666822924632635e+00,4.577776417136192322e-03
1.036763101152098798e+00,4.516596440225839615e-03
1.037851111741686649e+00,4.456956870853900909e-03
1.038930978462190513e+00,4.398630000650882721e-03
1.040002822323762510e+00,4.341272637248039246e-03
1.041066761659288797e+00,4.285089205950498581e-03
1.042122912202790408e+00,4.229979589581489563e-03
1.043171387164971708e+00,4.175836686044931412e-03
1.044212297306046144e+00,4.122463054955005646e-03
1.045245751005951185e+00,4.070291295647621155e-03
1.046271854332069040e+00,4.019127227365970612e-03
1.047290711104553074e+00,3.968717996031045914e-03
1.048302422959365821e+00,3.919109236449003220e-03
1.049307089409120763e+00,3.870361717417836189e-03
1.050304807901820681e+00,3.822622122243046761e-03
1.051295673877579606e+00,3.775466233491897583e-03
1.052279780823408339e+00,3.729197662323713303e-03
1.053257220326145882e+00,3.683649003505706787e-03
1.054228082123608523e+00,3.638844937086105347e-03
1.055192454154030512e+00,3.594796173274517059e-03
1.056150422603862049e+00,3.551454748958349228e-03
1.057102071953991640e+00,3.508740803226828575e-03
1.058047485024453449e+00,3.466848749667406082e-03
1.058986743017679588e+00,3.425532486289739609e-03
1.059919925560353970e+00,3.384815994650125504e-03
1.060847110743919686e+00,3.344605443999171257e-03
1.061768375163794076e+00,3.305057529360055923e-03
1.062683793957341027e+00,3.266222076490521431e-03
1.063593440840642890e+00,3.227976150810718536e-03
1.064497388144123091e+00,3.190420102328062057e-03
1.065395706847059198e+00,3.153508063405752182e-03
1.066288466611025720e+00,3.117093350738286972e-03
1.067175735812313508e+00,3.081508446484804153e-03
1.068057581573351955e+00,3.046110505238175392e-03
1.068934069793182617e+00,3.011249005794525146e-03
1.069805265177008913e+00,2.976758871227502823e-03
1.070671231264859857e+00,2.942943479865789413e-03
1.071532030459400042e+00,2.909704111516475677e-03
1.072387724052912716e+00,2.877032384276390076e-03
1.073238372253488837e+00,2.845010953024029732e-03
1.074084034210448069e+00,2.813453087583184242e-03
1.074924768039019485e+00,2.782387193292379379e-03
1.075760630844306398e+00,2.751786261796951294e-03
1.076591678744561298e+00,2.721732016652822495e-03
1.077417966893795320e+00,2.692060545086860657e-03
1.078239549503742900e+00,2.662944141775369644e-03
1.079056479865203144e+00,2.634102245792746544e-03
1.079868810368784127e+00,2.605746034532785416e-03
1.080676592525062540e+00,2.577909501269459724e-03
1.081479876984185129e+00,2.550451783463358879e-03
1.082278713554924110e+00,2.523421775549650192e-03
1.083073151223212571e+00,2.496846485882997513e-03
1.083863238170166943e+00,2.470795297995209694e-03
1.084649021789623191e+00,2.445073099806904793e-03
1.085430548705195619e+00,2.419684780761599541e-03
1.086207864786876698e+00,2.394654788076877594e-03
1.086981015167191700e+00,2.369967987760901451e-03
1.087750044256923676e+00,2.345556858927011490e-03
1.088514995760420767e+00,2.321519423276185989e-03
1.089275912690500059e+00,2.297779312357306480e-03
1.090032837382960862e+00,2.274316269904375076e-03
1.090785811510718295e+00,2.251189202070236206e-03
1.091534876097570272e+00,2.228416968137025833e-03
1.092280071531609886e+00,2.206025645136833191e-03
1.093021437578292954e+00,2.183923963457345963e-03
1.093759013393168944e+00,2.162089571356773376e-03
1.094492837534292162e+00,2.140623517334461212e-03
1.095222947974316963e+00,2.119449665769934654e-03
1.095949382112286319e+00,2.098505385220050812e-03
1.096672176785129516e+00,2.077750861644744873e-03
1.097391368278869628e+00,2.057333476841449738e-03
1.098106992339554999e+00,2.037167549133300781e-03
1.098819084183919381e+00,2.017245395109057426e-03
1.099527678509782058e+00,1.997663639485836029e-03
1.100232809506192178e+00,1.978308893740177155e-03
1.100934510863327942e+00,1.959269866347312927e-03
1.101632815782154218e+00,1.940459245815873146e-03
1.102327756983849882e+00,1.921918010339140892e-03
1.103019366719007799e+00,1.903650118038058281e-03
1.103707676776614299e+00,1.885583391413092613e-03
1.104392718492818393e+00,1.867723418399691582e-03
1.105074522759491362e+00,1.850141095928847790e-03
1.105753120032585635e+00,1.832833746448159218e-03
1.106428540340298250e+00,1.815850613638758659e-03
1.107100813291044705e+00,1.798921497538685799e-03
1.107769968081245615e+00,1.782274106517434120e-03
1.108436033502936624e+00,1.765829394571483135e-03
1.109099037951201572e+00,1.749633927829563618e-03
1.109759009431436017e+00,1.733700395561754704e-03
1.110415975566444891e+00,1.717890612781047821e-03
1.111069963603381616e+00,1.702223904430866241e-03
1.111721000420526240e+00,1.686759875155985355e-03
1.112369112533916571e+00,1.671453937888145447e-03
1.113014326103826113e+00,1.656369422562420368e-03
1.113656666941102324e+00,1.641446142457425594e-03
1.114296160513360112e+00,1.626774901524186134e-03
1.114932831951041647e+00,1.612212858162820339e-03
1.115566706053342960e+00,1.597867347300052643e-03
1.116197807294008637e+00,1.583619159646332264e-03
1.116826159827001730e+00,1.569550950080156326e-03
1.117451787492052206e+00,1.555693685077130795e-03
1.118074713820083277e+00,1.541983103379607201e-03
1.118694962038521146e+00,1.528425491414964199e-03
1.119312555076493743e+00,1.515025738626718521e-03
1.119927515569915100e+00,1.501819584518671036e-03
1.120539865866464480e+00,1.488754991441965103e-03
1.121149628030459589e+00,1.475736266002058983e-03
1.121756823847626094e+00,1.462895656004548073e-03
1.122361474829768779e+00,1.450242009013891220e-03
1.122963602219344104e+00,1.437731552869081497e-03
1.123563226993938846e+00,1.425315625965595245e-03
1.124160369870654819e+00,1.413048710674047470e-03
1.124755051310404097e+00,1.400939188897609711e-03
1.125347291522115434e+00,1.388983335345983505e-03
1.125937110466854962e+00,1.377160893753170967e-03
1.126524527861864078e+00,1.365448813885450363e-03
1.127109563184513386e+00,1.353863975964486599e-03
1.127692235676178045e+00,1.342397183179855347e-03
1.128272564346034956e+00,1.331092324107885361e-03
1.128850567974784891e+00,1.319924835115671158e-03
1.129426265118297579e+00,1.308874459937214851e-03
1.129999674111187957e+00,1.297922339290380478e-03
1.130570813070318703e+00,1.287132618017494678e-03
1.131139699898235040e+00,1.276407972909510136e-03
1.131706352286532269e+00,1.265836064703762531e-03
1.132270787719156679e+00,1.255404902622103691e-03
1.132833023475642520e+00,1.245057210326194763e-03
1.133393076634286345e+00,1.234814291819930077e-03
1.133950964075259416e+00,1.224667648784816265e-03
1.134506702483661034e+00,1.214623451232910156e-03
1.135060308352511926e+00,1.204687752760946751e-03
1.135611797985692117e+00,1.194883021526038647e-03
1.136161187500821734e+00,1.185189234092831612e-03
1.136708492832086748e+00,1.175589393824338913e-03
1.137253729733013197e+00,1.166098401881754398e-03
1.137796913779186569e+00,1.156692858785390854e-03
1.138338060370923444e+00,1.147387549281120300e-03
1.138877184735888948e+00,1.138253486715257168e-03
1.139414301931670481e+00,1.129147363826632500e-03
1.139949426848299252e+00,1.120147760957479477e-03
1.140482574210728073e+00,1.111190184019505978e-03
1.141013758581261639e+00,1.102341455407440662e-03
1.141542994361944618e+00,1.093609724193811417e-03
1.142070295796903112e+00,1.084947725757956505e-03
1.142595676974646146e+00,1.076316228136420250e-03
1.143119151830323421e+00,1.067796023562550545e-03
1.143640734147944205e+00,1.059281989000737667e-03
1.144160437562553589e+00,1.050876686349511147e-03
1.144678275562372782e+00,1.042552990838885307e-03
1.145194261490898979e+00,1.034246524795889854e-03
1.145708408548967716e+00,1.025968231260776520e-03
1.146220729796781024e+00,1.017659204080700874e-03
1.146731238155896060e+00,1.009584288112819195e-03
1.147239946411182432e+00,1.001652213744819164e-03
1.147746867212741551e+00,9.938498260453343391e-04
1.148252013077795786e+00,9.860629215836524963e-04
1.148755396392542094e+00,9.784080320969223976e-04
1.149257029413974562e+00,9.707598946988582611e-04
1.149756924271674974e+00,9.632415603846311569e-04
1.150255092969573401e+00,9.558370220474898815e-04
1.150751547387676155e+00,9.485067566856741905e-04
1.151246299283768204e+00,9.411862702108919621e-04
1.151739360295081394e+00,9.339981479570269585e-04
1.152230741939938685e+00,9.268837166018784046e-04
1.152720455619368201e+00,9.198203915730118752e-04
1.153208512618689285e+00,9.128681849688291550e-04
1.153694924109075259e+00,9.059606818482279778e-04
1.154179701149085524e+00,8.991403155960142612e-04
1.154662854686175244e+00,8.923683781176805496e-04
1.155144395558178383e+00,8.856768254190683365e-04
1.155624334494766980e+00,8.790325373411178589e-04
1.156102682118884228e+00,8.724656654521822929e-04
1.156579448948156896e+00,8.659433806315064430e-04
1.157054645396282444e+00,8.594845421612262726e-04
1.157528281774392820e+00,8.530648192390799522e-04
1.158000368292398496e+00,8.467526058666408062e-04
1.158470915060308082e+00,8.404856780543923378e-04
1.158939932089527503e+00,8.342605433426797390e-04
1.159407429294138758e+00,8.281090413220226765e-04
1.159873416492156029e+00,8.219907758757472038e-04
1.160337903406764015e+00,8.159516146406531334e-04
1.160800899667535191e+00,8.099846309050917625e-04
1.161262414811627286e+00,8.040467509999871254e-04
1.161722458284961679e+00,7.981762755662202835e-04
1.162181039443384689e+00,7.923633675090968609e-04
1.162638167553807556e+00,7.866002852097153664e-04
1.163093851795331535e+00,7.808678783476352692e-04
1.163548101260353240e+00,7.752269739285111427e-04
1.164000924955653105e+00,7.695977692492306232e-04
1.164452331803466523e+00,7.640256080776453018e-04
1.164902330642539896e+00,7.585164858028292656e-04
1.165350930229168247e+00,7.530489820055663586e-04
1.165798139238217512e+00,7.476228056475520134e-04
1.166243966264131293e+00,7.422278868034482002e-04
1.166688419821921618e+00,7.368983933702111244e-04
1.167131508348145497e+00,7.316191913560032845e-04
1.167573240201865037e+00,7.263417937792837620e-04
1.168013623665593581e+00,7.211344200186431408e-04
1.168452666946228291e+00,7.159135420806705952e-04
1.168890378175967415e+00,7.107217097654938698e-04
1.169326765413213787e+00,7.056403555907309055e-04
1.169761836643465669e+00,7.005769875831902027e-04
1.170195599780192941e+00,6.955700810067355633e-04
1.170628062665700186e+00,6.906112539581954479e-04
1.171059233071979788e+00,6.856938125565648079e-04
1.171489118701547705e+00,6.808364996686577797e-04
1.171917727188269032e+00,6.760358810424804688e-04
1.172345066098173128e+00,6.712733302265405655e-04
1.172771142930254085e+00,6.665325490757822990e-04
1.173195965117259876e+00,6.618562620133161545e-04
1.173619540026470398e+00,6.572284037247300148e-04
1.174041874960465748e+00,6.526414072141051292e-04
1.174462977157878507e+00,6.480909651145339012e-04
1.174882853794141369e+00,6.435726536437869072e-04
1.175301511982218772e+00,6.390913622453808784e-04
1.175718958773330547e+00,6.346382433548569679e-04
1.176135201157664678e+00,6.302230176515877247e-04
1.176550246065079186e+00,6.258161738514900208e-04
1.176964100365794463e+00,6.213752785697579384e-04
1.177376770871076062e+00,6.169999251142144203e-04
1.177788264333906598e+00,6.127058295533061028e-04
1.178198587449649892e+00,6.084818742237985134e-04
1.178607746856703109e+00,6.042823079042136669e-04
1.179015749137142910e+00,6.001094589009881020e-04
1.179422600817358946e+00,5.959939444437623024e-04
1.179828308368682244e+00,5.919067189097404480e-04
1.180232878208000491e+00,5.878568626940250397e-04
1.180636316698369548e+00,5.838361685164272785e-04
1.181038630149611635e+00,5.798474885523319244e-04
1.181439824818909079e+00,5.759033374488353729e-04
1.181839906911387628e+00,5.719759501516819000e-04
1.182238882580692430e+00,5.680887261405587196e-04
1.182636757929554694e+00,5.642365431413054466e-04
1.183033539010354573e+00,5.604285397566854954e-04
1.183429231825671168e+00,5.566249019466340542e-04
1.183823842328827869e+00,5.528733017854392529e-04
1.184217376424430146e+00,5.491422489285469055e-04
1.184609839968896461e+00,5.454316269606351852e-04
1.185001238770979404e+00,5.417628563009202480e-04
1.185391578592282613e+00,5.381226656027138233e-04
1.185780865147769703e+00,5.344930104911327362e-04
1.186169104106266303e+00,5.309052066877484322e-04
1.186556301090955001e+00,5.273446440696716309e-04
1.186942461679864058e+00,5.238056182861328125e-04
1.187327591406350580e+00,5.203065811656415462e-04
1.187711695759573916e+00,5.168091738596558571e-04
1.188094780184968391e+00,5.133770173415541649e-04
1.188476850084703162e+00,5.099407862871885300e-04
1.188857910818142072e+00,5.065285949967801571e-04
1.189237967702292398e+00,5.031549371778964996e-04
1.189617026012252055e+00,4.998029326088726521e-04
1.189995090981647685e+00,4.964841064065694809e-04
1.190372167803068537e+00,4.931996227242052555e-04
1.190748261628493676e+00,4.899438936263322830e-04
1.191123377569716091e+00,4.867139796260744333e-04
1.191497520698757917e+00,4.834938154090195894e-04
1.191870696048282552e+00,4.803047049790620804e-04
1.192242908612001218e+00,4.771571839228272438e-04
1.192614163345072642e+00,4.740192380268126726e-04
1.192984465164500296e+00,4.709090862888842821e-04
1.193353818949523193e+00,4.678257391788065434e-04
1.193722229541999580e+00,4.647643072530627251e-04
1.194089701746790189e+00,4.617284284904599190e-04
1.194456240332133046e+00,4.587309085763990879e-04
1.194821850030014954e+00,4.557351348921656609e-04
1.195186535536537864e+00,4.527564742602407932e-04
1.195550301512281033e+00,4.498221969697624445e-04
1.195913152582658734e+00,4.468862316571176052e-04
1.196275093338271533e+00,4.439943586476147175e-04
1.196636128335257343e+00,4.411126137711107731e-04
1.196996262095632924e+00,4.382570041343569756e-04
1.197355499107636057e+00,4.354018601588904858e-04
1.197713843826059277e+00,4.325765767134726048e-04
1.198071300672582717e+00,4.297768464311957359e-04
1.198427874036100071e+00,4.270217323210090399e-04
1.198783568273043665e+00,4.242724680807441473e-04
1.199138387707701980e+00,4.215366207063198090e-04
1.199492336632536738e+00,4.188342136330902576e-04
1.199845419308493533e+00,4.161539836786687374e-04
1.200197639965309371e+00,4.135039635002613068e-04
1.200549002801817755e+00,4.108515568077564240e-04
1.200899511986247781e+00,4.082258965354412794e-04
1.201249171656521897e+00,4.056332400068640709e-04
1.201597985920548561e+00,4.030458512715995312e-04
1.201945958856510899e+00,4.004815709777176380e-04
1.202293094513155358e+00,3.979455505032092333e-04
1.202639396910071046e+00,3.954165731556713581e-04
1.202984870037971943e+00,3.928923397324979305e-04
1.203329517858970243e+00,3.904008772224187851e-04
1.203673344306851245e+00,3.879378782585263252e-04
1.204016353287342245e+00,3.854819806292653084e-04
1.204358548678376772e+00,3.830449422821402550e-04
1.204699934330360378e+00,3.806421300396323204e-04
1.205040514066429091e+00,3.782289568334817886e-04
1.205380291682706773e+00,3.758549573831260204e-04
1.205719270948558686e+00,3.734983911272138357e-04
1.206057455606842410e+00,3.711577155627310276e-04
1.206394849374155864e+00,3.688112483359873295e-04
1.206731455941083109e+00,3.665130352601408958e-04
1.207067278972435487e+00,3.642190713435411453e-04
1.207402322107491210e+00,3.619307535700500011e-04
1.207736588960232726e+00,3.596676397137343884e-04
1.208070083119580085e+00,3.574218135327100754e-04
1.208402808149621865e+00,3.551933914422988892e-04
1.208734767589844328e+00,3.529820824041962624e-04
1.209065964955357009e+00,3.507802903186529875e-04
1.209396403737116099e+00,3.485992783680558205e-04
1.209726087402145378e+00,3.464388137217611074e-04
1.210055019393754039e+00,3.442906890995800495e-04
1.210383203131752961e+00,3.421490546315908432e-04
1.210710642012667870e+00,3.400230780243873596e-04
1.211037339409950064e+00,3.379188128747045994e-04
1.211363298674185129e+00,3.358232788741588593e-04
1.211688523133299222e+00,3.337574598845094442e-04
1.212013016092762907e+00,3.316878573969006538e-04
1.212336780835792327e+00,3.296484646853059530e-04
1.212659820623549267e+00,3.276091883890330791e-04
1.212982138695337442e+00,3.255872288718819618e-04
1.213303738268797671e+00,3.235857002437114716e-04
1.213624622540101505e+00,3.215881879441440105e-04
1.213944794684139961e+00,3.196162288077175617e-04
1.214264257854713813e+00,3.176545433234423399e-04
1.214583015184719228e+00,3.156985621899366379e-04
1.214901069786331611e+00,3.137513995170593262e-04
1.215218424751188797e+00,3.118245513178408146e-04
1.215535083150570905e+00,3.099086461588740349e-04
1.215851048035579085e+00,3.080070018768310547e-04
1.216166322437310932e+00,3.061284078285098076e-04
1.216480909367036789e+00,3.042566240765154362e-04
1.216794811816369615e+00,3.023946774192154408e-04
1.217108032757438396e+00,3.005627950187772512e-04
1.217420575143055572e+00,2.987241314258426428e-04
1.217732441906884233e+00,2.969132910948246717e-04
1.218043635963603100e+00,2.951062051579356194e-04
1.218354160209070614e+00,2.933216746896505356e-04
1.218664017520486587e+00,2.915439254138618708e-04
1.218973210756551406e+00,2.897671074606478214e-04
1.219281742757625020e+00,2.880167739931493998e-04
1.219589616345883032e+00,2.862641704268753529e-04
1.219896834325471913e+00,2.845260314643383026e-04
1.220203399482662210e+00,2.827970311045646667e-04
1.220509314585999316e+00,2.810829319059848785e-04
1.220814582386456237e+00,2.793873718474060297e-04
1.221119205617577030e+00,2.777022309601306915e-04
1.221423186995629795e+00,2.760139759629964828e-04
1.221726529219746338e+00,2.743415534496307373e-04
1.222029234972070277e+00,2.726855454966425896e-04
1.222331306917896487e+00,2.710398402996361256e-04
1.222632747705813872e+00,2.694101131055504084e-04
1.222933559967842587e+00,2.677870506886392832e-04
1.223233746319574822e+00,2.661611943040043116e-04
1.223533309360308019e+00,2.645560598466545343e-04
1.223832251673182547e+00,2.629661175888031721e-04
1.224130575825313594e+00,2.613820543047040701e-04
1.224428284367925279e+00,2.598154242150485516e-04
1.224725379836478778e+00,2.582480083219707012e-04
1.225021864750805323e+00,2.566883922554552555e-04
1.225317741615230993e+00,2.551509824115782976e-04
1.225613012918706612e+00,2.536205574870109558e-04
1.225907681134931204e+00,2.521020360291004181e-04
1.226201748722477669e+00,2.505838347133249044e-04
1.226495218124915132e+00,2.490659826435148716e-04
1.226788091770931732e+00,2.475855289958417416e-04
1.227080372074453196e+00,2.460975083522498608e-04
1.227372061434764516e+00,2.446216822136193514e-04
1.227663162236626970e+00,2.431496395729482174e-04
1.227953676850395137e+00,2.416889328742399812e-04
1.228243607632133028e+00,2.402487007202580571e-04
1.228532956923728436e+00,2.388246066402643919e-04
1.228821727053006851e+00,2.374011091887950897e-04
1.229109920333843142e+00,2.359767386224120855e-04
1.229397539066272804e+00,2.345696266274899244e-04
1.229684585536603647e+00,2.331787254661321640e-04
1.229971062017522598e+00,2.317993494216352701e-04
1.230256970768205838e+00,2.304254157934337854e-04
1.230542314034423379e+00,2.290514094056561589e-04
1.230827094048646986e+00,2.277030434925109148e-04
1.231111313030153642e+00,2.263621281599625945e-04
1.231394973185130581e+00,2.250245597679167986e-04
1.231678076706776093e+00,2.236935542896389961e-04
1.231960625775403440e+00,2.223700575996190310e-04
1.232242622558540113e+00,2.210663369623944163e-04
1.232524069211028417e+00,2.197642024839296937e-04
1.232804967875123392e+00,2.184741751989349723e-04
1.233085320680591623e+00,2.171928354073315859e-04
1.233365129744808275e+00,2.159144059987738729e-04
1.233644397172851015e+00,2.146518672816455364e-04
1.233923125057597714e+00,2.133965899702161551e-04
1.234201315479819261e+00,2.121460274793207645e-04
1.234478970508271933e+00,2.109164779540151358e-04
1.234756092199791766e+00,2.096739626722410321e-04
1.235032682599383591e+00,2.084420411847531796e-04
1.235308743740314519e+00,2.072249335469678044e-04
1.235584277644200091e+00,2.060146071016788483e-04
1.235859286321095762e+00,2.048104652203619480e-04
1.236133771769584389e+00,2.036153455264866352e-04
1.236407735976862599e+00,2.024208661168813705e-04
1.236681180918827616e+00,2.012473996728658676e-04
1.236954108560162524e+00,2.000736130867153406e-04
1.237226520854421752e+00,1.989035226870328188e-04
1.237498419744113454e+00,1.977472711587324739e-04
1.237769807160784552e+00,1.965889241546392441e-04
1.238040685025101340e+00,1.954522886080667377e-04
1.238311055246931858e+00,1.943190582096576691e-04
1.238580919725426721e+00,1.931877632159739733e-04
1.238850280349098831e+00,1.920618233270943165e-04
1.239119138995903535e+00,1.909435668494552374e-04
1.239387497533315452e+00,1.898331247502937913e-04
1.239655357818407744e+00,1.887337857624515891e-04
1.239922721697929386e+00,1.876355236163362861e-04
1.240189591008380665e+00,1.865523518063127995e-04
1.240455967576088447e+00,1.854717847891151905e-04
1.240721853217283455e+00,1.844046928454190493e-04
1.240987249738171982e+00,1.833395799621939659e-04
1.241252158935010508e+00,1.822824124246835709e-04
1.241516582594179408e+00,1.812318223528563976e-04
1.241780522492254457e+00,1.801818434614688158e-04
1.242043980396077885e+00,1.791430404409766197e-04
1.242306958062830091e+00,1.781057362677529454e-04
1.242569457240100927e+00,1.770756061887368560e-04
1.242831479665957195e+00,1.760500599630177021e-04
1.243093027069013257e+00,1.750374067341908813e-04
1.243354101168498538e+00,1.740224834065884352e-04
1.243614703674326583e+00,1.730224757920950651e-04
1.243874836287161223e+00,1.720277505228295922e-04
1.244134500698483414e+00,1.710370415821671486e-04
1.244393698590656516e+00,1.700519351288676262e-04
1.244652431636993795e+00,1.690794015303254128e-04
1.244910701501820594e+00,1.681109570199623704e-04
1.245168509840541171e+00,1.671483914833515882e-04
1.245425858299699318e+00,1.661910355323925614e-04
1.245682748517044747e+00,1.652367791393771768e-04
1.245939182121592825e+00,1.642879360588267446e-04
1.246195160733689189e+00,1.633423526072874665e-04
1.246450685965068139e+00,1.624125725356861949e-04
1.246705759418916593e+00,1.614828070160001516e-04
1.246960382689931812e+00,1.605548604857176542e-04
1.247214557364383358e+00,1.596376096131280065e-04
1.247468285020171264e+00,1.587223960086703300e-04
1.247721567226884209e+00,1.578196242917329073e-04
1.247974405545859700e+00,1.569124870002269745e-04
1.248226801530239793e+00,1.560178934596478939e-04
1.248478756725029282e+00,1.551222376292571425e-04
1.248730272667153196e+00,1.542284298921003938e-04
1.248981350885511654e+00,1.533431932330131531e-04
1.249231992901035593e+00,1.524539839010685682e-04
1.249482200226743833e+00,1.515755575383082032e-04
1.249731974367796150e+00,1.507011329522356391e-04
1.249981316821548116e+00,1.498359924880787730e-04
1.250230229077605060e+00,1.489736314397305250e-04
1.250478712617875354e+00,1.481155341025441885e-04
1.250726768916623710e+00,1.472698204452171922e-04
1.250974399440522911e+00,1.464287197450175881e-04
1.251221605648706658e+00,1.455947640351951122e-04
1.251468388992820868e+00,1.447592221666127443e-04
1.251714750917074293e+00,1.439210755052044988e-04
1.251960692858289592e+00,1.430654083378612995e-04
1.252206216245954629e+00,1.422401983290910721e-04
1.252451322502270203e+00,1.414206490153446794e-04
1.252696013042201795e+00,1.406122610205784440e-04
1.252940289273526409e+00,1.398094464093446732e-04
1.253184152596882983e+00,1.390072720823809505e-04
1.253427604405819240e+00,1.382192858727648854e-04
1.253670646086840756e+00,1.374326093355193734e-04
1.253913279019456928e+00,1.366476062685251236e-04
1.254155504576228708e+00,1.358712906949222088e-04
1.254397324122815460e+00,1.351015962427482009e-04
1.254638739018020921e+00,1.343326148344203830e-04
1.254879750613838274e+00,1.335708948317915201e-04
1.255120360255496559e+00,1.328146609012037516e-04
1.255360569281505967e+00,1.320636074524372816e-04
1.255600379023700697e+00,1.313129323534667492e-04
1.255839790807285805e+00,1.305705081904307008e-04
1.256078805950878730e+00,1.298305287491530180e-04
1.256317425766554807e+00,1.290949585381895304e-04
1.256555651559889242e+00,1.283622987102717161e-04
1.256793484630000401e+00,1.276353432331234217e-04
1.257030926269592230e+00,1.269118802156299353e-04
1.257267977764997102e+00,1.261940051335841417e-04
1.257504640396216011e+00,1.254800299648195505e-04
1.257740915436961870e+00,1.247498148586601019e-04
1.257976804154699257e+00,1.240313868038356304e-04
1.258212307810686381e+00,1.233127259183675051e-04
1.258447427660014162e+00,1.225775195052847266e-04
1.258682164951647531e+00,1.218554825754836202e-04
1.258916520928464955e+00,1.211579074151813984e-04
1.259150496827297960e+00,1.204688596772029996e-04
1.259384093878969546e+00,1.197835226776078343e-04
1.259617313308334152e+00,1.191008341265842319e-04
1.259850156334315185e+00,1.184254360850900412e-04
1.260082624169944543e+00,1.177586382254958153e-04
1.260314718022398583e+00,1.170885952888056636e-04
1.260546439093037652e+00,1.164262939710170031e-04
1.260777788577442937e+00,1.157684091595001519e-04
1.261008767665452224e+00,1.151172764366492629e-04
1.261239377541198081e+00,1.144655980169773102e-04
1.261469619383143614e+00,1.138243969762697816e-04
1.261699494364118879e+00,1.131837925640866160e-04
1.261929003651356629e+00,1.125478156609460711e-04
1.262158148406527625e+00,1.119157677749171853e-04
1.262386929785775713e+00,1.112905738409608603e-04
1.262615348939754245e+00,1.106661511585116386e-04
1.262843407013659380e+00,1.100480731111019850e-04
1.263071105147264284e+00,1.094333565561100841e-04
1.263298444474954874e+00,1.088209392037242651e-04
1.263525426125762241e+00,1.082041417248547077e-04
1.263752051223397066e+00,1.075988693628460169e-04
1.263978320886282924e+00,1.069986319635063410e-04
1.264204236227589373e+00,1.063999370671808720e-04
1.264429798355264145e+00,1.058069901773706079e-04
1.264655008372067124e+00,1.052185325534082949e-04
1.264879867375600764e+00,1.046326360665261745e-04
1.265104376458344948e+00,1.040519637172110379e-04
1.265328536707685414e+00,1.034787128446623683e-04
1.265552349205948612e+00,1.029045379254966974e-04
1.265775815030430795e+00,1.023311633616685867e-04
1.265998935253429991e+00,1.017657559714280069e-04
1.266221710942277312e+00,1.012017237371765077e-04
1.266444143159366265e+00,1.006414677249267697e-04
1.266666232962184946e+00,1.000811389531008899e-04
1.266887981403344021e+00,9.952651453204452991e-05
1.267109389530609365e+00,9.898029384203255177e-05
1.267330458386928926e+00,9.843661973718553782e-05
1.267551189010464485e+00,9.789192699827253819e-05
1.267771582434619626e+00,9.735186904435977340e-05
1.267991639688068828e+00,9.681542724138125777e-05
1.268211361794786995e+00,9.628624684410169721e-05
1.268430749774077437e+00,9.575540025252848864e-05
1.268649804640600509e+00,9.523004700895398855e-05
1.268868527404401148e+00,9.470789518672972918e-05
1.269086919070938402e+00,9.418741683475673199e-05
1.269304980641111191e+00,9.367495658807456493e-05
1.269522713111286949e+00,9.316017531091347337e-05
1.269740117473329155e+00,9.265216067433357239e-05
1.269957194714623538e+00,9.214452438754960895e-05
1.270173945818105166e+00,9.164036600850522518e-05
1.270390371762286641e+00,9.113866690313443542e-05
1.270606473521282309e+00,9.064082405529916286e-05
1.270822252064835789e+00,9.014588431455194950e-05
1.271037708358346618e+00,8.965264714788645506e-05
1.271252843362894902e+00,8.916226215660572052e-05
1.271467658035268178e+00,8.867191354511305690e-05
1.271682153327985620e+00,8.818557398626580834e-05
1.271896330189324908e+00,8.770643034949898720e-05
1.272110189563346427e+00,8.722457278054207563e-05
1.272323732389918360e+00,8.674951823195442557e-05
1.272536959604741558e+00,8.627993520349264145e-05
1.272749872139374627e+00,8.580910798627883196e-05
1.272962470921257028e+00,8.534029620932415128e-05
1.273174756873734825e+00,8.487526065437123179e-05
1.273386730916084231e+00,8.441331010544672608e-05
1.273598393963534470e+00,8.395249460591003299e-05
1.273809746927293318e+00,8.349605923285707831e-05
1.274020790714568863e+00,8.304311631945893168e-05
1.274231526228594369e+00,8.259694004664197564e-05
1.274441954368650487e+00,8.214793342631310225e-05
1.274652076030088566e+00,8.170200453605502844e-05
1.274861892104353966e+00,8.125843305606395006e-05
1.275071403479007381e+00,8.081724809017032385e-05
1.275280611037749257e+00,8.037634688662365079e-05
1.275489515660440443e+00,7.993780309334397316e-05
1.275698118223125954e+00,7.950584404170513153e-05
1.275906419598055397e+00,7.907560939202085137e-05
1.276114420653706505e+00,7.864333747420459986e-05
1.276322122254805125e+00,7.821846520528197289e-05
1.276529525262348086e+00,7.779168663546442986e-05
1.276736630533624739e+00,7.737029955023899674e-05
1.276943438922236718e+00,7.695198291912674904e-05
1.277149951278121032e+00,7.653399370610713959e-05
1.277356168447569162e+00,7.612184708705171943e-05
1.277562091273249267e+00,7.570991874672472477e-05
1.277767720594225720e+00,7.530109724029898643e-05
1.277973057245981314e+00,7.489487325074151158e-05
1.278178102060435251e+00,7.449020631611347198e-05
1.278382855865965562e+00,7.408914098050445318e-05
1.278587319487427765e+00,7.369041850324720144e-05
1.278791493746175068e+00,7.329095387831330299e-05
1.278995379460079462e+00,7.289625500561669469e-05
1.279198977443549046e+00,7.250344788189977407e-05
1.279402288507549557e+00,7.211482443381100893e-05
1.279605313459623250e+00,7.172409823397174478e-05
1.279808053103906884e+00,7.133966573746874928e-05
1.280010508241152811e+00,7.095500041032209992e-05
1.280212679668746523e+00,7.057266338961198926e-05
1.280414568180726187e+00,7.018930773483589292e-05
1.280616174567800636e+00,6.981148180784657598e-05
1.280817499617369126e+00,6.943737389519810677e-05
1.281018544113538882e+00,6.906752969371154904e-05
1.281219308837143744e+00,6.869226490380242467e-05
1.281419794565761938e+00,6.832298822700977325e-05
1.281620002073734055e+00,6.795523222535848618e-05
1.281819932132182815e+00,6.758949893992394209e-05
1.282019585509028614e+00,6.722405669279396534e-05
1.282218962969007725e+00,6.686389679089188576e-05
1.282418065273690733e+00,6.650312570855021477e-05
1.282616893181500073e+00,6.614510493818670511e-05
1.282815447447725354e+00,6.578968896064907312e-05
1.283013728824543120e+00,6.543554627569392323e-05
1.283211738061032614e+00,6.508509250124916434e-05
1.283409475903193098e+00,6.473680696217343211e-05
1.283606943093960284e+00,6.438986747525632381e-05
1.283804140373222991e+00,6.404539453797042370e-05
1.284001068477841345e+00,6.370462506311014295e-05
1.284197728141661443e+00,6.336354999803006649e-05
1.284394120095532665e+00,6.302268593572080135e-05
1.284590245067323000e+00,6.268474680837243795e-05
1.284786103781937250e+00,6.234765169210731983e-05
1.284981696961330799e+00,6.201546784723177552e-05
1.285177025324527378e+00,6.168284744489938021e-05
1.285372089587633937e+00,6.135246076155453920e-05
1.285566890463855971e+00,6.102544284658506513e-05
1.285761428663515504e+00,6.069819210097193718e-05
1.285955704894062634e+00,6.037150888005271554e-05
1.286149719860095519e+00,6.004996248520910740e-05
1.286343474263371922e+00,5.973037332296371460e-05
1.286536968802826753e+00,5.941195558989420533e-05
1.286730204174586500e+00,5.909377796342596412e-05
1.286923181071984112e+00,5.877884905203245580e-05
1.287115900185573425e+00,5.846722706337459385e-05
1.287308362203145373e+00,5.815548865939490497e-05
1.287500567809741536e+00,5.784721724921837449e-05
1.287692517687669458e+00,5.754082303610630333e-05
1.287884212516516413e+00,5.723349022446200252e-05
1.288075652973164509e+00,5.692792547051794827e-05
1.288266839731805335e+00,5.662610783474519849e-05
1.288457773463952627e+00,5.632439206237904727e-05
1.288648454838458468e+00,5.602362216450273991e-05
1.288838884521526174e+00,5.572663212660700083e-05
1.289029063176723833e+00,5.543008956010453403e-05
1.289218991464999853e+00,5.513651558430865407e-05
1.289408670044694505e+00,5.484509165398776531e-05
1.289598099571555689e+00,5.455258724396117032e-05
1.289787280698751593e+00,5.426408824860118330e-05
1.289976214076883565e+00,5.397815402830019593e-05
1.290164900354001221e+00,5.369040081859566271e-05
1.290353340175613761e+00,5.340723146218806505e-05
1.290541534184705297e+00,5.312564826454035938e-05
1.290729483021746171e+00,5.284378130454570055e-05
1.290917187324706950e+00,5.256140866549685597e-05
1.291104647729072186e+00,5.228289955994114280e-05
1.291291864867851080e+00,5.200885789236053824e-05
1.291478839371592580e+00,5.173519093659706414e-05
1.291665571868396922e+00,5.146065814187750220e-05
1.291852062983928739e+00,5.118864646647125483e-05
1.292038313341429490e+00,5.091678394819609821e-05
1.292224323561729449e+00,5.064748620497994125e-05
1.292410094263261255e+00,5.038164454163052142e-05
1.292595626062071679e+00,5.011679604649543762e-05
1.292780919571832943e+00,4.985196574125438929e-05
1.292965975403856937e+00,4.958915815223008394e-05
1.293150794167105211e+00,4.932872616336680949e-05
1.293335376468202513e+00,4.906968388240784407e-05
1.293519722911447900e+00,4.881068161921575665e-05
1.293703834098827166e+00,4.855544102611020207e-05
1.293887710630023502e+00,4.829911631532013416e-05
1.294071353102431488e+00,4.804485797649249434e-05
1.294254762111166190e+00,4.779368464369326830e-05
1.294437938249076048e+00,4.754261317430064082e-05
1.294620882106754411e+00,4.729368083644658327e-05
1.294803594272550873e+00,4.704615275841206312e-05
1.294986075332582143e+00,4.679848279920406640e-05
1.295168325870743598e+00,4.655271550291217864e-05
1.295350346468720604e+00,4.630944022210314870e-05
1.295532137706000286e+00,4.606565198628231883e-05
1.295713700159881077e+00,4.582573455991223454e-05
1.295895034405484925e+00,4.558432920021004975e-05
1.296076141015767735e+00,4.534485196927562356e-05
1.296257020561530693e+00,4.510803410084918141e-05
1.296437673611430252e+00,4.487212208914570510e-05
1.296618100731989465e+00,4.463562072487547994e-05
1.296798302487608856e+00,4.440218617673963308e-05
1.296978279440576642e+00,4.416812589624896646e-05
1.297158032151078277e+00,4.393599010654725134e-05
1.297337561177209553e+00,4.370603710412979126e-05
1.297516867074984148e+00,4.347856156527996063e-05
1.297695950398345621e+00,4.325154441175982356e-05
1.297874811699177400e+00,4.302401430322788656e-05
1.298053451527312108e+00,4.279860877431929111e-05
1.298231870430543333e+00,4.257461114320904016e-05
1.298410068954634511e+00,4.235110463923774660e-05
1.298588047643329135e+00,4.213151260046288371e-05
1.298765807038360087e+00,4.191000334685668349e-05
1.298943347679461846e+00,4.169134626863524318e-05
1.299120670104376929e+00,4.147260915488004684e-05
1.299297774848869214e+00,4.125744453631341457e-05
1.299474662446730377e+00,4.104114850633777678e-05
1.299651333429791888e+00,4.082777013536542654e-05
1.299827788327933886e+00,4.061411891598254442e-05
1.300004027669093842e+00,4.040260682813823223e-05
1.300180051979277662e+00,4.019159678136929870e-05
1.300355861782567901e+00,3.998173997388221323e-05
1.300531457601133312e+00,3.977385495090857148e-05
1.300706839955238170e+00,3.956743603339418769e-05
1.300882009363252489e+00,3.935957283829338849e-05
1.301056966341659127e+00,3.915627166861668229e-05
1.301231711405065772e+00,3.895154077326878905e-05
1.301406245066210499e+00,3.874981484841555357e-05
1.301580567835974644e+00,3.854960959870368242e-05
1.301754680223388805e+00,3.834982271655462682e-05
1.301928582735642825e+00,3.814974115812219679e-05
1.302102275878095350e+00,3.795176598941907287e-05
1.302275760154280482e+00,3.775413642870262265e-05
1.302449036065919996e+00,3.755732177523896098e-05
1.302622104112928447e+00,3.736255166586488485e-05
1.302794964793424271e+00,3.716958599397912621e-05
1.302967618603736666e+00,3.697572901728563011e-05
1.303140066038416478e+00,3.678449138533324003e-05
1.303312307590241970e+00,3.659290814539417624e-05
1.303484343750229035e+00,3.640335489762946963e-05
1.303656175007638751e+00,3.621475116233341396e-05
1.303827801849986479e+00,3.602642391342669725e-05
1.303999224763050080e+00,3.583973739296197891e-05
1.304170444230877024e+00,3.565369479474611580e-05
1.304341460735793490e+00,3.546887819538824260e-05
1.304512274758413248e+00,3.528565139276906848e-05
1.304682886777644546e+00,3.510309034027159214e-05
1.304853297270698098e+00,3.492081668809987605e-05
1.305023506713096193e+00,3.473968536127358675e-05
1.305193515578679575e+00,3.456058038864284754e-05
1.305363324339616105e+00,3.438056592131033540e-05
1.305532933466408529e+00,3.420370921958237886e-05
1.305702343427901813e+00,3.402693982934579253e-05
1.305871554691291347e+00,3.385129093658179045e-05
1.306040567722130286e+00,3.367532917764037848e-05
1.306209382984337974e+00,3.350123006384819746e-05
1.306378000940206618e+00,3.332775668241083622e-05
1.306546422050409717e+00,3.315502544865012169e-05
1.306714646774008948e+00,3.298272349638864398e-05
1.306882675568462604e+00,3.281224780948832631e-05
1.307050508889631590e+00,3.264219412812963128e-05
1.307218147191788526e+00,3.247286804253235459e-05
1.307385590927623520e+00,3.230406582588329911e-05
1.307552840548253270e+00,3.213698073523119092e-05
1.307719896503226398e+00,3.197039768565446138e-05
1.307886759240532548e+00,3.180432031513191760e-05
1.308053429206607721e+00,3.163942164974287152e-05
1.308219906846343150e+00,3.147449388052336872e-05
1.308386192603091969e+00,3.131092671537771821e-05
1.308552286918674756e+00,3.114773790002800524e-05
1.308718190233389533e+00,3.098660090472549200e-05
1.308883902986015979e+00,3.082513649133034050e-05
1.309049425613823647e+00,3.066516364924609661e-05
1.309214758552579516e+00,3.050557643291540444e-05
1.309379902236553095e+00,3.034757173736579716e-05
1.309544857098524639e+00,3.019079667865298688e-05
1.309709623569792036e+00,3.003403980983421206e-05
1.309874202080176797e+00,2.987840889545623213e-05
1.310038593058030720e+00,2.972282527480274439e-05
1.310202796930243885e+00,2.956894968519918621e-05
1.310366814122249535e+00,2.941563070635311306e-05
1.310530645058032073e+00,2.926296292571350932e-05
1.310694290160133058e+00,2.911054980359040201e-05
1.310857749849657639e+00,2.895977922889869660e-05
1.311021024546281222e+00,2.881058026105165482e-05
1.311184114668256129e+00,2.866153408831451088e-05
1.311347020632418037e+00,2.851219869626220316e-05
1.311509742854191529e+00,2.836482963175512850e-05
1.311672281747597424e+00,2.821812086040154099e-05
1.311834637725259212e+00,2.807257988024502993e-05
1.311996811198407942e+00,2.792678060359321535e-05
1.312158802576890215e+00,2.778267298708669841e-05
1.312320612269173292e+00,2.763883821899071336e-05
1.312482240682351753e+00,2.749598388618323952e-05
1.312643688222153271e+00,2.735313319135457277e-05
1.312804955292944609e+00,2.721222335821948946e-05
1.312966042297739167e+00,2.707088060560636222e-05
1.313126949638200980e+00,2.693140777410008013e-05
1.313287677714651158e+00,2.679192948562558740e-05
1.313448226926075657e+00,2.665332067408598959e-05
1.313608597670129052e+00,2.651555769261904061e-05
1.313768790343140758e+00,2.637935358507093042e-05
1.313928805340123018e+00,2.624305125209502876e-05
1.314088643054773797e+00,2.610720912343822420e-05
1.314248303879484103e+00,2.597305501694791019e-05
1.314407788205344429e+00,2.583819150459021330e-05
1.314567096422148751e+00,2.570376454968936741e-05
1.314726228918401851e+00,2.557121842983178794e-05
1.314885186081324431e+00,2.543961454648524523e-05
1.315043968296857768e+00,2.530763777031097561e-05
1.315202575949670827e+00,2.517646134947426617e-05
1.315361009423165806e+00,2.504689291527029127e-05
1.315519269099482136e+00,2.491835584805812687e-05
1.315677355359504030e+00,2.478934584360104054e-05
1.315835268582863815e+00,2.466118894517421722e-05
1.315993009147949699e+00,2.453437627991661429e-05
1.316150577431909330e+00,2.440776916046161205e-05
1.316307973810656451e+00,2.428151128697209060e-05
1.316465198658875790e+00,2.415665221633389592e-05
1.316622252350027944e+00,2.403295366093516350e-05
1.316779135256355371e+00,2.390888403169810772e-05
1.316935847748887500e+00,2.378415229031816125e-05
1.317092390197446727e+00,2.366171611356548965e-05
1.317248762970651743e+00,2.353897070861421525e-05
1.317404966435924196e+00,2.341747676837258041e-05
1.317561000959494022e+00,2.329724884475581348e-05
1.317716866906404105e+00,2.317615508218295872e-05
1.317872564640514499e+00,2.305639100086409599e-05
1.318028094524510196e+00,2.293637226102873683e-05
1.318183456919902907e+00,2.281646993651520461e-05
1.318338652187038607e+00,2.269668584631290287e-05
1.318493680685100866e+00,2.257831511087715626e-05
1.318648542772117516e+00,2.246123767690733075e-05
1.318803238804963529e+00,2.234424573543947190e-05
1.318957769139368574e+00,2.222822877229191363e-05
1.319112134129918790e+00,2.211409810115583241e-05
1.319266334130064777e+00,2.199862319685053080e-05
1.319420369492123823e+00,2.188458529417403042e-05
1.319574240567287005e+00,2.177131682401522994e-05
1.319727947705622295e+00,2.165779369533993304e-05
1.319881491256079675e+00,2.154525645892135799e-05
1.320034871566497126e+00,2.143294113921001554e-05
1.320188088983603070e+00,2.132102963514626026e-05
1.320341143853024146e+00,2.120975841535255313e-05
1.320494036519286096e+00,2.109934939653612673e-05
1.320646767325821980e+00,2.098991535604000092e-05
1.320799336614975061e+00,2.088125984300859272e-05
1.320951744728002808e+00,2.077292992908041924e-05
1.321103992005083549e+00,2.066547676804475486e-05
1.321256078785318477e+00,2.055814729828853160e-05
1.321408005406738528e+00,2.045139444817323238e-05
1.321559772206306826e+00,2.034555654972791672e-05
1.321711379519925567e+00,2.024080458795651793e-05
1.321862827682438013e+00,2.013586345128715038e-05
1.322014117027634272e+00,2.003162080654874444e-05
1.322165247888255735e+00,1.992740362766198814e-05
1.322316220595998404e+00,1.982407411560416222e-05
1.322467035481519337e+00,1.972136124095413834e-05
1.322617692874438644e+00,1.961912130354903638e-05
1.322768193103345258e+00,1.951626472873613238e-05
1.322918536495800712e+00,1.941518712555989623e-05
1.323068723378343359e+00,1.931353472173213959e-05
1.323218754076493697e+00,1.921158218465279788e-05
1.323368628914756373e+00,1.911089202621951699e-05
1.323518348216627283e+00,1.901262658066116273e-05
1.323667912304594907e+00,1.891433203127235174e-05
1.323817321500146083e+00,1.881563730421476066e-05
1.323966576123770444e+00,1.871810673037543893e-05
1.324115676494963756e+00,1.862090903159696609e-05
1.324264622932231683e+00,1.852356945164501667e-05
1.324413415753094903e+00,1.842838355514686555e-05
1.324562055274092653e+00,1.833271744544617832e-05
1.324710541810786513e+00,1.823801721911877394e-05
1.324858875677765058e+00,1.814397910493426025e-05
1.325007057188647419e+00,1.805082138162106276e-05
1.325155086656086834e+00,1.795772914192639291e-05
1.325302964391776195e+00,1.786566281225532293e-05
1.325450690706449830e+00,1.777349825715646148e-05
1.325598265909889051e+00,1.768228139553684741e-05
1.325745690310925706e+00,1.759202859830111265e-05
1.325892964217445291e+00,1.750109368003904819e-05
1.326040087936391165e+00,1.741141750244423747e-05
1.326187061773770104e+00,1.732193959469441324e-05
1.326333886034652743e+00,1.723288914945442230e-05
1.326480561023180238e+00,1.714418067422229797e-05
1.326627087042567155e+00,1.705640170257538557e-05
1.326773464395104796e+00,1.696891922620125115e-05
1.326919693382164755e+00,1.688154588919132948e-05
1.327065774304204693e+00,1.679526758380234241e-05
1.327211707460768775e+00,1.670913479756563902e-05
1.327357493150493895e+00,1.662365320953540504e-05
1.327503131671113223e+00,1.653825529501773417e-05
1.327648623319457544e+00,1.645423981244675815e-05
1.327793968391461910e+00,1.637000423215795308e-05
1.327939167182167202e+00,1.628625796001870185e-05
1.328084219985724346e+00,1.620307375560514629e-05
1.328229127095398310e+00,1.612010601093061268e-05
1.328373888803571434e+00,1.603830241947434843e-05
1.328518505401745431e+00,1.595636786078102887e-05
1.328662977180548044e+00,1.587510087119881064e-05
1.328807304429733716e+00,1.579386298544704914e-05
1.328951487438188250e+00,1.571287975821178406e-05
1.329095526493932589e+00,1.563310433994047344e-05
1.329239421884125472e+00,1.555353446747176349e-05
1.329383173895067660e+00,1.547460306028369814e-05
1.329526782812204821e+00,1.539513687021099031e-05
1.329670248920130193e+00,1.531722409708891064e-05
1.329813572502590135e+00,1.523928767710458487e-05
1.329956753842485240e+00,1.516118663857923821e-05
1.330099793221875437e+00,1.508366221969481558e-05
1.330242690921981552e+00,1.500723556091543287e-05
1.330385447223190631e+00,1.493096351623535156e-05
1.330528062405057499e+00,1.485482880525523797e-05
1.330670536746308752e+00,1.477998648624634370e-05
1.330812870524846758e+00,1.470439201511908323e-05
1.330955064017751210e+00,1.463030457671266049e-05
1.331097117501283789e+00,1.455541405448457226e-05
1.331239031250891047e+00,1.448198690923163667e-05
1.331380805541207080e+00,1.440845881006680429e-05
1.331522440646057737e+00,1.433511715731583536e-05
1.331663936838462625e+00,1.426243761670775712e-05
1.331805294390639105e+00,1.419018190063070506e-05
1.331946513574005175e+00,1.411798348271986470e-05
1.332087594659182139e+00,1.404689191986108199e-05
1.332228537915998823e+00,1.397577307216124609e-05
1.332369343613493573e+00,1.390430406900122762e-05
1.332510012019917811e+00,1.383405378874158487e-05
1.332650543402739141e+00,1.376374984829453751e-05
1.332790938028644456e+00,1.369415804219897836e-05
1.332931196163542387e+00,1.362488001177553087e-05
1.333071318072567069e+00,1.355594577034935355e-05
1.333211304020081034e+00,1.348753903585020453e-05
1.333351154269677652e+00,1.341885581496171653e-05
1.333490869084184682e+00,1.335110937361605465e-05
1.333630448725667161e+00,1.328375037701334804e-05
1.333769893455429623e+00,1.321623858530074358e-05
1.333909203534020316e+00,1.314962264586938545e-05
1.334048379221233427e+00,1.308294486079830676e-05
1.334187420776111521e+00,1.301718293689191341e-05
1.334326328456949318e+00,1.295134279644116759e-05
1.334465102521295687e+00,1.288559451495530084e-05
1.334603743225957428e+00,1.282047742279246449e-05
1.334742250827001930e+00,1.275602971873013303e-05
1.334880625579759172e+00,1.269150288862874731e-05
1.335018867738825277e+00,1.262788828171323985e-05
1.335156977558065616e+00,1.256381983694154769e-05
1.335294955290616370e+00,1.250036984856706113e-05
1.335432801188889185e+00,1.243714632437331602e-05
1.335570515504572064e+00,1.237478318216744810e-05
1.335708098488633144e+00,1.231219448527554050e-05
1.335845550391323577e+00,1.224999687110539526e-05
1.335982871462179311e+00,1.218866600538603961e-05
1.336120061950024862e+00,1.212707138620316982e-05
1.336257122102975314e+00,1.206617525895126164e-05
1.336394052168439872e+00,1.200512542709475383e-05
1.336530852393122748e+00,1.194494325318373740e-05
1.336667523023028270e+00,1.188436181109864265e-05
1.336804064303461770e+00,1.182452888315310702e-05
1.336940476479032469e+00,1.176459772977977991e-05
1.337076759793657033e+00,1.170537871075794101e-05
1.337212914490560900e+00,1.164585955848451704e-05
1.337348940812281617e+00,1.158729810413205996e-05
1.337484839000671943e+00,1.152843651652801782e-05
1.337620609296901186e+00,1.147020157077349722e-05
1.337756251941458752e+00,1.141254961112281308e-05
1.337891767174155699e+00,1.135438651544973254e-05
1.338027155234128962e+00,1.129744214267702773e-05
1.338162416359842233e+00,1.124001209973357618e-05
1.338297550789089296e+00,1.118402724387124181e-05
1.338432558758996027e+00,1.112736390496138483e-05
1.338567440506023942e+00,1.107098705688258633e-05
1.338702196265970867e+00,1.101519137591822073e-05
1.338836826273975822e+00,1.095991683541797101e-05
1.338971330764518797e+00,1.090486330213025212e-05
1.339105709971425640e+00,1.085020630853250623e-05
1.339239964127868943e+00,1.079505182133289054e-05
1.339374093466370930e+00,1.074058400263311341e-05
1.339508098218805898e+00,1.068682740879012272e-05
1.339641978616402662e+00,1.063349736796226352e-05
1.339775734889747438e+00,1.057971076079411432e-05
1.339909367268784512e+00,1.052671905199531466e-05
1.340042875982820680e+00,1.047353725880384445e-05
1.340176261260526136e+00,1.042127951222937554e-05
1.340309523329938468e+00,1.036902085616020486e-05
1.340442662418462660e+00,1.031665942718973383e-05
1.340575678752875755e+00,1.026484642352443188e-05
1.340708572559327294e+00,1.021338448481401429e-05
1.340841344063342433e+00,1.016207897919230163e-05
1.340973993489825045e+00,1.011100721370894462e-05
1.341106521063058610e+00,1.006040474749170244e-05
1.341238927006708881e+00,1.001012606138829142e-05
1.341371211543826991e+00,9.959787348634563386e-06
1.341503374896850787e+00,9.909449545375537127e-06
1.341635417287607268e+00,9.859619240160100162e-06
1.341767338937315035e+00,9.810037226998247206e-06
1.341899140066586282e+00,9.761019100551493466e-06
1.342030820895428800e+00,9.712055543786846101e-06
1.342162381643249303e+00,9.663524906500242651e-06
1.342293822528854319e+00,9.614808732294477522e-06
1.342425143770452634e+00,9.566452717990614474e-06
1.342556345585658173e+00,9.518773367744870484e-06
1.342687428191491783e+00,9.471319572185166180e-06
1.342818391804382339e+00,9.423537449038121849e-06
1.342949236640171184e+00,9.376197340316139162e-06
1.343079962914111913e+00,9.329085514764301479e-06
1.343210570840873919e+00,9.282356586481910199e-06
1.343341060634544393e+00,9.235972356691490859e-06
1.343471432508629215e+00,9.189885531668551266e-06
1.343601686676056728e+00,9.143881470663473010e-06
1.343731823349178844e+00,9.098179361899383366e-06
1.343861842739773715e+00,9.052544555743224919e-06
1.343991745059046616e+00,9.007198059407528490e-06
1.344121530517633722e+00,8.962279025581665337e-06
1.344251199325602775e+00,8.917301784094888717e-06
1.344380751692455078e+00,8.872556463757064193e-06
1.344510187827129055e+00,8.828405043459497392e-06
1.344639507938001133e+00,8.784249075688421726e-06
1.344768712232887076e+00,8.740238627069629729e-06
1.344897800919045538e+00,8.696662916918285191e-06
1.345026774203178954e+00,8.652801625430583954e-06
1.345155632291436421e+00,8.609747965238057077e-06
1.345284375389414366e+00,8.566574251744896173e-06
1.345413003702159660e+00,8.523574251739773899e-06
1.345541517434171608e+00,8.481388249492738396e-06
1.345669916789402620e+00,8.439226803602650762e-06
1.345798201971262431e+00,8.396718840231187642e-06
1.345926373182616764e+00,8.354929377674125135e-06
1.346054430625792664e+00,8.313272701343521476e-06
1.346182374502578494e+00,8.271601473097689450e-06
1.346310205014225714e+00,8.230343155446462333e-06
1.346437922361451989e+00,8.189334948838222772e-06
1.346565526744441854e+00,8.148422239173669368e-06
1.346693018362849603e+00,8.107556823233608156e-06
1.346820397415799953e+00,8.067078852036502212e-06
1.346947664101891817e+00,8.026721843634732068e-06
1.347074818619197645e+00,7.986845957930199802e-06
1.347201861165267855e+00,7.947166523081250489e-06
1.347328791937130621e+00,7.907251529104541987e-06
1.347455611131294972e+00,7.867907697800546885e-06
1.347582318943751467e+00,7.828519301256164908e-06
1.347708915569975963e+00,7.789373739797156304e-06
1.347835401204928951e+00,7.750511940685100853e-06
1.347961776043059334e+00,7.711983926128596067e-06
1.348088040278304867e+00,7.673563231946900487e-06
1.348214194104095265e+00,7.635144356754608452e-06
1.348340237713353096e+00,7.597186595376115292e-06
1.348466171298494665e+00,7.559363439213484526e-06
1.348591995051434900e+00,7.521536645072046667e-06
1.348717709163584910e+00,7.484065463359002024e-06
1.348843313825857315e+00,7.446808922395575792e-06
1.348968809228665577e+00,7.409455974993761629e-06
1.349094195561927334e+00,7.372668278549099341e-06
1.349219473015065063e+00,7.335973350564017892e-06
1.349344641777008524e+00,7.299583558051381260e-06
1.349469702036196317e+00,7.263445695571135730e-06
1.349594653980576542e+00,7.226909019664162770e-06
1.349719497797610579e+00,7.190792530309408903e-06
1.349844233674272642e+00,7.154977993195643649e-06
1.349968861797052444e+00,7.119236215658020228e-06
1.350093382351957638e+00,7.084039680194109678e-06
1.350217795524513598e+00,7.048730822134530172e-06
1.350342101499766745e+00,7.013614776951726526e-06
1.350466300462285663e+00,6.978832971071824431e-06
1.350590392596162648e+00,6.943951575522078201e-06
1.350714378085014378e+00,6.909221156092826277e-06
1.350838257111986129e+00,6.875071449030656368e-06
1.350962029859750890e+00,6.840781225037062541e-06
1.351085696510511802e+00,6.806724286434473470e-06
1.351209257246004380e+00,6.772667802579235286e-06
1.351332712247497181e+00,6.739049240422900766e-06
1.351456061695793798e+00,6.705418400088092312e-06
1.351579305771234418e+00,6.672147719655185938e-06
1.351702444653698487e+00,6.638932063651736826e-06
1.351825478522603596e+00,6.605887392652221024e-06
1.351948407556909482e+00,6.572917300218250602e-06
1.352071231935119355e+00,6.540145022881915793e-06
1.352193951835279906e+00,6.507307261927053332e-06
1.352316567434984629e+00,6.474866950156865641e-06
1.352439078911374049e+00,6.442816356866387650e-06
1.352561486441138161e+00,6.410617515939520672e-06
1.352683790200517322e+00,6.378333637258037925e-06
1.352805990365304245e+00,6.346525879052933306e-06
1.352928087110845334e+00,6.315025984804378822e-06
1.353050080612042239e+00,6.283727998379617929e-06
1.353171971043352739e+00,6.252437742659822106e-06
1.353293758578793415e+00,6.221319381438661367e-06
1.353415443391940531e+00,6.190250132931396365e-06
1.353537025655931147e+00,6.159440545161487535e-06
1.353658505543464896e+00,6.128620952949859202e-06
1.353779883226806424e+00,6.098241556173888966e-06
1.353901158877784283e+00,6.067612048354931176e-06
1.354022332667796036e+00,6.037396815372630954e-06
1.354143404767806258e+00,6.007298452459508553e-06
1.354264375348349647e+00,5.977593900752253830e-06
1.354385244579533465e+00,5.947605131950695068e-06
1.354506012631035983e+00,5.918099759583128616e-06
1.354626679672110923e+00,5.888509804208297282e-06
1.354747245871587902e+00,5.859131306351628155e-06
1.354867711397872210e+00,5.830027475894894451e-06
1.354988076418949250e+00,5.801052793685812503e-06
1.355108341102383429e+00,5.771996256953570992e-06
1.355228505615320156e+00,5.743416295445058495e-06
1.355348570124488283e+00,5.714857707062037662e-06
1.355468534796200775e+00,5.686291842721402645e-06
1.355588399796355370e+00,5.657837391481734812e-06
1.355708165290437028e+00,5.629664883599616587e-06
1.355827831443518816e+00,5.601564225798938423e-06
1.355947398420263461e+00,5.573657290369737893e-06
1.356066866384924907e+00,5.546221018448704854e-06
1.356186235501348980e+00,5.518428224604576826e-06
1.356305505932974942e+00,5.490833245858084410e-06
1.356424677842837712e+00,5.463517481985036284e-06
1.356543751393568087e+00,5.436449100670870394e-06
1.356662726747394521e+00,5.409403456724248827e-06
1.356781604066144453e+00,5.382544713938841596e-06
1.356900383511245645e+00,5.355709163268329576e-06
1.357019065243727729e+00,5.329023224476259202e-06
1.357137649424222881e+00,5.302612407831475139e-06
1.357256136212967590e+00,5.276284355204552412e-06
1.357374525769803775e+00,5.250111826171632856e-06
1.357492818254180778e+00,5.223829248279798776e-06
1.357611013825155366e+00,5.197884092922322452e-06
1.357729112641393510e+00,5.172337296244222671e-06
1.357847114861172821e+00,5.146555849933065474e-06
1.357965020642381893e+00,5.121003596286755055e-06
1.358082830142522957e+00,5.095580490888096392e-06
1.358200543518712999e+00,5.070040970167610794e-06
1.358318160927683982e+00,5.044962563260924071e-06
1.358435682525785726e+00,5.019849140808219090e-06
1.358553108468985249e+00,4.995155904907733202e-06
1.358670438912870093e+00,4.970358077116543427e-06
1.358787674012647662e+00,4.945574801240582019e-06
1.358904813923147881e+00,4.921206709695979953e-06
1.359021858798823423e+00,4.896701284451410174e-06
1.359138808793751707e+00,4.872527370025636628e-06
1.359255664061635338e+00,4.848342541663441807e-06
1.359372424755804332e+00,4.824342795473057777e-06
1.359489091029216112e+00,4.800624992640223354e-06
1.359605663034457734e+00,4.776755304192192852e-06
1.359722140923746103e+00,4.752930635731900111e-06
1.359838524848930641e+00,4.729457941721193492e-06
1.359954814961492842e+00,4.706204890680965036e-06
1.360071011412548714e+00,4.682821781898383051e-06
1.360187114352848559e+00,4.659707428800174966e-06
1.360303123932780078e+00,4.636620360543020070e-06
1.360419040302367932e+00,4.613657438312657177e-06
1.360534863611275069e+00,4.590861863107420504e-06
1.360650594008805614e+00,4.568390977510716766e-06
1.360766231643903090e+00,4.545674073597183451e-06
1.360881776665153531e+00,4.523264578892849386e-06
1.360997229220787474e+00,4.500813702179584652e-06
1.361112589458678412e+00,4.478662958717904985e-06
1.361227857526345897e+00,4.456323495105607435e-06
1.361343033570956429e+00,4.434366928762756288e-06
1.361458117739323903e+00,4.412429007061291486e-06
1.361573110177911383e+00,4.390692538436269388e-06
1.361688011032831769e+00,4.369038379081757739e-06
1.361802820449850016e+00,4.347399681137176231e-06
1.361917538574381803e+00,4.325996087573003024e-06
1.362032165551497531e+00,4.304601134208496660e-06
1.362146701525921655e+00,4.283443558961153030e-06
1.362261146642034015e+00,4.262325091985985637e-06
1.362375501043871173e+00,4.241496299073332921e-06
1.362489764875127518e+00,4.220450136926956475e-06
1.362603938279156601e+00,4.199549039185512811e-06
1.362718021398971580e+00,4.178793915343703702e-06
1.362832014377246548e+00,4.158114279562141746e-06
1.362945917356317649e+00,4.137632458878215402e-06
1.363059730478184406e+00,4.117133357794955373e-06
1.363173453884510389e+00,4.096961674804333597e-06
1.363287087716624324e+00,4.076795448781922460e-06
1.363400632115521649e+00,4.056636498717125505e-06
1.363514087221864957e+00,4.036508926219539717e-06
1.363627453175984661e+00,4.016695584141416475e-06
1.363740730117881883e+00,3.996820396423572674e-06
1.363853918187226455e+00,3.977145297540118918e-06
1.363967017523361802e+00,3.957477019866928458e-06
1.364080028265302280e+00,3.938097506761550903e-06
1.364192950551736283e+00,3.918704351235646755e-06
1.364305784521027354e+00,3.899402599927270785e-06
1.364418530311213962e+00,3.879965333908330649e-06
1.364531188060011280e+00,3.860929609800223261e-06
1.364643757904812293e+00,3.841888883471256122e-06
1.364756239982688690e+00,3.822913640760816634e-06
1.364868634430391747e+00,3.804135531026986428e-06
1.364980941384353219e+00,3.785359695029910654e-06
1.365093160980686893e+00,3.766632744373055175e-06
1.365205293355188365e+00,3.748001063286210410e-06
1.365317338643337930e+00,3.729664740603766404e-06
1.365429296980299467e+00,3.711169938469538465e-06
1.365541168500922886e+00,3.692932750709587708e-06
1.365652953339744791e+00,3.674832441902253777e-06
1.365764651630989146e+00,3.656763510662131011e-06
1.365876263508568167e+00,3.638809175754431635e-06
1.365987789106083872e+00,3.620916913860128261e-06
1.366099228556828304e+00,3.603012828534701839e-06
1.366210581993785311e+00,3.585184458643198013e-06
1.366321849549630763e+00,3.567601652321172878e-06
1.366433031356733885e+00,3.549981329342699610e-06
1.366544127547157705e+00,3.532524942784220912e-06
1.366655138252661272e+00,3.515247044560965151e-06
1.366766063604698989e+00,3.497872057778295130e-06
1.366876903734422166e+00,3.480696250335313380e-06
1.366987658772680803e+00,3.463511347945313901e-06
1.367098328850023581e+00,3.446541086304932833e-06
1.367208914096697647e+00,3.429653133935062215e-06
1.367319414642653275e+00,3.412778823985718191e-06
1.367429830617540309e+00,3.396025704205385409e-06
1.367540162150711947e+00,3.379237568879034370e-06
1.367650409371224951e+00,3.362610641488572583e-06
1.367760572407840325e+00,3.346064659126568586e-06
1.367870651389023973e+00,3.329744686197955161e-06
1.367980646442948700e+00,3.313394472570507787e-06
1.368090557697493326e+00,3.297041075711604208e-06
1.368200385280245790e+00,3.280764531155000441e-06
1.368310129318502266e+00,3.264631004640250467e-06
1.368419789939268272e+00,3.248660959798144177e-06
1.368529367269260888e+00,3.232633389416150749e-06
1.368638861434908094e+00,3.216792720195371658e-06
1.368748272562349655e+00,3.200905666744802147e-06
1.368857600777440009e+00,3.185297373420326039e-06
1.368966846205746268e+00,3.169583123963093385e-06
1.369076008972551328e+00,3.154036448904662393e-06
1.369185089202853645e+00,3.138516603939933702e-06
1.369294087021368567e+00,3.123285296169342473e-06
1.369403002552528559e+00,3.107828888460062444e-06
1.369511835920485199e+00,3.092578481300733984e-06
1.369620587249108734e+00,3.077443125221179798e-06
1.369729256661988970e+00,3.062338691961485893e-06
1.369837844282438155e+00,3.047328846150776371e-06
1.369946350233488763e+00,3.032383574463892728e-06
1.370054774637897266e+00,3.017584276676643640e-06
1.370163117618142357e+00,3.002772700710920617e-06
1.370271379296427616e+00,2.987978859891882166e-06
1.370379559794681734e+00,2.973366463265847415e-06
1.370487659234558953e+00,2.958765435323584825e-06
1.370595677737440621e+00,2.944209882116410881e-06
1.370703615424435640e+00,2.929871925516636111e-06
1.370811472416381349e+00,2.915560344263212755e-06
1.370919248833843529e+00,2.901278548961272463e-06
1.371026944797119063e+00,2.886973106797086075e-06
1.371134560426234827e+00,2.872917320928536355e-06
1.371242095840949915e+00,2.858823563656187616e-06
1.371349551160754965e+00,2.844861910489271395e-06
1.371456926504874829e+00,2.830867288139415905e-06
1.371564221992267241e+00,2.817088898154906929e-06
1.371671437741625921e+00,2.803120196404051967e-06
1.371778573871379470e+00,2.789392965496517718e-06
1.371885630499692699e+00,2.775793291220907122e-06
1.371992607744468184e+00,2.762070153039530851e-06
1.372099505723345381e+00,2.748579845501808450e-06
1.372206324553703727e+00,2.735035195655655116e-06
1.372313064352661538e+00,2.721768623814568855e-06
1.372419725237076893e+00,2.708427473407937214e-06
1.372526307323549410e+00,2.695143393793841824e-06
1.372632810728420472e+00,2.681930709513835609e-06
1.372739235567773886e+00,2.668829665708472021e-06
1.372845581957437000e+00,2.655854814292979427e-06
1.372951850012980479e+00,2.642937033670023084e-06
1.373058039849720746e+00,2.630011749715777114e-06
1.373164151582718873e+00,2.617193331388989463e-06
1.373270185326783022e+00,2.604413566587027162e-06
1.373376141196468003e+00,2.591714746813522652e-06
1.373482019306076607e+00,2.579076635811361484e-06
1.373587819769659379e+00,2.566471721365815029e-06
1.373693542701017289e+00,2.553989361331332475e-06
1.373799188213700617e+00,2.541570665925974026e-06
1.373904756421010731e+00,2.529169250919949263e-06
1.374010247436000087e+00,2.516776021366240457e-06
1.374115661371473340e+00,2.504415533621795475e-06
1.374220998339988231e+00,2.492149178578983992e-06
1.374326258453856475e+00,2.479978547853534110e-06
1.374431441825143541e+00,2.467874764988664538e-06
1.374536548565670202e+00,2.455841240589506924e-06
1.374641578787012763e+00,2.443812263663858175e-06
1.374746532600504612e+00,2.431986104056704789e-06
1.374851410117235773e+00,2.420154260107665323e-06
1.374956211448054466e+00,2.408337195447529666e-06
1.375060936703567771e+00,2.396641320956405252e-06
1.375165585994141182e+00,2.384988420089939609e-06
1.375270159429901051e+00,2.373340066696982831e-06
1.375374657120733923e+00,2.361718543397728354e-06
1.375479079176287867e+00,2.350295972064486705e-06
1.375583425705973584e+00,2.338783360755769536e-06
1.375687696818963746e+00,2.327431730009266175e-06
1.375791892624194990e+00,2.316137170055299066e-06
1.375896013230367476e+00,2.304968347743852064e-06
1.376000058745947108e+00,2.293781562912045047e-06
1.376104029279164642e+00,2.282592959090834484e-06
1.376207924938016802e+00,2.271509401907678694e-06
1.376311745830268274e+00,2.260431301692733541e-06
1.376415492063449708e+00,2.249526460218476132e-06
1.376519163744861052e+00,2.238579781987937167e-06
1.376622760981570881e+00,2.227620370831573382e-06
1.376726283880417290e+00,2.216777829744387418e-06
1.376829732548008112e+00,2.206087856393423863e-06
1.376933107090722475e+00,2.195348315581213683e-06
1.377036407614710800e+00,2.184699042118154466e-06
1.377139634225895914e+00,2.174085238948464394e-06
1.377242787029973048e+00,2.163592853321461007e-06
1.377345866132411389e+00,2.153059767806553282e-06
1.377448871638453642e+00,2.142647417713305913e-06
1.377551803653117357e+00,2.132300778612261638e-06
1.377654662281196041e+00,2.122022124240174890e-06
1.377757447627258269e+00,2.111811681970721111e-06
1.377860159795650352e+00,2.101549171129590832e-06
1.377962798890495000e+00,2.091347596433479339e-06
1.378065365015693322e+00,2.081249931507045403e-06
1.378167858274924606e+00,2.071199105557752773e-06
1.378270278771647872e+00,2.061145551124354824e-06
1.378372626609101870e+00,2.051169531114283018e-06
1.378474901890304860e+00,2.041247853412642144e-06
1.378577104718057500e+00,2.031383246503537521e-06
1.378679235194941066e+00,2.021492264248081483e-06
1.378781293423319898e+00,2.011733158724382520e-06
1.378883279505340731e+00,2.001933353312779218e-06
1.378985193542934029e+00,1.992300440178951249e-06
1.379087035637814429e+00,1.982617050089174882e-06
1.379188805891480962e+00,1.973062353499699384e-06
1.379290504405218831e+00,1.963498789336881600e-06
1.379392131280098521e+00,1.954045956154004671e-06
1.379493686616976911e+00,1.944616542459698394e-06
1.379595170516498825e+00,1.935189857249497436e-06
1.379696583079095706e+00,1.925869810293079354e-06
1.379797924404988718e+00,1.916502469612169079e-06
1.379899194594186973e+00,1.907271666823362466e-06
1.380000393746489529e+00,1.898075879580574110e-06
1.380101521961485611e+00,1.888962515295133926e-06
1.380202579338554614e+00,1.879824480965908151e-06
1.380303565976867874e+00,1.870759206212824211e-06
1.380404481975388675e+00,1.861710188677534461e-06
1.380505327432872242e+00,1.852726541073934641e-06
1.380606102447867078e+00,1.843780182753107511e-06
1.380706807118715629e+00,1.834915337894926779e-06
1.380807441543553837e+00,1.826094603529782034e-06
1.380908005820313367e+00,1.817216343624750152e-06
1.381008500046720266e+00,1.808449383133847732e-06
1.381108924320296971e+00,1.799736423890863080e-06
1.381209278738362745e+00,1.791077124835283030e-06
1.381309563398033458e+00,1.782490585355844814e-06
1.381409778396222920e+00,1.773894837242551148e-06
1.381509923829642217e+00,1.765289539434888866e-06
1.381609999794802590e+00,1.756822371135058347e-06
1.381710006388013445e+00,1.748351110109069850e-06
1.381809943705384569e+00,1.739990352689346764e-06
1.381909811842826130e+00,1.731617885525338352e-06
1.382009610896049123e+00,1.723278842291620094e-06
1.382109340960565813e+00,1.714915356387791689e-06
1.382209002131691067e+00,1.706654870758939069e-06
1.382308594504542132e+00,1.698465439403662458e-06
1.382408118174039302e+00,1.690318981673044618e-06
1.382507573234906584e+00,1.682235847511037719e-06
1.382606959781672584e+00,1.674100303716841154e-06
1.382706277908669845e+00,1.666122784627077635e-06
1.382805527710037286e+00,1.658107066759839654e-06
1.382904709279718869e+00,1.650123749641352333e-06
1.383003822711464936e+00,1.642197503315401264e-06
1.383102868098833538e+00,1.634295813346398063e-06
1.383201845535189545e+00,1.626428911549737677e-06
1.383300755113705316e+00,1.618627948118955828e-06
1.383399596927363140e+00,1.610873596291639842e-06
1.383498371068953015e+00,1.603242026249063201e-06
1.383597077631074646e+00,1.595481762706185691e-06
1.383695716706138779e+00,1.587801307323388755e-06
1.383794288386365645e+00,1.580165758241491858e-06
1.383892792763786961e+00,1.572630253576789983e-06
1.383991229930246147e+00,1.565113279866636731e-06
1.384089599977398333e+00,1.557580162625527009e-06
1.384187902996712793e+00,1.550106844661058858e-06
1.384286139079469402e+00,1.542689460620749742e-06
1.384384308316763956e+00,1.535339038127858657e-06
1.384482410799505514e+00,1.527929157418839168e-06
1.384580446618417504e+00,1.520599653304088861e-06
1.384678415864039280e+00,1.513306870037922636e-06
1.384776318626725011e+00,1.506111630078521557e-06
1.384874154996646123e+00,1.498908886787830852e-06
1.384971925063789522e+00,1.491690113653021399e-06
1.385069628917960483e+00,1.484515678384923376e-06
1.385167266648780648e+00,1.477430942031787708e-06
1.385264838345690919e+00,1.470375764256459661e-06
1.385362344097950338e+00,1.463287389924516901e-06
1.385459783994637428e+00,1.456257564314000774e-06
1.385557158124649968e+00,1.449305159439973067e-06
1.385654466576705657e+00,1.442319785383006092e-06
1.385751709439343671e+00,1.435443437003414147e-06
1.385848886800923330e+00,1.428549126103462186e-06
1.385945998749626318e+00,1.421678689439431764e-06
1.386043045373455573e+00,1.414900452800793573e-06
1.386140026760237287e+00,1.408144385095511097e-06
1.386236942997620236e+00,1.401410372636746615e-06
1.386333794173076672e+00,1.394690002598508727e-06
1.386430580373902766e+00,1.388041710015386343e-06
1.386527301687219715e+00,1.381325091642793268e-06
1.386623958199972639e+00,1.374768316964036785e-06
1.386720549998933016e+00,1.368202219964587130e-06
1.386817077170697354e+00,1.361690124213055242e-06
1.386913539801688744e+00,1.355196332042396534e-06
1.387009937978156859e+00,1.348710839010891505e-06
1.387106271786179512e+00,1.342318000752129592e-06
1.387202541311660653e+00,1.335880824626656249e-06
1.387298746640333702e+00,1.329524138782289810e-06
1.387394887857760217e+00,1.323153014709532727e-06
1.387490965049330560e+00,1.316840211984526832e-06
1.387586978300264784e+00,1.310571974499907810e-06
1.387682927695613300e+00,1.304321585848811083e-06
1.387778813320256432e+00,1.298129632232303265e-06
1.387874635258905309e+00,1.291946773562813178e-06
1.387970393596102747e+00,1.285747885049204342e-06
1.388066088416223476e+00,1.279628236261487473e-06
1.388161719803474137e+00,1.273548150493297726e-06
1.388257287841893506e+00,1.267491597900516354e-06
1.388352792615354270e+00,1.261411625819164328e-06
1.388448234207562804e+00,1.255440565728349611e-06
1.388543612702058283e+00,1.249437218575621955e-06
1.388638928182215793e+00,1.243502879333391320e-06
1.388734180731244328e+00,1.237575588675099425e-06
1.388829370432188348e+00,1.231661372003145516e-06
1.388924497367928002e+00,1.225850155606167391e-06
1.389019561621179788e+00,1.219976184074766934e-06
1.389114563274497005e+00,1.214245457958895713e-06
1.389209502410269081e+00,1.208401272378978319e-06
1.389304379110723797e+00,1.202678504341747612e-06
1.389399193457926618e+00,1.196969151351368055e-06
1.389493945533781138e+00,1.191274463963054586e-06
1.389588635420029750e+00,1.185597284347750247e-06
1.389683263198253860e+00,1.179976834464468993e-06
1.389777828949874783e+00,1.174384806290618144e-06
1.389872332756153739e+00,1.168799485640192870e-06
1.389966774698191854e+00,1.163235765488934703e-06
1.390061154856931935e+00,1.157737301582528744e-06
1.390155473313156920e+00,1.152227696366026066e-06
1.390249730147492979e+00,1.146762542703072540e-06
1.390343925440406858e+00,1.141313646257913206e-06
1.390438059272208760e+00,1.135936713581031654e-06
1.390532131723051013e+00,1.130592067966063041e-06
1.390626142872929849e+00,1.125221388065256178e-06
1.390720092801684959e+00,1.119854687203769572e-06
1.390813981589000603e+00,1.114543920266442001e-06
1.390907809314404942e+00,1.109287040890194476e-06
1.391001576057271150e+00,1.104053353628842160e-06
1.391095281896818081e+00,1.098803863897046540e-06
1.391188926912110269e+00,1.093612013391975779e-06
1.391282511182057702e+00,1.088378439817461185e-06
1.391376034785418492e+00,1.083285155800695065e-06
1.391469497800795985e+00,1.078152081390726380e-06
1.391562900306641648e+00,1.073058911060797982e-06
1.391656242381254405e+00,1.067984726432769094e-06
1.391749524102781965e+00,1.062953288055723533e-06
1.391842745549219496e+00,1.057902750289940741e-06
1.391935906798412281e+00,1.052845391313894652e-06
1.392029007928053508e+00,1.047897171702061314e-06
1.392122049015687146e+00,1.042992607835913077e-06
1.392215030138706844e+00,1.038077016346505843e-06
1.392307951374356811e+00,1.033158127938804682e-06
1.392400812799731824e+00,1.028272436087718233e-06
1.392493614491778553e+00,1.023422555590514094e-06
1.392586356527294233e+00,1.018598595692310482e-06
1.392679038982928663e+00,1.013795667859085370e-06
1.392771661935184868e+00,1.009019683806400280e-06
1.392864225460416661e+00,1.004288378680939786e-06
1.392956729634832636e+00,9.995819709729403257e-07
1.393049174534494394e+00,9.948972774509456940e-07
1.393141560235316989e+00,9.902001920636394061e-07
1.393233886813070477e+00,9.855430107563734055e-07
1.393326154343379031e+00,9.809173207031562924e-07
1.393418362901721830e+00,9.763118669070536271e-07
1.393510512563433723e+00,9.717463171909912489e-07
1.393602603403705009e+00,9.672198757471051067e-07
1.393694635497582102e+00,9.626774044591002166e-07
1.393786608919968195e+00,9.581557378623983823e-07
1.393878523745622822e+00,9.536690868117148057e-07
1.393970380049163182e+00,9.492212029726943001e-07
1.394062177905063926e+00,9.447534807804913726e-07
1.394153917387657371e+00,9.403044032296747901e-07
1.394245598571134170e+00,9.359239356854232028e-07
1.394337221529543980e+00,9.315557463196455501e-07
1.394428786336795456e+00,9.272220040656975470e-07
1.394520293066656258e+00,9.228618296219792683e-07
1.394611741792753490e+00,9.185580438497709110e-07
1.394703132588575256e+00,9.142706289821944665e-07
1.394794465527469329e+00,9.099837825488066301e-07
1.394885740682644926e+00,9.057435477188846562e-07
1.394976958127171596e+00,9.015122941491426900e-07
1.395068117933980778e+00,8.973205467555089854e-07
1.395159220175866244e+00,8.931129968914319761e-07
1.395250264925482764e+00,8.889529681255226023e-07
1.395341252255348774e+00,8.847920298649114557e-07
1.395432182237845264e+00,8.806934488347906154e-07
1.395523054945216002e+00,8.765750294514873531e-07
1.395613870449569083e+00,8.724954341232660227e-07
1.395704628822875826e+00,8.684287422511260957e-07
1.395795330136971879e+00,8.643576165923150256e-07
1.395885974463558110e+00,8.603616379332379438e-07
1.395976561874199717e+00,8.563206392864231020e-07
1.396067092440327118e+00,8.523380188307783101e-07
1.396157566233237057e+00,8.483631290800985880e-07
1.396247983324091724e+00,8.444117725048272405e-07
1.396338343783919189e+00,8.405015705648111179e-07
1.396428647683614965e+00,8.366073416254948825e-07
1.396518895093940893e+00,8.327024261234328151e-07
1.396609086085526474e+00,8.288096751130069606e-07
1.396699220728868873e+00,8.249763823187095113e-07
1.396789299094332693e+00,8.211134172597667202e-07
1.396879321252151307e+00,8.172762591129867360e-07
1.396969287272426641e+00,8.134702511597424746e-07
1.397059197225129612e+00,8.097035788523498923e-07
1.397149051180099910e+00,8.059419087658170611e-07
1.397238849207047329e+00,8.021913231459620874e-07
1.397328591375551321e+00,7.984538683558639605e-07
1.397418277755061444e+00,7.947531912577687763e-07
1.397507908414898692e+00,7.910774684205534868e-07
1.397597483424253717e+00,7.873827598814386874e-07
1.397687002852189275e+00,7.837346629457897507e-07
1.397776466767638670e+00,7.801209562785516027e-07
1.397865875239408417e+00,7.764849669911200181e-07
1.397955228336176026e+00,7.728801847406430170e-07
1.398044526126491993e+00,7.692866574871004559e-07
1.398133768678779365e+00,7.657557716811425053e-07
1.398222956061334621e+00,7.621823669978766702e-07
1.398312088342327453e+00,7.586675678794563282e-07
1.398401165589800987e+00,7.551494149993231986e-07
1.398490187871673118e+00,7.516488267356180586e-07
1.398579155255735618e+00,7.481802413167315535e-07
1.398668067809654358e+00,7.447281404893146828e-07
1.398756925600971535e+00,7.412545528495684266e-07
1.398845728697103663e+00,7.378577038252842613e-07
1.398934477165342916e+00,7.344467576331226155e-07
1.399023171072857341e+00,7.310748628697183449e-07
1.399111810486691754e+00,7.276704536707256921e-07
1.399200395473766845e+00,7.243112349897273816e-07
1.399288926100880293e+00,7.209318937384523451e-07
1.399377402434706985e+00,7.175964356065378524e-07
1.399465824541799019e+00,7.142711524465994444e-07
1.399554192488586146e+00,7.109794069037889130e-07
1.399642506341376880e+00,7.077010764078295324e-07
1.399730766166357165e+00,7.044260996735829394e-07
1.399818972029591491e+00,7.011632874309725594e-07
1.399907123997023550e+00,6.979618660807318520e-07
1.399995222134477135e+00,6.947336714802077040e-07
1.400083266507653690e+00,6.915508379279344808e-07
1.400171257182135642e+00,6.883409469082835130e-07
1.400259194223385739e+00,6.851817033748375252e-07
1.400347077696746156e+00,6.820475846325280145e-07
1.400434907667440276e+00,6.788983455408015288e-07
1.400522684200572243e+00,6.757992423445102759e-07
1.400610407361128074e+00,6.726833703396550845e-07
1.400698077213974102e+00,6.696029686281690374e-07
1.400785693823859646e+00,6.665292175966897048e-07
1.400873257255415227e+00,6.634622877754736692e-07
1.400960767573154575e+00,6.604323061765171587e-07
1.401048224841473511e+00,6.573862378900230397e-07
1.401135629124651061e+00,6.543679660353518557e-07
1.401222980486849234e+00,6.513918719974753913e-07
1.401310278992113911e+00,6.483946322077827062e-07
1.401397524704374842e+00,6.454059757743380032e-07
1.401484717687444981e+00,6.424363050427928101e-07
1.401571858005023152e+00,6.395296736627642531e-07
1.401658945720691385e+00,6.365831950461142696e-07
1.401745980897917576e+00,6.336664455375284888e-07
1.401832963600054160e+00,6.307781177383731119e-07
1.401919893890339663e+00,6.278830255723732989e-07
1.402006771831898257e+00,6.250007231756171677e-07
1.402093597487739540e+00,6.221434318831597921e-07
1.402180370920759866e+00,6.192943260430183727e-07
1.402267092193742348e+00,6.164722208268358372e-07
1.402353761369356855e+00,6.136379511190170888e-07
1.402440378510160013e+00,6.108466550358571112e-07
1.402526943678596316e+00,6.080433649913175032e-07
1.402613456936997460e+00,6.052906087461451534e-07
1.402699918347583452e+00,6.025201173542882316e-07
1.402786327972462610e+00,5.997499670229444746e-07
1.402872685873630898e+00,5.970397296550800093e-07
1.402958992112974368e+00,5.943037422184715979e-07
1.403045246752266495e+00,5.916016334595042281e-07
1.403131449853171286e+00,5.888946930099336896e-07
1.403217601477241727e+00,5.862178795723593794e-07
1.403303701685920668e+00,5.835414640387170948e-07
1.403389750540541048e+00,5.809008598589571193e-07
1.403475748102326337e+00,5.782422931588371284e-07
1.403561694432389872e+00,5.756040764026693068e-07
1.403647589591736633e+00,5.729797862841223832e-07
1.403733433641262573e+00,5.703728902517468669e-07
1.403819226641754625e+00,5.677838998963125050e-07
1.403904968653891583e+00,5.651936021422443446e-07
1.403990659738244107e+00,5.626213805953739211e-07
1.404076299955274720e+00,5.600691679319425020e-07
1.404161889365338922e+00,5.575300292548490688e-07
1.404247428028684297e+00,5.550162427425675560e-07
1.404332916005451626e+00,5.524934181266871747e-07
1.404418353355674665e+00,5.499811095432960428e-07
1.404503740139281254e+00,5.474661861626373138e-07
1.404589076416091320e+00,5.449947479974071030e-07
1.404674362245820207e+00,5.425322910923568998e-07
1.404759597688077122e+00,5.400688110057672020e-07
1.404844782802365133e+00,5.376151079872215632e-07
1.404929917648082283e+00,5.351860181690426543e-07
1.405015002284522030e+00,5.327821099854190834e-07
1.405100036770871919e+00,5.303370471665402874e-07
1.405185021166215353e+00,5.279443939798511565e-07
1.405269955529532266e+00,5.255483301880303770e-07
1.405354839919697119e+00,5.231735258348635398e-07
1.405439674395481342e+00,5.208180482441093773e-07
1.405524459015552452e+00,5.184525662116357125e-07
1.405609193838474269e+00,5.160939622328442056e-07
1.405693878922708917e+00,5.137661673870752566e-07
1.405778514326613493e+00,5.114567329655983485e-07
1.405863100108444286e+00,5.091400225865072571e-07
1.405947636326354111e+00,5.068476411906885915e-07
1.406032123038393866e+00,5.045562829764094204e-07
1.406116560302512752e+00,5.022811251365055796e-07
1.406200948176558496e+00,5.000136980015668087e-07
1.406285286718276240e+00,4.977331968802900519e-07
1.406369575985311426e+00,4.954760584041650873e-07
1.406453816035207138e+00,4.932495585308060981e-07
1.406538006925406759e+00,4.910231723442848306e-07
1.406622148713252418e+00,4.887880322712589987e-07
1.406706241455986994e+00,4.865894425165606663e-07
1.406790285210751890e+00,4.844069394493999425e-07
1.406874280034589697e+00,4.822253458769409917e-07
1.406958225984443533e+00,4.800486976819229312e-07
1.407042123117156596e+00,4.778847824127296917e-07
1.407125971489472827e+00,4.757308147418370936e-07
1.407209771158038247e+00,4.735971685931872344e-07
1.407293522179399625e+00,4.714683825568499742e-07
1.407377224610004696e+00,4.693462756222288590e-07
1.407460878506204383e+00,4.672392606153152883e-07
1.407544483924250578e+00,4.651245717468555085e-07
1.407628040920297918e+00,4.630488490420248127e-07
1.407711549550402896e+00,4.609781854014727287e-07
1.407795009870525860e+00,4.588947888350958237e-07
1.407878421936529012e+00,4.568466067667031894e-07
1.407961785804177968e+00,4.547970888779673260e-07
1.408045101529142418e+00,4.527603323367657140e-07
1.408128369166994798e+00,4.507356266003625933e-07
1.408211588773211620e+00,4.487079081627598498e-07
1.408294760403173473e+00,4.467114536055305507e-07
1.408377884112165690e+00,4.447236392479680944e-07
1.408460959955377678e+00,4.427452040545176715e-07
1.408543987987902923e+00,4.407635572079016129e-07
1.408626968264741208e+00,4.387891294754808769e-07
1.408709900840796614e+00,4.368251893538399599e-07
1.408792785770878409e+00,4.348814854893134907e-07
1.408875623109701936e+00,4.329569094352336833e-07
1.408958412911888169e+00,4.310068675295042340e-07
1.409041155231964160e+00,4.290922959171439288e-07
1.409123850124363253e+00,4.271863929261598969e-07
1.409206497643424871e+00,4.252863448073185282e-07
1.409289097843395844e+00,4.233887693771976046e-07
1.409371650778428631e+00,4.215062858747842256e-07
1.409454156502584432e+00,4.196489271635073237e-07
1.409536615069830079e+00,4.177776418146095239e-07
1.409619026534041364e+00,4.159331297159951646e-07
1.409701390949000821e+00,4.140854912293434609e-07
1.409783708368399280e+00,4.122351242585864384e-07
1.409865978845835865e+00,4.103949322598055005e-07
1.409948202434817555e+00,4.085735554326674901e-07
1.410030379188760508e+00,4.067562713316874579e-07
1.410112509160989402e+00,4.049590245358558604e-07
1.410194592404737435e+00,4.031639662116504041e-07
1.410276628973148316e+00,4.013793102330964757e-07
1.410358618919273166e+00,3.996037207798508462e-07
1.410440562296074729e+00,3.978384484071284533e-07
1.410522459156424047e+00,3.960648200518335216e-07
1.410604309553103120e+00,3.943031288144993596e-07
1.410686113538803799e+00,3.925709961549728177e-07
1.410767871166128007e+00,3.908320991286018398e-07
1.410849582487588849e+00,3.891076119089120766e-07
1.410931247555609946e+00,3.873901732731610537e-07
1.411012866422526102e+00,3.856839612126350403e-07
1.411094439140583523e+00,3.839763849100563675e-07
1.411175965761938933e+00,3.822743224191071931e-07
1.411257446338662014e+00,3.805933488365553785e-07
1.411338880922733630e+00,3.789122331454564119e-07
1.411420269566046271e+00,3.772379386646207422e-07
1.411501612320405163e+00,3.755698116947314702e-07
1.411582909237527828e+00,3.739180556294741109e-07
1.411664160369044518e+00,3.722756787283287849e-07
1.411745365766498006e+00,3.706277027504256694e-07
1.411826525481344685e+00,3.690006451506633312e-07
1.411907639564953021e+00,3.673756054922705516e-07
1.411988708068606435e+00,3.657611387097858824e-07
1.412069731043500198e+00,3.641527541731193196e-07
1.412150708540744981e+00,3.625511908467160538e-07
1.412231640611364636e+00,3.609569034779269714e-07
1.412312527306296861e+00,3.593780775190680288e-07
1.412393368676394534e+00,3.577885365757538239e-07
1.412474164772425045e+00,3.562192887329729274e-07
1.412554915645069409e+00,3.546448965607851278e-07
1.412635621344924930e+00,3.530945207330660196e-07
1.412716281922503425e+00,3.515365278872195631e-07
1.412796897428232112e+00,3.499968102005368564e-07
1.412877467912453833e+00,3.484531703179527540e-07
1.412957993425426828e+00,3.469265266176080331e-07
1.413038474017325186e+00,3.454069315012020525e-07
1.413118909738239948e+00,3.438804583311139140e-07
1.413199300638177558e+00,3.423713792471971828e-07
1.413279646767060971e+00,3.408848670005681925e-07
1.413359948174729652e+00,3.393845418031560257e-07
1.413440204910941134e+00,3.378993937985796947e-07
1.413520417025368126e+00,3.364117446835734881e-07
1.413600584567601848e+00,3.349423423060216010e-07
1.413680707587150254e+00,3.334721156988962321e-07
1.413760786133439140e+00,3.320114672078489093e-07
1.413840820255811925e+00,3.305705718048557173e-07
1.413920810003530315e+00,3.291237362645915709e-07
1.414000755425773415e+00,3.276836366694624303e-07
1.414080656571639061e+00,3.262588279540068470e-07
1.414160513490143600e+00,3.248354119023133535e-07
1.414240326230222111e+00,3.234251835237955675e-07
1.414320094840727737e+00,3.220221174160542432e-07
1.414399819370433908e+00,3.206159249202755746e-07
1.414479499868032120e+00,3.192151041275792522e-07
1.414559136382133930e+00,3.178350880261859857e-07
1.414638728961270076e+00,3.164516897413705010e-07
1.414718277653890910e+00,3.150709062538226135e-07
1.414797782508367296e+00,3.137041630907333456e-07
1.414877243572989496e+00,3.123437295471376274e-07
1.414956660895968277e+00,3.109870476691867225e-07
1.415036034525434694e+00,3.096271825597796123e-07
1.415115364509441198e+00,3.082930675191164482e-07
1.415194650895959860e+00,3.069476122163905529e-07
1.415273893732884369e+00,3.056244963772769552e-07
1.415353093068029366e+00,3.043011815861973446e-07
1.415432248949130667e+00,3.029819595212757122e-07
1.415511361423845926e+00,3.016666028088366147e-07
1.415590430539754196e+00,3.003676170010294300e-07
1.415669456344356369e+00,2.990742871133988956e-07
1.415748438885074956e+00,2.977888300392805832e-07
1.415827378209255860e+00,2.965032308566151187e-07
1.415906274364165496e+00,2.952229749553225702e-07
1.415985127396993892e+00,2.939448506822373020e-07
1.416063937354854252e+00,2.926803404079691973e-07
1.416142704284781173e+00,2.914223387051606551e-07
1.416221428233733315e+00,2.901675770772271790e-07
1.416300109248591843e+00,2.889224504087906098e-07
1.416378747376162206e+00,2.876815301533497404e-07
1.416457342663172358e+00,2.864483974462928018e-07
1.416535895156274538e+00,2.852127636288059875e-07
1.416614404902044599e+00,2.839918806785135530e-07
1.416692871946982235e+00,2.827760283707903000e-07
1.416771296337511643e+00,2.815556001678487519e-07
1.416849678119981304e+00,2.803506333748373436e-07
1.416928017340663537e+00,2.791418296510528307e-07
1.417006314045756721e+00,2.779526937501941575e-07
1.417084568281382628e+00,2.767640125966863707e-07
1.417162780093588648e+00,2.755741661530919373e-07
1.417240949528347560e+00,2.744046128100308124e-07
1.417319076631556873e+00,2.732340362854301929e-07
1.417397161449040155e+00,2.720621523621957749e-07
1.417475204026546365e+00,2.709016371227335185e-07
1.417553204409749856e+00,2.697463514778064564e-07
1.417631162644251486e+00,2.685891900000569876e-07
1.417709078775578169e+00,2.674415213732572738e-07
1.417786952849182658e+00,2.663014697645849083e-07
1.417864784910444875e+00,2.651602812875353266e-07
1.417942575004670802e+00,2.640286709265637910e-07
1.418020323177092923e+00,2.629144830734730931e-07
1.418098029472871335e+00,2.617931329496059334e-07
1.418175693937093085e+00,2.606751081657421310e-07
1.418253316614771720e+00,2.595648140868433984e-07
1.418330897550849068e+00,2.584662865956488531e-07
1.418408436790193461e+00,2.573655422111187363e-07
1.418485934377602620e+00,2.562741769907006528e-07
1.418563390357800325e+00,2.551827549268637085e-07
1.418640804775439079e+00,2.540990351462824037e-07
1.418718177675099890e+00,2.530262008804129437e-07
1.418795509101291819e+00,2.519554129776224727e-07
1.418872799098451543e+00,2.508869840767147252e-07
1.418950047710945794e+00,2.498265700978663517e-07
1.419027254983069586e+00,2.487586243660189211e-07
1.419104420959046431e+00,2.477053442362375790e-07
1.419181545683028789e+00,2.466591126903949771e-07
1.419258629199099175e+00,2.456203276324231410e-07
1.419335671551268829e+00,2.445875111334316898e-07
1.419412672783478824e+00,2.435473618334071944e-07
1.419489632939599844e+00,2.425241518722032197e-07
1.419566552063432407e+00,2.415042672510026023e-07
1.419643430198706868e+00,2.404861447757866699e-07
1.419720267389083856e+00,2.394684770479216240e-07
1.419797063678154059e+00,2.384569484092935454e-07
1.419873819109439106e+00,2.374581526964902878e-07
1.419950533726390463e+00,2.364547384559045895e-07
1.420027207572391204e+00,2.354641708279814338e-07
1.420103840690754460e+00,2.344720115843301755e-07
1.420180433124724750e+00,2.334897857281248434e-07
1.420256984917477761e+00,2.325040924233690021e-07
1.420333496112120120e+00,2.315311178335832665e-07
1.420409966751690733e+00,2.305549458014866104e-07
1.420486396879159230e+00,2.295925014550448395e-07
1.420562786537427513e+00,2.286336666657007299e-07
1.420639135769329098e+00,2.276786119637108641e-07
1.420715444617629553e+00,2.267270389211262227e-07
1.420791713125026945e+00,2.257728368704192690e-07
1.420867941334151396e+00,2.248303019314334961e-07
1.420944129287565083e+00,2.238860474790271837e-07
1.421020277027764012e+00,2.229545259524456924e-07
1.421096384597175355e+00,2.220226633653510362e-07
1.421172452038160339e+00,2.210921650203090394e-07
1.421248479393013131e+00,2.201710600502337911e-07
1.421324466703959954e+00,2.192537635892222170e-07
1.421400414013161972e+00,2.183383855935971951e-07
1.421476321362712403e+00,2.174352289330272470e-07
1.421552188794638960e+00,2.165261605568957748e-07
1.421628016350902746e+00,2.156247660423105117e-07
1.421703804073398913e+00,2.147203588265256258e-07
1.421779552003956004e+00,2.138274197704959079e-07
1.421855260184337721e+00,2.129351486246378045e-07
1.421930928656241377e+00,2.120583530995645560e-07
1.422006557461298559e+00,2.111781611802143743e-07
1.422082146641075795e+00,2.102986798035999527e-07
1.422157696237074553e+00,2.094257780527186696e-07
1.422233206290730578e+00,2.085590722344932146e-07
1.422308676843414776e+00,2.076954501717409585e-07
1.422384107936433217e+00,2.068292559442852507e-07
1.422459499611026912e+00,2.059718156033341074e-07
1.422534851908373144e+00,2.051184253559767967e-07
1.422610164869583693e+00,2.042716005234979093e-07
1.422685438535706393e+00,2.034248609561473131e-07
1.422760672947724903e+00,2.025922327675289125e-07
1.422835868146559157e+00,2.017439868495785049e-07
1.422911024173064032e+00,2.009212067832777393e-07
1.422986141068031563e+00,2.000856795802974375e-07
1.423061218872190059e+00,1.992612226331402780e-07
1.423136257626204104e+00,1.984382151931640692e-07
1.423211257370674110e+00,1.976220573851605877e-07
1.423286218146138760e+00,1.968107028460508445e-07
1.423361139993072122e+00,1.960009399226692040e-07
1.423436022951886315e+00,1.951906796193725313e-07
1.423510867062929730e+00,1.943875815868523205e-07
1.423585672366488364e+00,1.935896278837390128e-07
1.423660438902785819e+00,1.927976001070419443e-07
1.423735166711982636e+00,1.920053449566694326e-07
1.423809855834177407e+00,1.912167419959587278e-07
1.423884506309406328e+00,1.904335107383303693e-07
1.423959118177643646e+00,1.896565322567766998e-07
1.424033691478801433e+00,1.888783458525722381e-07
1.424108226252729814e+00,1.881097944078646833e-07
1.424182722539217405e+00,1.873374628758028848e-07
1.424257180377991316e+00,1.865663676881013089e-07
1.424331599808716708e+00,1.858065132864794577e-07
1.424405980870997901e+00,1.850499415922968183e-07
1.424480323604377485e+00,1.842977894739306066e-07
1.424554628048337213e+00,1.835392708926519845e-07
1.424628894242298438e+00,1.827929452247190056e-07
1.424703122225620566e+00,1.820498454208063777e-07
1.424777312037602828e+00,1.813032213249243796e-07
1.424851463717484279e+00,1.805678522259768215e-07
1.424925577304442914e+00,1.798320283796783770e-07
1.424999652837596331e+00,1.790994303974002833e-07
1.425073690356002398e+00,1.783726588655554224e-07
1.425147689898658143e+00,1.776487863480724627e-07
1.425221651504501530e+00,1.769211621649446897e-07
1.425295575212410126e+00,1.762028887242195196e-07
1.425369461061201548e+00,1.754901575168332784e-07
1.425443309089634569e+00,1.747762894410698209e-07
1.425517119336407790e+00,1.740675799055679818e-07
1.425590891840160745e+00,1.733624941380185192e-07
1.425664626639473465e+00,1.726573799487596261e-07
1.425738323772867355e+00,1.719631654850672930e-07
1.425811983278804096e+00,1.712622008653852390e-07
1.425885605195686967e+00,1.705704164578492055e-07
1.425959189561861074e+00,1.698786036286037415e-07
1.426032736415611346e+00,1.691977331574889831e-07
1.426106245795165206e+00,1.685077108959376346e-07
1.426179717738692121e+00,1.678265846294380026e-07
1.426253152284301828e+00,1.671471636655041948e-07
1.426326549470047445e+00,1.664744218032865319e-07
1.426399909333923244e+00,1.658027457551725092e-07
1.426473231913865325e+00,1.651377488087746315e-07
1.426546517247752721e+00,1.644724250127183041e-07
1.426619765373406068e+00,1.638103697132464731e-07
1.426692976328588713e+00,1.631492807518952759e-07
1.426766150151006718e+00,1.624947003620036412e-07
1.426839286878308632e+00,1.618407168280100450e-07
1.426912386548085721e+00,1.611942650470155058e-07
1.426985449197871958e+00,1.605473727295247954e-07
1.427058474865145143e+00,1.599006793640000978e-07
1.427131463587325122e+00,1.592623846136120846e-07
1.427204415401775561e+00,1.586216313853583415e-07
1.427277330345803508e+00,1.579856672151436214e-07
1.427350208456659164e+00,1.573536678733944427e-07
1.427423049771536778e+00,1.567264007462654263e-07
1.427495854327573532e+00,1.560999294270004611e-07
1.427568622161851319e+00,1.554758739530370804e-07
1.427641353311395189e+00,1.548527848171943333e-07
1.427714047813174680e+00,1.542333620818681084e-07
1.427786705704103376e+00,1.536199079055222683e-07
1.427859327021039348e+00,1.530071358502027579e-07
1.427931911800784048e+00,1.523964954230905278e-07
1.428004460080084748e+00,1.517919514526511193e-07
1.428076971895632541e+00,1.511875495907588629e-07
1.428149447284063234e+00,1.505808029378385982e-07
1.428221886281957786e+00,1.499845438956981525e-07
1.428294288925841649e+00,1.493886827574897325e-07
1.428366655252185424e+00,1.487984491177485324e-07
1.428438985297405539e+00,1.482081870562979020e-07
1.428511279097862463e+00,1.476188344895490445e-07
1.428583536689863376e+00,1.470335178055393044e-07
1.428655758109659724e+00,1.464544823193136835e-07
1.428727943393448996e+00,1.458758447370200884e-07
1.428800092577374947e+00,1.452951323699380737e-07
1.428872205697525821e+00,1.447196495973912533e-07
1.428944282789937459e+00,1.441448347350160475e-07
1.429016323890590190e+00,1.435717820186255267e-07
1.429088329035411498e+00,1.430103395705373259e-07
1.429160298260274464e+00,1.424402142902181367e-07
1.429232231600998659e+00,1.418766828464868013e-07
1.429304129093350584e+00,1.413156383023306262e-07
1.429375990773042782e+00,1.407608039016849943e-07
1.429447816675734284e+00,1.402041505116358167e-07
1.429519606837031276e+00,1.396485629356902791e-07
1.429591361292487095e+00,1.391041735132603208e-07
1.429663080077601345e+00,1.385480459248356055e-07
1.429734763227821004e+00,1.379982990101780160e-07
1.429806410778540426e+00,1.374526021891142591e-07
1.429878022765101120e+00,1.369158724173757946e-07
1.429949599222792189e+00,1.363775368190545123e-07
1.430021140186849671e+00,1.358433934228742146e-07
1.430092645692457642e+00,1.353174354790098732e-07
1.430164115774748224e+00,1.347839457821464748e-07
1.430235550468800465e+00,1.342562541140068788e-07
1.430306949809642125e+00,1.337328683348459890e-07
1.430378313832248560e+00,1.332093404471379472e-07
1.430449642571543389e+00,1.326899194964425988e-07
1.430520936062398496e+00,1.321735680903657340e-07
1.430592194339633805e+00,1.316585098720679525e-07
1.430663417438018170e+00,1.311436506057361839e-07
1.430734605392268710e+00,1.306356409713771427e-07
1.430805758237050807e+00,1.301283560906085768e-07
1.430876876006979437e+00,1.296261302741186228e-07
1.430947958736617620e+00,1.291196696229235386e-07
1.431019006460477749e+00,1.286165911551506724e-07
1.431090019213021147e+00,1.281184012213998358e-07
1.431160997028658066e+00,1.276212344691884937e-07
1.431231939941748132e+00,1.271289136184350355e-07
1.431302847986600568e+00,1.266357969598175259e-07
1.431373721197473747e+00,1.261471140878711594e-07
1.431444559608575640e+00,1.256626944723393535e-07
1.431515363254063811e+00,1.251773653621057747e-07
1.431586132168045644e+00,1.246903309493063716e-07
1.431656866384578120e+00,1.242107998677965952e-07
1.431727565937668922e+00,1.237340114812468528e-07
1.431798230861274446e+00,1.232551483099086909e-07
1.431868861189302455e+00,1.227829926619961043e-07
1.431939456955610313e+00,1.223126560034870636e-07
1.432010018194005641e+00,1.218429019900213461e-07
1.432080544938246991e+00,1.213729490245896159e-07
1.432151037222042733e+00,1.209067761465121293e-07
1.432221495079052387e+00,1.204448949465586338e-07
1.432291918542886178e+00,1.199839800847257720e-07
1.432362307647105037e+00,1.195242589346889872e-07
1.432432662425220382e+00,1.190709184584193281e-07
1.432502982910695222e+00,1.186119789053918794e-07
1.432573269136943273e+00,1.181564925900602248e-07
1.432643521137329623e+00,1.177070458879825310e-07
1.432713738945170734e+00,1.172564765283823363e-07
1.432783922593733994e+00,1.168074703628008137e-07
1.432854072116239053e+00,1.163631750955573807e-07
1.432924187545856043e+00,1.159231359793011507e-07
1.432994268915708025e+00,1.154809297077008523e-07
1.433064316258868764e+00,1.150404855820852390e-07
1.433134329608364288e+00,1.146006525232223794e-07
1.433204308997172660e+00,1.141681877925293520e-07
1.433274254458223762e+00,1.137319785016188689e-07
1.433344166024399735e+00,1.133007785369954945e-07
1.433414043728534981e+00,1.128711986098096531e-07
1.433483887603415941e+00,1.124439137356603169e-07
1.433553697681781980e+00,1.120191797099323594e-07
1.433623473996324504e+00,1.115945309493326931e-07
1.433693216579687402e+00,1.111705074663404957e-07
1.433762925464467708e+00,1.107510172460024478e-07
1.433832600683214942e+00,1.103353213238733588e-07
1.433902242268431770e+00,1.099163426943050581e-07
1.433971850252573343e+00,1.094995667472176137e-07
1.434041424668048181e+00,1.090874732767588284e-07
1.434110965547217731e+00,1.086771490577120858e-07
1.434180472922397032e+00,1.082700293864036212e-07
1.434249946825854272e+00,1.078629097150951566e-07
1.434319387289810566e+00,1.074562732128470088e-07
1.434388794346441287e+00,1.070517612333787838e-07
1.434458168027874958e+00,1.066491392975876806e-07
1.434527508366193693e+00,1.062514627392374678e-07
1.434596815393433866e+00,1.058497005601566343e-07
1.434666089141585221e+00,1.054551574952711235e-07
1.434735329642591539e+00,1.050576443617501354e-07
1.434804536928350860e+00,1.046660358383633138e-07
1.434873711030714816e+00,1.042750596980113187e-07
1.434942851981489964e+00,1.038869612557391520e-07
1.435011959812436677e+00,1.035004615346224455e-07
1.435081034555269808e+00,1.031131944273511181e-07
1.435150076241658468e+00,1.027273128784145229e-07
1.435219084903226694e+00,1.023476556838431861e-07
1.435288060571553226e+00,1.019659379153381451e-07
1.435357003278171062e+00,1.015872115317506541e-07
1.435425913054568348e+00,1.012066377370501868e-07
1.435494789932188153e+00,1.008313077477396291e-07
1.435563633942428474e+00,1.004587204533891054e-07
1.435632445116642009e+00,1.000864031652781705e-07
1.435701223486137046e+00,9.971827807930822019e-08
1.435769969082177244e+00,9.934416311807581224e-08
1.435838681935981187e+00,9.897889441390361753e-08
1.435907362078723271e+00,9.861460625870677177e-08
1.435976009541532594e+00,9.824938018709872267e-08
1.436044624355495181e+00,9.788706734070728999e-08
1.436113206551651533e+00,9.752548635333369020e-08
1.436181756160998413e+00,9.716440274587512249e-08
1.436250273214488393e+00,9.680860557637060992e-08
1.436318757743029861e+00,9.645027887472679140e-08
1.436387209777487017e+00,9.609465223547886126e-08
1.436455629348680985e+00,9.574179671290039551e-08
1.436524016487387811e+00,9.539228074118000222e-08
1.436592371224340914e+00,9.504167053364653839e-08
1.436660693590229299e+00,9.469397355132969096e-08
1.436728983615698896e+00,9.434657499696186278e-08
1.436797241331351893e+00,9.400015699156938354e-08
1.436865466767746957e+00,9.365701458818875835e-08
1.436933659955399456e+00,9.331697015113604721e-08
1.437001820924781903e+00,9.297278324993385468e-08
1.437069949706323291e+00,9.263425226890831254e-08
1.437138046330409313e+00,9.229870556737296283e-08
1.437206110827383254e+00,9.196207173545190017e-08
1.437274143227545098e+00,9.162580028032607515e-08
1.437342143561151753e+00,9.129261968610080658e-08
1.437410111858417716e+00,9.096009989661979489e-08
1.437478048149514853e+00,9.063039385637239320e-08
1.437545952464571952e+00,9.030030412304768106e-08
1.437613824833676279e+00,8.997356104600839899e-08
1.437681665286871358e+00,8.964900644059525803e-08
1.437749473854159632e+00,8.932207151701732073e-08
1.437817250565499805e+00,8.899869641254554153e-08
1.437884995450809722e+00,8.867571210657843039e-08
1.437952708539964597e+00,8.835530707074212842e-08
1.438020389862797233e+00,8.803445439298229758e-08
1.438088039449098909e+00,8.771678494667867199e-08
1.438155657328618942e+00,8.740140344798419392e-08
1.438223243531065121e+00,8.708761356501781847e-08
1.438290798086102606e+00,8.677339735640998697e-08
1.438358321023355924e+00,8.646040328130766284e-08
1.438425812372407409e+00,8.615066349193511996e-08
1.438493272162798098e+00,8.584061106375884265e-08
1.438560700424027505e+00,8.553098496122402139e-08
1.438628097185553845e+00,8.522366101715306286e-08
1.438695462476794473e+00,8.491796421594699495e-08
1.438762796327124782e+00,8.461251610469844309e-08
1.438830098765879528e+00,8.431172915379647748e-08
1.438897369822352612e+00,8.400969875310693169e-08
1.438964609525796412e+00,8.370815862690506037e-08
1.439031817905422894e+00,8.341003621126219514e-08
1.439098994990402947e+00,8.311455701459635748e-08
1.439166140809866823e+00,8.281483587779803202e-08
1.439233255392904587e+00,8.252119698681781301e-08
1.439300338768564558e+00,8.222813363545355969e-08
1.439367390965855753e+00,8.193633505015895935e-08
1.439434412013746112e+00,8.164447251601814060e-08
1.439501401941163605e+00,8.135333473546779715e-08
1.439568360776995126e+00,8.106285775966171059e-08
1.439635288550088710e+00,8.077547164475618047e-08
1.439702185289250869e+00,8.049060795656259870e-08
1.439769051023249036e+00,8.020585084977938095e-08
1.439835885780810232e+00,7.992102268872258719e-08
1.439902689590621510e+00,7.963787851394954487e-08
1.439969462481330620e+00,7.935596357810936752e-08
1.440036204481544901e+00,7.907791399475172511e-08
1.440102915619832391e+00,7.879697250245953910e-08
1.440169595924720936e+00,7.852045769141113851e-08
1.440236245424700190e+00,7.824228021036105929e-08
1.440302864148218731e+00,7.796946022153861122e-08
1.440369452123686500e+00,7.769472887275696849e-08
1.440436009379474580e+00,7.742068675042901305e-08
1.440502535943914086e+00,7.715001260066856048e-08
1.440569031845296832e+00,7.687741998552155565e-08
1.440635497111876440e+00,7.660934642217398505e-08
1.440701931771866784e+00,7.634022125557748950e-08
1.440768335853442661e+00,7.607211927052048850e-08
1.440834709384740675e+00,7.580756289371493040e-08
1.440901052393857906e+00,7.554262992925941944e-08
1.440967364908853021e+00,7.527884804403583985e-08
1.441033646957746273e+00,7.501515142394055147e-08
1.441099898568518611e+00,7.475268404277812806e-08
1.441166119769113241e+00,7.449352779076434672e-08
1.441232310587434062e+00,7.423550840712778154e-08
1.441298471051347674e+00,7.397574108836124651e-08
1.441364601188681371e+00,7.372011623374419287e-08
1.441430701027224259e+00,7.346309871536504943e-08
1.441496770594728138e+00,7.320872441596293356e-08
1.441562809918905952e+00,7.295477644220227376e-08
1.441628819027432451e+00,7.270168822515188367e-08
1.441694797947945306e+00,7.244975819276078255e-08
1.441760746708043106e+00,7.219897213417425519e-08
1.441826665335287805e+00,7.195087903255625861e-08
1.441892553857202719e+00,7.170135774003938423e-08
1.441958412301273862e+00,7.145606417680028244e-08
1.442024240694949277e+00,7.120927136838872684e-08
1.442090039065640372e+00,7.096391385630340665e-08
1.442155807440719695e+00,7.071822949455963681e-08
1.442221545847523156e+00,7.047447070362977684e-08
1.442287254313349587e+00,7.023365355962596368e-08
1.442352932865460069e+00,6.999151480613363674e-08
1.442418581531078603e+00,6.975311350743140792e-08
1.442484200337391886e+00,6.951271558364169323e-08
1.442549789311549757e+00,6.927454165861490765e-08
1.442615348480664750e+00,6.903849225636804476e-08
1.442680877871813205e+00,6.880289049604471074e-08
1.442746377512033495e+00,6.856821954670522246e-08
1.442811847428328020e+00,6.833175092424426111e-08
1.442877287647662321e+00,6.810002162183081964e-08
1.442942698196964857e+00,6.786886785903334385e-08
1.443008079103127672e+00,6.763853122038199217e-08
1.443073430393006173e+00,6.740661007142989547e-08
1.443138752093419797e+00,6.717768741282270639e-08
1.443204044231150895e+00,6.694793341921467800e-08
1.443269306832945853e+00,6.672193819667882053e-08
1.443334539925514859e+00,6.649673878200701438e-08
1.443399743535531465e+00,6.627229254263511393e-08
1.443464917689633475e+00,6.604663838061242132e-08
1.443530062414422277e+00,6.582332900961773703e-08
1.443595177736463731e+00,6.559997700605890714e-08
1.443660263682286837e+00,6.538013508361473214e-08
1.443725320278386182e+00,6.515982420296495548e-08
1.443790347551218822e+00,6.494083493180369260e-08
1.443855345527207401e+00,6.472087932252179598e-08
1.443920314232738145e+00,6.450306955230189487e-08
1.443985253694161752e+00,6.428545873404800659e-08
1.444050163937793840e+00,6.407141484032763401e-08
1.444115044989913610e+00,6.385590012314423802e-08
1.444179896876765623e+00,6.364201965425309027e-08
1.444244719624558693e+00,6.342836655903738574e-08
1.444309513259466771e+00,6.321662482378087589e-08
1.444374277807627394e+00,6.300343358134341543e-08
1.444439013295144569e+00,6.279387321228568908e-08
1.444503719748086112e+00,6.258416362925345311e-08
1.444568397192484532e+00,6.237561933630786370e-08
1.444633045654338366e+00,6.216778558609803440e-08
1.444697665159610178e+00,6.196104607170127565e-08
1.444762255734228562e+00,6.175480393721954897e-08
1.444826817404086805e+00,6.155070764179981779e-08
1.444891350195043334e+00,6.134463603757467354e-08
1.444955854132921935e+00,6.114294137660181150e-08
1.445020329243512647e+00,6.093983984101214446e-08
1.445084775552569312e+00,6.073670277828568942e-08
1.445149193085812689e+00,6.053591050658724271e-08
1.445213581868928898e+00,6.033653221493295860e-08
1.445277941927568532e+00,6.013776499003142817e-08
1.445342273287349322e+00,5.993982199470337946e-08
1.445406575973853913e+00,5.974141004116972908e-08
1.445470850012631203e+00,5.954516169026646821e-08
1.445535095429195449e+00,5.934922242545326299e-08
1.445599312249027379e+00,5.915559597724495688e-08
1.445663500497573306e+00,5.896029975360761455e-08
1.445727660200245346e+00,5.876746911326335976e-08
1.445791791382422975e+00,5.857604179482223117e-08
1.445855894069450587e+00,5.838362682197839604e-08
1.445919968286638824e+00,5.819223147796037665e-08
1.445984014059265466e+00,5.800088587193386047e-08
1.446048031412574097e+00,5.781153689099483017e-08
1.446112020371774998e+00,5.762358412653156847e-08
1.446175980962044028e+00,5.743501674260187428e-08
1.446239913208525296e+00,5.724857743416578160e-08
1.446303817136327385e+00,5.706161587681890524e-08
1.446367692770527125e+00,5.687687831823495799e-08
1.446431540136167593e+00,5.669128455565441982e-08
1.446495359258258562e+00,5.650791123912313196e-08
1.446559150161776719e+00,5.632504951336159138e-08
1.446622912871665001e+00,5.614128539832563547e-08
1.446686647412834592e+00,5.595919105871871579e-08
1.446750353810162482e+00,5.577803463552299945e-08
1.446814032088493240e+00,5.559814297839693609e-08
1.446877682272638799e+00,5.541875225389958359e-08
1.446941304387377336e+00,5.524014667912524601e-08
1.447004898457455280e+00,5.506078437633732392e-08
1.447068464507585972e+00,5.488495702365980833e-08
1.447132002562449671e+00,5.470876018875969748e-08
1.447195512646695104e+00,5.453219387163699139e-08
1.447258994784937025e+00,5.435641270423730020e-08
1.447322449001759104e+00,5.418221604713835404e-08
1.447385875321711479e+00,5.400959679491279530e-08
1.447449273769312983e+00,5.383687451399055135e-08
1.447512644369048918e+00,5.366331734535378928e-08
1.447575987145373277e+00,5.349233944684783637e-08
1.447639302122707861e+00,5.332181984840644873e-08
1.447702589325441602e+00,5.315214224310693680e-08
1.447765848777931907e+00,5.298069538639538223e-08
1.447829080504503763e+00,5.281294335190978018e-08
1.447892284529451068e+00,5.264535474225340295e-08
1.447955460877034861e+00,5.247870404900822905e-08
1.448018609571484205e+00,5.231255073567808722e-08
1.448081730636997744e+00,5.214593201685602253e-08
1.448144824097740591e+00,5.198050700983003480e-08
1.448207889977847440e+00,5.181544437959928473e-08
1.448270928301420568e+00,5.165144401075849601e-08
1.448333939092531386e+00,5.148892512352176709e-08
1.448396922375219331e+00,5.132678992936234863e-08
1.448459878173492532e+00,5.116513079883588944e-08
1.448522806511327587e+00,5.100370259469855228e-08
1.448585707412669343e+00,5.084316256898091524e-08
1.448648580901432226e+00,5.068447705980361206e-08
1.448711427001498908e+00,5.052509521874526399e-08
1.448774245736720756e+00,5.036722683371408493e-08
1.448837037130918270e+00,5.020786630893780966e-08
1.448899801207880644e+00,5.005018266501792823e-08
1.448962537991366206e+00,4.989362167862054775e-08
1.449025247505102421e+00,4.973843203970318427e-08
1.449087929772784999e+00,4.958375043884188926e-08
1.449150584818079901e+00,4.942832276810804615e-08
1.449213212664621997e+00,4.927461105808106367e-08
1.449275813336014407e+00,4.912090645348143880e-08
1.449338386855831162e+00,4.896764238537798519e-08
1.449400933247614320e+00,4.881630033537476265e-08
1.449463452534875518e+00,4.866485880938853370e-08
1.449525944741096861e+00,4.851465007504884852e-08
1.449588409889728480e+00,4.836356026771682082e-08
1.449650848004191195e+00,4.821276888833381236e-08
1.449713259107874741e+00,4.806515363497965154e-08
1.449775643224138877e+00,4.791674967918879702e-08
1.449838000376313163e+00,4.776904560799266619e-08
1.449900330587696518e+00,4.762082994602678809e-08
1.449962633881558105e+00,4.747390036641263578e-08
1.450024910281136448e+00,4.732751790470501874e-08
1.450087159809640536e+00,4.718270929515711032e-08
1.450149382490248717e+00,4.703742462197624263e-08
1.450211578346110253e+00,4.689223231935102376e-08
1.450273747400343538e+00,4.674866005416333792e-08
1.450335889676037882e+00,4.660481778273606324e-08
1.450398005196251949e+00,4.646216922310486552e-08
1.450460093984015320e+00,4.631961303402931662e-08
1.450522156062327594e+00,4.617859161726300954e-08
1.450584191454158622e+00,4.603724335083825281e-08
1.450646200182448942e+00,4.589607982552479370e-08
1.450708182270109114e+00,4.575688450358939008e-08
1.450770137740020393e+00,4.561743338626911282e-08
1.450832066615034499e+00,4.547821319533795759e-08
1.450893968917973842e+00,4.533976039056142326e-08
1.450955844671631745e+00,4.520256879914086312e-08
1.451017693898771554e+00,4.506481232624537370e-08
1.451079516622127752e+00,4.492850891324451368e-08
1.451141312864405508e+00,4.479302617710345658e-08
1.451203082648280906e+00,4.465783121077038231e-08
1.451264825996400942e+00,4.452289914524953929e-08
1.451326542931383301e+00,4.438889433799886319e-08
1.451388233475816802e+00,4.425538691066321917e-08
1.451449897652261845e+00,4.412130749642528826e-08
1.451511535483248849e+00,4.398827968543628231e-08
1.451573146991279817e+00,4.385597307532407285e-08
1.451634732198828548e+00,4.372555650888898526e-08
1.451696291128339089e+00,4.359404215392714832e-08
1.451757823802227731e+00,4.346381743403071596e-08
1.451819330242881012e+00,4.333303138537303312e-08
1.451880810472657934e+00,4.320416380210190255e-08
1.451942264513888192e+00,4.307519674284776556e-08
1.452003692388873057e+00,4.294674127436337585e-08
1.452065094119886046e+00,4.281856291754593258e-08
1.452126469729171143e+00,4.269162801051606948e-08
1.452187819238944577e+00,4.256481744846496440e-08
1.452249142671394155e+00,4.243862505859397061e-08
1.452310440048679485e+00,4.231294781220640289e-08
1.452371711392931752e+00,4.218813032252910489e-08
1.452432956726254165e+00,4.206309967003107886e-08
1.452494176070721732e+00,4.193795177798165241e-08
1.452555369448381040e+00,4.181514157153287670e-08
1.452616536881251141e+00,4.169051237568055512e-08
1.452677678391323113e+00,4.156816046929634467e-08
1.452738794000559386e+00,4.144603238387389865e-08
1.452799883730894859e+00,4.132377995347269461e-08
1.452860947604237341e+00,4.120411389862965734e-08
1.452921985642465774e+00,4.108337492425562232e-08
1.452982997867431569e+00,4.096305161738200695e-08
1.453043984300958824e+00,4.084265725623481558e-08
1.453104944964843659e+00,4.072338199989644636e-08
1.453165879880854661e+00,4.060364489077983308e-08
1.453226789070732883e+00,4.048572321835308685e-08
1.453287672556191623e+00,4.036826339870458469e-08
1.453348530358917312e+00,4.024957789283689635e-08
1.453409362500568180e+00,4.013365284549763601e-08
1.453470169002775148e+00,4.001702436084997316e-08
1.453530949887142709e+00,3.989995178699246026e-08
1.453591705175246940e+00,3.978377804969568388e-08
1.453652434888637046e+00,3.966971817703779379e-08
1.453713139048835812e+00,3.955492644536207081e-08
1.453773817677337599e+00,3.944031590208396665e-08
1.453834470795610345e+00,3.932709802256795228e-08
1.453895098425094901e+00,3.921426383612924838e-08
1.453955700587205024e+00,3.910138346441272006e-08
1.454016277303327609e+00,3.898801992363587487e-08
1.454076828594822013e+00,3.887556587756080262e-08
1.454137354483021838e+00,3.876354526255454402e-08
1.454197854989232930e+00,3.865278586090425961e-08
1.454258330134734489e+00,3.854222541121998802e-08
1.454318779940779294e+00,3.843245721668608894e-08
1.454379204428593031e+00,3.832205663911736337e-08
1.454439603619375188e+00,3.821249094926315593e-08
1.454499977534297939e+00,3.810321658193061012e-08
1.454560326194507924e+00,3.799460301934232120e-08
1.454620649621124473e+00,3.788697355844306003e-08
1.454680947835240268e+00,3.777925883241550764e-08
1.454741220857922013e+00,3.767235057239304297e-08
1.454801468710210210e+00,3.756560573719980312e-08
1.454861691413118496e+00,3.745861576476272603e-08
1.454921888987634748e+00,3.735307529950659955e-08
1.454982061454719311e+00,3.724686337136517977e-08
1.455042208835308548e+00,3.714173857360947295e-08
1.455102331150310402e+00,3.703747353256403585e-08
1.455162428420608167e+00,3.693292427442429471e-08
1.455222500667058050e+00,3.682880134192600963e-08
1.455282547910491164e+00,3.672488801953477378e-08
1.455342570171712202e+00,3.662163905460147362e-08
1.455402567471499209e+00,3.651861035791625909e-08
1.455462539830605584e+00,3.641675050403136993e-08
1.455522487269757637e+00,3.631444300822295190e-08
1.455582409809657252e+00,3.621213551241453388e-08
1.455642307470979002e+00,3.611129173464178166e-08
1.455702180274372814e+00,3.601062559255296947e-08
1.455762028240462413e+00,3.590938391084819159e-08
1.455821851389845767e+00,3.580976937200830434e-08
1.455881649743096196e+00,3.570981021994157345e-08
1.455941423320759931e+00,3.561033423693515942e-08
1.456001172143358779e+00,3.551113891830937064e-08
1.456060896231388568e+00,3.541271098583820276e-08
1.456120595605320256e+00,3.531430081693542888e-08
1.456180270285598599e+00,3.521696356756365276e-08
1.456239920292643486e+00,3.511918222898202657e-08
1.456299545646849491e+00,3.502206169514465728e-08
1.456359146368585877e+00,3.492561262419258128e-08
1.456418722478196148e+00,3.482882604544101923e-08
1.456478273995999828e+00,3.473306975365630933e-08
1.456537800942289795e+00,3.463733833086735103e-08
1.456597303337334948e+00,3.454167085692461114e-08
1.456656781201378648e+00,3.444723262191473623e-08
1.456716234554639611e+00,3.435238937754547806e-08
1.456775663417310573e+00,3.425779482313373592e-08
1.456835067809560513e+00,3.416397476030397229e-08
1.456894447751532873e+00,3.407067694638499233e-08
1.456953803263346670e+00,3.397758518985938281e-08
1.457013134365095386e+00,3.388526437220207299e-08
1.457072441076848301e+00,3.379293289640372677e-08
1.457131723418649827e+00,3.370006140812620288e-08
1.457190981410519504e+00,3.360852218747822917e-08
1.457250215072452448e+00,3.351760824443772435e-08
1.457309424424419131e+00,3.342608678735814465e-08
1.457368609486365596e+00,3.333506271019359701e-08
1.457427770278212353e+00,3.324608144339435967e-08
1.457486906819857042e+00,3.315625818345324660e-08
1.457546019131171544e+00,3.306645268708052754e-08
1.457605107232003760e+00,3.297756023812326021e-08
1.457664171142177167e+00,3.288855765504195006e-08
1.457723210881491260e+00,3.280022653484593320e-08
1.457782226469720666e+00,3.271245674341116683e-08
1.457841217926616251e+00,3.262462300313018204e-08
1.457900185271904459e+00,3.253697755667417368e-08
1.457959128525287529e+00,3.245060753442885471e-08
1.458018047706443054e+00,3.236347723145627242e-08
1.458076942835025536e+00,3.227695799523644382e-08
1.458135813930665048e+00,3.219102495677361730e-08
1.458194661012967241e+00,3.210612931070500053e-08
1.458253484101514008e+00,3.202030995907989563e-08
1.458312283215863481e+00,3.193541076029760006e-08
1.458371058375550033e+00,3.185040142739126168e-08
1.458429809600083171e+00,3.176702279006349272e-08
1.458488536908949973e+00,3.168250017893115000e-08
1.458547240321612648e+00,3.159856021284213057e-08
1.458605919857510314e+00,3.151525618250161642e-08
1.458664575536058106e+00,3.143217952583654551e-08
1.458723207376647180e+00,3.134957182737707626e-08
1.458781815398646042e+00,3.126686820564827940e-08
1.458840399621398554e+00,3.118441327387699857e-08
1.458898960064225259e+00,3.110386614935123362e-08
1.458957496746423832e+00,3.102207557503788848e-08
1.459016009687267523e+00,3.094041289841698017e-08
1.459074498906006712e+00,3.085940392111297115e-08
1.459132964421868461e+00,3.077904153769850382e-08
1.459191406254056078e+00,3.069870047056610929e-08
1.459249824421749775e+00,3.061852282826293958e-08
1.459308218944106450e+00,3.053964192645253206e-08
1.459366589840259909e+00,3.046005048190636444e-08
1.459424937129319977e+00,3.038103102426248370e-08
1.459483260830374718e+00,3.030257644809353224e-08
1.459541560962487772e+00,3.022452688128396403e-08
1.459599837544699907e+00,3.014570992831977492e-08
1.459658090596029689e+00,3.006844906394690042e-08
1.459716320135471257e+00,2.999119885771506233e-08
1.459774526181997212e+00,2.991393799334218784e-08
1.459832708754556174e+00,2.983631475217407569e-08
1.459890867872073894e+00,2.975963830920136388e-08
1.459949003553454139e+00,2.968452150753364549e-08
1.460007115817576917e+00,2.960748979319305363e-08
1.460065204683299811e+00,2.953183653175983636e-08
1.460123270169457754e+00,2.945677657351097878e-08
1.460181312294862144e+00,2.938170950983476359e-08
1.460239331078302838e+00,2.930632980735481397e-08
1.460297326538546159e+00,2.923189157399974647e-08
1.460355298694336668e+00,2.915773400502530421e-08
1.460413247564395167e+00,2.908422125358356425e-08
1.460471173167420922e+00,2.900946327599740471e-08
1.460529075522090103e+00,2.893587769392524933e-08
1.460586954647056901e+00,2.886294581116999325e-08
1.460644810560952633e+00,2.879017912960080139e-08
1.460702643282386415e+00,2.871765580891860736e-08
1.460760452829944489e+00,2.864454629047941125e-08
1.460818239222191783e+00,2.857264824740468612e-08
1.460876002477670133e+00,2.850093672179809801e-08
1.460933742614899389e+00,2.842979540673695737e-08
1.460991459652376756e+00,2.835798440514736285e-08
1.461049153608578122e+00,2.828741330063166970e-08
1.461106824501956281e+00,2.821668232400043053e-08
1.461164472350942711e+00,2.814597621636494296e-08
1.461222097173946244e+00,2.807593091347371228e-08
1.461279698989353726e+00,2.800529941282547952e-08
1.461337277815530022e+00,2.793576570070399612e-08
1.461394833670818461e+00,2.786601882576178468e-08
1.461452366573539496e+00,2.779661656404641690e-08
1.461509876541992936e+00,2.772783957993851800e-08
1.461567363594455493e+00,2.765949069782891456e-08
1.461624827749182787e+00,2.759131945140325115e-08
1.461682269024408232e+00,2.752289773866323230e-08
1.461739687438343926e+00,2.745506577639389434e-08
1.461797083009179543e+00,2.738749316222310881e-08
1.461854455755083659e+00,2.732027226670652453e-08
1.461911805694203315e+00,2.725275294324092101e-08
1.461969132844663122e+00,2.718537928103614831e-08
1.462026437224566600e+00,2.711887781003952114e-08
1.462083718851995950e+00,2.705232837740823015e-08
1.462140977745011394e+00,2.698611112350590702e-08
1.462198213921651613e+00,2.692060618869618338e-08
1.462255427399934415e+00,2.685475664065961610e-08
1.462312618197855851e+00,2.678893018526196101e-08
1.462369786333389987e+00,2.672391019586939365e-08
1.462426931824490461e+00,2.665933962475719454e-08
1.462484054689089152e+00,2.659488274048271705e-08
1.462541154945096844e+00,2.652950925607910904e-08
1.462598232610402560e+00,2.646604002620733809e-08
1.462655287702874674e+00,2.640155294386659079e-08
1.462712320240360242e+00,2.633738915847061435e-08
1.462769330240684784e+00,2.627412420963537443e-08
1.462826317721653169e+00,2.621088945886640431e-08
1.462883282701049170e+00,2.614733141115266335e-08
1.462940225196634580e+00,2.608457805308717070e-08
1.462997145226151874e+00,2.602211779390017909e-08
1.463054042807321098e+00,2.596049064607086621e-08
1.463110917957841650e+00,2.589787939655252558e-08
1.463167770695392278e+00,2.583602309869093006e-08
1.463224601037631079e+00,2.577388258373503049e-08
1.463281409002194167e+00,2.571242241344862123e-08
1.463338194606698339e+00,2.565063184079008352e-08
1.463394957868738633e+00,2.558992129308990116e-08
1.463451698805889434e+00,2.552850375536763750e-08
1.463508417435704700e+00,2.546861210817041865e-08
1.463565113775717297e+00,2.540798860195536690e-08
1.463621787843439659e+00,2.534821419430954847e-08
1.463678439656364016e+00,2.528817866220833821e-08
1.463735069231960617e+00,2.522867248444526922e-08
1.463791676587681279e+00,2.516915031947064563e-08
1.463848261740954948e+00,2.510928709398285719e-08
1.463904824709192143e+00,2.505051455159446050e-08
1.463961365509781398e+00,2.499157503166316019e-08
1.464017884160091709e+00,2.493279538384740590e-08
1.464074380677470977e+00,2.487390915462128760e-08
1.464130855079247562e+00,2.481631078410373448e-08
1.464187307382728731e+00,2.475814397939757328e-08
1.464243737605201767e+00,2.470029514256566472e-08
1.464300145763933747e+00,2.464230774990028294e-08
1.464356531876171541e+00,2.458512327052631008e-08
1.464412895959141148e+00,2.452758884885497537e-08
1.464469238030049469e+00,2.447021607565602608e-08
1.464525558106082315e+00,2.441364976846216450e-08
1.464581856204405952e+00,2.435707635584094533e-08
1.464638132342166221e+00,2.430040169087988033e-08
1.464694386536489423e+00,2.424407696821617719e-08
1.464750618804480764e+00,2.418781619439869246e-08
1.464806829163226576e+00,2.413236899201365304e-08
1.464863017629792763e+00,2.407642618607042095e-08
1.464919184221225246e+00,2.402101273446533014e-08
1.464975328954550404e+00,2.396597231779651338e-08
1.465031451846773969e+00,2.391085907049728121e-08
1.465087552914882796e+00,2.385594299880722247e-08
1.465143632175842869e+00,2.380103580890136072e-08
1.465199689646601744e+00,2.374689245243644109e-08
1.465255725344086324e+00,2.369302265492478909e-08
1.465311739285203529e+00,2.363834639140804939e-08
1.465367731486841185e+00,2.358454764816997340e-08
1.465423701965867354e+00,2.353124273213325068e-08
1.465479650739130335e+00,2.347771399513476354e-08
1.465535577823459112e+00,2.342456184578622924e-08
1.465591483235662906e+00,2.337098692350991769e-08
1.465647366992531175e+00,2.331795201371278381e-08
1.465703229110834283e+00,2.326565606836084044e-08
1.465759069607322607e+00,2.321266734384153096e-08
1.465814888498727875e+00,2.316022573722875677e-08
1.465870685801761830e+00,2.310821400897111744e-08
1.465926461533116454e+00,2.305623780785026611e-08
1.465982215709465519e+00,2.300395252063935914e-08
1.466037948347462594e+00,2.295264067697644350e-08
1.466093659463742149e+00,2.290164147211726231e-08
1.466149349074919339e+00,2.284986067024874501e-08
1.466205017197590221e+00,2.279898936308200064e-08
1.466260663848331536e+00,2.274789778766717063e-08
1.466316289043701149e+00,2.269710819291503867e-08
1.466371892800237386e+00,2.264591003608984465e-08
1.466427475134459479e+00,2.259537801307942573e-08
1.466483036062868006e+00,2.254517639244113525e-08
1.466538575601944228e+00,2.249555919320300745e-08
1.466594093768149643e+00,2.244545882490456279e-08
1.466649590577928430e+00,2.239589491637161700e-08
1.466705066047704120e+00,2.234584073335099674e-08
1.466760520193882256e+00,2.229655216012815799e-08
1.466815953032849063e+00,2.224712503107184602e-08
1.466871364580972337e+00,2.219850614437746117e-08
1.466926754854600556e+00,2.214948224832369306e-08
1.466982123870063548e+00,2.210058980267604056e-08
1.467037471643672042e+00,2.205187499271232809e-08
1.467092798191719005e+00,2.200369308980043570e-08
1.467148103530477421e+00,2.195538684190978529e-08
1.467203387676202286e+00,2.190701486881607707e-08
1.467258650645129725e+00,2.185924685704776493e-08
1.467313892453477209e+00,2.181165115189287462e-08
1.467369113117443780e+00,2.176405189402430551e-08
1.467424312653209162e+00,2.171651836135879421e-08
1.467479491076935538e+00,2.166943602333049057e-08
1.467534648404766218e+00,2.162234835623166873e-08
1.467589784652825413e+00,2.157545964109885972e-08
1.467644899837219796e+00,2.152848921355143830e-08
1.467699993974036499e+00,2.148186517558769992e-08
1.467755067079345332e+00,2.143505106744214572e-08
1.467810119169197014e+00,2.138860111244866857e-08
1.467865150259624274e+00,2.134256682495561108e-08
1.467920160366640747e+00,2.129679899098846363e-08
1.467975149506242971e+00,2.125088371940364596e-08
1.468030117694408387e+00,2.120497377688934648e-08
1.468085064947096230e+00,2.115963049220681569e-08
1.468139991280247525e+00,2.111404029392360826e-08
1.468194896709785535e+00,2.106882135421983548e-08
1.468249781251614650e+00,2.102314056173781864e-08
1.468304644921621716e+00,2.097873874618016998e-08
1.468359487735675151e+00,2.093343809406178480e-08
1.468414309709625165e+00,2.088889239360014471e-08
1.468469110859304649e+00,2.084424188808498002e-08
1.468523891200527176e+00,2.079996974657660758e-08
1.468578650749089443e+00,2.075604221829507878e-08
1.468633389520769938e+00,2.071179316942561854e-08
1.468688107531328724e+00,2.066791715549243236e-08
1.468742804796507873e+00,2.062471260444453947e-08
1.468797481332033028e+00,2.058089343393021409e-08
1.468852137153609849e+00,2.053759828868351178e-08
1.468906772276927342e+00,2.049392477943001722e-08
1.468961386717656969e+00,2.045086411328611575e-08
1.469015980491451323e+00,2.040803614988817571e-08
1.469070553613946561e+00,2.036498969459898944e-08
1.469125106100759526e+00,2.032236778859441984e-08
1.469179637967491292e+00,2.027955758876487380e-08
1.469234149229722952e+00,2.023707423859377741e-08
1.469288639903020055e+00,2.019498523964102787e-08
1.469343110002929498e+00,2.015337585703491641e-08
1.469397559544980414e+00,2.011115185496237245e-08
1.469451988544684617e+00,2.006918009556102334e-08
1.469506397017537047e+00,2.002748544782662066e-08
1.469560784979013768e+00,1.998620113852211944e-08
1.469615152444574413e+00,1.994457932141813217e-08
1.469669499429660853e+00,1.990341047530819196e-08
1.469723825949697193e+00,1.986225406369612756e-08
1.469778132020090666e+00,1.982154707036443142e-08
1.469832417656230517e+00,1.977995722768355336e-08
1.469886682873489114e+00,1.974003893678855093e-08
1.469940927687221288e+00,1.969891805231327453e-08
1.469995152112764547e+00,1.965887364008267468e-08
1.470049356165439303e+00,1.961849349640942819e-08
1.470103539860548425e+00,1.957820217057815171e-08
1.470157703213377687e+00,1.953812400756760326e-08
1.470211846239195763e+00,1.949814887325374002e-08
1.470265968953253344e+00,1.945825900406816800e-08
1.470320071370785575e+00,1.941837446395311417e-08
1.470374153507009174e+00,1.937931060069786326e-08
1.470428215377123760e+00,1.933974580481390149e-08
1.470482256996312520e+00,1.930035864461387973e-08
1.470536278379741324e+00,1.926158432752345107e-08
1.470590279542558942e+00,1.922239789564628154e-08
1.470644260499897049e+00,1.918346015372662805e-08
1.470698221266870442e+00,1.914460234786474757e-08
1.470752161858577045e+00,1.910634317425774498e-08
1.470806082290097905e+00,1.906772340021234413e-08
1.470859982576496972e+00,1.902918711493839510e-08
1.470913862732821098e+00,1.899128676541295135e-08
1.470967722774101150e+00,1.895292811582294235e-08
1.471021562715350006e+00,1.891534751052859065e-08
1.471075382571565004e+00,1.887716294390884286e-08
1.471129182357725274e+00,1.883968181459749758e-08
1.471182962088794621e+00,1.880233213569226791e-08
1.471236721779718870e+00,1.876479949203258002e-08
1.471290461445428299e+00,1.872743737862947455e-08
1.471344181100835424e+00,1.869047849822891294e-08
1.471397880760836996e+00,1.865337750928119931e-08
1.471451560440312667e+00,1.861590348539721163e-08
1.471505220154125215e+00,1.857949172290318529e-08
1.471558859917121875e+00,1.854234810139132605e-08
1.471612479744132118e+00,1.850607134201709414e-08
1.471666079649969650e+00,1.846930786086886656e-08
1.471719659649431522e+00,1.843266872469939699e-08
1.471773219757297912e+00,1.839681829096662113e-08
1.471826759988333233e+00,1.836052199166715582e-08
1.471880280357285242e+00,1.832456852923769475e-08
1.471933780878884379e+00,1.828861684316507308e-08
1.471987261567846206e+00,1.825279305478488823e-08
1.472040722438868743e+00,1.821684136871226656e-08
1.472094163506634468e+00,1.818117745244762773e-08
1.472147584785808982e+00,1.814602867966641497e-08
1.472200986291041902e+00,1.811012140251477831e-08
1.472254368036966410e+00,1.807490335181682894e-08
1.472307730038199702e+00,1.803950766543493955e-08
1.472361072309342322e+00,1.800442817057046341e-08
1.472414394864979270e+00,1.796951742960573029e-08
1.472467697719678892e+00,1.793437220953819633e-08
1.472520980887992881e+00,1.789980252908662806e-08
1.472574244384458719e+00,1.786474612686106411e-08
1.472627488223595460e+00,1.782992775645197980e-08
1.472680712419907501e+00,1.779547886826549075e-08
1.472733916987882807e+00,1.776102820372216229e-08
1.472787101941993582e+00,1.772663260624085524e-08
1.472840267296695371e+00,1.769166857457094011e-08
1.472893413066428847e+00,1.765807056131052377e-08
1.472946539265617139e+00,1.762402135341289977e-08
1.472999645908668942e+00,1.758970569198936573e-08
1.473052733009976301e+00,1.755572398565163894e-08
1.473105800583915714e+00,1.752221123751951382e-08
1.473158848644847474e+00,1.748849420835085766e-08
1.473211877207116327e+00,1.745494770943878393e-08
1.473264886285051256e+00,1.742155752992857742e-08
1.473317875892964812e+00,1.738849064736314176e-08
1.473370846045154448e+00,1.735481447440179181e-08
1.473423796755902071e+00,1.732178311897314416e-08
1.473476728039472938e+00,1.728840715031765285e-08
1.473529639910117872e+00,1.725633680393912073e-08
1.473582532382070598e+00,1.722340314813664008e-08
1.473635405469549964e+00,1.719057252103084465e-08
1.473688259186759719e+00,1.715823927384008130e-08
1.473741093547886738e+00,1.712529495989656425e-08
1.473793908567103461e+00,1.709308250497088011e-08
1.473846704258566120e+00,1.706117380706473341e-08
1.473899480636415626e+00,1.702894536492749467e-08
1.473952237714777347e+00,1.699678797706383193e-08
1.474004975507761106e+00,1.696495566250177944e-08
1.474057694029461629e+00,1.693306828087770555e-08
1.474110393293957211e+00,1.690128037523663806e-08
1.474163073315312156e+00,1.686965767078163481e-08
1.474215734107574116e+00,1.683796924112357374e-08
1.474268375684775867e+00,1.680708194840008218e-08
1.474320998060934862e+00,1.677559424706487334e-08
1.474373601250053234e+00,1.674431970855039253e-08
1.474426185266117795e+00,1.671356741894669540e-08
1.474478750123100035e+00,1.668238169827418460e-08
1.474531295834956124e+00,1.665116755589224340e-08
1.474583822415626910e+00,1.662050053141683748e-08
1.474636329879038366e+00,1.658996673370438657e-08
1.474688818239100918e+00,1.655899950492312200e-08
1.474741287509709675e+00,1.652809444863123645e-08
1.474793737704745089e+00,1.649772940481852856e-08
1.474846168838072513e+00,1.646775515951048874e-08
1.474898580923541314e+00,1.643740077383881726e-08
1.474950973974986868e+00,1.640734303975932562e-08
1.475003348006228787e+00,1.637737057080812519e-08
1.475055703031071808e+00,1.634794521976346005e-08
1.475108039063305787e+00,1.631769563914531318e-08
1.475160356116705485e+00,1.628829338073956023e-08
1.475212654205030338e+00,1.625884671341282228e-08
1.475264933342025575e+00,1.622893819330784027e-08
1.475317193541420657e+00,1.619963541088509373e-08
1.475369434816930836e+00,1.617056533120830863e-08
1.475421657182256041e+00,1.614152189688411454e-08
1.475473860651081548e+00,1.611239142107478983e-08
1.475526045237077755e+00,1.608344568637676275e-08
1.475578210953899738e+00,1.605425126172121963e-08
1.475630357815188587e+00,1.602532506694842596e-08
1.475682485834570290e+00,1.599666532570154232e-08
1.475734595025655738e+00,1.596792387204004626e-08
1.475786685402041165e+00,1.593874543459605775e-08
1.475838756977308819e+00,1.591061682404415478e-08
1.475890809765025180e+00,1.588146147923907847e-08
1.475942843778742741e+00,1.585315878571691428e-08
1.475994859031999118e+00,1.582475661621174368e-08
1.476046855538317493e+00,1.579648412075584929e-08
1.476098833311205727e+00,1.576801444969078148e-08
1.476150792364158137e+00,1.574064256715246302e-08
1.476202732710653720e+00,1.571253527288263285e-08
1.476254654364157481e+00,1.568447416389062710e-08
1.476306557338118886e+00,1.565648943824271555e-08
1.476358441645974073e+00,1.562944262900600734e-08
1.476410307301144087e+00,1.560157159019581741e-08
1.476462154317035314e+00,1.557437023791408137e-08
1.476513982707040373e+00,1.554683848326021689e-08
1.476565792484536788e+00,1.551924277976013400e-08
1.476617583662888089e+00,1.549210537632461637e-08
1.476669356255442933e+00,1.546492889303863194e-08
1.476721110275536430e+00,1.543745753451730707e-08
1.476772845736488593e+00,1.541097205404184933e-08
1.476824562651605222e+00,1.538406735335229314e-08
1.476876261034178350e+00,1.535705251853869413e-08
1.476927940897484692e+00,1.533048177293494518e-08
1.476979602254788304e+00,1.530382220948922622e-08
1.477031245119337255e+00,1.527705251191946445e-08
1.477082869504366291e+00,1.525063808571758273e-08
1.477134475423096394e+00,1.522400516762445477e-08
1.477186062888732998e+00,1.519806502869869291e-08
1.477237631914468885e+00,1.517195613587318803e-08
1.477289182513481958e+00,1.514544401004513929e-08
1.477340714698935464e+00,1.511946656762575003e-08
1.477392228483979553e+00,1.509361169382827939e-08
1.477443723881749493e+00,1.506754188085324131e-08
1.477495200905367678e+00,1.504169411248312827e-08
1.477546659567940956e+00,1.501616964105778607e-08
1.477598099882562854e+00,1.499012292072166019e-08
1.477649521862313353e+00,1.496460555472367560e-08
1.477700925520257558e+00,1.493933154961268883e-08
1.477752310869447028e+00,1.491380352547366783e-08
1.477803677922919778e+00,1.488879242117491231e-08
1.477855026693699392e+00,1.486324929800275640e-08
1.477906357194795683e+00,1.483806677526899875e-08
1.477957669439204258e+00,1.481284339632793490e-08
1.478008963439907397e+00,1.478793265619060548e-08
1.478060239209873616e+00,1.476262134758599132e-08
1.478111496762057220e+00,1.473784649874687602e-08
1.478162736109398301e+00,1.471343491488141808e-08
1.478213957264824296e+00,1.468843890961579746e-08
1.478265160241247989e+00,1.466405485928135022e-08
1.478316345051568836e+00,1.463927734590697582e-08
1.478367511708672088e+00,1.461462684204661855e-08
1.478418660225429893e+00,1.459049059349126765e-08
1.478469790614700408e+00,1.456607101602003240e-08
1.478520902889328470e+00,1.454185838412058729e-08
1.478571997062144261e+00,1.451764397586430277e-08
1.478623073145965749e+00,1.449298459021974850e-08
1.478674131153596027e+00,1.446924180470432475e-08
1.478725171097825974e+00,1.444499098113283253e-08
1.478776192991431149e+00,1.442151642550015822e-08
1.478827196847174452e+00,1.439719987672560819e-08
1.478878182677806352e+00,1.437332386444722943e-08
1.478929150496061551e+00,1.434954821633027677e-08
1.478980100314663426e+00,1.432610119422861317e-08
1.479031032146320257e+00,1.430195784024590466e-08
1.479081946003727666e+00,1.427829054989615543e-08
1.479132841899568174e+00,1.425486928496866312e-08
1.479183719846509648e+00,1.423139117662231001e-08
1.479234579857207521e+00,1.420810136210093333e-08
1.479285421944303902e+00,1.418451045509527830e-08
1.479336246120426912e+00,1.416112205276931491e-08
1.479387052398192459e+00,1.413809780359542856e-08
1.479437840790201131e+00,1.411484262803242018e-08
1.479488611309042634e+00,1.409151906273109489e-08
1.479539363967291354e+00,1.406871596998371388e-08
1.479590098777509688e+00,1.404564287099674402e-08
1.479640815752246041e+00,1.402288152263508891e-08
1.479691514904036387e+00,1.399981108818337816e-08
1.479742196245402486e+00,1.397725313267983438e-08
1.479792859788853443e+00,1.395419957361809793e-08
1.479843505546885707e+00,1.393195869781038709e-08
1.479894133531981293e+00,1.390944071033572982e-08
1.479944743756610448e+00,1.388695913817628025e-08
1.479995336233229430e+00,1.386455217300408549e-08
1.480045910974281398e+00,1.384163716977582226e-08
1.480096467992196851e+00,1.381972225544814137e-08
1.480147007299393191e+00,1.379763059361494015e-08
1.480197528908274052e+00,1.377560643334163615e-08
1.480248032831231519e+00,1.375313551932322298e-08
1.480298519080643027e+00,1.373147817673725513e-08
1.480348987668874239e+00,1.370975866166190826e-08
1.480399438608276830e+00,1.368750623953474133e-08
1.480449871911190485e+00,1.366642532474315885e-08
1.480500287589941122e+00,1.364440649354037305e-08
1.480550685656842669e+00,1.362325452447521457e-08
1.480601066124195064e+00,1.360146661966155079e-08
1.480651429004286479e+00,1.358034396048424242e-08
1.480701774309391094e+00,1.355863510354993196e-08
1.480752102051771324e+00,1.353723355634883774e-08
1.480802412243676036e+00,1.351569789420636880e-08
1.480852704897341221e+00,1.349480882595344156e-08
1.480902980024990656e+00,1.347355471637001756e-08
1.480953237638835018e+00,1.345271627428701322e-08
1.481003477751072328e+00,1.343136446507742221e-08
1.481053700373887505e+00,1.341077382477351421e-08
1.481103905519453479e+00,1.338912447579332365e-08
1.481154093199929633e+00,1.336885180336366830e-08
1.481204263427462919e+00,1.334794319518550765e-08
1.481254416214188296e+00,1.332758614580598078e-08
1.481304551572227179e+00,1.330652388276121201e-08
1.481354669513688993e+00,1.328608245643181363e-08
1.481404770050669839e+00,1.326519694089256518e-08
1.481454853195254051e+00,1.324500509269910253e-08
1.481504918959512640e+00,1.322476261833571698e-08
1.481554967355504848e+00,1.320394016346426724e-08
1.481604998395276152e+00,1.318379183601336990e-08
1.481655012090860923e+00,1.316328379630249401e-08
1.481705008454280437e+00,1.314318875955677868e-08
1.481754987497542864e+00,1.312291253441344452e-08
1.481804949232644830e+00,1.310263009202117246e-08
1.481854893671569640e+00,1.308322250537230502e-08
1.481904820826289271e+00,1.306302799264358327e-08
1.481954730708762158e+00,1.304351560094119122e-08
1.482004623330935189e+00,1.302321983587262366e-08
1.482054498704741929e+00,1.300371543777600891e-08
1.482104356842104842e+00,1.298354046497252057e-08
1.482154197754932623e+00,1.296373497439162747e-08
1.482204021455122422e+00,1.294456986045133817e-08
1.482253827954559622e+00,1.292437978861471493e-08
1.482303617265115614e+00,1.290502993356312800e-08
1.482353389398651355e+00,1.288552731182335265e-08
1.482403144367014258e+00,1.286623518836904623e-08
1.482452882182039966e+00,1.284688089242536080e-08
1.482502602855552132e+00,1.282709227723444201e-08
1.482552306399361530e+00,1.280816874782431114e-08
1.482601992825267612e+00,1.278894590228674133e-08
1.482651662145056282e+00,1.276967864782818651e-08
1.482701314370503010e+00,1.275060235172986722e-08
1.482750949513369720e+00,1.273142125057802332e-08
1.482800567585407014e+00,1.271276062198012369e-08
1.482850168598352836e+00,1.269370919487755600e-08
1.482899752563933360e+00,1.267474836197379773e-08
1.482949319493862328e+00,1.265613480683214220e-08
1.482998869399841713e+00,1.263686932873042679e-08
1.483048402293562162e+00,1.261819804199149075e-08
1.483097918186700337e+00,1.259974524714380095e-08
1.483147417090922682e+00,1.258065829290444526e-08
1.483196899017882986e+00,1.256235826474494388e-08
1.483246363979223048e+00,1.254402803851917270e-08
1.483295811986572676e+00,1.252518799788049364e-08
1.483345243051549467e+00,1.250647230222057260e-08
1.483394657185759913e+00,1.248836056788604765e-08
1.483444054400797629e+00,1.247004988158550987e-08
1.483493434708245129e+00,1.245175162978284789e-08
1.483542798119672046e+00,1.243360259195469553e-08
1.483592144646637356e+00,1.241538338803138686e-08
1.483641474300687380e+00,1.239722102752693900e-08
1.483690787093356445e+00,1.237892099936743762e-08
1.483740083036168222e+00,1.236101709878312249e-08
1.483789362140632617e+00,1.234280411210875172e-08
1.483838624418249763e+00,1.232491797509283060e-08
1.483887869880506916e+00,1.230722013190188591e-08
1.483937098538879784e+00,1.228915724738044446e-08
1.483986310404832087e+00,1.227133772374600085e-08
1.484035505489816220e+00,1.225339740784647802e-08
1.484084683805273031e+00,1.223578749431908363e-08
1.484133845362630932e+00,1.221807455209500404e-08
1.484182990173307015e+00,1.220090517506378092e-08
1.484232118248707266e+00,1.218282896786604397e-08
1.484281229600225016e+00,1.216555567395971593e-08
1.484330324239242938e+00,1.214817046957250568e-08
1.484379402177131047e+00,1.213063427485394641e-08
1.484428463425248701e+00,1.211326239314303166e-08
1.484477507994943490e+00,1.209602995544400983e-08
1.484526535897551014e+00,1.207861011209843127e-08
1.484575547144395546e+00,1.206152955290917816e-08
1.484624541746790038e+00,1.204439836755000215e-08
1.484673519716035228e+00,1.202682664569465487e-08
1.484722481063421418e+00,1.200976029736011697e-08
1.484771425800226474e+00,1.199319932254638843e-08
1.484820353937717385e+00,1.197573595845824457e-08
1.484869265487149370e+00,1.195881349502769808e-08
1.484918160459766101e+00,1.194211129984523723e-08
1.484967038866800593e+00,1.192514176295844663e-08
1.485015900719472981e+00,1.190818199603427274e-08
1.485064746028993410e+00,1.189106413335139223e-08
1.485113574806560033e+00,1.187483356090979214e-08
1.485162387063359901e+00,1.185803366610116427e-08
1.485211182810568298e+00,1.184120179686942720e-08
1.485259962059349181e+00,1.182457332049580145e-08
1.485308724820856074e+00,1.180819708679337054e-08
1.485357471106230065e+00,1.179123287897709815e-08
1.485406200926601361e+00,1.177486730341570365e-08
1.485454914293089068e+00,1.175864916547197936e-08
1.485503611216801190e+00,1.174226227362851205e-08
1.485552291708833739e+00,1.172575636587680492e-08
1.485600955780272292e+00,1.170938102035279371e-08
1.485649603442190880e+00,1.169320995586531353e-08
1.485698234705652432e+00,1.167670404811360640e-08
1.485746849581708107e+00,1.166077367997786496e-08
1.485795448081399073e+00,1.164467455794238049e-08
1.485844030215754064e+00,1.162825569167580397e-08
1.485892595995791599e+00,1.161237683788840513e-08
1.485941145432518873e+00,1.159636120462437248e-08
1.485989678536931535e+00,1.158065465745039546e-08
1.486038195320015021e+00,1.156444895400454698e-08
1.486086695792742329e+00,1.154854700757823593e-08
1.486135179966076914e+00,1.153277828791487991e-08
1.486183647850969791e+00,1.151684259070862026e-08
1.486232099458362210e+00,1.150104900204951264e-08
1.486280534799183650e+00,1.148520123450680330e-08
1.486328953884352710e+00,1.146956751796324170e-08
1.486377356724776666e+00,1.145406436364737601e-08
1.486425743331352800e+00,1.143811534376482086e-08
1.486474113714966405e+00,1.142255356967325497e-08
1.486522467886492338e+00,1.140729022353070832e-08
1.486570805856794575e+00,1.139181016185375483e-08
1.486619127636725546e+00,1.137629457304001335e-08
1.486667433237127689e+00,1.136116623001726111e-08
1.486715722668832340e+00,1.134558047510836332e-08
1.486763995942659289e+00,1.133011906517822354e-08
1.486812253069417888e+00,1.131514615337891883e-08
1.486860494059907278e+00,1.129962434731623944e-08
1.486908718924914163e+00,1.128436011299527308e-08
1.486956927675216367e+00,1.126933302231236667e-08
1.487005120321579943e+00,1.125413717772971722e-08
1.487053296874759623e+00,1.123910386979787290e-08
1.487101457345500366e+00,1.122412029985753179e-08
1.487149601744536032e+00,1.120905146478889947e-08
1.487197730082589375e+00,1.119385739656308942e-08
1.487245842370372717e+00,1.117887382662274831e-08
1.487293938618588163e+00,1.116442227555580757e-08
1.487342018837926050e+00,1.114923087186525663e-08
1.487390083039066946e+00,1.113443204303621314e-08
1.487438131232680094e+00,1.111967051770079706e-08
1.487486163429424746e+00,1.110477398924558656e-08
1.487534179639948828e+00,1.109003022747856448e-08
1.487582179874890276e+00,1.107569680414144386e-08
1.487630164144875922e+00,1.106090685709659738e-08
1.487678132460521940e+00,1.104609914648335689e-08
1.487726084832434736e+00,1.103184121831191078e-08
1.487774021271208946e+00,1.101722446605890582e-08
1.487821941787429658e+00,1.100282442934030769e-08
1.487869846391671080e+00,1.098828583678823634e-08
1.487917735094496541e+00,1.097404744854202363e-08
1.487965607906459375e+00,1.095962165464925420e-08
1.488013464838101818e+00,1.094475088336821500e-08
1.488061305899956333e+00,1.093079404768104723e-08
1.488109131102544502e+00,1.091606716130399946e-08
1.488156940456377475e+00,1.090216805721411220e-08
1.488204733971955962e+00,1.088751488964589953e-08
1.488252511659770239e+00,1.087347900607937845e-08
1.488300273530300144e+00,1.085951861767853188e-08
1.488348019594015526e+00,1.084529621664387378e-08
1.488395749861375128e+00,1.083158895909264174e-08
1.488443464342827482e+00,1.081708855821261750e-08
1.488491163048811350e+00,1.080331823999358676e-08
1.488538845989754389e+00,1.078927880371338688e-08
1.488586513176074266e+00,1.077557243434057455e-08
1.488634164618178879e+00,1.076128164356759953e-08
1.488681800326464577e+00,1.074746514007074438e-08
1.488729420311318385e+00,1.073373123716692135e-08
1.488777024583116670e+00,1.071984545575332959e-08
1.488824613152225584e+00,1.070622968057932667e-08
1.488872186029001288e+00,1.069231192474262571e-08
1.488919743223789283e+00,1.067852117841994186e-08
1.488967284746924857e+00,1.066507593350252137e-08
1.489014810608733752e+00,1.065128341082299812e-08
1.489062320819530383e+00,1.063745269647142777e-08
1.489109815389620062e+00,1.062434407117507362e-08
1.489157294329297221e+00,1.061044407890676666e-08
1.489204757648846522e+00,1.059710008632919198e-08
1.489252205358542414e+00,1.058356957628348027e-08
1.489299637468648907e+00,1.057018561567701909e-08
1.489347053989420244e+00,1.055681053685475490e-08
1.489394454931100453e+00,1.054386711274446498e-08
1.489441840303923348e+00,1.052979481386273619e-08
1.489489210118112750e+00,1.051672349206000945e-08
1.489536564383882489e+00,1.050374365263451182e-08
1.489583903111436625e+00,1.049027975597027762e-08
1.489631226310968337e+00,1.047679720755922972e-08
1.489678533992661480e+00,1.046350206479473854e-08
1.489725826166689471e+00,1.045052577808291971e-08
1.489773102843216179e+00,1.043765163188936640e-08
1.489820364032395483e+00,1.042447195231943624e-08
1.489867609744370380e+00,1.041121411304857247e-08
1.489914839989275208e+00,1.039850694439792278e-08
1.489962054777233202e+00,1.038532193575747442e-08
1.490009254118358717e+00,1.037237673529034510e-08
1.490056438022755003e+00,1.035948393734997808e-08
1.490103606500516431e+00,1.034660268572906716e-08
1.490150759561727378e+00,1.033339369627128690e-08
1.490197897216461342e+00,1.032086771601825603e-08
1.490245019474783383e+00,1.030763030485104537e-08
1.490292126346747681e+00,1.029525442675094382e-08
1.490339217842398645e+00,1.028264495772646114e-08
1.490386293971771137e+00,1.026976903517606843e-08
1.490433354744890249e+00,1.025687446087886201e-08
1.490480400171771302e+00,1.024410156702515451e-08
1.490527430262419184e+00,1.023172124803295446e-08
1.490574445026829897e+00,1.021893236696769236e-08
1.490621444474989232e+00,1.020612216962035745e-08
1.490668428616873209e+00,1.019391149270632013e-08
1.490715397462448077e+00,1.018160489252295520e-08
1.490762351021670318e+00,1.016882844595556890e-08
1.490809289304487084e+00,1.015651385216642666e-08
1.490856212320835539e+00,1.014398343102129729e-08
1.490903120080642852e+00,1.013147521433666043e-08
1.490950012593826868e+00,1.011925121474632761e-08
1.490996889870296105e+00,1.010697125991555367e-08
1.491043751919948868e+00,1.009430050658011169e-08
1.491090598752673468e+00,1.008216532483174888e-08
1.491137430378349782e+00,1.007011540821167728e-08
1.491184246806847025e+00,1.005785499330613675e-08
1.491231048048025309e+00,1.004572780516355124e-08
1.491277834111734757e+00,1.003325333925886298e-08
1.491324605007816828e+00,1.002174698783164786e-08
1.491371360746102104e+00,1.000905669457097247e-08
1.491418101336412283e+00,9.997095595792870881e-09
1.491464826788559961e+00,9.984876037094636558e-09
1.491511537112347296e+00,9.972952241810162377e-09
1.491558232317567567e+00,9.960944069575816684e-09
1.491604912414004502e+00,9.949062018677068409e-09
1.491651577411432061e+00,9.937009437521737709e-09
1.491698227319614656e+00,9.925252619780167151e-09
1.491744862148307815e+00,9.912965559522035619e-09
1.491791481907256856e+00,9.901345521257098881e-09
1.491838086606197766e+00,9.889477681213065807e-09
1.491884676254858100e+00,9.877677342728929943e-09
1.491931250862954972e+00,9.865733119340802659e-09
1.491977810440196395e+00,9.853916793645112193e-09
1.492024354996280389e+00,9.842399784076860669e-09
1.492070884540896758e+00,9.830484870576583489e-09
1.492117399083725093e+00,9.818968749186751666e-09
1.492163898634435881e+00,9.807103573677977693e-09
1.492210383202690283e+00,9.795645183885426377e-09
1.492256852798139910e+00,9.784059784578857943e-09
1.492303307430427495e+00,9.772571196720036824e-09
1.492349747109186220e+00,9.760959152060877386e-09
1.492396171844039277e+00,9.749151708149383921e-09
1.492442581644602084e+00,9.737835426903984626e-09
1.492488976520479182e+00,9.726506711160709528e-09
1.492535356481267561e+00,9.714701931784475164e-09
1.492581721536552664e+00,9.703468251132107980e-09
1.492628071695913050e+00,9.691838442904554540e-09
1.492674406968916623e+00,9.681011547968410014e-09
1.492720727365122846e+00,9.669335554463032167e-09
1.492767032894080970e+00,9.657849631139470148e-09
1.492813323565332029e+00,9.646907273008764605e-09
1.492859599388407288e+00,9.635478193104063394e-09
1.492905860372829574e+00,9.624261387841670512e-09
1.492952106528111722e+00,9.612936224812074215e-09
1.492998337863757685e+00,9.601568429218332312e-09
1.493044554389262535e+00,9.590619853838688869e-09
1.493090756114112017e+00,9.579587789687593613e-09
1.493136943047782772e+00,9.568241310375924513e-09
1.493183115199742117e+00,9.557320268527291773e-09
1.493229272579449152e+00,9.546344159616637626e-09
1.493275415196352762e+00,9.535260581117199763e-09
1.493321543059893397e+00,9.524004696004340076e-09
1.493367656179502623e+00,9.513424714668872184e-09
1.493413754564602236e+00,9.502425513119305833e-09
1.493459838224605818e+00,9.491387231719272677e-09
1.493505907168917179e+00,9.480444873588567134e-09
1.493551961406931916e+00,9.469658834859728813e-09
1.493598000948036075e+00,9.458549499186119647e-09
1.493644025801606823e+00,9.447714610644197819e-09
1.493690035977012442e+00,9.436838865894969786e-09
1.493736031483612114e+00,9.426151414970718179e-09
1.493782012330756581e+00,9.415454194083849870e-09
1.493827978527786371e+00,9.404597989259855240e-09
1.493873930084035129e+00,9.393834154991509422e-09
1.493919867008825619e+00,9.383343879676431243e-09
1.493965789311472614e+00,9.372532083773421618e-09
1.494011697001281780e+00,9.361706077015696792e-09
1.494057590087550569e+00,9.351095897613959096e-09
1.494103468579566441e+00,9.340822337833287747e-09
1.494149332486608417e+00,9.330189953971057548e-09
1.494195181817947526e+00,9.319753857539581077e-09
1.494241016582844361e+00,9.308897652715586446e-09
1.494286836790552186e+00,9.298410930114187067e-09
1.494332642450314497e+00,9.288219970926547830e-09
1.494378433571367015e+00,9.277743018287765153e-09
1.494424210162934807e+00,9.267242973010070273e-09
1.494469972234236277e+00,9.256816646541210503e-09
1.494515719794479836e+00,9.246507559623751149e-09
1.494561452852865457e+00,9.236085674046989880e-09
1.494607171418584013e+00,9.225361807807530568e-09
1.494652875500818379e+00,9.215391116867976962e-09
1.494698565108742327e+00,9.204842221777198574e-09
1.494744240251520528e+00,9.194751626750985452e-09
1.494789900938309213e+00,9.184518034999200609e-09
1.494835547178256618e+00,9.174236481612751959e-09
1.494881178980500991e+00,9.164142333872860036e-09
1.494926796354173026e+00,9.154206281891674735e-09
1.494972399308394095e+00,9.143676038547710050e-09
1.495017987852277574e+00,9.133771072811214253e-09
1.495063561994927515e+00,9.123389155263339489e-09
1.495109121745439307e+00,9.113310994735002168e-09
1.495154667112900793e+00,9.103366949148039566e-09
1.495200198106389600e+00,9.093420239025817864e-09
1.495245714734976472e+00,9.083096941253643308e-09
1.495291217007721940e+00,9.072870454929216066e-09
1.495336704933679428e+00,9.063123584951426892e-09
1.495382178521892813e+00,9.053315430662678409e-09
1.495427637781397534e+00,9.043218618387527385e-09
1.495473082721220814e+00,9.033273684622145083e-09
1.495518513350381662e+00,9.023465530333396600e-09
1.495563929677889314e+00,9.013714219463508925e-09
1.495609331712746126e+00,9.003634282578332204e-09
1.495654719463944904e+00,8.994096134529172559e-09
1.495700092940469572e+00,8.983889188129978720e-09
1.495745452151297172e+00,8.974254228633071762e-09
1.495790797105394532e+00,8.964176956283154141e-09
1.495836127811721372e+00,8.954801344884799619e-09
1.495881444279228312e+00,8.944950558031905530e-09
1.495926746516857531e+00,8.935268525078754465e-09
1.495972034533542772e+00,8.925463035325265082e-09
1.496017308338210006e+00,8.915853833002529427e-09
1.496062567939775656e+00,8.905894688382431923e-09
1.496107813347148818e+00,8.896760661514235835e-09
1.496153044569229706e+00,8.886840596744605136e-09
1.496198261614910319e+00,8.877317547728580394e-09
1.496243464493073771e+00,8.867520051580868312e-09
1.496288653212595854e+00,8.858250133414458105e-09
1.496333827782343473e+00,8.848525467897161434e-09
1.496378988211174654e+00,8.839115217540438607e-09
1.496424134507940096e+00,8.829763586959415989e-09
1.496469266681481392e+00,8.820130403819348430e-09
1.496514384740632586e+00,8.810825846694569918e-09
1.496559488694218620e+00,8.801134043778802152e-09
1.496604578551056886e+00,8.792027550441616768e-09
1.496649654319956113e+00,8.782496507819814724e-09
1.496694716009716819e+00,8.772936155310162576e-09
1.496739763629131081e+00,8.763900716246553202e-09
1.496784797186983651e+00,8.754403424404699763e-09
1.496829816692049731e+00,8.745145052557745657e-09
1.496874822153097417e+00,8.735785428370945738e-09
1.496919813578885483e+00,8.726593669905469142e-09
1.496964790978166038e+00,8.717297994564887631e-09
1.497009754359681644e+00,8.707978338406974217e-09
1.497054703732167535e+00,8.698878062318726734e-09
1.497099639104350066e+00,8.689599262368119525e-09
1.497144560484947817e+00,8.680351548662201822e-09
1.497189467882671599e+00,8.671356965805898653e-09
1.497234361306223560e+00,8.662253137003972370e-09
1.497279240764297858e+00,8.652940586273416557e-09
1.497324106265580435e+00,8.643906923566646583e-09
1.497368957818749680e+00,8.634613024582904472e-09
1.497413795432475103e+00,8.625455905075796181e-09
1.497458619115418665e+00,8.616755309276413755e-09
1.497503428876233889e+00,8.607428547691142739e-09
1.497548224723566523e+00,8.598669332116060104e-09
1.497593006666054327e+00,8.589372768597058894e-09
1.497637774712327063e+00,8.580844479411098291e-09
1.497682528871006058e+00,8.571630516485129192e-09
1.497727269150704643e+00,8.562680342549811030e-09
1.497771995560028602e+00,8.553625363560968253e-09
1.497816708107575279e+00,8.544760454753941303e-09
1.497861406801934470e+00,8.535780082752353337e-09
1.497906091651687310e+00,8.527075934239292110e-09
1.497950762665407831e+00,8.517941907371096022e-09
1.497995419851661403e+00,8.509636550968480151e-09
1.498040063219005624e+00,8.500748549522540998e-09
1.498084692775990323e+00,8.491417347045171482e-09
1.498129308531157333e+00,8.483091562538902508e-09
1.498173910493040495e+00,8.474150270387781347e-09
1.498218498670165655e+00,8.465355527675910707e-09
1.498263073071050666e+00,8.456699340797513287e-09
1.498307633704206276e+00,8.448202137856242189e-09
1.498352180578134352e+00,8.439164034257373714e-09
1.498396713701329208e+00,8.430785847224342433e-09
1.498441233082277835e+00,8.422182062872707320e-09
1.498485738729458339e+00,8.413390872874515480e-09
1.498530230651341943e+00,8.404800411199175869e-09
1.498574708856391435e+00,8.396012773914662830e-09
1.498619173353062273e+00,8.387584848890128342e-09
1.498663624149801477e+00,8.378752802684630296e-09
1.498708061255048740e+00,8.370403037361029419e-09
1.498752484677235985e+00,8.362016856722220837e-09
1.498796894424787141e+00,8.353490343893099634e-09
1.498841290506118362e+00,8.344661850401280390e-09
1.498885672929637591e+00,8.336458634516930033e-09
1.498930041703746330e+00,8.327942779828845232e-09
1.498974396836836975e+00,8.319172906112726196e-09
1.499018738337294820e+00,8.310943044875784835e-09
1.499063066213497386e+00,8.302635023937909864e-09
1.499107380473814422e+00,8.294271935938013485e-09
1.499151681126607683e+00,8.285795161100395489e-09
1.499195968180232041e+00,8.277490692876199319e-09
1.499240241643033267e+00,8.268917994769253710e-09
1.499284501523351576e+00,8.260428785433759913e-09
1.499328747829516972e+00,8.252232674976767157e-09
1.499372980569853686e+00,8.244128935075423215e-09
1.499417199752677732e+00,8.235632620312571817e-09
1.499461405386297352e+00,8.227644343605788890e-09
1.499505597479013019e+00,8.219251057539622707e-09
1.499549776039118099e+00,8.211245017264445778e-09
1.499593941074897741e+00,8.202682977298536571e-09
1.499638092594629990e+00,8.194470879629989213e-09
1.499682230606585120e+00,8.186674449461861514e-09
1.499726355119025634e+00,8.178242083545228525e-09
1.499770466140206704e+00,8.170024656806162966e-09
1.499814563678375512e+00,8.162062137273551343e-09
1.499858647741772355e+00,8.153940633803813398e-09
1.499902718338629759e+00,8.145592644837051921e-09
1.499946775477172034e+00,8.137472029545733676e-09
1.499990819165617051e+00,8.129392270461721637e-09
1.500034849412174243e+00,8.121396000149161409e-09
1.500078866225045937e+00,8.113389071695564780e-09
1.500122869612426912e+00,8.105504711863886769e-09
1.500166859582504619e+00,8.097197579104431497e-09
1.500210836143458515e+00,8.089216407825006172e-09
1.500254799303461173e+00,8.081485702859936282e-09
1.500298749070677395e+00,8.073347324000224035e-09
1.500342685453264435e+00,8.065494050413235527e-09
1.500386608459372439e+00,8.057437383968135691e-09
1.500430518097143562e+00,8.049594768522183585e-09
1.500474414374713295e+00,8.041708632333666174e-09
1.500518297300208914e+00,8.033640419569110236e-09
1.500562166881750592e+00,8.025887510143547843e-09
1.500606023127451616e+00,8.017972952245600027e-09
1.500649866045417058e+00,8.009877205950033385e-09
1.500693695643744885e+00,8.002491114211807144e-09
1.500737511930526180e+00,7.994669815047927841e-09
1.500781314913843367e+00,7.986684202876404015e-09
1.500825104601773097e+00,7.978973926014987228e-09
1.500868881002383803e+00,7.971240556514658238e-09
1.500912644123736595e+00,7.963392611998187931e-09
1.500956393973885472e+00,7.955788916547135159e-09
1.501000130560876888e+00,7.947728697388356522e-09
1.501043853892750191e+00,7.940145430040956853e-09
1.501087563977537176e+00,7.932506207453116076e-09
1.501131260823262759e+00,7.924914946499939106e-09
1.501174944437943859e+00,7.917130950829687208e-09
1.501218614829590958e+00,7.909507715453401033e-09
1.501262272006206988e+00,7.901770793239393242e-09
1.501305915975786887e+00,7.894101372585282661e-09
1.501349546746319374e+00,7.886701069992341218e-09
1.501393164325785623e+00,7.878928620641545422e-09
1.501436768722159032e+00,7.871530982583863079e-09
1.501480359943406562e+00,7.863908635385996604e-09
1.501523937997487179e+00,7.856227668412429921e-09
1.501567502892353190e+00,7.848748317940135166e-09
1.501611054635949793e+00,7.841375548878204427e-09
1.501654593236214419e+00,7.833839354987048864e-09
1.501698118701077833e+00,7.826033154856304463e-09
1.501741631038463254e+00,7.818833580586215248e-09
1.501785130256287015e+00,7.811659763490297337e-09
1.501828616362458346e+00,7.803746981949188921e-09
1.501872089364878482e+00,7.796593592956924113e-09
1.501915549271443329e+00,7.789031641891597246e-09
1.501958996090039689e+00,7.781666866435443808e-09
1.502002429828548147e+00,7.774111132619054843e-09
1.502045850494842405e+00,7.766857379465363920e-09
1.502089258096788615e+00,7.759485498581852880e-09
1.502132652642245825e+00,7.752159802976166247e-09
1.502176034139066640e+00,7.744715091462239798e-09
1.502219402595095676e+00,7.737566143362073490e-09
1.502262758018170663e+00,7.729703099812468281e-09
1.502306100416123114e+00,7.722795736242460407e-09
1.502349429796776326e+00,7.715447836176281271e-09
1.502392746167947379e+00,7.708253590976710257e-09
1.502436049537446028e+00,7.700936777155220625e-09
1.502479339913074918e+00,7.693829573440780223e-09
1.502522617302629815e+00,7.686374203785817372e-09
1.502565881713899154e+00,7.679346047950730281e-09
1.502609133154664933e+00,7.671953738963566138e-09
1.502652371632701822e+00,7.665033940895682463e-09
1.502695597155777163e+00,7.657395606486261386e-09
1.502738809731651859e+00,7.650348798904360592e-09
1.502782009368079930e+00,7.643550681279975834e-09
1.502825196072807845e+00,7.636189458537501196e-09
1.502868369853575636e+00,7.629216369764435512e-09
1.502911530718115785e+00,7.621920872225018684e-09
1.502954678674154554e+00,7.614769259589593275e-09
1.502997813729411103e+00,7.607916074903187109e-09
1.503040935891597041e+00,7.600712059740999393e-09
1.503084045168417981e+00,7.593597750599201390e-09
1.503127141567572211e+00,7.586653083535566111e-09
1.503170225096750912e+00,7.579581406957913714e-09
1.503213295763638380e+00,7.572415583467773104e-09
1.503256353575912474e+00,7.565430948375251319e-09
1.503299398541243725e+00,7.558596415435658855e-09
1.503342430667296448e+00,7.551404834771346941e-09
1.503385449961727405e+00,7.544867841602354019e-09
1.503428456432186477e+00,7.537421353731588169e-09
1.503471450086317329e+00,7.530662315957670216e-09
1.503514430931756518e+00,7.523747846960304742e-09
1.503557398976133497e+00,7.516866240564468171e-09
1.503600354227071056e+00,7.509592947485543846e-09
1.503643296692185105e+00,7.502928056624114106e-09
1.503686226379085555e+00,7.496085530078744341e-09
1.503729143295374326e+00,7.489193265541871369e-09
1.503772047448647564e+00,7.482283237436604395e-09
1.503814938846493421e+00,7.475642327392506559e-09
1.503857817496494720e+00,7.468659468656824174e-09
1.503900683406226513e+00,7.461844475642465113e-09
1.503943536583257412e+00,7.454942441142975440e-09
1.503986377035149369e+00,7.447964023299391556e-09
1.504029204769457673e+00,7.441434135557756235e-09
1.504072019793730730e+00,7.434740378897686242e-09
1.504114822115509842e+00,7.427862769304738322e-09
1.504157611742330536e+00,7.421104175620030219e-09
1.504200388681720790e+00,7.414304725728015910e-09
1.504243152941202144e+00,7.407820135085785296e-09
1.504285904528289919e+00,7.400789314715439104e-09
1.504328643450491665e+00,7.394094669876949411e-09
1.504371369715309825e+00,7.387527922730896535e-09
1.504414083330238627e+00,7.380890565400477499e-09
1.504456784302766525e+00,7.374135524429448196e-09
1.504499472640375091e+00,7.367861876161896362e-09
1.504542148350539232e+00,7.360758669250344610e-09
1.504584811440727421e+00,7.354206132959006936e-09
1.504627461918401021e+00,7.347504826782369491e-09
1.504670099791015625e+00,7.341142804762057494e-09
1.504712725066019496e+00,7.334449048101987501e-09
1.504755337750854238e+00,7.327851214711245120e-09
1.504797937852955680e+00,7.321380834923729708e-09
1.504840525379751881e+00,7.314772787481160776e-09
1.504883100338665569e+00,7.308120331117606838e-09
1.504925662737111924e+00,7.301908411250224162e-09
1.504968212582499909e+00,7.295117399053197005e-09
1.505010749882232490e+00,7.288692316365086299e-09
1.505053274643704642e+00,7.281910185952256143e-09
1.505095786874306674e+00,7.275736901846130422e-09
1.505138286581420681e+00,7.269234991724715655e-09
1.505180773772423430e+00,7.262503043392598556e-09
1.505223248454684581e+00,7.256298673041783331e-09
1.505265710635567356e+00,7.249658651176105195e-09
1.505308160322428535e+00,7.243408539636675414e-09
1.505350597522618461e+00,7.236720556136333471e-09
1.505393022243481038e+00,7.230423371140659583e-09
1.505435434492353286e+00,7.223800224664955749e-09
1.505477834276566451e+00,7.217699771189245439e-09
1.505520221603444453e+00,7.211228947312520177e-09
1.505562596480305881e+00,7.204750573919227463e-09
1.505604958914461333e+00,7.198526219553968986e-09
1.505647308913216964e+00,7.191925277538757655e-09
1.505689646483870492e+00,7.186041983686664025e-09
1.505731971633714750e+00,7.179264738255142220e-09
1.505774284370034799e+00,7.173106553182151401e-09
1.505816584700111038e+00,7.166812920900156314e-09
1.505858872631215428e+00,7.160443793452486716e-09
1.505901148170615267e+00,7.154268732989521595e-09
1.505943411325570302e+00,7.147846758925879840e-09
1.505985662103334288e+00,7.141523816756034648e-09
1.506027900511155426e+00,7.135372293021191581e-09
1.506070126556273925e+00,7.129086654344973795e-09
1.506112340245924885e+00,7.122731293662809549e-09
1.506154541587336970e+00,7.116871536538837972e-09
1.506196730587731514e+00,7.110334543369845051e-09
1.506238907254324966e+00,7.104155930193201129e-09
1.506281071594326004e+00,7.098377885483841965e-09
1.506323223614938422e+00,7.091821352389615640e-09
1.506365363323358464e+00,7.085799502704048791e-09
1.506407490726776599e+00,7.079521857633608306e-09
1.506449605832377303e+00,7.073424512782366946e-09
1.506491708647337946e+00,7.067304075292213383e-09
1.506533799178830124e+00,7.061265350216672232e-09
1.506575877434019883e+00,7.055022788193809902e-09
1.506617943420065497e+00,7.048849504087684181e-09
1.506659997144119911e+00,7.042970651127689052e-09
1.506702038613329631e+00,7.036783156166848130e-09
1.506744067834835166e+00,7.030854121126139944e-09
1.506786084815770366e+00,7.025014792105821471e-09
1.506828089563262862e+00,7.018583492168772864e-09
1.506870082084434515e+00,7.012463498767829151e-09
1.506912062386400741e+00,7.006588198521512822e-09
1.506954030476270301e+00,7.000437118875879605e-09
1.506995986361146400e+00,6.994542278704329874e-09
1.507037930048125807e+00,6.988522649464812275e-09
1.507079861544298849e+00,6.982683764533703652e-09
1.507121780856750304e+00,6.976736077746181763e-09
1.507163687992558065e+00,6.970553467766649192e-09
1.507205582958794476e+00,6.964684384769270764e-09
1.507247465762524996e+00,6.958970732995339858e-09
1.507289336410809755e+00,6.952767694912154184e-09
1.507331194910701999e+00,6.946889286041368905e-09
1.507373041269249425e+00,6.941083263711789186e-09
1.507414875493493067e+00,6.935418461750941788e-09
1.507456697590468631e+00,6.929103069097664047e-09
1.507498507567204715e+00,6.923713158357713837e-09
1.507540305430724814e+00,6.917541206519217667e-09
1.507582091188045093e+00,6.911730299208329598e-09
1.507623864846176609e+00,6.905841232196507917e-09
1.507665626412124205e+00,6.899820270689360768e-09
1.507707375892886503e+00,6.894196324935819575e-09
1.507749113295455912e+00,6.888147829897661722e-09
1.507790838626818841e+00,6.882401315522201912e-09
1.507832551893955708e+00,6.876576641445808491e-09
1.507874253103841156e+00,6.870861213315038185e-09
1.507915942263442943e+00,6.865060075966766817e-09
1.507957619379723502e+00,6.859520063073887286e-09
1.507999284459639266e+00,6.853628331526806505e-09
1.508040937510140456e+00,6.847817424215918436e-09
1.508082578538171070e+00,6.842026500919473619e-09
1.508124207550669560e+00,6.836201826843080198e-09
1.508165824554567713e+00,6.830342957897528322e-09
1.508207429556791990e+00,6.824946829908640211e-09
1.508249022564262631e+00,6.819428577387043333e-09
1.508290603583893441e+00,6.813799302562983939e-09
1.508332172622592893e+00,6.807636676597894620e-09
1.508373729687263465e+00,6.801947449730505468e-09
1.508415274784800975e+00,6.796754714599728686e-09
1.508456807922096132e+00,6.791013085205577227e-09
1.508498329106033209e+00,6.785109807339040344e-09
1.508539838343490480e+00,6.779697248049387781e-09
1.508581335641340671e+00,6.773949845495508271e-09
1.508622821006450287e+00,6.768285487623870722e-09
1.508664294445680065e+00,6.762677529081884131e-09
1.508705755965884521e+00,6.757128634404807599e-09
1.508747205573912842e+00,6.751350589695448434e-09
1.508788643276607777e+00,6.745888292414292664e-09
1.508830069080806302e+00,6.740171532015892808e-09
1.508871482993339619e+00,6.734841573319272356e-09
1.508912885021032491e+00,6.729304224961651926e-09
1.508954275170705461e+00,6.723510637129948009e-09
1.508995653449171304e+00,6.718074541112173392e-09
1.509037019863237461e+00,6.712581157586328118e-09
1.509078374419706492e+00,6.706976751758020328e-09
1.509119717125373628e+00,6.701628585403796023e-09
1.509161047987029214e+00,6.696155629981603852e-09
1.509202367011458046e+00,6.690497933448114054e-09
1.509243674205437591e+00,6.685296316533140271e-09
1.509284969575741542e+00,6.679825581556997349e-09
1.509326253129136042e+00,6.674000907480603928e-09
1.509367524872382571e+00,6.668813945509555197e-09
1.509408784812235726e+00,6.663270823992206715e-09
1.509450032955445442e+00,6.658003037784965272e-09
1.509491269308755435e+00,6.652450146305000089e-09
1.509532493878902981e+00,6.646940331478390362e-09
1.509573706672620697e+00,6.641588612410487258e-09
1.509614907696634756e+00,6.636267091408853958e-09
1.509656096957665561e+00,6.630771487436959433e-09
1.509697274462428185e+00,6.625373139002022072e-09
1.509738440217631261e+00,6.620044068483821320e-09
1.509779594229978539e+00,6.614738090604532772e-09
1.509820736506167327e+00,6.609250036149205698e-09
1.509861867052889828e+00,6.603969371354878604e-09
1.509902985876831361e+00,6.598692259274230310e-09
1.509944092984673247e+00,6.593198875748385035e-09
1.509985188383089705e+00,6.587875134300702484e-09
1.510026272078750065e+00,6.582600242666103441e-09
1.510067344078316998e+00,6.577582034594797733e-09
1.510108404388448733e+00,6.572147270844652667e-09
1.510149453015796839e+00,6.566838628430105018e-09
1.510190489967007776e+00,6.561467813526178361e-09
1.510231515248722012e+00,6.556250209399649975e-09
1.510272528867574682e+00,6.550809672489776858e-09
1.510313530830194706e+00,6.545634256838184228e-09
1.510354521143206119e+00,6.540393560072743639e-09
1.510395499813226294e+00,6.535262109252926166e-09
1.510436466846868164e+00,6.529902840668455610e-09
1.510477422250738000e+00,6.524723428213974330e-09
1.510518366031436965e+00,6.519677242522448068e-09
1.510559298195560674e+00,6.513854344802894047e-09
1.510600218749699186e+00,6.509310424007708207e-09
1.510641127700436126e+00,6.504084382186192670e-09
1.510682025054350452e+00,6.498603877247433047e-09
1.510722910818015574e+00,6.493536819363043833e-09
1.510763784997998016e+00,6.488543924376699579e-09
1.510804647600860751e+00,6.483056758099792205e-09
1.510845498633159201e+00,6.478205971660599971e-09
1.510886338101444570e+00,6.472888891551065171e-09
1.510927166012262068e+00,6.467720137237620293e-09
1.510967982372150908e+00,6.462732127232584389e-09
1.511008787187645641e+00,6.457884893507070956e-09
1.511049580465274156e+00,6.452302692139255669e-09
1.511090362211560345e+00,6.447447020718755084e-09
1.511131132433020996e+00,6.442430589004288777e-09
1.511171891136168011e+00,6.437081978560854623e-09
1.511212638327508406e+00,6.432266275169240544e-09
1.511253374013542539e+00,6.427221421745343832e-09
1.511294098200765879e+00,6.422123277616265113e-09
1.511334810895668568e+00,6.416891906724231376e-09
1.511375512104734753e+00,6.411886133150801470e-09
1.511416201834443696e+00,6.406926544855195971e-09
1.511456880091268440e+00,6.401882135520509109e-09
1.511497546881677367e+00,6.397079310715980682e-09
1.511538202212132420e+00,6.391881690603895549e-09
1.511578846089091321e+00,6.386869699781527743e-09
1.511619478519005133e+00,6.381978057135029303e-09
1.511660099508320032e+00,6.376985606237894899e-09
1.511700709063477088e+00,6.372065541881966055e-09
1.511741307190911154e+00,6.367066429646683901e-09
1.511781893897052198e+00,6.361988713621258285e-09
1.511822469188324636e+00,6.357343984575436480e-09
1.511863033071147777e+00,6.352195214276434854e-09
1.511903585551934270e+00,6.347279590812604511e-09
1.511944126637093211e+00,6.342325775676727062e-09
1.511984656333027033e+00,6.337370628273220063e-09
1.512025174646132841e+00,6.332253388308117792e-09
1.512065681582803078e+00,6.327733892419473705e-09
1.512106177149423969e+00,6.322675272230071641e-09
1.512146661352376853e+00,6.317722345272613893e-09
1.512187134198037519e+00,6.312873335190261059e-09
1.512227595692776427e+00,6.308113142949878238e-09
1.512268045842959152e+00,6.303403132790208474e-09
1.512308484654944829e+00,6.298355614831052662e-09
1.512348912135087931e+00,6.293504384302650578e-09
1.512389328289738044e+00,6.288624732064818090e-09
1.512429733125238540e+00,6.283697118192321796e-09
1.512470126647927904e+00,6.278857433983375813e-09
1.512510508864139069e+00,6.274146535645286349e-09
1.512550879780200086e+00,6.269167407424447447e-09
1.512591239402433674e+00,6.264405882916435075e-09
1.512631587737156336e+00,6.259496032612332783e-09
1.512671924790680134e+00,6.255092444007459562e-09
1.512712250569312022e+00,6.250067130508796254e-09
1.512752565079352962e+00,6.245219452694072970e-09
1.512792868327099027e+00,6.240477468111294002e-09
1.512833160318840742e+00,6.235753247096909035e-09
1.512873441060864188e+00,6.230877591661965198e-09
1.512913710559449010e+00,6.226388293839590915e-09
1.512953968820869965e+00,6.221466453126822671e-09
1.512994215851397373e+00,6.216828829508358467e-09
1.513034451657295332e+00,6.212041547826174792e-09
1.513074676244823058e+00,6.207350633502528581e-09
1.513114889620234438e+00,6.202646396502586867e-09
1.513155091789778250e+00,6.197977242550223309e-09
1.513195282759698168e+00,6.193027868306444361e-09
1.513235462536232756e+00,6.188503931525701773e-09
1.513275631125614362e+00,6.183921374969258977e-09
1.513315788534071560e+00,6.179061262656659892e-09
1.513355934767826705e+00,6.174486699705994397e-09
1.513396069833096824e+00,6.169857957871727194e-09
1.513436193736095170e+00,6.164994736934659159e-09
1.513476306483028333e+00,6.160628007734203493e-09
1.513516408080098685e+00,6.155737253266124753e-09
1.513556498533502381e+00,6.151126719089461403e-09
1.513596577849431357e+00,6.146573916510078561e-09
1.513636646034072220e+00,6.141605002341066211e-09
1.513676703093605580e+00,6.137462982280794677e-09
1.513716749034208497e+00,6.132717000895127057e-09
1.513756783862051591e+00,6.127978569026026889e-09
1.513796807583300819e+00,6.123251239387172973e-09
1.513836820204116806e+00,6.119153184158676595e-09
1.513876821730655076e+00,6.114426298609032528e-09
1.513916812169066262e+00,6.109731387482497666e-09
1.513956791525495893e+00,6.105127070554772217e-09
1.513996759806084169e+00,6.100674632136815490e-09
1.514036717016965961e+00,6.095961957441886625e-09
1.514076663164271919e+00,6.091509074934720047e-09
1.514116598254126700e+00,6.086870119048626293e-09
1.514156522292650076e+00,6.082402137508324813e-09
1.514196435285957376e+00,6.077915948310419481e-09
1.514236337240157715e+00,6.073352043500790387e-09
1.514276228161355986e+00,6.068755720178842239e-09
1.514316108055652421e+00,6.064475144285097485e-09
1.514355976929140590e+00,6.059813983938511228e-09
1.514395834787910733e+00,6.055616008637798586e-09
1.514435681638047093e+00,6.050787870748308706e-09
1.514475517485629252e+00,6.046288802963317721e-09
1.514515342336731463e+00,6.041875444395827799e-09
1.514555156197422647e+00,6.037345290366147310e-09
1.514594959073768177e+00,6.032849775294835126e-09
1.514634750971826538e+00,6.028581633898966174e-09
1.514674531897652221e+00,6.023946674815761071e-09
1.514714301857294609e+00,6.019627907249969212e-09
1.514754060856798201e+00,6.015209663701170939e-09
1.514793808902201944e+00,6.010835384984147822e-09
1.514833545999540565e+00,6.006276809245036929e-09
1.514873272154842798e+00,6.001852792536510606e-09
1.514912987374133824e+00,5.997338625718384719e-09
1.514952691663432160e+00,5.993113560975871223e-09
1.514992385028752775e+00,5.988844087312372721e-09
1.515032067476105082e+00,5.984236217670968472e-09
1.515071739011493390e+00,5.979874373451821157e-09
1.515111399640917123e+00,5.975675954061898665e-09
1.515151049370371483e+00,5.970992589254819904e-09
1.515190688205845460e+00,5.966924288003383481e-09
1.515230316153324042e+00,5.962407456649998494e-09
1.515269933218786669e+00,5.958046056520061029e-09
1.515309539408209005e+00,5.953677550962765963e-09
1.515349134727560276e+00,5.949611914246588640e-09
1.515388719182805932e+00,5.944984948769160837e-09
1.515428292779905428e+00,5.940605340981619520e-09
1.515467855524814889e+00,5.936398483896709877e-09
1.515507407423484221e+00,5.932263569263795944e-09
1.515546948481858669e+00,5.927829782592652919e-09
1.515586478705878815e+00,5.923340040681068785e-09
1.515625998101480798e+00,5.919315704261407518e-09
1.515665506674594765e+00,5.915067990969191669e-09
1.515705004431146863e+00,5.910623102067802392e-09
1.515744491377058134e+00,5.906349187512205390e-09
1.515783967518245179e+00,5.902173860761195101e-09
1.515823432860618381e+00,5.897932808807127003e-09
1.515862887410085236e+00,5.893657117894690600e-09
1.515902331172546802e+00,5.889378318357785247e-09
1.515941764153899918e+00,5.885127940530310298e-09
1.515981186360036537e+00,5.880874898167576248e-09
1.516020597796843949e+00,5.876493069933985680e-09
1.516059998470204340e+00,5.872314190469296591e-09
1.516099388385995450e+00,5.868217911597639613e-09
1.516138767550089472e+00,5.863924457116809208e-09
1.516178135968354823e+00,5.859751794901058020e-09
1.516217493646654146e+00,5.855588014469503833e-09
1.516256840590845645e+00,5.851070739026908996e-09
1.516296176806783524e+00,5.847108575096626737e-09
1.516335502300315552e+00,5.843041606112819863e-09
1.516374817077286163e+00,5.838541206060199329e-09
1.516414121143534466e+00,5.834637661905617279e-09
1.516453414504894681e+00,5.830440130694114487e-09
1.516492697167196368e+00,5.826150228926962882e-09
1.516531969136264646e+00,5.822431425883678457e-09
1.516571230417919303e+00,5.817874182412197115e-09
1.516610481017975909e+00,5.813892478556681453e-09
1.516649720942244706e+00,5.809711378645943114e-09
1.516688950196531716e+00,5.805730562968847153e-09
1.516728168786638076e+00,5.801426006257770496e-09
1.516767376718360261e+00,5.797428315190700232e-09
1.516806573997490082e+00,5.793297397360674950e-09
1.516845760629813800e+00,5.789243306963953728e-09
1.516884936621114344e+00,5.785149248538346001e-09
1.516924101977168871e+00,5.780869116733811097e-09
1.516963256703750096e+00,5.776652045597074903e-09
1.517002400806626516e+00,5.772906153111989624e-09
1.517041534291561522e+00,5.768836963682133501e-09
1.517080657164313173e+00,5.764656751949814861e-09
1.517119769430636422e+00,5.760282029143581894e-09
1.517158871096279782e+00,5.756542797996644367e-09
1.517197962166988656e+00,5.752354148569338577e-09
1.517237042648502898e+00,5.748347575718071312e-09
1.517276112546557476e+00,5.744202002944120977e-09
1.517315171866883361e+00,5.740124819908487552e-09
1.517354220615206639e+00,5.736124464306158188e-09
1.517393258797248734e+00,5.732155639037728179e-09
1.517432286418726406e+00,5.728060248344490901e-09
1.517471303485351530e+00,5.724193563594326406e-09
1.517510310002831986e+00,5.720321105684433860e-09
1.517549305976870322e+00,5.716097373209549914e-09
1.517588291413165091e+00,5.712047723704927193e-09
1.517627266317409296e+00,5.708270300885942561e-09
1.517666230695292384e+00,5.704167360676137832e-09
1.517705184552498920e+00,5.700216743065311675e-09
1.517744127894708361e+00,5.696129790067061549e-09
1.517783060727596167e+00,5.692148086211545888e-09
1.517821983056832469e+00,5.688220117150422084e-09
1.517860894888083623e+00,5.684196224819970666e-09
1.517899796227011100e+00,5.680159897991643447e-09
1.517938687079271709e+00,5.676370928853202713e-09
1.517977567450517817e+00,5.672453617933115311e-09
1.518016437346396907e+00,5.668352898169359833e-09
1.518055296772552021e+00,5.664382296544090423e-09
1.518094145734622202e+00,5.660656832162658247e-09
1.518132984238240946e+00,5.656674240128722886e-09
1.518171812289038192e+00,5.652611267947804663e-09
1.518210629892638774e+00,5.648959522375207598e-09
1.518249437054662865e+00,5.644895662015869675e-09
1.518288233780726415e+00,5.641138223211328295e-09
1.518327020076440936e+00,5.637268429836694850e-09
1.518365795947413277e+00,5.633160604645581770e-09
1.518404561399245400e+00,5.629510191340614256e-09
1.518443316437535273e+00,5.625636845252302010e-09
1.518482061067875977e+00,5.621509480135955528e-09
1.518520795295856818e+00,5.617613041408731078e-09
1.518559519127061108e+00,5.613838727214215396e-09
1.518598232567069495e+00,5.609926745364646195e-09
1.518636935621457074e+00,5.606273223435209729e-09
1.518675628295794500e+00,5.602383446046133031e-09
1.518714310595647765e+00,5.598391972228000668e-09
1.518752982526579087e+00,5.594485763538159517e-09
1.518791644094146021e+00,5.590991669635059225e-09
1.518830295303901234e+00,5.587065032841564971e-09
1.518868936161392735e+00,5.583127737907034316e-09
1.518907566672165199e+00,5.579273487654745622e-09
1.518946186841757751e+00,5.575484962605514738e-09
1.518984796675705295e+00,5.571706207518900555e-09
1.519023396179538965e+00,5.567774685744097951e-09
1.519061985358784783e+00,5.564050553630295326e-09
1.519100564218964111e+00,5.560570670581910235e-09
1.519139132765594979e+00,5.556653359661822833e-09
1.519177691004189645e+00,5.552735160563315731e-09
1.519216238940257035e+00,5.548799641985624476e-09
1.519254776579300747e+00,5.545296222209117332e-09
1.519293303926820826e+00,5.541649361617828617e-09
1.519331820988312653e+00,5.537723613002754064e-09
1.519370327769266948e+00,5.533790314871112059e-09
1.519408824275169989e+00,5.530035540601829780e-09
1.519447310511504057e+00,5.526701318814275510e-09
1.519485786483746992e+00,5.522704960014834796e-09
1.519524252197371528e+00,5.518856482922274154e-09
1.519562707657846845e+00,5.515324197347126756e-09
1.519601152870637684e+00,5.511523681889229920e-09
1.519639587841204564e+00,5.507809763827253846e-09
1.519678012575002679e+00,5.504265931932650346e-09
1.519716427077483445e+00,5.500237154620890578e-09
1.519754831354094504e+00,5.496636035218216421e-09
1.519793225410278170e+00,5.493112631427266024e-09
1.519831609251473203e+00,5.489411591952375602e-09
1.519869982883113702e+00,5.485535137239594405e-09
1.519908346310629099e+00,5.481834541853913834e-09
1.519946699539445056e+00,5.478359099697627244e-09
1.519985042574982348e+00,5.474751318956805335e-09
1.520023375422658196e+00,5.470913500005281094e-09
1.520061698087884716e+00,5.467169383877035216e-09
1.520100010576070471e+00,5.463554941798065556e-09
1.520138312892618471e+00,5.459898311244160141e-09
1.520176605042929285e+00,5.456302965001214034e-09
1.520214887032397488e+00,5.452359452817745478e-09
1.520253158866414100e+00,5.448991036161032753e-09
1.520291420550365924e+00,5.445413897575690498e-09
1.520329672089634876e+00,5.441701311781343975e-09
1.520367913489599987e+00,5.438002492752502803e-09
1.520406144755634070e+00,5.434353855804374689e-09
1.520444365893107275e+00,5.430916605320135204e-09
1.520482576907384420e+00,5.427243099376255486e-09
1.520520777803826995e+00,5.423691273875874685e-09
1.520558968587791382e+00,5.420112358933693031e-09
1.520597149264630632e+00,5.416551651649115229e-09
1.520635319839692245e+00,5.412768011581192695e-09
1.520673480318320614e+00,5.409200198869257292e-09
1.520711630705855466e+00,5.405725644891390402e-09
1.520749771007632312e+00,5.401950886607664870e-09
1.520787901228982664e+00,5.398552715973892191e-09
1.520826021375232928e+00,5.394907187650233027e-09
1.520864131451706847e+00,5.391359358952740877e-09
1.520902231463722831e+00,5.387843504678357931e-09
1.520940321416594854e+00,5.384134471597690208e-09
1.520978401315633333e+00,5.380997869508519216e-09
1.521016471166144468e+00,5.377167155984352576e-09
1.521054530973430019e+00,5.373504308181509259e-09
1.521092580742787526e+00,5.369846789449184143e-09
1.521130620479510531e+00,5.366703526021865400e-09
1.521168650188888138e+00,5.363202326691407507e-09
1.521206669876205453e+00,5.359425792050842574e-09
1.521244679546743361e+00,5.355722088040693052e-09
1.521282679205778532e+00,5.352527754354241551e-09
1.521320668858583636e+00,5.349055864911633762e-09
1.521358648510426681e+00,5.345480946772340758e-09
1.521396618166572345e+00,5.341936670788527408e-09
1.521434577832280866e+00,5.338296027446176595e-09
1.521472527512807371e+00,5.335031971753778635e-09
1.521510467213404105e+00,5.331499242089421386e-09
1.521548396939318648e+00,5.327975838298470990e-09
1.521586316695794583e+00,5.324756635616267886e-09
1.521624226488071274e+00,5.321131979485471675e-09
1.521662126321383646e+00,5.317457141273962407e-09
1.521700016200963068e+00,5.314005235845797870e-09
1.521737896132036250e+00,5.310893946841588331e-09
1.521775766119826567e+00,5.307349670857774981e-09
1.521813626169552292e+00,5.303815164836578333e-09
1.521851476286428140e+00,5.300247796213852780e-09
1.521889316475664611e+00,5.297001060000638972e-09
1.521927146742468651e+00,5.293711247134069708e-09
1.521964967092041876e+00,5.289874316360965167e-09
1.522002777529583017e+00,5.286462378961687136e-09
1.522040578060286142e+00,5.283272930256543987e-09
1.522078368689341099e+00,5.279779724531863394e-09
1.522116149421934184e+00,5.276396208842015767e-09
1.522153920263247473e+00,5.273059322519202397e-09
1.522191681218458381e+00,5.269427560961048584e-09
1.522229432292740992e+00,5.266124869507393669e-09
1.522267173491264947e+00,5.262789315452209848e-09
1.522304904819196114e+00,5.259176205640869739e-09
1.522342626281695699e+00,5.255962332029184836e-09
1.522380337883922019e+00,5.252769330610362886e-09
1.522418039631027620e+00,5.249175316635046329e-09
1.522455731528162826e+00,5.245666123698811134e-09
1.522493413580473076e+00,5.242569489638526647e-09
1.522531085793099148e+00,5.239141565027694014e-09
1.522568748171179376e+00,5.235643474321705071e-09
1.522606400719846320e+00,5.232281274913930247e-09
1.522644043444229878e+00,5.229044308663333140e-09
1.522681676349454838e+00,5.225669674757682515e-09
1.522719299440643548e+00,5.222459797948886262e-09
1.522756912722912137e+00,5.219133569767109293e-09
1.522794516201374959e+00,5.215551990289668538e-09
1.522832109881140594e+00,5.212287046418850878e-09
1.522869693767314958e+00,5.208881326268510747e-09
1.522907267864999081e+00,5.205686992582059247e-09
1.522944832179290442e+00,5.202460684472498542e-09
1.522982386715282521e+00,5.199104258224451769e-09
1.523019931478064581e+00,5.195740282459837545e-09
1.523057466472722110e+00,5.192482888105587335e-09
1.523094991704336376e+00,5.189079832490506305e-09
1.523132507177985318e+00,5.185932128171089062e-09
1.523170012898742653e+00,5.182474005493986624e-09
1.523207508871677218e+00,5.179244588759956969e-09
1.523244995101855181e+00,5.175883721619811695e-09
1.523282471594338050e+00,5.172750228155109653e-09
1.523319938354183778e+00,5.169250361092281310e-09
1.523357395386446100e+00,5.166123084876517169e-09
1.523394842696174534e+00,5.162850591489132057e-09
1.523432280288415708e+00,5.159581206726215896e-09
1.523469708168211145e+00,5.156437499209687303e-09
1.523507126340599260e+00,5.153107274225021683e-09
1.523544534810613582e+00,5.149904502843583032e-09
1.523581933583285197e+00,5.146673309752713976e-09
1.523619322663640085e+00,5.143343528857258207e-09
1.523656702056700674e+00,5.140050163277010142e-09
1.523694071767485614e+00,5.136939762451220304e-09
1.523731431801009562e+00,5.133635738729935838e-09
1.523768782162282953e+00,5.130348590398625674e-09
1.523806122856312895e+00,5.127282598493820842e-09
1.523843453888102495e+00,5.123920843175255868e-09
1.523880775262650422e+00,5.120740276254309720e-09
1.523918086984952458e+00,5.117616996841434229e-09
1.523955389059999721e+00,5.114237922043685103e-09
1.523992681492779333e+00,5.111116863076858863e-09
1.524029964288275307e+00,5.107980705076897721e-09
1.524067237451467216e+00,5.104743294737090764e-09
1.524104500987330857e+00,5.101648437033645678e-09
1.524141754900838475e+00,5.098410582604628871e-09
1.524178999196958095e+00,5.095297517243579932e-09
1.524216233880653970e+00,5.092080090918216229e-09
1.524253458956886798e+00,5.088693910693109501e-09
1.524290674430612835e+00,5.085627918788304669e-09
1.524327880306785454e+00,5.082830156766249274e-09
1.524365076590353363e+00,5.079368925464677886e-09
1.524402263286261494e+00,5.076199904863187840e-09
1.524439440399451229e+00,5.072859909915905519e-09
1.524476607934860617e+00,5.069986208638965763e-09
1.524513765897422823e+00,5.066731478819974654e-09
1.524550914292067683e+00,5.063396812943210534e-09
1.524588053123721698e+00,5.060487140440272924e-09
1.524625182397306711e+00,5.057283480880414572e-09
1.524662302117741453e+00,5.054332063991751056e-09
1.524699412289940437e+00,5.051143503465027607e-09
1.524736512918814846e+00,5.047854578776878043e-09
1.524773604009271422e+00,5.044494599815152469e-09
1.524810685566213353e+00,5.041575157349598157e-09
1.524847757594540942e+00,5.038738315477075957e-09
1.524884820099149163e+00,5.035679428999628726e-09
1.524921873084930546e+00,5.032139593907913877e-09
1.524958916556772737e+00,5.029143324009055505e-09
1.524995950519560717e+00,5.026217664294563292e-09
1.525032974978174805e+00,5.023099269862996152e-09
1.525069989937492432e+00,5.019930249261506106e-09
1.525106995402386145e+00,5.017007254082272993e-09
1.525143991377725605e+00,5.014002102399217620e-09
1.525180977868376919e+00,5.010641235259072346e-09
1.525217954879201532e+00,5.007414483060301791e-09
1.525254922415057779e+00,5.004790804008507621e-09
1.525291880480800444e+00,5.001633329726473676e-09
1.525328829081279647e+00,4.998495839458882983e-09
1.525365768221342844e+00,4.995352131942354390e-09
1.525402697905833493e+00,4.992448232599144831e-09
1.525439618139590836e+00,4.989369362107254346e-09
1.525476528927450781e+00,4.986341561874496620e-09
1.525513430274245685e+00,4.983173873540636123e-09
1.525550322184803687e+00,4.980184264979925501e-09
1.525587204663949814e+00,4.977244838499927937e-09
1.525624077716504878e+00,4.974257006296056716e-09
1.525660941347286581e+00,4.971261624575618043e-09
1.525697795561108183e+00,4.967991351634282182e-09
1.525734640362779837e+00,4.965095445896849924e-09
1.525771475757107920e+00,4.961981048268171435e-09
1.525808301748895035e+00,4.958972787960647111e-09
1.525845118342939788e+00,4.955919230553718080e-09
1.525881925544037676e+00,4.952961596416116663e-09
1.525918723356980200e+00,4.949982645996442443e-09
1.525955511786555530e+00,4.947110276987132238e-09
1.525992290837547838e+00,4.943995435269243899e-09
1.526029060514737523e+00,4.940988507229349125e-09
1.526065820822901653e+00,4.938153885802876175e-09
1.526102571766813520e+00,4.935019060070544583e-09
1.526139313351242643e+00,4.932042330096919613e-09
1.526176045580955210e+00,4.929242791718024819e-09
1.526212768460713409e+00,4.926209662414748891e-09
1.526249481995276325e+00,4.923153440472560760e-09
1.526286186189399041e+00,4.920255758378289102e-09
1.526322881047832425e+00,4.917181772867706968e-09
1.526359566575324678e+00,4.914173068470972794e-09
1.526396242776620227e+00,4.911294482212724688e-09
1.526432909656459502e+00,4.908470074838078290e-09
1.526469567219579604e+00,4.905403194754853757e-09
1.526506215470713634e+00,4.902424244335179537e-09
1.526542854414591588e+00,4.899748162756623060e-09
1.526579484055939684e+00,4.896393956954625537e-09
1.526616104399480367e+00,4.893573990472077639e-09
1.526652715449932529e+00,4.890855720418585406e-09
1.526689317212011732e+00,4.887674265319219558e-09
1.526725909690429983e+00,4.884693094453496087e-09
1.526762492889895073e+00,4.882012127893631259e-09
1.526799066815111905e+00,4.879006532121366035e-09
1.526835631470781385e+00,4.876156367572548334e-09
1.526872186861601310e+00,4.873370151869949041e-09
1.526908732992265039e+00,4.870281955504651705e-09
1.526945269867463262e+00,4.867417580101118801e-09
1.526981797491882897e+00,4.864480374067170487e-09
1.527018315870206866e+00,4.861485880525151515e-09
1.527054825007114980e+00,4.858567770327226754e-09
1.527091324907283498e+00,4.855908120049434729e-09
1.527127815575384906e+00,4.853098367618713382e-09
1.527164297016087913e+00,4.850110535414842161e-09
1.527200769234058786e+00,4.847166223953536246e-09
1.527237232233958686e+00,4.844082468480337411e-09
1.527273686020446108e+00,4.841373080211042179e-09
1.527310130598176441e+00,4.838687228669869000e-09
1.527346565971800407e+00,4.835885469844924955e-09
1.527382992145966512e+00,4.832907407603670435e-09
1.527419409125318595e+00,4.829916910864540114e-09
1.527455816914497388e+00,4.827316324451658147e-09
1.527492215518140739e+00,4.824286303772851170e-09
1.527528604940881829e+00,4.821449461900328970e-09
1.527564985187351176e+00,4.818629939506990922e-09
1.527601356262175747e+00,4.815723819717732113e-09
1.527637718169978509e+00,4.813033527284460433e-09
1.527674070915379323e+00,4.810051912329527113e-09
1.527710414502994274e+00,4.807254150307471718e-09
1.527746748937436561e+00,4.804128650448546978e-09
1.527783074223315385e+00,4.801607111915018322e-09
1.527819390365236396e+00,4.799036279479196310e-09
1.527855697367802135e+00,4.796073316271076692e-09
1.527891995235611144e+00,4.793171637373916383e-09
1.527928283973259305e+00,4.790460028658571900e-09
1.527964563585338498e+00,4.787542806639066839e-09
1.528000834076436831e+00,4.784588725215144223e-09
1.528037095451139527e+00,4.782143570025709778e-09
1.528073347714028252e+00,4.779182827263639410e-09
1.528109590869680900e+00,4.776290474239885953e-09
1.528145824922672258e+00,4.773414108427687097e-09
1.528182049877573556e+00,4.770869921344456088e-09
1.528218265738952919e+00,4.768123673670743301e-09
1.528254472511374029e+00,4.765126071504255378e-09
1.528290670199398127e+00,4.762520156020855211e-09
1.528326858807582456e+00,4.759596272663202399e-09
1.528363038340481372e+00,4.756951277329335426e-09
1.528399208802645459e+00,4.754233895454262893e-09
1.528435370198621746e+00,4.751227855592787819e-09
1.528471522532953930e+00,4.748496706952209934e-09
1.528507665810182381e+00,4.745829951247060308e-09
1.528543800034844358e+00,4.743119674799345376e-09
1.528579925211472901e+00,4.740384529355878840e-09
1.528616041344598830e+00,4.737601866366958347e-09
1.528652148438748304e+00,4.734689973417971487e-09
1.528688246498444814e+00,4.732193747969404285e-09
1.528724335528208300e+00,4.729470148845393851e-09
1.528760415532555372e+00,4.726617763850526899e-09
1.528796486515998865e+00,4.723798241457188851e-09
1.528832548483049170e+00,4.721335766788570254e-09
1.528868601438212238e+00,4.718359036814945284e-09
1.528904645385991357e+00,4.715550616651853488e-09
1.528940680330885593e+00,4.713092138786123542e-09
1.528976706277392017e+00,4.710235312899158089e-09
1.529012723230002813e+00,4.707470413478631599e-09
1.529048731193208166e+00,4.704877376582317083e-09
1.529084730171493822e+00,4.702218614482944758e-09
1.529120720169342418e+00,4.699448830081109918e-09
1.529156701191234147e+00,4.696654620772733324e-09
1.529192673241644540e+00,4.693917698972427388e-09
1.529228636325046464e+00,4.691514732257928699e-09
1.529264590445909455e+00,4.688640142802569244e-09
1.529300535608699718e+00,4.685930310444064162e-09
1.529336471817879683e+00,4.683196053179017326e-09
1.529372399077908895e+00,4.680551946023570054e-09
1.529408317393243344e+00,4.677880749426321927e-09
1.529444226768336135e+00,4.675252185393219406e-09
1.529480127207636375e+00,4.672483733259014116e-09
1.529516018715590064e+00,4.669981734650718863e-09
1.529551901296640537e+00,4.666901975980408679e-09
1.529587774955226687e+00,4.664411523691569528e-09
1.529623639695785187e+00,4.661824704044192913e-09
1.529659495522748269e+00,4.659143293395118235e-09
1.529695342440545947e+00,4.656710128614349742e-09
1.529731180453604678e+00,4.653811114252448533e-09
1.529767009566346703e+00,4.651095064645005550e-09
1.529802829783192264e+00,4.648472717860840930e-09
1.529838641108557828e+00,4.645720252938190242e-09
1.529874443546855867e+00,4.643158746375775081e-09
1.529910237102496628e+00,4.640529738253462710e-09
1.529946021779886589e+00,4.637840333998610731e-09
1.529981797583429115e+00,4.635162476063214854e-09
1.530017564517523798e+00,4.632715988606150859e-09
1.530053322586567566e+00,4.629959082791401670e-09
1.530089071794953570e+00,4.627532579348780928e-09
1.530124812147072522e+00,4.624763239036155937e-09
1.530160543647310911e+00,4.621930393966522388e-09
1.530196266300052343e+00,4.619445270748201438e-09
1.530231980109677314e+00,4.616911741806006830e-09
1.530267685080563211e+00,4.614307158590236213e-09
1.530303381217083425e+00,4.611388604303101602e-09
1.530339068523608903e+00,4.609294723678658556e-09
1.530374747004506819e+00,4.606495629388973612e-09
1.530410416664141904e+00,4.603771586175753328e-09
1.530446077506874003e+00,4.601246939017755722e-09
1.530481729537062074e+00,4.598662783905638207e-09
1.530517372759059747e+00,4.596017344482561384e-09
1.530553007177218205e+00,4.593389668627878564e-09
1.530588632795885751e+00,4.590476443411262153e-09
1.530624249619407129e+00,4.588298629926157446e-09
1.530659857652123979e+00,4.585788637712084892e-09
1.530695456898374385e+00,4.583027735094447053e-09
1.530731047362493991e+00,4.580427592770774936e-09
1.530766629048813998e+00,4.577890955204111378e-09
1.530802201961663833e+00,4.575596790346025955e-09
1.530837766105368702e+00,4.573016187947587241e-09
1.530873321484250926e+00,4.570165579309559689e-09
1.530908868102629716e+00,4.567623168583168081e-09
1.530944405964820731e+00,4.565051003879716518e-09
1.530979935075137410e+00,4.562704880584078637e-09
1.531015455437888528e+00,4.560040345324978261e-09
1.531050967057381085e+00,4.557485056011501001e-09
1.531086469937917860e+00,4.555039900822066556e-09
1.531121964083799192e+00,4.552459298423627843e-09
1.531157449499321643e+00,4.549871146508621678e-09
1.531192926188779113e+00,4.547412668642891731e-09
1.531228394156462169e+00,4.544805420891862013e-09
1.531263853406658271e+00,4.542248355221545353e-09
1.531299303943651324e+00,4.539614906207134482e-09
1.531334745771722128e+00,4.537231923507079046e-09
1.531370178895149259e+00,4.534768116570830898e-09
1.531405603318207076e+00,4.532407338331267965e-09
1.531441019045167051e+00,4.529822739129940601e-09
1.531476426080297992e+00,4.527288322009326293e-09
1.531511824427864932e+00,4.524625119017855468e-09
1.531547214092130016e+00,4.522177299293161923e-09
1.531582595077352282e+00,4.519668639346718919e-09
1.531617967387787882e+00,4.517326956943179539e-09
1.531653331027689413e+00,4.514786322573627331e-09
1.531688686001306143e+00,4.512340723294983036e-09
1.531724032312885342e+00,4.509639772720674955e-09
1.531759369966669615e+00,4.507304751655283326e-09
1.531794698966899793e+00,4.504760120482842467e-09
1.531830019317812708e+00,4.502217265667241008e-09
1.531865331023642751e+00,4.499817407577211270e-09
1.531900634088620539e+00,4.497373140566196525e-09
1.531935928516974021e+00,4.495049665820260998e-09
1.531971214312928042e+00,4.492474836581550335e-09
1.532006491480703891e+00,4.489971949794835382e-09
1.532041760024520638e+00,4.487419325016617222e-09
1.532077019948593355e+00,4.484931537263037171e-09
1.532112271257134450e+00,4.482468618505208724e-09
1.532147513954353446e+00,4.480077642199375987e-09
1.532182748044456089e+00,4.477536563740613929e-09
1.532217973531645683e+00,4.475250392488305806e-09
1.532253190420122424e+00,4.472789250087316759e-09
1.532288398714082955e+00,4.470275261070355555e-09
1.532323598417721477e+00,4.467781256067837603e-09
1.532358789535228638e+00,4.465393388386473816e-09
1.532393972070792199e+00,4.463010849775628230e-09
1.532429146028596811e+00,4.460661173766311549e-09
1.532464311412824021e+00,4.458103219917575188e-09
1.532499468227652484e+00,4.455770419298232810e-09
1.532534616477257750e+00,4.453410973326299427e-09
1.532569756165812036e+00,4.450941837319533079e-09
1.532604887297485119e+00,4.448621915287276352e-09
1.532640009876443443e+00,4.445882328951711315e-09
1.532675123906849901e+00,4.443424739264401069e-09
1.532710229392864942e+00,4.441132794852364896e-09
1.532745326338645686e+00,4.438821310515095320e-09
1.532780414748346587e+00,4.436460976364742237e-09
1.532815494626118769e+00,4.433824862815072265e-09
1.532850565976110468e+00,4.431450761899213830e-09
1.532885628802466371e+00,4.429256073024134821e-09
1.532920683109329385e+00,4.426848221328327782e-09
1.532955728900837977e+00,4.424314692386133174e-09
1.532990766181128173e+00,4.421982335856000645e-09
1.533025794954333554e+00,4.419585586390439857e-09
1.533060815224583484e+00,4.417229693132185275e-09
1.533095826996005773e+00,4.414797860619046332e-09
1.533130830272724010e+00,4.412377574425363491e-09
1.533165825058859122e+00,4.410128262577472924e-09
1.533200811358529592e+00,4.407660902927545976e-09
1.533235789175850128e+00,4.405158460230040873e-09
1.533270758514932774e+00,4.402883391207979003e-09
1.533305719379886911e+00,4.400496855794244766e-09
1.533340671774818365e+00,4.398224451307441996e-09
1.533375615703830075e+00,4.396066621836780541e-09
1.533410551171022540e+00,4.393570396388213339e-09
1.533445478180492927e+00,4.390915187002519815e-09
1.533480396736334850e+00,4.388777341546301614e-09
1.533515306842639925e+00,4.386345509033162671e-09
1.533550208503496215e+00,4.384021146108807443e-09
1.533585101722989341e+00,4.381705220879439366e-09
1.533619986505201149e+00,4.379326234982272581e-09
1.533654862854211265e+00,4.377019635626311356e-09
1.533689730774095761e+00,4.374698825415634929e-09
1.533724590268928045e+00,4.372370909777600900e-09
1.533759441342778862e+00,4.370019013322234969e-09
1.533794283999715846e+00,4.367647132852425784e-09
1.533829118243803080e+00,4.365295236397059853e-09
1.533863944079102870e+00,4.363004180163443380e-09
1.533898761509673081e+00,4.360684258131186652e-09
1.533933570539570246e+00,4.358319483088735069e-09
1.533968371172846457e+00,4.355912963660557580e-09
1.534003163413552029e+00,4.353629456943508558e-09
1.534037947265733948e+00,4.351365934240902789e-09
1.534072722733436089e+00,4.348877702398112888e-09
1.534107489820699666e+00,4.346874860061689105e-09
1.534142248531562780e+00,4.344553161672592978e-09
1.534176998870060649e+00,4.342292747594456159e-09
1.534211740840225380e+00,4.339781867201963905e-09
1.534246474446087305e+00,4.337308734392308907e-09
1.534281199691671871e+00,4.335208192429718110e-09
1.534315916581003192e+00,4.333007286305701200e-09
1.534350625118102274e+00,4.330512393124763548e-09
1.534385325306986347e+00,4.328193803360136371e-09
1.534420017151670645e+00,4.326135005783271481e-09
1.534454700656167292e+00,4.323807978323657153e-09
1.534489375824485302e+00,4.321674573759537452e-09
1.534524042660630805e+00,4.319073543257445635e-09
1.534558701168607264e+00,4.316570212381520832e-09
1.534593351352415258e+00,4.314404389305082077e-09
1.534627993216051811e+00,4.312366908010289990e-09
1.534662626763512172e+00,4.310104273486103921e-09
1.534697251998788259e+00,4.307666667813236927e-09
1.534731868925868659e+00,4.305514611502303524e-09
1.534766477548739738e+00,4.303221778911847650e-09
1.534801077871384312e+00,4.301166534048661561e-09
1.534835669897783195e+00,4.298724487483696066e-09
1.534870253631913650e+00,4.296462741137929697e-09
1.534904829077750277e+00,4.294138378213574470e-09
1.534939396239264786e+00,4.291950794765853061e-09
1.534973955120426448e+00,4.289533173107429320e-09
1.535008505725201200e+00,4.287375343636767866e-09
1.535043048057551651e+00,4.285290788885731672e-09
1.535077582121439299e+00,4.282829202395532775e-09
1.535112107920820534e+00,4.280705567794029776e-09
1.535146625459651082e+00,4.278516207989468967e-09
1.535181134741881781e+00,4.276122567148377129e-09
1.535215635771462361e+00,4.274054887787315238e-09
1.535250128552338778e+00,4.272008080619116299e-09
1.535284613088454098e+00,4.269565589964940955e-09
1.535319089383749613e+00,4.267214137598784873e-09
1.535353557442162176e+00,4.264929742703316151e-09
1.535388017267627303e+00,4.262744379701643993e-09
1.535422468864076739e+00,4.260609642869894742e-09
1.535456912235439342e+00,4.258581931537719356e-09
1.535491347385642413e+00,4.256305530248027935e-09
1.535525774318609038e+00,4.254126384495293678e-09
1.535560193038260079e+00,4.251658136666947030e-09
1.535594603548513737e+00,4.249534057976234180e-09
1.535629005853284879e+00,4.247521445677193697e-09
1.535663399956486153e+00,4.245173990113926266e-09
1.535697785862027320e+00,4.243140505622022829e-09
1.535732163573814590e+00,4.240764628349324994e-09
1.535766533095752617e+00,4.238287498736781345e-09
1.535800894431742281e+00,4.236397455059659478e-09
1.535835247585682239e+00,4.234192552132753917e-09
1.535869592561467822e+00,4.231947681176961851e-09
1.535903929362992359e+00,4.229922190290835715e-09
1.535938257994145406e+00,4.227656891231390546e-09
1.535972578458814741e+00,4.225358729570416472e-09
1.536006890760885035e+00,4.223237315414962723e-09
1.536041194904237406e+00,4.221071492338523967e-09
1.536075490892751416e+00,4.218803084654609847e-09
1.536109778730303077e+00,4.216656801503404495e-09
1.536144058420765734e+00,4.214445681327561033e-09
1.536178329968010514e+00,4.212552084936760366e-09
1.536212593375904989e+00,4.210265913684452244e-09
1.536246848648314733e+00,4.208168924435540248e-09
1.536281095789101991e+00,4.205827242032000868e-09
1.536315334802126342e+00,4.203710268768645619e-09
1.536349565691244923e+00,4.201433867478954198e-09
1.536383788460311983e+00,4.199424363804382665e-09
1.536418003113178887e+00,4.197261205263203010e-09
1.536452209653694334e+00,4.195106928506220356e-09
1.536486408085704136e+00,4.192999725205481809e-09
1.536520598413052108e+00,4.190763291944676894e-09
1.536554780639578288e+00,4.188588142994831287e-09
1.536588954769120718e+00,4.186459179322810087e-09
1.536623120805514109e+00,4.184616209101932327e-09
1.536657278752591616e+00,4.182220791904001089e-09
1.536691428614181731e+00,4.179907975299101963e-09
1.536725570394112506e+00,4.177879819877716727e-09
1.536759704096207102e+00,4.175826351371370038e-09
1.536793829724287797e+00,4.173691614539620787e-09
1.536827947282172646e+00,4.171444079048569620e-09
1.536862056773678598e+00,4.169484313365501293e-09
1.536896158202618379e+00,4.167163503154824866e-09
1.536930251572802497e+00,4.165191747063090588e-09
1.536964336888039240e+00,4.163066336104748189e-09
1.536998414152134007e+00,4.161001765368155247e-09
1.537032483368888869e+00,4.158849264968011994e-09
1.537066544542104118e+00,4.156818889100577508e-09
1.537100597675576497e+00,4.154598887140537045e-09
1.537134642773100746e+00,4.152447719008023341e-09
1.537168679838468721e+00,4.150352950205160596e-09
1.537202708875469392e+00,4.148386523183944519e-09
1.537236729887889508e+00,4.146149645833929753e-09
1.537270742879512042e+00,4.143866583206090581e-09
1.537304747854118858e+00,4.142048481980964425e-09
1.537338744815488267e+00,4.139982578976741934e-09
1.537372733767395472e+00,4.137772346979318172e-09
1.537406714713614120e+00,4.135654929626753074e-09
1.537440687657914307e+00,4.133451358967477063e-09
1.537474652604063907e+00,4.131448516631053280e-09
1.537508609555827688e+00,4.129464770130653051e-09
1.537542558516968638e+00,4.127429509281910214e-09
1.537576499491245974e+00,4.125439545532572083e-09
1.537610432482416911e+00,4.123195118665989867e-09
1.537644357494236225e+00,4.121043950533476163e-09
1.537678274530455580e+00,4.118936303143527766e-09
1.537712183594823978e+00,4.117073792997416604e-09
1.537746084691087756e+00,4.115062068876795820e-09
1.537779977822991473e+00,4.112911788922701817e-09
1.537813862994276137e+00,4.110671802948218101e-09
1.537847740208679648e+00,4.108579254591404606e-09
1.537881609469938793e+00,4.106842865780890861e-09
1.537915470781786809e+00,4.104714790287289361e-09
1.537949324147954044e+00,4.102512995984852751e-09
1.537983169572169073e+00,4.100528805395242671e-09
1.538017007058156915e+00,4.098423822540553374e-09
1.538050836609640593e+00,4.096238459538881216e-09
1.538084658230340240e+00,4.094267147536356788e-09
1.538118471923973996e+00,4.092402416944196375e-09
1.538152277694255998e+00,4.090431104941671947e-09
1.538186075544899056e+00,4.088372751454016907e-09
1.538219865479613313e+00,4.086138094550051392e-09
1.538253647502105359e+00,4.083918092590010929e-09
1.538287421616080008e+00,4.082031601626567863e-09
1.538321187825239189e+00,4.080134008432878545e-09
1.538354946133282608e+00,4.077992610262981543e-09
1.538388696543906420e+00,4.075916493206932500e-09
1.538422439060805447e+00,4.073847925667450909e-09
1.538456173687670514e+00,4.072053361170446806e-09
1.538489900428191559e+00,4.069951042851016609e-09
1.538523619286054300e+00,4.067832293230821961e-09
1.538557330264942680e+00,4.065836556321755779e-09
1.538591033368538197e+00,4.063783087815409090e-09
1.538624728600519020e+00,4.061816660794193012e-09
1.538658415964561987e+00,4.059782732213079726e-09
1.538692095464340159e+00,4.057935765189313315e-09
1.538725767103524378e+00,4.055713098694013752e-09
1.538759430885783042e+00,4.053817725946373685e-09
1.538793086814782551e+00,4.051861957066194009e-09
1.538826734894185311e+00,4.049615753842772392e-09
1.538860375127652391e+00,4.047717716559873224e-09
1.538894007518841756e+00,4.045832113774849859e-09
1.538927632071409590e+00,4.043780421625342569e-09
1.538961248789008085e+00,4.041743828508970182e-09
1.538994857675287875e+00,4.039773404684865454e-09
1.539028458733897375e+00,4.037773670972910622e-09
1.539062051968481226e+00,4.035806355773274845e-09
1.539095637382682957e+00,4.033817724291566265e-09
1.539129214980142324e+00,4.031865064035855539e-09
1.539162784764497305e+00,4.029923061921181215e-09
1.539196346739382770e+00,4.027755018398693210e-09
1.539229900908431592e+00,4.025834332566091689e-09
1.539263447275273977e+00,4.023754662796363846e-09
1.539296985843537469e+00,4.021942778820175590e-09
1.539330516616846722e+00,4.019981680869477714e-09
1.539364039598824618e+00,4.018116062098897601e-09
1.539397554793091372e+00,4.016054599986773610e-09
1.539431062203264311e+00,4.014031773635906575e-09
1.539464561832958100e+00,4.012180809809251514e-09
1.539498053685785628e+00,4.010046517066712113e-09
1.539531537765356228e+00,4.007980169973279772e-09
1.539565014075278127e+00,4.006136755663192162e-09
1.539598482619155551e+00,4.004287568193376501e-09
1.539631943400590952e+00,4.002318032547691473e-09
1.539665396423184562e+00,4.000220599209569627e-09
1.539698841690533726e+00,3.998334108246126561e-09
1.539732279206232901e+00,3.996450281817942596e-09
1.539765708973874991e+00,3.994693464903775748e-09
1.539799130997049570e+00,3.992451702572452632e-09
1.539832545279344211e+00,3.990558106181651965e-09
1.539865951824343382e+00,3.988638752616679994e-09
1.539899350635630215e+00,3.986647456599712314e-09
1.539932741716784292e+00,3.984896412845273517e-09
1.539966125071382752e+00,3.982859819728901130e-09
1.539999500703001178e+00,3.980749063714483782e-09
1.540032868615211381e+00,3.979005569476612436e-09
1.540066228811583837e+00,3.976944551453698296e-09
1.540099581295685915e+00,3.975177520487704896e-09
1.540132926071082542e+00,3.973068096740917099e-09
1.540166263141336644e+00,3.971189155294041484e-09
1.540199592510007820e+00,3.969201411990752604e-09
1.540232914180654111e+00,3.967325135079136089e-09
1.540266228156830453e+00,3.965449302256729425e-09
1.540299534442089779e+00,3.963478434343414847e-09
1.540332833039982141e+00,3.961586614309453580e-09
1.540366123954055588e+00,3.959713890111515866e-09
1.540399407187855285e+00,3.957675520638304079e-09
1.540432682744924175e+00,3.955941352273839584e-09
1.540465950628802760e+00,3.954084171198246622e-09
1.540499210843028655e+00,3.952097316073377442e-09
1.540532463391137696e+00,3.950213045555983626e-09
1.540565708276663059e+00,3.948113835861022380e-09
1.540598945503135253e+00,3.946264648391206720e-09
1.540632175074082788e+00,3.944304882708138393e-09
1.540665396993030845e+00,3.942540072188194245e-09
1.540698611263503492e+00,3.940655801670800429e-09
1.540731817889021249e+00,3.938775972045505114e-09
1.540765016873102411e+00,3.936942327698034205e-09
1.540798208219263277e+00,3.935033188184888786e-09
1.540831391931017480e+00,3.933039671721871855e-09
1.540864568011876434e+00,3.931146075331071188e-09
1.540897736465348444e+00,3.929148562065165606e-09
1.540930897294940261e+00,3.927250524782266439e-09
1.540964050504155081e+00,3.925593183851106005e-09
1.540997196096495658e+00,3.923742220024450944e-09
1.541030334075460306e+00,3.921722502298052859e-09
1.541063464444546005e+00,3.919759183901305732e-09
1.541096587207246627e+00,3.918164903637944008e-09
1.541129702367054488e+00,3.916195367992258980e-09
1.541162809927458799e+00,3.914139234950653190e-09
1.541195909891947213e+00,3.912393076177522744e-09
1.541229002264003611e+00,3.910485268932006875e-09
1.541262087047110985e+00,3.908664503171621618e-09
1.541295164244748772e+00,3.907059564767223492e-09
1.541328233860394636e+00,3.904903067564191588e-09
1.541361295897523576e+00,3.902992151694206768e-09
1.541394350359608589e+00,3.901218015300855768e-09
1.541427397250119791e+00,3.899307543520080799e-09
1.541460436572525072e+00,3.897550726605913951e-09
1.541493468330290106e+00,3.895693545530320989e-09
1.541526492526878123e+00,3.893954492184548144e-09
1.541559509165749908e+00,3.891895250518473404e-09
1.541592518250363586e+00,3.889987887362167385e-09
1.541625519784175724e+00,3.888244393124296039e-09
1.541658513770639782e+00,3.886323263202484668e-09
1.541691500213207000e+00,3.884633947848215030e-09
1.541724479115326618e+00,3.882731025584007511e-09
1.541757450480444769e+00,3.880891163987598702e-09
1.541790414312006030e+00,3.878991794437069984e-09
1.541823370613452093e+00,3.877312693134626898e-09
1.541856319388222651e+00,3.875441301204318734e-09
1.541889260639754733e+00,3.873714682356421690e-09
1.541922194371483146e+00,3.871718057268935809e-09
1.541955120586840255e+00,3.869821796342876041e-09
1.541988039289256207e+00,3.867915765454199573e-09
1.542020950482159147e+00,3.866107434191690118e-09
1.542053854168973892e+00,3.864310205159426914e-09
1.542086750353123703e+00,3.862586250846788971e-09
1.542119639038029399e+00,3.860748609696429412e-09
1.542152520227109136e+00,3.858935837541821456e-09
1.542185393923779069e+00,3.857240304938613917e-09
1.542218260131453134e+00,3.855415098286130160e-09
1.542251118853542380e+00,3.853463326208839135e-09
1.542283970093456080e+00,3.851677199406822183e-09
1.542316813854601065e+00,3.849939922417888738e-09
1.542349650140381279e+00,3.848073415468888925e-09
1.542382478954199110e+00,3.846193585843593610e-09
1.542415300299454284e+00,3.844473184244634467e-09
1.542448114179544083e+00,3.842535178932848794e-09
1.542480920597863792e+00,3.840795681497866099e-09
1.542513719557806029e+00,3.839182749487690671e-09
1.542546511062761416e+00,3.837371753689922116e-09
1.542579295116118354e+00,3.835404882579496189e-09
1.542612071721261913e+00,3.833485529014524218e-09
1.542644840881576718e+00,3.831754469274528674e-09
1.542677602600442954e+00,3.830081141131813638e-09
1.542710356881240363e+00,3.828406924810678902e-09
1.542743103727345133e+00,3.826524874739334336e-09
1.542775843142132119e+00,3.824668581842161075e-09
1.542808575128972404e+00,3.822885563664613073e-09
1.542841299691236845e+00,3.821227334555032940e-09
1.542874016832292305e+00,3.819302207830332918e-09
1.542906726555503871e+00,3.817634208758136083e-09
1.542939428864234852e+00,3.815682880770054908e-09
1.542972123761845449e+00,3.813930948837196411e-09
1.543004811251694308e+00,3.812225202182162320e-09
1.543037491337137190e+00,3.810462612108267422e-09
1.543070164021527635e+00,3.808694692963854322e-09
1.543102829308217849e+00,3.807085313667357696e-09
1.543135487200556266e+00,3.805294745973242243e-09
1.543168137701890208e+00,3.803420689507674979e-09
1.543200780815564555e+00,3.801609249620696573e-09
1.543233416544921077e+00,3.799653036651307048e-09
1.543266044893300437e+00,3.798052539139007422e-09
1.543298665864039743e+00,3.796458258875645697e-09
1.543331279460475436e+00,3.794699221515429599e-09
1.543363885685940184e+00,3.792579139627605400e-09
1.543396484543765546e+00,3.791027047839179431e-09
1.543429076037280190e+00,3.789321745273355191e-09
1.543461660169810346e+00,3.787740787686288968e-09
1.543494236944680464e+00,3.785807223266601795e-09
1.543526806365213222e+00,3.783945601298910333e-09
1.543559368434727297e+00,3.782328228396636405e-09
1.543591923156540924e+00,3.780686430587820723e-09
1.543624470533969451e+00,3.778864332559805916e-09
1.543657010570325339e+00,3.777195445309189381e-09
1.543689543268920161e+00,3.775231682823232404e-09
1.543722068633061939e+00,3.773444667842795752e-09
1.543754586666057360e+00,3.771676748698382653e-09
1.543787097371210670e+00,3.769990541968581965e-09
1.543819600751823229e+00,3.768489520439288754e-09
1.543852096811194619e+00,3.766731371257492356e-09
1.543884585552622868e+00,3.764998091071447561e-09
1.543917066979402675e+00,3.763185318916839606e-09
1.543949541094827183e+00,3.761416511594006806e-09
1.543982007902187092e+00,3.759787148283066927e-09
1.544014467404771107e+00,3.757707478513339083e-09
1.544046919605865265e+00,3.756076782934769653e-09
1.544079364508753605e+00,3.754570876424168091e-09
1.544111802116718390e+00,3.753050314969641477e-09
1.544144232433038777e+00,3.751205568391924317e-09
1.544176655460992365e+00,3.749351051851590455e-09
1.544209071203854533e+00,3.747736343484575627e-09
1.544241479664897998e+00,3.745804999510937705e-09
1.544273880847393920e+00,3.744339505118432498e-09
1.544306274754610797e+00,3.742683052365691765e-09
1.544338661389814904e+00,3.740807219543285100e-09
1.544371040756270741e+00,3.739030418614675000e-09
1.544403412857239921e+00,3.737405940285043471e-09
1.544435777695982726e+00,3.735437736906987993e-09
1.544468135275756548e+00,3.733931386307176581e-09
1.544500485599816564e+00,3.732385067678478663e-09
1.544532828671416391e+00,3.730668662882408171e-09
1.544565164493806986e+00,3.729020647824654588e-09
1.544597493070237304e+00,3.727359754179815354e-09
1.544629814403953860e+00,3.725568298307280202e-09
1.544662128498201170e+00,3.723964914215116551e-09
1.544694435356221751e+00,3.721953856228310542e-09
1.544726734981255456e+00,3.720433738862993778e-09
1.544759027376540583e+00,3.718698238230899733e-09
1.544791312545312767e+00,3.717063545849441653e-09
1.544823590490805643e+00,3.715449059527031750e-09
1.544855861216250625e+00,3.713793050863500866e-09
1.544888124724876910e+00,3.712033347369469993e-09
1.544920381019911915e+00,3.710379115062778510e-09
1.544952630104580615e+00,3.708604534580217660e-09
1.544984871982105767e+00,3.707078199965962995e-09
1.545017106655707462e+00,3.705402429332593783e-09
1.545049334128604679e+00,3.703693574053090742e-09
1.545081554404013957e+00,3.701994488736204403e-09
1.545113767485148948e+00,3.700211248514051476e-09
1.545145973375222193e+00,3.698451100930810753e-09
1.545178172077442902e+00,3.696903450034483285e-09
1.545210363595019398e+00,3.695303174566788584e-09
1.545242547931156896e+00,3.693734429432993238e-09
1.545274725089058832e+00,3.691878802669634752e-09
1.545306895071926645e+00,3.690321603855295507e-09
1.545339057882959555e+00,3.688781724520140415e-09
1.545371213525354337e+00,3.686998484297987488e-09
1.545403362002305991e+00,3.685194371882971609e-09
1.545435503317007297e+00,3.683628957418250138e-09
1.545467637472648592e+00,3.681909888086920546e-09
1.545499764472418436e+00,3.680183713328233353e-09
1.545531884319503391e+00,3.678607640722475480e-09
1.545563997017087576e+00,3.677094184695306467e-09
1.545596102568352670e+00,3.675493687183006841e-09
1.545628200976479238e+00,3.673715776031372116e-09
1.545660292244644740e+00,3.672109727403949364e-09
1.545692376376025079e+00,3.670469261862763233e-09
1.545724453373793938e+00,3.668747305951569615e-09
1.545756523241122338e+00,3.667100845206050508e-09
1.545788585981180185e+00,3.665487247062060305e-09
1.545820641597134504e+00,3.663860770330984451e-09
1.545852690092150095e+00,3.662286029992856129e-09
1.545884731469390427e+00,3.660614034117770643e-09
1.545916765732016529e+00,3.658926273075735480e-09
1.545948792883186762e+00,3.657270042367599672e-09
1.545980812926057935e+00,3.655594049689625535e-09
1.546012825863785300e+00,3.654109459461096776e-09
1.546044831699520561e+00,3.652311786339623723e-09
1.546076830436414529e+00,3.650862723247882968e-09
1.546108822077615574e+00,3.649185176257674357e-09
1.546140806626269848e+00,3.647469437595418640e-09
1.546172784085521279e+00,3.645777901795099751e-09
1.546204754458512021e+00,3.644254231716104186e-09
1.546236717748382450e+00,3.642595558517314203e-09
1.546268673958270057e+00,3.641181800517756528e-09
1.546300623091310333e+00,3.639352819106989045e-09
1.546332565150637661e+00,3.637921519583642294e-09
1.546364500139383313e+00,3.636381196159277351e-09
1.546396428060676786e+00,3.634538225938399592e-09
1.546428348917645801e+00,3.632898204486423310e-09
1.546460262713415190e+00,3.631418055149993052e-09
1.546492169451108678e+00,3.629604616861570321e-09
1.546524069133847545e+00,3.628033873326330649e-09
1.546555961764751075e+00,3.626575706405787969e-09
1.546587847346936107e+00,3.624773814436821340e-09
1.546619725883517926e+00,3.623282784914749755e-09
1.546651597377609377e+00,3.621710042978065758e-09
1.546683461832321083e+00,3.620194366504847494e-09
1.546715319250762333e+00,3.618597865795436519e-09
1.546747169636039754e+00,3.616981825160792141e-09
1.546779012991258195e+00,3.615277854862597451e-09
1.546810849319520065e+00,3.613721988315887756e-09
1.546842678623926215e+00,3.612093291138762652e-09
1.546874500907575500e+00,3.610579835111593638e-09
1.546906316173563445e+00,3.609006427041094867e-09
1.546938124424985794e+00,3.607437015773484745e-09
1.546969925664934298e+00,3.605852949561949572e-09
1.547001719896499150e+00,3.604274212420932599e-09
1.547033507122769436e+00,3.602746545539048384e-09
1.547065287346830686e+00,3.601116960183503579e-09
1.547097060571767768e+00,3.599558873190744634e-09
1.547128826800662438e+00,3.597693254420164521e-09
1.547160586036595120e+00,3.596210440548475162e-09
1.547192338282643798e+00,3.594641695414679816e-09
1.547224083541885120e+00,3.593171760130076109e-09
1.547255821817392629e+00,3.591613229048107314e-09
1.547287553112238534e+00,3.590056030233768070e-09
1.547319277429492823e+00,3.588483732386293923e-09
1.547350994772223709e+00,3.586722696624633500e-09
1.547382705143497184e+00,3.585158392382936654e-09
1.547414408546377018e+00,3.583743080071144504e-09
1.547446104983925430e+00,3.582272256608121097e-09
1.547477794459201750e+00,3.580807872438640516e-09
1.547509476975264864e+00,3.579041507606461892e-09
1.547541152535169884e+00,3.577323992587366774e-09
1.547572821141971033e+00,3.575767681951447230e-09
1.547604482798720094e+00,3.574186280275171157e-09
1.547636137508467069e+00,3.572818485508832964e-09
1.547667785274259522e+00,3.571340556618451956e-09
1.547699426099143682e+00,3.569650131041157692e-09
1.547731059986163338e+00,3.567984574459615033e-09
1.547762686938360277e+00,3.566456463488520967e-09
1.547794306958774069e+00,3.564932349320315552e-09
1.547825920050442949e+00,3.563469297418464521e-09
1.547857526216402935e+00,3.561949624142357607e-09
1.547889125459687376e+00,3.560315153805504451e-09
1.547920717783328515e+00,3.558931371827611656e-09
1.547952303190355927e+00,3.557331762493731731e-09
1.547983881683797858e+00,3.555672645205731897e-09
1.548015453266679886e+00,3.554200489475078939e-09
1.548047017942026260e+00,3.552707239506958103e-09
1.548078575712858784e+00,3.551105187682424003e-09
1.548110126582197044e+00,3.549461613516768921e-09
1.548141670553059512e+00,3.547856231023160944e-09
1.548173207628462222e+00,3.546478444249601125e-09
1.548204737811418763e+00,3.545052695841377499e-09
1.548236261104941391e+00,3.543422444352017919e-09
1.548267777512040366e+00,3.541829940445495595e-09
1.548299287035723282e+00,3.540244764010935796e-09
1.548330789678996622e+00,3.538657145085721822e-09
1.548362285444864650e+00,3.537430792732720874e-09
1.548393774336329187e+00,3.535795212172843094e-09
1.548425256356390500e+00,3.534255776926897852e-09
1.548456731508047080e+00,3.532750980639320915e-09
1.548488199794294973e+00,3.531121617328381035e-09
1.548519661218128896e+00,3.529589065465188469e-09
1.548551115782540899e+00,3.528113801110066561e-09
1.548582563490521702e+00,3.526680281140670559e-09
1.548614004345059358e+00,3.525156166972465144e-09
1.548645438349140591e+00,3.523588976150904273e-09
1.548676865505749900e+00,3.522011571277516850e-09
1.548708285817869790e+00,3.520547631197246119e-09
1.548739699288481431e+00,3.518997537810264475e-09
1.548771105920562885e+00,3.517535596131438069e-09
1.548802505717091327e+00,3.515860047542673783e-09
1.548833898681041266e+00,3.514630364520598960e-09
1.548865284815386101e+00,3.513027868606855009e-09
1.548896664123096345e+00,3.511601009975606758e-09
1.548928036607140957e+00,3.510198354206295335e-09
1.548959402270487118e+00,3.508508594762815846e-09
1.548990761116100456e+00,3.506920531748392023e-09
1.549022113146943269e+00,3.505441270590381464e-09
1.549053458365977409e+00,3.503842105345711389e-09
1.549084796776162065e+00,3.502385714782008108e-09
1.549116128380454871e+00,3.500842504777779141e-09
1.549147453181810796e+00,3.499447620569640094e-09
1.549178771183183700e+00,3.497924394579854379e-09
1.549210082387525667e+00,3.496515965650814906e-09
1.549241386797785669e+00,3.495121303487280784e-09
1.549272684416911794e+00,3.493529465714573234e-09
1.549303975247850351e+00,3.492044875486044475e-09
1.549335259293544320e+00,3.490590483323785520e-09
1.549366536556936680e+00,3.488956679120747140e-09
1.549397807040967079e+00,3.487526933909634863e-09
1.549429070748573833e+00,3.486043231859525804e-09
1.549460327682693261e+00,3.484642352447053781e-09
1.549491577846260126e+00,3.483044963559223106e-09
1.549522821242206305e+00,3.481546606565188995e-09
1.549554057873462787e+00,3.480163268676506050e-09
1.549585287742958117e+00,3.478747290230899125e-09
1.549616510853619067e+00,3.477266474760654091e-09
1.549647727208370851e+00,3.475792986762371584e-09
1.549678936810135799e+00,3.474071696984992741e-09
1.549710139661835795e+00,3.472824028349918990e-09
1.549741335766389394e+00,3.471515963582305631e-09
1.549772525126714262e+00,3.469788456555988887e-09
1.549803707745725845e+00,3.468280329599338074e-09
1.549834883626337145e+00,3.466818165875906743e-09
1.549866052771460501e+00,3.465458142670740926e-09
1.549897215184005361e+00,3.463912046086647933e-09
1.549928370866879401e+00,3.462412578869589197e-09
1.549959519822988963e+00,3.461109621127889113e-09
1.549990662055237722e+00,3.459568409525104471e-09
1.550021797566528248e+00,3.458158204239225597e-09
1.550052926359760885e+00,3.456574138027690424e-09
1.550084048437833983e+00,3.455101538207827616e-09
1.550115163803643892e+00,3.453704655598244244e-09
1.550146272460085850e+00,3.452235386447455312e-09
1.550177374410052211e+00,3.450863150789018619e-09
1.550208469656434218e+00,3.449525776133555155e-09
1.550239558202120893e+00,3.447841567805198792e-09
1.550270640049999260e+00,3.446478658020168950e-09
1.550301715202955233e+00,3.445082219499795428e-09
1.550332783663871838e+00,3.443488605370248479e-09
1.550363845435630772e+00,3.442242491047409203e-09
1.550394900521112174e+00,3.440529194875807661e-09
1.550425948923193520e+00,3.439187601372850622e-09
1.550456990644751176e+00,3.437796491922995301e-09
1.550488025688659288e+00,3.436462669981210638e-09
1.550519054057789781e+00,3.434899920051748268e-09
1.550550075755013912e+00,3.433403783503763407e-09
1.550581090783200056e+00,3.431952499965973402e-09
1.550612099145214584e+00,3.430543626947724078e-09
1.550643100843922984e+00,3.429135642107894455e-09
1.550674095882188075e+00,3.427821582135948120e-09
1.550705084262871125e+00,3.426459338484733053e-09
1.550736065988831847e+00,3.424845296251533000e-09
1.550767041062927287e+00,3.423310968031501034e-09
1.550798009488013607e+00,3.421795735647492620e-09
1.550828971266944745e+00,3.420615790616921004e-09
1.550859926402572642e+00,3.419167837748204875e-09
1.550890874897747240e+00,3.417734539823413797e-09
1.550921816755317373e+00,3.416256610933032789e-09
1.550952751978129207e+00,3.414901472709175323e-09
1.550983680569027801e+00,3.413428650844707590e-09
1.551014602530855990e+00,3.412058413587715222e-09
1.551045517866454615e+00,3.410575821760630788e-09
1.551076426578662959e+00,3.409234672346883599e-09
1.551107328670318530e+00,3.407846005387682453e-09
1.551138224144257283e+00,3.406336990252611940e-09
1.551169113003312505e+00,3.404840409615417229e-09
1.551199995250316599e+00,3.403572979010505151e-09
1.551230870888099078e+00,3.402256698592509565e-09
1.551261739919488569e+00,3.400751236171117853e-09
1.551292602347311700e+00,3.399321046870795726e-09
1.551323458174393100e+00,3.397887748946004649e-09
1.551354307403555399e+00,3.396395165111698589e-09
1.551385150037620120e+00,3.395004277706448192e-09
1.551415986079406339e+00,3.393463732237478325e-09
1.551446815531731360e+00,3.392221170628317850e-09
1.551477638397411152e+00,3.390845160211597431e-09
1.551508454679259241e+00,3.389373226525549399e-09
1.551539264380087380e+00,3.388060054732022763e-09
1.551570067502706651e+00,3.386702251972906197e-09
1.551600864049925033e+00,3.385154823121183654e-09
1.551631654024549167e+00,3.383660907019248043e-09
1.551662437429383479e+00,3.382543578567265286e-09
1.551693214267231946e+00,3.381085855735932455e-09
1.551723984540895218e+00,3.379654778257190628e-09
1.551754748253172611e+00,3.378189061820080497e-09
1.551785505406862331e+00,3.376776191998942522e-09
1.551816256004759920e+00,3.375411061767863430e-09
1.551847000049659586e+00,3.374012402801440658e-09
1.551877737544353764e+00,3.372798040857105661e-09
1.551908468491632442e+00,3.371376955385585461e-09
1.551939192894284947e+00,3.369896806049155202e-09
1.551969910755097937e+00,3.368485934629461553e-09
1.552000622076856962e+00,3.367129242093369612e-09
1.552031326862344907e+00,3.365764111862290520e-09
1.552062025114343768e+00,3.364412082262902004e-09
1.552092716835633324e+00,3.362990774746776879e-09
1.552123402028991350e+00,3.361567024739997578e-09
1.552154080697194738e+00,3.360094869009344620e-09
1.552184752843017712e+00,3.358757716398486082e-09
1.552215418469232944e+00,3.357467637243871650e-09
1.552246077578611327e+00,3.356249944630462778e-09
1.552276730173922425e+00,3.354867716964804458e-09
1.552307376257933580e+00,3.353397781680200751e-09
1.552338015833410578e+00,3.351901867176820815e-09
1.552368648903117210e+00,3.350601129881169982e-09
1.552399275469815709e+00,3.349345689684923855e-09
1.552429895536266535e+00,3.347777388640338359e-09
1.552460509105228592e+00,3.346489307887168252e-09
1.552491116179458341e+00,3.345132171261866461e-09
1.552521716761710913e+00,3.343821441958994001e-09
1.552552310854740103e+00,3.342431886821373155e-09
1.552582898461297489e+00,3.341092291719860441e-09
1.552613479584132650e+00,3.339724496953522248e-09
1.552644054225994275e+00,3.338345155867727954e-09
1.552674622389628167e+00,3.337108811507505379e-09
1.552705184077779466e+00,3.335457243736072996e-09
1.552735739293190864e+00,3.334150289191484262e-09
1.552766288038603726e+00,3.333052056575525057e-09
1.552796830316757193e+00,3.331746878387775723e-09
1.552827366130389075e+00,3.330319575667317622e-09
1.552857895482235406e+00,3.328761488674558677e-09
1.552888418375030444e+00,3.327458308888253669e-09
1.552918934811506446e+00,3.325945074905689580e-09
1.552949444794394562e+00,3.324710950991516256e-09
1.552979948326423498e+00,3.323489927709033509e-09
1.553010445410320628e+00,3.322051078669119306e-09
1.553040936048811327e+00,3.320693275910002740e-09
1.553071420244619860e+00,3.319495789355642046e-09
1.553101898000468051e+00,3.318108454664070450e-09
1.553132369319076167e+00,3.316758645510731185e-09
1.553162834203162923e+00,3.315465679776252728e-09
1.553193292655445701e+00,3.314131191700653289e-09
1.553223744678638996e+00,3.312587093518004622e-09
1.553254190275456859e+00,3.311300567077068990e-09
1.553284629448610898e+00,3.309949425656100175e-09
1.553315062200811170e+00,3.308672891222386170e-09
1.553345488534765950e+00,3.307382367978561888e-09
1.553375908453181964e+00,3.306044771278493499e-09
1.553406321958763936e+00,3.304790219260667072e-09
1.553436729054215482e+00,3.303413986799341728e-09
1.553467129742237995e+00,3.302133677607343998e-09
1.553497524025530874e+00,3.300783424364794882e-09
1.553527911906792625e+00,3.299212902874160136e-09
1.553558293388719314e+00,3.297818906844440789e-09
1.553588668474006118e+00,3.296729556012678586e-09
1.553619037165345551e+00,3.295305583961294360e-09
1.553649399465429237e+00,3.294075234805404762e-09
1.553679755376946137e+00,3.292715877734053720e-09
1.553710104902584765e+00,3.291455774601104167e-09
1.553740448045031419e+00,3.290164585223465110e-09
1.553770784806970173e+00,3.288958883018722190e-09
1.553801115191083770e+00,3.287535355056547814e-09
1.553831439200053621e+00,3.286134475644075792e-09
1.553861756836558916e+00,3.284812866155562006e-09
1.553892068103277513e+00,3.283451510682766639e-09
1.553922373002885493e+00,3.282171867624583683e-09
1.553952671538057384e+00,3.280780758174728362e-09
1.553982963711465493e+00,3.279524429800062535e-09
1.554013249525780793e+00,3.278333604583849592e-09
1.554043528983673150e+00,3.277003113311138804e-09
1.554073802087809542e+00,3.275666848878699966e-09
1.554104068840856057e+00,3.274389426266566261e-09
1.554134329245477231e+00,3.272809578902524663e-09
1.554164583304335379e+00,3.271528825621317083e-09
1.554194831020091705e+00,3.270254067544442478e-09
1.554225072395405194e+00,3.269163162400445799e-09
1.554255307432933719e+00,3.267798476258576557e-09
1.554285536135332713e+00,3.266595438589092737e-09
1.554315758505256939e+00,3.265356429693611062e-09
1.554345974545358500e+00,3.263828318722516997e-09
1.554376184258288607e+00,3.262522474400952888e-09
1.554406387646696475e+00,3.261292125245063289e-09
1.554436584713229763e+00,3.260084646683480969e-09
1.554466775460534134e+00,3.258627812030567839e-09
1.554496959891253693e+00,3.257349945329224283e-09
1.554527138008031217e+00,3.256118707994914985e-09
1.554557309813507926e+00,3.254854608059076782e-09
1.554587475310323041e+00,3.253566083216696825e-09
1.554617634501113788e+00,3.252265567965650916e-09
1.554647787388516278e+00,3.250882674166177821e-09
1.554677933975165072e+00,3.249632340995844970e-09
1.554708074263692730e+00,3.248406432732053872e-09
1.554738208256729814e+00,3.247113466997575415e-09
1.554768335956906222e+00,3.245820057173887108e-09
1.554798457366849629e+00,3.244509994004829423e-09
1.554828572489185934e+00,3.243228574589807067e-09
1.554858681326539926e+00,3.242071056064332879e-09
1.554888783881533731e+00,3.240501866841327683e-09
1.554918880156788807e+00,3.239184254155702547e-09
1.554948970154925059e+00,3.238078027933966041e-09
1.554979053878559725e+00,3.236938939110700630e-09
1.555009131330309380e+00,3.235542056501117258e-09
1.555039202512788599e+00,3.234336354296374338e-09
1.555069267428610402e+00,3.233006307112873401e-09
1.555099326080385813e+00,3.231809708736932407e-09
1.555129378470724966e+00,3.230341771853773025e-09
1.555159424602235330e+00,3.229104317270525826e-09
1.555189464477524153e+00,3.227895284396709030e-09
1.555219498099195352e+00,3.226708678027989663e-09
1.555249525469852623e+00,3.225344880064540121e-09
1.555279546592097439e+00,3.224108979793527396e-09
1.555309561468529722e+00,3.222855537998725595e-09
1.555339570101747837e+00,3.221566124977925938e-09
1.555369572494348374e+00,3.220366640022120919e-09
1.555399568648926367e+00,3.218919575331824490e-09
1.555429558568075299e+00,3.217699662272366368e-09
1.555459542254387317e+00,3.216453103860317242e-09
1.555489519710452129e+00,3.215247623700179247e-09
1.555519490938858551e+00,3.213988408745649394e-09
1.555549455942193848e+00,3.212756283232920396e-09
1.555579414723042619e+00,3.211589216789434431e-09
1.555609367283989464e+00,3.210316679158609077e-09
1.555639313627616316e+00,3.208964649559220561e-09
1.555669253756503334e+00,3.207708765273764584e-09
1.555699187673230011e+00,3.206340304373611616e-09
1.555729115380373395e+00,3.205129939232165270e-09
1.555759036880509205e+00,3.203920684313743550e-09
1.555788952176211604e+00,3.202553333636615207e-09
1.555818861270053199e+00,3.201267695374099276e-09
1.555848764164604825e+00,3.200210318965446277e-09
1.555878660862435980e+00,3.198993958619666955e-09
1.555908551366114168e+00,3.197722975301076076e-09
1.555938435678205556e+00,3.196381603842723962e-09
1.555968313801275205e+00,3.195163911229315090e-09
1.555998185737885287e+00,3.193966868764164246e-09
1.556028051490597530e+00,3.192712760835547670e-09
1.556057911061971666e+00,3.191391151347033883e-09
1.556087764454566091e+00,3.190204767022919441e-09
1.556117611670937206e+00,3.189008612736188297e-09
1.556147452713639856e+00,3.187761610234929321e-09
1.556177287585227997e+00,3.186491959183967992e-09
1.556207116288252701e+00,3.185300467833940274e-09
1.556236938825265037e+00,3.183993513289351540e-09
1.556266755198812968e+00,3.182728525175093637e-09
1.556296565411444011e+00,3.181515051409178341e-09
1.556326369465703685e+00,3.180322671880730923e-09
1.556356167364135734e+00,3.179199126179810264e-09
1.556385959109282791e+00,3.177874186022222602e-09
1.556415744703685267e+00,3.176485297018416532e-09
1.556445524149882687e+00,3.175310681058363116e-09
1.556475297450412576e+00,3.174158935692616978e-09
1.556505064607811128e+00,3.172951679175639583e-09
1.556534825624612539e+00,3.171902296372763885e-09
1.556564580503349893e+00,3.170413931385951400e-09
1.556594329246554720e+00,3.169198015129381929e-09
1.556624071856756997e+00,3.167915929580544798e-09
1.556653808336484257e+00,3.166784168229241914e-09
1.556683538688263813e+00,3.165507633795527909e-09
1.556713262914620532e+00,3.164364104080163997e-09
1.556742981018078176e+00,3.163242778825292589e-09
1.556772693001158281e+00,3.162043960003302345e-09
1.556802398866381720e+00,3.160779193933649367e-09
1.556832098616267368e+00,3.159402739427719098e-09
1.556861792253332322e+00,3.158141970160954770e-09
1.556891479780092347e+00,3.157058614533525542e-09
1.556921161199061876e+00,3.155804950694118816e-09
1.556950836512753122e+00,3.154560168638909090e-09
1.556980505723677854e+00,3.153226346697124427e-09
1.557010168834345620e+00,3.152153871255336526e-09
1.557039825847263526e+00,3.150959493325444782e-09
1.557069476764939120e+00,3.149891902864965232e-09
1.557099121589876622e+00,3.148652449880273707e-09
1.557128760324579808e+00,3.147358818011980475e-09
1.557158392971550231e+00,3.146133131792794302e-09
1.557188019533288337e+00,3.144887905648374726e-09
1.557217640012293014e+00,3.143701299279655359e-09
1.557247254411061377e+00,3.142543558709576246e-09
1.557276862732088984e+00,3.141256144090220914e-09
1.557306464977870064e+00,3.140099957832376276e-09
1.557336061150897510e+00,3.138921789158644060e-09
1.557365651253661776e+00,3.137983428658230878e-09
1.557395235288653090e+00,3.136431780959014759e-09
1.557424813258359242e+00,3.135258719311195819e-09
1.557454385165266464e+00,3.133973525137889737e-09
1.557483951011859657e+00,3.132790471482849171e-09
1.557513510800622836e+00,3.131556791657885697e-09
1.557543064534037569e+00,3.130399273132411508e-09
1.557572612214583874e+00,3.129331460627327033e-09
1.557602153844741322e+00,3.128077352698710456e-09
1.557631689426986599e+00,3.126884529081053188e-09
1.557661218963796168e+00,3.125857350738669993e-09
1.557690742457643607e+00,3.124656311470630499e-09
1.557720259911002048e+00,3.123522995807093139e-09
1.557749771326342625e+00,3.122289538026734590e-09
1.557779276706135363e+00,3.120873559581127665e-09
1.557808776052848287e+00,3.119760894065848333e-09
1.557838269368948092e+00,3.118500124799084006e-09
1.557867756656900138e+00,3.117276214936737233e-09
1.557897237919167566e+00,3.116267244251957891e-09
1.557926713158213294e+00,3.115139701748148582e-09
1.557956182376497578e+00,3.113874713633890678e-09
1.557985645576479783e+00,3.112687441131356536e-09
1.558015102760617054e+00,3.111557234092288127e-09
1.558044553931366316e+00,3.110295576647104099e-09
1.558073999091181605e+00,3.109207113993761595e-09
1.558103438242516514e+00,3.107989865469562574e-09
1.558132871387822194e+00,3.106650048323444935e-09
1.558162298529549350e+00,3.105622869981061740e-09
1.558191719670146025e+00,3.104356327554569361e-09
1.558221134812059594e+00,3.103230117318389603e-09
1.558250543957735879e+00,3.102167855928428253e-09
1.558279947109618924e+00,3.101030321417397317e-09
1.558309344270151442e+00,3.099780432336274316e-09
1.558338735441774592e+00,3.098690193326092412e-09
1.558368120626927755e+00,3.097503809001977970e-09
1.558397499828049426e+00,3.096257028545323919e-09
1.558426873047576322e+00,3.094991152252646316e-09
1.558456240287943162e+00,3.093908240714426938e-09
1.558485601551584665e+00,3.092701206242054468e-09
1.558514956840931776e+00,3.091418232514797637e-09
1.558544306158416326e+00,3.090319999898838432e-09
1.558573649506467262e+00,3.089252631482963807e-09
1.558602986887511976e+00,3.087950339875078498e-09
1.558632318303977193e+00,3.086850774991489743e-09
1.558661643758287640e+00,3.085749877840271438e-09
1.558690963252866712e+00,3.084673405595594886e-09
1.558720276790136028e+00,3.083528987701811275e-09
1.558749584372516095e+00,3.082295751966057651e-09
1.558778886002426090e+00,3.081099153590116657e-09
1.558808181682283189e+00,3.079957622276197071e-09
1.558837471414503462e+00,3.078804322598216459e-09
1.558866755201501197e+00,3.077642141136038845e-09
1.558896033045689800e+00,3.076376930977176016e-09
1.558925304949480450e+00,3.075255605722304608e-09
1.558954570915283444e+00,3.074137611136507076e-09
1.558983830945507520e+00,3.073027388111881919e-09
1.559013085042559421e+00,3.071942700216823141e-09
1.559042333208845443e+00,3.070865561838331814e-09
1.559071575446769442e+00,3.069738019334522505e-09
1.559100811758733940e+00,3.068460152633178950e-09
1.559130042147140793e+00,3.067265330614077357e-09
1.559159266614389638e+00,3.066145559671440424e-09
1.559188485162879001e+00,3.065032894156161092e-09
1.559217697795005408e+00,3.063838960315479198e-09
1.559246904513164722e+00,3.062681219745400085e-09
1.559276105319750805e+00,3.061431774753486934e-09
1.559305300217156409e+00,3.060428355183830718e-09
1.559334489207772290e+00,3.059377418068720544e-09
1.559363672293988756e+00,3.058147513002040796e-09
1.559392849478193455e+00,3.056943365109532351e-09
1.559422020762773142e+00,3.055816932828747667e-09
1.559451186150113466e+00,3.054753783260366617e-09
1.559480345642598298e+00,3.053624242355112983e-09
1.559509499242609953e+00,3.052552655091744782e-09
1.559538646952529195e+00,3.051369823481309140e-09
1.559567788774735897e+00,3.050237840085401331e-09
1.559596924711608157e+00,3.049200003601981734e-09
1.559626054765522296e+00,3.047968766267672436e-09
1.559655178938853970e+00,3.046768615178052642e-09
1.559684297233976835e+00,3.045642404941872883e-09
1.559713409653263216e+00,3.044386742701021831e-09
1.559742516199083662e+00,3.043223895105029442e-09
1.559771616873808275e+00,3.042210705572756524e-09
1.559800711679804941e+00,3.041209284404544633e-09
1.559829800619439988e+00,3.040085516659019049e-09
1.559858883695078635e+00,3.038851392744845725e-09
1.559887960909084992e+00,3.037708085074086739e-09
1.559917032263820946e+00,3.036580320525672505e-09
1.559946097761647943e+00,3.035615758761878169e-09
1.559975157404924540e+00,3.034464235440736957e-09
1.560004211196009738e+00,3.033201245727923379e-09
1.560033259137259654e+00,3.032093243149347472e-09
1.560062301231029736e+00,3.031016326815461071e-09
1.560091337479673435e+00,3.029774875429325220e-09
1.560120367885543535e+00,3.028778117197816755e-09
1.560149392450990380e+00,3.027698092239461403e-09
1.560178411178364088e+00,3.026596084865218472e-09
1.560207424070012339e+00,3.025504735632011943e-09
1.560236431128282142e+00,3.024392070116732611e-09
1.560265432355518289e+00,3.023197470142235943e-09
1.560294427754064905e+00,3.021982664108691097e-09
1.560323417326264783e+00,3.020923289298593772e-09
1.560352401074458495e+00,3.019853922481274822e-09
1.560381379000985724e+00,3.018798988563275998e-09
1.560410351108184823e+00,3.017758709589202226e-09
1.560439317398392367e+00,3.016535909949880079e-09
1.560468277873944043e+00,3.015378391424405891e-09
1.560497232537173540e+00,3.014282157209891011e-09
1.560526181390413658e+00,3.013243432548051715e-09
1.560555124435995200e+00,3.011986660084176037e-09
1.560584061676248746e+00,3.010984350737544446e-09
1.560612993113501545e+00,3.010053761798303640e-09
1.560641918750081514e+00,3.008698623574446174e-09
1.560670838588314124e+00,3.007626592221868123e-09
1.560699752630522852e+00,3.006479065703615561e-09
1.560728660879031171e+00,3.005426130187061062e-09
1.560757563336160114e+00,3.004518633886732459e-09
1.560786460004229825e+00,3.003310933280545214e-09
1.560815350885558894e+00,3.002266435458977867e-09
1.560844235982464356e+00,3.001104698086010103e-09
1.560873115297261915e+00,2.999903880862575534e-09
1.560901988832266607e+00,2.998829851108553157e-09
1.560930856589791027e+00,2.997715853325644275e-09
1.560959718572146437e+00,2.996732195725826386e-09
1.560988574781643878e+00,2.995778514147673377e-09
1.561017425220591726e+00,2.994511971721180998e-09
1.561046269891297467e+00,2.993322922861807456e-09
1.561075108796067257e+00,2.992312175820188713e-09
1.561103941937205919e+00,2.991305425581458621e-09
1.561132769317016722e+00,2.990287351067877353e-09
1.561161590937801824e+00,2.988927993996526311e-09
1.561190406801861386e+00,2.987842417923047833e-09
1.561219216911494900e+00,2.986877856159253497e-09
1.561248021269000086e+00,2.985766300866998790e-09
1.561276819876673327e+00,2.984735125721726945e-09
1.561305612736809678e+00,2.983763902619784858e-09
1.561334399851703081e+00,2.982571967180547290e-09
1.561363181223645480e+00,2.981347169139780817e-09
1.561391956854928154e+00,2.980339530722631025e-09
1.561420726747840604e+00,2.979412050407859169e-09
1.561449490904671000e+00,2.978246538276607680e-09
1.561478249327705958e+00,2.977076807297862615e-09
1.561507002019231427e+00,2.975941049143671080e-09
1.561535748981531135e+00,2.974905655150905659e-09
1.561564490216887924e+00,2.973907786696372568e-09
1.561593225727583523e+00,2.972819546087634990e-09
1.561621955515897220e+00,2.971659363026901701e-09
1.561650679584108081e+00,2.970700574422835416e-09
1.561679397934493396e+00,2.969695600540944724e-09
1.561708110569329344e+00,2.968640000489131126e-09
1.561736817490889884e+00,2.967488033078780063e-09
1.561765518701448974e+00,2.966431544848546764e-09
1.561794214203277686e+00,2.965160117440746035e-09
1.561822903998647316e+00,2.964133827276782540e-09
1.561851588089826270e+00,2.963020495627688433e-09
1.561880266479082735e+00,2.962093015312916577e-09
1.561908939168683563e+00,2.961038081394917754e-09
1.561937606160892722e+00,2.959960720971821502e-09
1.561966267457975066e+00,2.958908229544476853e-09
1.561994923062192564e+00,2.957745159903879539e-09
1.562023572975806296e+00,2.956684452826152665e-09
1.562052217201075788e+00,2.955607980581476113e-09
1.562080855740259455e+00,2.954561262313859515e-09
1.562109488595614604e+00,2.953711497610811421e-09
1.562138115769396540e+00,2.952701194658402528e-09
1.562166737263859684e+00,2.951524358252299862e-09
1.562195353081257121e+00,2.950380828536935951e-09
1.562223963223840606e+00,2.949261057594299018e-09
1.562252567693860117e+00,2.948282284975789480e-09
1.562281166493564966e+00,2.947188049162718926e-09
1.562309759625202243e+00,2.946043853313540239e-09
1.562338347091018820e+00,2.945097499207349756e-09
1.562366928893259566e+00,2.943998822502180701e-09
1.562395505034167575e+00,2.942988963638981659e-09
1.562424075515985722e+00,2.941951127155562062e-09
1.562452640340954879e+00,2.940845789112245257e-09
1.562481199511314589e+00,2.939900767273684323e-09
1.562509753029302839e+00,2.938793652873528117e-09
1.562538300897157173e+00,2.937687204607186686e-09
1.562566843117112692e+00,2.936581422474660030e-09
1.562595379691404052e+00,2.935548693017153710e-09
1.562623910622264134e+00,2.934519960362536040e-09
1.562652435911924487e+00,2.933450815589822014e-09
1.562680955562615548e+00,2.932377451969614413e-09
1.562709469576566645e+00,2.931464404554162684e-09
1.562737977956005109e+00,2.930465203832000043e-09
1.562766480703157379e+00,2.929339437685030134e-09
1.562794977820248565e+00,2.928304265736869638e-09
1.562823469309502222e+00,2.927209141745379384e-09
1.562851955173140794e+00,2.926280107118373053e-09
1.562880435413385838e+00,2.925246489482447032e-09
1.562908910032456467e+00,2.924139375082290826e-09
1.562937379032572016e+00,2.922964537077632485e-09
1.562965842415948714e+00,2.921948016876285692e-09
1.562994300184803009e+00,2.920954367269246177e-09
1.563022752341349353e+00,2.919929853462122082e-09
1.563051198887800641e+00,2.918811636831719625e-09
1.563079639826369327e+00,2.917802000013125507e-09
1.563108075159265642e+00,2.916789254570062440e-09
1.563136504888698930e+00,2.915696573069226361e-09
1.563164929016876981e+00,2.914702923462186845e-09
1.563193347546007139e+00,2.913802088500005993e-09
1.563221760478294309e+00,2.912718954917181691e-09
1.563250167815942726e+00,2.911659136017874516e-09
1.563278569561155074e+00,2.910645280351786823e-09
1.563306965716133146e+00,2.909479102086720559e-09
1.563335356283076516e+00,2.908431939729894111e-09
1.563363741264184537e+00,2.907394991424894215e-09
1.563392120661654783e+00,2.906364926502646995e-09
1.563420494477683498e+00,2.905524709717610676e-09
1.563448862714465815e+00,2.904605000964011197e-09
1.563477225374195090e+00,2.903475682103362487e-09
1.563505582459064014e+00,2.902395879189612060e-09
1.563533933971263501e+00,2.901381579434314517e-09
1.563562279912983355e+00,2.900312434661600491e-09
1.563590620286412491e+00,2.899243511933491391e-09
1.563618955093737828e+00,2.898227435821354447e-09
1.563647284337145393e+00,2.897333484241926271e-09
1.563675608018820107e+00,2.896175077538032383e-09
1.563703926140944667e+00,2.895246264955630977e-09
1.563732238705701771e+00,2.894224859772975833e-09
1.563760545715272121e+00,2.893037809315046616e-09
1.563788847171835306e+00,2.892011075061873271e-09
1.563817143077569582e+00,2.891085149059335890e-09
1.563845433434651433e+00,2.890043315773027643e-09
1.563873718245257338e+00,2.889156025531747218e-09
1.563901997511560671e+00,2.888148387114597426e-09
1.563930271235735692e+00,2.887020178476973342e-09
1.563958539419953553e+00,2.885992111956170447e-09
1.563986802066384962e+00,2.884917416068333296e-09
1.564015059177199740e+00,2.884023908578114970e-09
1.564043310754564597e+00,2.882930782988069041e-09
1.564071556800647800e+00,2.882135641257832503e-09
1.564099797317613838e+00,2.881064498083674152e-09
1.564128032307627203e+00,2.879946947587086470e-09
1.564156261772851275e+00,2.879121607790580128e-09
1.564184485715446993e+00,2.878002280937153046e-09
1.564212704137575072e+00,2.876918925309723818e-09
1.564240917041394674e+00,2.875711224703536573e-09
1.564269124429063629e+00,2.874797511154270069e-09
1.564297326302738655e+00,2.873898008459718767e-09
1.564325522664574475e+00,2.872866833314446922e-09
1.564353713516726474e+00,2.871885618205283208e-09
1.564381898861345821e+00,2.870865767334862539e-09
1.564410078700585460e+00,2.869843918062997545e-09
1.564438253036595006e+00,2.868830950575329553e-09
1.564466421871523405e+00,2.867763360114850002e-09
1.564494585207518718e+00,2.866864079464903625e-09
1.564522743046727227e+00,2.865975012866783800e-09
1.564550895391294549e+00,2.864924297796278552e-09
1.564579042243364304e+00,2.863874470904193004e-09
1.564607183605079443e+00,2.863012493747874032e-09
1.564635319478581144e+00,2.861862524738967295e-09
1.564663449866009914e+00,2.860750303312897813e-09
1.564691574769505156e+00,2.859805281474336880e-09
1.564719694191203603e+00,2.858851377851578945e-09
1.564747808133242657e+00,2.857980074821853123e-09
1.564775916597757277e+00,2.856866077038944240e-09
1.564804019586881090e+00,2.855937486501147760e-09
1.564832117102747278e+00,2.854912306560208890e-09
1.564860209147487247e+00,2.853969283123092282e-09
1.564888295723231071e+00,2.852921454632451059e-09
1.564916376832107714e+00,2.851976876883099976e-09
1.564944452476245473e+00,2.850973901402653610e-09
1.564972522657770204e+00,2.849939395588307889e-09
1.565000587378807539e+00,2.849044555830460013e-09
1.565028646641481780e+00,2.848162594659697788e-09
1.565056700447915006e+00,2.846814117773988073e-09
1.565084748800229297e+00,2.845940372253608075e-09
1.565112791700544959e+00,2.845044644317340499e-09
1.565140829150980961e+00,2.844052104933325609e-09
1.565168861153655389e+00,2.843065338709038770e-09
1.565196887710684326e+00,2.842039048545075275e-09
1.565224908824183636e+00,2.841005208864544329e-09
1.565252924496267406e+00,2.840103263679338852e-09
1.565280934729048390e+00,2.838996149279182646e-09
1.565308939524638676e+00,2.837998724913859405e-09
1.565336938885148133e+00,2.837146961809366985e-09
1.565364932812686405e+00,2.836125556626711841e-09
1.565392921309361585e+00,2.835167656201065256e-09
1.565420904377280209e+00,2.834274592800056780e-09
1.565448882018547705e+00,2.833258294643314912e-09
1.565476854235269055e+00,2.832316603473827854e-09
1.565504821029546578e+00,2.831274548142914682e-09
1.565532782403482370e+00,2.830280898535875167e-09
1.565560738359177417e+00,2.829421363870210371e-09
1.565588688898730707e+00,2.828457912329440660e-09
1.565616634024241005e+00,2.827497347368534975e-09
1.565644573737805079e+00,2.826285872004064004e-09
1.565672508041518585e+00,2.825463862876631538e-09
1.565700436937476292e+00,2.824398048772991388e-09
1.565728360427771193e+00,2.823532518902993615e-09
1.565756278514495614e+00,2.822398093016431631e-09
1.565784191199740771e+00,2.821485489690189752e-09
1.565812098485596104e+00,2.820643940637523883e-09
1.565840000374149943e+00,2.819741995452318406e-09
1.565867896867489950e+00,2.818639099899655776e-09
1.565895787967701791e+00,2.817765132334670852e-09
1.565923673676870687e+00,2.816796795812592791e-09
1.565951553997080303e+00,2.815803590294763126e-09
1.565979428930412976e+00,2.814776411952379931e-09
1.566007298478949705e+00,2.813835386916707648e-09
1.566035162644770828e+00,2.812906352289701317e-09
1.566063021429955127e+00,2.811795241086656461e-09
1.566090874836580049e+00,2.810666366315217601e-09
1.566118722866722157e+00,2.809797283731541029e-09
1.566146565522456902e+00,2.808977939139367663e-09
1.566174402805857957e+00,2.808088872541247838e-09
1.566202234718998110e+00,2.807033272489434239e-09
1.566230061263949036e+00,2.806141985445265163e-09
1.566257882442781524e+00,2.805237819814010436e-09
1.566285698257564363e+00,2.804290577529400252e-09
1.566313508710365898e+00,2.803268284168325408e-09
1.566341313803252699e+00,2.802217791142425085e-09
1.566369113538290447e+00,2.801345155845069712e-09
1.566396907917543713e+00,2.800389697910077302e-09
1.566424696943075956e+00,2.799422471611023866e-09
1.566452480616948639e+00,2.798455245311970430e-09
1.566480258941223003e+00,2.797546860833222127e-09
1.566508031917958732e+00,2.796644915648016649e-09
1.566535799549213959e+00,2.795482734185839035e-09
1.566563561837046592e+00,2.794644071713037192e-09
1.566591318783512321e+00,2.793672182477280330e-09
1.566619070390666169e+00,2.792696962572449593e-09
1.566646816660562047e+00,2.791687325753855475e-09
1.566674557595252093e+00,2.790747855030417668e-09
1.566702293196787776e+00,2.789852349138755017e-09
1.566730023467219901e+00,2.789140918224575216e-09
1.566757748408596607e+00,2.788128616870721999e-09
1.566785468022966477e+00,2.787057029607353797e-09
1.566813182312375652e+00,2.786173514124357098e-09
1.566840891278869607e+00,2.785056407716979265e-09
1.566868594924492930e+00,2.784203978478672070e-09
1.566896293251288652e+00,2.783316466192786720e-09
1.566923986261298474e+00,2.782508001786254681e-09
1.566951673956563207e+00,2.781559871323224797e-09
1.566979356339122553e+00,2.780503161048386573e-09
1.567007033411015104e+00,2.779481089731916654e-09
1.567034705174277676e+00,2.778535179714936021e-09
1.567062371630946638e+00,2.777615026872126691e-09
1.567090032783057030e+00,2.776591401243422297e-09
1.567117688632641892e+00,2.775655483233663290e-09
1.567145339181734487e+00,2.774775964553555241e-09
1.567172984432366079e+00,2.773901330854755543e-09
1.567200624386566377e+00,2.772998275446525440e-09
1.567228259046365091e+00,2.772159612973723597e-09
1.567255888413789489e+00,2.771238793997099492e-09
1.567283512490867059e+00,2.770144336139424013e-09
1.567311131279622627e+00,2.769111162592707842e-09
1.567338744782080795e+00,2.768054230273264693e-09
1.567366353000264834e+00,2.767281070958915734e-09
1.567393955936197125e+00,2.766374684881611756e-09
1.567421553591898054e+00,2.765465856313653603e-09
1.567449145969387780e+00,2.764621420681123709e-09
1.567476733070684691e+00,2.763659079363378623e-09
1.567504314897806506e+00,2.762706508008250239e-09
1.567531891452768944e+00,2.761794348771218210e-09
1.567559462737587506e+00,2.760853767824755778e-09
1.567587028754276135e+00,2.759897421711343668e-09
1.567614589504847444e+00,2.758983264072867314e-09
1.567642144991313380e+00,2.758016925952233578e-09
1.567669695215684111e+00,2.757144734744088055e-09
1.567697240179969587e+00,2.756212591492612773e-09
1.567724779886177089e+00,2.755357719763651403e-09
1.567752314336314567e+00,2.754387384840129016e-09
1.567779843532387529e+00,2.753469674487973862e-09
1.567807367476400593e+00,2.752577277220780161e-09
1.567834886170357711e+00,2.751613159546195675e-09
1.567862399616261060e+00,2.750658811834227890e-09
1.567889907816111927e+00,2.749742433749702286e-09
1.567917410771910713e+00,2.748727023771380118e-09
1.567944908485656486e+00,2.747899463528824526e-09
1.567972400959346979e+00,2.746868954517367456e-09
1.567999888194978819e+00,2.745934368775237999e-09
1.568027370194547965e+00,2.744982907643134240e-09
1.568054846960048376e+00,2.744200422455378430e-09
1.568082318493473792e+00,2.743365090651650462e-09
1.568109784796816397e+00,2.742486238105357188e-09
1.568137245872067043e+00,2.741645133141901169e-09
1.568164701721215470e+00,2.740598414874284572e-09
1.568192152346250756e+00,2.739648063965205438e-09
1.568219597749160643e+00,2.738798299262157343e-09
1.568247037931931542e+00,2.737841731104140308e-09
1.568274472896548311e+00,2.736838755623693942e-09
1.568301902644995804e+00,2.735917270513255062e-09
1.568329327179257104e+00,2.735075721460589193e-09
1.568356746501314181e+00,2.734164450401976865e-09
1.568384160613147449e+00,2.733282933320424490e-09
1.568411569516737103e+00,2.732235770963598043e-09
1.568438973214061560e+00,2.731420645218918253e-09
1.568466371707097906e+00,2.730661030625469721e-09
1.568493764997823003e+00,2.729775294696423771e-09
1.568521153088212161e+00,2.728842041221923864e-09
1.568548535980238912e+00,2.727854164774612400e-09
1.568575913675876787e+00,2.726905590222372666e-09
1.568603286177097100e+00,2.725967007677354559e-09
1.568630653485870941e+00,2.725092596023159786e-09
1.568658015604167844e+00,2.724215075744496062e-09
1.568685372533956013e+00,2.723368197621311992e-09
1.568712724277203208e+00,2.722491121431858119e-09
1.568740070835875411e+00,2.721601166655318593e-09
1.568767412211937939e+00,2.720550229540208420e-09
1.568794748407354334e+00,2.719727110189751329e-09
1.568822079424088134e+00,2.718604452667250371e-09
1.568849405264100660e+00,2.717742031421721549e-09
1.568876725929352567e+00,2.716918690026659533e-09
1.568904041421803841e+00,2.716034952499057908e-09
1.568931351743412250e+00,2.715244917794734647e-09
1.568958656896135562e+00,2.714489077959569840e-09
1.568985956881929988e+00,2.713570701473599911e-09
1.569013251702750633e+00,2.712688518258232762e-09
1.569040541360550822e+00,2.711783686493163259e-09
1.569067825857284548e+00,2.710711655140585208e-09
1.569095105194902695e+00,2.709833468728106709e-09
1.569122379375356369e+00,2.708854252020387321e-09
1.569149648400595121e+00,2.707957857950304970e-09
1.569176912272567170e+00,2.707143398339439955e-09
1.569204170993219849e+00,2.706215695980063174e-09
1.569231424564499600e+00,2.705339507969029000e-09
1.569258672988351755e+00,2.704538371034459487e-09
1.569285916266719649e+00,2.703610002541267932e-09
1.569313154401546839e+00,2.702691404010693077e-09
1.569340387394775105e+00,2.701713963659813089e-09
1.569367615248345116e+00,2.701005419325497314e-09
1.569394837964196432e+00,2.700146994882857143e-09
1.569422055544267502e+00,2.699261703043021043e-09
1.569449267990495889e+00,2.698381740273703144e-09
1.569476475304818264e+00,2.697452927691301738e-09
1.569503677489169302e+00,2.696459722173472073e-09
1.569530874545483456e+00,2.695566880817068522e-09
1.569558066475693625e+00,2.694562351024387681e-09
1.569585253281732262e+00,2.693775424944533370e-09
1.569612434965529602e+00,2.692937428605546302e-09
1.569639611529015877e+00,2.692252198954747655e-09
1.569666782974119768e+00,2.691272538157818417e-09
1.569693949302768399e+00,2.690316414089011232e-09
1.569721110516888896e+00,2.689502842656565917e-09
1.569748266618406607e+00,2.688644862303135596e-09
1.569775417609245549e+00,2.687703171133648539e-09
1.569802563491329073e+00,2.686836975129835992e-09
1.569829704266579640e+00,2.685775823962899267e-09
1.569856839936918158e+00,2.685001110336315833e-09
1.569883970504264425e+00,2.684201749758585720e-09
1.569911095970537795e+00,2.683270050596320289e-09
1.569938216337655401e+00,2.682463584591232575e-09
1.569965331607535042e+00,2.681508792790054940e-09
1.569992441782091408e+00,2.680679678235264873e-09
1.570019546863239857e+00,2.679897637136718913e-09
1.570046646852893302e+00,2.678849586601472765e-09
1.570073741752964658e+00,2.678015587065374348e-09
1.570100831565364841e+00,2.677061239353406563e-09
1.570127916292004766e+00,2.676237897958344547e-09
1.570154995934792908e+00,2.675396126861073753e-09
1.570182070495637738e+00,2.674680921188610228e-09
1.570209139976446400e+00,2.673660182139769859e-09
1.570236204379124922e+00,2.672692289706901647e-09
1.570263263705578227e+00,2.671765919615154417e-09
1.570290317957709902e+00,2.671100229889589173e-09
1.570317367137423092e+00,2.670140331062498262e-09
1.570344411246618943e+00,2.669355847473298127e-09
1.570371450287198600e+00,2.668438803254957747e-09
1.570398484261061434e+00,2.667511100895580967e-09
1.570425513170105924e+00,2.666737275447417232e-09
1.570452537016229666e+00,2.665910159294071491e-09
1.570479555801329141e+00,2.665029086301728967e-09
1.570506569527299057e+00,2.664254150630540607e-09
1.570533578196034119e+00,2.663295806115684172e-09
1.570560581809427481e+00,2.662412068588082548e-09
1.570587580369370961e+00,2.661545206450455225e-09
1.570614573877756159e+00,2.660682785204926404e-09
1.570641562336472452e+00,2.659845454999754111e-09
1.570668545747409217e+00,2.658854469927973696e-09
1.570695524112454056e+00,2.658023579016344229e-09
1.570722497433494125e+00,2.657141617845582005e-09
1.570749465712414583e+00,2.656366460129788720e-09
1.570776428951100590e+00,2.655627273639993291e-09
1.570803387151435748e+00,2.654825248527004078e-09
1.570830340315302331e+00,2.653879338510023445e-09
1.570857288444582167e+00,2.652982944439941093e-09
1.570884231541155751e+00,2.652024377880479733e-09
1.570911169606902247e+00,2.651201036485417717e-09
1.570938102643700152e+00,2.650317743047025942e-09
1.570965030653426853e+00,2.649409358568277639e-09
1.570991953637958627e+00,2.648595121002017549e-09
1.571018871599170419e+00,2.647796870647312062e-09
1.571045784538936507e+00,2.646987518062360323e-09
1.571072692459130282e+00,2.646234120717849692e-09
1.571099595361623580e+00,2.645296204306646359e-09
1.571126493248287570e+00,2.644410912466810260e-09
1.571153386120991868e+00,2.643493424159260030e-09
1.571180273981605646e+00,2.642717156220442121e-09
1.571207156831996965e+00,2.641816543302866194e-09
1.571234034674032332e+00,2.640954122057337372e-09
1.571260907509578031e+00,2.640140106535682207e-09
1.571287775340497905e+00,2.639372276291851449e-09
1.571314638168656685e+00,2.638413931776995014e-09
1.571341495995916437e+00,2.637607687816512225e-09
1.571368348824138783e+00,2.636821871959682539e-09
1.571395196655184678e+00,2.636049600823753281e-09
1.571422039490913525e+00,2.635008211626654884e-09
1.571448877333183614e+00,2.634128914991151760e-09
1.571475710183852792e+00,2.633325557610532996e-09
1.571502538044777131e+00,2.632384532574860714e-09
1.571529360917812257e+00,2.631589390844624177e-09
1.571556178804812687e+00,2.630700102201899426e-09
1.571582991707631383e+00,2.629969131362486223e-09
1.571609799628120641e+00,2.629121365060882454e-09
1.571636602568132313e+00,2.628322892661572041e-09
1.571663400529516030e+00,2.627575490521394386e-09
1.571690193514121203e+00,2.626550976714270291e-09
1.571716981523796131e+00,2.625687223201111919e-09
1.571743764560387779e+00,2.624970019127204068e-09
1.571770542625742673e+00,2.624158668140808004e-09
1.571797315721705335e+00,2.623343320351523289e-09
1.571824083850120068e+00,2.622503547655696821e-09
1.571850847012830066e+00,2.621659334067771852e-09
1.571877605211676965e+00,2.620787142859626329e-09
1.571904358448502403e+00,2.619896743993876953e-09
1.571931106725145577e+00,2.618919525687601890e-09
1.571957850043445903e+00,2.618080863214800047e-09
1.571984588405241023e+00,2.617378092040212323e-09
1.572011321812368578e+00,2.616630911944639593e-09
1.572038050266663545e+00,2.615798244676170725e-09
1.572064773769960899e+00,2.614982896886886010e-09
1.572091492324094952e+00,2.614234606568288655e-09
1.572118205930898238e+00,2.613346206103983604e-09
1.572144914592202625e+00,2.612384975009263144e-09
1.572171618309838870e+00,2.611561189524991278e-09
1.572198317085636843e+00,2.610764493482520265e-09
1.572225010921424859e+00,2.609992666435800857e-09
1.572251699819031234e+00,2.609127136565803085e-09
1.572278383780282285e+00,2.608200988518660779e-09
1.572305062807004106e+00,2.607232651996582717e-09
1.572331736901020793e+00,2.606409310601520701e-09
1.572358406064156666e+00,2.605688997903143900e-09
1.572385070298234266e+00,2.604817028739603302e-09
1.572411729605075026e+00,2.604127136152101230e-09
1.572438383986499710e+00,2.603389503974540276e-09
1.572465033444327975e+00,2.602681403729434351e-09
1.572491677980378366e+00,2.601816984082461204e-09
1.572518317596468762e+00,2.600900828042540525e-09
1.572544952294415266e+00,2.600033965904913202e-09
1.572571582076034202e+00,2.599218618115628487e-09
1.572598206943139676e+00,2.598394388542146771e-09
1.572624826897545347e+00,2.597468684584214316e-09
1.572651441941063988e+00,2.596777903818292543e-09
1.572678052075507260e+00,2.596000747701054934e-09
1.572704657302685494e+00,2.595143655526044313e-09
1.572731257624408352e+00,2.594354731044745677e-09
1.572757853042484832e+00,2.593505632475512357e-09
1.572784443558721712e+00,2.592550618629729797e-09
1.572811029174926434e+00,2.591706182997199903e-09
1.572837609892903998e+00,2.590956116321763147e-09
1.572864185714459406e+00,2.590208492136980567e-09
1.572890756641396104e+00,2.589376713046931400e-09
1.572917322675516649e+00,2.588471215148047122e-09
1.572943883818622712e+00,2.587731806613646768e-09
1.572970440072514853e+00,2.586935554660385606e-09
1.572996991438992742e+00,2.586123315495569841e-09
1.573023537919855164e+00,2.585261116294645944e-09
1.573050079516899347e+00,2.584415348394486500e-09
1.573076616231922298e+00,2.583701252945047599e-09
1.573103148066719470e+00,2.582885905155762885e-09
1.573129675023085650e+00,2.582006608520259761e-09
1.573156197102814735e+00,2.581255431621798380e-09
1.573182714307698626e+00,2.580456293088673192e-09
1.573209226639529890e+00,2.579630731247561926e-09
1.573235734100098870e+00,2.578772750894131605e-09
1.573262236691195026e+00,2.577889457455739830e-09
1.573288734414607815e+00,2.577094981859318068e-09
1.573315227272124250e+00,2.576419966260345973e-09
1.573341715265531571e+00,2.575593738285419931e-09
1.573368198396615014e+00,2.574773061425617016e-09
1.573394676667160041e+00,2.573900204083656718e-09
1.573421150078949893e+00,2.573038004882732821e-09
1.573447618633767808e+00,2.572215551666090505e-09
1.573474082333395474e+00,2.571533652684365734e-09
1.573500541179613910e+00,2.570827550840704134e-09
1.573526995174203025e+00,2.570035961824146398e-09
1.573553444318941175e+00,2.569115142847522293e-09
1.573579888615606936e+00,2.568290025095620877e-09
1.573606328065977111e+00,2.567411616638537453e-09
1.573632762671827390e+00,2.566540757698021480e-09
1.573659192434933018e+00,2.565813561616892002e-09
1.573685617357067912e+00,2.565106793639415628e-09
1.573712037440005762e+00,2.564347845179781871e-09
1.573738452685517597e+00,2.563505629993301227e-09
1.573764863095375111e+00,2.562719592091866616e-09
1.573791268671348442e+00,2.561943546197653632e-09
1.573817669415206622e+00,2.561103329412617313e-09
1.573844065328717789e+00,2.560308187682380776e-09
1.573870456413649643e+00,2.559568113014165647e-09
1.573896842671767660e+00,2.558828260390555442e-09
1.573923224104837759e+00,2.557927647472979515e-09
1.573949600714624086e+00,2.557198897079615563e-09
1.573975972502889453e+00,2.556270084497214157e-09
1.574002339471397116e+00,2.555524014624666052e-09
1.574028701621907889e+00,2.554843447910570831e-09
1.574055058956182584e+00,2.553981470754251859e-09
1.574081411475980241e+00,2.553156575046955368e-09
1.574107759183060118e+00,2.552337896588596777e-09
1.574134102079179032e+00,2.551540756456915915e-09
1.574160440166093800e+00,2.550853306360068018e-09
1.574186773445560128e+00,2.549978006527453545e-09
1.574213101919332614e+00,2.549227051673597089e-09
1.574239425589165187e+00,2.548413036151941924e-09
1.574265744456810445e+00,2.547487110149404543e-09
1.574292058524020099e+00,2.546773014699965643e-09
1.574318367792544970e+00,2.546063582187230168e-09
1.574344672264135214e+00,2.545294197631164934e-09
1.574370971940539210e+00,2.544440214080623264e-09
1.574397266823505559e+00,2.543773192087428470e-09
1.574423556914781086e+00,2.542883903444703719e-09
1.574449842216111284e+00,2.542066557253974679e-09
1.574476122729242089e+00,2.541288957047527219e-09
1.574502398455917218e+00,2.540506249815166484e-09
1.574528669397879721e+00,2.539672472323672991e-09
1.574554935556871982e+00,2.538929066986383987e-09
1.574581196934635496e+00,2.538302901200495398e-09
1.574607453532910428e+00,2.537585475081982622e-09
1.574633705353435831e+00,2.536820087328806039e-09
1.574659952397950757e+00,2.535927245972402488e-09
1.574686194668192263e+00,2.535118559521265524e-09
1.574712432165897180e+00,2.534178644708617867e-09
1.574738664892801010e+00,2.533357745804210026e-09
1.574764892850638365e+00,2.532538845301246511e-09
1.574791116041142969e+00,2.531789666804229455e-09
1.574817334466047214e+00,2.531151732654279840e-09
1.574843548127083492e+00,2.530389897614782058e-09
1.574869757025982420e+00,2.529684905994145083e-09
1.574895961164473945e+00,2.528871778650909619e-09
1.574922160544286909e+00,2.528057763129254454e-09
1.574948355167149261e+00,2.527232423332748112e-09
1.574974545034788731e+00,2.526517217660284587e-09
1.575000730148931050e+00,2.525748055148824278e-09
1.575026910511301281e+00,2.524856768104655202e-09
1.575053086123623824e+00,2.524058295705344790e-09
1.575079256987622189e+00,2.523259379216824527e-09
1.575105423105018554e+00,2.522581254993383482e-09
1.575131584477534430e+00,2.521840736235958502e-09
1.575157741106890663e+00,2.520937902872333325e-09
1.575183892994806545e+00,2.520178288278884793e-09
1.575210040143000700e+00,2.519444208815002639e-09
1.575236182553190867e+00,2.518816266672274651e-09
1.575262320227093893e+00,2.517976493976448182e-09
1.575288453166425739e+00,2.517126063139585312e-09
1.575314581372901479e+00,2.516338248881311301e-09
1.575340704848234408e+00,2.515620156628983750e-09
1.575366823594138266e+00,2.514835895084388540e-09
1.575392937612325017e+00,2.514034536105214102e-09
1.575419046904505738e+00,2.513290464634110322e-09
1.575445151472390837e+00,2.512540175914068641e-09
1.575471251317689836e+00,2.511662877680009842e-09
1.575497346442110924e+00,2.511081342859711185e-09
1.575523436847361403e+00,2.510421204249269067e-09
1.575549522535148128e+00,2.509614294154971503e-09
1.575575603507176625e+00,2.508761198782849533e-09
1.575601679765151752e+00,2.507970275900106571e-09
1.575627751310777036e+00,2.507110519189836850e-09
1.575653818145755558e+00,2.506306717720008237e-09
1.575679880271789512e+00,2.505534890673288828e-09
1.575705937690579095e+00,2.504767726563272845e-09
1.575731990403825167e+00,2.504096707767189400e-09
1.575758038413226814e+00,2.503348861537801895e-09
1.575784081720482233e+00,2.502600793263809464e-09
1.575810120327288510e+00,2.501721052539096490e-09
1.575836154235342290e+00,2.501038043334347094e-09
1.575862183446339104e+00,2.500304407959674791e-09
1.575888207961973597e+00,2.499479068163168449e-09
1.575914227783939081e+00,2.498718787435905142e-09
1.575940242913928646e+00,2.498041329346278872e-09
1.575966253353633828e+00,2.497331230699728621e-09
1.575992259104745941e+00,2.496572282240094864e-09
1.576018260168954965e+00,2.495737838614786597e-09
1.576044256547949551e+00,2.494894735249886253e-09
1.576070248243418348e+00,2.494155104670880974e-09
1.576096235257048450e+00,2.493411921378196894e-09
1.576122217590526287e+00,2.492631212547280484e-09
1.576148195245537176e+00,2.491978179364195967e-09
1.576174168223765548e+00,2.491177042429626454e-09
1.576200136526895612e+00,2.490464279247817103e-09
1.576226100156609355e+00,2.489748407441538802e-09
1.576252059114588988e+00,2.488919292886748735e-09
1.576278013402515166e+00,2.488092842867217769e-09
1.576303963022068322e+00,2.487331451916929836e-09
1.576329907974926892e+00,2.486589156802665457e-09
1.576355848262769976e+00,2.485862626855350754e-09
1.576381783887274013e+00,2.485114780625963249e-09
1.576407714850115882e+00,2.484378480716031845e-09
1.576433641152970688e+00,2.483687033816295298e-09
1.576459562797513092e+00,2.482920091750884239e-09
1.576485479785416866e+00,2.482258842917417496e-09
1.576511392118354893e+00,2.481515881669338341e-09
1.576537299797998948e+00,2.480672112170623222e-09
1.576563202826019694e+00,2.479739302785333166e-09
1.576589101204087573e+00,2.479056071535978845e-09
1.576614994933871694e+00,2.478246718951027106e-09
1.576640884017040056e+00,2.477532623501588205e-09
1.576666768455260437e+00,2.476880034407713538e-09
1.576692648250198836e+00,2.476096216952328177e-09
1.576718523403521033e+00,2.475444960126083060e-09
1.576744393916891696e+00,2.474685567577239453e-09
1.576770259791974826e+00,2.473894644694496492e-09
1.576796121030433318e+00,2.473088622778618628e-09
1.576821977633928729e+00,2.472386073648635829e-09
1.576847829604122175e+00,2.471575832885264390e-09
1.576873676942674107e+00,2.470932347620191649e-09
1.576899519651244086e+00,2.470167181911619991e-09
1.576925357731490340e+00,2.469477511368722844e-09
1.576951191185069989e+00,2.468692805734917783e-09
1.576977020013640374e+00,2.468032223035265815e-09
1.577002844218856614e+00,2.467204218703500374e-09
1.577028663802374053e+00,2.466515880428232776e-09
1.577054478765846035e+00,2.465695425613034786e-09
1.577080289110926570e+00,2.464950021874301456e-09
1.577106094839267003e+00,2.464246140476689106e-09
1.577131895952519125e+00,2.463434345401083192e-09
1.577157692452333171e+00,2.462670511960141084e-09
1.577183484340358932e+00,2.461910897366692552e-09
1.577209271618244424e+00,2.461379544627106952e-09
1.577235054287638327e+00,2.460545989180218385e-09
1.577260832350186881e+00,2.459745518379463647e-09
1.577286605807536324e+00,2.459054515568936949e-09
1.577312374661332006e+00,2.458290015994180067e-09
1.577338138913217502e+00,2.457612335859948871e-09
1.577363898564836608e+00,2.456923109406261574e-09
1.577389653617832010e+00,2.456154390984011116e-09
1.577415404073844840e+00,2.455307956950036896e-09
1.577441149934516229e+00,2.454625835923707200e-09
1.577466891201485755e+00,2.453886427389306846e-09
1.577492627876392772e+00,2.453075520492120631e-09
1.577518359960874639e+00,2.452380076789495433e-09
1.577544087456569377e+00,2.451658431823489082e-09
1.577569810365112790e+00,2.450977198975579086e-09
1.577595528688140458e+00,2.450189828806514925e-09
1.577621242427287296e+00,2.449520586367270880e-09
1.577646951584186885e+00,2.448738767313329845e-09
1.577672656160471476e+00,2.448019120748767818e-09
1.577698356157773762e+00,2.447270164296355688e-09
1.577724051577724662e+00,2.446416624835023867e-09
1.577749742421953982e+00,2.445752267377088174e-09
1.577775428692091753e+00,2.445006419549144994e-09
1.577801110389766004e+00,2.444376923094182530e-09
1.577826787516604545e+00,2.443709234967172961e-09
1.577852460074234076e+00,2.443056423828693369e-09
1.577878128064280405e+00,2.442202884367361548e-09
1.577903791488368457e+00,2.441521207430241702e-09
1.577929450348122931e+00,2.440747159937473043e-09
1.577955104645166307e+00,2.439953350474866056e-09
1.577980754381121509e+00,2.439234370044118805e-09
1.578006399557610129e+00,2.438536261806234506e-09
1.578032040176252204e+00,2.437901436280753842e-09
1.578057676238668661e+00,2.437107626818146855e-09
1.578083307746477315e+00,2.436383539361486328e-09
1.578108934701297095e+00,2.435637247444333298e-09
1.578134557104744706e+00,2.434937140805004674e-09
1.578160174958436635e+00,2.434201729073492970e-09
1.578185788263988698e+00,2.433561574477494105e-09
1.578211397023015161e+00,2.432823498210723301e-09
1.578237001237130066e+00,2.432089196702236222e-09
1.578262600907946345e+00,2.431381762590945073e-09
1.578288196037075819e+00,2.430535106512365928e-09
1.578313786626129867e+00,2.429790146862842448e-09
1.578339372676718755e+00,2.429142442750276132e-09
1.578364954190452085e+00,2.428510725849264418e-09
1.578390531168938571e+00,2.427826162332280546e-09
1.578416103613785815e+00,2.426967959934245300e-09
1.578441671526600754e+00,2.426317369241814959e-09
1.578467234908989436e+00,2.425637468661534513e-09
1.578492793762557689e+00,2.424721312621613833e-09
1.578518348088908896e+00,2.423970579812362303e-09
1.578543897889647329e+00,2.423328648859524037e-09
1.578569443166375263e+00,2.422675393631834595e-09
1.578594983920694972e+00,2.422013256619948152e-09
1.578620520154206508e+00,2.421277844888436448e-09
1.578646051868511035e+00,2.420583511408835875e-09
1.578671579065207276e+00,2.419881184323458001e-09
1.578697101745893727e+00,2.419177080881240727e-09
1.578722619912167779e+00,2.418393485470460291e-09
1.578748133565626377e+00,2.417705147195192694e-09
1.578773642707865799e+00,2.416942646021880137e-09
1.578799147340480102e+00,2.416315147968361998e-09
1.578824647465064235e+00,2.415483812967522681e-09
1.578850143083211144e+00,2.414804800565661935e-09
1.578875634196513555e+00,2.414083377644260509e-09
1.578901120806563307e+00,2.413366395614957582e-09
1.578926602914950683e+00,2.412805066853707103e-09
1.578952080523265966e+00,2.411991051332051939e-09
1.578977553633098330e+00,2.411297383986266141e-09
1.579003022246035615e+00,2.410627253368602396e-09
1.579028486363665884e+00,2.409924038104804822e-09
1.579053945987575425e+00,2.409113797341433383e-09
1.579079401119349635e+00,2.408390153973982706e-09
1.579104851760574135e+00,2.407691379602283632e-09
1.579130297912832548e+00,2.407112731361849001e-09
1.579155739577708495e+00,2.406390198217422949e-09
1.579181176756783822e+00,2.405617482992283840e-09
1.579206609451640375e+00,2.404902055275215389e-09
1.579232037663859112e+00,2.404227483765453144e-09
1.579257461395019657e+00,2.403479637536065638e-09
1.579282880646701193e+00,2.402845922233609599e-09
1.579308295420481789e+00,2.402051002547977987e-09
1.579333705717938852e+00,2.401400633900152570e-09
1.579359111540649119e+00,2.400603715813076633e-09
1.579384512890188663e+00,2.399887399917588482e-09
1.579409909768131337e+00,2.399160647925668854e-09
1.579435302176052103e+00,2.398503617939695687e-09
1.579460690115523702e+00,2.397841480927809243e-09
1.579486073588119099e+00,2.397329224024247196e-09
1.579511452595409260e+00,2.396546960881096311e-09
1.579536827138964927e+00,2.395798892607103880e-09
1.579562197220356623e+00,2.395119214071428360e-09
1.579587562841152870e+00,2.394361153790214303e-09
1.579612924002922192e+00,2.393664377819959554e-09
1.579638280707232001e+00,2.392980480436790458e-09
1.579663632955648600e+00,2.392301023945719862e-09
1.579688980749738292e+00,2.391635334220154618e-09
1.579714324091065603e+00,2.390865283530274610e-09
1.579739662981194837e+00,2.390075248825951348e-09
1.579764997421689188e+00,2.389253461743123808e-09
1.579790327414111406e+00,2.388617303950013593e-09
1.579815652960022909e+00,2.388011566267778107e-09
1.579840974060984671e+00,2.387443576168379877e-09
1.579866290718556110e+00,2.386761011052840331e-09
1.579891602934297756e+00,2.386093100881225837e-09
1.579916910709766587e+00,2.385422082085142392e-09
1.579942214046520910e+00,2.384703767788209916e-09
1.579967512946117258e+00,2.384012987022288144e-09
1.579992807410111499e+00,2.383188757448806427e-09
1.580018097440058833e+00,2.382474217910157677e-09
1.580043383037513571e+00,2.381735697554177023e-09
1.580068664204029139e+00,2.381000729911875169e-09
1.580093940941158071e+00,2.380411423530404136e-09
1.580119213250452015e+00,2.379672903174423482e-09
1.580144481133462619e+00,2.379096031290828250e-09
1.580169744591739533e+00,2.378438335171040308e-09
1.580195003626832628e+00,2.377796404218202042e-09
1.580220258240289777e+00,2.376904006951008341e-09
1.580245508433659296e+00,2.376171037710150813e-09
1.580270754208487727e+00,2.375472707427661589e-09
1.580295995566322054e+00,2.374940022420446439e-09
1.580321232508706153e+00,2.374242580316376916e-09
1.580346465037186121e+00,2.373610419326155352e-09
1.580371693153304280e+00,2.372932517147319231e-09
1.580396916858604728e+00,2.372281482365679040e-09
1.580422136154628676e+00,2.371570051451499239e-09
1.580447351042917559e+00,2.370769802695349426e-09
1.580472561525011921e+00,2.370013074681764920e-09
1.580497767602451864e+00,2.369368701238272479e-09
1.580522969276775713e+00,2.368624407722563774e-09
1.580548166549521349e+00,2.367900542310508172e-09
1.580573359422226654e+00,2.367260165669904382e-09
1.580598547896427508e+00,2.366629336947312368e-09
1.580623731973659796e+00,2.365973639228968750e-09
1.580648911655458511e+00,2.365463380726851028e-09
1.580674086943357093e+00,2.364558993050991376e-09
1.580699257838889205e+00,2.363805595706480744e-09
1.580724424343587398e+00,2.363214957057380161e-09
1.580749586458982892e+00,2.362554596402333118e-09
1.580774744186606906e+00,2.361848050469461668e-09
1.580799897527989106e+00,2.361201234535315052e-09
1.580825046484658714e+00,2.360628803543818321e-09
1.580850191058144283e+00,2.360030837422755212e-09
1.580875331249973481e+00,2.359330508738821663e-09
1.580900467061673087e+00,2.358553352621584054e-09
1.580925598494769213e+00,2.357848583045552004e-09
1.580950725550786640e+00,2.357102069083794049e-09
1.580975848231250147e+00,2.356381534340812323e-09
1.581000966537683627e+00,2.355708961232494403e-09
1.581026080471609196e+00,2.354926920133948443e-09
1.581051190034549636e+00,2.354267447657321100e-09
1.581076295228025508e+00,2.353634398488679835e-09
1.581101396053558039e+00,2.353020889245271974e-09
1.581126492512666237e+00,2.352365857660743131e-09
1.581151584606869109e+00,2.351621120055824576e-09
1.581176672337684552e+00,2.351012495793725066e-09
1.581201755706630463e+00,2.350349692648023847e-09
1.581226834715222962e+00,2.349791028422032468e-09
1.581251909364977282e+00,2.349123118250417974e-09
1.581276979657409321e+00,2.348360617077105417e-09
1.581302045594032313e+00,2.347654959322653667e-09
1.581327107176359936e+00,2.346999927738124825e-09
1.581352164405904981e+00,2.346425498345183769e-09
1.581377217284178460e+00,2.345720506724546794e-09
1.581402265812692276e+00,2.345068139675277052e-09
1.581427309992956109e+00,2.344309191215643295e-09
1.581452349826479198e+00,2.343587990338846794e-09
1.581477385314770334e+00,2.342949612099687329e-09
1.581502416459337201e+00,2.342297467095022512e-09
1.581527443261687038e+00,2.341530747074216379e-09
1.581552465723325973e+00,2.340942550915769971e-09
1.581577483845759691e+00,2.340211580076356768e-09
1.581602497630492543e+00,2.339595184253084881e-09
1.581627507079028661e+00,2.338925941813840836e-09
1.581652512192870841e+00,2.338329085915802352e-09
1.581677512973522104e+00,2.337656290762879507e-09
1.581702509422483249e+00,2.336948856651588358e-09
1.581727501541255743e+00,2.336260518376320761e-09
1.581752489331338829e+00,2.335612592219149519e-09
1.581777472794231976e+00,2.334993975949828382e-09
1.581802451931434206e+00,2.334351822952385191e-09
1.581827426744442544e+00,2.333631288209403465e-09
1.581852397234753793e+00,2.332912085734051288e-09
1.581877363403864534e+00,2.332237292179684118e-09
1.581902325253270014e+00,2.331577597658451850e-09
1.581927282784464817e+00,2.330879933509777402e-09
1.581952235998941969e+00,2.330264425864925215e-09
1.581977184898195388e+00,2.329654691379801079e-09
1.582002129483716990e+00,2.328952364294423205e-09
1.582027069756998028e+00,2.328296666576079588e-09
1.582052005719529530e+00,2.327658510381525048e-09
1.582076937372801417e+00,2.326984827050182503e-09
1.582101864718302497e+00,2.326263404128781076e-09
1.582126787757521136e+00,2.325625914068041311e-09
1.582151706491945031e+00,2.325000414415967498e-09
1.582176620923061217e+00,2.324431314093544643e-09
1.582201531052355614e+00,2.323817582805531856e-09
1.582226436881313480e+00,2.323084391520069403e-09
1.582251338411419184e+00,2.322369851981420652e-09
1.582276235644156426e+00,2.321769887458913217e-09
1.582301128581008687e+00,2.321163261598258032e-09
1.582326017223457670e+00,2.320339032024776316e-09
1.582350901572985080e+00,2.319673120254606147e-09
1.582375781631071510e+00,2.318995218075770026e-09
1.582400657399196664e+00,2.318433223180704772e-09
1.582425528878840248e+00,2.317772196391842954e-09
1.582450396071480192e+00,2.317062541834502554e-09
1.582475258978593979e+00,2.316458580509106469e-09
1.582500117601658651e+00,2.315857283718969484e-09
1.582524971942150360e+00,2.315280633879979177e-09
1.582549822001544371e+00,2.314547220549911799e-09
1.582574667781315503e+00,2.313740088411009310e-09
1.582599509282937023e+00,2.313134572773378750e-09
1.582624346507882418e+00,2.312512403790378812e-09
1.582649179457623845e+00,2.311911329044846752e-09
1.582674008133632793e+00,2.311262070620045961e-09
1.582698832537380085e+00,2.310630575763639172e-09
1.582723652670335435e+00,2.309976654402134955e-09
1.582748468533968333e+00,2.309267443934004405e-09
1.582773280129747384e+00,2.308652380378362068e-09
1.582798087459140302e+00,2.308110591542344991e-09
1.582822890523613690e+00,2.307429358694434995e-09
1.582847689324634155e+00,2.306713930977366545e-09
1.582872483863666968e+00,2.306067337087824853e-09
1.582897274142176514e+00,2.305431623383924489e-09
1.582922060161627398e+00,2.304683555109932058e-09
1.582946841923482673e+00,2.304077151293881798e-09
1.582971619429204280e+00,2.303554014204678424e-09
1.582996392680254161e+00,2.302894763772656006e-09
1.583021161678093591e+00,2.302214863192375560e-09
1.583045926424182293e+00,2.301585810826622946e-09
1.583070686919979986e+00,2.300833301660532015e-09
1.583095443166945060e+00,2.300216017658840428e-09
1.583120195166535904e+00,2.299468171429452923e-09
1.583144942920209131e+00,2.298870649397599664e-09
1.583169686429421574e+00,2.298357948404827766e-09
1.583194425695628516e+00,2.297781964699652235e-09
1.583219160720285457e+00,2.297128709471962793e-09
1.583243891504846124e+00,2.296484558073075277e-09
1.583268618050764021e+00,2.295809764518708107e-09
1.583293340359491985e+00,2.295264200924407305e-09
1.583318058432481967e+00,2.294522349899352776e-09
1.583342772271184806e+00,2.293784717721791822e-09
1.583367481877051341e+00,2.293158329891298308e-09
1.583392187251531080e+00,2.292418699312293029e-09
1.583416888396073086e+00,2.291831169287661396e-09
1.583441585312125532e+00,2.291262735099053316e-09
1.583466278001135707e+00,2.290624134815288926e-09
1.583490966464550675e+00,2.289933132004762228e-09
1.583515650703816169e+00,2.289241907149630606e-09
1.583540330720377476e+00,2.288695899466119954e-09
1.583565006515679219e+00,2.288078837509033292e-09
1.583589678091164910e+00,2.287459333061292455e-09
1.583614345448277838e+00,2.286836053855267892e-09
1.583639008588460184e+00,2.286226319370143756e-09
1.583663667513153461e+00,2.285627909159870796e-09
1.583688322223798073e+00,2.284892719472964018e-09
1.583712972721834866e+00,2.284321398704491912e-09
1.583737619008702691e+00,2.283641498124211466e-09
1.583762261085840173e+00,2.282964040034585196e-09
1.583786898954685496e+00,2.282362743244448211e-09
1.583811532616675066e+00,2.281700162143351918e-09
1.583836162073245735e+00,2.281231203937750251e-09
1.583860787325833241e+00,2.280583277780579010e-09
1.583885408375872217e+00,2.279818778205822127e-09
1.583910025224796847e+00,2.279095578927581300e-09
1.583934637874040652e+00,2.278518929088590994e-09
1.583959246325036485e+00,2.277910304826491483e-09
1.583983850579216091e+00,2.277271260453517243e-09
1.584008450638010768e+00,2.276555388647238942e-09
1.584033046502851150e+00,2.275842625465429592e-09
1.584057638175166760e+00,2.275319266331621293e-09
1.584082225656386900e+00,2.274697763482436130e-09
1.584106808947939760e+00,2.274049837325264889e-09
1.584131388051252642e+00,2.273512045292136463e-09
1.584155962967753073e+00,2.273032873034708246e-09
1.584180533698866578e+00,2.272402266356721157e-09
1.584205100246018905e+00,2.271712817858428934e-09
1.584229662610634248e+00,2.271037136125642064e-09
1.584254220794137025e+00,2.270390542236100373e-09
1.584278774797950318e+00,2.269703092139252476e-09
1.584303324623496545e+00,2.269104903973584442e-09
1.584327870272197902e+00,2.268442766961697998e-09
1.584352411745474587e+00,2.267781518128231255e-09
1.584376949044747462e+00,2.267260157395867282e-09
1.584401482171435838e+00,2.266615339863164991e-09
1.584426011126958800e+00,2.265994947237004453e-09
1.584450535912734770e+00,2.265471366058591229e-09
1.584475056530180614e+00,2.264843423915863241e-09
1.584499572980712978e+00,2.264122667128276589e-09
1.584524085265748283e+00,2.263465193053093572e-09
1.584548593386701398e+00,2.262906750871707118e-09
1.584573097344987413e+00,2.262151799214962011e-09
1.584597597142019421e+00,2.261629550304178338e-09
1.584622092779210956e+00,2.260974740764254420e-09
1.584646584257974000e+00,2.260391207542511438e-09
1.584671071579720758e+00,2.259818554506409782e-09
1.584695554745861656e+00,2.259231024481778149e-09
1.584720033757807123e+00,2.258604636651284636e-09
1.584744508616966696e+00,2.257901421387487062e-09
1.584768979324749250e+00,2.257271258798709823e-09
1.584793445882562546e+00,2.256587583460145652e-09
1.584817908291813904e+00,2.255980735554885541e-09
1.584842366553910198e+00,2.255398312556167184e-09
1.584866820670257415e+00,2.254843867177669381e-09
1.584891270642260430e+00,2.254230135889656594e-09
1.584915716471323677e+00,2.253705666532823670e-09
1.584940158158851586e+00,2.252927400192561436e-09
1.584964595706246149e+00,2.252273256786452293e-09
1.584989029114910686e+00,2.251692388099968412e-09
1.585013458386246521e+00,2.251209441084256468e-09
1.585037883521654312e+00,2.250535535708308998e-09
1.585062304522534493e+00,2.249860742153941828e-09
1.585086721390286391e+00,2.249121555664146399e-09
1.585111134126308885e+00,2.248553343520143244e-09
1.585135542732000413e+00,2.248003116989139016e-09
1.585159947208757858e+00,2.247402264288211882e-09
1.585184347557977880e+00,2.246802299765704447e-09
1.585208743781056695e+00,2.246141717066052479e-09
1.585233135879389410e+00,2.245531760536323418e-09
1.585257523854370465e+00,2.244999741662923043e-09
1.585281907707393856e+00,2.244395780337526958e-09
1.585306287439852690e+00,2.243802921242377124e-09
1.585330663053139189e+00,2.243222718689708017e-09
1.585355034548645126e+00,2.242537266994304446e-09
1.585379401927761833e+00,2.242012353548261672e-09
1.585403765191879089e+00,2.241374197353707132e-09
1.585428124342386891e+00,2.240630347927208277e-09
1.585452479380673907e+00,2.240025498423392492e-09
1.585476830308128360e+00,2.239376906132406475e-09
1.585501177126137584e+00,2.238694785106076779e-09
1.585525519836088915e+00,2.238155660805318803e-09
1.585549858439367688e+00,2.237588336839735348e-09
1.585574192937359905e+00,2.237015461759028767e-09
1.585598523331449572e+00,2.236350438167278298e-09
1.585622849623021580e+00,2.235810647732705547e-09
1.585647171813458378e+00,2.235179152876298758e-09
1.585671489904142861e+00,2.234635809728047207e-09
1.585695803896457035e+00,2.234026741376737846e-09
1.585720113791782016e+00,2.233271789719992739e-09
1.585744419591498255e+00,2.232707352334273310e-09
1.585768721296985095e+00,2.232145135394603130e-09
1.585793018909622099e+00,2.231612006298178130e-09
1.585817312430787940e+00,2.230856832596828099e-09
1.585841601861859740e+00,2.230322371232773548e-09
1.585865887204214619e+00,2.229720852398031639e-09
1.585890168459229033e+00,2.229198603487247965e-09
1.585914445628278546e+00,2.228487616662278015e-09
1.585938718712738060e+00,2.227986684033567144e-09
1.585962987713981809e+00,2.227321438397211750e-09
1.585987252633383138e+00,2.226697048968162562e-09
1.586011513472314949e+00,2.226113515746419580e-09
1.586035770232149700e+00,2.225449602377693736e-09
1.586060022914258516e+00,2.224965545138957168e-09
1.586084271520012301e+00,2.224342710022142455e-09
1.586108516050780848e+00,2.223715434013229242e-09
1.586132756507933950e+00,2.223216277741357771e-09
1.586156992892839845e+00,2.222551032105002378e-09
1.586181225206866996e+00,2.221932415835681240e-09
1.586205453451382530e+00,2.221244077560413643e-09
1.586229677627752910e+00,2.220574835121169599e-09
1.586253897737344154e+00,2.219958661342502637e-09
1.586278113781521393e+00,2.219379569012858155e-09
1.586302325761649312e+00,2.218806471887546650e-09
1.586326533679091710e+00,2.218256689445752272e-09
1.586350737535212163e+00,2.217762418155189152e-09
1.586374937331372692e+00,2.217158234785188142e-09
1.586399133068935097e+00,2.216505201602103625e-09
1.586423324749260733e+00,2.215931216298372419e-09
1.586447512373709845e+00,2.215275962669238652e-09
1.586471695943642457e+00,2.214804339928377885e-09
1.586495875460417482e+00,2.214223915331103854e-09
1.586520050925393166e+00,2.213664362926692775e-09
1.586544222339927313e+00,2.212902749931799917e-09
1.586568389705377058e+00,2.212356298159079415e-09
1.586592553023098651e+00,2.211700600440735798e-09
1.586616712294447673e+00,2.211146821196052770e-09
1.586640867520779485e+00,2.210532645818830133e-09
1.586665018703447894e+00,2.209876059922066815e-09
1.586689165843806704e+00,2.209305627332014410e-09
1.586713308943208833e+00,2.208730531805258579e-09
1.586737448003006756e+00,2.208216276500252206e-09
1.586761583024551614e+00,2.207592775249622719e-09
1.586785714009194770e+00,2.207082072658295147e-09
1.586809840958286033e+00,2.206458127318455809e-09
1.586833963873175435e+00,2.205901017404698905e-09
1.586858082755211452e+00,2.205316818049141148e-09
1.586882197605742562e+00,2.204564086838445292e-09
1.586906308426115686e+00,2.203912385922990325e-09
1.586930415217678636e+00,2.203347282403456120e-09
1.586954517981776780e+00,2.202710236431926205e-09
1.586978616719755930e+00,2.202164450793020478e-09
1.587002711432960789e+00,2.201626658759892052e-09
1.587026802122735614e+00,2.201093085574257202e-09
1.587050888790423775e+00,2.200535975660500299e-09
1.587074971437368198e+00,2.199868065488885804e-09
1.587099050064910699e+00,2.199322057805375152e-09
1.587123124674393315e+00,2.198790038931974777e-09
1.587147195267156530e+00,2.198127901920088334e-09
1.587171261844540160e+00,2.197663828695795019e-09
1.587195324407884023e+00,2.197027892947289729e-09
1.587219382958526603e+00,2.196378190433279087e-09
1.587243437497806386e+00,2.195799764237449381e-09
1.587267488027060525e+00,2.195144732652920538e-09
